idx,t,px,py,pz,vx,vy,vz,ax,ay,az,yaw,mode,ledr,ledg,ledb
0,0.011649434999981167,-0.26250314712524414,0.5782961249351501,-14.904296875,0.1336418241262436,-0.20028012990951538,-0.17500033974647522,0.0,0.0,0.0,-0.0007443164640858057,70,255,255,255
1,0.045616390999839496,-0.26163041591644287,0.5771207809448242,-14.905014038085938,0.13129660487174988,-0.2052050530910492,-0.17170698940753937,0.0,0.0,0.0,-0.0007043258753966333,70,255,255,255
2,0.0817384659999334,-0.26071426272392273,0.5766915082931519,-14.903823852539062,0.13292136788368225,-0.20073595643043518,-0.21654139459133148,0.0,0.0,0.0,0.0003236377256357209,70,255,255,255
3,0.11083956499987835,-0.2598637044429779,0.5758154392242432,-14.903427124023438,0.132167249917984,-0.22218750417232513,-0.2708367109298706,0.0,0.0,0.0,0.0007408459022531335,70,255,255,255
4,0.1452538009998534,-0.258730411529541,0.57370525598526,-14.90570068359375,0.13032324612140656,-0.24135130643844604,-0.32962682843208313,0.0,0.0,0.0,0.0003822876068609112,70,255,255,255
5,0.18016256099963357,-0.25745683908462524,0.5711701512336731,-14.910964965820312,0.1129903718829155,-0.20294189453125,-0.4039069712162018,0.0,0.0,0.0,0.0006003733873899984,70,255,255,255
6,0.21262395999974615,-0.25997892022132874,0.5686998963356018,-14.916061401367188,0.07043853402137756,-0.18191751837730408,-0.44738563895225525,0.0,0.0,0.0,0.0013352582560723155,70,255,255,255
7,0.24805033299981005,-0.2644682228565216,0.5666016936302185,-14.922607421875,0.016540251672267914,-0.15066224336624146,-0.4825746417045593,0.0,0.0,0.0,0.006046505957497203,70,255,255,255
8,0.28414084799987904,-0.27223777770996094,0.5649920701980591,-14.932754516601562,-0.07444489002227783,-0.10469230264425278,-0.5099932551383972,0.0,0.0,0.0,0.013927654227274286,70,255,255,255
9,0.31706520099987756,-0.28073200583457947,0.565166711807251,-14.9425048828125,-0.16188843548297882,-0.03484535217285156,-0.5210813283920288,0.0,0.0,0.0,0.018247284870625997,70,255,255,255
10,0.34798253099961585,-0.29309746623039246,0.5688318610191345,-14.952774047851562,-0.26893332600593567,0.03216908499598503,-0.5445734262466431,0.0,0.0,0.0,0.02739415298347693,70,255,255,255
11,0.38647651599967503,-0.3082408905029297,0.5737813711166382,-14.963516235351562,-0.3764788806438446,0.06841938197612762,-0.5290231108665466,0.0,0.0,0.0,0.03731299243374697,70,255,255,255
12,0.4169984269997258,-0.3262483775615692,0.5795460343360901,-14.97442626953125,-0.4766014516353607,0.1282801777124405,-0.49346494674682617,0.0,0.0,0.0,0.04141617882069169,70,255,255,255
13,0.44978181099986614,-0.3474249839782715,0.5877238512039185,-14.983978271484375,-0.5837845802307129,0.20271094143390656,-0.4517136514186859,0.0,0.0,0.0,0.04628928923996753,70,255,255,255
14,0.48686425099958797,-0.378152996301651,0.6032739877700806,-14.991500854492188,-0.6898385882377625,0.29278331995010376,-0.35364142060279846,0.0,0.0,0.0,0.04561729879553488,70,255,255,255
15,0.519126961999973,-0.4053727686405182,0.6169160604476929,-14.995803833007812,-0.7761340141296387,0.3259583115577698,-0.2876245975494385,0.0,0.0,0.0,0.043786962273783064,70,255,255,255
16,0.5519052279996686,-0.4349413514137268,0.6308315396308899,-14.99908447265625,-0.8586458563804626,0.353380024433136,-0.2433464080095291,0.0,0.0,0.0,0.03968566090554741,70,255,255,255
17,0.5903544959996907,-0.46833497285842896,0.646181046962738,-15.0009765625,-0.9373461604118347,0.38508227467536926,-0.1931173950433731,0.0,0.0,0.0,0.03755619729792005,70,255,255,255
18,0.6265217369996208,-0.5054401159286499,0.6631780862808228,-15.00189208984375,-1.0124056339263916,0.4295752942562103,-0.14796562492847443,0.0,0.0,0.0,0.03755493229640226,70,255,255,255
19,0.6586980869997205,-0.544197142124176,0.6802060604095459,-15.00177001953125,-1.0733765363693237,0.43756699562072754,-0.09442488104104996,0.0,0.0,0.0,0.04293493797847185,70,255,255,255
20,0.6913473989998238,-0.5950466990470886,0.7012253999710083,-15.000396728515625,-1.173518180847168,0.4379083216190338,-0.07104504108428955,0.0,0.0,0.0,0.047738444185944945,70,255,255,255
21,0.7246080709996932,-0.6397252082824707,0.717842698097229,-14.997344970703125,-1.230114221572876,0.4131782352924347,-0.06111990660429001,0.0,0.0,0.0,0.059930607876977064,70,255,255,255
22,0.757085540999924,-0.6862862706184387,0.7332965135574341,-14.993820190429688,-1.2828513383865356,0.39082780480384827,-0.030787304043769836,0.0,0.0,0.0,0.07887590726931283,70,255,255,255
23,0.7953540059997977,-0.733514130115509,0.7460380792617798,-14.990081787109375,-1.319081425666809,0.2860579490661621,-0.02508668601512909,0.0,0.0,0.0,0.09073298287737493,70,255,255,255
24,0.8314764679998916,-0.7939546704292297,0.7583135962486267,-14.984527587890625,-1.347338318824768,0.2017454355955124,-0.006127467844635248,0.0,0.0,0.0,0.12036533550354932,70,255,255,255
25,0.8608288739997079,-0.8318982124328613,0.7634969353675842,-14.9788818359375,-1.3652935028076172,0.1363590657711029,-0.0033862353302538395,0.0,0.0,0.0,0.15954969794578133,70,255,255,255
26,0.8964121750000231,-0.8945909738540649,0.7672858834266663,-14.970138549804688,-1.3602596521377563,-0.01336315181106329,0.012993410229682922,0.0,0.0,0.0,0.1829310538941865,70,255,255,255
27,0.9294171409997034,-0.9435060024261475,0.7654025554656982,-14.963653564453125,-1.3370835781097412,-0.14144855737686157,0.006603355519473553,0.0,0.0,0.0,0.23566831802523744,70,255,255,255
28,0.9615449369998714,-0.9917780756950378,0.7598530650138855,-14.95684814453125,-1.287856936454773,-0.25951188802719116,0.014108453877270222,0.0,0.0,0.0,0.29765305950169546,70,255,255,255
29,0.9974038179998388,-1.0401424169540405,0.75040203332901,-14.948013305664062,-1.2395482063293457,-0.39659714698791504,0.0030852584168314934,0.0,0.0,0.0,0.3324722262788002,70,255,255,255
30,1.0307841709995955,-1.0857480764389038,0.7354303002357483,-14.940628051757812,-1.1646000146865845,-0.5630833506584167,-0.008361339569091797,0.0,0.0,0.0,0.4110643737339651,70,255,255,255
31,1.0626469249996262,-1.1280312538146973,0.7154167890548706,-14.93402099609375,-1.0688605308532715,-0.7154364585876465,-0.004517131485044956,0.0,0.0,0.0,0.49603309423467484,70,255,255,255
32,1.0999244449999424,-1.178695797920227,0.6860564947128296,-14.926193237304688,-0.908161997795105,-0.9263113737106323,-0.032290685921907425,0.0,0.0,0.0,0.5394018736382882,70,255,255,255
33,1.1346516119997432,-1.2153462171554565,0.658292293548584,-14.921340942382812,-0.7795906066894531,-1.0479191541671753,-0.05850151926279068,0.0,0.0,0.0,0.6267886112507354,70,255,255,255
34,1.165484935999757,-1.24652898311615,0.6261587142944336,-14.917755126953125,-0.6265407800674438,-1.1665641069412231,-0.0699346587061882,0.0,0.0,0.0,0.713850609657761,70,255,255,255
35,1.2018601529998705,-1.2715802192687988,0.5896193385124207,-14.915206909179688,-0.4505482017993927,-1.315987467765808,-0.09740615636110306,0.0,0.0,0.0,0.799437816032128,70,255,255,255
36,1.2344101819999196,-1.2913380861282349,0.5498461723327637,-14.91363525390625,-0.2532082200050354,-1.465894103050232,-0.1266409307718277,0.0,0.0,0.0,0.8425635819862717,70,255,255,255
37,1.266759355999966,-1.3038411140441895,0.5054570436477661,-14.913558959960938,-0.027180055156350136,-1.6161372661590576,-0.16163890063762665,0.0,0.0,0.0,0.9264847147826851,70,255,255,255
38,1.3036983419997341,-1.308394432067871,0.4432515799999237,-14.915008544921875,0.2562059462070465,-1.7791401147842407,-0.18751411139965057,0.0,0.0,0.0,0.9674395383952235,70,255,255,255
39,1.33606820399973,-1.3029563426971436,0.38844096660614014,-14.918045043945312,0.4967714548110962,-1.8900399208068848,-0.2325291782617569,0.0,0.0,0.0,1.0503196415215248,70,255,255,255
40,1.3690230170000177,-1.2901227474212646,0.33224400877952576,-14.921676635742188,0.7253896594047546,-1.9790501594543457,-0.2300085723400116,0.0,0.0,0.0,1.1328223081423348,70,255,255,255
41,1.4060661619996608,-1.269521951675415,0.27277258038520813,-14.925750732421875,0.9360592365264893,-2.047738790512085,-0.24195052683353424,0.0,0.0,0.0,1.1727014144115628,70,255,255,255
42,1.4382306159996006,-1.2411905527114868,0.21010807156562805,-14.9305419921875,1.1782063245773315,-2.1361873149871826,-0.26207980513572693,0.0,0.0,0.0,1.251884384154562,70,255,255,255
43,1.4708856869997362,-1.205679178237915,0.14493711292743683,-14.93670654296875,1.4166115522384644,-2.204275131225586,-0.3077264428138733,0.0,0.0,0.0,1.329210198511394,70,255,255,255
44,1.509414022999863,-1.1527020931243896,0.06213626638054848,-14.944305419921875,1.7070804834365845,-2.263010025024414,-0.2969575524330139,0.0,0.0,0.0,1.405684333951619,70,255,255,255
45,1.5409987339999134,-1.101436972618103,-0.00641764746978879,-14.95074462890625,1.9142156839370728,-2.3010857105255127,-0.31310969591140747,0.0,0.0,0.0,1.443147686796036,70,255,255,255
46,1.5744310369996128,-1.042761206626892,-0.07676978409290314,-14.957901000976562,2.1474828720092773,-2.3268826007843018,-0.29983627796173096,0.0,0.0,0.0,1.5136213208261489,70,255,255,255
47,1.6130568349999521,-0.978499710559845,-0.1468459814786911,-14.964447021484375,2.324814558029175,-2.348325490951538,-0.2934238612651825,0.0,0.0,0.0,1.5477803565480504,70,255,255,255
48,1.6434986139997818,-0.8908820152282715,-0.23422205448150635,-14.972579956054688,2.560720682144165,-2.360955238342285,-0.2962988317012787,0.0,0.0,0.0,1.6141045192837107,70,255,255,255
49,1.6765671549997023,-0.83330237865448,-0.2872968912124634,-14.977386474609375,2.7122058868408203,-2.3567099571228027,-0.2810734808444977,0.0,0.0,0.0,1.6756344594250103,70,255,255,255
50,1.713188713999898,-0.7284004092216492,-0.3763620853424072,-14.985595703125,2.9464144706726074,-2.3461287021636963,-0.2808953821659088,0.0,0.0,0.0,1.7339486325500395,70,255,255,255
51,1.7456950679998045,-0.6388404965400696,-0.4471101462841034,-14.991073608398438,3.1152732372283936,-2.334282636642456,-0.2718994617462158,0.0,0.0,0.0,1.7619606930018743,70,255,255,255
52,1.7801097339997796,-0.5438411831855774,-0.517796516418457,-14.9964599609375,3.2743170261383057,-2.3047332763671875,-0.24473552405834198,0.0,0.0,0.0,1.8125619521358705,70,255,255,255
53,1.8147280149996732,-0.4428943693637848,-0.5875421166419983,-15.0006103515625,3.4330637454986572,-2.2582316398620605,-0.20226579904556274,0.0,0.0,0.0,1.836354500156584,70,255,255,255
54,1.8473540249997313,-0.337057888507843,-0.6568146347999573,-15.004287719726562,3.5721399784088135,-2.2271251678466797,-0.1798904687166214,0.0,0.0,0.0,1.8832358558799573,70,255,255,255
55,1.883909788999972,-0.22984717786312103,-0.7228203415870667,-15.00531005859375,3.7259700298309326,-2.1659481525421143,-0.1468290090560913,0.0,0.0,0.0,1.9219197354519577,70,255,255,255
56,1.9187416119998488,-0.08787370473146439,-0.8033967614173889,-15.005966186523438,3.913266181945801,-2.087898015975952,-0.1173558384180069,0.0,0.0,0.0,1.9369040113252887,70,255,255,255
57,1.9514916289999746,0.03230522945523262,-0.8664697408676147,-15.00634765625,4.078607559204102,-2.043649196624756,-0.12709690630435944,0.0,0.0,0.0,1.9579191486451584,70,255,255,255
58,1.9843042620000233,0.15784811973571777,-0.9276726841926575,-15.007415771484375,4.237403869628906,-1.995624303817749,-0.14943674206733704,0.0,0.0,0.0,1.9643473537263372,70,255,255,255
59,2.0231542669998817,0.28745800256729126,-0.9850497245788574,-15.007293701171875,4.378922939300537,-1.9498083591461182,-0.1643545925617218,0.0,0.0,0.0,1.9644891670543838,70,255,255,255
60,2.05401183999993,0.42183274030685425,-1.0415071249008179,-15.0079345703125,4.495561122894287,-1.900041103363037,-0.12870801985263824,0.0,0.0,0.0,1.9650735977556018,70,255,255,255
61,2.086743655999726,0.5602089166641235,-1.0968297719955444,-15.0081787109375,4.598453521728516,-1.8458516597747803,-0.10795166343450546,0.0,0.0,0.0,1.9695375883747925,70,255,255,255
62,2.125074807999681,0.7387376427650452,-1.161171793937683,-15.007476806640625,4.730569839477539,-1.7570887804031372,-0.0873410776257515,0.0,0.0,0.0,1.971986231839066,70,255,255,255
63,2.156603716999598,0.8865936994552612,-1.2091954946517944,-15.006683349609375,4.854748249053955,-1.6802181005477905,-0.07672502100467682,0.0,0.0,0.0,1.9718630606386498,70,255,255,255
64,2.189056848999826,1.0384501218795776,-1.2554283142089844,-15.006729125976562,4.959244728088379,-1.6078760623931885,-0.08922362327575684,0.0,0.0,0.0,1.9665656337563187,70,255,255,255
65,2.229334631999791,1.194442629814148,-1.2996677160263062,-15.006927490234375,5.082414150238037,-1.5274426937103271,-0.06930083781480789,0.0,0.0,0.0,1.9511223620691125,70,255,255,255
66,2.2598842909997074,1.3512852191925049,-1.3393548727035522,-15.00543212890625,5.203866004943848,-1.4293891191482544,-0.04787802696228027,0.0,0.0,0.0,1.9407779786049724,70,255,255,255
67,2.2924156459998812,1.5120429992675781,-1.3759063482284546,-15.004302978515625,5.334949016571045,-1.33412766456604,-0.06859682500362396,0.0,0.0,0.0,1.9181532267222587,70,255,255,255
68,2.332259487999636,1.7197129726409912,-1.4181116819381714,-15.004806518554688,5.501296043395996,-1.223746418952942,-0.1116715669631958,0.0,0.0,0.0,1.90361396506708,70,255,255,255
69,2.3632547419997536,1.8916277885437012,-1.4493488073349,-15.006134033203125,5.626407623291016,-1.1458427906036377,-0.12067756801843643,0.0,0.0,0.0,1.8696473427339368,70,255,255,255
70,2.3956877239997993,2.0651235580444336,-1.4766188859939575,-15.010910034179688,5.734555244445801,-1.0685068368911743,-0.13108348846435547,0.0,0.0,0.0,1.8296603784405607,70,255,255,255
71,2.434715409999626,2.242764949798584,-1.5020296573638916,-15.016204833984375,5.851833820343018,-0.9841777086257935,-0.13547468185424805,0.0,0.0,0.0,1.7881628691768916,70,255,255,255
72,2.4638339569996788,2.425069808959961,-1.5257893800735474,-15.021820068359375,5.986302375793457,-0.9178005456924438,-0.13321368396282196,0.0,0.0,0.0,1.7677498725794887,70,255,255,255
73,2.4964334899996174,2.6100471019744873,-1.5477066040039062,-15.0260009765625,6.034279823303223,-0.8601142168045044,-0.12420069426298141,0.0,0.0,0.0,1.7256267867757598,70,255,255,255
74,2.5350458660000186,2.8423068523406982,-1.5724483728408813,-15.02801513671875,6.126859188079834,-0.7895733714103699,-0.14925722777843475,0.0,0.0,0.0,1.6864623397850547,70,255,255,255
75,2.5667640069996196,3.031341791152954,-1.5909545421600342,-15.030624389648438,6.191746234893799,-0.7347396612167358,-0.1384962499141693,0.0,0.0,0.0,1.667356822124826,70,255,255,255
76,2.598290796999663,3.223576068878174,-1.6079580783843994,-15.033554077148438,6.269894599914551,-0.6705277562141418,-0.13687531650066376,0.0,0.0,0.0,1.629257240095989,70,255,255,255
77,2.6358827129997735,3.416779041290283,-1.6208276748657227,-15.035720825195312,6.311939239501953,-0.6297584772109985,-0.14485083520412445,0.0,0.0,0.0,1.5876711807260746,70,255,255,255
78,2.666943904999698,3.611907720565796,-1.6300667524337769,-15.037872314453125,6.416012763977051,-0.5872263312339783,-0.12681999802589417,0.0,0.0,0.0,1.5723521455037208,70,255,255,255
79,2.6996033030000035,3.81007981300354,-1.638755440711975,-15.039382934570312,6.463122844696045,-0.5479803681373596,-0.09533441811800003,0.0,0.0,0.0,1.5343407141069654,70,255,255,255
80,2.736497022999629,4.061855792999268,-1.6488384008407593,-15.040420532226562,6.551609992980957,-0.4969831705093384,-0.07064570486545563,0.0,0.0,0.0,1.4976355632248939,70,255,255,255
81,2.769034052999814,4.267024993896484,-1.6556411981582642,-15.039566040039062,6.6193342208862305,-0.46306219696998596,-0.03556990250945091,0.0,0.0,0.0,1.4812861509767883,70,255,255,255
82,2.801712999999836,4.475185394287109,-1.6619354486465454,-15.037872314453125,6.682408332824707,-0.44509604573249817,-0.015353885479271412,0.0,0.0,0.0,1.4508483502460547,70,255,255,255
83,2.8386351959998137,4.685547351837158,-1.668166995048523,-15.036056518554688,6.723199844360352,-0.4171333312988281,-0.014738095924258232,0.0,0.0,0.0,1.4356932325887952,70,255,255,255
84,2.8714401959996394,4.898221015930176,-1.6744098663330078,-15.034042358398438,6.801382541656494,-0.40709540247917175,-0.009275749325752258,0.0,0.0,0.0,1.4082132717227582,70,255,255,255
85,2.9036920049998116,5.113837718963623,-1.6818875074386597,-15.02667236328125,6.845196723937988,-0.3876987099647522,-0.035868655890226364,0.0,0.0,0.0,1.3826455936774524,70,255,255,255
86,2.9421839169999657,5.3854570388793945,-1.6912742853164673,-15.019088745117188,6.902932643890381,-0.3706819713115692,-0.03286083787679672,0.0,0.0,0.0,1.3711987946800739,70,255,255,255
87,2.9781759959996634,5.605293273925781,-1.6988885402679443,-15.013351440429688,6.966617107391357,-0.37323758006095886,-0.007251898758113384,0.0,0.0,0.0,1.351208042273503,70,255,255,255
88,3.006558152999787,5.827192306518555,-1.7076305150985718,-15.006988525390625,7.0439229011535645,-0.37240463495254517,-0.008190018124878407,0.0,0.0,0.0,1.3346571618889331,70,255,255,255
89,3.046325603999776,6.049347400665283,-1.7179715633392334,-14.99932861328125,7.0708327293396,-0.37386855483055115,-0.02286650240421295,0.0,0.0,0.0,1.3223463002758784,70,255,255,255
90,3.078902819999712,6.272824287414551,-1.7287157773971558,-14.992095947265625,7.0975661277771,-0.3834516406059265,0.019794315099716187,0.0,0.0,0.0,1.3176659278181186,70,255,255,255
91,3.111401735999607,6.497917652130127,-1.739935278892517,-14.984512329101562,7.1325459480285645,-0.3881615400314331,0.05052214115858078,0.0,0.0,0.0,1.3108576896493855,70,255,255,255
92,3.147352576999765,6.781853199005127,-1.7541183233261108,-14.970489501953125,7.215157985687256,-0.4280122220516205,0.06614723801612854,0.0,0.0,0.0,1.305292215603338,70,255,255,255
93,3.1811975819996405,7.011610984802246,-1.7662278413772583,-14.957351684570312,7.2537689208984375,-0.4421274662017822,0.07991539686918259,0.0,0.0,0.0,1.3038075032956187,70,255,255,255
94,3.2115501839998615,7.243091106414795,-1.7790460586547852,-14.944839477539062,7.319411277770996,-0.46749672293663025,0.11291047185659409,0.0,0.0,0.0,1.3046979312060867,70,255,255,255
95,3.250278865999917,7.477122783660889,-1.793057918548584,-14.932830810546875,7.368747711181641,-0.4872852861881256,0.09029879420995712,0.0,0.0,0.0,1.3098876332223242,70,255,255,255
96,3.287827324999853,7.714351654052734,-1.807868242263794,-14.91815185546875,7.410487651824951,-0.5099465847015381,0.12890136241912842,0.0,0.0,0.0,1.3149650829986148,70,255,255,255
97,3.3165996099996846,7.9539899826049805,-1.8236645460128784,-14.902755737304688,7.452149391174316,-0.526210367679596,0.12050020694732666,0.0,0.0,0.0,1.3208003352630873,70,255,255,255
98,3.359096266999586,8.254940032958984,-1.8441731929779053,-14.885665893554688,7.475448131561279,-0.5409855842590332,0.08823813498020172,0.0,0.0,0.0,1.3386882556729316,70,255,255,255
99,3.391391948999626,8.497106552124023,-1.8614695072174072,-14.873397827148438,7.536232948303223,-0.5628693103790283,0.08746601641178131,0.0,0.0,0.0,1.345394095297751,70,255,255,255
100,3.420374621999599,8.740222930908203,-1.8775854110717773,-14.86004638671875,7.541976451873779,-0.5643302798271179,0.06302959471940994,0.0,0.0,0.0,1.3528902279760517,70,255,255,255
101,3.457764653999675,8.984152793884277,-1.8942060470581055,-14.848419189453125,7.578174591064453,-0.5782132744789124,0.061165280640125275,0.0,0.0,0.0,1.3692063507105312,70,255,255,255
102,3.4994025739997596,9.229445457458496,-1.9115625619888306,-14.837905883789062,7.598470687866211,-0.5930045247077942,0.039211954921483994,0.0,0.0,0.0,1.3874491373356284,70,255,255,255
103,3.5244335269999283,9.475221633911133,-1.9300097227096558,-14.827835083007812,7.558935165405273,-0.6002912521362305,0.0242925938218832,0.0,0.0,0.0,1.4061987235161677,70,255,255,255
104,3.564758115999666,9.783882141113281,-1.9546583890914917,-14.813720703125,7.52628755569458,-0.6008980870246887,-0.016257787123322487,0.0,0.0,0.0,1.4266010674692102,70,255,255,255
105,3.606171835999703,10.029092788696289,-1.9746527671813965,-14.804031372070312,7.453298568725586,-0.604832112789154,-0.014616100117564201,0.0,0.0,0.0,1.437311502425182,70,255,255,255
106,3.632089361999988,10.271827697753906,-1.9946621656417847,-14.79583740234375,7.389498233795166,-0.608354389667511,-0.03739013522863388,0.0,0.0,0.0,1.4476805201294054,70,255,255,255
107,3.659251863999998,10.512639045715332,-2.015146493911743,-14.787353515625,7.32794189453125,-0.6067850589752197,-0.021937906742095947,0.0,0.0,0.0,1.4683961849846958,70,255,255,255
108,3.692056307999792,10.751495361328125,-2.03590726852417,-14.77874755859375,7.2844319343566895,-0.6106765270233154,-0.030290085822343826,0.0,0.0,0.0,1.488330744692266,70,255,255,255
109,3.725493639999968,10.988451957702637,-2.056846857070923,-14.771469116210938,7.2238922119140625,-0.623175859451294,-0.019698623567819595,0.0,0.0,0.0,1.5082286859348475,70,255,255,255
110,3.761766100999921,11.282108306884766,-2.0835049152374268,-14.763092041015625,7.148141860961914,-0.6327826380729675,-0.0241011381149292,0.0,0.0,0.0,1.5178675980262257,70,255,255,255
111,3.7947225029997753,11.514387130737305,-2.1066102981567383,-14.754547119140625,7.082213401794434,-0.6414079070091248,-0.018186114728450775,0.0,0.0,0.0,1.5384526348300478,70,255,255,255
112,3.8303104130000065,11.744386672973633,-2.1301698684692383,-14.74652099609375,6.997368335723877,-0.6413811445236206,-0.043722499161958694,0.0,0.0,0.0,1.5584504446135072,70,255,255,255
113,3.864569148999635,11.971298217773438,-2.153383731842041,-14.7401123046875,6.889199733734131,-0.6359208822250366,-0.08928272873163223,0.0,0.0,0.0,1.568003869233894,70,255,255,255
114,3.8971414389998245,12.194774627685547,-2.1764841079711914,-14.735198974609375,6.8039021492004395,-0.6366400122642517,-0.08291025459766388,0.0,0.0,0.0,1.5867926038824576,70,255,255,255
115,3.9312802739996187,12.416549682617188,-2.1987266540527344,-14.728530883789062,6.728769302368164,-0.6380009651184082,-0.08300953358411789,0.0,0.0,0.0,1.604419800821583,70,255,255,255
116,3.9667989009999474,12.689397811889648,-2.2262673377990723,-14.722564697265625,6.596952438354492,-0.6239463090896606,-0.13446927070617676,0.0,0.0,0.0,1.6145861519668514,70,255,255,255
117,3.9993169699996542,12.903704643249512,-2.248021125793457,-14.71978759765625,6.4878058433532715,-0.6256392002105713,-0.1683318316936493,0.0,0.0,0.0,1.6279838496207677,70,255,255,255
118,4.032735606999722,13.114365577697754,-2.2699973583221436,-14.71826171875,6.381689548492432,-0.616094708442688,-0.18189716339111328,0.0,0.0,0.0,1.6408587687527012,70,255,255,255
119,4.069737490999614,13.320806503295898,-2.2927448749542236,-14.71734619140625,6.259920120239258,-0.6112807989120483,-0.2142535001039505,0.0,0.0,0.0,1.6463343611119585,70,255,255,255
120,4.1020947489996615,13.522920608520508,-2.3150711059570312,-14.7181396484375,6.133957862854004,-0.595397412776947,-0.23972360789775848,0.0,0.0,0.0,1.6555985664379627,70,255,255,255
121,4.134860809999736,13.720767974853516,-2.3368122577667236,-14.720474243164062,6.001540660858154,-0.5863171219825745,-0.2472718060016632,0.0,0.0,0.0,1.6619953462182786,70,255,255,255
122,4.1727078529997925,13.960461616516113,-2.3623735904693604,-14.725387573242188,5.821331024169922,-0.5725030899047852,-0.25781330466270447,0.0,0.0,0.0,1.6645603698221885,70,255,255,255
123,4.204563513999801,14.14627742767334,-2.3816235065460205,-14.730972290039062,5.676629543304443,-0.5510042309761047,-0.26412472128868103,0.0,0.0,0.0,1.6680842645765812,70,255,255,255
124,4.237433061999582,14.32835865020752,-2.400268793106079,-14.736541748046875,5.580004692077637,-0.5351845622062683,-0.24296821653842926,0.0,0.0,0.0,1.6698749740935506,70,255,255,255
125,4.278747151999596,14.506970405578613,-2.418578624725342,-14.7425537109375,5.451939582824707,-0.529561460018158,-0.25797370076179504,0.0,0.0,0.0,1.6691790901007129,70,255,255,255
126,4.3096487279999565,14.682133674621582,-2.4356701374053955,-14.748062133789062,5.343515872955322,-0.5088818669319153,-0.2557574212551117,0.0,0.0,0.0,1.6683342022448853,70,255,255,255
127,4.340335589000006,14.85332202911377,-2.4522478580474854,-14.753662109375,5.200933933258057,-0.4998578727245331,-0.256490021944046,0.0,0.0,0.0,1.6654826225076829,70,255,255,255
128,4.383330324999861,15.059919357299805,-2.4726450443267822,-14.761550903320312,4.997807502746582,-0.4861498773097992,-0.28127238154411316,0.0,0.0,0.0,1.6612631100765614,70,255,255,255
129,4.414955176999683,15.219558715820312,-2.4888124465942383,-14.769088745117188,4.852664947509766,-0.4765210747718811,-0.3032911419868469,0.0,0.0,0.0,1.6585759805366713,70,255,255,255
130,4.447903957999642,15.370917320251465,-2.502969980239868,-14.77740478515625,4.7076921463012695,-0.4673762023448944,-0.29168596863746643,0.0,0.0,0.0,1.6559454431699456,70,255,255,255
131,4.4848172779998094,15.553681373596191,-2.5206658840179443,-14.788192749023438,4.516639232635498,-0.45940178632736206,-0.29945793747901917,0.0,0.0,0.0,1.6455342143624443,70,255,255,255
132,4.5167493189997,15.660439491271973,-2.5311737060546875,-14.794769287109375,4.429056167602539,-0.45086342096328735,-0.3126204311847687,0.0,0.0,0.0,1.6415831485692027,70,255,255,255
133,4.552505513999677,15.80002212524414,-2.5440666675567627,-14.8023681640625,4.296297073364258,-0.4438341557979584,-0.32463786005973816,0.0,0.0,0.0,1.6385452807137493,70,255,255,255
134,4.590089095999701,15.972257614135742,-2.555631160736084,-14.806991577148438,4.126534938812256,-0.4109988212585449,-0.3567032814025879,0.0,0.0,0.0,1.630598408020953,70,255,255,255
135,4.618286548000015,16.104822158813477,-2.564683437347412,-14.812454223632812,3.988986015319824,-0.3992099463939667,-0.3538496196269989,0.0,0.0,0.0,1.6262579880763417,70,255,255,255
136,4.648543820999748,16.232749938964844,-2.5737407207489014,-14.818069458007812,3.8508050441741943,-0.38401222229003906,-0.3273901343345642,0.0,0.0,0.0,1.6112911559081509,70,255,255,255
137,4.68727362799973,16.355127334594727,-2.58327579498291,-14.823516845703125,3.7350821495056152,-0.3687094748020172,-0.30205681920051575,0.0,0.0,0.0,1.6067102525171058,70,255,255,255
138,4.7196313239996925,16.472673416137695,-2.593374490737915,-14.829132080078125,3.635627508163452,-0.36285480856895447,-0.27644237875938416,0.0,0.0,0.0,1.5970629514682937,70,255,255,255
139,4.750327788999584,16.587261199951172,-2.603520393371582,-14.83453369140625,3.52763032913208,-0.3624318242073059,-0.26229730248451233,0.0,0.0,0.0,1.58723082703983,70,255,255,255
140,4.787404328999855,16.724815368652344,-2.61630916595459,-14.840255737304688,3.388988971710205,-0.35335952043533325,-0.2254735380411148,0.0,0.0,0.0,1.5777252061610103,70,255,255,255
141,4.82006376299978,16.83136558532715,-2.6253890991210938,-14.8411865234375,3.272291898727417,-0.3446066677570343,-0.22520875930786133,0.0,0.0,0.0,1.5734593547269213,70,255,255,255
142,4.852734404999865,16.934450149536133,-2.6338915824890137,-14.841964721679688,3.1630115509033203,-0.33032315969467163,-0.23389679193496704,0.0,0.0,0.0,1.564755212178161,70,255,255,255
143,4.891078528999969,17.034229278564453,-2.642261266708374,-14.843017578125,3.072589635848999,-0.3218183219432831,-0.22559045255184174,0.0,0.0,0.0,1.5607534131661533,70,255,255,255
144,4.923108297999988,17.131071090698242,-2.650557041168213,-14.844711303710938,2.946606397628784,-0.3103504478931427,-0.23654134571552277,0.0,0.0,0.0,1.5536873810039005,70,255,255,255
145,4.955035316999783,17.22223472595215,-2.6582422256469727,-14.844284057617188,2.799544334411621,-0.30871862173080444,-0.26050180196762085,0.0,0.0,0.0,1.5464893892096343,70,255,255,255
146,4.994375634999869,17.331178665161133,-2.6679112911224365,-14.844940185546875,2.670213460922241,-0.2976362705230713,-0.25608277320861816,0.0,0.0,0.0,1.5436436684268302,70,255,255,255
147,5.029232621999654,17.414627075195312,-2.675384998321533,-14.846023559570312,2.578594446182251,-0.2841455340385437,-0.23244675993919373,0.0,0.0,0.0,1.5378229303902986,70,255,255,255
148,5.0586615189999975,17.49513816833496,-2.6825754642486572,-14.847000122070312,2.49953556060791,-0.28119197487831116,-0.20945821702480316,0.0,0.0,0.0,1.5320581187366584,70,255,255,255
149,5.101511664999634,17.57145881652832,-2.6896138191223145,-14.84796142578125,2.38777494430542,-0.27172374725341797,-0.19282619655132294,0.0,0.0,0.0,1.5279374095819789,70,255,255,255
150,5.1397507589999805,17.644010543823242,-2.6966640949249268,-14.849014282226562,2.261979818344116,-0.27475428581237793,-0.1755419373512268,0.0,0.0,0.0,1.5255116693030801,70,255,255,255
151,5.172740089999934,17.730199813842773,-2.705563545227051,-14.850051879882812,2.1293869018554688,-0.26155561208724976,-0.16148902475833893,0.0,0.0,0.0,1.5225346546785352,70,255,255,255
152,5.207421936999708,17.796945571899414,-2.71341872215271,-14.848098754882812,2.0648298263549805,-0.25792884826660156,-0.1313752979040146,0.0,0.0,0.0,1.5204455379614226,70,255,255,255
153,5.233042748999651,17.86155891418457,-2.721376419067383,-14.845199584960938,1.9788267612457275,-0.2514583170413971,-0.1223493292927742,0.0,0.0,0.0,1.5204764306300673,70,255,255,255
154,5.266404505999617,17.92289924621582,-2.7295382022857666,-14.84375,1.8686927556991577,-0.2664320170879364,-0.15911553800106049,0.0,0.0,0.0,1.520107183344928,70,255,255,255
155,5.31274070299969,17.981237411499023,-2.737978219985962,-14.843582153320312,1.7738370895385742,-0.26495885848999023,-0.18673013150691986,0.0,0.0,0.0,1.5199057152084634,70,255,255,255
156,5.335154912999769,18.035776138305664,-2.7478933334350586,-14.841812133789062,1.7086215019226074,-0.27130815386772156,-0.1828811764717102,0.0,0.0,0.0,1.5203685726059193,70,255,255,255
157,5.372587392999776,18.087684631347656,-2.7583534717559814,-14.839950561523438,1.6124540567398071,-0.2709199786186218,-0.17986492812633514,0.0,0.0,0.0,1.5208346257966832,70,255,255,255
158,5.4090075439999055,18.149168014526367,-2.7715179920196533,-14.837966918945312,1.5170198678970337,-0.2748218774795532,-0.1761624962091446,0.0,0.0,0.0,1.5223684734265142,70,255,255,255
159,5.440728085999581,18.195466995239258,-2.7820241451263428,-14.837509155273438,1.4080528020858765,-0.27266496419906616,-0.18497906625270844,0.0,0.0,0.0,1.523086062182236,70,255,255,255
160,5.476108777999798,18.238367080688477,-2.7923367023468018,-14.834548950195312,1.3432681560516357,-0.27143728733062744,-0.1839536428451538,0.0,0.0,0.0,1.5255143324641702,70,255,255,255
161,5.515287288999843,18.278972625732422,-2.802520990371704,-14.832382202148438,1.2732475996017456,-0.2666151821613312,-0.1892351657152176,0.0,0.0,0.0,1.5274672284915254,70,255,255,255
162,5.5419309359999716,18.318370819091797,-2.8127682209014893,-14.831130981445312,1.2279448509216309,-0.272215873003006,-0.18746666610240936,0.0,0.0,0.0,1.5298140060441032,70,255,255,255
163,5.576941621999595,18.356061935424805,-2.822829008102417,-14.8287353515625,1.1618016958236694,-0.27963995933532715,-0.17045117914676666,0.0,0.0,0.0,1.5331076705222588,70,255,255,255
164,5.613231718999941,18.40167999267578,-2.8340091705322266,-14.820220947265625,1.0905789136886597,-0.2798525393009186,-0.15649321675300598,0.0,0.0,0.0,1.536494279322458,70,255,255,255
165,5.6408087810000325,18.435882568359375,-2.843079090118408,-14.814422607421875,1.0427957773208618,-0.28278473019599915,-0.14473971724510193,0.0,0.0,0.0,1.5377101455181337,70,255,255,255
166,5.6740167660000225,18.469219207763672,-2.8522372245788574,-14.809890747070312,1.0079489946365356,-0.28318530321121216,-0.1456611156463623,0.0,0.0,0.0,1.5402719733287353,70,255,255,255
167,5.713520089999747,18.502079010009766,-2.8624155521392822,-14.803375244140625,0.9419381618499756,-0.27300816774368286,-0.1608237326145172,0.0,0.0,0.0,1.5437450017063077,70,255,255,255
168,5.742835831999855,18.534616470336914,-2.873279094696045,-14.795974731445312,0.9031368494033813,-0.27208074927330017,-0.1893109381198883,0.0,0.0,0.0,1.5450034784794247,70,255,255,255
169,5.777168371999778,18.565736770629883,-2.8838369846343994,-14.7906494140625,0.8619322180747986,-0.2688899040222168,-0.1959017664194107,0.0,0.0,0.0,1.5485671874921143,70,255,255,255
170,5.814121748999696,18.60286521911621,-2.8969314098358154,-14.785385131835938,0.8209146857261658,-0.26796039938926697,-0.1976272165775299,0.0,0.0,0.0,1.550174937842195,70,255,255,255
171,5.847793326999636,18.629722595214844,-2.9070160388946533,-14.78076171875,0.7763703465461731,-0.2654203176498413,-0.16633661091327667,0.0,0.0,0.0,1.554159426307117,70,255,255,255
172,5.881990907999807,18.65434455871582,-2.9169323444366455,-14.776260375976562,0.727932333946228,-0.2632281482219696,-0.15752919018268585,0.0,0.0,0.0,1.5568347047801563,70,255,255,255
173,5.9196262899999965,18.67795181274414,-2.9266557693481445,-14.772674560546875,0.6821349263191223,-0.2585335969924927,-0.17878228425979614,0.0,0.0,0.0,1.5595432727668213,70,255,255,255
174,5.954645071999948,18.700008392333984,-2.936077833175659,-14.769790649414062,0.6314988732337952,-0.2503851056098938,-0.14714200794696808,0.0,0.0,0.0,1.5617807275566513,70,255,255,255
175,5.9856879809999555,18.72014045715332,-2.947810649871826,-14.767593383789062,0.5670274496078491,-0.25652778148651123,-0.19245746731758118,0.0,0.0,0.0,1.5654674746117025,70,255,255,255
176,6.025020492999829,18.744369506835938,-2.962080955505371,-14.766845703125,0.581787109375,-0.2466708868741989,-0.20114819705486298,0.0,0.0,0.0,1.5681016072459,70,255,255,255
177,6.053783364999617,18.76353645324707,-2.972870111465454,-14.76715087890625,0.5445848107337952,-0.2364649772644043,-0.19224949181079865,0.0,0.0,0.0,1.5694771299489259,70,255,255,255
178,6.08948838599963,18.781803131103516,-2.983205795288086,-14.766754150390625,0.5248551368713379,-0.23494292795658112,-0.20479662716388702,0.0,0.0,0.0,1.5724046097771955,70,255,255,255
179,6.129050989999996,18.79907989501953,-2.99285626411438,-14.763671875,0.48534566164016724,-0.23626914620399475,-0.21083159744739532,0.0,0.0,0.0,1.5732030254720013,70,255,255,255
180,6.169167243999709,18.815650939941406,-3.002265453338623,-14.761688232421875,0.46963152289390564,-0.22522710263729095,-0.21193844079971313,0.0,0.0,0.0,1.5753074553653819,70,255,255,255
181,6.19104480399983,18.831209182739258,-3.0112392902374268,-14.760879516601562,0.4175715148448944,-0.21774472296237946,-0.2233293354511261,0.0,0.0,0.0,1.5761815048351457,70,255,255,255
182,6.232237011999587,18.847091674804688,-3.0203604698181152,-14.760223388671875,0.3581896722316742,-0.2023446261882782,-0.23513543605804443,0.0,0.0,0.0,1.5777394540728422,70,255,255,255
183,6.262709090999579,18.856983184814453,-3.0265305042266846,-14.760635375976562,0.32549214363098145,-0.18874581158161163,-0.26393789052963257,0.0,0.0,0.0,1.5784550454577464,70,255,255,255
184,6.298413865999919,18.86555290222168,-3.032357931137085,-14.762161254882812,0.25289788842201233,-0.18451116979122162,-0.25948911905288696,0.0,0.0,0.0,1.5798533381880926,70,255,255,255
185,6.334732324000015,18.871932983398438,-3.038057804107666,-14.7635498046875,0.20926976203918457,-0.1716742068529129,-0.2258245199918747,0.0,0.0,0.0,1.5808854462685529,70,255,255,255
186,6.365557678999721,18.877229690551758,-3.0415964126586914,-14.761734008789062,0.17290186882019043,-0.16063259541988373,-0.22752171754837036,0.0,0.0,0.0,1.5811203370766977,70,255,255,255
187,6.403815161999773,18.88140106201172,-3.0441949367523193,-14.760208129882812,0.14710161089897156,-0.14038926362991333,-0.24907110631465912,0.0,0.0,0.0,1.5810612149004981,70,255,255,255
188,6.4358133619998625,18.88532257080078,-3.046924591064453,-14.759353637695312,0.10896486788988113,-0.11550893634557724,-0.23551030457019806,0.0,0.0,0.0,1.5812439077512774,70,255,255,255
189,6.464152978999664,18.887508392333984,-3.0485901832580566,-14.759292602539062,0.07761210948228836,-0.09433548152446747,-0.23519393801689148,0.0,0.0,0.0,1.581634859799301,70,255,255,255
190,6.5010742719996415,18.893808364868164,-3.0495619773864746,-14.756362915039062,0.06837549805641174,-0.08514664322137833,-0.23268811404705048,0.0,0.0,0.0,1.5815055633283777,70,255,255,255
191,6.54015361699976,18.898889541625977,-3.0504026412963867,-14.754562377929688,0.020710207521915436,-0.06767565757036209,-0.2339017242193222,0.0,0.0,0.0,1.5813445752404824,70,255,255,255
192,6.568825224999728,18.902517318725586,-3.0510284900665283,-14.75396728515625,0.0017050238093361259,-0.06587256491184235,-0.24548190832138062,0.0,0.0,0.0,1.580807282490559,70,255,255,255
193,6.604446891999942,18.90477180480957,-3.051767587661743,-14.753448486328125,-0.017637750133872032,-0.04813092574477196,-0.2643750011920929,0.0,0.0,0.0,1.5804351057282204,70,255,255,255
194,6.633914722999634,18.904359817504883,-3.0535569190979004,-14.749282836914062,-0.06143375486135483,-0.041981350630521774,-0.25700071454048157,0.0,0.0,0.0,1.5780152244037198,70,255,255,255
195,6.6658554559999175,18.902265548706055,-3.0548558235168457,-14.74786376953125,-0.11871378123760223,-0.038445763289928436,-0.28628090023994446,0.0,0.0,0.0,1.5779450501089962,70,255,255,255
196,6.69870504499977,18.89875030517578,-3.056238889694214,-14.747634887695312,-0.14103081822395325,-0.04719287157058716,-0.28342458605766296,0.0,0.0,0.0,1.5774595558422748,70,255,255,255
197,6.739363793999928,18.893266677856445,-3.058459997177124,-14.74554443359375,-0.14069786667823792,-0.04438689351081848,-0.2969937324523926,0.0,0.0,0.0,1.5767209281139414,70,255,255,255
198,6.767842774999735,18.8859806060791,-3.0613882541656494,-14.741775512695312,-0.15664564073085785,-0.046142879873514175,-0.28769180178642273,0.0,0.0,0.0,1.576036495713791,70,255,255,255
199,6.800813189999644,18.878549575805664,-3.0642640590667725,-14.73919677734375,-0.18421180546283722,-0.04537399858236313,-0.2931180000305176,0.0,0.0,0.0,1.5748468616548525,70,255,255,255
200,6.840944275999846,18.868480682373047,-3.0677387714385986,-14.73773193359375,-0.20001375675201416,-0.04784196615219116,-0.2964814305305481,0.0,0.0,0.0,1.5742238151178285,70,255,255,255
201,6.8730860639998355,18.858747482299805,-3.071636915206909,-14.736190795898438,-0.24600982666015625,-0.050519924610853195,-0.3272848427295685,0.0,0.0,0.0,1.5738946484070948,70,255,255,255
202,6.909438514999692,18.84803581237793,-3.0759692192077637,-14.735748291015625,-0.2605234980583191,-0.05635818466544151,-0.3327981233596802,0.0,0.0,0.0,1.5734437752345443,70,255,255,255
203,6.953755493999779,18.83731460571289,-3.0801663398742676,-14.736282348632812,-0.2710125744342804,-0.05026032403111458,-0.33118730783462524,0.0,0.0,0.0,1.5719550681851902,70,255,255,255
204,6.977128868999898,18.826204299926758,-3.083894729614258,-14.737960815429688,-0.2763574719429016,-0.039551522582769394,-0.3314049243927002,0.0,0.0,0.0,1.5712878131740706,70,255,255,255
205,7.010032731999672,18.815752029418945,-3.087571620941162,-14.735076904296875,-0.28816935420036316,-0.04143085703253746,-0.3319433033466339,0.0,0.0,0.0,1.5706878029804758,70,255,255,255
206,7.047627410999667,18.802949905395508,-3.0919382572174072,-14.733230590820312,-0.2690778970718384,-0.03500243276357651,-0.33677685260772705,0.0,0.0,0.0,1.5704154947590152,70,255,255,255
207,7.079158290999658,18.793718338012695,-3.0951151847839355,-14.73382568359375,-0.2553326487541199,-0.03580735623836517,-0.3491339385509491,0.0,0.0,0.0,1.5696731386051557,70,255,255,255
208,7.115275198999825,18.784440994262695,-3.099226713180542,-14.73455810546875,-0.287686824798584,-0.04023047909140587,-0.3578953742980957,0.0,0.0,0.0,1.568815334418041,70,255,255,255
209,7.151036923999982,18.77301788330078,-3.1073296070098877,-14.731979370117188,-0.30976057052612305,-0.03653176501393318,-0.3600822985172272,0.0,0.0,0.0,1.5676930783346819,70,255,255,255
210,7.184421812999972,18.765750885009766,-3.111842155456543,-14.7313232421875,-0.3199705183506012,-0.029838494956493378,-0.3426147997379303,0.0,0.0,0.0,1.567453526994629,70,255,255,255
211,7.220238477999828,18.75623321533203,-3.117286205291748,-14.730743408203125,-0.3037848174571991,-0.02448999509215355,-0.3000895380973816,0.0,0.0,0.0,1.5667729561780595,70,255,255,255
212,7.248313046000021,18.7432861328125,-3.124706506729126,-14.727569580078125,-0.28049084544181824,-0.02813393622636795,-0.2858632504940033,0.0,0.0,0.0,1.5659781357507252,70,255,255,255
213,7.280517314000008,18.732227325439453,-3.1307947635650635,-14.724990844726562,-0.2811896800994873,-0.02646585740149021,-0.2903752028942108,0.0,0.0,0.0,1.5656247342740717,70,255,255,255
214,7.317313835999812,18.721303939819336,-3.1366145610809326,-14.723556518554688,-0.301023930311203,-0.03027624823153019,-0.2901923954486847,0.0,0.0,0.0,1.565009410904209,70,255,255,255
215,7.356113714999992,18.71026039123535,-3.141878604888916,-14.723007202148438,-0.3013777732849121,-0.024208109825849533,-0.2804638147354126,0.0,0.0,0.0,1.564160794622855,70,255,255,255
216,7.3921194849999665,18.698755264282227,-3.1455938816070557,-14.719406127929688,-0.3191194534301758,-0.024464856833219528,-0.26344114542007446,0.0,0.0,0.0,1.563604327113083,70,255,255,255
217,7.418577831999755,18.687021255493164,-3.148810386657715,-14.7154541015625,-0.322566419839859,-0.02497449330985546,-0.25072601437568665,0.0,0.0,0.0,1.5633257604630608,70,255,255,255
218,7.4663907749995815,18.672475814819336,-3.15244722366333,-14.712631225585938,-0.3491170406341553,-0.018816636875271797,-0.2588415741920471,0.0,0.0,0.0,1.5633199015086627,70,255,255,255
219,7.488378023999758,18.659412384033203,-3.154935598373413,-14.71148681640625,-0.38699546456336975,-0.014882688410580158,-0.27291741967201233,0.0,0.0,0.0,1.5635057901527503,70,255,255,255
220,7.521076735999941,18.64491844177246,-3.156691312789917,-14.708053588867188,-0.37552985548973083,-0.00931541621685028,-0.2719157934188843,0.0,0.0,0.0,1.563534285976414,70,255,255,255
221,7.560805031999735,18.631366729736328,-3.1581852436065674,-14.7059326171875,-0.35763683915138245,-0.0035386744420975447,-0.28059712052345276,0.0,0.0,0.0,1.563922708021402,70,255,255,255
222,7.596093458999803,18.618152618408203,-3.1596333980560303,-14.70556640625,-0.36155325174331665,-0.015259011648595333,-0.28993821144104004,0.0,0.0,0.0,1.5642678536986763,70,255,255,255
223,7.623791783999877,18.605567932128906,-3.1616575717926025,-14.705291748046875,-0.35293683409690857,-0.020351765677332878,-0.3035512864589691,0.0,0.0,0.0,1.5643629285495921,70,255,255,255
224,7.657499317999736,18.591169357299805,-3.1654469966888428,-14.701522827148438,-0.3502163887023926,-0.02879583090543747,-0.3140195608139038,0.0,0.0,0.0,1.564678113664603,70,255,255,255
225,7.69142981099958,18.579187393188477,-3.1683714389801025,-14.700119018554688,-0.3746216595172882,-0.027595270425081253,-0.3141281008720398,0.0,0.0,0.0,1.5656479037755555,70,255,255,255
226,7.7232576139999765,18.56715202331543,-3.171161651611328,-14.700332641601562,-0.38032418489456177,-0.028806494548916817,-0.32355543971061707,0.0,0.0,0.0,1.5660947822064708,70,255,255,255
227,7.760908710999956,18.556503295898438,-3.1751506328582764,-14.69940185546875,-0.3755408823490143,-0.022933658212423325,-0.30797529220581055,0.0,0.0,0.0,1.5659987752491733,70,255,255,255
228,7.797632704999614,18.547100067138672,-3.180180072784424,-14.698593139648438,-0.38356220722198486,-0.019852623343467712,-0.3259003460407257,0.0,0.0,0.0,1.5659689478449645,70,255,255,255
229,7.837761204999879,18.53731346130371,-3.184598445892334,-14.698883056640625,-0.3651678264141083,-0.012654704041779041,-0.31693679094314575,0.0,0.0,0.0,1.5663810720236542,70,255,255,255
230,7.868499695999617,18.52597427368164,-3.189589738845825,-14.701004028320312,-0.3594698905944824,-0.01059874426573515,-0.33110401034355164,0.0,0.0,0.0,1.5671672371774457,70,255,255,255
231,7.903358991999994,18.517833709716797,-3.195983648300171,-14.700729370117188,-0.34006255865097046,-0.012906763702630997,-0.3087189495563507,0.0,0.0,0.0,1.5671896077306022,70,255,255,255
232,7.933718449000025,18.51055335998535,-3.202763080596924,-14.70068359375,-0.34656888246536255,-0.0093715013936162,-0.3051329255104065,0.0,0.0,0.0,1.567566578182903,70,255,255,255
233,7.970131332999699,18.50274658203125,-3.2090015411376953,-14.70184326171875,-0.34078577160835266,-0.00928911566734314,-0.3389839231967926,0.0,0.0,0.0,1.5675505992163625,70,255,255,255
234,8.003180248999797,18.494768142700195,-3.2144577503204346,-14.704818725585938,-0.3421773612499237,0.0025101699866354465,-0.34516072273254395,0.0,0.0,0.0,1.568409468667913,70,255,255,255
235,8.036080987999867,18.483657836914062,-3.218878746032715,-14.704330444335938,-0.36917755007743835,0.00021469383500516415,-0.3562995493412018,0.0,0.0,0.0,1.5685490183090331,70,255,255,255
236,8.074858019999738,18.46755027770996,-3.223785400390625,-14.705307006835938,-0.44446486234664917,0.011065703816711903,-0.34827786684036255,0.0,0.0,0.0,1.5683265111999571,70,255,255,255
237,8.104382943000019,18.4534969329834,-3.2272744178771973,-14.707778930664062,-0.43826794624328613,0.007173594553023577,-0.36807337403297424,0.0,0.0,0.0,1.568541028825763,70,255,255,255
238,8.136070647999986,18.439712524414062,-3.231062650680542,-14.710464477539062,-0.44669216871261597,0.01506490632891655,-0.3492017984390259,0.0,0.0,0.0,1.5692402417699634,70,255,255,255
239,8.175273044999813,18.425825119018555,-3.2362935543060303,-14.711212158203125,-0.45025479793548584,0.019156863912940025,-0.337111234664917,0.0,0.0,0.0,1.5692162733201527,70,255,255,255
240,8.20610588999989,18.412378311157227,-3.240675926208496,-14.713104248046875,-0.4314185082912445,0.02952088974416256,-0.354530930519104,0.0,0.0,0.0,1.5695309258029455,70,255,255,255
241,8.237952617999781,18.399036407470703,-3.2444796562194824,-14.716384887695312,-0.42465952038764954,0.030610302463173866,-0.3575824201107025,0.0,0.0,0.0,1.5697144176020519,70,255,255,255
242,8.280084521999925,18.383563995361328,-3.2486634254455566,-14.718673706054688,-0.4142632782459259,0.022797951474785805,-0.38386330008506775,0.0,0.0,0.0,1.5694069556542023,70,255,255,255
243,8.309710947999974,18.371665954589844,-3.2516257762908936,-14.719955444335938,-0.40883225202560425,0.025389432907104492,-0.3588634431362152,0.0,0.0,0.0,1.569925339960386,70,255,255,255
244,8.342941351999798,18.359251022338867,-3.2541537284851074,-14.721466064453125,-0.42423123121261597,0.03006751649081707,-0.31336289644241333,0.0,0.0,0.0,1.5704015131632922,70,255,255,255
245,8.383847413999774,18.346500396728516,-3.2561614513397217,-14.723068237304688,-0.45065435767173767,0.03615435212850571,-0.29130491614341736,0.0,0.0,0.0,1.5701174870330354,70,255,255,255
246,8.411319211999853,18.331581115722656,-3.258700370788574,-14.722030639648438,-0.44821617007255554,0.04505612328648567,-0.26827508211135864,0.0,0.0,0.0,1.5702511777197574,70,255,255,255
247,8.444159959999979,18.316730499267578,-3.2607054710388184,-14.720565795898438,-0.45020416378974915,0.06016436591744423,-0.24666021764278412,0.0,0.0,0.0,1.5704226852939585,70,255,255,255
248,8.481568179999613,18.298627853393555,-3.262420415878296,-14.71942138671875,-0.40794095396995544,0.06677497178316116,-0.22955675423145294,0.0,0.0,0.0,1.5708385378981744,70,255,255,255
249,8.513657942999998,18.284801483154297,-3.263261556625366,-14.719253540039062,-0.4414101839065552,0.06508998572826385,-0.21676959097385406,0.0,0.0,0.0,1.5710473297276366,70,255,255,255
250,8.547311525999703,18.269447326660156,-3.2675113677978516,-14.712738037109375,-0.4488358497619629,0.0626693144440651,-0.19849416613578796,0.0,0.0,0.0,1.571415245432231,70,255,255,255
251,8.583803932999672,18.25376319885254,-3.271230459213257,-14.707443237304688,-0.4644646644592285,0.058967165648937225,-0.2147357314825058,0.0,0.0,0.0,1.571852536483222,70,255,255,255
252,8.616500117999749,18.237743377685547,-3.2743406295776367,-14.703704833984375,-0.47119149565696716,0.06408718228340149,-0.2069602906703949,0.0,0.0,0.0,1.5723051407104809,70,255,255,255
253,8.648841092999646,18.22178840637207,-3.2768216133117676,-14.700180053710938,-0.46195074915885925,0.06883120536804199,-0.1972080022096634,0.0,0.0,0.0,1.5722936891177937,70,255,255,255
254,8.690350051999758,18.20149040222168,-3.279003143310547,-14.693572998046875,-0.4491962194442749,0.07391916215419769,-0.1931532621383667,0.0,0.0,0.0,1.5718115238024348,70,255,255,255
255,8.718853338999907,18.185890197753906,-3.280097007751465,-14.68975830078125,-0.4262673556804657,0.08385033905506134,-0.2019970566034317,0.0,0.0,0.0,1.5717827616626618,70,255,255,255
256,8.751368114999877,18.170169830322266,-3.280559539794922,-14.687240600585938,-0.4399915337562561,0.09335760027170181,-0.19425305724143982,0.0,0.0,0.0,1.5714856860430637,70,255,255,255
257,8.78798664299984,18.15540885925293,-3.281468391418457,-14.6826171875,-0.41611769795417786,0.10391171276569366,-0.20186637341976166,0.0,0.0,0.0,1.5711823519949035,70,255,255,255
258,8.820566335999956,18.141155242919922,-3.2826731204986572,-14.677093505859375,-0.43733564019203186,0.10574210435152054,-0.21813789010047913,0.0,0.0,0.0,1.5711775583049414,70,255,255,255
259,8.856294772999718,18.12541961669922,-3.2834091186523438,-14.674026489257812,-0.48178398609161377,0.10992196202278137,-0.24457497894763947,0.0,0.0,0.0,1.5710237607519895,70,255,255,255
260,8.897253009999986,18.105403900146484,-3.283658504486084,-14.672988891601562,-0.47772735357284546,0.10904011130332947,-0.28988075256347656,0.0,0.0,0.0,1.5711278903506114,70,255,255,255
261,8.923669152000002,18.091876983642578,-3.2858495712280273,-14.669891357421875,-0.4578453302383423,0.11771820485591888,-0.2958715856075287,0.0,0.0,0.0,1.5710040533599228,70,255,255,255
262,8.956427154999801,18.078861236572266,-3.288280487060547,-14.667007446289062,-0.4355584681034088,0.11122570186853409,-0.2907734811306,0.0,0.0,0.0,1.5708502558069708,70,255,255,255
263,8.995034146999842,18.066619873046875,-3.290466070175171,-14.665283203125,-0.4088228642940521,0.10415519028902054,-0.2856547236442566,0.0,0.0,0.0,1.5707297477676445,70,255,255,255
264,9.032076897000024,18.0548038482666,-3.291919469833374,-14.664703369140625,-0.3609605133533478,0.11723262816667557,-0.2991235852241516,0.0,0.0,0.0,1.570517893302929,70,255,255,255
265,9.061029655999846,18.04283332824707,-3.2935831546783447,-14.664276123046875,-0.35620105266571045,0.1171942800283432,-0.329214870929718,0.0,0.0,0.0,1.5702671566862978,70,255,255,255
266,9.103158269999767,18.02819061279297,-3.2947371006011963,-14.66571044921875,-0.35110434889793396,0.1239597275853157,-0.3242765963077545,0.0,0.0,0.0,1.5694136135569274,70,255,255,255
267,9.13117354499991,18.016550064086914,-3.295067310333252,-14.667617797851562,-0.35072335600852966,0.12873341143131256,-0.31850436329841614,0.0,0.0,0.0,1.569588183766382,70,255,255,255
268,9.16134364599975,18.004499435424805,-3.294766426086426,-14.669387817382812,-0.35426002740859985,0.13281510770320892,-0.3010689616203308,0.0,0.0,0.0,1.569434119897321,70,255,255,255
269,9.19792992199973,17.990442276000977,-3.293783664703369,-14.669342041015625,-0.33758193254470825,0.1312379539012909,-0.2932839095592499,0.0,0.0,0.0,1.5694255977818328,70,255,255,255
270,9.230195099999946,17.977901458740234,-3.292548179626465,-14.670547485351562,-0.3005554676055908,0.1329226791858673,-0.3034604489803314,0.0,0.0,0.0,1.5695592884685547,70,255,255,255
271,9.262774377999904,17.96605682373047,-3.2909748554229736,-14.67315673828125,-0.292237251996994,0.131643608212471,-0.30737850069999695,0.0,0.0,0.0,1.5695005657665186,70,255,255,255
272,9.299363156999789,17.950082778930664,-3.290271282196045,-14.676177978515625,-0.29233813285827637,0.1309383362531662,-0.32333138585090637,0.0,0.0,0.0,1.5697258691947393,70,255,255,255
273,9.331944169999588,17.937170028686523,-3.290170907974243,-14.679061889648438,-0.3094591498374939,0.1349658966064453,-0.3203691840171814,0.0,0.0,0.0,1.5695797948089485,70,255,255,255
274,9.36463832499976,17.92378044128418,-3.289585590362549,-14.682723999023438,-0.3138415813446045,0.1364312320947647,-0.3192133605480194,0.0,0.0,0.0,1.5697153497084335,70,255,255,255
275,9.401291141999991,17.91064453125,-3.288536310195923,-14.687301635742188,-0.3292737305164337,0.14015106856822968,-0.3259149193763733,0.0,0.0,0.0,1.5698999067719759,70,255,255,255
276,9.433751706999828,17.89554786682129,-3.289595603942871,-14.690139770507812,-0.324998676776886,0.14298319816589355,-0.31228727102279663,0.0,0.0,0.0,1.56976994451078,70,255,255,255
277,9.466378500999781,17.880992889404297,-3.2908053398132324,-14.692672729492188,-0.30748116970062256,0.14187060296535492,-0.3089737296104431,0.0,0.0,0.0,1.5691032221318788,70,255,255,255
278,9.503051563999634,17.864194869995117,-3.291633129119873,-14.697677612304688,-0.2896463871002197,0.13799013197422028,-0.336454302072525,0.0,0.0,0.0,1.568691630585407,70,255,255,255
279,9.535543909999888,17.851367950439453,-3.2917964458465576,-14.70263671875,-0.2735635042190552,0.13840597867965698,-0.3201795518398285,0.0,0.0,0.0,1.5684195886800554,70,255,255,255
280,9.568094962000032,17.83721160888672,-3.2931010723114014,-14.703582763671875,-0.2518829107284546,0.13678184151649475,-0.30566126108169556,0.0,0.0,0.0,1.5678623222219563,70,255,255,255
281,9.604506742000012,17.823904037475586,-3.293872833251953,-14.70556640625,-0.24247394502162933,0.1359197050333023,-0.31620368361473083,0.0,0.0,0.0,1.567799604778285,70,255,255,255
282,9.637160255999788,17.811729431152344,-3.2941513061523438,-14.708908081054688,-0.21916185319423676,0.13667044043540955,-0.337857186794281,0.0,0.0,0.0,1.5684929587680871,70,255,255,255
283,9.66946267000003,17.7998104095459,-3.2942230701446533,-14.713150024414062,-0.19468437135219574,0.13665014505386353,-0.327221155166626,0.0,0.0,0.0,1.5680864272276864,70,255,255,255
284,9.713232473999597,17.784685134887695,-3.294250726699829,-14.717819213867188,-0.17413653433322906,0.14089664816856384,-0.29741835594177246,0.0,0.0,0.0,1.5678107900548632,70,255,255,255
285,9.74430197699985,17.7728328704834,-3.293691873550415,-14.721466064453125,-0.17016614973545074,0.14845840632915497,-0.2811126708984375,0.0,0.0,0.0,1.5678483406262333,70,255,255,255
286,9.772213139999621,17.761999130249023,-3.292673349380493,-14.725860595703125,-0.14474575221538544,0.15076178312301636,-0.28431716561317444,0.0,0.0,0.0,1.567318771043471,70,255,255,255
287,9.808614383999611,17.751401901245117,-3.2921597957611084,-14.728134155273438,-0.14242272078990936,0.15388047695159912,-0.2749168872833252,0.0,0.0,0.0,1.5671629761197015,70,255,255,255
288,9.841255751999597,17.740385055541992,-3.292372226715088,-14.728439331054688,-0.15185730159282684,0.14884039759635925,-0.28472232818603516,0.0,0.0,0.0,1.567016502259747,70,255,255,255
289,9.8757624079999,17.729219436645508,-3.2921698093414307,-14.73016357421875,-0.17514309287071228,0.14937616884708405,-0.2788895070552826,0.0,0.0,0.0,1.5669222263571583,70,255,255,255
290,9.910937275999913,17.715015411376953,-3.2912228107452393,-14.734161376953125,-0.19284212589263916,0.14620764553546906,-0.3022150695323944,0.0,0.0,0.0,1.566522086403374,70,255,255,255
291,9.944261918999928,17.700706481933594,-3.2924437522888184,-14.735504150390625,-0.20057307183742523,0.1414511352777481,-0.3160921037197113,0.0,0.0,0.0,1.5672175709220482,70,255,255,255
292,9.979731942999933,17.686573028564453,-3.294057607650757,-14.736618041992188,-0.16715826094150543,0.1352316290140152,-0.2920723259449005,0.0,0.0,0.0,1.5672370119980057,70,255,255,255
293,10.013298206999934,17.67413330078125,-3.2951698303222656,-14.737777709960938,-0.1688225269317627,0.13276366889476776,-0.2663513123989105,0.0,0.0,0.0,1.5676101208667257,70,255,255,255
294,10.045614493999892,17.661930084228516,-3.295741081237793,-14.73944091796875,-0.16871251165866852,0.13589094579219818,-0.2710859775543213,0.0,0.0,0.0,1.5681607294220996,70,255,255,255
295,10.078187824999986,17.645736694335938,-3.299389600753784,-14.7412109375,-0.15673957765102386,0.12937317788600922,-0.23821452260017395,0.0,0.0,0.0,1.568844629190032,70,255,255,255
296,10.11467651799967,17.6283016204834,-3.303079843521118,-14.744277954101562,-0.13259057700634003,0.12317903339862823,-0.26159486174583435,0.0,0.0,0.0,1.5697671481916355,70,255,255,255
297,10.147120092000023,17.61568832397461,-3.3055272102355957,-14.748397827148438,-0.1187530979514122,0.11688368767499924,-0.2887001931667328,0.0,0.0,0.0,1.5703321378168957,70,255,255,255
298,10.179848244999903,17.603744506835938,-3.3076980113983154,-14.753280639648438,-0.11944029480218887,0.11180185526609421,-0.29822397232055664,0.0,0.0,0.0,1.57094573013205,70,255,255,255
299,10.21652128400001,17.592432022094727,-3.309781789779663,-14.757827758789062,-0.11356817930936813,0.11293765157461166,-0.286254346370697,0.0,0.0,0.0,1.5713449379794528,70,255,255,255
300,10.249022291999609,17.581703186035156,-3.3112668991088867,-14.762313842773438,-0.09842158108949661,0.12152928858995438,-0.2718307077884674,0.0,0.0,0.0,1.571483688672246,70,255,255,255
301,10.281610093999916,17.57265853881836,-3.3120248317718506,-14.767868041992188,-0.07581943273544312,0.1240987479686737,-0.29384565353393555,0.0,0.0,0.0,1.5717773021824273,70,255,255,255
302,10.318386515999919,17.560256958007812,-3.312281370162964,-14.775146484375,-0.07604824751615524,0.13302020728588104,-0.2878337502479553,0.0,0.0,0.0,1.5715065918576208,70,255,255,255
303,10.350832246999744,17.550376892089844,-3.3117012977600098,-14.781341552734375,-0.065345399081707,0.14779981970787048,-0.29698070883750916,0.0,0.0,0.0,1.571495806055206,70,255,255,255
304,10.383531923999726,17.541351318359375,-3.310110569000244,-14.788528442382812,-0.048787619918584824,0.1680886447429657,-0.31203320622444153,0.0,0.0,0.0,1.5713240321648958,70,255,255,255
305,10.420027429999664,17.533899307250977,-3.3075265884399414,-14.796554565429688,-0.035001300275325775,0.19138620793819427,-0.3259856104850769,0.0,0.0,0.0,1.5713888801374392,70,255,255,255
306,10.452511683000012,17.52390480041504,-3.307111978530884,-14.803573608398438,-0.03628021478652954,0.21011272072792053,-0.3255159258842468,0.0,0.0,0.0,1.5715675782465834,70,255,255,255
307,10.48516435900001,17.514497756958008,-3.306561231613159,-14.809921264648438,-0.007071251980960369,0.22626231610774994,-0.3100413978099823,0.0,0.0,0.0,1.5709627743630266,70,255,255,255
308,10.521864335999908,17.504337310791016,-3.3041131496429443,-14.818084716796875,0.0005614866968244314,0.25818315148353577,-0.3076496124267578,0.0,0.0,0.0,1.571166639344472,70,255,255,255
309,10.554163806999895,17.497413635253906,-3.300724744796753,-14.825149536132812,0.009256668388843536,0.27196335792541504,-0.31009185314178467,0.0,0.0,0.0,1.5713240321648958,70,255,255,255
310,10.586844221999854,17.4857234954834,-3.297287940979004,-14.831405639648438,0.01642749086022377,0.30093246698379517,-0.32148659229278564,0.0,0.0,0.0,1.571158916177311,70,255,255,255
311,10.623670908999884,17.475210189819336,-3.292559862136841,-14.837936401367188,0.033216748386621475,0.3260754346847534,-0.30284884572029114,0.0,0.0,0.0,1.570823091563852,70,255,255,255
312,10.6559047009996,17.466190338134766,-3.2863855361938477,-14.845001220703125,0.02989671193063259,0.3552171587944031,-0.31988513469696045,0.0,0.0,0.0,1.5699431831396897,70,255,255,255
313,10.688610922999942,17.456674575805664,-3.2790768146514893,-14.8515625,0.01936967484652996,0.38845980167388916,-0.31106796860694885,0.0,0.0,0.0,1.5692915076209473,70,255,255,255
314,10.725189049999699,17.441410064697266,-3.2687971591949463,-14.856063842773438,-0.015482703223824501,0.42653486132621765,-0.2955995798110962,0.0,0.0,0.0,1.5695032289276085,70,255,255,255
315,10.757629029999862,17.42966079711914,-3.2586421966552734,-14.859848022460938,-0.01637077145278454,0.47349002957344055,-0.28114768862724304,0.0,0.0,0.0,1.5694823231130515,70,255,255,255
316,10.790299562999735,17.41941261291504,-3.246837615966797,-14.864059448242188,-0.0212547667324543,0.5015666484832764,-0.2750515639781952,0.0,0.0,0.0,1.5696788644014994,70,255,255,255
317,10.826828832999581,17.407176971435547,-3.2352144718170166,-14.866409301757812,-0.0364881306886673,0.5292919874191284,-0.26270055770874023,0.0,0.0,0.0,1.5695700742709695,70,255,255,255
318,10.85935026199968,17.394411087036133,-3.223557949066162,-14.86712646484375,-0.019572041928768158,0.557395875453949,-0.2540416717529297,0.0,0.0,0.0,1.5693437055783128,70,255,255,255
319,10.892024037999818,17.382116317749023,-3.210171937942505,-14.868576049804688,-0.04784746840596199,0.5957816243171692,-0.25196415185928345,0.0,0.0,0.0,1.5693255960829002,70,255,255,255
320,10.928612946999692,17.367664337158203,-3.1914143562316895,-14.8712158203125,-0.04725409671664238,0.6239645481109619,-0.2317865788936615,0.0,0.0,0.0,1.5695180094716585,70,255,255,255
321,10.96100641699968,17.356063842773438,-3.1751439571380615,-14.873443603515625,-0.01906518265604973,0.6547387838363647,-0.21581317484378815,0.0,0.0,0.0,1.569751701857313,70,255,255,255
322,10.993509570999777,17.345460891723633,-3.1577234268188477,-14.875595092773438,-0.018134329468011856,0.6857728958129883,-0.18588608503341675,0.0,0.0,0.0,1.5700903227899166,70,255,255,255
323,11.030090199999904,17.335853576660156,-3.1385703086853027,-14.877395629882812,-0.000488069374114275,0.7253965139389038,-0.16466005146503448,0.0,0.0,0.0,1.5706154981568803,70,255,255,255
324,11.062352221999845,17.327674865722656,-3.1180062294006348,-14.879379272460938,0.010635030455887318,0.7615463137626648,-0.1807040572166443,0.0,0.0,0.0,1.572302477549391,70,255,255,255
325,11.095068875999914,17.319684982299805,-3.102285623550415,-14.8775634765625,0.013492293655872345,0.7986143231391907,-0.17401356995105743,0.0,0.0,0.0,1.5738593615226513,70,255,255,255
326,11.131754651999927,17.310754776000977,-3.0795063972473145,-14.876358032226562,0.029686111956834793,0.8544155359268188,-0.16666141152381897,0.0,0.0,0.0,1.5757293000820503,70,255,255,255
327,11.16399619799995,17.30474281311035,-3.0588765144348145,-14.8753662109375,0.029848221689462662,0.8885226249694824,-0.13662223517894745,0.0,0.0,0.0,1.5765491542236312,70,255,255,255
328,11.196754521000003,17.298967361450195,-3.0367469787597656,-14.874496459960938,0.06903218477964401,0.9393690228462219,-0.16560542583465576,0.0,0.0,0.0,1.579348269687359,70,255,255,255
329,11.233493424999779,17.29110336303711,-3.014287233352661,-14.872665405273438,0.09123562276363373,0.9848690032958984,-0.17670097947120667,0.0,0.0,0.0,1.580557344822255,70,255,255,255
330,11.265535261999958,17.28485870361328,-2.9894373416900635,-14.872161865234375,0.0884474664926529,1.040226936340332,-0.1995188295841217,0.0,0.0,0.0,1.583332225520063,70,255,255,255
331,11.2979942879997,17.27944564819336,-2.9622137546539307,-14.872940063476562,0.09726396203041077,1.0841726064682007,-0.20235390961170197,0.0,0.0,0.0,1.5868848824142288,70,255,255,255
332,11.335235114999705,17.27336883544922,-2.9288058280944824,-14.871826171875,0.10820723325014114,1.1407227516174316,-0.16475561261177063,0.0,0.0,0.0,1.589448707595648,70,255,255,255
333,11.367243867999605,17.269969940185547,-2.9010255336761475,-14.87042236328125,0.12785010039806366,1.1949474811553955,-0.15505406260490417,0.0,0.0,0.0,1.5926626103991557,70,255,255,255
334,11.399687167999673,17.267616271972656,-2.870802164077759,-14.86944580078125,0.15896426141262054,1.2397480010986328,-0.1469482183456421,0.0,0.0,0.0,1.5958100673334659,70,255,255,255
335,11.436696076999851,17.267290115356445,-2.8382110595703125,-14.868820190429688,0.17426958680152893,1.2922098636627197,-0.15090952813625336,0.0,0.0,0.0,1.5980521826552037,70,255,255,255
336,11.46888808499989,17.266855239868164,-2.806396007537842,-14.8675537109375,0.15970449149608612,1.3294479846954346,-0.16014322638511658,0.0,0.0,0.0,1.6029834248876487,70,255,255,255
337,11.501296992999869,17.26751708984375,-2.7732112407684326,-14.866714477539062,0.1965598613023758,1.370023488998413,-0.1563837081193924,0.0,0.0,0.0,1.6080251883053323,70,255,255,255
338,11.538362999999663,17.27080535888672,-2.7284624576568604,-14.8670654296875,0.24010376632213593,1.4290077686309814,-0.16534478962421417,0.0,0.0,0.0,1.6108040637447754,70,255,255,255
339,11.57052187699992,17.2750244140625,-2.690244674682617,-14.867340087890625,0.26191768050193787,1.469782829284668,-0.1346064656972885,0.0,0.0,0.0,1.6163116140371139,70,255,255,255
340,11.603060273999745,17.278369903564453,-2.6521997451782227,-14.867034912109375,0.27500295639038086,1.5220903158187866,-0.14326009154319763,0.0,0.0,0.0,1.6212672241935333,70,255,255,255
341,11.640654367000025,17.282670974731445,-2.611861228942871,-14.867218017578125,0.28078943490982056,1.5585911273956299,-0.14471596479415894,0.0,0.0,0.0,1.6274204578921614,70,255,255,255
342,11.672901200999604,17.288156509399414,-2.5691978931427,-14.868179321289062,0.2990500032901764,1.6093559265136719,-0.15629862248897552,0.0,0.0,0.0,1.6293492523116513,70,255,255,255
343,11.705040322999594,17.293670654296875,-2.525392770767212,-14.869827270507812,0.2874452769756317,1.6516239643096924,-0.17658695578575134,0.0,0.0,0.0,1.6356464298671982,70,255,255,255
344,11.742133141999602,17.299694061279297,-2.471630334854126,-14.87225341796875,0.2771901488304138,1.7041977643966675,-0.20223845541477203,0.0,0.0,0.0,1.6386512745251345,70,255,255,255
345,11.774215673999606,17.305727005004883,-2.4259417057037354,-14.875396728515625,0.29758358001708984,1.742031216621399,-0.21254059672355652,0.0,0.0,0.0,1.6448893299044816,70,255,255,255
346,11.80668625699991,17.312705993652344,-2.3781697750091553,-14.879241943359375,0.32002928853034973,1.7817026376724243,-0.2164451628923416,0.0,0.0,0.0,1.6508646644422924,70,255,255,255
347,11.844130480999866,17.31985855102539,-2.3296327590942383,-14.8812255859375,0.33730992674827576,1.8332290649414062,-0.2134064882993698,0.0,0.0,0.0,1.6575955377813587,70,255,255,255
348,11.876297216999774,17.32659149169922,-2.280130624771118,-14.88189697265625,0.35512056946754456,1.874853253364563,-0.20892292261123657,0.0,0.0,0.0,1.6606218208860701,70,255,255,255
349,11.90882679699962,17.334543228149414,-2.228262424468994,-14.88336181640625,0.3657919764518738,1.912960410118103,-0.20794840157032013,0.0,0.0,0.0,1.666931115824577,70,255,255,255
350,11.945979885999805,17.34449577331543,-2.1611924171447754,-14.884841918945312,0.3293076455593109,1.9387173652648926,-0.1634322702884674,0.0,0.0,0.0,1.6728949987697004,70,255,255,255
351,11.9782219599997,17.35223388671875,-2.1093266010284424,-14.882949829101562,0.31863364577293396,1.9715951681137085,-0.16406887769699097,0.0,0.0,0.0,1.6762081043238135,70,255,255,255
352,12.010631057999944,17.35938262939453,-2.056753158569336,-14.880706787109375,0.30723312497138977,1.9968681335449219,-0.14522923529148102,0.0,0.0,0.0,1.681788358913911,70,255,255,255
353,12.048311952999939,17.365888595581055,-2.0020132064819336,-14.878555297851562,0.2617730498313904,2.0367064476013184,-0.13600361347198486,0.0,0.0,0.0,1.688138932849314,70,255,255,255
354,12.080130928000017,17.372522354125977,-1.9451196193695068,-14.87701416015625,0.28834301233291626,2.0745251178741455,-0.12690004706382751,0.0,0.0,0.0,1.6915443169351982,70,255,255,255
355,12.112534208999932,17.377273559570312,-1.8896747827529907,-14.876144409179688,0.243096262216568,2.103792905807495,-0.12650100886821747,0.0,0.0,0.0,1.6972681159080512,70,255,255,255
356,12.149920827999722,17.383211135864258,-1.8170794248580933,-14.87646484375,0.2309177964925766,2.1570136547088623,-0.15313726663589478,0.0,0.0,0.0,1.703060358120919,70,255,255,255
357,12.18190833699964,17.388818740844727,-1.7563921213150024,-14.877578735351562,0.2613476514816284,2.1897177696228027,-0.12645989656448364,0.0,0.0,0.0,1.705919261551119,70,255,255,255
358,12.214353648999804,17.395423889160156,-1.6947250366210938,-14.878219604492188,0.2595103979110718,2.2370665073394775,-0.13177335262298584,0.0,0.0,0.0,1.712343605048717,70,255,255,255
359,12.25143993499978,17.403453826904297,-1.6334418058395386,-14.878799438476562,0.2782402038574219,2.2830419540405273,-0.14496184885501862,0.0,0.0,0.0,1.7155391320407032,70,255,255,255
360,12.283425394999995,17.412031173706055,-1.569678783416748,-14.88006591796875,0.27427706122398376,2.325258731842041,-0.15260107815265656,0.0,0.0,0.0,1.7212778447156605,70,255,255,255
361,12.316013955000017,17.42011260986328,-1.5034682750701904,-14.882537841796875,0.25124219059944153,2.3707971572875977,-0.17200754582881927,0.0,0.0,0.0,1.72648445780482,70,255,255,255
362,12.353211803999784,17.429981231689453,-1.4199161529541016,-14.882858276367188,0.19114471971988678,2.3975186347961426,-0.13992349803447723,0.0,0.0,0.0,1.728591684017345,70,255,255,255
363,12.385589205999622,17.4371280670166,-1.352291226387024,-14.88134765625,0.1683783084154129,2.4290482997894287,-0.12761229276657104,0.0,0.0,0.0,1.7330954888948324,70,255,255,255
364,12.41743571699999,17.443058013916016,-1.282898187637329,-14.880264282226562,0.09937768429517746,2.448913812637329,-0.13473743200302124,0.0,0.0,0.0,1.736836164961958,70,255,255,255
365,12.45452127999988,17.447492599487305,-1.2119789123535156,-14.87994384765625,0.07891244441270828,2.4706830978393555,-0.12337715923786163,0.0,0.0,0.0,1.7390449907700696,70,255,255,255
366,12.486841954999818,17.449508666992188,-1.1438604593276978,-14.878982543945312,0.07217052578926086,2.4871129989624023,-0.11515550315380096,0.0,0.0,0.0,1.7438276286136885,70,255,255,255
367,12.519379579999622,17.451473236083984,-1.0751948356628418,-14.87847900390625,0.06962759047746658,2.505390167236328,-0.10376042872667313,0.0,0.0,0.0,1.7473732281309653,70,255,255,255
368,12.556479684999886,17.453109741210938,-0.9870137572288513,-14.87811279296875,0.043217018246650696,2.5322866439819336,-0.08856992423534393,0.0,0.0,0.0,1.7492808504197892,70,255,255,255
369,12.588940060999903,17.454437255859375,-0.9150331616401672,-14.87738037109375,0.054176922887563705,2.536571741104126,-0.07413128763437271,0.0,0.0,0.0,1.7523609293785203,70,255,255,255
370,12.620701974999974,17.45737075805664,-0.8444116115570068,-14.872406005859375,0.040316954255104065,2.5529446601867676,-0.09010612219572067,0.0,0.0,0.0,1.7566275797609363,70,255,255,255
371,12.658367108999755,17.46018409729004,-0.7721335291862488,-14.868515014648438,0.052232544869184494,2.5730416774749756,-0.08882542699575424,0.0,0.0,0.0,1.7586561095632496,70,255,255,255
372,12.689731729999949,17.46407699584961,-0.6983379125595093,-14.865707397460938,0.10137572884559631,2.5883495807647705,-0.09432260692119598,0.0,0.0,0.0,1.762383869299088,70,255,255,255
373,12.722291140999914,17.469072341918945,-0.6240102052688599,-14.86297607421875,0.08100878447294235,2.598330497741699,-0.11239366978406906,0.0,0.0,0.0,1.76654958587619,70,255,255,255
374,12.759248243000002,17.47586441040039,-0.5323241353034973,-14.858230590820312,0.0876358151435852,2.616645097732544,-0.12974905967712402,0.0,0.0,0.0,1.7685371029977162,70,255,255,255
375,12.791993316999651,17.481060028076172,-0.4576188325881958,-14.855819702148438,0.0868038609623909,2.6185715198516846,-0.131502166390419,0.0,0.0,0.0,1.7727459627844773,70,255,255,255
376,12.82404820399961,17.48664093017578,-0.3815298080444336,-14.854248046875,0.10480304062366486,2.638718843460083,-0.14089074730873108,0.0,0.0,0.0,1.7766106090003457,70,255,255,255
377,12.861853940999936,17.492496490478516,-0.30507785081863403,-14.851394653320312,0.11265411972999573,2.653656005859375,-0.16041049361228943,0.0,0.0,0.0,1.7789238307231885,70,255,255,255
378,12.893936940000003,17.497344970703125,-0.22852492332458496,-14.847564697265625,0.09389830380678177,2.6634409427642822,-0.17435038089752197,0.0,0.0,0.0,1.7827333495044924,70,255,255,255
379,12.925695408999673,17.501934051513672,-0.15095119178295135,-14.844757080078125,0.09618932008743286,2.6667592525482178,-0.16040249168872833,0.0,0.0,0.0,1.7861148982986206,70,255,255,255
380,12.962555959999918,17.506772994995117,-0.05266563966870308,-14.84246826171875,0.04630361869931221,2.671480417251587,-0.1565173715353012,0.0,0.0,0.0,1.788281113529291,70,255,255,255
381,12.995117386999937,17.511173248291016,0.025167645886540413,-14.84014892578125,0.04204815998673439,2.688685417175293,-0.16281160712242126,0.0,0.0,0.0,1.7926332513826986,70,255,255,255
382,13.027472541999941,17.515411376953125,0.1034790426492691,-14.838348388671875,0.0365607850253582,2.7026889324188232,-0.16937893629074097,0.0,0.0,0.0,1.795555671204897,70,255,255,255
383,13.064408462999836,17.519023895263672,0.1831613928079605,-14.8375244140625,0.0022468012757599354,2.708819627761841,-0.1610206812620163,0.0,0.0,0.0,1.7970164150628054,70,255,255,255
384,13.096750220999638,17.522167205810547,0.26387518644332886,-14.837066650390625,0.004499146249145269,2.7256438732147217,-0.14672984182834625,0.0,0.0,0.0,1.8010784015154488,70,255,255,255
385,13.15346173099988,17.527158737182617,0.34122100472450256,-14.837295532226562,0.010818851180374622,2.728790521621704,-0.1498132348060608,0.0,0.0,0.0,1.804819077582574,70,255,255,255
386,13.189959498999997,17.532194137573242,0.4392763674259186,-14.838790893554688,-0.011165987700223923,2.730836868286133,-0.15777921676635742,0.0,0.0,0.0,1.80641337896915,70,255,255,255
387,13.230105172999629,17.5360050201416,0.5187931060791016,-14.840057373046875,0.0031148577108979225,2.7288827896118164,-0.12194421142339706,0.0,0.0,0.0,1.80641337896915,70,255,255,255
388,13.279370511999787,17.539793014526367,0.5983918905258179,-14.841171264648438,-0.003545846324414015,2.731433153152466,-0.13256129622459412,0.0,0.0,0.0,1.808631525841077,70,255,255,255
389,13.31772884899965,17.543956756591797,0.6766630411148071,-14.84234619140625,0.014371555298566818,2.7379462718963623,-0.1417614072561264,0.0,0.0,0.0,1.8106954756858884,70,255,255,255
390,13.345268181999927,17.54774284362793,0.7561686038970947,-14.844009399414062,-0.004491710569709539,2.747058868408203,-0.1313679814338684,0.0,0.0,0.0,1.8106954756858884,70,255,255,255
391,13.367725586999768,17.551177978515625,0.8363539576530457,-14.845703125,-0.02271014079451561,2.7211315631866455,-0.11045370250940323,0.0,0.0,0.0,1.812917217825287,70,255,255,255
392,13.375748136999846,17.553930282592773,0.9327797889709473,-14.847366333007812,-0.06886453926563263,2.6950390338897705,-0.10301143676042557,0.0,0.0,0.0,1.8150572009192203,70,255,255,255
393,13.40659345999984,17.555665969848633,1.0090986490249634,-14.849258422851562,-0.09274435043334961,2.6965413093566895,-0.107645183801651,0.0,0.0,0.0,1.8257841474739505,70,255,255,255
394,13.439457404999757,17.556440353393555,1.0863653421401978,-14.85162353515625,-0.10614770650863647,2.690999984741211,-0.1124771386384964,0.0,0.0,0.0,1.8341319590688583,70,255,255,255
395,13.475209728999744,17.55672264099121,1.1643658876419067,-14.854141235351562,-0.11441643536090851,2.6801908016204834,-0.09518731385469437,0.0,0.0,0.0,1.8357120125436022,70,255,255,255
396,13.507475368999621,17.55673599243164,1.2416411638259888,-14.855499267578125,-0.15187948942184448,2.6651742458343506,-0.10285573452711105,0.0,0.0,0.0,1.838944158000577,70,255,255,255
397,13.539880771999833,17.55633544921875,1.3188695907592773,-14.856491088867188,-0.17185266315937042,2.6453592777252197,-0.08376166969537735,0.0,0.0,0.0,1.84074325647498,70,255,255,255
398,13.576476430999719,17.554231643676758,1.415282964706421,-14.857696533203125,-0.19595573842525482,2.598226547241211,-0.07461513578891754,0.0,0.0,0.0,1.8412283512675378,70,255,255,255
399,13.608877702999962,17.551969528198242,1.4919453859329224,-14.85888671875,-0.2012673020362854,2.564204216003418,-0.07881966978311539,0.0,0.0,0.0,1.844146243715883,70,255,255,255
400,13.641504171999713,17.551528930664062,1.5647153854370117,-14.857650756835938,-0.14657434821128845,2.542064666748047,-0.08863218873739243,0.0,0.0,0.0,1.849249659312802,70,255,255,255
401,13.678142080999805,17.55184555053711,1.6376632452011108,-14.857101440429688,-0.1383173018693924,2.5011091232299805,-0.07418550550937653,0.0,0.0,0.0,1.8529972595987616,70,255,255,255
402,13.710348526999951,17.552310943603516,1.7104123830795288,-14.8565673828125,-0.11442835628986359,2.4844343662261963,-0.08005103468894958,0.0,0.0,0.0,1.8617389527188921,70,255,255,255
403,13.743002244999843,17.553131103515625,1.7823772430419922,-14.856155395507812,-0.10585659742355347,2.4680562019348145,-0.09873775392770767,0.0,0.0,0.0,1.8699384262410825,70,255,255,255
404,13.779808622000019,17.556076049804688,1.8693724870681763,-14.853851318359375,-0.1022804006934166,2.4523401260375977,-0.11024171859025955,0.0,0.0,0.0,1.8783544147598965,70,255,255,255
405,13.812157827999727,17.557758331298828,1.9397729635238647,-14.853134155273438,-0.1287968009710312,2.4479458332061768,-0.11945132166147232,0.0,0.0,0.0,1.882102547678074,70,255,255,255
406,13.845165726999767,17.558340072631836,2.011021614074707,-14.85321044921875,-0.13746945559978485,2.4491183757781982,-0.12491846084594727,0.0,0.0,0.0,1.8896849667756932,70,255,255,255
407,13.881552033999924,17.55929183959961,2.081174612045288,-14.854415893554688,-0.136402890086174,2.4673092365264893,-0.14130663871765137,0.0,0.0,0.0,1.892088602817544,70,255,255,255
408,13.9136701059997,17.559667587280273,2.150214910507202,-14.856414794921875,-0.18723933398723602,2.460512638092041,-0.13018926978111267,0.0,0.0,0.0,1.899140120751856,70,255,255,255
409,13.94668185799992,17.558473587036133,2.219984531402588,-14.858856201171875,-0.21658781170845032,2.4460673332214355,-0.1287381649017334,0.0,0.0,0.0,1.9053016102498632,70,255,255,255
410,13.98313111699963,17.55552101135254,2.308535575866699,-14.861572265625,-0.22165556252002716,2.458665609359741,-0.10610436648130417,0.0,0.0,0.0,1.9106210082111876,70,255,255,255
411,14.015394107999782,17.555387496948242,2.3799784183502197,-14.86358642578125,-0.23568183183670044,2.4668211936950684,-0.10217823088169098,0.0,0.0,0.0,1.913006002125408,70,255,255,255
412,14.048425374999624,17.554941177368164,2.452214002609253,-14.865676879882812,-0.25221413373947144,2.4746954441070557,-0.08767558634281158,0.0,0.0,0.0,1.9182755989743479,70,255,255,255
413,14.08488019799961,17.553190231323242,2.525437116622925,-14.867828369140625,-0.2875332534313202,2.4768991470336914,-0.10659641772508621,0.0,0.0,0.0,1.923216295428663,70,255,255,255
414,14.117147509999995,17.549978256225586,2.599252462387085,-14.86993408203125,-0.3026782274246216,2.4752814769744873,-0.06932162493467331,0.0,0.0,0.0,1.9253841085559873,70,255,255,255
415,14.149993877999805,17.549955368041992,2.670642375946045,-14.87060546875,-0.3334854543209076,2.47385311126709,-0.06320570409297943,0.0,0.0,0.0,1.929083372468162,70,255,255,255
416,14.186572139999953,17.5478458404541,2.7616782188415527,-14.872222900390625,-0.34835487604141235,2.4945812225341797,-0.07937774062156677,0.0,0.0,0.0,1.931015096364851,70,255,255,255
417,14.219047197999771,17.544836044311523,2.8356428146362305,-14.874038696289062,-0.3671684265136719,2.49310040473938,-0.07782654464244843,0.0,0.0,0.0,1.9351957266440571,70,255,255,255
418,14.251922215999912,17.540287017822266,2.909564971923828,-14.876205444335938,-0.39472246170043945,2.4962387084960938,-0.09939680248498917,0.0,0.0,0.0,1.939491938114573,70,255,255,255
419,14.288725187999717,17.535064697265625,2.9823200702667236,-14.87921142578125,-0.39801129698753357,2.4967243671417236,-0.08599904924631119,0.0,0.0,0.0,1.9412618749750397,70,255,255,255
420,14.321522497999922,17.528745651245117,3.056014060974121,-14.882431030273438,-0.44653382897377014,2.491299629211426,-0.10195867717266083,0.0,0.0,0.0,1.9439938787792974,70,255,255,255
421,14.354253894999601,17.520238876342773,3.130262851715088,-14.88629150390625,-0.4726022779941559,2.49802303314209,-0.1265866458415985,0.0,0.0,0.0,1.9478372197064453,70,255,255,255
422,14.39015850199985,17.509851455688477,3.2213501930236816,-14.890289306640625,-0.5120910406112671,2.4806101322174072,-0.1146124005317688,0.0,0.0,0.0,1.9496155455243458,70,255,255,255
423,14.422885714999666,17.501678466796875,3.293732166290283,-14.892913818359375,-0.5232878923416138,2.474209785461426,-0.10564704984426498,0.0,0.0,0.0,1.9525472864103595,70,255,255,255
424,14.455835195999953,17.491899490356445,3.366358757019043,-14.895339965820312,-0.5623476505279541,2.451676845550537,-0.09279271215200424,0.0,0.0,0.0,1.955493275208205,70,255,255,255
425,14.492092283999682,17.480205535888672,3.439120054244995,-14.89788818359375,-0.5966847538948059,2.437228202819824,-0.10143907368183136,0.0,0.0,0.0,1.9587268854037794,70,255,255,255
426,14.524508107999736,17.467893600463867,3.510265588760376,-14.89886474609375,-0.601426899433136,2.430124282836914,-0.07566240429878235,0.0,0.0,0.0,1.9604367679816648,70,255,255,255
427,14.557358672999726,17.454526901245117,3.5812792778015137,-14.898880004882812,-0.6194599270820618,2.428239107131958,-0.06527718901634216,0.0,0.0,0.0,1.9638583973501986,70,255,255,255
428,14.594014386999788,17.436853408813477,3.670952796936035,-14.898651123046875,-0.6167616844177246,2.4183835983276367,-0.042453888803720474,0.0,0.0,0.0,1.9648211300842622,70,255,255,255
429,14.626142101999903,17.42165184020996,3.743196487426758,-14.898040771484375,-0.6513279676437378,2.408472776412964,-0.006103805266320705,0.0,0.0,0.0,1.9679960175778002,70,255,255,255
430,14.659175267999672,17.408418655395508,3.815119504928589,-14.895751953125,-0.6559606790542603,2.428407669067383,-0.01351738441735506,0.0,0.0,0.0,1.9708462657344574,70,255,255,255
431,14.695780527999887,17.394941329956055,3.888338327407837,-14.8944091796875,-0.6201577186584473,2.4452695846557617,-0.024262094870209694,0.0,0.0,0.0,1.974531015418691,70,255,255,255
432,14.72804350899969,17.381248474121094,3.9620864391326904,-14.893234252929688,-0.6409662961959839,2.4194822311401367,-0.014365666545927525,0.0,0.0,0.0,1.976260871704752,70,255,255,255
433,14.760997005999798,17.367225646972656,4.03516960144043,-14.89166259765625,-0.6470394134521484,2.4263617992401123,-0.027370447292923927,0.0,0.0,0.0,1.9800493515134443,70,255,255,255
434,14.797537914999793,17.353425979614258,4.125617027282715,-14.889602661132812,-0.6191213726997375,2.457700729370117,-0.06300094723701477,0.0,0.0,0.0,1.9818646952704968,70,255,255,255
435,14.829549303000022,17.341447830200195,4.198975563049316,-14.888946533203125,-0.64337158203125,2.4500956535339355,-0.06518054008483887,0.0,0.0,0.0,1.9863957975491575,70,255,255,255
436,14.862785329999952,17.327503204345703,4.27297306060791,-14.8887939453125,-0.6954676508903503,2.4431674480438232,-0.05980497598648071,0.0,0.0,0.0,1.991044078915782,70,255,255,255
437,14.899431903999812,17.31303596496582,4.346345901489258,-14.888137817382812,-0.7276373505592346,2.4270617961883545,-0.02100422792136669,0.0,0.0,0.0,1.9929869880890492,70,255,255,255
438,14.931798942999649,17.29825782775879,4.419356346130371,-14.887100219726562,-0.7362965941429138,2.430043935775757,-0.010638630948960781,0.0,0.0,0.0,1.9963994295518221,70,255,255,255
439,14.96469380399958,17.282817840576172,4.493513584136963,-14.886734008789062,-0.7276836037635803,2.4500741958618164,-0.03556624799966812,0.0,0.0,0.0,2.000600699329477,70,255,255,255
440,15.001575770999807,17.261920928955078,4.586816787719727,-14.887039184570312,-0.7401662468910217,2.43473219871521,-0.0473909005522728,0.0,0.0,0.0,2.0047806638184107,70,255,255,255
441,15.03362576299969,17.246734619140625,4.66082239151001,-14.8870849609375,-0.7343937754631042,2.441751480102539,-0.07227293401956558,0.0,0.0,0.0,2.006829566803063,70,255,255,255
442,15.066499439999916,17.231273651123047,4.735214710235596,-14.887832641601562,-0.7444024682044983,2.444974422454834,-0.08105376362800598,0.0,0.0,0.0,2.010512718590643,70,255,255,255
443,15.103066207999746,17.215072631835938,4.810216426849365,-14.888916015625,-0.7424543499946594,2.4507699012756348,-0.07577290385961533,0.0,0.0,0.0,2.015325450154579,70,255,255,255
444,15.135399167999822,17.198562622070312,4.885900497436523,-14.89013671875,-0.7150406241416931,2.4586246013641357,-0.06738186627626419,0.0,0.0,0.0,2.0173116356955605,70,255,255,255
445,15.168301638999765,17.181379318237305,4.961372375488281,-14.88970947265625,-0.7524224519729614,2.449998140335083,-0.09784333407878876,0.0,0.0,0.0,2.0220736340407313,70,255,255,255
446,15.204959353999584,17.156766891479492,5.055349826812744,-14.890304565429688,-0.7921285629272461,2.4380931854248047,-0.09536750614643097,0.0,0.0,0.0,2.02449258325885,70,255,255,255
447,15.237153847999707,17.13524055480957,5.130743503570557,-14.891387939453125,-0.8289116621017456,2.4238924980163574,-0.1110038235783577,0.0,0.0,0.0,2.028850446908601,70,255,255,255
448,15.270079964999695,17.113500595092773,5.206274509429932,-14.892730712890625,-0.8377082943916321,2.424833297729492,-0.09692923724651337,0.0,0.0,0.0,2.0332678322087157,70,255,255,255
449,15.306557800999599,17.09364891052246,5.28191614151001,-14.89337158203125,-0.8273736834526062,2.4320285320281982,-0.09564425051212311,0.0,0.0,0.0,2.0381942807511986,70,255,255,255
450,15.33903879599984,17.07269859313965,5.357766628265381,-14.894500732421875,-0.8587161302566528,2.417746067047119,-0.11132510006427765,0.0,0.0,0.0,2.0405835357231634,70,255,255,255
451,15.372675153999808,17.050304412841797,5.433703899383545,-14.895889282226562,-0.8825451135635376,2.411729097366333,-0.08559228479862213,0.0,0.0,0.0,2.045295067165677,70,255,255,255
452,15.41000108299977,17.023284912109375,5.527734279632568,-14.895492553710938,-0.8912757039070129,2.403859853744507,-0.048783399164676666,0.0,0.0,0.0,2.047405089697347,70,255,255,255
453,15.44236691299966,17.00174331665039,5.6028289794921875,-14.894317626953125,-0.8911295533180237,2.4109437465667725,-0.04846248775720596,0.0,0.0,0.0,2.051929400915228,70,255,255,255
454,15.47506156199961,16.97977066040039,5.6785173416137695,-14.893569946289062,-0.8893583416938782,2.420170307159424,-0.07644565403461456,0.0,0.0,0.0,2.0563048414281737,70,255,255,255
455,15.5113781809996,16.95636749267578,5.7542595863342285,-14.893753051757812,-0.9186493158340454,2.3999197483062744,-0.05569380521774292,0.0,0.0,0.0,2.058605812610002,70,255,255,255
456,15.543803701999877,16.933290481567383,5.829573154449463,-14.893295288085938,-0.9476365447044373,2.39553165435791,-0.06074097380042076,0.0,0.0,0.0,2.063027325809806,70,255,255,255
457,15.576195432999612,16.90952491760254,5.904877185821533,-14.89251708984375,-0.9627988934516907,2.385690927505493,-0.052330002188682556,0.0,0.0,0.0,2.0677493767386257,70,255,255,255
458,15.612972326999625,16.877561569213867,5.998699188232422,-14.892181396484375,-1.0040700435638428,2.368467330932617,-0.05830470845103264,0.0,0.0,0.0,2.069905871431317,70,255,255,255
459,15.645443702999728,16.85101318359375,6.073747634887695,-14.892105102539062,-0.9886115193367004,2.3635611534118652,-0.03615085408091545,0.0,0.0,0.0,2.0742538813850353,70,255,255,255
460,15.67789079799968,16.827604293823242,6.149074077606201,-14.8896484375,-0.9990693926811218,2.3574085235595703,-0.03352900967001915,0.0,0.0,0.0,2.07922946524963,70,255,255,255
461,15.714535817999604,16.802915573120117,6.224239349365234,-14.887481689453125,-1.0108551979064941,2.349212884902954,-0.01545663271099329,0.0,0.0,0.0,2.081365054127765,70,255,255,255
462,15.746948570999848,16.776762008666992,6.298939228057861,-14.885391235351562,-1.0320528745651245,2.327166795730591,-0.0084962984547019,0.0,0.0,0.0,2.0853861610576754,70,255,255,255
463,15.779380366999703,16.749855041503906,6.373060703277588,-14.883590698242188,-1.0531624555587769,2.2973780632019043,-0.007029933389276266,0.0,0.0,0.0,2.089367720045398,70,255,255,255
464,15.815958508999756,16.715791702270508,6.464663982391357,-14.882797241210938,-1.0798677206039429,2.2738561630249023,-0.03885998949408531,0.0,0.0,0.0,2.0918701593636913,70,255,255,255
465,15.84840555699975,16.687976837158203,6.537747383117676,-14.882858276367188,-1.057906985282898,2.26635479927063,-0.03189932927489281,0.0,0.0,0.0,2.0964349506301416,70,255,255,255
466,15.881366720999722,16.659706115722656,6.610405921936035,-14.882843017578125,-1.050702691078186,2.252319097518921,-0.02573259174823761,0.0,0.0,0.0,2.1010392898387797,70,255,255,255
467,15.918044124999597,16.632644653320312,6.682598114013672,-14.883163452148438,-1.0430166721343994,2.2472596168518066,-0.02877299301326275,0.0,0.0,0.0,2.1050603967686903,70,255,255,255
468,15.950341572999605,16.606746673583984,6.7548441886901855,-14.883651733398438,-1.0392940044403076,2.243112564086914,-0.020643752068281174,0.0,0.0,0.0,2.1069015731883165,70,255,255,255
469,15.983401380000032,16.579790115356445,6.826928615570068,-14.884185791015625,-1.0426052808761597,2.2476789951324463,-0.028829902410507202,0.0,0.0,0.0,2.110994185993496,70,255,255,255
470,16.02007969899978,16.54546356201172,6.917184829711914,-14.884765625,-1.0258342027664185,2.246314287185669,-0.0004822300106752664,0.0,0.0,0.0,2.113147618050934,70,255,255,255
471,16.052196873999947,16.519323348999023,6.989829063415527,-14.885284423828125,-1.0531647205352783,2.220752477645874,-0.003408687887713313,0.0,0.0,0.0,2.1167761750361667,70,255,255,255
472,16.085246068999822,16.49296760559082,7.062417030334473,-14.88531494140625,-1.0473716259002686,2.2135581970214844,0.024412764236330986,0.0,0.0,0.0,2.1207245776683186,70,255,255,255
473,16.122310018999997,16.46519660949707,7.133975028991699,-14.884841918945312,-1.0728816986083984,2.17850923538208,0.02898966334760189,0.0,0.0,0.0,2.123962315763582,70,255,255,255
474,16.15424924099989,16.436330795288086,7.204598903656006,-14.884750366210938,-1.0839885473251343,2.1559770107269287,0.009249653667211533,0.0,0.0,0.0,2.1260329235111186,70,255,255,255
475,16.18750939599977,16.409257888793945,7.27580451965332,-14.885528564453125,-1.0788931846618652,2.152310609817505,-0.014390051364898682,0.0,0.0,0.0,2.1299656134928386,70,255,255,255
476,16.225905801999943,16.374324798583984,7.364614009857178,-14.887985229492188,-1.0833486318588257,2.1483006477355957,-0.046489667147397995,0.0,0.0,0.0,2.1335419725207063,70,255,255,255
477,16.25622193299978,16.345735549926758,7.435573101043701,-14.89056396484375,-1.0838546752929688,2.1433706283569336,-0.04169028624892235,0.0,0.0,0.0,2.1358746353195066,70,255,255,255
478,16.28971413799991,16.317590713500977,7.5057454109191895,-14.89312744140625,-1.0893129110336304,2.128709554672241,-0.06467816978693008,0.0,0.0,0.0,2.1403487459508397,70,255,255,255
479,16.32656225699975,16.291400909423828,7.5744805335998535,-14.895706176757812,-1.113879680633545,2.108865261077881,-0.06878706067800522,0.0,0.0,0.0,2.144845626609493,70,255,255,255
480,16.358227039999747,16.264326095581055,7.643026351928711,-14.898239135742188,-1.1134309768676758,2.099931240081787,-0.05488578602671623,0.0,0.0,0.0,2.1466335398073175,70,255,255,255
481,16.391354233999664,16.236543655395508,7.711109638214111,-14.900726318359375,-1.1159706115722656,2.070441246032715,-0.06780774146318436,0.0,0.0,0.0,2.1500565007563965,70,255,255,255
482,16.42810013099961,16.203014373779297,7.793262958526611,-14.906478881835938,-1.1088799238204956,2.0656652450561523,-0.07273658365011215,0.0,0.0,0.0,2.1544780139562008,70,255,255,255
483,16.46023485099977,16.17707633972168,7.8578996658325195,-14.911483764648438,-1.094944953918457,2.0640556812286377,-0.062226273119449615,0.0,0.0,0.0,2.1566723255363716,70,255,255,255
484,16.493270325999674,16.150423049926758,7.922702312469482,-14.916275024414062,-1.0959304571151733,2.0601720809936523,-0.08395843952894211,0.0,0.0,0.0,2.1612280620551156,70,255,255,255
485,16.530205661999844,16.12299919128418,7.987624168395996,-14.921615600585938,-1.0874476432800293,2.0572152137756348,-0.07149050384759903,0.0,0.0,0.0,2.1656860605618538,70,255,255,255
486,16.562074411999674,16.098976135253906,8.05166244506836,-14.926406860351562,-1.103454828262329,2.0432190895080566,-0.06832901388406754,0.0,0.0,0.0,2.1675651870270136,70,255,255,255
487,16.59490765800001,16.074073791503906,8.11474895477295,-14.930892944335938,-1.1317118406295776,2.0189452171325684,-0.05467800423502922,0.0,0.0,0.0,2.172107607740307,70,255,255,255
488,16.632072692999827,16.039648056030273,8.192367553710938,-14.935821533203125,-1.18594229221344,1.968509316444397,-0.04446415230631828,0.0,0.0,0.0,2.174414571034588,70,255,255,255
489,16.664121812999838,16.009984970092773,8.253718376159668,-14.939346313476562,-1.20087468624115,1.9533579349517822,-0.05002496764063835,0.0,0.0,0.0,2.1783520547062705,70,255,255,255
490,16.69707575199982,15.982528686523438,8.314424514770508,-14.94287109375,-1.2118198871612549,1.9279285669326782,-0.04486185312271118,0.0,0.0,0.0,2.1828585227448483,70,255,255,255
491,16.73384561199964,15.953253746032715,8.37463092803955,-14.946624755859375,-1.2536308765411377,1.9037197828292847,-0.06790102273225784,0.0,0.0,0.0,2.185020077443611,70,255,255,255
492,16.76598185399962,15.921978950500488,8.434521675109863,-14.95050048828125,-1.2627660036087036,1.8960928916931152,-0.051662199199199677,0.0,0.0,0.0,2.189663565120273,70,255,255,255
493,16.799059252000006,15.891406059265137,8.494227409362793,-14.95452880859375,-1.2633609771728516,1.8872970342636108,-0.052591852843761444,0.0,0.0,0.0,2.1927762678023575,70,255,255,255
494,16.83561829099972,15.85660457611084,8.567797660827637,-14.962493896484375,-1.2864071130752563,1.874794363975525,-0.06241588667035103,0.0,0.0,0.0,2.1952536734064036,70,255,255,255
495,16.867777749999732,15.827363014221191,8.626617431640625,-14.968490600585938,-1.2826454639434814,1.8592925071716309,-0.05940723046660423,0.0,0.0,0.0,2.200649637249068,70,255,255,255
496,16.900644718999956,15.796590805053711,8.684951782226562,-14.97406005859375,-1.2969497442245483,1.8326621055603027,-0.05287257209420204,0.0,0.0,0.0,2.20515091212352,70,255,255,255
497,16.937317705999703,15.766709327697754,8.74417781829834,-14.97967529296875,-1.3044685125350952,1.813214898109436,-0.06663968414068222,0.0,0.0,0.0,2.2078179347971796,70,255,255,255
498,16.969763124999645,15.737471580505371,8.804253578186035,-14.985031127929688,-1.3131444454193115,1.7876026630401611,-0.051183294504880905,0.0,0.0,0.0,2.2117286536999066,70,255,255,255
499,17.002778890999707,15.707173347473145,8.863605499267578,-14.989761352539062,-1.2954121828079224,1.7750756740570068,-0.02614140324294567,0.0,0.0,0.0,2.216306627613753,70,255,255,255
500,17.039591470999767,15.668298721313477,8.937551498413086,-14.9945068359375,-1.297719955444336,1.7725168466567993,-0.02502228133380413,0.0,0.0,0.0,2.221481682243995,70,255,255,255
501,17.071912124999926,15.638699531555176,8.99551773071289,-15.000076293945312,-1.3378970623016357,1.7383091449737549,-0.0329320915043354,0.0,0.0,0.0,2.2238387129667694,70,255,255,255
502,17.10519457999999,15.60765552520752,9.052213668823242,-15.005783081054688,-1.3705986738204956,1.7003018856048584,-0.01927168108522892,0.0,0.0,0.0,2.2277880477053023,70,255,255,255
503,17.141506774999925,15.57469367980957,9.107951164245605,-15.0107421875,-1.38064706325531,1.6799226999282837,-0.016279282048344612,0.0,0.0,0.0,2.232808505834265,70,255,255,255
504,17.1738695439999,15.540459632873535,9.163117408752441,-15.01507568359375,-1.4014370441436768,1.6593995094299316,-0.008956613950431347,0.0,0.0,0.0,2.234898687815814,70,255,255,255
505,17.206805855999846,15.509661674499512,9.219541549682617,-15.014755249023438,-1.396022081375122,1.6625334024429321,0.0067083039321005344,0.0,0.0,0.0,2.2392012908729457,70,255,255,255
506,17.243610326999715,15.469390869140625,9.289653778076172,-15.014114379882812,-1.3875908851623535,1.653802514076233,0.024461474269628525,0.0,0.0,0.0,2.243702299431289,70,255,255,255
507,17.27643477499987,15.436264038085938,9.345473289489746,-15.013290405273438,-1.391069769859314,1.6440261602401733,0.025772182270884514,0.0,0.0,0.0,2.246335100484941,70,255,255,255
508,17.308760483999777,15.402935981750488,9.401774406433105,-15.012969970703125,-1.407531976699829,1.6175466775894165,0.03631550073623657,0.0,0.0,0.0,2.2505463571166837,70,255,255,255
509,17.34537650099992,15.372161865234375,9.460996627807617,-15.014694213867188,-1.4171457290649414,1.6072392463684082,0.022964317351579666,0.0,0.0,0.0,2.2553823913401585,70,255,255,255
510,17.37766198999998,15.339578628540039,9.519183158874512,-15.0164794921875,-1.4296520948410034,1.5884380340576172,0.008122462779283524,0.0,0.0,0.0,2.2575502044674827,70,255,255,255
511,17.410797438999907,15.305654525756836,9.576315879821777,-15.018630981445312,-1.4101744890213013,1.5909487009048462,-0.005910050589591265,0.0,0.0,0.0,2.2613750364250547,70,255,255,255
512,17.44734716999983,15.26611042022705,9.647653579711914,-15.024002075195312,-1.3683565855026245,1.5977766513824463,-0.018971016630530357,0.0,0.0,0.0,2.2635191474186773,70,255,255,255
513,17.479635439999583,15.235671997070312,9.704580307006836,-15.029617309570312,-1.3735824823379517,1.5841646194458008,-0.05050482228398323,0.0,0.0,0.0,2.26807395183104,70,255,255,255
514,17.513135912999587,15.203468322753906,9.760624885559082,-15.035018920898438,-1.3855897188186646,1.5787012577056885,-0.032370440661907196,0.0,0.0,0.0,2.2728290259573765,70,255,255,255
515,17.54936857299981,15.169897079467773,9.816235542297363,-15.040283203125,-1.3933582305908203,1.575828194618225,-0.052823200821876526,0.0,0.0,0.0,2.2748855189511357,70,255,255,255
516,17.582135395000023,15.138334274291992,9.872518539428711,-15.044219970703125,-1.4013310670852661,1.5600627660751343,-0.047501061111688614,0.0,0.0,0.0,2.2790368544583512,70,255,255,255
517,17.615416851999726,15.106693267822266,9.92850112915039,-15.04736328125,-1.3933920860290527,1.5569727420806885,-0.05396081134676933,0.0,0.0,0.0,2.2835831367552255,70,255,255,255
518,17.651340634999997,15.064987182617188,9.997154235839844,-15.052047729492188,-1.4055285453796387,1.542476773262024,-0.0652458593249321,0.0,0.0,0.0,2.2860162007271216,70,255,255,255
519,17.683699284999875,15.03000259399414,10.051300048828125,-15.055145263671875,-1.392350435256958,1.5468156337738037,-0.04794282093644142,0.0,0.0,0.0,2.289496685955746,70,255,255,255
520,17.717127195999637,15.001136779785156,10.107637405395508,-15.057769775390625,-1.3773688077926636,1.5486055612564087,-0.023161165416240692,0.0,0.0,0.0,2.2937132689096686,70,255,255,255
521,17.753866764999657,14.970712661743164,10.163373947143555,-15.060562133789062,-1.3750863075256348,1.5543302297592163,-0.032598402351140976,0.0,0.0,0.0,2.298993784719078,70,255,255,255
522,17.785813850999602,14.939091682434082,10.218750953674316,-15.062942504882812,-1.3730533123016357,1.5537385940551758,-0.01346029993146658,0.0,0.0,0.0,2.3009072659622998,70,255,255,255
523,17.818914726000003,14.90756607055664,10.274571418762207,-15.064346313476562,-1.3585422039031982,1.5647249221801758,0.009708967991173267,0.0,0.0,0.0,2.304609326193619,70,255,255,255
524,17.85558795399993,14.870841979980469,10.347153663635254,-15.065841674804688,-1.371639609336853,1.5617345571517944,0.02359197475016117,0.0,0.0,0.0,2.3064458420813376,70,255,255,255
525,17.88766937199989,14.838872909545898,10.403532981872559,-15.0667724609375,-1.3982727527618408,1.5270661115646362,0.011229285039007664,0.0,0.0,0.0,2.3101787949813017,70,255,255,255
526,17.921090671,14.80522632598877,10.458728790283203,-15.067764282226562,-1.4120467901229858,1.5099204778671265,0.02091214992105961,0.0,0.0,0.0,2.314414552695073,70,255,255,255
527,17.95747729699997,14.773608207702637,10.514654159545898,-15.07037353515625,-1.4234482049942017,1.4904310703277588,0.015377892181277275,0.0,0.0,0.0,2.316842822977007,70,255,255,255
528,17.989779602,14.74374771118164,10.571234703063965,-15.074020385742188,-1.4309823513031006,1.475542664527893,0.03567208722233772,0.0,0.0,0.0,2.3211608723684614,70,255,255,255
529,18.02361594099966,14.712096214294434,10.626687049865723,-15.076812744140625,-1.4371213912963867,1.473054051399231,0.039251867681741714,0.0,0.0,0.0,2.324841893627169,70,255,255,255
530,18.05963652399987,14.670480728149414,10.695075988769531,-15.07989501953125,-1.4343571662902832,1.4750348329544067,0.05087437108159065,0.0,0.0,0.0,2.3267151611379306,70,255,255,255
531,18.09196258599968,14.639748573303223,10.75172233581543,-15.082015991210938,-1.4486017227172852,1.4617794752120972,0.0731920674443245,0.0,0.0,0.0,2.329837184883831,70,255,255,255
532,18.126281189999645,14.608580589294434,10.80848217010498,-15.083816528320312,-1.4446446895599365,1.4792410135269165,0.06016918644309044,0.0,0.0,0.0,2.33420769854876,70,255,255,255
533,18.161992799000018,14.575467109680176,10.864197731018066,-15.085647583007812,-1.4696117639541626,1.4603681564331055,0.07206891477108002,0.0,0.0,0.0,2.337950505144757,70,255,255,255
534,18.19412403699971,14.540374755859375,10.918985366821289,-15.087310791015625,-1.4704675674438477,1.477543830871582,0.055024586617946625,0.0,0.0,0.0,2.3399302990991218,70,255,255,255
535,18.22770060799985,14.507330894470215,10.9746732711792,-15.092758178710938,-1.495027780532837,1.4658864736557007,0.05331633985042572,0.0,0.0,0.0,2.343631027749896,70,255,255,255
536,18.263657922999755,14.463248252868652,11.042684555053711,-15.098739624023438,-1.5209543704986572,1.4404758214950562,0.06845192611217499,0.0,0.0,0.0,2.345679531260385,70,255,255,255
537,18.295892853999703,14.425379753112793,11.095558166503906,-15.103103637695312,-1.557827353477478,1.4167537689208984,0.0475839301943779,0.0,0.0,0.0,2.3494268652302357,70,255,255,255
538,18.3291024199998,14.386514663696289,11.148134231567383,-15.10784912109375,-1.5562654733657837,1.4297056198120117,0.04015454277396202,0.0,0.0,0.0,2.3538756758312127,70,255,255,255
539,18.36562380899977,14.348580360412598,11.20130443572998,-15.113555908203125,-1.5666497945785522,1.4022181034088135,0.04475049301981926,0.0,0.0,0.0,2.3581300756726145,70,255,255,255
540,18.398194408999643,14.309664726257324,11.253929138183594,-15.11865234375,-1.5367918014526367,1.4330527782440186,0.043986111879348755,0.0,0.0,0.0,2.36022518450218,70,255,255,255
541,18.43137231999981,14.2700834274292,11.3064603805542,-15.122787475585938,-1.5468218326568604,1.4386545419692993,0.057168006896972656,0.0,0.0,0.0,2.3642468240643084,70,255,255,255
542,18.467395501999817,14.22081470489502,11.372611045837402,-15.131317138671875,-1.5511341094970703,1.4371527433395386,0.05537964776158333,0.0,0.0,0.0,2.3684551512188516,70,255,255,255
543,18.499853370999972,14.181609153747559,11.425591468811035,-15.138992309570312,-1.539489984512329,1.4337987899780273,0.05083037540316582,0.0,0.0,0.0,2.3701894017207112,70,255,255,255
544,18.53292333499985,14.14128589630127,11.477481842041016,-15.1456298828125,-1.5474578142166138,1.422447681427002,0.058109622448682785,0.0,0.0,0.0,2.374656854449319,70,255,255,255
545,18.56987434599978,14.100102424621582,11.52881908416748,-15.150711059570312,-1.532122015953064,1.4247092008590698,0.10344643145799637,0.0,0.0,0.0,2.3782593124558695,70,255,255,255
546,18.601827477999905,14.062073707580566,11.58005428314209,-15.153045654296875,-1.556678295135498,1.3994202613830566,0.08209017664194107,0.0,0.0,0.0,2.3804401750725352,70,255,255,255
547,18.635049434999928,14.02387809753418,11.630525588989258,-15.154861450195312,-1.549159288406372,1.399046540260315,0.07971003651618958,0.0,0.0,0.0,2.3849917836915897,70,255,255,255
548,18.672026695999648,13.974568367004395,11.692744255065918,-15.156570434570312,-1.5497418642044067,1.383978247642517,0.10596007853746414,0.0,0.0,0.0,2.3894539100980174,70,255,255,255
549,18.70374644100002,13.934321403503418,11.74216079711914,-15.157272338867188,-1.527101755142212,1.4058806896209717,0.09992780536413193,0.0,0.0,0.0,2.391318655493291,70,255,255,255
550,18.736615789999632,13.89771842956543,11.796930313110352,-15.158233642578125,-1.5236650705337524,1.4037621021270752,0.11903724819421768,0.0,0.0,0.0,2.394884095560689,70,255,255,255
551,18.773746024999582,13.860136032104492,11.850997924804688,-15.158355712890625,-1.5231016874313354,1.4064621925354004,0.1291033774614334,0.0,0.0,0.0,2.396927272748998,70,255,255,255
552,18.80535147899991,13.821333885192871,11.903983116149902,-15.1583251953125,-1.5250298976898193,1.3828085660934448,0.13881784677505493,0.0,0.0,0.0,2.401402448644767,70,255,255,255
553,18.838368778999666,13.782405853271484,11.956358909606934,-15.157760620117188,-1.536896824836731,1.3616381883621216,0.14411553740501404,0.0,0.0,0.0,2.405804387610559,70,255,255,255
554,18.8760679359998,13.7372407913208,12.022749900817871,-15.15692138671875,-1.5271294116973877,1.3534334897994995,0.1664087176322937,0.0,0.0,0.0,2.4099565220661017,70,255,255,255
555,18.907052934999683,13.699725151062012,12.07474136352539,-15.155380249023438,-1.5345497131347656,1.340721607208252,0.17136749625205994,0.0,0.0,0.0,2.412157891023161,70,255,255,255
556,18.939923626999644,13.660149574279785,12.124918937683105,-15.153411865234375,-1.551596999168396,1.3148670196533203,0.1681021898984909,0.0,0.0,0.0,2.4169491841403223,70,255,255,255
557,18.976769212999898,13.622050285339355,12.176101684570312,-15.152481079101562,-1.5692055225372314,1.3183553218841553,0.13197989761829376,0.0,0.0,0.0,2.4187987495173826,70,255,255,255
558,19.00882269099975,13.585206985473633,12.228079795837402,-15.151535034179688,-1.5850770473480225,1.300065040588379,0.15148986876010895,0.0,0.0,0.0,2.4230883030851733,70,255,255,255
559,19.041856704999645,13.546839714050293,12.279051780700684,-15.150131225585938,-1.5790497064590454,1.3075032234191895,0.15604005753993988,0.0,0.0,0.0,2.4277461718317217,70,255,255,255
560,19.078332617999877,13.497175216674805,12.341754913330078,-15.147781372070312,-1.586613416671753,1.3017715215682983,0.1368233561515808,0.0,0.0,0.0,2.430201872672884,70,255,255,255
561,19.110769916999743,13.458792686462402,12.393081665039062,-15.147537231445312,-1.5625511407852173,1.320000410079956,0.13594961166381836,0.0,0.0,0.0,2.434915135170106,70,255,255,255
562,19.144342470999618,13.420578956604004,12.445152282714844,-15.14764404296875,-1.5678352117538452,1.3224048614501953,0.11757916957139969,0.0,0.0,0.0,2.4398960453568814,70,255,255,255
563,19.1994222659996,13.380558967590332,12.496264457702637,-15.148422241210938,-1.5867319107055664,1.331485629081726,0.08959610015153885,0.0,0.0,0.0,2.444487068760069,70,255,255,255
564,19.233762352999747,13.339388847351074,12.546957969665527,-15.14862060546875,-1.5668489933013916,1.3509013652801514,0.1081281527876854,0.0,0.0,0.0,2.444487068760069,70,255,255,255
565,19.268612247999954,13.305580139160156,12.602343559265137,-15.151763916015625,-1.5681930780410767,1.3341299295425415,0.10701572895050049,0.0,0.0,0.0,2.446399751054964,70,255,255,255
566,19.297271007999825,13.260824203491211,12.669123649597168,-15.15435791015625,-1.5795782804489136,1.3128182888031006,0.11782252788543701,0.0,0.0,0.0,2.4486759548386545,70,255,255,255
567,19.352527604999977,13.223114013671875,12.72097110748291,-15.15576171875,-1.5768744945526123,1.3178330659866333,0.12454741448163986,0.0,0.0,0.0,2.4486759548386545,70,255,255,255
568,19.37253232499961,13.186360359191895,12.773226737976074,-15.157745361328125,-1.575219988822937,1.3031331300735474,0.1419021636247635,0.0,0.0,0.0,2.450469593832823,70,255,255,255
569,19.414432974999727,13.154047012329102,12.827472686767578,-15.163223266601562,-1.5788089036941528,1.298637866973877,0.16562147438526154,0.0,0.0,0.0,2.4526366080118205,70,255,255,255
570,19.44721602699974,13.119625091552734,12.880556106567383,-15.167617797851562,-1.5962828397750854,1.2828590869903564,0.14980177581310272,0.0,0.0,0.0,2.4526366080118205,70,255,255,255
571,19.479713922999963,13.08286190032959,12.931811332702637,-15.171096801757812,-1.611126184463501,1.2620556354522705,0.16419489681720734,0.0,0.0,0.0,2.4547647400389025,70,255,255,255
572,19.498646206999638,13.039117813110352,12.997139930725098,-15.174758911132812,-1.6255366802215576,1.249234676361084,0.16342680156230927,0.0,0.0,0.0,2.456657182309513,70,255,255,255
573,19.52779813799998,13.004490852355957,13.049736022949219,-15.177658081054688,-1.6378751993179321,1.2320479154586792,0.1576354056596756,0.0,0.0,0.0,2.466377986604411,70,255,255,255
574,19.558587536999767,12.966890335083008,13.099638938903809,-15.179153442382812,-1.683746337890625,1.176838994026184,0.1907804012298584,0.0,0.0,0.0,2.4779001530606393,70,255,255,255
575,19.59466478899958,12.92670726776123,13.14746379852295,-15.17950439453125,-1.6906472444534302,1.1822848320007324,0.19639186561107635,0.0,0.0,0.0,2.481282900277258,70,255,255,255
576,19.62753210899973,12.888263702392578,13.196686744689941,-15.18048095703125,-1.712748408317566,1.161424160003662,0.19433768093585968,0.0,0.0,0.0,2.484487748333059,70,255,255,255
577,19.65973613799997,12.848804473876953,13.244789123535156,-15.180740356445312,-1.7189735174179077,1.1419382095336914,0.20106637477874756,0.0,0.0,0.0,2.489790102063407,70,255,255,255
578,19.696623348999765,12.79667854309082,13.30213737487793,-15.179931640625,-1.74903404712677,1.0926666259765625,0.2023915946483612,0.0,0.0,0.0,2.4964003342050924,70,255,255,255
579,19.73893634199976,12.752998352050781,13.345681190490723,-15.179046630859375,-1.7325754165649414,1.064713954925537,0.1928781121969223,0.0,0.0,0.0,2.499580414862756,70,255,255,255
580,19.76632721199985,12.715438842773438,13.392406463623047,-15.178695678710938,-1.706246018409729,1.0475585460662842,0.20700451731681824,0.0,0.0,0.0,2.501869668135788,70,255,255,255
581,19.800452786999813,12.67694091796875,13.436986923217773,-15.17803955078125,-1.683719277381897,1.0135520696640015,0.171749547123909,0.0,0.0,0.0,2.508999483006148,70,255,255,255
582,19.837075869999808,12.637297630310059,13.47924518585205,-15.17767333984375,-1.6675306558609009,0.9844503998756409,0.16240331530570984,0.0,0.0,0.0,2.5114586459567274,70,255,255,255
583,19.865619737999623,12.598395347595215,13.520350456237793,-15.177291870117188,-1.660266637802124,0.9425706267356873,0.1626116782426834,0.0,0.0,0.0,2.5173463624946746,70,255,255,255
584,19.90135911499965,12.554548263549805,13.571840286254883,-15.177261352539062,-1.6551932096481323,0.90840744972229,0.16282770037651062,0.0,0.0,0.0,2.5203370923988335,70,255,255,255
585,19.93414361999976,12.517903327941895,13.61146354675293,-15.176513671875,-1.6365193128585815,0.915060818195343,0.16973479092121124,0.0,0.0,0.0,2.525278854117585,70,255,255,255
586,19.96636553799999,12.479864120483398,13.64999008178711,-15.175567626953125,-1.6487455368041992,0.8943541049957275,0.1490478366613388,0.0,0.0,0.0,2.530633405805298,70,255,255,255
587,20.00381966699979,12.44328784942627,13.688753128051758,-15.174362182617188,-1.6638749837875366,0.8693802356719971,0.1616308093070984,0.0,0.0,0.0,2.5332526247373908,70,255,255,255
588,20.03582579499971,12.40784740447998,13.727486610412598,-15.172286987304688,-1.6916307210922241,0.8283263444900513,0.16085922718048096,0.0,0.0,0.0,2.5381887938178527,70,255,255,255
589,20.068735740999728,12.369970321655273,13.764630317687988,-15.16986083984375,-1.6992998123168945,0.8290184140205383,0.1656152606010437,0.0,0.0,0.0,2.5426413328443562,70,255,255,255
590,20.109246673999678,12.319880485534668,13.809662818908691,-15.166763305664062,-1.7211554050445557,0.8151354193687439,0.1780136674642563,0.0,0.0,0.0,2.5470435381262573,70,255,255,255
591,20.13879686099972,12.283517837524414,13.846923828125,-15.166702270507812,-1.749248743057251,0.7978089451789856,0.16735030710697174,0.0,0.0,0.0,2.548687507467163,70,255,255,255
592,20.173711059999732,12.246156692504883,13.88348388671875,-15.167068481445312,-1.7822386026382446,0.7936264872550964,0.16652141511440277,0.0,0.0,0.0,2.552811945047369,70,255,255,255
593,20.210224217999894,12.205913543701172,13.919134140014648,-15.167404174804688,-1.8167566061019897,0.7905750870704651,0.14084242284297943,0.0,0.0,0.0,2.5558191865502864,70,255,255,255
594,20.243569567999657,12.16286563873291,13.953536033630371,-15.167404174804688,-1.8379757404327393,0.7896612882614136,0.14413073658943176,0.0,0.0,0.0,2.5603308477529896,70,255,255,255
595,20.27968110899974,12.108412742614746,13.998526573181152,-15.17242431640625,-1.8697223663330078,0.7641208171844482,0.16899794340133667,0.0,0.0,0.0,2.5652363904809157,70,255,255,255
596,20.313613747999625,12.061797142028809,14.032331466674805,-15.175125122070312,-1.9017561674118042,0.7432803511619568,0.18167173862457275,0.0,0.0,0.0,2.569284129021727,70,255,255,255
597,20.346042846999808,12.013128280639648,14.06490707397461,-15.17633056640625,-1.9117815494537354,0.7361186742782593,0.19736617803573608,0.0,0.0,0.0,2.571434365285857,70,255,255,255
598,20.381873885000005,11.96496295928955,14.097489356994629,-15.175949096679688,-1.9408435821533203,0.7074581980705261,0.21595583856105804,0.0,0.0,0.0,2.575463195382929,70,255,255,255
599,20.414547747999677,11.921418190002441,14.132984161376953,-15.175048828125,-1.9557737112045288,0.7269335389137268,0.19299247860908508,0.0,0.0,0.0,2.5771641563711625,70,255,255,255
600,20.447353032999672,11.875099182128906,14.167136192321777,-15.173736572265625,-1.9930223226547241,0.7045718431472778,0.1897277534008026,0.0,0.0,0.0,2.581287262370823,70,255,255,255
601,20.482475323000017,11.826483726501465,14.200055122375488,-15.1719970703125,-1.9967676401138306,0.7053084373474121,0.19079239666461945,0.0,0.0,0.0,2.584613284256223,70,255,255,255
602,20.516653745999974,11.769468307495117,14.244685173034668,-15.1693115234375,-2.0224504470825195,0.6828464865684509,0.21149607002735138,0.0,0.0,0.0,2.58632409894049,70,255,255,255
603,20.549031277999802,11.724063873291016,14.280706405639648,-15.166610717773438,-2.054377555847168,0.6614428162574768,0.19549860060214996,0.0,0.0,0.0,2.589874358989675,70,255,255,255
604,20.58327271500002,11.67586612701416,14.314945220947266,-15.1636962890625,-2.07720947265625,0.6467562317848206,0.18775224685668945,0.0,0.0,0.0,2.5932587041029476,70,255,255,255
605,20.618677083999955,11.625332832336426,14.34781265258789,-15.161056518554688,-2.079637289047241,0.6696196794509888,0.1689440906047821,0.0,0.0,0.0,2.596747178814842,70,255,255,255
606,20.650884312000017,11.580013275146484,14.387567520141602,-15.158370971679688,-2.079721212387085,0.6996709704399109,0.16368640959262848,0.0,0.0,0.0,2.5989789078083287,70,255,255,255
607,20.683642382000016,11.534207344055176,14.427850723266602,-15.155029296875,-2.1007347106933594,0.6711282730102539,0.1841300129890442,0.0,0.0,0.0,2.60259441530422,70,255,255,255
608,20.73157173799973,11.473398208618164,14.475273132324219,-15.150711059570312,-2.102029800415039,0.6885907649993896,0.1640024185180664,0.0,0.0,0.0,2.605606983129318,70,255,255,255
609,20.753662839999834,11.422628402709961,14.512055397033691,-15.147506713867188,-2.1067025661468506,0.7027567625045776,0.14652642607688904,0.0,0.0,0.0,2.6070972880753263,70,255,255,255
610,20.78609805899987,11.380498886108398,14.559309005737305,-15.145965576171875,-2.1086883544921875,0.7092265486717224,0.1364913433790207,0.0,0.0,0.0,2.610287488745132,70,255,255,255
611,20.82663985499994,11.335450172424316,14.604081153869629,-15.14471435546875,-2.107621192932129,0.7258015871047974,0.11752288788557053,0.0,0.0,0.0,2.6141008691100165,70,255,255,255
612,20.857828093999615,11.28846263885498,14.64804744720459,-15.143325805664062,-2.0978517532348633,0.7663877010345459,0.1256323754787445,0.0,0.0,0.0,2.6161315294412018,70,255,255,255
613,20.888435747999665,11.241506576538086,14.693248748779297,-15.141021728515625,-2.1011452674865723,0.801535964012146,0.14053687453269958,0.0,0.0,0.0,2.62056409475953,70,255,255,255
614,20.92900910399976,11.187030792236328,14.754854202270508,-15.1363525390625,-2.1163995265960693,0.8018901944160461,0.11656074225902557,0.0,0.0,0.0,2.625401726879659,70,255,255,255
615,20.96210234499995,11.140326499938965,14.801501274108887,-15.1328125,-2.114718198776245,0.8143759369850159,0.12754672765731812,0.0,0.0,0.0,2.6275202715268167,70,255,255,255
616,20.992234746999657,11.091588973999023,14.846861839294434,-15.129074096679688,-2.111806631088257,0.8332732915878296,0.11331088095903397,0.0,0.0,0.0,2.6319355262980593,70,255,255,255
617,21.03042586299989,11.04524040222168,14.893503189086914,-15.1268310546875,-2.1291730403900146,0.796782910823822,0.12701329588890076,0.0,0.0,0.0,2.6362122966926176,70,255,255,255
618,21.061505702999966,11.000600814819336,14.940826416015625,-15.125152587890625,-2.1468546390533447,0.7901663184165955,0.13530418276786804,0.0,0.0,0.0,2.6385976900810015,70,255,255,255
619,21.094940341999973,10.953361511230469,14.985872268676758,-15.122695922851562,-2.1437125205993652,0.7714108824729919,0.14358937740325928,0.0,0.0,0.0,2.642884047855484,70,255,255,255
620,21.131010136999976,10.890950202941895,15.038119316101074,-15.119247436523438,-2.1557090282440186,0.7395409941673279,0.168427512049675,0.0,0.0,0.0,2.6453469392315894,70,255,255,255
621,21.164165777999642,10.843424797058105,15.082715034484863,-15.115585327148438,-2.15921688079834,0.7382020354270935,0.14847739040851593,0.0,0.0,0.0,2.6500721859537166,70,255,255,255
622,21.19614383699991,10.794981002807617,15.126583099365234,-15.112442016601562,-2.167487621307373,0.7344221472740173,0.12209063023328781,0.0,0.0,0.0,2.6544605427979495,70,255,255,255
623,21.23238061899974,10.744248390197754,15.168305397033691,-15.109100341796875,-2.17141056060791,0.7326400279998779,0.14986297488212585,0.0,0.0,0.0,2.6592297316780633,70,255,255,255
624,21.264483478999864,10.691122055053711,15.208189964294434,-15.105422973632812,-2.197305679321289,0.7220944762229919,0.14321069419384003,0.0,0.0,0.0,2.66178610000843,70,255,255,255
625,21.297112514999753,10.642997741699219,15.253064155578613,-15.104217529296875,-2.220003843307495,0.7020952105522156,0.13119354844093323,0.0,0.0,0.0,2.6665243962198995,70,255,255,255
626,21.333980638999947,10.579068183898926,15.306122779846191,-15.102920532226562,-2.2180304527282715,0.7299354076385498,0.11912186443805695,0.0,0.0,0.0,2.6689332254258757,70,255,255,255
627,21.366333718999613,10.525548934936523,15.347222328186035,-15.10186767578125,-2.2271792888641357,0.7401278614997864,0.11833148449659348,0.0,0.0,0.0,2.6737548785794645,70,255,255,255
628,21.398799937999684,10.471968650817871,15.387927055358887,-15.101577758789062,-2.240983009338379,0.7421537041664124,0.09442836791276932,0.0,0.0,0.0,2.678752832997216,70,255,255,255
629,21.442706789999647,10.423280715942383,15.430917739868164,-15.103134155273438,-2.2363319396972656,0.7377810478210449,0.11208287626504898,0.0,0.0,0.0,2.6833473185098207,70,255,255,255
630,21.46841550299996,10.372085571289062,15.471517562866211,-15.103622436523438,-2.2527592182159424,0.7143535017967224,0.12058178335428238,0.0,0.0,0.0,2.686619011908983,70,255,255,255
631,21.501258632999907,10.3184232711792,15.50981330871582,-15.103759765625,-2.2565414905548096,0.6884036064147949,0.11657062917947769,0.0,0.0,0.0,2.6905330597630726,70,255,255,255
632,21.5391719549998,10.252419471740723,15.561867713928223,-15.106414794921875,-2.2623400688171387,0.7088982462882996,0.08066602796316147,0.0,0.0,0.0,2.6955725594938293,70,255,255,255
633,21.573051246999967,10.198888778686523,15.605334281921387,-15.10980224609375,-2.2806875705718994,0.6890875101089478,0.09685435146093369,0.0,0.0,0.0,2.697637041970859,70,255,255,255
634,21.60426409899992,10.142876625061035,15.646252632141113,-15.111801147460938,-2.29099178314209,0.6969804763793945,0.10543300211429596,0.0,0.0,0.0,2.7016245930710348,70,255,255,255
635,21.64053280600001,10.084614753723145,15.684978485107422,-15.11334228515625,-2.2997374534606934,0.6636882424354553,0.1133425161242485,0.0,0.0,0.0,2.70533038172788,70,255,255,255
636,21.673754447999727,10.031368255615234,15.725862503051758,-15.118301391601562,-2.3094418048858643,0.6335620880126953,0.09210771322250366,0.0,0.0,0.0,2.7073344104481647,70,255,255,255
637,21.708386522999717,9.977861404418945,15.765727996826172,-15.123672485351562,-2.3060648441314697,0.6420207023620605,0.09670480340719223,0.0,0.0,0.0,2.711140866594215,70,255,255,255
638,21.742436050999913,9.90805721282959,15.812858581542969,-15.128738403320312,-2.3089969158172607,0.6253278851509094,0.10141916573047638,0.0,0.0,0.0,2.7131275847674137,70,255,255,255
639,21.77946287299983,9.849830627441406,15.84858512878418,-15.132247924804688,-2.3152177333831787,0.6431005001068115,0.08679690212011337,0.0,0.0,0.0,2.7174826520980204,70,255,255,255
640,21.809263530999942,9.797201156616211,15.890830039978027,-15.136795043945312,-2.312160015106201,0.6455345749855042,0.09014715999364853,0.0,0.0,0.0,2.7212377092350324,70,255,255,255
641,21.845410511999944,9.742347717285156,15.93080997467041,-15.140121459960938,-2.314460277557373,0.644872784614563,0.1232563853263855,0.0,0.0,0.0,2.7236281626294874,70,255,255,255
642,21.879874389999713,9.685403823852539,15.96875286102295,-15.141799926757812,-2.3064682483673096,0.6475308537483215,0.1457354724407196,0.0,0.0,0.0,2.727583223164364,70,255,255,255
643,21.911988258999827,9.628782272338867,16.006633758544922,-15.144027709960938,-2.3087010383605957,0.6434770822525024,0.1274924874305725,0.0,0.0,0.0,2.732428312135545,70,255,255,255
644,21.94859054399967,9.56300163269043,16.057790756225586,-15.152099609375,-2.3077304363250732,0.6329742074012756,0.12674875557422638,0.0,0.0,0.0,2.7364752517280295,70,255,255,255
645,21.982707966999897,9.507742881774902,16.095861434936523,-15.156784057617188,-2.308915615081787,0.614882230758667,0.15474660694599152,0.0,0.0,0.0,2.7386324122109937,70,255,255,255
646,22.014114974999757,9.450651168823242,16.13174057006836,-15.15985107421875,-2.3051023483276367,0.6107489466667175,0.15206708014011383,0.0,0.0,0.0,2.7428197003929253,70,255,255,255
647,22.054330598999968,9.396822929382324,16.170129776000977,-15.164413452148438,-2.3113174438476562,0.5729308724403381,0.1611984223127365,0.0,0.0,0.0,2.7455172162610664,70,255,255,255
648,22.10551631599992,9.345870018005371,16.210039138793945,-15.169479370117188,-2.3033385276794434,0.5540046691894531,0.16466858983039856,0.0,0.0,0.0,2.748150816263046,70,255,255,255
649,22.13017216199978,9.292823791503906,16.24763298034668,-15.17327880859375,-2.288177013397217,0.5705062747001648,0.19072413444519043,0.0,0.0,0.0,2.751217446258272,70,255,255,255
650,22.15976179099971,9.223864555358887,16.29233741760254,-15.175857543945312,-2.2864091396331787,0.5787411332130432,0.19094955921173096,0.0,0.0,0.0,2.7526768585356356,70,255,255,255
651,22.192474950999895,9.17208480834961,16.331745147705078,-15.17999267578125,-2.2793691158294678,0.5923668146133423,0.17727355659008026,0.0,0.0,0.0,2.756174920627455,70,255,255,255
652,22.229786691999834,9.119901657104492,16.371009826660156,-15.184707641601562,-2.2937281131744385,0.5885670185089111,0.14821134507656097,0.0,0.0,0.0,2.7598346365974415,70,255,255,255
653,22.262206972999593,9.065288543701172,16.40807342529297,-15.188247680664062,-2.3034040927886963,0.5784190893173218,0.1720549613237381,0.0,0.0,0.0,2.7615153575613904,70,255,255,255
654,22.295401650999793,9.00806713104248,16.442590713500977,-15.190887451171875,-2.3200743198394775,0.5508953928947449,0.1726134568452835,0.0,0.0,0.0,2.7650685470877745,70,255,255,255
655,22.32999633700001,8.959121704101562,16.48394012451172,-15.19158935546875,-2.3123538494110107,0.5657143592834473,0.1981775313615799,0.0,0.0,0.0,2.7685061554228487,70,255,255,255
656,22.364493910999954,8.89391803741455,16.532176971435547,-15.191482543945312,-2.3296632766723633,0.5509384870529175,0.19199055433273315,0.0,0.0,0.0,2.7701072478702042,70,255,255,255
657,22.39710190400001,8.838676452636719,16.567758560180664,-15.19085693359375,-2.343921184539795,0.5210617184638977,0.18532611429691315,0.0,0.0,0.0,2.7744612499363748,70,255,255,255
658,22.431000615999892,8.783138275146484,16.601619720458984,-15.190719604492188,-2.3572041988372803,0.49501219391822815,0.16560375690460205,0.0,0.0,0.0,2.7784168431034693,70,255,255,255
659,22.466883457999757,8.731253623962402,16.635665893554688,-15.192138671875,-2.3662290573120117,0.4589160680770874,0.18177708983421326,0.0,0.0,0.0,2.7804038275927776,70,255,255,255
660,22.499257415999637,8.676413536071777,16.666784286499023,-15.192459106445312,-2.378000259399414,0.44990378618240356,0.1818871945142746,0.0,0.0,0.0,2.7844752682672906,70,255,255,255
661,22.532264097999814,8.618844032287598,16.6958065032959,-15.192459106445312,-2.3931686878204346,0.4346892237663269,0.18015143275260925,0.0,0.0,0.0,2.7885336594524626,70,255,255,255
662,22.568957851999585,8.551429748535156,16.734472274780273,-15.192214965820312,-2.3968498706817627,0.4335171580314636,0.18058426678180695,0.0,0.0,0.0,2.7905544660876145,70,255,255,255
663,22.601350327999626,8.498567581176758,16.766332626342773,-15.1920166015625,-2.403850793838501,0.45729437470436096,0.1552009880542755,0.0,0.0,0.0,2.796138315945184,70,255,255,255
664,22.634093865999603,8.442907333374023,16.796669006347656,-15.191864013671875,-2.4060261249542236,0.46755942702293396,0.15874004364013672,0.0,0.0,0.0,2.8008955206003923,70,255,255,255
665,22.670949202999964,8.385030746459961,16.825380325317383,-15.1910400390625,-2.4089725017547607,0.4515901803970337,0.154080331325531,0.0,0.0,0.0,2.802878244031956,70,255,255,255
666,22.703922395999598,8.330225944519043,16.85797691345215,-15.19097900390625,-2.4280831813812256,0.40344661474227905,0.15519720315933228,0.0,0.0,0.0,2.807508682219277,70,255,255,255
667,22.73640229199964,8.274271965026855,16.889583587646484,-15.191131591796875,-2.427461624145508,0.4079550504684448,0.1456422209739685,0.0,0.0,0.0,2.811971873890141,70,255,255,255
668,22.77734006999981,8.200871467590332,16.92605972290039,-15.191253662109375,-2.440018653869629,0.3879399001598358,0.1365606188774109,0.0,0.0,0.0,2.817106448471814,70,255,255,255
669,22.8060126219998,8.139382362365723,16.952390670776367,-15.191177368164062,-2.456225872039795,0.3622039556503296,0.1228620633482933,0.0,0.0,0.0,2.8192207320612277,70,255,255,255
670,22.83863042599978,8.081842422485352,16.981996536254883,-15.19281005859375,-2.4608418941497803,0.3440230190753937,0.13375632464885712,0.0,0.0,0.0,2.8235576898964214,70,255,255,255
671,22.8787891689999,8.021883964538574,17.00925064086914,-15.193695068359375,-2.463637351989746,0.3538467288017273,0.13108593225479126,0.0,0.0,0.0,2.8284909294996843,70,255,255,255
672,22.908372884999608,7.95953369140625,17.034282684326172,-15.194610595703125,-2.479708671569824,0.3169547915458679,0.10324744135141373,0.0,0.0,0.0,2.83123558331912,70,255,255,255
673,22.95384686599982,7.897105693817139,17.05940055847168,-15.196334838867188,-2.483487606048584,0.306071013212204,0.09203936159610748,0.0,0.0,0.0,2.835140310109394,70,255,255,255
674,22.981631553999705,7.824564456939697,17.097116470336914,-15.200897216796875,-2.4739391803741455,0.3237363398075104,0.09535950422286987,0.0,0.0,0.0,2.839867154728176,70,255,255,255
675,23.016457245999845,7.7641096115112305,17.12502670288086,-15.203277587890625,-2.4673070907592773,0.32979580760002136,0.11862581968307495,0.0,0.0,0.0,2.841519912500679,70,255,255,255
676,23.051834317999692,7.7015862464904785,17.151073455810547,-15.20489501953125,-2.476989507675171,0.3089069724082947,0.11191894859075546,0.0,0.0,0.0,2.845778839715934,70,255,255,255
677,23.087145210000017,7.6408257484436035,17.177947998046875,-15.20672607421875,-2.473980188369751,0.2979060113430023,0.1358765959739685,0.0,0.0,0.0,2.8484619745141884,70,255,255,255
678,23.11792218699975,7.581908702850342,17.2054500579834,-15.208084106445312,-2.4597387313842773,0.2875528335571289,0.139667347073555,0.0,0.0,0.0,2.8541265181527873,70,255,255,255
679,23.15415695999991,7.52096700668335,17.230348587036133,-15.208877563476562,-2.455441474914551,0.27560827136039734,0.14219625294208527,0.0,0.0,0.0,2.8592504400900993,70,255,255,255
680,23.18992395999976,7.442718982696533,17.25971221923828,-15.209396362304688,-2.424502372741699,0.3055236041545868,0.12047258019447327,0.0,0.0,0.0,2.86127444251856,70,255,255,255
681,23.221440840000014,7.382968425750732,17.28700828552246,-15.2105712890625,-2.4094111919403076,0.29946067929267883,0.10409733653068542,0.0,0.0,0.0,2.865291554706835,70,255,255,255
682,23.25421218299971,7.323052406311035,17.314130783081055,-15.2115478515625,-2.3901045322418213,0.3075979948043823,0.08232361078262329,0.0,0.0,0.0,2.867602912216915,70,255,255,255
683,23.295855287999984,7.26166296005249,17.338764190673828,-15.212173461914062,-2.37408185005188,0.2796557545661926,0.1127169206738472,0.0,0.0,0.0,2.8716431939066744,70,255,255,255
684,23.324921965999692,7.19927978515625,17.360933303833008,-15.21197509765625,-2.3535573482513428,0.25618863105773926,0.1086173877120018,0.0,0.0,0.0,2.875909577972981,70,255,255,255
685,23.35622479499989,7.143378257751465,17.3878231048584,-15.212844848632812,-2.326005697250366,0.2631779909133911,0.1199449747800827,0.0,0.0,0.0,2.8809935524939423,70,255,255,255
686,23.40360044399995,7.071723461151123,17.418493270874023,-15.212936401367188,-2.304182529449463,0.22979465126991272,0.1292884200811386,0.0,0.0,0.0,2.882885994764553,70,255,255,255
687,23.427816482999788,7.012986660003662,17.440916061401367,-15.212142944335938,-2.276301860809326,0.241644948720932,0.1453898400068283,0.0,0.0,0.0,2.886892986940686,70,255,255,255
688,23.468154650999622,6.955036640167236,17.463193893432617,-15.211135864257812,-2.268012046813965,0.2349691092967987,0.14895938336849213,0.0,0.0,0.0,2.8901367171484025,70,255,255,255
689,23.500525985999957,6.900801658630371,17.488155364990234,-15.210235595703125,-2.264993667602539,0.23268869519233704,0.16140104830265045,0.0,0.0,0.0,2.8918917403067645,70,255,255,255
690,23.532495947999905,6.844496250152588,17.511505126953125,-15.2088623046875,-2.271919012069702,0.2425418496131897,0.17335011065006256,0.0,0.0,0.0,2.8958854166774475,70,255,255,255
691,23.56671927599973,6.785989761352539,17.53367042541504,-15.206268310546875,-2.2772302627563477,0.2807173430919647,0.1894681602716446,0.0,0.0,0.0,2.8993406018757164,70,255,255,255
692,23.598848010999973,6.715397834777832,17.564929962158203,-15.204208374023438,-2.2591638565063477,0.31462886929512024,0.2229856252670288,0.0,0.0,0.0,2.903217099158436,70,255,255,255
693,23.629644685999665,6.659423351287842,17.590829849243164,-15.20220947265625,-2.2677149772644043,0.2974569797515869,0.23465412855148315,0.0,0.0,0.0,2.904739095721416,70,255,255,255
694,23.660853766999935,6.601019859313965,17.61328125,-15.199325561523438,-2.2802605628967285,0.23338738083839417,0.2382257729768753,0.0,0.0,0.0,2.9088539459216975,70,255,255,255
695,23.69762112599983,6.5407633781433105,17.632654190063477,-15.195526123046875,-2.278515100479126,0.2005462348461151,0.2682821750640869,0.0,0.0,0.0,2.910628410156017,70,255,255,255
696,23.729870818999643,6.4844889640808105,17.656558990478516,-15.193313598632812,-2.275399923324585,0.18008624017238617,0.24224722385406494,0.0,0.0,0.0,2.915358184251998,70,255,255,255
697,23.763020783999764,6.42830228805542,17.67967987060547,-15.191802978515625,-2.258685350418091,0.18793611228466034,0.23962214589118958,0.0,0.0,0.0,2.9208815803528223,70,255,255,255
698,23.799959854000008,6.356595516204834,17.70709228515625,-15.188796997070312,-2.226078510284424,0.22218641638755798,0.24146400392055511,0.0,0.0,0.0,2.925273399306472,70,255,255,255
699,23.832676285999696,6.2985005378723145,17.72774887084961,-15.186065673828125,-2.189296007156372,0.2281189113855362,0.22840452194213867,0.0,0.0,0.0,2.9272398774553863,70,255,255,255
700,23.86546053999973,6.245629787445068,17.752185821533203,-15.184951782226562,-2.1496670246124268,0.2288684993982315,0.22536364197731018,0.0,0.0,0.0,2.932097483283691,70,255,255,255
701,23.902435755999704,6.192051410675049,17.775285720825195,-15.183685302734375,-2.123985528945923,0.24183885753154755,0.21416358649730682,0.0,0.0,0.0,2.9351832880387656,70,255,255,255
702,23.93474030599964,6.137448787689209,17.796470642089844,-15.182281494140625,-2.0995941162109375,0.2232929915189743,0.1953379064798355,0.0,0.0,0.0,2.9420933921191943,70,255,255,255
703,23.967530892000013,6.083972930908203,17.817214965820312,-15.18243408203125,-2.0827739238739014,0.24339395761489868,0.17134815454483032,0.0,0.0,0.0,2.9493675503206367,70,255,255,255
704,24.005239463999715,6.0226731300354,17.845739364624023,-15.189010620117188,-2.0679681301116943,0.24356405436992645,0.13405989110469818,0.0,0.0,0.0,2.9524560182368016,70,255,255,255
705,24.037430390999816,5.971726894378662,17.866687774658203,-15.193893432617188,-2.0620388984680176,0.23879970610141754,0.12516702711582184,0.0,0.0,0.0,2.959093414621606,70,255,255,255
706,24.070115949999945,5.918837547302246,17.885669708251953,-15.198150634765625,-2.078606367111206,0.20771083235740662,0.1026277244091034,0.0,0.0,0.0,2.9644237315433997,70,255,255,255
707,24.110221150999678,5.866694450378418,17.905195236206055,-15.204208374023438,-2.08139705657959,0.1769179105758667,0.10104761272668839,0.0,0.0,0.0,2.9698161001185923,70,255,255,255
708,24.142080856999655,5.815165042877197,17.9256534576416,-15.21075439453125,-2.0913429260253906,0.18279409408569336,0.12303590774536133,0.0,0.0,0.0,2.972290709403494,70,255,255,255
709,24.17243884299978,5.761574745178223,17.944602966308594,-15.215545654296875,-2.099072217941284,0.16814708709716797,0.1397639662027359,0.0,0.0,0.0,2.976232986765138,70,255,255,255
710,24.21212089499977,5.691749572753906,17.965036392211914,-15.219772338867188,-2.1212661266326904,0.14202433824539185,0.14794790744781494,0.0,0.0,0.0,2.97888203310144,70,255,255,255
711,24.244812176999858,5.63979959487915,17.981834411621094,-15.22174072265625,-2.1312155723571777,0.11940990388393402,0.16393651068210602,0.0,0.0,0.0,2.982777438827899,70,255,255,255
712,24.280207223999696,5.587717056274414,17.99735450744629,-15.222122192382812,-2.144209146499634,0.08166546374559402,0.19541776180267334,0.0,0.0,0.0,2.986925312225697,70,255,255,255
713,24.313115478999862,5.533217430114746,18.010665893554688,-15.221405029296875,-2.162468910217285,0.07299154996871948,0.18816520273685455,0.0,0.0,0.0,2.9927112960100035,70,255,255,255
714,24.346020963999763,5.4763383865356445,18.022512435913086,-15.220657348632812,-2.1776416301727295,0.07771556824445724,0.18181546032428741,0.0,0.0,0.0,2.994507598165262,70,255,255,255
715,24.379339360999893,5.424041748046875,18.039466857910156,-15.222671508789062,-2.1826441287994385,0.06401973217725754,0.1835259199142456,0.0,0.0,0.0,2.9987982169974887,70,255,255,255
716,24.41469277499982,5.355417251586914,18.057861328125,-15.2252197265625,-2.200363874435425,0.04055545851588249,0.15459732711315155,0.0,0.0,0.0,3.000120476478713,70,255,255,255
717,24.446546018999925,5.297989368438721,18.069753646850586,-15.226211547851562,-2.2150611877441406,0.009534121491014957,0.17800764739513397,0.0,0.0,0.0,3.0040752706974807,70,255,255,255
718,24.47913989599965,5.240886211395264,18.08174705505371,-15.226547241210938,-2.2205445766448975,-0.0022181388922035694,0.19641265273094177,0.0,0.0,0.0,3.0075371137984748,70,255,255,255
719,24.516500242999882,5.18811559677124,18.096738815307617,-15.228164672851562,-2.241563320159912,-0.0034146381076425314,0.16274826228618622,0.0,0.0,0.0,3.0108370367051918,70,255,255,255
720,24.54841928399992,5.132593631744385,18.109970092773438,-15.229049682617188,-2.25703501701355,-0.02446451410651207,0.17693644762039185,0.0,0.0,0.0,3.0128831433706997,70,255,255,255
721,24.581101333999868,5.074753284454346,18.121082305908203,-15.228683471679688,-2.272904634475708,-0.04085065424442291,0.20054909586906433,0.0,0.0,0.0,3.0163764117725567,70,255,255,255
722,24.618828903999656,5.003134727478027,18.137575149536133,-15.229095458984375,-2.296072244644165,-0.0618417002260685,0.20394045114517212,0.0,0.0,0.0,3.0183538088819404,70,255,255,255
723,24.650180071999785,4.945416450500488,18.151079177856445,-15.229293823242188,-2.3028039932250977,-0.06790924817323685,0.2166069746017456,0.0,0.0,0.0,3.0218414846455084,70,255,255,255
724,24.682842909999636,4.885344505310059,18.16242027282715,-15.228607177734375,-2.3278043270111084,-0.07974053919315338,0.2011623978614807,0.0,0.0,0.0,3.0265507524010955,70,255,255,255
725,24.720235174999743,4.8229780197143555,18.17168617248535,-15.228012084960938,-2.345797061920166,-0.09800027310848236,0.18770138919353485,0.0,0.0,0.0,3.028088461614507,70,255,255,255
726,24.752125953999894,4.7608842849731445,18.182466506958008,-15.229995727539062,-2.354353189468384,-0.08153688907623291,0.19900672137737274,0.0,0.0,0.0,3.0319407241313066,70,255,255,255
727,24.78475570699993,4.697595596313477,18.192546844482422,-15.231918334960938,-2.3621981143951416,-0.07833947986364365,0.1964493691921234,0.0,0.0,0.0,3.0356787370373417,70,255,255,255
728,24.82256622099976,4.616106033325195,18.203453063964844,-15.233123779296875,-2.3697283267974854,-0.09991532564163208,0.2090696096420288,0.0,0.0,0.0,3.0394188804722493,70,255,255,255
729,24.854037758999766,4.549270153045654,18.20985984802246,-15.232864379882812,-2.370095729827881,-0.11811994016170502,0.2153071165084839,0.0,0.0,0.0,3.041334492244343,70,255,255,255
730,24.886923784999908,4.485378742218018,18.2191104888916,-15.238021850585938,-2.381075143814087,-0.11442500352859497,0.20130802690982819,0.0,0.0,0.0,3.044747865813498,70,255,255,255
731,24.924118905999876,4.419597625732422,18.226158142089844,-15.242019653320312,-2.396164894104004,-0.15991836786270142,0.20444460213184357,0.0,0.0,0.0,3.0461484222307704,70,255,255,255
732,24.95625965399995,4.352075099945068,18.230852127075195,-15.244888305664062,-2.4010539054870605,-0.1631607711315155,0.20224831998348236,0.0,0.0,0.0,3.0493085291802586,70,255,255,255
733,24.988808333999714,4.284815311431885,18.235319137573242,-15.247589111328125,-2.3936150074005127,-0.18687665462493896,0.21323011815547943,0.0,0.0,0.0,3.0525719667800417,70,255,255,255
734,25.02590294799984,4.204057216644287,18.242414474487305,-15.253265380859375,-2.396423816680908,-0.21255981922149658,0.21865741908550262,0.0,0.0,0.0,3.0539248526138016,70,255,255,255
735,25.05804963699984,4.137848377227783,18.24566078186035,-15.256271362304688,-2.388228416442871,-0.2512451410293579,0.22936077415943146,0.0,0.0,0.0,3.057489227416764,70,255,255,255
736,25.09140140699992,4.070358753204346,18.24624252319336,-15.2579345703125,-2.3917951583862305,-0.2774723470211029,0.23313328623771667,0.0,0.0,0.0,3.0614168573924125,70,255,255,255
737,25.128076534999764,4.003026008605957,18.24795150756836,-15.260543823242188,-2.400841474533081,-0.28192201256752014,0.22503770887851715,0.0,0.0,0.0,3.065363928444019,70,255,255,255
738,25.15984149399992,3.935539722442627,18.250619888305664,-15.264236450195312,-2.400742292404175,-0.2964168190956116,0.2156211882829666,0.0,0.0,0.0,3.0673945887752043,70,255,255,255
739,25.192921121999916,3.8669347763061523,18.251428604125977,-15.266937255859375,-2.4030206203460693,-0.3064553141593933,0.2088462859392166,0.0,0.0,0.0,3.071167222775411,70,255,255,255
740,25.230266971999754,3.779620409011841,18.251628875732422,-15.268875122070312,-2.4022750854492188,-0.2772553861141205,0.22466833889484406,0.0,0.0,0.0,3.075848261023443,70,255,255,255
741,25.261846966999656,3.7117044925689697,18.257051467895508,-15.268875122070312,-2.4062271118164062,-0.2444261759519577,0.24343237280845642,0.0,0.0,0.0,3.078160950114068,70,255,255,255
742,25.29483843199978,3.64350962638855,18.26401710510254,-15.267913818359375,-2.396531343460083,-0.21115519106388092,0.24317440390586853,0.0,0.0,0.0,3.082371141481374,70,255,255,255
743,25.331822742999975,3.574408769607544,18.269556045532227,-15.266403198242188,-2.395390748977661,-0.2161175012588501,0.22063122689723969,0.0,0.0,0.0,3.087151781954175,70,255,255,255
744,25.363852138999846,3.504241704940796,18.27316665649414,-15.264572143554688,-2.392592191696167,-0.22251828014850616,0.23399297893047333,0.0,0.0,0.0,3.089620532284679,70,255,255,255
745,25.397361604999787,3.4377784729003906,18.280298233032227,-15.262954711914062,-2.3908486366271973,-0.22661203145980835,0.2409844696521759,0.0,0.0,0.0,3.093895971098692,70,255,255,255
746,25.43412936200002,3.3529608249664307,18.287738800048828,-15.260162353515625,-2.3886382579803467,-0.19471682608127594,0.22231681644916534,0.0,0.0,0.0,3.095908788250574,70,255,255,255
747,25.466015305999917,3.2838423252105713,18.292665481567383,-15.257369995117188,-2.384492874145508,-0.19133856892585754,0.23810498416423798,0.0,0.0,0.0,3.0998878172352615,70,255,255,255
748,25.498637632999817,3.215146780014038,18.29761505126953,-15.253585815429688,-2.3714611530303955,-0.19040736556053162,0.2510080635547638,0.0,0.0,0.0,3.104034359052515,70,255,255,255
749,25.53594177499963,3.148825168609619,18.305707931518555,-15.248779296875,-2.3707034587860107,-0.1885802000761032,0.2912558615207672,0.0,0.0,0.0,3.1084863654468,70,255,255,255
750,25.56792605599958,3.081265687942505,18.31188201904297,-15.242919921875,-2.3696587085723877,-0.18371935188770294,0.30281147360801697,0.0,0.0,0.0,3.1105511142399385,70,255,255,255
751,25.60106716199971,3.0127742290496826,18.31728744506836,-15.235992431640625,-2.361619234085083,-0.16022995114326477,0.3107931315898895,0.0,0.0,0.0,3.114326145085126,70,255,255,255
752,25.637952540999777,2.9282259941101074,18.325029373168945,-15.228668212890625,-2.358490228652954,-0.17705057561397552,0.2995626628398895,0.0,0.0,0.0,3.1184473868720235,70,255,255,255
753,25.66993655899978,2.860542058944702,18.331106185913086,-15.22344970703125,-2.3587863445281982,-0.1497315615415573,0.29429176449775696,0.0,0.0,0.0,3.12034622072925,70,255,255,255
754,25.702509577,2.791721820831299,18.33616828918457,-15.218338012695312,-2.3591015338897705,-0.17849977314472198,0.26455122232437134,0.0,0.0,0.0,3.1250344495122255,70,255,255,255
755,25.74002305499971,2.722149610519409,18.33930206298828,-15.213043212890625,-2.349116802215576,-0.1746399998664856,0.2708606719970703,0.0,0.0,0.0,3.129357292593642,70,255,255,255
756,25.77239306399997,2.6539103984832764,18.34379005432129,-15.205429077148438,-2.352771282196045,-0.1664554327726364,0.27192753553390503,0.0,0.0,0.0,3.1318553376961367,70,255,255,255
757,25.804376996999963,2.5851168632507324,18.347545623779297,-15.197433471679688,-2.3550631999969482,-0.17746934294700623,0.2448025941848755,0.0,0.0,0.0,3.1360913617260167,70,255,255,255
758,25.84144103699964,2.498192548751831,18.350202560424805,-15.187835693359375,-2.3408145904541016,-0.20405198633670807,0.23180145025253296,0.0,0.0,0.0,3.1401257844613775,70,255,255,255
759,25.875580049999826,2.427910566329956,18.350677490234375,-15.180862426757812,-2.335263967514038,-0.1944044977426529,0.20961707830429077,0.0,0.0,0.0,-3.1413146195719888,70,255,255,255
760,25.90686976699999,2.3613007068634033,18.35263442993164,-15.17608642578125,-2.3284311294555664,-0.19280943274497986,0.20311076939105988,0.0,0.0,0.0,-3.1370639481561136,70,255,255,255
761,25.943627711999852,2.293924331665039,18.353458404541016,-15.170974731445312,-2.310309648513794,-0.20124366879463196,0.2346416860818863,0.0,0.0,0.0,-3.1345872083423396,70,255,255,255
762,25.976407662999918,2.2260265350341797,18.353219985961914,-15.164779663085938,-2.3033668994903564,-0.204527348279953,0.2328309267759323,0.0,0.0,0.0,-3.1298374605381833,70,255,255,255
763,26.008463425999707,2.1433324813842773,18.353105545043945,-15.157073974609375,-2.3026230335235596,-0.22678519785404205,0.2370225191116333,0.0,0.0,0.0,-3.1255266016816723,70,255,255,255
764,26.045637753999927,2.0798206329345703,18.35345458984375,-15.151092529296875,-2.30111026763916,-0.2760622501373291,0.2452097237110138,0.0,0.0,0.0,-3.1235334919218567,70,255,255,255
765,26.077878746999886,2.0150043964385986,18.35178565979004,-15.144989013671875,-2.2954654693603516,-0.3099544644355774,0.25198501348495483,0.0,0.0,0.0,-3.1194929439159886,70,255,255,255
766,26.110819135999918,1.9492751359939575,18.3474178314209,-15.138458251953125,-2.2885794639587402,-0.34654590487480164,0.253030925989151,0.0,0.0,0.0,-3.1142803387143765,70,255,255,255
767,26.147938167999655,1.8833891153335571,18.34514808654785,-15.13055419921875,-2.285179853439331,-0.32393231987953186,0.2728544771671295,0.0,0.0,0.0,-3.1095785278098416,70,255,255,255
768,26.17959939499997,1.8171420097351074,18.344816207885742,-15.121505737304688,-2.2856831550598145,-0.3316068947315216,0.2580137550830841,0.0,0.0,0.0,-3.1072796871568853,70,255,255,255
769,26.21281770099995,1.7498867511749268,18.343303680419922,-15.113052368164062,-2.2885818481445312,-0.32234033942222595,0.2336800992488861,0.0,0.0,0.0,-3.1028753513461123,70,255,255,255
770,26.250286761999632,1.6643438339233398,18.340360641479492,-15.103912353515625,-2.3020071983337402,-0.3007844090461731,0.18849067389965057,0.0,0.0,0.0,-3.0985783409272694,70,255,255,255
771,26.281604926,1.5971816778182983,18.34284782409668,-15.098968505859375,-2.299057722091675,-0.28871437907218933,0.16686277091503143,0.0,0.0,0.0,-3.096446214158552,70,255,255,255
772,26.318305065999994,1.5299962759017944,18.346532821655273,-15.095001220703125,-2.299999713897705,-0.24105173349380493,0.12948429584503174,0.0,0.0,0.0,-3.092042677296106,70,255,255,255
773,26.35197635099985,1.4618337154388428,18.34951400756836,-15.09222412109375,-2.302720785140991,-0.24552439153194427,0.0907636508345604,0.0,0.0,0.0,-3.0879427407979287,70,255,255,255
774,26.383607587999904,1.3930193185806274,18.350839614868164,-15.090179443359375,-2.285749912261963,-0.24828402698040009,0.08131986856460571,0.0,0.0,0.0,-3.086203163973889,70,255,255,255
775,26.416308373999982,1.324978232383728,18.35678482055664,-15.087738037109375,-2.2813823223114014,-0.25355008244514465,0.07980898767709732,0.0,0.0,0.0,-3.0813703255437224,70,255,255,255
776,26.453201113999967,1.2390800714492798,18.36165428161621,-15.085037231445312,-2.2716009616851807,-0.2643016278743744,0.07185941189527512,0.0,0.0,0.0,-3.0787838634930376,70,255,255,255
777,26.485358920999715,1.1698825359344482,18.363771438598633,-15.082763671875,-2.262505054473877,-0.2546864151954651,0.07536610960960388,0.0,0.0,0.0,-3.0740144082968146,70,255,255,255
778,26.517773819000013,1.1010167598724365,18.36646270751953,-15.07952880859375,-2.249992609024048,-0.2624117136001587,0.08817622810602188,0.0,0.0,0.0,-3.0692084677936573,70,255,255,255
779,26.555481686999883,1.033542275428772,18.37300682067871,-15.073471069335938,-2.246858835220337,-0.2650798261165619,0.10054664313793182,0.0,0.0,0.0,-3.0650629912408403,70,255,255,255
780,26.58703395099974,0.9654836654663086,18.377317428588867,-15.067337036132812,-2.242622137069702,-0.26524609327316284,0.10950815677642822,0.0,0.0,0.0,-3.062344436400087,70,255,255,255
781,26.619786827999633,0.8969232439994812,18.38020133972168,-15.061233520507812,-2.242374897003174,-0.2879765033721924,0.09532849490642548,0.0,0.0,0.0,-3.0578705920848632,70,255,255,255
782,26.657641473999774,0.812168538570404,18.385486602783203,-15.052871704101562,-2.2344133853912354,-0.3074323534965515,0.11482076346874237,0.0,0.0,0.0,-3.0534460162498056,70,255,255,255
783,26.689118235000024,0.7449369430541992,18.389873504638672,-15.045166015625,-2.22404146194458,-0.3199092745780945,0.11960139870643616,0.0,0.0,0.0,-3.051111755554351,70,255,255,255
784,26.72235289399987,0.6770416498184204,18.392101287841797,-15.0379638671875,-2.222515106201172,-0.34900546073913574,0.12158823758363724,0.0,0.0,0.0,-3.0460205904984465,70,255,255,255
785,26.759109007000006,0.6088703870773315,18.39240837097168,-15.030990600585938,-2.2125251293182373,-0.3487710952758789,0.11820276826620102,0.0,0.0,0.0,-3.043706037195059,70,255,255,255
786,26.790903689999595,0.5420934557914734,18.39716148376465,-15.024551391601562,-2.2034993171691895,-0.3380250930786133,0.13523240387439728,0.0,0.0,0.0,-3.039977611668948,70,255,255,255
787,26.82529449499998,0.4753565192222595,18.402053833007812,-15.0179443359375,-2.2050962448120117,-0.3256109058856964,0.14223836362361908,0.0,0.0,0.0,-3.035615087487289,70,255,255,255
788,26.86083338499975,0.3910382390022278,18.405916213989258,-15.010696411132812,-2.197746515274048,-0.3582439422607422,0.12382011115550995,0.0,0.0,0.0,-3.0336334293201612,70,255,255,255
789,26.89302804099998,0.3230952024459839,18.406787872314453,-15.00482177734375,-2.1855647563934326,-0.34068721532821655,0.14585837721824646,0.0,0.0,0.0,-3.029933233301605,70,255,255,255
790,26.92725136099989,0.2576390206813812,18.413585662841797,-15.00048828125,-2.1855485439300537,-0.3377522826194763,0.13789807260036469,0.0,0.0,0.0,-3.025635423934435,70,255,255,255
791,26.962960276999638,0.19141624867916107,18.418312072753906,-14.997100830078125,-2.184938669204712,-0.34134185314178467,0.10612809658050537,0.0,0.0,0.0,-3.023507291907353,70,255,255,255
792,26.99527855999986,0.12471818178892136,18.421213150024414,-14.994476318359375,-2.1766436100006104,-0.32598310708999634,0.07411964982748032,0.0,0.0,0.0,-3.019654763074444,70,255,255,255
793,27.028891755999666,0.058366209268569946,18.425580978393555,-14.992767333984375,-2.164778709411621,-0.33341649174690247,0.0922120064496994,0.0,0.0,0.0,-3.0159087606851385,70,255,255,255
794,27.06534551200002,-0.022763144224882126,18.437175750732422,-14.9915771484375,-2.176412582397461,-0.3182632625102997,0.0675058364868164,0.0,0.0,0.0,-3.0118793979558487,70,255,255,255
795,27.09725353399972,-0.08863196521997452,18.444303512573242,-14.990646362304688,-2.175550699234009,-0.3176974058151245,0.0856877788901329,0.0,0.0,0.0,-3.010540893191975,70,255,255,255
796,27.130268347999845,-0.1553429663181305,18.44942855834961,-14.990066528320312,-2.182734966278076,-0.3277953863143921,0.04583507403731346,0.0,0.0,0.0,-3.006271047016251,70,255,255,255
797,27.167677341999934,-0.22284409403800964,18.45562744140625,-14.988082885742188,-2.1938469409942627,-0.3338910937309265,0.04294648393988609,0.0,0.0,0.0,-3.0023554012655076,70,255,255,255
798,27.199364125999637,-0.2911948263645172,18.46292495727539,-14.984207153320312,-2.197171688079834,-0.3323596715927124,0.06104442477226257,0.0,0.0,0.0,-3.0008730858027692,70,255,255,255
799,27.232441065999865,-0.3600008487701416,18.468055725097656,-14.9803466796875,-2.1893410682678223,-0.33354881405830383,0.05800049006938934,0.0,0.0,0.0,-2.9969169600034564,70,255,255,255
800,27.269026454999675,-0.44615787267684937,18.471370697021484,-14.976470947265625,-2.176999092102051,-0.37023594975471497,0.04771796986460686,0.0,0.0,0.0,-2.9925056999738495,70,255,255,255
801,27.301143613000022,-0.5149081945419312,18.477638244628906,-14.973175048828125,-2.1764769554138184,-0.3585369884967804,0.03436032682657242,0.0,0.0,0.0,-2.989271290829948,70,255,255,255
802,27.334311452999827,-0.5838383436203003,18.48390007019043,-14.970230102539062,-2.165234327316284,-0.3808489143848419,0.03718147799372673,0.0,0.0,0.0,-2.985368694568546,70,255,255,255
803,27.3712263299999,-0.652855396270752,18.48775291442871,-14.967910766601562,-2.1600184440612793,-0.40401408076286316,0.016010211780667305,0.0,0.0,0.0,-2.9816602427506105,70,255,255,255
804,27.40342475899979,-0.7217992544174194,18.488914489746094,-14.965866088867188,-2.1409432888031006,-0.4171709418296814,0.03352760896086693,0.0,0.0,0.0,-2.9793025462375633,70,255,255,255
805,27.436516407,-0.7904539108276367,18.491945266723633,-14.965225219726562,-2.132249116897583,-0.4507540166378021,0.014816627837717533,0.0,0.0,0.0,-2.975379443635768,70,255,255,255
806,27.473419618999742,-0.8762159943580627,18.492931365966797,-14.964752197265625,-2.1219944953918457,-0.42781397700309753,0.02761586755514145,0.0,0.0,0.0,-2.970646740062588,70,255,255,255
807,27.50548929999968,-0.944660484790802,18.491405487060547,-14.963729858398438,-2.112520217895508,-0.45749881863594055,0.04543505236506462,0.0,0.0,0.0,-2.9686070249836964,70,255,255,255
808,27.538300395999613,-1.013166069984436,18.48982048034668,-14.962326049804688,-2.1109025478363037,-0.47515997290611267,0.07722266763448715,0.0,0.0,0.0,-2.963981114170229,70,255,255,255
809,27.575954743999773,-1.0814285278320312,18.4913330078125,-14.962478637695312,-2.1127147674560547,-0.4627383351325989,0.0665702372789383,0.0,0.0,0.0,-2.9617587062405577,70,255,255,255
810,27.606833359999655,-1.1498684883117676,18.49135971069336,-14.962890625,-2.104975938796997,-0.4746039807796478,0.05398652330040932,0.0,0.0,0.0,-2.957313890381215,70,255,255,255
811,27.640143953000006,-1.2181336879730225,18.489294052124023,-14.9630126953125,-2.0993847846984863,-0.471123605966568,0.05366721376776695,0.0,0.0,0.0,-2.9525763931180733,70,255,255,255
812,27.67738809399998,-1.3061639070510864,18.4912109375,-14.964096069335938,-2.094693660736084,-0.4518130421638489,0.07859325408935547,0.0,0.0,0.0,-2.947892159076733,70,255,255,255
813,27.709078490999673,-1.3774831295013428,18.493587493896484,-14.96478271484375,-2.093479633331299,-0.43788522481918335,0.07862609624862671,0.0,0.0,0.0,-2.945780006016191,70,255,255,255
814,27.74229104699998,-1.4484950304031372,18.494478225708008,-14.96533203125,-2.0862176418304443,-0.43285536766052246,0.0804988220334053,0.0,0.0,0.0,-2.940740772601543,70,255,255,255
815,27.77916302599988,-1.5192886590957642,18.493648529052734,-14.966171264648438,-2.0834739208221436,-0.43338635563850403,0.05539712682366371,0.0,0.0,0.0,-2.9361209870585827,70,255,255,255
816,27.810942812999656,-1.5892972946166992,18.496257781982422,-14.968048095703125,-2.0791678428649902,-0.44104427099227905,0.043262824416160583,0.0,0.0,0.0,-2.933914558095452,70,255,255,255
817,27.84422481999991,-1.658798098564148,18.49732208251953,-14.970245361328125,-2.0735065937042236,-0.4839656352996826,0.027250265702605247,0.0,0.0,0.0,-2.9298921195849963,70,255,255,255
818,27.88104963199976,-1.7453765869140625,18.495384216308594,-14.97283935546875,-2.0667405128479004,-0.4899369478225708,0.017622197046875954,0.0,0.0,0.0,-2.9256947113909226,70,255,255,255
819,27.913154458000008,-1.8144639730453491,18.492033004760742,-14.975433349609375,-2.060518503189087,-0.4854871332645416,-0.004812963306903839,0.0,0.0,0.0,-2.923528762476361,70,255,255,255
820,27.94633437199991,-1.8840254545211792,18.489831924438477,-14.977508544921875,-2.051837682723999,-0.5177542567253113,-0.015273252502083778,0.0,0.0,0.0,-2.918876486368102,70,255,255,255
821,27.982582119999734,-1.9534209966659546,18.485443115234375,-14.9796142578125,-2.0564639568328857,-0.5222166180610657,-0.020575691014528275,0.0,0.0,0.0,-2.9143355303934073,70,255,255,255
822,28.01464533599983,-2.023041248321533,18.4803524017334,-14.981689453125,-2.066682815551758,-0.4871131181716919,-0.0065193744376301765,0.0,0.0,0.0,-2.9119570612238577,70,255,255,255
823,28.04765990199985,-2.0926859378814697,18.476016998291016,-14.983291625976562,-2.064812660217285,-0.47683727741241455,-0.013253512792289257,0.0,0.0,0.0,-2.907501060087937,70,255,255,255
824,28.084501198999988,-2.179380416870117,18.4727840423584,-14.985748291015625,-2.0563559532165527,-0.4990033209323883,0.0006134435534477234,0.0,0.0,0.0,-2.9028309408003743,70,255,255,255
825,28.11650979499973,-2.2487010955810547,18.4678955078125,-14.987396240234375,-2.0633385181427,-0.5171601176261902,-0.02314814180135727,0.0,0.0,0.0,-2.9007848341348663,70,255,255,255
826,28.149722372999804,-2.3181564807891846,18.461095809936523,-14.989593505859375,-2.0627849102020264,-0.5377057194709778,-0.03762492537498474,0.0,0.0,0.0,-2.896934169514721,70,255,255,255
827,28.186570304999805,-2.386610984802246,18.45448112487793,-14.992645263671875,-2.0651023387908936,-0.5600169897079468,-0.042963799089193344,0.0,0.0,0.0,-2.894610561463627,70,255,255,255
828,28.218340766999972,-2.454422950744629,18.448745727539062,-14.995925903320312,-2.056063175201416,-0.5742045640945435,-0.036263324320316315,0.0,0.0,0.0,-2.8895308480004096,70,255,255,255
829,28.251459351999983,-2.5220890045166016,18.441104888916016,-14.998367309570312,-2.0596022605895996,-0.5715537071228027,-0.012622231617569923,0.0,0.0,0.0,-2.8856745907419747,70,255,255,255
830,28.288463947999844,-2.6068570613861084,18.429779052734375,-15.0006103515625,-2.0537452697753906,-0.5909811854362488,0.004745963029563427,0.0,0.0,0.0,-2.8837134389152403,70,255,255,255
831,28.32081133299971,-2.675351858139038,18.420700073242188,-15.003204345703125,-2.0464062690734863,-0.5839381814002991,0.009734392166137695,0.0,0.0,0.0,-2.878992186934748,70,255,255,255
832,28.353650302999995,-2.743826389312744,18.41083335876465,-15.005325317382812,-2.0330312252044678,-0.6022752523422241,0.05685199052095413,0.0,0.0,0.0,-2.8754757490314073,70,255,255,255
833,28.38991226799999,-2.811739206314087,18.399024963378906,-15.00628662109375,-2.016439199447632,-0.6300162076950073,0.05780032277107239,0.0,0.0,0.0,-2.8734892971743173,70,255,255,255
834,28.42336422399967,-2.879256010055542,18.385601043701172,-15.006668090820312,-2.0125763416290283,-0.6325099468231201,0.07895949482917786,0.0,0.0,0.0,-2.8690569981720984,70,255,255,255
835,28.455366040999706,-2.96525239944458,18.371732711791992,-15.00946044921875,-2.009216785430908,-0.6381185054779053,0.07097441703081131,0.0,0.0,0.0,-2.865717926797357,70,255,255,255
836,28.504494690999763,-3.0336036682128906,18.358760833740234,-15.011260986328125,-2.006929397583008,-0.62877357006073,0.0722307488322258,0.0,0.0,0.0,-2.8635162915241885,70,255,255,255
837,28.550441682999917,-3.1017813682556152,18.344972610473633,-15.012924194335938,-2.012709379196167,-0.6213307976722717,0.061242278665304184,0.0,0.0,0.0,-2.860811052488886,70,255,255,255
838,28.58661841000003,-3.1707358360290527,18.331876754760742,-15.01507568359375,-2.026712417602539,-0.607584536075592,0.05026056244969368,0.0,0.0,0.0,-2.859305301208555,70,255,255,255
839,28.657385963999786,-3.2409751415252686,18.32098388671875,-15.01904296875,-2.011627674102783,-0.6211297512054443,0.06346508115530014,0.0,0.0,0.0,-2.859305301208555,70,255,255,255
840,28.671071842999936,-3.3110032081604004,18.308807373046875,-15.022308349609375,-2.016939163208008,-0.6340653300285339,0.0684855654835701,0.0,0.0,0.0,-2.8569025972730855,70,255,255,255
841,28.675862635999692,-3.380422592163086,18.295047760009766,-15.024871826171875,-2.0036191940307617,-0.6494713425636292,0.06806143373250961,0.0,0.0,0.0,-2.8569025972730855,70,255,255,255
842,28.704819848999705,-3.467059850692749,18.278736114501953,-15.028350830078125,-1.989542841911316,-0.6600117087364197,0.08287746459245682,0.0,0.0,0.0,-2.850061735380999,70,255,255,255
843,28.737307681999937,-3.5365986824035645,18.265886306762695,-15.031661987304688,-1.9903439283370972,-0.6655492782592773,0.08095382899045944,0.0,0.0,0.0,-2.8392620845285097,70,255,255,255
844,28.767083621999973,-3.6054794788360596,18.251161575317383,-15.033981323242188,-1.9841657876968384,-0.7092112302780151,0.08619295805692673,0.0,0.0,0.0,-2.834966405690212,70,255,255,255
845,28.80381339099995,-3.673680305480957,18.23444366455078,-15.035568237304688,-1.971244215965271,-0.7221910953521729,0.09825193881988525,0.0,0.0,0.0,-2.8308811165780305,70,255,255,255
846,28.836166863000017,-3.74237322807312,18.218889236450195,-15.035140991210938,-1.9633830785751343,-0.7396554946899414,0.09904800355434418,0.0,0.0,0.0,-2.828679481304862,70,255,255,255
847,28.87033769899972,-3.8108086585998535,18.203285217285156,-15.033920288085938,-1.9531195163726807,-0.7111554145812988,0.1140357181429863,0.0,0.0,0.0,-2.8254048584285005,70,255,255,255
848,28.907058264999705,-3.8951234817504883,18.182615280151367,-15.031478881835938,-1.9272547960281372,-0.7467516660690308,0.1167539730668068,0.0,0.0,0.0,-2.821615979145645,70,255,255,255
849,28.939495570999952,-3.9612321853637695,18.163822174072266,-15.029205322265625,-1.906952142715454,-0.7495704889297485,0.13313262164592743,0.0,0.0,0.0,-2.8196553599511285,70,255,255,255
850,28.97329316499963,-4.029398441314697,18.149337768554688,-15.025527954101562,-1.9181287288665771,-0.7239789366722107,0.1285107433795929,0.0,0.0,0.0,-2.8160952462059106,70,255,255,255
851,29.00843329500003,-4.096921920776367,18.133310317993164,-15.021652221679688,-1.9037035703659058,-0.7588594555854797,0.13923154771327972,0.0,0.0,0.0,-2.812474412387839,70,255,255,255
852,29.041034986999875,-4.163722038269043,18.115779876708984,-15.017623901367188,-1.8968034982681274,-0.7611162662506104,0.13806620240211487,0.0,0.0,0.0,-2.8109260505300666,70,255,255,255
853,29.0745046119996,-4.230286121368408,18.09807777404785,-15.012924194335938,-1.8857945203781128,-0.7707083225250244,0.14433960616588593,0.0,0.0,0.0,-2.8074791211311774,70,255,255,255
854,29.110839024999677,-4.314126968383789,18.076059341430664,-15.006439208984375,-1.869615912437439,-0.7997178435325623,0.13622426986694336,0.0,0.0,0.0,-2.8035877101463536,70,255,255,255
855,29.142952642999717,-4.380187034606934,18.05701446533203,-15.001296997070312,-1.8581610918045044,-0.7866421937942505,0.14898674190044403,0.0,0.0,0.0,-2.801566903511201,70,255,255,255
856,29.17706909699973,-4.445311069488525,18.037525177001953,-14.995880126953125,-1.8350094556808472,-0.7989444732666016,0.14208295941352844,0.0,0.0,0.0,-2.797850994842214,70,255,255,255
857,29.212253299999702,-4.510565280914307,18.017648696899414,-14.991073608398438,-1.830318808555603,-0.7920853495597839,0.13029959797859192,0.0,0.0,0.0,-2.795954824146077,70,255,255,255
858,29.245053083999665,-4.576230525970459,17.997314453125,-14.987014770507812,-1.8244836330413818,-0.810835599899292,0.11857082694768906,0.0,0.0,0.0,-2.792589920108762,70,255,255,255
859,29.2779172999999,-4.641016960144043,17.97523307800293,-14.983078002929688,-1.8096563816070557,-0.8370745182037354,0.1285485327243805,0.0,0.0,0.0,-2.7877922354049844,70,255,255,255
860,29.31392386599964,-4.720394611358643,17.946016311645508,-14.978363037109375,-1.7787916660308838,-0.8620080351829529,0.10724293440580368,0.0,0.0,0.0,-2.7859373437057444,70,255,255,255
861,29.34622569699968,-4.784398078918457,17.92213249206543,-14.978012084960938,-1.782636284828186,-0.8583762645721436,0.08676319569349289,0.0,0.0,0.0,-2.780955368254533,70,255,255,255
862,29.38091739599986,-4.848553657531738,17.898014068603516,-14.979660034179688,-1.7760579586029053,-0.8872662782669067,0.05773177742958069,0.0,0.0,0.0,-2.7775446578464686,70,255,255,255
863,29.415618216999974,-4.911534309387207,17.87192153930664,-14.981613159179688,-1.758039951324463,-0.9219624996185303,0.023519523441791534,0.0,0.0,0.0,-2.775573652323701,70,255,255,255
864,29.448104426999635,-4.973885536193848,17.84456443786621,-14.984024047851562,-1.7529314756393433,-0.950659453868866,0.024518795311450958,0.0,0.0,0.0,-2.7715576053998614,70,255,255,255
865,29.48181543499959,-5.037083148956299,17.81616973876953,-14.987533569335938,-1.7416130304336548,-0.9741401672363281,0.024103598669171333,0.0,0.0,0.0,-2.7681333128702375,70,255,255,255
866,29.517992125999626,-5.114893436431885,17.779022216796875,-14.991851806640625,-1.7326140403747559,-0.9907479882240295,0.012376390397548676,0.0,0.0,0.0,-2.7639414973144527,70,255,255,255
867,29.550111837999793,-5.176519870758057,17.748512268066406,-14.995101928710938,-1.738157868385315,-1.0038362741470337,-0.0008195532718673348,0.0,0.0,0.0,-2.7619276148981347,70,255,255,255
868,29.582782455999677,-5.239005088806152,17.717472076416016,-14.997879028320312,-1.7415506839752197,-1.023391604423523,-0.009691678918898106,0.0,0.0,0.0,-2.7567357823530254,70,255,255,255
869,29.623441375999846,-5.30411958694458,17.685653686523438,-15.00018310546875,-1.7347972393035889,-1.0551972389221191,-0.018928121775388718,0.0,0.0,0.0,-2.7523498223537737,70,255,255,255
870,29.65977236899971,-5.3681817054748535,17.65282440185547,-15.0020751953125,-1.7257142066955566,-1.0711233615875244,-0.011988219805061817,0.0,0.0,0.0,-2.749998783743452,70,255,255,255
871,29.700060331999794,-5.43147611618042,17.619747161865234,-15.003494262695312,-1.7336570024490356,-1.0477582216262817,0.012301861308515072,0.0,0.0,0.0,-2.745467148832573,70,255,255,255
872,29.729949750999822,-5.513023853302002,17.58112144470215,-15.004730224609375,-1.7500489950180054,-1.0195037126541138,0.024498233571648598,0.0,0.0,0.0,-2.743485224349336,70,255,255,255
873,29.756229195999822,-5.579075813293457,17.55164337158203,-15.00555419921875,-1.7402830123901367,-1.0149168968200684,0.018772486597299576,0.0,0.0,0.0,-2.738567431080396,70,255,255,255
874,29.78870016599967,-5.643818378448486,17.52178955078125,-15.006210327148438,-1.73056161403656,-1.0013091564178467,0.010568197816610336,0.0,0.0,0.0,-2.7349583151711205,70,255,255,255
875,29.830561407999994,-5.707973003387451,17.4921817779541,-15.00762939453125,-1.740282416343689,-0.9797564744949341,-0.017012622207403183,0.0,0.0,0.0,-2.730027472412839,70,255,255,255
876,29.85800230199993,-5.773303031921387,17.46516990661621,-15.0113525390625,-1.739876627922058,-0.9492363333702087,-0.012485651299357414,0.0,0.0,0.0,-2.727545672592994,70,255,255,255
877,29.891098521999993,-5.838432788848877,17.439258575439453,-15.015274047851562,-1.7380911111831665,-0.9223209023475647,-0.008652601391077042,0.0,0.0,0.0,-2.722752781579178,70,255,255,255
878,29.930078174999835,-5.918097019195557,17.40597152709961,-15.019973754882812,-1.705741047859192,-0.9573758244514465,-0.03331702575087547,0.0,0.0,0.0,-2.7185593681267397,70,255,255,255
879,29.96092844199984,-5.980406284332275,17.378366470336914,-15.024032592773438,-1.7020312547683716,-0.9402996301651001,-0.031154630705714226,0.0,0.0,0.0,-2.7167803765185665,70,255,255,255
880,29.993402995999986,-6.045577526092529,17.35178565979004,-15.031051635742188,-1.6890530586242676,-0.9518393278121948,-0.03744467347860336,0.0,0.0,0.0,-2.7121784341549096,70,255,255,255
881,30.029938341999696,-6.109421253204346,17.324668884277344,-15.03759765625,-1.6741257905960083,-0.9486547708511353,-0.0478362962603569,0.0,0.0,0.0,-2.7101381864438,70,255,255,255
882,30.062057077999725,-6.17192268371582,17.296831130981445,-15.044265747070312,-1.662526249885559,-0.9618730545043945,-0.04361269623041153,0.0,0.0,0.0,-2.7054379734359193,70,255,255,255
883,30.09497992899969,-6.234286308288574,17.268478393554688,-15.050445556640625,-1.667815089225769,-0.9490638971328735,-0.04095633327960968,0.0,0.0,0.0,-2.7009404269869934,70,255,255,255
884,30.131489916999726,-6.314383029937744,17.234458923339844,-15.058029174804688,-1.6741951704025269,-0.9404464960098267,-0.05597986280918121,0.0,0.0,0.0,-2.6986754084798807,70,255,255,255
885,30.164627440000004,-6.377326488494873,17.206584930419922,-15.064102172851562,-1.6547861099243164,-0.9572346806526184,-0.045902710407972336,0.0,0.0,0.0,-2.6938676037639606,70,255,255,255
886,30.197341975999734,-6.438460350036621,17.177457809448242,-15.069320678710938,-1.6292071342468262,-0.9738173484802246,-0.03439401835203171,0.0,0.0,0.0,-2.6882810907453014,70,255,255,255
887,30.234387582999716,-6.500528335571289,17.150461196899414,-15.073928833007812,-1.6262893676757812,-0.9655440449714661,-0.012363525107502937,0.0,0.0,0.0,-2.683581410369639,70,255,255,255
888,30.266701975999695,-6.563316822052002,17.125410079956055,-15.077774047851562,-1.6114864349365234,-0.9672568440437317,-0.00018959492444992065,0.0,0.0,0.0,-2.6810202483493097,70,255,255,255
889,30.299431018999712,-6.6247711181640625,17.100055694580078,-15.08087158203125,-1.6062216758728027,-0.9428920149803162,-0.0024693221785128117,0.0,0.0,0.0,-2.676556524046228,70,255,255,255
890,30.33725389099982,-6.699974536895752,17.067628860473633,-15.084945678710938,-1.5957220792770386,-0.9289246201515198,0.013537990860641003,0.0,0.0,0.0,-2.6722339472809202,70,255,255,255
891,30.369003773999793,-6.763787269592285,17.044513702392578,-15.088638305664062,-1.5975985527038574,-0.9057822227478027,0.0014213896356523037,0.0,0.0,0.0,-2.6699478898011964,70,255,255,255
892,30.40185149099989,-6.828004837036133,17.02235221862793,-15.092483520507812,-1.6067204475402832,-0.866692304611206,0.005523840431123972,0.0,0.0,0.0,-2.6649459406418092,70,255,255,255
893,30.439953096999943,-6.89103364944458,16.999961853027344,-15.096328735351562,-1.6046757698059082,-0.8686493635177612,-0.021582944318652153,0.0,0.0,0.0,-2.6622950300927446,70,255,255,255
894,30.473844796999856,-6.953080654144287,16.976787567138672,-15.100341796875,-1.6055631637573242,-0.8758836984634399,-0.03482076898217201,0.0,0.0,0.0,-2.657114382824213,70,255,255,255
895,30.5064904259998,-7.01616096496582,16.95770835876465,-15.106521606445312,-1.6121052503585815,-0.872500479221344,-0.013505388051271439,0.0,0.0,0.0,-2.651825611215425,70,255,255,255
896,30.541310257999612,-7.093914031982422,16.933019638061523,-15.113143920898438,-1.6173787117004395,-0.8633567690849304,-0.02482176572084427,0.0,0.0,0.0,-2.6470066212229266,70,255,255,255
897,30.575352881999606,-7.154735088348389,16.912120819091797,-15.118057250976562,-1.5997129678726196,-0.8799486756324768,-0.02593306265771389,0.0,0.0,0.0,-2.645076628380946,70,255,255,255
898,30.60820331299965,-7.214843273162842,16.890052795410156,-15.122421264648438,-1.5841665267944336,-0.8990628123283386,-0.04549770802259445,0.0,0.0,0.0,-2.6402493825890687,70,255,255,255
899,30.644234119999965,-7.275914669036865,16.869489669799805,-15.125350952148438,-1.5779619216918945,-0.884132444858551,-0.0275937020778656,0.0,0.0,0.0,-2.6381699864099346,70,255,255,255
900,30.677575804999833,-7.336160182952881,16.84882926940918,-15.128143310546875,-1.5945717096328735,-0.8450919985771179,-0.03461209312081337,0.0,0.0,0.0,-2.6334761649886698,70,255,255,255
901,30.709551809000004,-7.3957839012146,16.82830238342285,-15.130157470703125,-1.5904737710952759,-0.8380166888237,-0.006463527213782072,0.0,0.0,0.0,-2.629012707001697,70,255,255,255
902,30.747425359999852,-7.470517635345459,16.802997589111328,-15.129669189453125,-1.5756560564041138,-0.8536281585693359,0.009646976366639137,0.0,0.0,0.0,-2.626867530743638,70,255,255,255
903,30.777919987999667,-7.530128002166748,16.782991409301758,-15.128158569335938,-1.5803117752075195,-0.835824191570282,0.012652567587792873,0.0,0.0,0.0,-2.623081847254091,70,255,255,255
904,30.811724392999622,-7.588839054107666,16.76240348815918,-15.126327514648438,-1.5786060094833374,-0.8283386826515198,0.018495885655283928,0.0,0.0,0.0,-2.6187651294431813,70,255,255,255
905,30.847680085999855,-7.646676063537598,16.74114990234375,-15.12451171875,-1.5745701789855957,-0.8276922106742859,0.0311266016215086,0.0,0.0,0.0,-2.6165512436289986,70,255,255,255
906,30.880092431999856,-7.7026166915893555,16.71929168701172,-15.123275756835938,-1.5666379928588867,-0.8199877738952637,0.03515036776661873,0.0,0.0,0.0,-2.6118851190830705,70,255,255,255
907,30.913131413999963,-7.757762432098389,16.697097778320312,-15.121719360351562,-1.5707553625106812,-0.8246376514434814,0.05159396305680275,0.0,0.0,0.0,-2.6081534977636514,70,255,255,255
908,30.950701388999732,-7.825860023498535,16.668472290039062,-15.118927001953125,-1.5662868022918701,-0.8113406300544739,0.08032167702913284,0.0,0.0,0.0,-2.6044868575748303,70,255,255,255
909,30.982661092999933,-7.879742622375488,16.645526885986328,-15.1160888671875,-1.5541976690292358,-0.8125376105308533,0.09769120812416077,0.0,0.0,0.0,-2.6026101279546516,70,255,255,255
910,31.01670405899995,-7.93523645401001,16.62201499938965,-15.112716674804688,-1.533991813659668,-0.8395450115203857,0.11689484119415283,0.0,0.0,0.0,-2.5985016693409864,70,255,255,255
911,31.052984385999935,-7.9899187088012695,16.597900390625,-15.108795166015625,-1.5255744457244873,-0.8431275486946106,0.13610008358955383,0.0,0.0,0.0,-2.5945378203745126,70,255,255,255
912,31.08492628799968,-8.04289436340332,16.57237434387207,-15.104476928710938,-1.4933042526245117,-0.8660231232643127,0.14899399876594543,0.0,0.0,0.0,-2.5922658776485656,70,255,255,255
913,31.11876355200002,-8.095098495483398,16.545751571655273,-15.1004638671875,-1.4738173484802246,-0.9057114124298096,0.15296536684036255,0.0,0.0,0.0,-2.588116140038004,70,255,255,255
914,31.15460521299974,-8.159449577331543,16.509525299072266,-15.098236083984375,-1.4499036073684692,-0.9296373128890991,0.15858514606952667,0.0,0.0,0.0,-2.5860710986369324,70,255,255,255
915,31.190272742999696,-8.209785461425781,16.47951889038086,-15.095718383789062,-1.4414393901824951,-0.9542610049247742,0.1525435894727707,0.0,0.0,0.0,-2.5822718330258256,70,255,255,255
916,31.220605477999925,-8.259325981140137,16.4490909576416,-15.093048095703125,-1.4193038940429688,-0.9525471925735474,0.16867151856422424,0.0,0.0,0.0,-2.5785460706608045,70,255,255,255
917,31.257530626999596,-8.309163093566895,16.417762756347656,-15.090316772460938,-1.4078181982040405,-0.967413604259491,0.18253692984580994,0.0,0.0,0.0,-2.574296464509365,70,255,255,255
918,31.290745281,-8.359782218933105,16.385820388793945,-15.088134765625,-1.411052942276001,-0.9712011814117432,0.17014148831367493,0.0,0.0,0.0,-2.572240237831715,70,255,255,255
919,31.326936681000007,-8.409810066223145,16.353591918945312,-15.085372924804688,-1.4136247634887695,-0.9750913977622986,0.1705491542816162,0.0,0.0,0.0,-2.56848597964303,70,255,255,255
920,31.360812088999864,-8.471355438232422,16.31264305114746,-15.081436157226562,-1.3997185230255127,-0.9912636876106262,0.17744450271129608,0.0,0.0,0.0,-2.563970057382583,70,255,255,255
921,31.392793073999655,-8.521042823791504,16.27936553955078,-15.081146240234375,-1.391278862953186,-1.0070254802703857,0.17418120801448822,0.0,0.0,0.0,-2.561951114960194,70,255,255,255
922,31.427082274999975,-8.570122718811035,16.245176315307617,-15.081741333007812,-1.3715288639068604,-1.0366218090057373,0.15660794079303741,0.0,0.0,0.0,-2.557728140419655,70,255,255,255
923,31.461653095999736,-8.618316650390625,16.210147857666016,-15.082275390625,-1.3711566925048828,-1.0652408599853516,0.1267181932926178,0.0,0.0,0.0,-2.55351768273624,70,255,255,255
924,31.494154787999832,-8.666041374206543,16.174671173095703,-15.083419799804688,-1.3686420917510986,-1.0735348463058472,0.09754104912281036,0.0,0.0,0.0,-2.5517267069031617,70,255,255,255
925,31.529756689999886,-8.716863632202148,16.137235641479492,-15.085678100585938,-1.3714573383331299,-1.0844806432724,0.09803428500890732,0.0,0.0,0.0,-2.5470880129164617,70,255,255,255
926,31.56442089999973,-8.779520034790039,16.090198516845703,-15.087554931640625,-1.377248764038086,-1.0944982767105103,0.11555620282888412,0.0,0.0,0.0,-2.5430602480838256,70,255,255,255
927,31.59836203399982,-8.82907485961914,16.052690505981445,-15.087936401367188,-1.3774245977401733,-1.0887113809585571,0.129826158285141,0.0,0.0,0.0,-2.540852221224041,70,255,255,255
928,31.631182100999922,-8.87822437286377,16.014381408691406,-15.088119506835938,-1.3751940727233887,-1.1119580268859863,0.10326090455055237,0.0,0.0,0.0,-2.5370715977405647,70,255,255,255
929,31.667733425999813,-8.927867889404297,15.974396705627441,-15.088958740234375,-1.3836978673934937,-1.113959789276123,0.09828177094459534,0.0,0.0,0.0,-2.5346028474100613,70,255,255,255
930,31.70026496299988,-8.976912498474121,15.934293746948242,-15.089263916015625,-1.3789088726043701,-1.116653323173523,0.10617388039827347,0.0,0.0,0.0,-2.5306262152703547,70,255,255,255
931,31.73382773100002,-9.025345802307129,15.894604682922363,-15.089218139648438,-1.383368730545044,-1.1089656352996826,0.11214705556631088,0.0,0.0,0.0,-2.527371033469951,70,255,255,255
932,31.76973631499959,-9.086578369140625,15.84389591217041,-15.090774536132812,-1.375174880027771,-1.1319606304168701,0.11294105648994446,0.0,0.0,0.0,-2.525686850396585,70,255,255,255
933,31.80481162199976,-9.135616302490234,15.802591323852539,-15.09246826171875,-1.3729441165924072,-1.1544042825698853,0.11769738048315048,0.0,0.0,0.0,-2.521298493552352,70,255,255,255
934,31.835562578999998,-9.184240341186523,15.760856628417969,-15.093597412109375,-1.3877111673355103,-1.1558524370193481,0.12347328662872314,0.0,0.0,0.0,-2.5168656619179153,70,255,255,255
935,31.872573614999965,-9.232284545898438,15.719359397888184,-15.094253540039062,-1.3704744577407837,-1.1648415327072144,0.13020379841327667,0.0,0.0,0.0,-2.512815526532123,70,255,255,255
936,31.906343422999726,-9.281306266784668,15.676191329956055,-15.096160888671875,-1.3602211475372314,-1.2012897729873657,0.1108826994895935,0.0,0.0,0.0,-2.510727341921392,70,255,255,255
937,31.937688871999853,-9.329612731933594,15.631720542907715,-15.097824096679688,-1.3446239233016968,-1.2289408445358276,0.1343296617269516,0.0,0.0,0.0,-2.506731002389619,70,255,255,255
938,31.975808590999804,-9.388973236083984,15.57583999633789,-15.09881591796875,-1.3508498668670654,-1.236352801322937,0.1413009762763977,0.0,0.0,0.0,-2.504557596624005,70,255,255,255
939,32.00649811999983,-9.436010360717773,15.531485557556152,-15.098709106445312,-1.3548223972320557,-1.2286778688430786,0.1308155506849289,0.0,0.0,0.0,-2.500454730648629,70,255,255,255
940,32.04040043199984,-9.48525619506836,15.486449241638184,-15.09991455078125,-1.3680689334869385,-1.2365620136260986,0.1121855080127716,0.0,0.0,0.0,-2.4958610440843514,70,255,255,255
941,32.07711605099985,-9.534369468688965,15.442060470581055,-15.100982666015625,-1.3777930736541748,-1.2190676927566528,0.10464025288820267,0.0,0.0,0.0,-2.492356590405916,70,255,255,255
942,32.10848148399964,-9.583108901977539,15.39834976196289,-15.101974487304688,-1.394777774810791,-1.1949131488800049,0.09622809290885925,0.0,0.0,0.0,-2.48988863902374,70,255,255,255
943,32.14176615899987,-9.632255554199219,15.355627059936523,-15.103775024414062,-1.4038290977478027,-1.1955125331878662,0.0766868144273758,0.0,0.0,0.0,-2.485762337230771,70,255,255,255
944,32.178156248999585,-9.694926261901855,15.303193092346191,-15.107711791992188,-1.4385039806365967,-1.1508432626724243,0.06791140884160995,0.0,0.0,0.0,-2.48392102765309,70,255,255,255
945,32.21085596199964,-9.74523639678955,15.262701988220215,-15.110275268554688,-1.4453799724578857,-1.1289305686950684,0.08381041884422302,0.0,0.0,0.0,-2.47931189475449,70,255,255,255
946,32.24494391500002,-9.794806480407715,15.222527503967285,-15.11199951171875,-1.434550404548645,-1.138925313949585,0.07949546724557877,0.0,0.0,0.0,-2.475000236949652,70,255,255,255
947,32.28105095899991,-9.84315299987793,15.181219100952148,-15.115554809570312,-1.4231436252593994,-1.1447172164916992,0.05824187770485878,0.0,0.0,0.0,-2.4727709048011466,70,255,255,255
948,32.31328531899999,-9.890457153320312,15.139042854309082,-15.119430541992188,-1.4234896898269653,-1.1538798809051514,0.07955088466405869,0.0,0.0,0.0,-2.468332214212311,70,255,255,255
949,32.346472812999764,-9.937655448913574,15.09735107421875,-15.122161865234375,-1.4281615018844604,-1.1406068801879883,0.07607077062129974,0.0,0.0,0.0,-2.464466369573952,70,255,255,255
950,32.383058097999765,-9.996687889099121,15.046259880065918,-15.125167846679688,-1.4365004301071167,-1.1220628023147583,0.09447424113750458,0.0,0.0,0.0,-2.462066328799573,70,255,255,255
951,32.41537741100001,-10.045928001403809,15.00452709197998,-15.131240844726562,-1.4411554336547852,-1.1144835948944092,0.10077744722366333,0.0,0.0,0.0,-2.4573863558159768,70,255,255,255
952,32.448847779999596,-10.095659255981445,14.962611198425293,-15.138198852539062,-1.450727105140686,-1.11674165725708,0.06546639651060104,0.0,0.0,0.0,-2.4532113181750597,70,255,255,255
953,32.48586926400003,-10.144852638244629,14.9209623336792,-15.145401000976562,-1.4582221508026123,-1.1058913469314575,0.039682965725660324,0.0,0.0,0.0,-2.4516930500376053,70,255,255,255
954,32.53627965099986,-10.194231033325195,14.880324363708496,-15.151519775390625,-1.4602503776550293,-1.1089280843734741,0.05937333032488823,0.0,0.0,0.0,-2.447857831751782,70,255,255,255
955,32.56234099199992,-10.24221420288086,14.83866024017334,-15.157058715820312,-1.454392671585083,-1.1013227701187134,0.056535862386226654,0.0,0.0,0.0,-2.4452399444002344,70,255,255,255
956,32.60495654899978,-10.30249309539795,14.788139343261719,-15.162933349609375,-1.4790055751800537,-1.064953327178955,0.08192963153123856,0.0,0.0,0.0,-2.4425341727327137,70,255,255,255
957,32.62818007099986,-10.351012229919434,14.749064445495605,-15.166336059570312,-1.4866596460342407,-1.0366706848144531,0.09812849014997482,0.0,0.0,0.0,-2.4390315832670417,70,255,255,255
958,32.660126795,-10.399571418762207,14.710055351257324,-15.16912841796875,-1.4975837469100952,-1.0184487104415894,0.12031298130750656,0.0,0.0,0.0,-2.4327380009789663,70,255,255,255
959,32.6967745109996,-10.4481840133667,14.668209075927734,-15.173568725585938,-1.5054537057876587,-1.0041707754135132,0.12952251732349396,0.0,0.0,0.0,-2.4304540740281144,70,255,255,255
960,32.730902304999745,-10.49670696258545,14.627870559692383,-15.17626953125,-1.5022281408309937,-0.9865298867225647,0.14774543046951294,0.0,0.0,0.0,-2.4260667824483177,70,255,255,255
961,32.76320553400001,-10.544922828674316,14.588037490844727,-15.177886962890625,-1.4940708875656128,-1.004731297492981,0.15580539405345917,0.0,0.0,0.0,-2.4224297033475968,70,255,255,255
962,32.79876384099998,-10.606155395507812,14.536039352416992,-15.180801391601562,-1.4896419048309326,-1.0023881196975708,0.17577537894248962,0.0,0.0,0.0,-2.4186522756574282,70,255,255,255
963,32.83169649999991,-10.65627670288086,14.49446964263916,-15.182632446289062,-1.5016738176345825,-0.9965670108795166,0.1673516184091568,0.0,0.0,0.0,-2.4168208197757806,70,255,255,255
964,32.86377594099986,-10.706099510192871,14.453582763671875,-15.183883666992188,-1.5170135498046875,-0.9786396026611328,0.1746765375137329,0.0,0.0,0.0,-2.4125879915392088,70,255,255,255
965,32.90130689699981,-10.75606918334961,14.41355037689209,-15.184738159179688,-1.5126686096191406,-0.9998943209648132,0.1565212458372116,0.0,0.0,0.0,-2.4102270992328534,70,255,255,255
966,32.933509952999884,-10.80575180053711,14.370841026306152,-15.1864013671875,-1.5104464292526245,-1.0066791772842407,0.17196905612945557,0.0,0.0,0.0,-2.406376168296599,70,255,255,255
967,32.96631037999987,-10.85501480102539,14.327768325805664,-15.187286376953125,-1.5002604722976685,-1.0149129629135132,0.18518292903900146,0.0,0.0,0.0,-2.401702853215728,70,255,255,255
968,33.00662243299985,-10.915323257446289,14.274084091186523,-15.187576293945312,-1.477919101715088,-1.04640793800354,0.16553787887096405,0.0,0.0,0.0,-2.3973512479945382,70,255,255,255
969,33.036093866999636,-10.963303565979004,14.231724739074707,-15.187149047851562,-1.4852066040039062,-1.028913140296936,0.1895301640033722,0.0,0.0,0.0,-2.394922977712604,70,255,255,255
970,33.06895728999962,-11.010523796081543,14.188437461853027,-15.188690185546875,-1.4662537574768066,-1.048902988433838,0.20375624299049377,0.0,0.0,0.0,-2.390150060406964,70,255,255,255
971,33.110465619000024,-11.057219505310059,14.145370483398438,-15.189453125,-1.4604569673538208,-1.0552512407302856,0.20523682236671448,0.0,0.0,0.0,-2.3853009766941478,70,255,255,255
972,33.142071677999866,-11.103686332702637,14.103087425231934,-15.18994140625,-1.4646226167678833,-1.0485926866531372,0.18356485664844513,0.0,0.0,0.0,-2.383351276460101,70,255,255,255
973,33.17377171899989,-11.15023422241211,14.06080150604248,-15.190704345703125,-1.4827988147735596,-1.0356394052505493,0.15018974244594574,0.0,0.0,0.0,-2.378985822801243,70,255,255,255
974,33.20981133999976,-11.207825660705566,14.005298614501953,-15.193115234375,-1.481934905052185,-1.0220402479171753,0.16152483224868774,0.0,0.0,0.0,-2.374638478637798,70,255,255,255
975,33.24224467499971,-11.253617286682129,13.96209716796875,-15.193710327148438,-1.462376594543457,-1.0315617322921753,0.19012032449245453,0.0,0.0,0.0,-2.372607019358285,70,255,255,255
976,33.27693907899993,-11.299139976501465,13.91987419128418,-15.193206787109375,-1.449580430984497,-1.026588797569275,0.17642636597156525,0.0,0.0,0.0,-2.367670051329496,70,255,255,255
977,33.31065224899976,-11.3445463180542,13.876921653747559,-15.194854736328125,-1.4341055154800415,-1.0361021757125854,0.16223864257335663,0.0,0.0,0.0,-2.3656132920196282,70,255,255,255
978,33.34318078399974,-11.390110969543457,13.83345890045166,-15.198379516601562,-1.424793004989624,-1.0413141250610352,0.14891713857650757,0.0,0.0,0.0,-2.3609921748961225,70,255,255,255
979,33.37764157999982,-11.435653686523438,13.791067123413086,-15.201156616210938,-1.423075795173645,-1.0397064685821533,0.1304561346769333,0.0,0.0,0.0,-2.3570885133702846,70,255,255,255
980,33.413234646999626,-11.491384506225586,13.738910675048828,-15.204360961914062,-1.4101979732513428,-1.0191830396652222,0.13052581250667572,0.0,0.0,0.0,-2.352302546575303,70,255,255,255
981,33.44528227899991,-11.53488540649414,13.69469928741455,-15.209487915039062,-1.4148623943328857,-1.0053867101669312,0.1383887529373169,0.0,0.0,0.0,-2.350787474231157,70,255,255,255
982,33.48004194899977,-11.578336715698242,13.650784492492676,-15.214401245117188,-1.4261115789413452,-0.9820796847343445,0.15765917301177979,0.0,0.0,0.0,-2.3471136435073925,70,255,255,255
983,33.51583958399988,-11.622138977050781,13.608494758605957,-15.217941284179688,-1.4209641218185425,-0.9790939092636108,0.16651739180088043,0.0,0.0,0.0,-2.3449223945624755,70,255,255,255
984,33.547656657999596,-11.66530990600586,13.566691398620605,-15.219955444335938,-1.3892359733581543,-1.0073721408843994,0.1923045665025711,0.0,0.0,0.0,-2.340357470137971,70,255,255,255
985,33.580512438999904,-11.7103910446167,13.522767066955566,-15.225250244140625,-1.4133079051971436,-0.9857301712036133,0.17237499356269836,0.0,0.0,0.0,-2.336099608187152,70,255,255,255
986,33.61780107799996,-11.767168045043945,13.469525337219238,-15.231369018554688,-1.4249591827392578,-0.9861041903495789,0.1453179568052292,0.0,0.0,0.0,-2.33129499926454,70,255,255,255
987,33.650015483999596,-11.813323020935059,13.428755760192871,-15.235595703125,-1.461115837097168,-0.950334906578064,0.13392433524131775,0.0,0.0,0.0,-2.3288369015783967,70,255,255,255
988,33.682747535999624,-11.859935760498047,13.3875093460083,-15.239608764648438,-1.4324880838394165,-0.972064197063446,0.11510510742664337,0.0,0.0,0.0,-2.323871704042053,70,255,255,255
989,33.72012495099989,-11.90721607208252,13.343073844909668,-15.243728637695312,-1.440596580505371,-0.9510582089424133,0.1323072761297226,0.0,0.0,0.0,-2.3216239960820264,70,255,255,255
990,33.75264524799968,-11.953969955444336,13.300142288208008,-15.246414184570312,-1.4229706525802612,-0.9584736824035645,0.14435970783233643,0.0,0.0,0.0,-2.3162329590873787,70,255,255,255
991,33.7853223799998,-12.000182151794434,13.257953643798828,-15.248245239257812,-1.4168283939361572,-0.9613339304924011,0.1371499001979828,0.0,0.0,0.0,-2.311531947131171,70,255,255,255
992,33.82453738799995,-12.056439399719238,13.203125953674316,-15.252304077148438,-1.4037827253341675,-0.9701161980628967,0.13581714034080505,0.0,0.0,0.0,-2.30864641209007,70,255,255,255
993,33.85725465299993,-12.100323677062988,13.15821361541748,-15.256332397460938,-1.397317886352539,-0.9665813446044922,0.15355487167835236,0.0,0.0,0.0,-2.304774175865095,70,255,255,255
994,33.890013260999694,-12.144393920898438,13.115178108215332,-15.258316040039062,-1.3913145065307617,-0.9507946372032166,0.18235163390636444,0.0,0.0,0.0,-2.300465447537456,70,255,255,255
995,33.927707649999775,-12.188129425048828,13.073321342468262,-15.259124755859375,-1.383833646774292,-0.9666961431503296,0.19976185262203217,0.0,0.0,0.0,-2.2961529907842904,70,255,255,255
996,33.960091122999984,-12.229449272155762,13.029790878295898,-15.258056640625,-1.3683857917785645,-0.9797767996788025,0.20720604062080383,0.0,0.0,0.0,-2.2934639970316373,70,255,255,255
997,33.99191631299982,-12.269861221313477,12.98630428314209,-15.256332397460938,-1.3535712957382202,-1.0015360116958618,0.1998242884874344,0.0,0.0,0.0,-2.2892274403695394,70,255,255,255
998,34.029669829999875,-12.320428848266602,12.932819366455078,-15.253616333007812,-1.3516755104064941,-1.010973572731018,0.2055366486310959,0.0,0.0,0.0,-2.286795974294297,70,255,255,255
999,34.06047876799994,-12.360601425170898,12.890826225280762,-15.250213623046875,-1.3294298648834229,-1.0140762329101562,0.23273923993110657,0.0,0.0,0.0,-2.282371931091457,70,255,255,255
1000,34.09331238699997,-12.39979362487793,12.844175338745117,-15.245498657226562,-1.311282753944397,-1.0327140092849731,0.21655739843845367,0.0,0.0,0.0,-2.2776067369529787,70,255,255,255
1001,34.13034869799958,-12.438874244689941,12.798938751220703,-15.241043090820312,-1.3209139108657837,-1.0140153169631958,0.2209044098854065,0.0,0.0,0.0,-2.276032542432633,70,255,255,255
1002,34.16245567199985,-12.478349685668945,12.755248069763184,-15.235809326171875,-1.320361852645874,-1.014701247215271,0.2365308403968811,0.0,0.0,0.0,-2.2719879996851295,70,255,255,255
1003,34.19510842799991,-12.517663955688477,12.710630416870117,-15.2308349609375,-1.3152084350585938,-1.01471745967865,0.2361096888780594,0.0,0.0,0.0,-2.2679397285121,70,255,255,255
1004,34.23183385499988,-12.567068099975586,12.650666236877441,-15.2281494140625,-1.3326561450958252,-0.986844003200531,0.21880151331424713,0.0,0.0,0.0,-2.264120755508926,70,255,255,255
1005,34.264259006999964,-12.606882095336914,12.604643821716309,-15.225814819335938,-1.3357577323913574,-0.9851855635643005,0.2163757085800171,0.0,0.0,0.0,-2.2620751814756366,70,255,255,255
1006,34.29713853699968,-12.646932601928711,12.560564994812012,-15.222869873046875,-1.33931303024292,-0.9665711522102356,0.20896224677562714,0.0,0.0,0.0,-2.2576913520052573,70,255,255,255
1007,34.33408740999994,-12.68558120727539,12.515392303466797,-15.221343994140625,-1.3238918781280518,-0.9673721790313721,0.19932974874973297,0.0,0.0,0.0,-2.255846846634268,70,255,255,255
1008,34.36662690200001,-12.722552299499512,12.468997955322266,-15.220443725585938,-1.320151925086975,-0.9672929644584656,0.18852350115776062,0.0,0.0,0.0,-2.251035579808931,70,255,255,255
1009,34.39961453299975,-12.759522438049316,12.42393684387207,-15.219192504882812,-1.3115100860595703,-0.9668958187103271,0.18300288915634155,0.0,0.0,0.0,-2.2465140649101945,70,255,255,255
1010,34.43664345099978,-12.806133270263672,12.36939811706543,-15.21710205078125,-1.305653691291809,-0.9770178198814392,0.17682944238185883,0.0,0.0,0.0,-2.2422532734821767,70,255,255,255
1011,34.46916025799965,-12.842292785644531,12.321048736572266,-15.217315673828125,-1.294838309288025,-0.9892707467079163,0.19440226256847382,0.0,0.0,0.0,-2.2402553700323993,70,255,255,255
1012,34.50169556599985,-12.878209114074707,12.272078514099121,-15.217483520507812,-1.2834579944610596,-1.0044894218444824,0.2073400467634201,0.0,0.0,0.0,-2.236646254123124,70,255,255,255
1013,34.540696204999676,-12.914871215820312,12.224579811096191,-15.21673583984375,-1.3083696365356445,-0.9971751570701599,0.2108682543039322,0.0,0.0,0.0,-2.2319670800878546,70,255,255,255
1014,34.573190737000004,-12.952242851257324,12.17863941192627,-15.2152099609375,-1.3216372728347778,-0.9974361658096313,0.21737398207187653,0.0,0.0,0.0,-2.229985288762672,70,255,255,255
1015,34.604913959999976,-12.986671447753906,12.130545616149902,-15.210464477539062,-1.30296790599823,-1.0059281587600708,0.2264663279056549,0.0,0.0,0.0,-2.22558747769657,70,255,255,255
1016,34.64139714999965,-13.030116081237793,12.072318077087402,-15.203018188476562,-1.2878292798995972,-1.0196787118911743,0.26426076889038086,0.0,0.0,0.0,-2.222090614027241,70,255,255,255
1017,34.673164714999984,-13.064437866210938,12.026534080505371,-15.196136474609375,-1.2552986145019531,-1.0428828001022339,0.2790966331958771,0.0,0.0,0.0,-2.2198584855595915,70,255,255,255
1018,34.70634628899961,-13.096882820129395,11.979320526123047,-15.189483642578125,-1.2376047372817993,-1.0527392625808716,0.27281054854393005,0.0,0.0,0.0,-2.215998100401467,70,255,255,255
1019,34.74281392900002,-13.125247955322266,11.927115440368652,-15.18536376953125,-1.2285176515579224,-1.0531176328659058,0.2760982811450958,0.0,0.0,0.0,-2.2136432002075646,70,255,255,255
1020,34.77707492399986,-13.154486656188965,11.876860618591309,-15.180450439453125,-1.2233439683914185,-1.053341269493103,0.2842874825000763,0.0,0.0,0.0,-2.2086805326742565,70,255,255,255
1021,34.80850495599998,-13.18432903289795,11.828036308288574,-15.175125122070312,-1.2199245691299438,-1.0586178302764893,0.279541015625,0.0,0.0,0.0,-2.2044643491944975,70,255,255,255
1022,34.84473247799997,-13.221299171447754,11.76391315460205,-15.1702880859375,-1.2053894996643066,-1.083204984664917,0.28990545868873596,0.0,0.0,0.0,-2.2022203696599965,70,255,255,255
1023,34.878541972999756,-13.251291275024414,11.711804389953613,-15.166534423828125,-1.2181247472763062,-1.084111213684082,0.2930068075656891,0.0,0.0,0.0,-2.1985048604651727,70,255,255,255
1024,34.91031923899982,-13.282261848449707,11.661153793334961,-15.162429809570312,-1.2133716344833374,-1.1055785417556763,0.2729637324810028,0.0,0.0,0.0,-2.1945225025291224,70,255,255,255
1025,34.94713737799975,-13.313572883605957,11.611248016357422,-15.158355712890625,-1.2043496370315552,-1.126294493675232,0.26575642824172974,0.0,0.0,0.0,-2.1921247254416696,70,255,255,255
1026,34.98015838299989,-13.344045639038086,11.55955696105957,-15.157623291015625,-1.2023637294769287,-1.1387732028961182,0.2648634910583496,0.0,0.0,0.0,-2.187895625630624,70,255,255,255
1027,35.01226876199962,-13.374951362609863,11.508438110351562,-15.157073974609375,-1.215032696723938,-1.1418640613555908,0.25426334142684937,0.0,0.0,0.0,-2.183268915868829,70,255,255,255
1028,35.04933319499969,-13.414631843566895,11.44630241394043,-15.155441284179688,-1.2057394981384277,-1.15547776222229,0.26396429538726807,0.0,0.0,0.0,-2.181147175428363,70,255,255,255
1029,35.082186242999796,-13.446269989013672,11.397290229797363,-15.153106689453125,-1.1775544881820679,-1.1800321340560913,0.26267382502555847,0.0,0.0,0.0,-2.176170259983223,70,255,255,255
1030,35.11467328499975,-13.475568771362305,11.34287166595459,-15.151931762695312,-1.1731836795806885,-1.1933857202529907,0.24843476712703705,0.0,0.0,0.0,-2.172077780336098,70,255,255,255
1031,35.15274801999976,-13.505414009094238,11.28971004486084,-15.150802612304688,-1.1500463485717773,-1.2112915515899658,0.23838534951210022,0.0,0.0,0.0,-2.1666353443324122,70,255,255,255
1032,35.18415451999999,-13.535269737243652,11.237504005432129,-15.149703979492188,-1.151170015335083,-1.2189298868179321,0.21418340504169464,0.0,0.0,0.0,-2.1643138668101902,70,255,255,255
1033,35.21700274199975,-13.564985275268555,11.184846878051758,-15.148681640625,-1.1592233180999756,-1.2290295362472534,0.20409636199474335,0.0,0.0,0.0,-2.1598585314645424,70,255,255,255
1034,35.25702995199981,-13.60023307800293,11.115096092224121,-15.1488037109375,-1.1754088401794434,-1.2364659309387207,0.19602464139461517,0.0,0.0,0.0,-2.1562247813151836,70,255,255,255
1035,35.28616420199978,-13.628973007202148,11.060481071472168,-15.1480712890625,-1.1370514631271362,-1.2692915201187134,0.21592877805233002,0.0,0.0,0.0,-2.1538697479632267,70,255,255,255
1036,35.31942289599965,-13.657766342163086,11.00656795501709,-15.146148681640625,-1.1437077522277832,-1.2768510580062866,0.22104224562644958,0.0,0.0,0.0,-2.1498001715014765,70,255,255,255
1037,35.36069876599959,-13.686430931091309,10.950785636901855,-15.145339965820312,-1.1356052160263062,-1.2783753871917725,0.18748658895492554,0.0,0.0,0.0,-2.1453195361254727,70,255,255,255
1038,35.390242299999954,-13.7151517868042,10.893508911132812,-15.1466064453125,-1.1391600370407104,-1.2801486253738403,0.15527765452861786,0.0,0.0,0.0,-2.1424955201055527,70,255,255,255
1039,35.42354723899962,-13.744314193725586,10.837602615356445,-15.147369384765625,-1.1298627853393555,-1.2925708293914795,0.14726687967777252,0.0,0.0,0.0,-2.1381701470211003,70,255,255,255
1040,35.459735628999624,-13.781539916992188,10.769824028015137,-15.148239135742188,-1.1367359161376953,-1.274574875831604,0.13908401131629944,0.0,0.0,0.0,-2.1345098984188957,70,255,255,255
1041,35.49264375299981,-13.81143856048584,10.713027954101562,-15.15228271484375,-1.1507278680801392,-1.2812029123306274,0.10927945375442505,0.0,0.0,0.0,-2.1323892232428654,70,255,255,255
1042,35.526563904999875,-13.84194564819336,10.655898094177246,-15.157485961914062,-1.1646267175674438,-1.284500241279602,0.08509229868650436,0.0,0.0,0.0,-2.1290215228864056,70,255,255,255
1043,35.56175237599973,-13.873054504394531,10.600462913513184,-15.16265869140625,-1.151342749595642,-1.2837108373641968,0.07075081765651703,0.0,0.0,0.0,-2.126823749196818,70,255,255,255
1044,35.594092244999956,-13.904790878295898,10.546680450439453,-15.167083740234375,-1.1565903425216675,-1.2690287828445435,0.07933173328638077,0.0,0.0,0.0,-2.1225007729573466,70,255,255,255
1045,35.628858046000005,-13.936386108398438,10.487434387207031,-15.176193237304688,-1.156118392944336,-1.2786904573440552,0.08755992352962494,0.0,0.0,0.0,-2.11806381342322,70,255,255,255
1046,35.66360875600003,-13.977143287658691,10.41614818572998,-15.185943603515625,-1.177121639251709,-1.2682348489761353,0.08495673537254333,0.0,0.0,0.0,-2.116138347955093,70,255,255,255
1047,35.69632809299992,-14.010819435119629,10.36127758026123,-15.192092895507812,-1.190239667892456,-1.2588415145874023,0.10018298029899597,0.0,0.0,0.0,-2.1116906026185513,70,255,255,255
1048,35.72971323399997,-14.045302391052246,10.307302474975586,-15.19854736328125,-1.197776436805725,-1.2609496116638184,0.0847330167889595,0.0,0.0,0.0,-2.106949243771829,70,255,255,255
1049,35.765664077999645,-14.07969856262207,10.252025604248047,-15.20782470703125,-1.2016841173171997,-1.2674574851989746,0.0786956399679184,0.0,0.0,0.0,-2.104864521270515,70,255,255,255
1050,35.797950021999895,-14.114811897277832,10.198177337646484,-15.216415405273438,-1.2239798307418823,-1.2614713907241821,0.07120037823915482,0.0,0.0,0.0,-2.100450198605654,70,255,255,255
1051,35.83106775599981,-14.150723457336426,10.145973205566406,-15.223556518554688,-1.2257336378097534,-1.259686827659607,0.08067664504051208,0.0,0.0,0.0,-2.0962253598523524,70,255,255,255
1052,35.868215374999636,-14.19096565246582,10.079195022583008,-15.231765747070312,-1.1994380950927734,-1.2816373109817505,0.09064456820487976,0.0,0.0,0.0,-2.0922163703054015,70,255,255,255
1053,35.90044190399976,-14.221216201782227,10.02558422088623,-15.237136840820312,-1.1860238313674927,-1.293595552444458,0.11100567877292633,0.0,0.0,0.0,-2.0902320489771835,70,255,255,255
1054,35.933192074999624,-14.251887321472168,9.973062515258789,-15.241455078125,-1.1838256120681763,-1.2969393730163574,0.09775938093662262,0.0,0.0,0.0,-2.0858792453335036,70,255,255,255
1055,35.973786347999976,-14.283121109008789,9.92138385772705,-15.245651245117188,-1.1758726835250854,-1.3046647310256958,0.08605628460645676,0.0,0.0,0.0,-2.0835255435620916,70,255,255,255
1056,36.002527088999614,-14.314334869384766,9.8685302734375,-15.250213623046875,-1.2160805463790894,-1.2751833200454712,0.09740885347127914,0.0,0.0,0.0,-2.0792361231523553,70,255,255,255
1057,36.03560510399984,-14.34682559967041,9.816847801208496,-15.254226684570312,-1.236575961112976,-1.2606879472732544,0.09264357388019562,0.0,0.0,0.0,-2.074799429934338,70,255,255,255
1058,36.07650547000003,-14.389822959899902,9.75490951538086,-15.257598876953125,-1.2702029943466187,-1.236881971359253,0.11850395798683167,0.0,0.0,0.0,-2.0732750365263763,70,255,255,255
1059,36.105940132999876,-14.425625801086426,9.70693588256836,-15.259628295898438,-1.3028610944747925,-1.2223528623580933,0.09511995315551758,0.0,0.0,0.0,-2.068837011727814,70,255,255,255
1060,36.13993384699961,-14.461328506469727,9.656824111938477,-15.26220703125,-1.2877272367477417,-1.2164082527160645,0.12103018909692764,0.0,0.0,0.0,-2.0645240223424306,70,255,255,255
1061,36.17678970399993,-14.49773120880127,9.608377456665039,-15.263656616210938,-1.308349847793579,-1.1956623792648315,0.1315811723470688,0.0,0.0,0.0,-2.0626257211174224,70,255,255,255
1062,36.209358105999854,-14.534573554992676,9.561260223388672,-15.264419555664062,-1.2945425510406494,-1.2001289129257202,0.12782157957553864,0.0,0.0,0.0,-2.0574787628366806,70,255,255,255
1063,36.24205196599996,-14.570889472961426,9.513041496276855,-15.2642822265625,-1.2649970054626465,-1.2160004377365112,0.1498764604330063,0.0,0.0,0.0,-2.052495855279088,70,255,255,255
1064,36.280005014999915,-14.615377426147461,9.448399543762207,-15.262435913085938,-1.2669880390167236,-1.2042030096054077,0.1798885315656662,0.0,0.0,0.0,-2.050055867088357,70,255,255,255
1065,36.31086958199967,-14.650755882263184,9.39829158782959,-15.259735107421875,-1.2307482957839966,-1.2101027965545654,0.19441936910152435,0.0,0.0,0.0,-2.0450862753362147,70,255,255,255
1066,36.34371329999976,-14.685742378234863,9.349055290222168,-15.256668090820312,-1.2045201063156128,-1.219643473625183,0.18870550394058228,0.0,0.0,0.0,-2.0401505057299163,70,255,255,255
1067,36.38087059999998,-14.719593048095703,9.298112869262695,-15.254104614257812,-1.2265150547027588,-1.2015362977981567,0.1879080981016159,0.0,0.0,0.0,-2.0357083530316644,70,255,255,255
1068,36.41310332199964,-14.752694129943848,9.246075630187988,-15.251388549804688,-1.2070878744125366,-1.1975246667861938,0.20093892514705658,0.0,0.0,0.0,-2.033468634554908,70,255,255,255
1069,36.445991280999806,-14.785721778869629,9.195402145385742,-15.2476806640625,-1.194983959197998,-1.1993985176086426,0.21484774351119995,0.0,0.0,0.0,-2.029612377296473,70,255,255,255
1070,36.482893159000014,-14.827582359313965,9.134028434753418,-15.242706298828125,-1.1940745115280151,-1.198219656944275,0.20133620500564575,0.0,0.0,0.0,-2.0257104468253435,70,255,255,255
1071,36.51524514199991,-14.8604154586792,9.082904815673828,-15.23760986328125,-1.2080427408218384,-1.1855111122131348,0.22122982144355774,0.0,0.0,0.0,-2.0239266615272085,70,255,255,255
1072,36.54775870699996,-14.893753051757812,9.032087326049805,-15.232040405273438,-1.2061388492584229,-1.1929447650909424,0.20718859136104584,0.0,0.0,0.0,-2.0202010323202417,70,255,255,255
1073,36.5856056409998,-14.927206039428711,8.982687950134277,-15.22607421875,-1.209915041923523,-1.1803480386734009,0.23673057556152344,0.0,0.0,0.0,-2.018321905855082,70,255,255,255
1074,36.617144015999656,-14.9616117477417,8.935013771057129,-15.219497680664062,-1.2212210893630981,-1.1710315942764282,0.2334132045507431,0.0,0.0,0.0,-2.0134669631878674,70,255,255,255
1075,36.64987816499979,-14.993587493896484,8.883081436157227,-15.216079711914062,-1.226157546043396,-1.172857642173767,0.2303614765405655,0.0,0.0,0.0,-2.008807762860774,70,255,255,255
1076,36.686644324999634,-15.034821510314941,8.82014274597168,-15.211654663085938,-1.2239835262298584,-1.1803374290466309,0.241404727101326,0.0,0.0,0.0,-2.0071748456383918,70,255,255,255
1077,36.71891406199984,-15.068184852600098,8.77131175994873,-15.206527709960938,-1.2185183763504028,-1.178398847579956,0.25788506865501404,0.0,0.0,0.0,-2.0029960795719486,70,255,255,255
1078,36.75186920299984,-15.10150146484375,8.722935676574707,-15.201385498046875,-1.2307337522506714,-1.173452377319336,0.25951308012008667,0.0,0.0,0.0,-1.9998443615798942,70,255,255,255
1079,36.790419908999866,-15.13427448272705,8.674168586730957,-15.197174072265625,-1.253241777420044,-1.1476385593414307,0.27518925070762634,0.0,0.0,0.0,-1.9959926316953127,70,255,255,255
1080,36.822998470999664,-15.168092727661133,8.62686538696289,-15.192398071289062,-1.247495412826538,-1.1579684019088745,0.26455992460250854,0.0,0.0,0.0,-1.993857841765505,70,255,255,255
1081,36.856071654999596,-15.202530860900879,8.580531120300293,-15.188003540039062,-1.2576147317886353,-1.1534923315048218,0.2396792769432068,0.0,0.0,0.0,-1.9902869422178724,70,255,255,255
1082,36.89231261199984,-15.24609661102295,8.520914077758789,-15.186386108398438,-1.2383860349655151,-1.1595638990402222,0.22063997387886047,0.0,0.0,0.0,-1.9864602460475376,70,255,255,255
1083,36.925270002999696,-15.28062629699707,8.472600936889648,-15.186325073242188,-1.2290254831314087,-1.1613972187042236,0.21845930814743042,0.0,0.0,0.0,-1.9848281277734825,70,255,255,255
1084,36.9569477,-15.31547737121582,8.425321578979492,-15.185577392578125,-1.2256731986999512,-1.175154685974121,0.1980070322751999,0.0,0.0,0.0,-1.9812336592502025,70,255,255,255
1085,36.99363662299993,-15.35051441192627,8.378946304321289,-15.184234619140625,-1.2181756496429443,-1.1735715866088867,0.22740095853805542,0.0,0.0,0.0,-1.9772065602078392,70,255,255,255
1086,37.02695866999966,-15.383036613464355,8.32958698272705,-15.182891845703125,-1.221063494682312,-1.1717982292175293,0.24016070365905762,0.0,0.0,0.0,-1.9747697678104168,70,255,255,255
1087,37.059042312999736,-15.415304183959961,8.279939651489258,-15.182266235351562,-1.1915103197097778,-1.1917039155960083,0.20203247666358948,0.0,0.0,0.0,-1.970765571953428,70,255,255,255
1088,37.095464548999644,-15.455669403076172,8.219179153442383,-15.181869506835938,-1.1757776737213135,-1.2018147706985474,0.20148232579231262,0.0,0.0,0.0,-1.9684905665922279,70,255,255,255
1089,37.12923551499989,-15.487785339355469,8.171355247497559,-15.180526733398438,-1.1431382894515991,-1.2285836935043335,0.201452374458313,0.0,0.0,0.0,-1.96489822859782,70,255,255,255
1090,37.16106635899996,-15.515111923217773,8.119054794311523,-15.181411743164062,-1.1143957376480103,-1.2446180582046509,0.21663838624954224,0.0,0.0,0.0,-1.960365262106396,70,255,255,255
1091,37.19777955699965,-15.542168617248535,8.06765079498291,-15.181045532226562,-1.094757080078125,-1.2549973726272583,0.22772544622421265,0.0,0.0,0.0,-1.9557224402200064,70,255,255,255
1092,37.23035923999987,-15.569920539855957,8.017538070678711,-15.179534912109375,-1.0782628059387207,-1.2540435791015625,0.2402990460395813,0.0,0.0,0.0,-1.9536038955728485,70,255,255,255
1093,37.262830002999635,-15.597599983215332,7.96721887588501,-15.177978515625,-1.0935615301132202,-1.2557729482650757,0.21893467009067535,0.0,0.0,0.0,-1.9500365912926874,70,255,255,255
1094,37.29963196599965,-15.631847381591797,7.90169620513916,-15.176467895507812,-1.1268295049667358,-1.2437766790390015,0.21700184047222137,0.0,0.0,0.0,-1.948327773979238,70,255,255,255
1095,37.33199700799969,-15.66052532196045,7.850788593292236,-15.174636840820312,-1.109114408493042,-1.2517364025115967,0.2258952409029007,0.0,0.0,0.0,-1.9437179752903653,70,255,255,255
1096,37.364646033999634,-15.689255714416504,7.800782680511475,-15.172256469726562,-1.094445824623108,-1.2612850666046143,0.201569065451622,0.0,0.0,0.0,-1.9398489348586982,70,255,255,255
1097,37.402252529999714,-15.719354629516602,7.749453544616699,-15.171707153320312,-1.1108200550079346,-1.2621729373931885,0.18189223110675812,0.0,0.0,0.0,-1.9349915953465027,70,255,255,255
1098,37.4339798799997,-15.750085830688477,7.69691276550293,-15.172515869140625,-1.0720345973968506,-1.2815159559249878,0.1949165165424347,0.0,0.0,0.0,-1.9330076734924482,70,255,255,255
1099,37.46662277199994,-15.780763626098633,7.645373821258545,-15.172088623046875,-1.0717649459838867,-1.2871930599212646,0.20491032302379608,0.0,0.0,0.0,-1.9284376890618722,70,255,255,255
1100,37.50581480999972,-15.819499015808105,7.582385540008545,-15.17022705078125,-1.0581295490264893,-1.2875856161117554,0.20793595910072327,0.0,0.0,0.0,-1.9264974430496948,70,255,255,255
1101,37.538125365999804,-15.848647117614746,7.529307842254639,-15.16912841796875,-1.063289761543274,-1.2787895202636719,0.1973273754119873,0.0,0.0,0.0,-1.9217699326406408,70,255,255,255
1102,37.57274953499973,-15.878325462341309,7.4765305519104,-15.167800903320312,-1.0901399850845337,-1.2762773036956787,0.19310137629508972,0.0,0.0,0.0,-1.9168392230404137,70,255,255,255
1103,37.607102594000025,-15.9090576171875,7.424954414367676,-15.16644287109375,-1.1131213903427124,-1.2810146808624268,0.1643132120370865,0.0,0.0,0.0,-1.9124165114181189,70,255,255,255
1104,37.6386224339999,-15.94083023071289,7.374263763427734,-15.165725708007812,-1.1099010705947876,-1.2918345928192139,0.14513157308101654,0.0,0.0,0.0,-1.9100626764886524,70,255,255,255
1105,37.6715065569997,-15.973560333251953,7.3217034339904785,-15.166168212890625,-1.11432683467865,-1.2964099645614624,0.13825276494026184,0.0,0.0,0.0,-1.9059407689114822,70,255,255,255
1106,37.70934606699984,-16.014911651611328,7.257487773895264,-15.166122436523438,-1.1135765314102173,-1.301389455795288,0.14861524105072021,0.0,0.0,0.0,-1.900807925384518,70,255,255,255
1107,37.74154581399989,-16.048778533935547,7.207275390625,-15.165390014648438,-1.1325308084487915,-1.3038194179534912,0.13187263906002045,0.0,0.0,0.0,-1.8979725909299652,70,255,255,255
1108,37.776375730999916,-16.0823974609375,7.156830787658691,-15.165420532226562,-1.1244590282440186,-1.3044427633285522,0.15423445403575897,0.0,0.0,0.0,-1.8927635809958248,70,255,255,255
1109,37.8124853989998,-16.114505767822266,7.104367733001709,-15.166748046875,-1.1193145513534546,-1.3033469915390015,0.16336072981357574,0.0,0.0,0.0,-1.8901777847354122,70,255,255,255
1110,37.85089563699967,-16.1470947265625,7.053103923797607,-15.167877197265625,-1.1355758905410767,-1.3013883829116821,0.1489381045103073,0.0,0.0,0.0,-1.8861959594315802,70,255,255,255
1111,37.88759395399984,-16.17976188659668,7.0025529861450195,-15.168197631835938,-1.1085830926895142,-1.3174406290054321,0.15692473948001862,0.0,0.0,0.0,-1.88110639227233,70,255,255,255
1112,37.91953540199984,-16.21985626220703,6.936737060546875,-15.171417236328125,-1.115047574043274,-1.3208091259002686,0.1207079142332077,0.0,0.0,0.0,-1.878234572510843,70,255,255,255
1113,37.95567223199987,-16.251848220825195,6.883266925811768,-15.1754150390625,-1.0806126594543457,-1.3385387659072876,0.10570478439331055,0.0,0.0,0.0,-1.8730870815978833,70,255,255,255
1114,37.98101221099978,-16.283233642578125,6.830352306365967,-15.178848266601562,-1.0574971437454224,-1.3624955415725708,0.09142439067363739,0.0,0.0,0.0,-1.8693354865702887,70,255,255,255
1115,38.02542702599976,-16.31397819519043,6.777775287628174,-15.182281494140625,-1.0189043283462524,-1.3837549686431885,0.06717774271965027,0.0,0.0,0.0,-1.8674088226796708,70,255,255,255
1116,38.06089398699987,-16.34405517578125,6.722152233123779,-15.1888427734375,-1.0185765027999878,-1.3867071866989136,0.08240943402051926,0.0,0.0,0.0,-1.8629633410300561,70,255,255,255
1117,38.099685363999924,-16.374961853027344,6.666487216949463,-15.1951904296875,-1.0375964641571045,-1.400680422782898,0.08378089219331741,0.0,0.0,0.0,-1.858540496249707,70,255,255,255
1118,38.125828435999665,-16.413288116455078,6.598062038421631,-15.201080322265625,-1.0046591758728027,-1.4141273498535156,0.106650210916996,0.0,0.0,0.0,-1.8544155260372832,70,255,255,255
1119,38.153736142999605,-16.44396209716797,6.544363975524902,-15.204544067382812,-1.0162720680236816,-1.4183851480484009,0.0978776291012764,0.0,0.0,0.0,-1.8529621058723724,70,255,255,255
1120,38.18624306999982,-16.472484588623047,6.489156723022461,-15.208328247070312,-0.97940593957901,-1.4341169595718384,0.06969232112169266,0.0,0.0,0.0,-1.8490766870000015,70,255,255,255
1121,38.226339558999825,-16.50050163269043,6.434713363647461,-15.211761474609375,-0.9749919772148132,-1.4373624324798584,0.07628893107175827,0.0,0.0,0.0,-1.8448688924776762,70,255,255,255
1122,38.257533433999924,-16.528867721557617,6.381316661834717,-15.214340209960938,-0.9806833863258362,-1.4304271936416626,0.08491399139165878,0.0,0.0,0.0,-1.8428893648394202,70,255,255,255
1123,38.290582149999864,-16.55730438232422,6.327490329742432,-15.215545654296875,-0.9861918687820435,-1.4268583059310913,0.10874714702367783,0.0,0.0,0.0,-1.8391887693467006,70,255,255,255
1124,38.326759298999605,-16.592493057250977,6.2566094398498535,-15.215866088867188,-0.9893743991851807,-1.4283227920532227,0.10783286392688751,0.0,0.0,0.0,-1.8350587391282058,70,255,255,255
1125,38.36069063399964,-16.621009826660156,6.201249122619629,-15.215438842773438,-0.9729514122009277,-1.4313905239105225,0.1020454540848732,0.0,0.0,0.0,-1.833065229894227,70,255,255,255
1126,38.392789746999824,-16.649412155151367,6.146815776824951,-15.21502685546875,-0.9453094005584717,-1.4454437494277954,0.0917091891169548,0.0,0.0,0.0,-1.8283869879653394,70,255,255,255
1127,38.42806723299964,-16.679410934448242,6.090246200561523,-15.215530395507812,-1.0024404525756836,-1.439893126487732,0.08903022110462189,0.0,0.0,0.0,-1.824546177041227,70,255,255,255
1128,38.46125316199959,-16.711572647094727,6.032164096832275,-15.216537475585938,-0.9892849326133728,-1.4470572471618652,0.07717422395944595,0.0,0.0,0.0,-1.8226209778892088,70,255,255,255
1129,38.494518898000024,-16.743684768676758,5.975111484527588,-15.217269897460938,-1.006213665008545,-1.4532268047332764,0.08397860825061798,0.0,0.0,0.0,-1.8184378176069669,70,255,255,255
1130,38.53335134600002,-16.784029006958008,5.905094146728516,-15.217620849609375,-0.9989917874336243,-1.4641454219818115,0.08301981538534164,0.0,0.0,0.0,-1.8145354876616737,70,255,255,255
1131,38.56441580499995,-16.815792083740234,5.847487449645996,-15.215087890625,-0.9907983541488647,-1.4724171161651611,0.09064604341983795,0.0,0.0,0.0,-1.8130856627642344,70,255,255,255
1132,38.59678562199997,-16.847461700439453,5.790180683135986,-15.211807250976562,-0.9882162809371948,-1.4684416055679321,0.09808598458766937,0.0,0.0,0.0,-1.8094806747546488,70,255,255,255
1133,38.63232037199987,-16.87857437133789,5.73401403427124,-15.2083740234375,-0.9436236023902893,-1.4769034385681152,0.08835813403129578,0.0,0.0,0.0,-1.8079155349820093,70,255,255,255
1134,38.66416536099996,-16.90846061706543,5.678836345672607,-15.205413818359375,-0.9174485206604004,-1.475710391998291,0.06686140596866608,0.0,0.0,0.0,-1.8046379826284487,70,255,255,255
1135,38.697327890999986,-16.931434631347656,5.621509075164795,-15.201614379882812,-0.8682493567466736,-1.4907244443893433,0.05086778476834297,0.0,0.0,0.0,-1.8010648193938894,70,255,255,255
1136,38.733810552999785,-16.95997428894043,5.550973892211914,-15.196990966796875,-0.877001166343689,-1.4919148683547974,0.0907297283411026,0.0,0.0,0.0,-1.799102868618828,70,255,255,255
1137,38.76611186299988,-16.98314666748047,5.495429992675781,-15.192581176757812,-0.8453369140625,-1.5071556568145752,0.10314676910638809,0.0,0.0,0.0,-1.7949766999839136,70,255,255,255
1138,38.79927200899965,-17.005334854125977,5.439205169677734,-15.18865966796875,-0.8354988694190979,-1.5068613290786743,0.09178664535284042,0.0,0.0,0.0,-1.7908157770967739,70,255,255,255
1139,38.838407884999924,-17.02695083618164,5.3802170753479,-15.186264038085938,-0.815205454826355,-1.5202986001968384,0.07929879426956177,0.0,0.0,0.0,-1.788999767549449,70,255,255,255
1140,38.86885191700003,-17.048730850219727,5.32244873046875,-15.183425903320312,-0.8137059807777405,-1.5130261182785034,0.09851875901222229,0.0,0.0,0.0,-1.7841239190676774,70,255,255,255
1141,38.902337909999915,-17.070098876953125,5.265716552734375,-15.180252075195312,-0.7793799042701721,-1.510039210319519,0.09188930690288544,0.0,0.0,0.0,-1.779708664296435,70,255,255,255
1142,38.93954567999981,-17.097246170043945,5.1920576095581055,-15.176589965820312,-0.7534842491149902,-1.5139274597167969,0.1119701936841011,0.0,0.0,0.0,-1.7776171507343412,70,255,255,255
1143,38.973233910999625,-17.119556427001953,5.13226842880249,-15.172958374023438,-0.745263397693634,-1.516148567199707,0.12115128338336945,0.0,0.0,0.0,-1.7734787315584126,70,255,255,255
1144,39.00675281899976,-17.141433715820312,5.073686599731445,-15.168777465820312,-0.7304036617279053,-1.5112121105194092,0.15499630570411682,0.0,0.0,0.0,-1.7688441654714022,70,255,255,255
1145,39.040676275999886,-17.162763595581055,5.016485691070557,-15.1632080078125,-0.6998335719108582,-1.5073366165161133,0.1788928210735321,0.0,0.0,0.0,-1.7650433019636411,70,255,255,255
1146,39.07476718599992,-17.181917190551758,4.957633972167969,-15.1575927734375,-0.6484379172325134,-1.5082876682281494,0.21254879236221313,0.0,0.0,0.0,-1.763227825048534,70,255,255,255
1147,39.108199389999754,-17.203622817993164,4.884721755981445,-15.149627685546875,-0.5987371802330017,-1.517295479774475,0.21635009348392487,0.0,0.0,0.0,-1.7583230812689352,70,255,255,255
1148,39.14265078499966,-17.21998405456543,4.827415466308594,-15.143417358398438,-0.576106071472168,-1.5209102630615234,0.19365909695625305,0.0,0.0,0.0,-1.7537557599994493,70,255,255,255
1149,39.176825682999606,-17.236005783081055,4.770853042602539,-15.137451171875,-0.5635697841644287,-1.5351923704147339,0.1780356615781784,0.0,0.0,0.0,-1.7518492029750616,70,255,255,255
1150,39.214565025999946,-17.249526977539062,4.709517955780029,-15.129409790039062,-0.5486190915107727,-1.5449048280715942,0.17003029584884644,0.0,0.0,0.0,-1.7464618944059402,70,255,255,255
1151,39.24816259699992,-17.262969970703125,4.649315357208252,-15.121734619140625,-0.5194410681724548,-1.5526812076568604,0.158198282122612,0.0,0.0,0.0,-1.7445577342265335,70,255,255,255
1152,39.28141899499997,-17.27611541748047,4.590069770812988,-15.11444091796875,-0.5062046647071838,-1.5620394945144653,0.1597016602754593,0.0,0.0,0.0,-1.7403808323728533,70,255,255,255
1153,39.31450062899967,-17.290096282958984,4.531274795532227,-15.107666015625,-0.514529287815094,-1.5622432231903076,0.14589206874370575,0.0,0.0,0.0,-1.7349787432596822,70,255,255,255
1154,39.360774969999966,-17.308218002319336,4.456783294677734,-15.101455688476562,-0.4855054020881653,-1.5688376426696777,0.1334284245967865,0.0,0.0,0.0,-1.7305620237498403,70,255,255,255
1155,39.384368249999625,-17.323169708251953,4.39834451675415,-15.096725463867188,-0.5118739604949951,-1.5720303058624268,0.11860613524913788,0.0,0.0,0.0,-1.7282011314434849,70,255,255,255
1156,39.41449487099999,-17.338586807250977,4.340917110443115,-15.09222412109375,-0.4995320737361908,-1.5704734325408936,0.11258971691131592,0.0,0.0,0.0,-1.72428189042527,70,255,255,255
1157,39.45182274799981,-17.352890014648438,4.281438827514648,-15.086380004882812,-0.48909762501716614,-1.5626029968261719,0.1304246336221695,0.0,0.0,0.0,-1.720524702759386,70,255,255,255
1158,39.48595954299981,-17.36745262145996,4.220728397369385,-15.078521728515625,-0.5089594125747681,-1.548049807548523,0.1377730518579483,0.0,0.0,0.0,-1.7191220158132412,70,255,255,255
1159,39.516670133999924,-17.382366180419922,4.161488056182861,-15.0709228515625,-0.5144212245941162,-1.5393439531326294,0.13706691563129425,0.0,0.0,0.0,-1.715535403615177,70,255,255,255
1160,39.55665747799958,-17.402690887451172,4.090021133422852,-15.0615234375,-0.5527923703193665,-1.5100585222244263,0.14890111982822418,0.0,0.0,0.0,-1.7111172193667357,70,255,255,255
1161,39.58855556199978,-17.42020034790039,4.030625820159912,-15.05499267578125,-0.5474907755851746,-1.4963843822479248,0.14292243123054504,0.0,0.0,0.0,-1.7095896301654663,70,255,255,255
1162,39.61913267999989,-17.43882179260254,3.971806764602661,-15.048812866210938,-0.5730941891670227,-1.482561469078064,0.13355600833892822,0.0,0.0,0.0,-1.706086508067576,70,255,255,255
1163,39.655567525999686,-17.45701026916504,3.914332628250122,-15.0435791015625,-0.5280697345733643,-1.4902058839797974,0.09426557272672653,0.0,0.0,0.0,-1.7040902025144526,70,255,255,255
1164,39.68783124699985,-17.474782943725586,3.8580434322357178,-15.038970947265625,-0.5472410917282104,-1.485932469367981,0.090152308344841,0.0,0.0,0.0,-1.6991642866041874,70,255,255,255
1165,39.720594896999955,-17.494903564453125,3.7975804805755615,-15.036422729492188,-0.5517790913581848,-1.4885718822479248,0.08235595375299454,0.0,0.0,0.0,-1.694448627261984,70,255,255,255
1166,39.758469237999634,-17.519779205322266,3.724029541015625,-15.033599853515625,-0.5342831015586853,-1.4864144325256348,0.06387555599212646,0.0,0.0,0.0,-1.692140066071049,70,255,255,255
1167,39.79184699999996,-17.5390567779541,3.6665890216827393,-15.031784057617188,-0.5384691953659058,-1.4864593744277954,0.048959195613861084,0.0,0.0,0.0,-1.6873299976682024,70,255,255,255
1168,39.82513733399992,-17.55788803100586,3.609574317932129,-15.029617309570312,-0.5229429006576538,-1.495489239692688,0.028391152620315552,0.0,0.0,0.0,-1.681821914743646,70,255,255,255
1169,39.85978103399975,-17.576181411743164,3.551938533782959,-15.02593994140625,-0.5474558472633362,-1.4947481155395508,0.001953552942723036,0.0,0.0,0.0,-1.6762913281078784,70,255,255,255
1170,39.89263955999968,-17.594392776489258,3.495403528213501,-15.023452758789062,-0.5199229121208191,-1.4990010261535645,-0.022590812295675278,0.0,0.0,0.0,-1.6740233801235669,70,255,255,255
1171,39.925693063999915,-17.611459732055664,3.4395041465759277,-15.0216064453125,-0.5043149590492249,-1.5136603116989136,-0.026001982390880585,0.0,0.0,0.0,-1.6686742879160883,70,255,255,255
1172,39.9620650439997,-17.632265090942383,3.3666532039642334,-15.021209716796875,-0.47680535912513733,-1.5228804349899292,-0.03443984314799309,0.0,0.0,0.0,-1.6659603936072431,70,255,255,255
1173,39.99421077099987,-17.648136138916016,3.306901216506958,-15.022140502929688,-0.45192044973373413,-1.5429214239120483,-0.03961673006415367,0.0,0.0,0.0,-1.6607125015211874,70,255,255,255
1174,40.02714422099962,-17.663745880126953,3.2481584548950195,-15.02264404296875,-0.46174293756484985,-1.5446586608886719,-0.01938735693693161,0.0,0.0,0.0,-1.6557847213981594,70,255,255,255
1175,40.06399165599987,-17.679763793945312,3.1903955936431885,-15.022735595703125,-0.46898573637008667,-1.5528168678283691,-0.02263840101659298,0.0,0.0,0.0,-1.6534174375051878,70,255,255,255
1176,40.09818484799962,-17.69630241394043,3.1310155391693115,-15.022384643554688,-0.4475477635860443,-1.5616424083709717,-0.02629857324063778,0.0,0.0,0.0,-1.648980344813007,70,255,255,255
1177,40.12996059199986,-17.711809158325195,3.071916103363037,-15.021163940429688,-0.4071839153766632,-1.5619056224822998,-0.0013238638639450073,0.0,0.0,0.0,-1.644353368735103,70,255,255,255
1178,40.16629755599979,-17.731037139892578,2.999134063720703,-15.01995849609375,-0.4372316002845764,-1.5747767686843872,-0.03085028938949108,0.0,0.0,0.0,-1.6422537325316846,70,255,255,255
1179,40.19888393999963,-17.746265411376953,2.941817283630371,-15.019378662109375,-0.41867923736572266,-1.5759763717651367,-0.033922161906957626,0.0,0.0,0.0,-1.6384285010999493,70,255,255,255
1180,40.231505366999954,-17.763242721557617,2.882814645767212,-15.018081665039062,-0.45084869861602783,-1.5704724788665771,-0.030376741662621498,0.0,0.0,0.0,-1.634199534446958,70,255,255,255
1181,40.268934975999855,-17.780296325683594,2.8249995708465576,-15.0166015625,-0.43908530473709106,-1.568763017654419,-0.030008800327777863,0.0,0.0,0.0,-1.632365548562275,70,255,255,255
1182,40.301301637999586,-17.796804428100586,2.7680954933166504,-15.015975952148438,-0.4262073338031769,-1.5693801641464233,-0.07442471385002136,0.0,0.0,0.0,-1.6284600228236739,70,255,255,255
1183,40.3338594009997,-17.813283920288086,2.7106659412384033,-15.015777587890625,-0.4214722216129303,-1.566243052482605,-0.0552566759288311,0.0,0.0,0.0,-1.6237498229617051,70,255,255,255
1184,40.37378902899991,-17.835010528564453,2.6347532272338867,-15.014862060546875,-0.43942534923553467,-1.5671025514602661,-0.0375954769551754,0.0,0.0,0.0,-1.6195566758253754,70,255,255,255
1185,40.40511181099964,-17.85198402404785,2.575380802154541,-15.01373291015625,-0.4286441206932068,-1.5671321153640747,-0.034650932997465134,0.0,0.0,0.0,-1.6174862012358933,70,255,255,255
1186,40.43790283199996,-17.869022369384766,2.5170600414276123,-15.012725830078125,-0.4233538508415222,-1.5707716941833496,-0.02609953284263611,0.0,0.0,0.0,-1.6135342033362703,70,255,255,255
1187,40.47437792299979,-17.88784408569336,2.459787130355835,-15.01080322265625,-0.40841054916381836,-1.5815726518630981,-0.039021074771881104,0.0,0.0,0.0,-1.6114530761024277,70,255,255,255
1188,40.50667649499974,-17.908227920532227,2.4030344486236572,-15.008056640625,-0.39264601469039917,-1.6027581691741943,-0.0496419258415699,0.0,0.0,0.0,-1.6079279829255444,70,255,255,255
1189,40.540006119999816,-17.926773071289062,2.3466649055480957,-15.005950927734375,-0.3643748462200165,-1.602210283279419,-0.04026040434837341,0.0,0.0,0.0,-1.604317535435724,70,255,255,255
1190,40.57721357899982,-17.948171615600586,2.277332067489624,-15.002792358398438,-0.34290850162506104,-1.600585699081421,-0.020668601617217064,0.0,0.0,0.0,-1.6003982944175088,70,255,255,255
1191,40.608805623999615,-17.967395782470703,2.2223896980285645,-15.000198364257812,-0.32943740487098694,-1.6118972301483154,-0.01786181330680847,0.0,0.0,0.0,-1.598235940770419,70,255,255,255
1192,40.6402148559996,-17.985214233398438,2.167574644088745,-14.997894287109375,-0.24812118709087372,-1.624312162399292,-0.03065553307533264,0.0,0.0,0.0,-1.5939104345279123,70,255,255,255
1193,40.6775936719996,-18.000972747802734,2.113130807876587,-14.995697021484375,-0.24238815903663635,-1.6238306760787964,-0.014068872667849064,0.0,0.0,0.0,-1.5892175452130293,70,255,255,255
1194,40.70959114699963,-18.015993118286133,2.059342861175537,-14.993133544921875,-0.22823171317577362,-1.6118239164352417,0.016488058492541313,0.0,0.0,0.0,-1.5870211031039863,70,255,255,255
1195,40.74248003599996,-18.031509399414062,2.003007173538208,-14.98834228515625,-0.20630671083927155,-1.612575650215149,0.005680442787706852,0.0,0.0,0.0,-1.5824757529134936,70,255,255,255
1196,40.78018216199962,-18.05034065246582,1.9333046674728394,-14.982986450195312,-0.23880237340927124,-1.6223968267440796,0.0014718335587531328,0.0,0.0,0.0,-1.5804091399075921,70,255,255,255
1197,40.81220726399988,-18.064119338989258,1.8781464099884033,-14.978912353515625,-0.18876108527183533,-1.6248693466186523,0.00018353722407482564,0.0,0.0,0.0,-1.5765327757829273,70,255,255,255
1198,40.845110508999824,-18.07733726501465,1.8227620124816895,-14.975616455078125,-0.16406503319740295,-1.6306732892990112,-0.0028293244540691376,0.0,0.0,0.0,-1.5723372318016164,70,255,255,255
1199,40.88211242499983,-18.09282875061035,1.7662808895111084,-14.971878051757812,-0.18058356642723083,-1.6395372152328491,0.0013997771311551332,0.0,0.0,0.0,-1.5700676859206508,70,255,255,255
1200,40.91465991599989,-18.108314514160156,1.7102755308151245,-14.96875,-0.20048494637012482,-1.6402775049209595,-0.00919292215257883,0.0,0.0,0.0,-1.5657903828938746,70,255,255,255
1201,40.94729257899962,-18.12320899963379,1.6547095775604248,-14.966384887695312,-0.20945963263511658,-1.6406222581863403,-0.01778363436460495,0.0,0.0,0.0,-1.5622724802519345,70,255,255,255
1202,40.984080666999944,-18.143753051757812,1.5847479104995728,-14.962127685546875,-0.19047978520393372,-1.6351737976074219,-0.0057097552344202995,0.0,0.0,0.0,-1.5601255729391672,70,255,255,255
1203,41.01673625099966,-18.159984588623047,1.5286364555358887,-14.95819091796875,-0.14722202718257904,-1.6428636312484741,-0.003113808576017618,0.0,0.0,0.0,-1.5562314987932533,70,255,255,255
1204,41.04966033399978,-18.173620223999023,1.47276771068573,-14.954483032226562,-0.1075557991862297,-1.650861144065857,0.009593406692147255,0.0,0.0,0.0,-1.5528206552271342,70,255,255,255
1205,41.08933670999977,-18.186325073242188,1.4171192646026611,-14.950531005859375,-0.1295688897371292,-1.6697633266448975,-0.0007189450552687049,0.0,0.0,0.0,-1.548712462929578,70,255,255,255
1206,41.122389544999805,-18.19921112060547,1.35661780834198,-14.944808959960938,-0.11904245615005493,-1.6913925409317017,-0.021778108552098274,0.0,0.0,0.0,-1.5468670254522077,70,255,255,255
1207,41.15220497499968,-18.211109161376953,1.295306921005249,-14.938690185546875,-0.09058866649866104,-1.6900731325149536,-0.011327894404530525,0.0,0.0,0.0,-1.5424835954559917,70,255,255,255
1208,41.190598810999745,-18.22396469116211,1.2199751138687134,-14.93157958984375,-0.08285848796367645,-1.68380868434906,-0.010882162488996983,0.0,0.0,0.0,-1.5404049982251848,70,255,255,255
1209,41.22360861399966,-18.23318099975586,1.1606004238128662,-14.926528930664062,-0.07173515856266022,-1.6775239706039429,0.018073061481118202,0.0,0.0,0.0,-1.5364145176478101,70,255,255,255
1210,41.255578286999935,-18.246553421020508,1.0999423265457153,-14.92059326171875,-0.09502860903739929,-1.6670690774917603,0.04294971749186516,0.0,0.0,0.0,-1.5327048674073842,70,255,255,255
1211,41.293022758000006,-18.259309768676758,1.0399235486984253,-14.9150390625,-0.1006123274564743,-1.6846692562103271,0.012839947827160358,0.0,0.0,0.0,-1.5301741985815365,70,255,255,255
1212,41.32606331499983,-18.271562576293945,0.9800877571105957,-14.911224365234375,-0.1296074092388153,-1.7002553939819336,-0.029877889901399612,0.0,0.0,0.0,-1.5255936946646547,70,255,255,255
1213,41.35821787699979,-18.2839298248291,0.9194604158401489,-14.90850830078125,-0.10826432704925537,-1.7002452611923218,-0.05743229016661644,0.0,0.0,0.0,-1.5211942857018983,70,255,255,255
1214,41.393580582999675,-18.299205780029297,0.8401332497596741,-14.905868530273438,-0.0693415179848671,-1.7031792402267456,-0.0763038918375969,0.0,0.0,0.0,-1.5168573278667041,70,255,255,255
1215,41.426977435000026,-18.3088436126709,0.7776066660881042,-14.90478515625,-0.013137011788785458,-1.7118949890136719,-0.10968480259180069,0.0,0.0,0.0,-1.5146726036664577,70,255,255,255
1216,41.459848163999595,-18.317577362060547,0.7157402634620667,-14.904525756835938,-0.03907361254096031,-1.7183425426483154,-0.09724851697683334,0.0,0.0,0.0,-1.5102891736702417,70,255,255,255
1217,41.50438490099987,-18.326852798461914,0.6530502438545227,-14.904205322265625,-0.031701453030109406,-1.7246817350387573,-0.10887180268764496,0.0,0.0,0.0,-1.5058430262303546,70,255,255,255
1218,41.535036144999594,-18.33644676208496,0.589640736579895,-14.904586791992188,0.004610409494489431,-1.7235937118530273,-0.1189003586769104,0.0,0.0,0.0,-1.5036826699540822,70,255,255,255
1219,41.56744528699983,-18.343759536743164,0.5273334980010986,-14.905426025390625,0.02452099695801735,-1.7163441181182861,-0.11764638125896454,0.0,0.0,0.0,-1.4992603578059511,70,255,255,255
1220,41.60671509999975,-18.351255416870117,0.45060214400291443,-14.906341552734375,0.06726419925689697,-1.7257660627365112,-0.1069934219121933,0.0,0.0,0.0,-1.4943216587224537,70,255,255,255
1221,41.63746566499958,-18.357553482055664,0.3872663378715515,-14.905715942382812,0.07369052618741989,-1.7211741209030151,-0.08138158172369003,0.0,0.0,0.0,-1.492633614065507,70,255,255,255
1222,41.67060223499993,-18.3626651763916,0.3238258361816406,-14.905075073242188,0.12234766781330109,-1.7271612882614136,-0.09886054694652557,0.0,0.0,0.0,-1.4884170311115845,70,255,255,255
1223,41.70881656899974,-18.365503311157227,0.260793536901474,-14.905548095703125,0.1744442582130432,-1.7442450523376465,-0.11069734394550323,0.0,0.0,0.0,-1.4835447778972846,70,255,255,255
1224,41.742452148999746,-18.366498947143555,0.19853322207927704,-14.905929565429688,0.18211053311824799,-1.7429680824279785,-0.08527057617902756,0.0,0.0,0.0,-1.4812014624541239,70,255,255,255
1225,41.775898076999965,-18.368738174438477,0.13439099490642548,-14.902084350585938,0.19307304918766022,-1.7452548742294312,-0.06840675324201584,0.0,0.0,0.0,-1.4770803538252808,70,255,255,255
1226,41.81065785800001,-18.36968994140625,0.055478937923908234,-14.897125244140625,0.2086392343044281,-1.7548987865447998,-0.039072271436452866,0.0,0.0,0.0,-1.4731499275304873,70,255,255,255
1227,41.842994668999836,-18.36924934387207,-0.007134930696338415,-14.893218994140625,0.22347480058670044,-1.7710444927215576,-0.0440438948571682,0.0,0.0,0.0,-1.4709502896281363,70,255,255,255
1228,41.87972792999972,-18.369401931762695,-0.07066617161035538,-14.889755249023438,0.1865806132555008,-1.783958077430725,-0.034622322767972946,0.0,0.0,0.0,-1.4665428911821097,70,255,255,255
1229,41.914223689999744,-18.370824813842773,-0.1369035542011261,-14.8858642578125,0.24250441789627075,-1.7838681936264038,-0.022958913818001747,0.0,0.0,0.0,-1.461747070691095,70,255,255,255
1230,41.94883474399967,-18.370458602905273,-0.2021399736404419,-14.882308959960938,0.25698816776275635,-1.7909808158874512,-0.04181768000125885,0.0,0.0,0.0,-1.4596074870713254,70,255,255,255
1231,41.98181426999963,-18.368654251098633,-0.26652824878692627,-14.87969970703125,0.28419727087020874,-1.7854105234146118,-0.04298730939626694,0.0,0.0,0.0,-1.4551432301360254,70,255,255,255
1232,42.01885674599998,-18.365737915039062,-0.3483256697654724,-14.875503540039062,0.3082107603549957,-1.7897206544876099,-0.07104578614234924,0.0,0.0,0.0,-1.450958871431293,70,255,255,255
1233,42.051572652999766,-18.36255645751953,-0.41401585936546326,-14.871994018554688,0.33289575576782227,-1.782884955406189,-0.04399609938263893,0.0,0.0,0.0,-1.4489275453098351,70,255,255,255
1234,42.08334184599971,-18.35810661315918,-0.4786529541015625,-14.868759155273438,0.34919285774230957,-1.7813620567321777,-0.04795549437403679,0.0,0.0,0.0,-1.4446734117845426,70,255,255,255
1235,42.12555004099977,-18.35270881652832,-0.5422714948654175,-14.8662109375,0.37196221947669983,-1.7787591218948364,-0.07858960330486298,0.0,0.0,0.0,-1.440620879553769,70,255,255,255
1236,42.15508833599961,-18.350631713867188,-0.6093193292617798,-14.862884521484375,0.37580356001853943,-1.767367959022522,-0.05831216275691986,0.0,0.0,0.0,-1.4382003324389958,70,255,255,255
1237,42.19118733099958,-18.348386764526367,-0.6764448285102844,-14.859390258789062,0.39299625158309937,-1.7641500234603882,-0.05698483809828758,0.0,0.0,0.0,-1.4333563087322507,70,255,255,255
1238,42.227586978999625,-18.343656539916992,-0.7584984302520752,-14.855239868164062,0.4017311930656433,-1.7575268745422363,-0.047500815242528915,0.0,0.0,0.0,-1.4283274616458541,70,255,255,255
1239,42.258414656999776,-18.338834762573242,-0.8226779699325562,-14.8524169921875,0.3901534080505371,-1.7472193241119385,-0.04725697264075279,0.0,0.0,0.0,-1.4260736284153201,70,255,255,255
1240,42.29269796799963,-18.33635139465332,-0.891124427318573,-14.850372314453125,0.3794785141944885,-1.7447679042816162,-0.05356853827834129,0.0,0.0,0.0,-1.421129469851588,70,255,255,255
1241,42.334405398999934,-18.333576202392578,-0.9581730365753174,-14.848861694335938,0.35595178604125977,-1.7420426607131958,-0.06150450557470322,0.0,0.0,0.0,-1.4188214412928708,70,255,255,255
1242,42.36231708499963,-18.33000946044922,-1.0238306522369385,-14.8480224609375,0.3771740198135376,-1.7389731407165527,-0.07668772339820862,0.0,0.0,0.0,-1.4152212469732472,70,255,255,255
1243,42.3969863719999,-18.32526206970215,-1.0888210535049438,-14.848373413085938,0.445001482963562,-1.7232301235198975,-0.08185479789972305,0.0,0.0,0.0,-1.4118361029116475,70,255,255,255
1244,42.43357826099964,-18.321876525878906,-1.1707768440246582,-14.85186767578125,0.43179669976234436,-1.715630054473877,-0.09571174532175064,0.0,0.0,0.0,-1.4074147228698979,70,255,255,255
1245,42.46558938899989,-18.318117141723633,-1.2346988916397095,-14.85491943359375,0.4161703288555145,-1.7052881717681885,-0.0775989443063736,0.0,0.0,0.0,-1.4053903209672742,70,255,255,255
1246,42.498715783999614,-18.314043045043945,-1.297260046005249,-14.857147216796875,0.401223361492157,-1.695820689201355,-0.06241890415549278,0.0,0.0,0.0,-1.4013684150890364,70,255,255,255
1247,42.53715547899992,-18.310131072998047,-1.3600164651870728,-14.858596801757812,0.4313565194606781,-1.6905238628387451,-0.0699240192770958,0.0,0.0,0.0,-1.3974698135692696,70,255,255,255
1248,42.568322561999594,-18.3054141998291,-1.4228981733322144,-14.859481811523438,0.4282994270324707,-1.6907013654708862,-0.07107309252023697,0.0,0.0,0.0,-1.3957952178758277,70,255,255,255
1249,42.60115804499992,-18.299474716186523,-1.4847102165222168,-14.8604736328125,0.44587525725364685,-1.6881023645401,-0.0643417164683342,0.0,0.0,0.0,-1.3920112654409886,70,255,255,255
1250,42.637318698999934,-18.29073143005371,-1.5606026649475098,-14.86138916015625,0.42688506841659546,-1.6857675313949585,-0.0628385916352272,0.0,0.0,0.0,-1.3876595270617447,70,255,255,255
1251,42.669683922999866,-18.284425735473633,-1.6249667406082153,-14.862045288085938,0.4375169575214386,-1.684073567390442,-0.08029411733150482,0.0,0.0,0.0,-1.3853110184544584,70,255,255,255
1252,42.70265507999966,-18.277326583862305,-1.6897121667861938,-14.863433837890625,0.44602951407432556,-1.6914503574371338,-0.10806580632925034,0.0,0.0,0.0,-1.381401497974222,70,255,255,255
1253,42.745859239999845,-18.269432067871094,-1.7533944845199585,-14.865097045898438,0.44959184527397156,-1.6931761503219604,-0.10041701048612595,0.0,0.0,0.0,-1.379675370113687,70,255,255,255
1254,42.77688463100003,-18.261037826538086,-1.8160094022750854,-14.8663330078125,0.450597882270813,-1.6910498142242432,-0.07076449692249298,0.0,0.0,0.0,-1.3750714303792126,70,255,255,255
1255,42.80872365799996,-18.255346298217773,-1.8808785676956177,-14.86474609375,0.4653610289096832,-1.6956357955932617,-0.05771176517009735,0.0,0.0,0.0,-1.3706227529362898,70,255,255,255
1256,42.84489432700002,-18.246763229370117,-1.9606432914733887,-14.862075805664062,0.45643100142478943,-1.7047322988510132,-0.04250859096646309,0.0,0.0,0.0,-1.3683063354201388,70,255,255,255
1257,42.87883112199961,-18.239578247070312,-2.0234012603759766,-14.860260009765625,0.4437597692012787,-1.706772804260254,-0.05963867902755737,0.0,0.0,0.0,-1.3640733740255124,70,255,255,255
1258,42.91030445399974,-18.232046127319336,-2.085867166519165,-14.858963012695312,0.4108918011188507,-1.720410943031311,-0.06218191608786583,0.0,0.0,0.0,-1.3593445320359132,70,255,255,255
1259,42.94705016199987,-18.22576904296875,-2.148958683013916,-14.856826782226562,0.38802990317344666,-1.723700761795044,-0.06149294227361679,0.0,0.0,0.0,-1.3573090780147656,70,255,255,255
1260,42.97962081899959,-18.219127655029297,-2.2108891010284424,-14.854507446289062,0.3919452726840973,-1.7166179418563843,-0.0488583967089653,0.0,0.0,0.0,-1.3525084638337888,70,255,255,255
1261,43.01241563299982,-18.21209716796875,-2.271873950958252,-14.852798461914062,0.37586766481399536,-1.7185848951339722,-0.07924279570579529,0.0,0.0,0.0,-1.3479740326037655,70,255,255,255
1262,43.04910879399995,-18.2048282623291,-2.3479647636413574,-14.85186767578125,0.382660835981369,-1.7038016319274902,-0.09375827759504318,0.0,0.0,0.0,-1.3462740037219132,70,255,255,255
1263,43.08142241299993,-18.19940948486328,-2.408203125,-14.851333618164062,0.3875274360179901,-1.7022145986557007,-0.10457854717969894,0.0,0.0,0.0,-1.3417552851423213,70,255,255,255
1264,43.11443541399967,-18.193153381347656,-2.4677629470825195,-14.851486206054688,0.36650803685188293,-1.7057890892028809,-0.11810759454965591,0.0,0.0,0.0,-1.3374952926626307,70,255,255,255
1265,43.154612387999805,-18.187149047851562,-2.526611804962158,-14.852066040039062,0.35233286023139954,-1.6965065002441406,-0.10622721165418625,0.0,0.0,0.0,-1.3327731085757566,70,255,255,255
1266,43.18484232599985,-18.182743072509766,-2.5838418006896973,-14.85107421875,0.29323670268058777,-1.7043540477752686,-0.11842088401317596,0.0,0.0,0.0,-1.3305738701475691,70,255,255,255
1267,43.221988451000016,-18.178564071655273,-2.640211343765259,-14.84954833984375,0.3131779432296753,-1.6923389434814453,-0.11405899375677109,0.0,0.0,0.0,-1.32616846907236,70,255,255,255
1268,43.25682376799978,-18.17143440246582,-2.7097699642181396,-14.8487548828125,0.350109338760376,-1.6812057495117188,-0.11307955533266068,0.0,0.0,0.0,-1.3220585457200953,70,255,255,255
1269,43.289010157999655,-18.164764404296875,-2.764981269836426,-14.84808349609375,0.3388661742210388,-1.6876716613769531,-0.09408650547266006,0.0,0.0,0.0,-1.3193860635662007,70,255,255,255
1270,43.32253588699996,-18.160017013549805,-2.822455644607544,-14.847305297851562,0.33995482325553894,-1.6781620979309082,-0.07956958562135696,0.0,0.0,0.0,-1.3146002299292738,70,255,255,255
1271,43.35829250699999,-18.153675079345703,-2.879267692565918,-14.846633911132812,0.37212151288986206,-1.6768460273742676,-0.0718054324388504,0.0,0.0,0.0,-1.312415106254864,70,255,255,255
1272,43.3911878949998,-18.146074295043945,-2.9353575706481934,-14.845977783203125,0.4007233679294586,-1.6699048280715942,-0.0689840242266655,0.0,0.0,0.0,-1.3082423323008732,70,255,255,255
1273,43.42459408299965,-18.137285232543945,-2.9919121265411377,-14.845062255859375,0.40326881408691406,-1.6687095165252686,-0.05916959419846535,0.0,0.0,0.0,-1.3041921969150807,70,255,255,255
1274,43.4597571459999,-18.124462127685547,-3.0657052993774414,-14.842880249023438,0.42893028259277344,-1.6776492595672607,-0.09192424267530441,0.0,0.0,0.0,-1.2994263369863295,70,255,255,255
1275,43.49303138999994,-18.113197326660156,-3.1240484714508057,-14.842132568359375,0.4305141270160675,-1.6783589124679565,-0.0973198413848877,0.0,0.0,0.0,-1.2969171066072567,70,255,255,255
1276,43.526252828999986,-18.10171127319336,-3.1816246509552,-14.841506958007812,0.44363927841186523,-1.6691309213638306,-0.07563457638025284,0.0,0.0,0.0,-1.2927629747808966,70,255,255,255
1277,43.56265551599972,-18.08994483947754,-3.240229368209839,-14.839584350585938,0.4661656618118286,-1.6597803831100464,-0.07305411249399185,0.0,0.0,0.0,-1.2899453503475928,70,255,255,255
1278,43.59517390699966,-18.078105926513672,-3.2998156547546387,-14.83709716796875,0.4906967580318451,-1.66730797290802,-0.0832701325416565,0.0,0.0,0.0,-1.285665517317781,70,255,255,255
1279,43.627848638999694,-18.064868927001953,-3.3589589595794678,-14.835601806640625,0.5199636220932007,-1.6746220588684082,-0.08105352520942688,0.0,0.0,0.0,-1.2817710436977037,70,255,255,255
1280,43.664681988999746,-18.046504974365234,-3.4319992065429688,-14.8343505859375,0.5271172523498535,-1.6853057146072388,-0.10797859728336334,0.0,0.0,0.0,-1.2796294627071163,70,255,255,255
1281,43.69727335599964,-18.032634735107422,-3.491605043411255,-14.83221435546875,0.5270040035247803,-1.68569016456604,-0.0891459509730339,0.0,0.0,0.0,-1.2751987616015517,70,255,255,255
1282,43.730474383,-18.018436431884766,-3.5510525703430176,-14.829925537109375,0.5295621752738953,-1.686952829360962,-0.08341149985790253,0.0,0.0,0.0,-1.2706779124930876,70,255,255,255
1283,43.767453286999626,-18.00432014465332,-3.6100709438323975,-14.8282470703125,0.5072882771492004,-1.7040029764175415,-0.10844075679779053,0.0,0.0,0.0,-1.2684455177093286,70,255,255,255
1284,43.79952468800002,-17.99049949645996,-3.66914963722229,-14.827621459960938,0.5005874633789062,-1.716844081878662,-0.1170983761548996,0.0,0.0,0.0,-1.264136656223635,70,255,255,255
1285,43.83234573899972,-17.98026466369629,-3.7280797958374023,-14.82696533203125,0.5060230493545532,-1.7304303646087646,-0.13477098941802979,0.0,0.0,0.0,-1.2593050162159587,70,255,255,255
1286,43.87089433199981,-17.96685791015625,-3.8015708923339844,-14.826934814453125,0.48701944947242737,-1.7479976415634155,-0.1294126808643341,0.0,0.0,0.0,-1.257065297739202,70,255,255,255
1287,43.90380073099959,-17.955554962158203,-3.8602499961853027,-14.827590942382812,0.49812445044517517,-1.7583283185958862,-0.14070802927017212,0.0,0.0,0.0,-1.2531565762072927,70,255,255,255
1288,43.94486258300003,-17.942935943603516,-3.9187400341033936,-14.8291015625,0.5237595438957214,-1.7585159540176392,-0.14750175178050995,0.0,0.0,0.0,-1.2487997778219775,70,255,255,255
1289,43.9818519749997,-17.927738189697266,-3.977168560028076,-14.8326416015625,0.5366891622543335,-1.7589349746704102,-0.15505088865756989,0.0,0.0,0.0,-1.246194673643662,70,255,255,255
1290,44.011284040999726,-17.91159439086914,-4.0353264808654785,-14.83673095703125,0.5418341755867004,-1.7663599252700806,-0.16436460614204407,0.0,0.0,0.0,-1.2419344148478624,70,255,255,255
1291,44.052572564,-17.89541244506836,-4.093335151672363,-14.841156005859375,0.5566869378089905,-1.7708804607391357,-0.17152182757854462,0.0,0.0,0.0,-1.237584940155545,70,255,255,255
1292,44.081414974999916,-17.87582015991211,-4.168877601623535,-14.847457885742188,0.5663172006607056,-1.769572138786316,-0.17311428487300873,0.0,0.0,0.0,-1.2330903231838182,70,255,255,255
1293,44.11256793199982,-17.859785079956055,-4.230359077453613,-14.852432250976562,0.5841320753097534,-1.763522744178772,-0.16558538377285004,0.0,0.0,0.0,-1.2309880238193096,70,255,255,255
1294,44.15891843600002,-17.843143463134766,-4.290931224822998,-14.857040405273438,0.5903527140617371,-1.7515506744384766,-0.14237815141677856,0.0,0.0,0.0,-1.2271779724057879,70,255,255,255
1295,44.18622588599965,-17.826282501220703,-4.350963115692139,-14.860595703125,0.5752409100532532,-1.7640626430511475,-0.1089349016547203,0.0,0.0,0.0,-1.2234464842444233,70,255,255,255
1296,44.216325757999584,-17.81010627746582,-4.413809299468994,-14.864364624023438,0.5753874778747559,-1.7633427381515503,-0.12865740060806274,0.0,0.0,0.0,-1.2213308690744642,70,255,255,255
1297,44.24862424799994,-17.79376792907715,-4.476821422576904,-14.868133544921875,0.6008968949317932,-1.747217059135437,-0.10208156704902649,0.0,0.0,0.0,-1.216615209732261,70,255,255,255
1298,44.284926842000004,-17.772014617919922,-4.554020881652832,-14.872161865234375,0.6072698831558228,-1.7364299297332764,-0.08045400679111481,0.0,0.0,0.0,-1.2120694600676047,70,255,255,255
1299,44.31586331999961,-17.754358291625977,-4.6146979331970215,-14.874542236328125,0.5879952311515808,-1.7425813674926758,-0.08016481250524521,0.0,0.0,0.0,-1.209825746849213,70,255,255,255
1300,44.35932159899994,-17.736038208007812,-4.6765947341918945,-14.877883911132812,0.5983383059501648,-1.7484885454177856,-0.11061060428619385,0.0,0.0,0.0,-1.2059553748370009,70,255,255,255
1301,44.39588581399994,-17.7171573638916,-4.737791538238525,-14.88189697265625,0.6013264656066895,-1.7396624088287354,-0.13461244106292725,0.0,0.0,0.0,-1.2013935130477496,70,255,255,255
1302,44.42209561599975,-17.69851303100586,-4.798159599304199,-14.886199951171875,0.5760769844055176,-1.7343722581863403,-0.10928916186094284,0.0,0.0,0.0,-1.1990355502185934,70,255,255,255
1303,44.45783240799983,-17.680036544799805,-4.858375072479248,-14.889862060546875,0.5809231996536255,-1.7300783395767212,-0.10796419531106949,0.0,0.0,0.0,-1.1954759691055936,70,255,255,255
1304,44.49723988099959,-17.657712936401367,-4.934824466705322,-14.893203735351562,0.5918747186660767,-1.7129082679748535,-0.08361466974020004,0.0,0.0,0.0,-1.1915877539140778,70,255,255,255
1305,44.53233516899991,-17.639301300048828,-4.994744300842285,-14.89532470703125,0.5968096256256104,-1.7145291566848755,-0.0897907018661499,0.0,0.0,0.0,-1.187674371850261,70,255,255,255
1306,44.56254662699985,-17.620567321777344,-5.053950786590576,-14.897476196289062,0.5953813791275024,-1.706720232963562,-0.08991574496030807,0.0,0.0,0.0,-1.187674371850261,70,255,255,255
1307,44.59607540599973,-17.60299301147461,-5.113685131072998,-14.899795532226562,0.6017414331436157,-1.715017318725586,-0.08484496921300888,0.0,0.0,0.0,-1.1839555337040744,70,255,255,255
1308,44.62532720299987,-17.585962295532227,-5.173732280731201,-14.90228271484375,0.6211497187614441,-1.7065112590789795,-0.08876205235719681,0.0,0.0,0.0,-1.1798859572423241,70,255,255,255
1309,44.65568001099973,-17.567712783813477,-5.232706069946289,-14.90478515625,0.6400501132011414,-1.6920205354690552,-0.08634632080793381,0.0,0.0,0.0,-1.17589667508744,70,255,255,255
1310,44.69278107499986,-17.544004440307617,-5.305164813995361,-14.908248901367188,0.637407124042511,-1.693346619606018,-0.11492381244897842,0.0,0.0,0.0,-1.172272112843842,70,255,255,255
1311,44.72727646999965,-17.52770233154297,-5.36646842956543,-14.908599853515625,0.580882728099823,-1.6961203813552856,-0.09122595191001892,0.0,0.0,0.0,-1.1700564959749506,70,255,255,255
1312,44.758010717999696,-17.511945724487305,-5.427581787109375,-14.908004760742188,0.5989883542060852,-1.671562910079956,-0.08008544147014618,0.0,0.0,0.0,-1.166404769488234,70,255,255,255
1313,44.794828373999735,-17.494901657104492,-5.487222671508789,-14.907760620117188,0.6215395927429199,-1.6529324054718018,-0.10354766994714737,0.0,0.0,0.0,-1.1643840960111365,70,255,255,255
1314,44.8278720039998,-17.47708511352539,-5.545401573181152,-14.908798217773438,0.6303331851959229,-1.638322353363037,-0.1255933940410614,0.0,0.0,0.0,-1.1607159910837157,70,255,255,255
1315,44.85990382,-17.459335327148438,-5.605649948120117,-14.912841796875,0.6169724464416504,-1.6335045099258423,-0.13972897827625275,0.0,0.0,0.0,-1.1566821009805728,70,255,255,255
1316,44.89698453999972,-17.437828063964844,-5.679635047912598,-14.91815185546875,0.5803220272064209,-1.6410473585128784,-0.14845338463783264,0.0,0.0,0.0,-1.1524296985099887,70,255,255,255
1317,44.929152365999926,-17.421058654785156,-5.737827777862549,-14.92254638671875,0.5667446851730347,-1.628159761428833,-0.14338970184326172,0.0,0.0,0.0,-1.1500508298662755,70,255,255,255
1318,44.963290347999646,-17.405521392822266,-5.796189308166504,-14.927337646484375,0.5518978834152222,-1.6397645473480225,-0.1485820859670639,0.0,0.0,0.0,-1.1459807207723074,70,255,255,255
1319,45.002753761999884,-17.392183303833008,-5.856205463409424,-14.932464599609375,0.5621616840362549,-1.6331582069396973,-0.12123965471982956,0.0,0.0,0.0,-1.1442123818084948,70,255,255,255
1320,45.04011929299986,-17.3778133392334,-5.915081977844238,-14.93701171875,0.5696929693222046,-1.6321303844451904,-0.11769013851881027,0.0,0.0,0.0,-1.1405513342579627,70,255,255,255
1321,45.068129999999655,-17.36224937438965,-5.972990989685059,-14.941650390625,0.6108931303024292,-1.6165204048156738,-0.11510816216468811,0.0,0.0,0.0,-1.1386064277138779,70,255,255,255
1322,45.105797747,-17.342243194580078,-6.045237064361572,-14.946609497070312,0.665705144405365,-1.6102455854415894,-0.12371660768985748,0.0,0.0,0.0,-1.1348811979810751,70,255,255,255
1323,45.14075591499977,-17.325410842895508,-6.103044033050537,-14.950820922851562,0.6840678453445435,-1.616071343421936,-0.12653261423110962,0.0,0.0,0.0,-1.1310021706953202,70,255,255,255
1324,45.17548232199988,-17.307397842407227,-6.160252094268799,-14.954788208007812,0.7060069441795349,-1.6164964437484741,-0.11713752150535583,0.0,0.0,0.0,-1.1275078370290272,70,255,255,255
1325,45.21203018099959,-17.283126831054688,-6.2305684089660645,-14.958755493164062,0.737341582775116,-1.6071147918701172,-0.08605130761861801,0.0,0.0,0.0,-1.1255328367646245,70,255,255,255
1326,45.24301352399971,-17.269468307495117,-6.2728471755981445,-14.960479736328125,0.7511064410209656,-1.6082079410552979,-0.07222885638475418,0.0,0.0,0.0,-1.1207214367812328,70,255,255,255
1327,45.2782672569997,-17.250858306884766,-6.32905912399292,-14.962478637695312,0.7451656460762024,-1.6222398281097412,-0.058581892400979996,0.0,0.0,0.0,-1.1157975848208126,70,255,255,255
1328,45.31373683799984,-17.22659683227539,-6.398608207702637,-14.963836669921875,0.7426645159721375,-1.619789958000183,-0.030860058963298798,0.0,0.0,0.0,-1.110453552619405,70,255,255,255
1329,45.34764755299966,-17.20652961730957,-6.453673839569092,-14.964614868164062,0.7644085884094238,-1.612422227859497,-0.04666641727089882,0.0,0.0,0.0,-1.1078261444669601,70,255,255,255
1330,45.38270992999969,-17.1842041015625,-6.510378837585449,-14.965408325195312,0.7821201682090759,-1.6103712320327759,-0.049174193292856216,0.0,0.0,0.0,-1.1026909706740422,70,255,255,255
1331,45.41509672099983,-17.161226272583008,-6.5663251876831055,-14.965606689453125,0.7831359505653381,-1.6039050817489624,-0.031772978603839874,0.0,0.0,0.0,-1.1005724926059113,70,255,255,255
1332,45.45145532399965,-17.138797760009766,-6.621875286102295,-14.965866088867188,0.7374076843261719,-1.6213111877441406,-0.042825035750865936,0.0,0.0,0.0,-1.0958770067089654,70,255,255,255
1333,45.47992476099989,-17.116228103637695,-6.678182601928711,-14.966217041015625,0.7456395030021667,-1.614759087562561,-0.06678446382284164,0.0,0.0,0.0,-1.0936731743278976,70,255,255,255
1334,45.51954913399959,-17.087764739990234,-6.752066612243652,-14.963958740234375,0.7287981510162354,-1.6169302463531494,-0.054399121552705765,0.0,0.0,0.0,-1.089649737132033,70,255,255,255
1335,45.558611337,-17.065122604370117,-6.810380458831787,-14.962875366210938,0.744269073009491,-1.619868278503418,-0.10384626686573029,0.0,0.0,0.0,-1.0850635074188075,70,255,255,255
1336,45.586118258999704,-17.041799545288086,-6.868011951446533,-14.963088989257812,0.7422828674316406,-1.6161727905273438,-0.0948517844080925,0.0,0.0,0.0,-1.0813253613547178,70,255,255,255
1337,45.61901187799958,-17.019683837890625,-6.923825263977051,-14.9632568359375,0.7491503953933716,-1.5991759300231934,-0.09376512467861176,0.0,0.0,0.0,-1.077080682051295,70,255,255,255
1338,45.64959576399997,-16.998777389526367,-6.978508472442627,-14.963912963867188,0.7767806649208069,-1.5811094045639038,-0.08230987936258316,0.0,0.0,0.0,-1.0750624719982058,70,255,255,255
1339,45.682092828999885,-16.97709083557129,-7.0323486328125,-14.964431762695312,0.769548237323761,-1.58108389377594,-0.08147497475147247,0.0,0.0,0.0,-1.0712444311014138,70,255,255,255
1340,45.721562121999796,-16.9486141204834,-7.098206996917725,-14.966079711914062,0.8176511526107788,-1.5475349426269531,-0.11228148639202118,0.0,0.0,0.0,-1.0666360305721134,70,255,255,255
1341,45.75398821899989,-16.924007415771484,-7.151762962341309,-14.967559814453125,0.8003619909286499,-1.5432138442993164,-0.13145141303539276,0.0,0.0,0.0,-1.064232860583453,70,255,255,255
1342,45.78486748299974,-16.89952278137207,-7.205073356628418,-14.969329833984375,0.7999730706214905,-1.5233256816864014,-0.12181844562292099,0.0,0.0,0.0,-1.059759548900447,70,255,255,255
1343,45.82379542799981,-16.874908447265625,-7.257367134094238,-14.971054077148438,0.7987686991691589,-1.5093145370483398,-0.13144278526306152,0.0,0.0,0.0,-1.0556403710633941,70,255,255,255
1344,45.8553023759996,-16.85086441040039,-7.308774471282959,-14.972793579101562,0.7617851495742798,-1.5081218481063843,-0.12370922416448593,0.0,0.0,0.0,-1.0531700228362366,70,255,255,255
1345,45.888888724000026,-16.82689666748047,-7.360225200653076,-14.972732543945312,0.7054615020751953,-1.5134810209274292,-0.10160369426012039,0.0,0.0,0.0,-1.047244622568865,70,255,255,255
1346,45.92489051099983,-16.797927856445312,-7.423136234283447,-14.971923828125,0.697814404964447,-1.4780941009521484,-0.08117249608039856,0.0,0.0,0.0,-1.044344506720796,70,255,255,255
1347,45.957633710999744,-16.775466918945312,-7.472595691680908,-14.971466064453125,0.6704176664352417,-1.482725977897644,-0.0902518481016159,0.0,0.0,0.0,-1.0386954094165197,70,255,255,255
1348,45.99012448099984,-16.75385093688965,-7.5226850509643555,-14.971664428710938,0.6711621880531311,-1.4675852060317993,-0.10059505701065063,0.0,0.0,0.0,-1.0322814522471728,70,255,255,255
1349,46.028445637999994,-16.73231315612793,-7.574350357055664,-14.97137451171875,0.6913611888885498,-1.453453779220581,-0.12204144150018692,0.0,0.0,0.0,-1.0262215623447521,70,255,255,255
1350,46.05913708099979,-16.710174560546875,-7.625256538391113,-14.971939086914062,0.7054120898246765,-1.4575395584106445,-0.1484379917383194,0.0,0.0,0.0,-1.023854078714699,70,255,255,255
1351,46.0918169509996,-16.687744140625,-7.675803184509277,-14.973464965820312,0.6987152695655823,-1.4687916040420532,-0.1488046944141388,0.0,0.0,0.0,-1.0183694981867626,70,255,255,255
1352,46.12872628699961,-16.657276153564453,-7.74039363861084,-14.971771240234375,0.7088587284088135,-1.474666714668274,-0.12024117261171341,0.0,0.0,0.0,-1.0160454240824777,70,255,255,255
1353,46.161552326999754,-16.631389617919922,-7.792576789855957,-14.968643188476562,0.7293005585670471,-1.4804021120071411,-0.08721988648176193,0.0,0.0,0.0,-1.0106306849541284,70,255,255,255
1354,46.19439312399982,-16.605504989624023,-7.844459056854248,-14.9654541015625,0.725100576877594,-1.5000205039978027,-0.0851055383682251,0.0,0.0,0.0,-1.006418562795032,70,255,255,255
1355,46.23138372299991,-16.579421997070312,-7.89624547958374,-14.962432861328125,0.7627308368682861,-1.5016132593154907,-0.06934400647878647,0.0,0.0,0.0,-1.0043450921493235,70,255,255,255
1356,46.26404437799965,-16.55233383178711,-7.948550224304199,-14.95928955078125,0.7784075140953064,-1.515897274017334,-0.047338228672742844,0.0,0.0,0.0,-1.0002332380052683,70,255,255,255
1357,46.29667977199961,-16.52449607849121,-8.0005464553833,-14.955474853515625,0.8232705593109131,-1.5059715509414673,-0.018195511773228645,0.0,0.0,0.0,-0.9953791608654082,70,255,255,255
1358,46.33386603600002,-16.487943649291992,-8.064364433288574,-14.9503173828125,0.8657032251358032,-1.498325228691101,-0.000435972266132012,0.0,0.0,0.0,-0.9915595220719621,70,255,255,255
1359,46.36602088899963,-16.457874298095703,-8.114733695983887,-14.946075439453125,0.8843995332717896,-1.4965243339538574,0.026217477396130562,0.0,0.0,0.0,-0.9894484342758563,70,255,255,255
1360,46.40091738199999,-16.424888610839844,-8.164791107177734,-14.9432373046875,0.9285048246383667,-1.4811254739761353,0.04325380548834801,0.0,0.0,0.0,-0.9849642702114081,70,255,255,255
1361,46.436372441,-16.390838623046875,-8.213982582092285,-14.939865112304688,0.9496313333511353,-1.493898868560791,0.03419294208288193,0.0,0.0,0.0,-0.9827269485796325,70,255,255,255
1362,46.471129814999586,-16.356220245361328,-8.263082504272461,-14.9368896484375,0.995481550693512,-1.4806550741195679,0.042553190141916275,0.0,0.0,0.0,-0.9779994381705783,70,255,255,255
1363,46.50736164199998,-16.320770263671875,-8.312352180480957,-14.934417724609375,1.0194642543792725,-1.492416501045227,0.02755691669881344,0.0,0.0,0.0,-0.9739833912467388,70,255,255,255
1364,46.54887472599967,-16.275190353393555,-8.374279975891113,-14.931747436523438,1.0623688697814941,-1.4901992082595825,0.014532692730426788,0.0,0.0,0.0,-0.9722842944712683,70,255,255,255
1365,46.57961237399968,-16.237577438354492,-8.423311233520508,-14.930648803710938,1.0849857330322266,-1.4984899759292603,-0.010267885401844978,0.0,0.0,0.0,-0.9686333003538514,70,255,255,255
1366,46.611773316999916,-16.200220108032227,-8.472683906555176,-14.93011474609375,1.0729601383209229,-1.5121936798095703,-0.00851584505289793,0.0,0.0,0.0,-0.9669459880662045,70,255,255,255
1367,46.63775362299975,-16.16312599182129,-8.523710250854492,-14.9290771484375,1.070796012878418,-1.533172369003296,-0.010585437528789043,0.0,0.0,0.0,-0.9628596336895869,70,255,255,255
1368,46.67420546999983,-16.126033782958984,-8.576384544372559,-14.928848266601562,1.082904577255249,-1.5534234046936035,-0.05156589671969414,0.0,0.0,0.0,-0.959745000215712,70,255,255,255
1369,46.70742862799989,-16.088279724121094,-8.628856658935547,-14.929840087890625,1.1114649772644043,-1.5532927513122559,-0.06135157495737076,0.0,0.0,0.0,-0.9561184406012966,70,255,255,255
1370,46.740992553999604,-16.050212860107422,-8.68100643157959,-14.9306640625,1.1279252767562866,-1.552288293838501,-0.07117713242769241,0.0,0.0,0.0,-0.9544583591357957,70,255,255,255
1371,46.776568523999686,-16.00292205810547,-8.748093605041504,-14.933395385742188,1.129075288772583,-1.568289875984192,-0.06492973864078522,0.0,0.0,0.0,-0.9512613674052101,70,255,255,255
1372,46.80866237800001,-15.965253829956055,-8.802830696105957,-14.936248779296875,1.14505934715271,-1.5745409727096558,-0.04992126300930977,0.0,0.0,0.0,-0.9487801002175832,70,255,255,255
1373,46.841316493999784,-15.927223205566406,-8.857355117797852,-14.93914794921875,1.1381114721298218,-1.603298544883728,-0.0813307836651802,0.0,0.0,0.0,-0.946696642717787,70,255,255,255
1374,46.87791621799988,-15.889387130737305,-8.912028312683105,-14.942474365234375,1.1435807943344116,-1.6138712167739868,-0.08700119704008102,0.0,0.0,0.0,-0.942933329781396,70,255,255,255
1375,46.91060788599998,-15.850675582885742,-8.967670440673828,-14.941513061523438,1.1316430568695068,-1.6365747451782227,-0.08337757736444473,0.0,0.0,0.0,-0.9390071645443467,70,255,255,255
1376,46.943376089999674,-15.812508583068848,-9.023317337036133,-14.940902709960938,1.1162176132202148,-1.6351678371429443,-0.08010649681091309,0.0,0.0,0.0,-0.9376390321133458,70,255,255,255
1377,46.979753532999894,-15.765478134155273,-9.092260360717773,-14.940277099609375,1.1130859851837158,-1.6430590152740479,-0.08278759568929672,0.0,0.0,0.0,-0.9329147174975997,70,255,255,255
1378,47.01268974300001,-15.727644920349121,-9.14752197265625,-14.940185546875,1.1251312494277954,-1.6461846828460693,-0.07877025008201599,0.0,0.0,0.0,-0.9285538577916221,70,255,255,255
1379,47.045198525999695,-15.689277648925781,-9.203064918518066,-14.938674926757812,1.1338149309158325,-1.6434412002563477,-0.06402767449617386,0.0,0.0,0.0,-0.9266537589328779,70,255,255,255
1380,47.081946883,-15.650611877441406,-9.257922172546387,-14.937637329101562,1.1518707275390625,-1.6321474313735962,-0.07843706011772156,0.0,0.0,0.0,-0.9232756056691396,70,255,255,255
1381,47.114601928999946,-15.61131763458252,-9.312243461608887,-14.937301635742188,1.1728003025054932,-1.6288362741470337,-0.07920441776514053,0.0,0.0,0.0,-0.9198166254663175,70,255,255,255
1382,47.15013843399993,-15.571378707885742,-9.366908073425293,-14.937576293945312,1.1753878593444824,-1.634902000427246,-0.07487424463033676,0.0,0.0,0.0,-0.9182072772195826,70,255,255,255
1383,47.197793134999756,-15.520895957946777,-9.435132026672363,-14.938278198242188,1.1938563585281372,-1.6329259872436523,-0.0914105474948883,0.0,0.0,0.0,-0.9138811051868033,70,255,255,255
1384,47.22675282499995,-15.480036735534668,-9.489408493041992,-14.93994140625,1.217589259147644,-1.6232335567474365,-0.11800181120634079,0.0,0.0,0.0,-0.909618582704077,70,255,255,255
1385,47.258434210999894,-15.438961029052734,-9.543240547180176,-14.942123413085938,1.2091878652572632,-1.629654049873352,-0.12059851735830307,0.0,0.0,0.0,-0.9076995754015932,70,255,255,255
1386,47.29103789099963,-15.398025512695312,-9.598750114440918,-14.946609497070312,1.2119638919830322,-1.6263686418533325,-0.13066323101520538,0.0,0.0,0.0,-0.9039122940153915,70,255,255,255
1387,47.328929504999905,-15.357331275939941,-9.654200553894043,-14.950912475585938,1.2036446332931519,-1.6174890995025635,-0.09870199114084244,0.0,0.0,0.0,-0.8999507087358442,70,255,255,255
1388,47.359474383999896,-15.317015647888184,-9.709251403808594,-14.954849243164062,1.1939469575881958,-1.6295170783996582,-0.12042920291423798,0.0,0.0,0.0,-0.897728833438391,70,255,255,255
1389,47.39586322199966,-15.267285346984863,-9.778084754943848,-14.960281372070312,1.1782317161560059,-1.6492199897766113,-0.12201332300901413,0.0,0.0,0.0,-0.8935602539631172,70,255,255,255
1390,47.42726388899973,-15.228639602661133,-9.832982063293457,-14.964614868164062,1.1283468008041382,-1.677453875541687,-0.11247939616441727,0.0,0.0,0.0,-0.8898946790387322,70,255,255,255
1391,47.45995598799982,-15.190751075744629,-9.887909889221191,-14.968307495117188,1.1052486896514893,-1.6893140077590942,-0.08706508576869965,0.0,0.0,0.0,-0.8879719433107223,70,255,255,255
1392,47.50415134099967,-15.153748512268066,-9.942980766296387,-14.971786499023438,1.0984121561050415,-1.6918610334396362,-0.10531101375818253,0.0,0.0,0.0,-0.8830083436710325,70,255,255,255
1393,47.531479926999964,-15.116776466369629,-9.99821662902832,-14.975341796875,1.0875333547592163,-1.6814589500427246,-0.09373688697814941,0.0,0.0,0.0,-0.8803505089031335,70,255,255,255
1394,47.563892867999584,-15.078378677368164,-10.053434371948242,-14.979400634765625,1.1029369831085205,-1.658715844154358,-0.12469533830881119,0.0,0.0,0.0,-0.8752621401663736,70,255,255,255
1395,47.604114358999595,-15.030623435974121,-10.120670318603516,-14.984024047851562,1.0850318670272827,-1.6290570497512817,-0.08734806627035141,0.0,0.0,0.0,-0.8704081961845679,70,255,255,255
1396,47.62960169400003,-14.99397087097168,-10.17392635345459,-14.9873046875,1.0352801084518433,-1.6353193521499634,-0.09035321325063705,0.0,0.0,0.0,-0.8661671787276439,70,255,255,255
1397,47.66049991199998,-14.956308364868164,-10.225690841674805,-14.988662719726562,1.0033334493637085,-1.6226205825805664,-0.05521167442202568,0.0,0.0,0.0,-0.8645655536480703,70,255,255,255
1398,47.69716896999989,-14.917561531066895,-10.276054382324219,-14.988723754882812,0.9753990173339844,-1.6167500019073486,-0.060366593301296234,0.0,0.0,0.0,-0.8598880440884824,70,255,255,255
1399,47.73001725999984,-14.880094528198242,-10.326018333435059,-14.989456176757812,0.9609434008598328,-1.5894804000854492,-0.07542527467012405,0.0,0.0,0.0,-0.8557142048700557,70,255,255,255
1400,47.763385701999596,-14.843700408935547,-10.375168800354004,-14.990478515625,0.9452629685401917,-1.5674208402633667,-0.06754515320062637,0.0,0.0,0.0,-0.8533274133220994,70,255,255,255
1401,47.79947029599998,-14.79792594909668,-10.434776306152344,-14.989303588867188,0.8966888189315796,-1.5586347579956055,-0.07654600590467453,0.0,0.0,0.0,-0.8481506942161762,70,255,255,255
1402,47.83305277599993,-14.762418746948242,-10.481903076171875,-14.987472534179688,0.8697986006736755,-1.5574793815612793,-0.0818408951163292,0.0,0.0,0.0,-0.8430483438836933,70,255,255,255
1403,47.86525626299999,-14.727981567382812,-10.528973579406738,-14.985748291015625,0.8694119453430176,-1.5459781885147095,-0.06092742830514908,0.0,0.0,0.0,-0.8405771301291816,70,255,255,255
1404,47.90224967799986,-14.694354057312012,-10.576163291931152,-14.983901977539062,0.8431037068367004,-1.5595695972442627,-0.04584562033414841,0.0,0.0,0.0,-0.8352232442317408,70,255,255,255
1405,47.937666072999946,-14.6594820022583,-10.620954513549805,-14.98150634765625,0.8395041227340698,-1.56227707862854,-0.06878723204135895,0.0,0.0,0.0,-0.8303544531268578,70,255,255,255
1406,47.96847174100003,-14.62476634979248,-10.665699005126953,-14.979141235351562,0.8700788021087646,-1.5377893447875977,-0.04949381202459335,0.0,0.0,0.0,-0.8282356421635909,70,255,255,255
1407,48.00557175599988,-14.581147193908691,-10.721064567565918,-14.9761962890625,0.8775559067726135,-1.5386096239089966,-0.011334375478327274,0.0,0.0,0.0,-0.8236761106402934,70,255,255,255
1408,48.03912808599989,-14.546304702758789,-10.76512622833252,-14.97216796875,0.8783311247825623,-1.5332329273223877,0.014726482331752777,0.0,0.0,0.0,-0.8194528697836458,70,255,255,255
1409,48.072855052999785,-14.509133338928223,-10.806537628173828,-14.965179443359375,0.9051751494407654,-1.507315754890442,0.046956583857536316,0.0,0.0,0.0,-0.8174943811180015,70,255,255,255
1410,48.12049960899958,-14.471652030944824,-10.847694396972656,-14.958145141601562,0.9233176708221436,-1.5073691606521606,0.0539129376411438,0.0,0.0,0.0,-0.8132649484118194,70,255,255,255
1411,48.15526431299986,-14.434181213378906,-10.888932228088379,-14.951629638671875,0.9433953762054443,-1.4893298149108887,0.057454850524663925,0.0,0.0,0.0,-0.8090568875733852,70,255,255,255
1412,48.186460537999665,-14.395828247070312,-10.930536270141602,-14.94549560546875,0.9802296757698059,-1.4789161682128906,0.018381599336862564,0.0,0.0,0.0,-0.8066805489327076,70,255,255,255
1413,48.224411876999966,-14.346386909484863,-10.983025550842285,-14.93896484375,0.9901803731918335,-1.4851425886154175,0.0034034205600619316,0.0,0.0,0.0,-0.8026131029998295,70,255,255,255
1414,48.25634966299958,-14.307262420654297,-11.025531768798828,-14.934722900390625,1.0151773691177368,-1.4746400117874146,-0.003957248292863369,0.0,0.0,0.0,-0.7987509202079693,70,255,255,255
1415,48.2890707079996,-14.267937660217285,-11.067903518676758,-14.930770874023438,1.0449622869491577,-1.4593913555145264,-0.002011733828112483,0.0,0.0,0.0,-0.7964057405520456,70,255,255,255
1416,48.326408165999965,-14.225419998168945,-11.106993675231934,-14.92669677734375,1.098337173461914,-1.4287971258163452,-0.032693490386009216,0.0,0.0,0.0,-0.7916129826962844,70,255,255,255
1417,48.35751410499961,-14.181584358215332,-11.145236015319824,-14.923629760742188,1.1333850622177124,-1.4101855754852295,-0.040424998849630356,0.0,0.0,0.0,-0.7869931305742968,70,255,255,255
1418,48.39067989099976,-14.138214111328125,-11.183935165405273,-14.921005249023438,1.1198008060455322,-1.426786184310913,-0.03991695120930672,0.0,0.0,0.0,-0.7848594059089252,70,255,255,255
1419,48.42833472999973,-14.08519458770752,-11.233304977416992,-14.9178466796875,1.1258236169815063,-1.4225391149520874,-0.015971539542078972,0.0,0.0,0.0,-0.7808296437054719,70,255,255,255
1420,48.459784872,-14.042990684509277,-11.271590232849121,-14.915084838867188,1.132590413093567,-1.4178537130355835,-0.025920582935214043,0.0,0.0,0.0,-0.7763455462200509,70,255,255,255
1421,48.492669076999846,-14.000931739807129,-11.310190200805664,-14.913330078125,1.1455788612365723,-1.4054434299468994,-0.042578376829624176,0.0,0.0,0.0,-0.7742041649665455,70,255,255,255
1422,48.529151575000014,-13.958793640136719,-11.348645210266113,-14.912246704101562,1.1617486476898193,-1.3936824798583984,-0.04406110569834709,0.0,0.0,0.0,-0.7682605886247339,70,255,255,255
1423,48.56218283499993,-13.916780471801758,-11.386984825134277,-14.911392211914062,1.1503546237945557,-1.41183602809906,-0.04456692934036255,0.0,0.0,0.0,-0.7640085856283134,70,255,255,255
1424,48.594849424999666,-13.874283790588379,-11.424233436584473,-14.9111328125,1.1440826654434204,-1.430432677268982,-0.025939706712961197,0.0,0.0,0.0,-0.7616960296957431,70,255,255,255
1425,48.66373457199961,-13.821481704711914,-11.47200870513916,-14.91094970703125,1.1560213565826416,-1.445875644683838,-0.041321441531181335,0.0,0.0,0.0,-0.7570271754096979,70,255,255,255
1426,48.66616076599985,-13.779643058776855,-11.511241912841797,-14.910842895507812,1.157780408859253,-1.443872332572937,-0.021365325897932053,0.0,0.0,0.0,-0.754634924381507,70,255,255,255
1427,48.69673451399967,-13.737404823303223,-11.551685333251953,-14.912185668945312,1.1470962762832642,-1.4698091745376587,-0.034598931670188904,0.0,0.0,0.0,-0.7497488893085659,70,255,255,255
1428,48.733518660999835,-13.694337844848633,-11.592843055725098,-14.914581298828125,1.1546281576156616,-1.4716805219650269,-0.02408992499113083,0.0,0.0,0.0,-0.7452318352046552,70,255,255,255
1429,48.76598848399999,-13.65123176574707,-11.63418960571289,-14.9166259765625,1.179678201675415,-1.4547418355941772,-0.018976885825395584,0.0,0.0,0.0,-0.7405189056025693,70,255,255,255
1430,48.79841484099961,-13.60832405090332,-11.67574691772461,-14.918685913085938,1.1852656602859497,-1.4603301286697388,-0.039895910769701004,0.0,0.0,0.0,-0.738821739618889,70,255,255,255
1431,48.83654939799999,-13.552881240844727,-11.726140975952148,-14.922943115234375,1.158567190170288,-1.4578497409820557,-0.05438106134533882,0.0,0.0,0.0,-0.7358284797116944,70,255,255,255
1432,48.86787337099986,-13.508575439453125,-11.765593528747559,-14.92669677734375,1.1357749700546265,-1.4480146169662476,-0.05740021541714668,0.0,0.0,0.0,-0.7322021864133881,70,255,255,255
1433,48.902175001999694,-13.465740203857422,-11.805444717407227,-14.930633544921875,1.1134001016616821,-1.4475845098495483,-0.0748407393693924,0.0,0.0,0.0,-0.7298424925295234,70,255,255,255
1434,48.93801345899965,-13.424101829528809,-11.845694541931152,-14.934661865234375,1.0852117538452148,-1.449771523475647,-0.07420683652162552,0.0,0.0,0.0,-0.7241456580627076,70,255,255,255
1435,48.971465389999594,-13.381736755371094,-11.883749961853027,-14.938888549804688,1.0556961297988892,-1.4799389839172363,-0.07930517196655273,0.0,0.0,0.0,-0.7182909647222774,70,255,255,255
1436,49.00356867999972,-13.340828895568848,-11.923481941223145,-14.942550659179688,1.0491223335266113,-1.4890183210372925,-0.07810993492603302,0.0,0.0,0.0,-0.71492466252539,70,255,255,255
1437,49.03932734299997,-13.290306091308594,-11.974053382873535,-14.947647094726562,1.0558189153671265,-1.4923733472824097,-0.10590774565935135,0.0,0.0,0.0,-0.7089438019283173,70,255,255,255
1438,49.073938364999776,-13.249687194824219,-12.015028953552246,-14.952056884765625,1.0536142587661743,-1.4941755533218384,-0.1011660248041153,0.0,0.0,0.0,-0.7034694079915503,70,255,255,255
1439,49.10636429499982,-13.207352638244629,-12.055913925170898,-14.954681396484375,1.0364596843719482,-1.5239015817642212,-0.09796763211488724,0.0,0.0,0.0,-0.7012416071606719,70,255,255,255
1440,49.14218635399993,-13.16598129272461,-12.098029136657715,-14.957260131835938,1.0554662942886353,-1.525184988975525,-0.08434514701366425,0.0,0.0,0.0,-0.6953805222336255,70,255,255,255
1441,49.17568201899985,-13.124414443969727,-12.140361785888672,-14.959793090820312,1.0887091159820557,-1.5106441974639893,-0.09845005720853806,0.0,0.0,0.0,-0.6908821768363727,70,255,255,255
1442,49.20687028999964,-13.081082344055176,-12.181023597717285,-14.962234497070312,1.1355873346328735,-1.4893826246261597,-0.0821097120642662,0.0,0.0,0.0,-0.688518821106009,70,255,255,255
1443,49.24371492899991,-13.025086402893066,-12.230162620544434,-14.964767456054688,1.151220440864563,-1.5031723976135254,-0.07471325248479843,0.0,0.0,0.0,-0.6837629480313455,70,255,255,255
1444,49.27823813499981,-12.980977058410645,-12.271286964416504,-14.966796875,1.1479897499084473,-1.5326608419418335,-0.07106032222509384,0.0,0.0,0.0,-0.6797471008445878,70,255,255,255
1445,49.31033445799994,-12.937586784362793,-12.31371021270752,-14.968734741210938,1.1531249284744263,-1.5447689294815063,-0.07017067819833755,0.0,0.0,0.0,-0.6778089187822554,70,255,255,255
1446,49.34598731799997,-12.892210006713867,-12.354900360107422,-14.970916748046875,1.1620358228683472,-1.5785527229309082,-0.08200598508119583,0.0,0.0,0.0,-0.673248588310631,70,255,255,255
1447,49.378717370999766,-12.84666633605957,-12.396798133850098,-14.973312377929688,1.168825626373291,-1.5770149230957031,-0.0706348866224289,0.0,0.0,0.0,-0.6691248165206978,70,255,255,255
1448,49.412118044999715,-12.80168342590332,-12.439282417297363,-14.97528076171875,1.1803841590881348,-1.5707731246948242,-0.05226314067840576,0.0,0.0,0.0,-0.6672857040509163,70,255,255,255
1449,49.44842461400003,-12.745875358581543,-12.49336051940918,-14.97747802734375,1.1907660961151123,-1.587638258934021,-0.056652266532182693,0.0,0.0,0.0,-0.6637687335153577,70,255,255,255
1450,49.48187756799962,-12.699213027954102,-12.535859107971191,-14.977218627929688,1.2008259296417236,-1.5926539897918701,-0.07048707455396652,0.0,0.0,0.0,-0.6603164112152606,70,255,255,255
1451,49.51430081999979,-12.653039932250977,-12.579421043395996,-14.977310180664062,1.218877911567688,-1.591168761253357,-0.07416533678770065,0.0,0.0,0.0,-0.6583625165024968,70,255,255,255
1452,49.550726540999676,-12.606882095336914,-12.623367309570312,-14.977340698242188,1.249406099319458,-1.570986270904541,-0.04456820711493492,0.0,0.0,0.0,-0.6545199745236759,70,255,255,255
1453,49.584160142999735,-12.559073448181152,-12.666574478149414,-14.978302001953125,1.2566889524459839,-1.5729175806045532,-0.0691775232553482,0.0,0.0,0.0,-0.6505393476423346,70,255,255,255
1454,49.61616573099991,-12.508009910583496,-12.708921432495117,-14.981842041015625,1.2764419317245483,-1.5660399198532104,-0.061414316296577454,0.0,0.0,0.0,-0.6484673417352257,70,255,255,255
1455,49.65276948199971,-12.444304466247559,-12.762456893920898,-14.986038208007812,1.3193389177322388,-1.5503065586090088,-0.06804744154214859,0.0,0.0,0.0,-0.6446656127001102,70,255,255,255
1456,49.68697959799965,-12.393319129943848,-12.805217742919922,-14.989334106445312,1.3388922214508057,-1.5210124254226685,-0.06331416964530945,0.0,0.0,0.0,-0.6411150197557893,70,255,255,255
1457,49.7186808069996,-12.341513633728027,-12.846098899841309,-14.9913330078125,1.372310757637024,-1.5000693798065186,-0.06037234142422676,0.0,0.0,0.0,-0.6391364908029422,70,255,255,255
1458,49.755578073999914,-12.288664817810059,-12.885552406311035,-14.992630004882812,1.390183925628662,-1.4901152849197388,-0.06463256478309631,0.0,0.0,0.0,-0.6357811075665242,70,255,255,255
1459,49.789020375999826,-12.236275672912598,-12.925667762756348,-14.994094848632812,1.4053261280059814,-1.4921274185180664,-0.06530430167913437,0.0,0.0,0.0,-0.6330057608155254,70,255,255,255
1460,49.822841677999804,-12.184347152709961,-12.966399192810059,-14.995193481445312,1.3971656560897827,-1.4891576766967773,-0.029751213267445564,0.0,0.0,0.0,-0.6315141242889719,70,255,255,255
1461,49.85759070799986,-12.11824893951416,-13.015310287475586,-14.994766235351562,1.3958685398101807,-1.490740418434143,-0.018400760367512703,0.0,0.0,0.0,-0.6281136670511043,70,255,255,255
1462,49.891142420999586,-12.065206527709961,-13.054023742675781,-14.9932861328125,1.3854115009307861,-1.4919743537902832,0.007241774816066027,0.0,0.0,0.0,-0.6243472249004325,70,255,255,255
1463,49.92881988199997,-12.013179779052734,-13.09347915649414,-14.99139404296875,1.3906598091125488,-1.4832913875579834,0.014974458143115044,0.0,0.0,0.0,-0.6224068457302008,70,255,255,255
1464,49.966880103999756,-11.961545944213867,-13.133304595947266,-14.989669799804688,1.404915690422058,-1.469541072845459,0.0009178508771583438,0.0,0.0,0.0,-0.619297538578506,70,255,255,255
1465,49.99791621699978,-11.908838272094727,-13.171297073364258,-14.98760986328125,1.4255470037460327,-1.457198143005371,-0.006129985675215721,0.0,0.0,0.0,-0.6156141204748173,70,255,255,255
1466,50.032012785999996,-11.856515884399414,-13.210128784179688,-14.98590087890625,1.430408000946045,-1.4649018049240112,-0.015673302114009857,0.0,0.0,0.0,-0.613643714163295,70,255,255,255
1467,50.0732960549999,-11.792379379272461,-13.259743690490723,-14.984207153320312,1.4128657579421997,-1.4599993228912354,0.0003174081793986261,0.0,0.0,0.0,-0.6098787367512227,70,255,255,255
1468,50.10973568600002,-11.741866111755371,-13.298998832702637,-14.982208251953125,1.412196397781372,-1.4614453315734863,0.026354027912020683,0.0,0.0,0.0,-0.606226211316179,70,255,255,255
1469,50.15130198599991,-11.691167831420898,-13.335655212402344,-14.98028564453125,1.4032362699508667,-1.4532065391540527,0.03727230057120323,0.0,0.0,0.0,-0.6043930909588503,70,255,255,255
1470,50.18103549699981,-11.641145706176758,-13.372657775878906,-14.97821044921875,1.405598759651184,-1.4344096183776855,0.04816509410738945,0.0,0.0,0.0,-0.600283567080749,70,255,255,255
1471,50.212785255999734,-11.591825485229492,-13.410463333129883,-14.9755859375,1.394897699356079,-1.437559723854065,0.06786175072193146,0.0,0.0,0.0,-0.5983294060518761,70,255,255,255
1472,50.24426410899969,-11.526654243469238,-13.457283020019531,-14.973724365234375,1.391731858253479,-1.4302722215652466,0.056574396789073944,0.0,0.0,0.0,-0.5941288686435213,70,255,255,255
1473,50.28131811100002,-11.472641944885254,-13.494632720947266,-14.97381591796875,1.4000707864761353,-1.4145127534866333,0.04214814677834511,0.0,0.0,0.0,-0.5896119476976652,70,255,255,255
1474,50.30934471799992,-11.419370651245117,-13.532259941101074,-14.973785400390625,1.4146640300750732,-1.3978711366653442,0.037119071930646896,0.0,0.0,0.0,-0.5859269982763499,70,255,255,255
1475,50.34240207699986,-11.366983413696289,-13.570356369018555,-14.9735107421875,1.3998700380325317,-1.4004403352737427,0.0506308451294899,0.0,0.0,0.0,-0.5839917456912165,70,255,255,255
1476,50.38017503299989,-11.3131103515625,-13.607844352722168,-14.972137451171875,1.3972548246383667,-1.3915865421295166,0.0512523427605629,0.0,0.0,0.0,-0.580011917758202,70,255,255,255
1477,50.41043777999994,-11.25949764251709,-13.645336151123047,-14.97076416015625,1.3870189189910889,-1.3856533765792847,0.038745589554309845,0.0,0.0,0.0,-0.5761576578705849,70,255,255,255
1478,50.44335481099961,-11.207197189331055,-13.683239936828613,-14.969497680664062,1.3809605836868286,-1.3636747598648071,0.038233693689107895,0.0,0.0,0.0,-0.5744831953351976,70,255,255,255
1479,50.481201896999664,-11.143547058105469,-13.731030464172363,-14.968276977539062,1.3530209064483643,-1.3647797107696533,0.011427990160882473,0.0,0.0,0.0,-0.5709978498375836,70,255,255,255
1480,50.512791512999684,-11.091371536254883,-13.768227577209473,-14.9666748046875,1.3245816230773926,-1.3831559419631958,0.026622336357831955,0.0,0.0,0.0,-0.5665189455162883,70,255,255,255
1481,50.55052297099974,-11.041016578674316,-13.80648136138916,-14.96490478515625,1.3096303939819336,-1.3777360916137695,0.01730869710445404,0.0,0.0,0.0,-0.5645082588932786,70,255,255,255
1482,50.58533472299996,-10.991989135742188,-13.845293998718262,-14.963516235351562,1.2933995723724365,-1.3876653909683228,0.013753922656178474,0.0,0.0,0.0,-0.5590461820765533,70,255,255,255
1483,50.621030237000014,-10.943111419677734,-13.884411811828613,-14.963211059570312,1.2937345504760742,-1.38187837600708,0.003749347757548094,0.0,0.0,0.0,-0.5532719162010435,70,255,255,255
1484,50.64832820499987,-10.891799926757812,-13.921804428100586,-14.96514892578125,1.288727879524231,-1.38205885887146,-0.029110753908753395,0.0,0.0,0.0,-0.5503574858621153,70,255,255,255
1485,50.68479275599975,-10.829049110412598,-13.969350814819336,-14.96875,1.2947546243667603,-1.376255989074707,-0.06648365408182144,0.0,0.0,0.0,-0.5448375185811944,70,255,255,255
1486,50.71846441799971,-10.780110359191895,-14.008435249328613,-14.972381591796875,1.2738217115402222,-1.4012081623077393,-0.06962265074253082,0.0,0.0,0.0,-0.5397974529287058,70,255,255,255
1487,50.7511214189999,-10.730653762817383,-14.046880722045898,-14.974990844726562,1.277335286140442,-1.4025261402130127,-0.07245612889528275,0.0,0.0,0.0,-0.5376712849829275,70,255,255,255
1488,50.78787250300002,-10.68001937866211,-14.083897590637207,-14.977828979492188,1.2950737476348877,-1.3699198961257935,-0.10582762211561203,0.0,0.0,0.0,-0.5321569103402958,70,255,255,255
1489,50.821843843999886,-10.630002975463867,-14.120975494384766,-14.981277465820312,1.3094090223312378,-1.3342137336730957,-0.10609681159257889,0.0,0.0,0.0,-0.527079027800328,70,255,255,255
1490,50.85445192299994,-10.580728530883789,-14.157530784606934,-14.983932495117188,1.3120330572128296,-1.3096246719360352,-0.07916565984487534,0.0,0.0,0.0,-0.5243607392756842,70,255,255,255
1491,50.890399992999846,-10.52031135559082,-14.20190715789795,-14.985641479492188,1.2973939180374146,-1.3390151262283325,-0.08764854818582535,0.0,0.0,0.0,-0.5190296566950772,70,255,255,255
1492,50.92461201699962,-10.472620010375977,-14.237517356872559,-14.986831665039062,1.3092824220657349,-1.3338693380355835,-0.07116685807704926,0.0,0.0,0.0,-0.514244821743559,70,255,255,255
1493,50.95954827999958,-10.42526626586914,-14.273351669311523,-14.987213134765625,1.322756290435791,-1.3124032020568848,-0.05048662796616554,0.0,0.0,0.0,-0.5115015327941821,70,255,255,255
1494,50.99908880199973,-10.377981185913086,-14.309370994567871,-14.987640380859375,1.3455380201339722,-1.2973864078521729,-0.05651203170418739,0.0,0.0,0.0,-0.5071648745646107,70,255,255,255
1495,51.03219023099973,-10.329350471496582,-14.343205451965332,-14.990951538085938,1.3607622385025024,-1.26761794090271,-0.049959100782871246,0.0,0.0,0.0,-0.5018165480159454,70,255,255,255
1496,51.06083010899965,-10.281081199645996,-14.377114295959473,-14.994003295898438,1.371930718421936,-1.251533031463623,-0.05756540223956108,0.0,0.0,0.0,-0.49933694530399986,70,255,255,255
1497,51.101445195999986,-10.220549583435059,-14.419563293457031,-14.997833251953125,1.39128839969635,-1.2311606407165527,-0.059084974229335785,0.0,0.0,0.0,-0.4940189455022479,70,255,255,255
1498,51.13096291399961,-10.171359062194824,-14.453636169433594,-15.000396728515625,1.3858548402786255,-1.2432421445846558,-0.036745812743902206,0.0,0.0,0.0,-0.48984041246239995,70,255,255,255
1499,51.16037497599973,-10.118672370910645,-14.486413955688477,-15.002670288085938,1.4116365909576416,-1.2346723079681396,-0.05554645135998726,0.0,0.0,0.0,-0.4876787246055826,70,255,255,255
1500,51.197035400999994,-10.066728591918945,-14.520543098449707,-15.004653930664062,1.401694893836975,-1.255548119544983,-0.03495281934738159,0.0,0.0,0.0,-0.48378658125145907,70,255,255,255
1501,51.230846477999876,-10.015600204467773,-14.55622673034668,-15.006439208984375,1.4176620244979858,-1.279624342918396,-0.05163474753499031,0.0,0.0,0.0,-0.48004996650499615,70,255,255,255
1502,51.26246315299977,-9.963006019592285,-14.591939926147461,-15.006881713867188,1.439083218574524,-1.2608658075332642,-0.05332785099744797,0.0,0.0,0.0,-0.4778020588078875,70,255,255,255
1503,51.29925225299985,-9.896308898925781,-14.636984825134277,-15.006988525390625,1.4383903741836548,-1.2696540355682373,-0.06296437978744507,0.0,0.0,0.0,-0.47360648153706303,70,255,255,255
1504,51.331924499999786,-9.843883514404297,-14.673297882080078,-15.006561279296875,1.4366800785064697,-1.2556116580963135,-0.03315730020403862,0.0,0.0,0.0,-0.4696100754262629,70,255,255,255
1505,51.36456981299989,-9.792160034179688,-14.709566116333008,-15.005905151367188,1.441625714302063,-1.2335394620895386,-0.027210010215640068,0.0,0.0,0.0,-0.4679765257031219,70,255,255,255
1506,51.401283323999905,-9.741670608520508,-14.746626853942871,-15.00286865234375,1.4351915121078491,-1.2570440769195557,-0.043329108506441116,0.0,0.0,0.0,-0.4640453670390287,70,255,255,255
1507,51.43475277899961,-9.69149398803711,-14.783673286437988,-14.999832153320312,1.4522138833999634,-1.227126955986023,-0.05539986118674278,0.0,0.0,0.0,-0.4606248029349309,70,255,255,255
1508,51.46745730099974,-9.641674995422363,-14.820540428161621,-14.99737548828125,1.4451466798782349,-1.2147202491760254,-0.044418107718229294,0.0,0.0,0.0,-0.4585418780673527,70,255,255,255
1509,51.505914949999806,-9.580306053161621,-14.867133140563965,-14.99383544921875,1.4358667135238647,-1.2304747104644775,-0.019289299845695496,0.0,0.0,0.0,-0.453986374575204,70,255,255,255
1510,51.538718909999716,-9.528959274291992,-14.901586532592773,-14.990234375,1.4243580102920532,-1.2531007528305054,-0.022085605189204216,0.0,0.0,0.0,-0.4505958376123969,70,255,255,255
1511,51.57371365799963,-9.478361129760742,-14.936954498291016,-14.98687744140625,1.4410797357559204,-1.2366653680801392,-0.03065863810479641,0.0,0.0,0.0,-0.4486420094786603,70,255,255,255
1512,51.60794993299987,-9.427806854248047,-14.97204875946045,-14.98443603515625,1.4463794231414795,-1.215566873550415,-0.036089666187763214,0.0,0.0,0.0,-0.444986421408363,70,255,255,255
1513,51.64028118199985,-9.376781463623047,-15.007040023803711,-14.981552124023438,1.4721755981445312,-1.1825587749481201,-0.03726336732506752,0.0,0.0,0.0,-0.44083954669597336,70,255,255,255
1514,51.67351652599973,-9.323430061340332,-15.042037963867188,-14.977142333984375,1.4941226243972778,-1.175459623336792,-0.05565603822469711,0.0,0.0,0.0,-0.4391911498497552,70,255,255,255
1515,51.710332838999875,-9.25708293914795,-15.086074829101562,-14.971878051757812,1.5020946264266968,-1.1755648851394653,-0.004465604666620493,0.0,0.0,0.0,-0.43460115842149,70,255,255,255
1516,51.74304917699965,-9.204183578491211,-15.121184349060059,-14.9671630859375,1.516523003578186,-1.1674599647521973,-0.006490484811365604,0.0,0.0,0.0,-0.43029888825949425,70,255,255,255
1517,51.77632393299973,-9.149130821228027,-15.157276153564453,-14.962554931640625,1.5390703678131104,-1.1668391227722168,-0.015505736693739891,0.0,0.0,0.0,-0.42855245379564755,70,255,255,255
1518,51.8114169129999,-9.092126846313477,-15.193938255310059,-14.957839965820312,1.5465173721313477,-1.1644891500473022,-0.013972373679280281,0.0,0.0,0.0,-0.4244548475634244,70,255,255,255
1519,51.84409346599978,-9.035494804382324,-15.230147361755371,-14.953643798828125,1.553264856338501,-1.1595425605773926,-0.014940047636628151,0.0,0.0,0.0,-0.42106650770851656,70,255,255,255
1520,51.87697337399959,-8.979307174682617,-15.26697826385498,-14.950302124023438,1.5755140781402588,-1.164711833000183,-0.034724004566669464,0.0,0.0,0.0,-0.4189602136023729,70,255,255,255
1521,51.91471535299979,-8.90989875793457,-15.313737869262695,-14.944503784179688,1.5707236528396606,-1.153851866722107,-0.016741232946515083,0.0,0.0,0.0,-0.4152504302038925,70,255,255,255
1522,51.95269965499983,-8.85490894317627,-15.351338386535645,-14.93939208984375,1.5803550481796265,-1.1630022525787354,-0.00843316875398159,0.0,0.0,0.0,-0.4110069493229602,70,255,255,255
1523,51.982139942999765,-8.800628662109375,-15.389824867248535,-14.9344482421875,1.5689533948898315,-1.1947534084320068,-0.004317023791372776,0.0,0.0,0.0,-0.40890904417425034,70,255,255,255
1524,52.031257596999694,-8.746748924255371,-15.428319931030273,-14.930023193359375,1.5810250043869019,-1.1609824895858765,-0.010973090305924416,0.0,0.0,0.0,-0.4042857299428455,70,255,255,255
1525,52.05641012899969,-8.693557739257812,-15.465767860412598,-14.924850463867188,1.588073492050171,-1.1510955095291138,-0.007023926824331284,0.0,0.0,0.0,-0.40195556385756703,70,255,255,255
1526,52.10104533799995,-8.640654563903809,-15.5034761428833,-14.920623779296875,1.5835590362548828,-1.1634607315063477,-0.027036404237151146,0.0,0.0,0.0,-0.39753268578770434,70,255,255,255
1527,52.12561051800003,-8.57431697845459,-15.550156593322754,-14.916885375976562,1.61175537109375,-1.130483627319336,-0.04655367508530617,0.0,0.0,0.0,-0.39339186976679463,70,255,255,255
1528,52.17013752799994,-8.520171165466309,-15.58688735961914,-14.914474487304688,1.614946961402893,-1.105741024017334,-0.032443173229694366,0.0,0.0,0.0,-0.39117542066006256,70,255,255,255
1529,52.196642511999926,-8.464202880859375,-15.62557601928711,-14.91204833984375,1.6132453680038452,-1.1267708539962769,-0.0319954939186573,0.0,0.0,0.0,-0.3873445300110108,70,255,255,255
1530,52.229114788999595,-8.408604621887207,-15.664180755615234,-14.9102783203125,1.6229660511016846,-1.1159251928329468,-0.055857863277196884,0.0,0.0,0.0,-0.38335964207192524,70,255,255,255
1531,52.26209851399972,-8.353422164916992,-15.702970504760742,-14.90972900390625,1.627124309539795,-1.1392959356307983,-0.08086705952882767,0.0,0.0,0.0,-0.37941007430679685,70,255,255,255
1532,52.294955687999845,-8.29842758178711,-15.741223335266113,-14.90765380859375,1.625237226486206,-1.1283419132232666,-0.07914817333221436,0.0,0.0,0.0,-0.3767679854788429,70,255,255,255
1533,52.331770349999715,-8.230388641357422,-15.78715991973877,-14.902999877929688,1.6173970699310303,-1.1151173114776611,-0.07211723923683167,0.0,0.0,0.0,-0.3730922905423155,70,255,255,255
1534,52.36432431399999,-8.17634105682373,-15.823479652404785,-14.89996337890625,1.612870454788208,-1.0883184671401978,-0.07211443781852722,0.0,0.0,0.0,-0.3697049493728165,70,255,255,255
1535,52.39696278199972,-8.123175621032715,-15.859591484069824,-14.897171020507812,1.598624348640442,-1.090381145477295,-0.06732518970966339,0.0,0.0,0.0,-0.3681439042103529,70,255,255,255
1536,52.43389648099992,-8.067961692810059,-15.893900871276855,-14.8941650390625,1.6069905757904053,-1.0499933958053589,-0.07027941942214966,0.0,0.0,0.0,-0.36429110906133527,70,255,255,255
1537,52.466670929999964,-8.01222038269043,-15.926553726196289,-14.8914794921875,1.6018105745315552,-1.03025484085083,-0.0632910504937172,0.0,0.0,0.0,-0.3593227490211971,70,255,255,255
1538,52.49921085099959,-7.957508563995361,-15.959733009338379,-14.889251708984375,1.5882484912872314,-1.0568634271621704,-0.08262784779071808,0.0,0.0,0.0,-0.35723313296138004,70,255,255,255
1539,52.53822676999971,-7.889727592468262,-16.001914978027344,-14.887710571289062,1.5940066576004028,-1.0442312955856323,-0.08915261179208755,0.0,0.0,0.0,-0.3524341832560845,70,255,255,255
1540,52.57147056899976,-7.834868907928467,-16.036672592163086,-14.887359619140625,1.5970854759216309,-1.0548714399337769,-0.07645139843225479,0.0,0.0,0.0,-0.348888983212971,70,255,255,255
1541,52.60399724099989,-7.780088424682617,-16.07112693786621,-14.88714599609375,1.6058660745620728,-1.03842031955719,-0.07457982748746872,0.0,0.0,0.0,-0.34708136262307976,70,255,255,255
1542,52.63903488200003,-7.725475311279297,-16.105283737182617,-14.88739013671875,1.618389368057251,-1.0291768312454224,-0.08876205235719681,0.0,0.0,0.0,-0.34275645559181833,70,255,255,255
1543,52.67229792299986,-7.670807361602783,-16.13912582397461,-14.887298583984375,1.6193698644638062,-1.0583802461624146,-0.10458073019981384,0.0,0.0,0.0,-0.33814292847741956,70,255,255,255
1544,52.704733272999874,-7.616077899932861,-16.17325782775879,-14.88531494140625,1.6387566328048706,-1.0354996919631958,-0.10382996499538422,0.0,0.0,0.0,-0.33556195919648285,70,255,255,255
1545,52.743025183999634,-7.546957015991211,-16.214933395385742,-14.88372802734375,1.6666691303253174,-1.028051733970642,-0.11661060154438019,0.0,0.0,0.0,-0.33090981624627797,70,255,255,255
1546,52.77604487999997,-7.4912614822387695,-16.247987747192383,-14.883560180664062,1.6870728731155396,-1.0191417932510376,-0.13470712304115295,0.0,0.0,0.0,-0.32650434859204164,70,255,255,255
1547,52.806842869999855,-7.433617115020752,-16.281841278076172,-14.884628295898438,1.6899734735488892,-1.0475629568099976,-0.12776154279708862,0.0,0.0,0.0,-0.32412937482142257,70,255,255,255
1548,52.84340324300001,-7.374279022216797,-16.315675735473633,-14.886093139648438,1.7029517889022827,-1.0090289115905762,-0.10705052316188812,0.0,0.0,0.0,-0.3200566025663644,70,255,255,255
1549,52.876947645999735,-7.314941883087158,-16.348758697509766,-14.88751220703125,1.7107075452804565,-1.0052982568740845,-0.09113700687885284,0.0,0.0,0.0,-0.31539463920963984,70,255,255,255
1550,52.90906506099964,-7.256150722503662,-16.382089614868164,-14.888504028320312,1.709764003753662,-1.0228602886199951,-0.08113892376422882,0.0,0.0,0.0,-0.31280687886792347,70,255,255,255
1551,52.94584318199986,-7.18325662612915,-16.424345016479492,-14.889678955078125,1.697448968887329,-1.0284017324447632,-0.05455518513917923,0.0,0.0,0.0,-0.30861150133418075,70,255,255,255
1552,52.979245773,-7.125441551208496,-16.4580078125,-14.89044189453125,1.6953054666519165,-1.0166337490081787,-0.04534035176038742,0.0,0.0,0.0,-0.3044122289273438,70,255,255,255
1553,53.01148383199961,-7.06814432144165,-16.491296768188477,-14.891006469726562,1.6936947107315063,-1.0115705728530884,-0.05925968661904335,0.0,0.0,0.0,-0.3025787756748788,70,255,255,255
1554,53.04986880599972,-7.011035442352295,-16.524118423461914,-14.892120361328125,1.7040154933929443,-0.9938191175460815,-0.0796956941485405,0.0,0.0,0.0,-0.2984003757930853,70,255,255,255
1555,53.08211161399959,-6.936816692352295,-16.561756134033203,-14.8939208984375,1.7061841487884521,-0.9524109959602356,-0.06476979702711105,0.0,0.0,0.0,-0.29365438970396873,70,255,255,255
1556,53.114030634999835,-6.892522811889648,-16.58376693725586,-14.894546508789062,1.7040876150131226,-0.9388328194618225,-0.04969801381230354,0.0,0.0,0.0,-0.291721134489653,70,255,255,255
1557,53.15475199000002,-6.819648742675781,-16.62071418762207,-14.895401000976562,1.700484275817871,-0.9433469176292419,-0.03936232253909111,0.0,0.0,0.0,-0.28713513780302286,70,255,255,255
1558,53.18490325699986,-6.761075496673584,-16.65056800842285,-14.895416259765625,1.69041109085083,-0.9425126910209656,-0.042909178882837296,0.0,0.0,0.0,-0.28319382583727376,70,255,255,255
1559,53.21694190599965,-6.700549602508545,-16.6801700592041,-14.893829345703125,1.7033370733261108,-0.9209892153739929,-0.060440607368946075,0.0,0.0,0.0,-0.28092664351177565,70,255,255,255
1560,53.25451601099985,-6.640481472015381,-16.709638595581055,-14.893096923828125,1.7015968561172485,-0.9242777228355408,-0.078921839594841,0.0,0.0,0.0,-0.27610132851168834,70,255,255,255
1561,53.289774310999746,-6.5812764167785645,-16.739343643188477,-14.892715454101562,1.6917469501495361,-0.9322105646133423,-0.06843013316392899,0.0,0.0,0.0,-0.27157009307497304,70,255,255,255
1562,53.32094095100001,-6.522043704986572,-16.768903732299805,-14.891525268554688,1.6819748878479004,-0.9327586889266968,-0.09728188812732697,0.0,0.0,0.0,-0.26888943834548334,70,255,255,255
1563,53.35655401899976,-6.448174953460693,-16.80577278137207,-14.89056396484375,1.6767370700836182,-0.9298243522644043,-0.12040279805660248,0.0,0.0,0.0,-0.2641392744224067,70,255,255,255
1564,53.38849287899984,-6.389812469482422,-16.834678649902344,-14.89080810546875,1.6890383958816528,-0.8895199298858643,-0.11736224591732025,0.0,0.0,0.0,-0.25957088788848476,70,255,255,255
1565,53.42443248699965,-6.331325531005859,-16.862716674804688,-14.891159057617188,1.703690767288208,-0.8785095810890198,-0.11756207048892975,0.0,0.0,0.0,-0.25745507298144404,70,255,255,255
1566,53.458048556999984,-6.27138090133667,-16.890134811401367,-14.891799926757812,1.7042465209960938,-0.8747328519821167,-0.12021760642528534,0.0,0.0,0.0,-0.25333531257790276,70,255,255,255
1567,53.49112744199965,-6.211021423339844,-16.916894912719727,-14.892791748046875,1.7247719764709473,-0.85307776927948,-0.11364991217851639,0.0,0.0,0.0,-0.24884800265441695,70,255,255,255
1568,53.52470373599999,-6.150600433349609,-16.943294525146484,-14.894088745117188,1.7454923391342163,-0.8365523815155029,-0.14698052406311035,0.0,0.0,0.0,-0.24680297789810193,70,255,255,255
1569,53.56018491699979,-6.074866771697998,-16.975379943847656,-14.897705078125,1.7706321477890015,-0.7895100712776184,-0.16351832449436188,0.0,0.0,0.0,-0.242219461280237,70,255,255,255
1570,53.60458132899976,-6.014041423797607,-16.999149322509766,-14.897323608398438,1.7782624959945679,-0.7279327511787415,-0.1546189934015274,0.0,0.0,0.0,-0.2378326191088744,70,255,255,255
1571,53.63036648599973,-5.953371524810791,-17.020774841308594,-14.896774291992188,1.7881840467453003,-0.6702314019203186,-0.13284637033939362,0.0,0.0,0.0,-0.2352750690007736,70,255,255,255
1572,53.66263584799981,-5.8927154541015625,-17.04129409790039,-14.89691162109375,1.7971673011779785,-0.6439053416252136,-0.15537124872207642,0.0,0.0,0.0,-0.2306115243921518,70,255,255,255
1573,53.694990469000004,-5.832189559936523,-17.061155319213867,-14.897781372070312,1.7853126525878906,-0.6330989003181458,-0.13325189054012299,0.0,0.0,0.0,-0.22629392440913126,70,255,255,255
1574,53.73087304899991,-5.771584987640381,-17.079837799072266,-14.89886474609375,1.7729227542877197,-0.6363703608512878,-0.12103529274463654,0.0,0.0,0.0,-0.22391190990638032,70,255,255,255
1575,53.76518748499984,-5.6966552734375,-17.10287094116211,-14.900924682617188,1.7769320011138916,-0.606275737285614,-0.12638060748577118,0.0,0.0,0.0,-0.2195626515959015,70,255,255,255
1576,53.7972460699998,-5.636894226074219,-17.121124267578125,-14.903518676757812,1.7818176746368408,-0.61545330286026,-0.1639953851699829,0.0,0.0,0.0,-0.2150280039840395,70,255,255,255
1577,53.829609971999616,-5.576042175292969,-17.140846252441406,-14.906661987304688,1.7770817279815674,-0.622087299823761,-0.17775872349739075,0.0,0.0,0.0,-0.2128180629772213,70,255,255,255
1578,53.8667896879997,-5.514102458953857,-17.161794662475586,-14.910797119140625,1.7839572429656982,-0.6124434471130371,-0.21168632805347443,0.0,0.0,0.0,-0.20813997085114494,70,255,255,255
1579,53.89960226099993,-5.452558517456055,-17.1817626953125,-14.915359497070312,1.7791281938552856,-0.5978029370307922,-0.19985410571098328,0.0,0.0,0.0,-0.20341305965333606,70,255,255,255
1580,53.931669706999855,-5.391697883605957,-17.201595306396484,-14.91973876953125,1.7829707860946655,-0.5829498767852783,-0.18458452820777893,0.0,0.0,0.0,-0.20146221093106895,70,255,255,255
1581,53.97395520600003,-5.313900947570801,-17.227262496948242,-14.920928955078125,1.7829649448394775,-0.5989575386047363,-0.1643752008676529,0.0,0.0,0.0,-0.19647685659422467,70,255,255,255
1582,54.00643287499997,-5.251554012298584,-17.24847984313965,-14.920013427734375,1.773088812828064,-0.5844113826751709,-0.14909790456295013,0.0,0.0,0.0,-0.19184919808129167,70,255,255,255
1583,54.04332629700002,-5.1899919509887695,-17.268932342529297,-14.919540405273438,1.7674647569656372,-0.5571931600570679,-0.1356765329837799,0.0,0.0,0.0,-0.1872361869543541,70,255,255,255
1584,54.076692181,-5.129333019256592,-17.288414001464844,-14.919113159179688,1.761207103729248,-0.5283012986183167,-0.1477770060300827,0.0,0.0,0.0,-0.18530782529854137,70,255,255,255
1585,54.10668857899964,-5.06777811050415,-17.307357788085938,-14.91754150390625,1.7568552494049072,-0.4837131202220917,-0.12872613966464996,0.0,0.0,0.0,-0.18044218005269616,70,255,255,255
1586,54.14131206100001,-5.007036209106445,-17.325546264648438,-14.91595458984375,1.7436600923538208,-0.4993204176425934,-0.12261725962162018,0.0,0.0,0.0,-0.1791815228164367,70,255,255,255
1587,54.176702060000025,-4.932170867919922,-17.348005294799805,-14.914642333984375,1.753084421157837,-0.4428681433200836,-0.1261928379535675,0.0,0.0,0.0,-0.17547049106119536,70,255,255,255
1588,54.20866051299981,-4.871531963348389,-17.36463737487793,-14.914321899414062,1.7570834159851074,-0.4491707980632782,-0.1350252628326416,0.0,0.0,0.0,-0.17163723685667617,70,255,255,255
1589,54.24083207299964,-4.808861255645752,-17.382413864135742,-14.913299560546875,1.75344979763031,-0.4778115749359131,-0.1349247246980667,0.0,0.0,0.0,-0.16982435652363198,70,255,255,255
1590,54.27763001099993,-4.746859550476074,-17.400541305541992,-14.912490844726562,1.7659428119659424,-0.46364694833755493,-0.11951395124197006,0.0,0.0,0.0,-0.16558946433721522,70,255,255,255
1591,54.310647032999896,-4.669651031494141,-17.4219970703125,-14.9124755859375,1.7656651735305786,-0.46962204575538635,-0.127488374710083,0.0,0.0,0.0,-0.1620552498335983,70,255,255,255
1592,54.34291714899973,-4.622030258178711,-17.436851501464844,-14.910980224609375,1.7648204565048218,-0.46682167053222656,-0.11622311919927597,0.0,0.0,0.0,-0.1599983407209188,70,255,255,255
1593,54.3803854759999,-4.541781425476074,-17.461719512939453,-14.90704345703125,1.7948248386383057,-0.41611772775650024,-0.1079450473189354,0.0,0.0,0.0,-0.15651178015605752,70,255,255,255
1594,54.41283290199999,-4.4776458740234375,-17.479446411132812,-14.90533447265625,1.81113600730896,-0.38586071133613586,-0.12683744728565216,0.0,0.0,0.0,-0.1520455092051833,70,255,255,255
1595,54.445353278999846,-4.413710117340088,-17.496004104614258,-14.9044189453125,1.8271687030792236,-0.36473631858825684,-0.13427062332630157,0.0,0.0,0.0,-0.14986140086093888,70,255,255,255
1596,54.48240381699998,-4.349850177764893,-17.515247344970703,-14.90374755859375,1.8303636312484741,-0.3689899742603302,-0.11054709553718567,0.0,0.0,0.0,-0.1453551658489567,70,255,255,255
1597,54.51510439799995,-4.286460876464844,-17.53459358215332,-14.902847290039062,1.8307539224624634,-0.3527715504169464,-0.09202387928962708,0.0,0.0,0.0,-0.14157131328265848,70,255,255,255
1598,54.54742476499996,-4.223881721496582,-17.55347442626953,-14.901870727539062,1.8146748542785645,-0.3839069604873657,-0.07923909276723862,0.0,0.0,0.0,-0.13972635850323564,70,255,255,255
1599,54.5882843469999,-4.146839618682861,-17.576814651489258,-14.900436401367188,1.8072983026504517,-0.3816678524017334,-0.04898875206708908,0.0,0.0,0.0,-0.13519399954543546,70,255,255,255
1600,54.617445742999735,-4.0849528312683105,-17.59770393371582,-14.897293090820312,1.803880214691162,-0.373698353767395,-0.0471469908952713,0.0,0.0,0.0,-0.13039093858520712,70,255,255,255
1601,54.649865813999895,-4.023749351501465,-17.618440628051758,-14.894317626953125,1.7957783937454224,-0.4210149645805359,-0.048165418207645416,0.0,0.0,0.0,-0.12800854957542787,70,255,255,255
1602,54.700047412,-3.9631381034851074,-17.639114379882812,-14.891738891601562,1.7842093706130981,-0.43570786714553833,-0.029507951810956,0.0,0.0,0.0,-0.12359683181500827,70,255,255,255
1603,54.73217168999963,-3.902992010116577,-17.661149978637695,-14.888961791992188,1.7768750190734863,-0.46750256419181824,-0.012730018235743046,0.0,0.0,0.0,-0.11934443766680265,70,255,255,255
1604,54.757297041999664,-3.8422720432281494,-17.685596466064453,-14.88604736328125,1.7699471712112427,-0.4510210454463959,-0.01577233150601387,0.0,0.0,0.0,-0.11683135402652779,70,255,255,255
1605,54.79214922899973,-3.7672970294952393,-17.71499252319336,-14.882919311523438,1.7699990272521973,-0.4651453495025635,-0.009003190323710442,0.0,0.0,0.0,-0.11241262882348992,70,255,255,255
1606,54.82850013699999,-3.7077901363372803,-17.7385311126709,-14.88079833984375,1.7695025205612183,-0.49619466066360474,-0.022077055647969246,0.0,0.0,0.0,-0.10864514637551728,70,255,255,255
1607,54.85734572899992,-3.648630380630493,-17.763614654541016,-14.877685546875,1.7661306858062744,-0.5141107439994812,-0.04792299121618271,0.0,0.0,0.0,-0.10623748230251752,70,255,255,255
1608,54.89418092799997,-3.589918375015259,-17.78874969482422,-14.873367309570312,1.7612920999526978,-0.47408366203308105,-0.03499581664800644,0.0,0.0,0.0,-0.10164569324051653,70,255,255,255
1609,54.927890816999934,-3.5317234992980957,-17.813016891479492,-14.8697509765625,1.7613184452056885,-0.5142396092414856,-0.053232841193675995,0.0,0.0,0.0,-0.09698269790886954,70,255,255,255
1610,54.9593697639998,-3.47373366355896,-17.837081909179688,-14.86749267578125,1.7690340280532837,-0.49270856380462646,-0.07312997430562973,0.0,0.0,0.0,-0.09465803291571778,70,255,255,255
1611,54.99622624299991,-3.401179790496826,-17.868432998657227,-14.865310668945312,1.7775765657424927,-0.447959840297699,-0.06308888643980026,0.0,0.0,0.0,-0.09074994388456738,70,255,255,255
1612,55.02898880099974,-3.3431220054626465,-17.893360137939453,-14.864349365234375,1.7894116640090942,-0.4166051149368286,-0.0998939722776413,0.0,0.0,0.0,-0.08650963382980799,70,255,255,255
1613,55.06168050499991,-3.2849974632263184,-17.916934967041016,-14.865066528320312,1.7948569059371948,-0.41600194573402405,-0.13374365866184235,0.0,0.0,0.0,-0.08415421764844422,70,255,255,255
1614,55.09855753800002,-3.2268471717834473,-17.93939208984375,-14.866363525390625,1.8034133911132812,-0.4078978896141052,-0.1400505155324936,0.0,0.0,0.0,-0.07977029663190231,70,255,255,255
1615,55.13694457499969,-3.167187452316284,-17.964006423950195,-14.86431884765625,1.807126760482788,-0.4137989580631256,-0.1466582864522934,0.0,0.0,0.0,-0.07569533559132323,70,255,255,255
1616,55.16521735799961,-3.1075966358184814,-17.9874267578125,-14.862960815429688,1.8152945041656494,-0.3963429033756256,-0.143708273768425,0.0,0.0,0.0,-0.0733203867878394,70,255,255,255
1617,55.206866398999864,-3.033327102661133,-18.015058517456055,-14.862152099609375,1.8188645839691162,-0.3853881061077118,-0.15533104538917542,0.0,0.0,0.0,-0.06883740866231416,70,255,255,255
1618,55.24899162699967,-2.9742672443389893,-18.036243438720703,-14.862258911132812,1.8248058557510376,-0.36797934770584106,-0.15864834189414978,0.0,0.0,0.0,-0.0650930457815548,70,255,255,255
1619,55.26916386599987,-2.916034460067749,-18.0572509765625,-14.861831665039062,1.8220198154449463,-0.3469164967536926,-0.15524278581142426,0.0,0.0,0.0,-0.06286037219811925,70,255,255,255
1620,55.31052518699971,-2.8579142093658447,-18.077327728271484,-14.862213134765625,1.8197906017303467,-0.34534937143325806,-0.16027875244617462,0.0,0.0,0.0,-0.058260793389929774,70,255,255,255
1621,55.34436701599998,-2.8002169132232666,-18.09576988220215,-14.862747192382812,1.818731665611267,-0.30779218673706055,-0.14558668434619904,0.0,0.0,0.0,-0.05412442151908914,70,255,255,255
1622,55.37545428099975,-2.741349935531616,-18.113327026367188,-14.863067626953125,1.825607180595398,-0.28437402844429016,-0.1333368867635727,0.0,0.0,0.0,-0.051843615460139617,70,255,255,255
1623,55.40679976000001,-2.6667604446411133,-18.1346378326416,-14.8638916015625,1.8402013778686523,-0.2643507122993469,-0.16310878098011017,0.0,0.0,0.0,-0.047976193731072564,70,255,255,255
1624,55.43966718699994,-2.606948137283325,-18.150501251220703,-14.865234375,1.8469784259796143,-0.23902089893817902,-0.1427803486585617,0.0,0.0,0.0,-0.043584861636559676,70,255,255,255
1625,55.47247189699965,-2.5472304821014404,-18.16428565979004,-14.86663818359375,1.8516188859939575,-0.20000749826431274,-0.15598301589488983,0.0,0.0,0.0,-0.042172241931786786,70,255,255,255
1626,55.508921351000026,-2.4890360832214355,-18.17866325378418,-14.869720458984375,1.852778434753418,-0.16051407158374786,-0.15082280337810516,0.0,0.0,0.0,-0.038597909403061355,70,255,255,255
1627,55.54246572599959,-2.4311137199401855,-18.191816329956055,-14.873260498046875,1.8608622550964355,-0.11899819225072861,-0.13331519067287445,0.0,0.0,0.0,-0.03469508011506386,70,255,255,255
1628,55.57515903199965,-2.373039484024048,-18.203195571899414,-14.876190185546875,1.8664833307266235,-0.10490718483924866,-0.12597207725048065,0.0,0.0,0.0,-0.032899410460564306,70,255,255,255
1629,55.61110097699975,-2.2998743057250977,-18.21584129333496,-14.879684448242188,1.8763991594314575,-0.08142635226249695,-0.10761315375566483,0.0,0.0,0.0,-0.028849368701528877,70,255,255,255
1630,55.643711575,-2.2438390254974365,-18.227447509765625,-14.884445190429688,1.8840010166168213,-0.04684031009674072,-0.10877078771591187,0.0,0.0,0.0,-0.02454363226892681,70,255,255,255
1631,55.67646023399993,-2.1871438026428223,-18.236652374267578,-14.889328002929688,1.8933541774749756,0.010206378065049648,-0.10436379164457321,0.0,0.0,0.0,-0.02262760229731789,70,255,255,255
1632,55.712782909,-2.1300411224365234,-18.24308967590332,-14.893722534179688,1.8944655656814575,0.06474746018648148,-0.09301325678825378,0.0,0.0,0.0,-0.018841935452527065,70,255,255,255
1633,55.74563215599983,-2.073054075241089,-18.24871063232422,-14.898208618164062,1.8935426473617554,0.0908103659749031,-0.07811743766069412,0.0,0.0,0.0,-0.014847920985221476,70,255,255,255
1634,55.77813279799966,-2.0170185565948486,-18.255706787109375,-14.903396606445312,1.8871619701385498,0.11302131414413452,-0.06860340386629105,0.0,0.0,0.0,-0.012630618834702737,70,255,255,255
1635,55.81470655699968,-1.9469327926635742,-18.262542724609375,-14.908050537109375,1.8821847438812256,0.1300315111875534,-0.04505239054560661,0.0,0.0,0.0,-0.007915874433975496,70,255,255,255
1636,55.84744087299987,-1.8906991481781006,-18.267210006713867,-14.911956787109375,1.8742691278457642,0.12152282148599625,-0.043184079229831696,0.0,0.0,0.0,-0.003371068058896755,70,255,255,255
1637,55.88007432399991,-1.8358793258666992,-18.271587371826172,-14.914520263671875,1.8722952604293823,0.134904682636261,-0.041849493980407715,0.0,0.0,0.0,-0.0010631649860414936,70,255,255,255
1638,55.91733795299979,-1.782059669494629,-18.275253295898438,-14.916610717773438,1.8860602378845215,0.17442932724952698,-0.05426553264260292,0.0,0.0,0.0,0.003735548961878245,70,255,255,255
1639,55.95006179999973,-1.7274104356765747,-18.277755737304688,-14.918777465820312,1.8855904340744019,0.153561070561409,-0.05516493692994118,0.0,0.0,0.0,0.008095708027623648,70,255,255,255
1640,55.98237683299976,-1.6723836660385132,-18.279741287231445,-14.920623779296875,1.8811533451080322,0.15484590828418732,-0.03821488469839096,0.0,0.0,0.0,0.010311148045973932,70,255,255,255
1641,56.020809181000004,-1.602758765220642,-18.284666061401367,-14.9222412109375,1.885400414466858,0.14910538494586945,-0.00956682302057743,0.0,0.0,0.0,0.014186448986797337,70,255,255,255
1642,56.05351428999984,-1.5463440418243408,-18.289278030395508,-14.923614501953125,1.8868452310562134,0.15379931032657623,-0.02715405263006687,0.0,0.0,0.0,0.019133986436162483,70,255,255,255
1643,56.08722727099985,-1.4895871877670288,-18.2930850982666,-14.925247192382812,1.8895031213760376,0.15143415331840515,-0.03872451186180115,0.0,0.0,0.0,0.021327958879413206,70,255,255,255
1644,56.122458214999824,-1.4325740337371826,-18.295631408691406,-14.927322387695312,1.8933748006820679,0.16550244390964508,-0.060774169862270355,0.0,0.0,0.0,0.02473155365394013,70,255,255,255
1645,56.15431588599995,-1.3755760192871094,-18.301969528198242,-14.928955078125,1.9003043174743652,0.17968587577342987,-0.0449550524353981,0.0,0.0,0.0,0.02941446651770847,70,255,255,255
1646,56.18775018899987,-1.3180923461914062,-18.306833267211914,-14.930374145507812,1.9027109146118164,0.18269376456737518,-0.0556325726211071,0.0,0.0,0.0,0.031123034159805617,70,255,255,255
1647,56.224446803999854,-1.2460782527923584,-18.311006546020508,-14.931976318359375,1.8969533443450928,0.1922265738248825,-0.03597443550825119,0.0,0.0,0.0,0.035448592417177356,70,255,255,255
1648,56.25649495399966,-1.1883641481399536,-18.315038681030273,-14.932342529296875,1.8987996578216553,0.16162759065628052,-0.03416033461689949,0.0,0.0,0.0,0.040289932156886386,70,255,255,255
1649,56.28937728499977,-1.130639910697937,-18.322175979614258,-14.931777954101562,1.9018505811691284,0.1689048856496811,-0.037795282900333405,0.0,0.0,0.0,0.0421119338166641,70,255,255,255
1650,56.32570176899981,-1.0726842880249023,-18.327314376831055,-14.931396484375,1.8962396383285522,0.17239798605442047,-0.03315512463450432,0.0,0.0,0.0,0.04672810328620693,70,255,255,255
1651,56.35824177099994,-1.0146201848983765,-18.331876754760742,-14.930984497070312,1.8985682725906372,0.1636589765548706,-0.04637111350893974,0.0,0.0,0.0,0.051206229465121184,70,255,255,255
1652,56.39121856199972,-0.9553878903388977,-18.336917877197266,-14.931671142578125,1.8999947309494019,0.17874956130981445,-0.043530289083719254,0.0,0.0,0.0,0.053518402568284794,70,255,255,255
1653,56.428362896999715,-0.8804567456245422,-18.34195327758789,-14.93292236328125,1.8973960876464844,0.20414985716342926,-0.05123292654752731,0.0,0.0,0.0,0.05843919605464066,70,255,255,255
1654,56.460193995999816,-0.8204920887947083,-18.344383239746094,-14.93475341796875,1.8992921113967896,0.21462878584861755,-0.09901539981365204,0.0,0.0,0.0,0.06318063812514729,70,255,255,255
1655,56.49307477799994,-0.7605243921279907,-18.345884323120117,-14.937713623046875,1.8991011381149292,0.222530335187912,-0.11092271655797958,0.0,0.0,0.0,0.0651335383136916,70,255,255,255
1656,56.52936030899991,-0.7009729743003845,-18.347427368164062,-14.941131591796875,1.8986438512802124,0.23314543068408966,-0.10418666154146194,0.0,0.0,0.0,0.06953858984900761,70,255,255,255
1657,56.56200255199974,-0.6416529417037964,-18.348068237304688,-14.94488525390625,1.885144591331482,0.2364664524793625,-0.11382552236318588,0.0,0.0,0.0,0.07392146224587029,70,255,255,255
1658,56.59495101799985,-0.5823616981506348,-18.347991943359375,-14.948440551757812,1.8939416408538818,0.24291494488716125,-0.11223623901605606,0.0,0.0,0.0,0.07621015791954917,70,255,255,255
1659,56.63156101599998,-0.5082455277442932,-18.346895217895508,-14.95306396484375,1.8925355672836304,0.24346183240413666,-0.1117638573050499,0.0,0.0,0.0,0.08050613636346962,70,255,255,255
1660,56.66390806499976,-0.4493819773197174,-18.346370697021484,-14.954803466796875,1.891003966331482,0.26204150915145874,-0.0757037028670311,0.0,0.0,0.0,0.08525337913172558,70,255,255,255
1661,56.69681079499969,-0.3901940882205963,-18.34457015991211,-14.956161499023438,1.9064898490905762,0.27811920642852783,-0.07612906396389008,0.0,0.0,0.0,0.08754185842356589,70,255,255,255
1662,56.7332829879997,-0.3305623233318329,-18.34164810180664,-14.957733154296875,1.9181543588638306,0.2645575702190399,-0.0848756805062294,0.0,0.0,0.0,0.09229899649974718,70,255,255,255
1663,56.76640704900001,-0.2704203724861145,-18.338401794433594,-14.958282470703125,1.9132999181747437,0.2854324281215668,-0.08900069445371628,0.0,0.0,0.0,0.09692382540402197,70,255,255,255
1664,56.79947459899995,-0.2091931849718094,-18.335664749145508,-14.956756591796875,1.9184798002243042,0.27107641100883484,-0.0922180637717247,0.0,0.0,0.0,0.09949613108903747,70,255,255,255
1665,56.8371315659997,-0.1327672004699707,-18.332347869873047,-14.955322265625,1.9087382555007935,0.2438066452741623,-0.074155293405056,0.0,0.0,0.0,0.1032721939091472,70,255,255,255
1666,56.86993473099983,-0.07184489816427231,-18.32924461364746,-14.954833984375,1.9062354564666748,0.23767824470996857,-0.0882277861237526,0.0,0.0,0.0,0.10750909178875992,70,255,255,255
1667,56.90367004499967,-0.010751868598163128,-18.328176498413086,-14.955047607421875,1.9050164222717285,0.2515172064304352,-0.09660032391548157,0.0,0.0,0.0,0.10971081028571249,70,255,255,255
1668,56.93869842899994,0.05052759125828743,-18.327835083007812,-14.956283569335938,1.8957959413528442,0.2760814130306244,-0.09330903738737106,0.0,0.0,0.0,0.11436233737991533,70,255,255,255
1669,56.97184391099972,0.12682901322841644,-18.32672119140625,-14.95782470703125,1.9037749767303467,0.2510436773300171,-0.09717200696468353,0.0,0.0,0.0,0.12007349465996867,70,255,255,255
1670,57.007515513999806,0.1724940985441208,-18.325191497802734,-14.95867919921875,1.899613380432129,0.2864260673522949,-0.08187033236026764,0.0,0.0,0.0,0.12192222779918804,70,255,255,255
1671,57.04503306499964,0.2485702782869339,-18.322965621948242,-14.960006713867188,1.8917800188064575,0.310870885848999,-0.11557985842227936,0.0,0.0,0.0,0.12675915251715242,70,255,255,255
1672,57.078589002999706,0.309357225894928,-18.32067108154297,-14.961166381835938,1.8980274200439453,0.3154648244380951,-0.11946921795606613,0.0,0.0,0.0,0.13114512916116075,70,255,255,255
1673,57.11007361899965,0.3701542317867279,-18.3172607421875,-14.962371826171875,1.8928669691085815,0.3461742401123047,-0.0998128205537796,0.0,0.0,0.0,0.13322163747498755,70,255,255,255
1674,57.154904192999766,0.4308253824710846,-18.311843872070312,-14.963729858398438,1.893785834312439,0.3731120228767395,-0.10657632350921631,0.0,0.0,0.0,0.13695612169257843,70,255,255,255
1675,57.18026919099975,0.49174875020980835,-18.30728530883789,-14.96514892578125,1.8860701322555542,0.3904660940170288,-0.11992675065994263,0.0,0.0,0.0,0.14116847687827036,70,255,255,255
1676,57.20883346899973,0.5524194240570068,-18.30185317993164,-14.96673583984375,1.8869916200637817,0.38108816742897034,-0.11379358917474747,0.0,0.0,0.0,0.14340137100473369,70,255,255,255
1677,57.24561021499994,0.6280022859573364,-18.293909072875977,-14.968597412109375,1.8734792470932007,0.40891745686531067,-0.11649453639984131,0.0,0.0,0.0,0.14715880834196968,70,255,255,255
1678,57.27829768999982,0.6879961490631104,-18.287569046020508,-14.970169067382812,1.8845452070236206,0.4049469828605652,-0.138261079788208,0.0,0.0,0.0,0.1513594622636221,70,255,255,255
1679,57.31079860999989,0.7470909357070923,-18.283300399780273,-14.969680786132812,1.873450517654419,0.4450020492076874,-0.13246366381645203,0.0,0.0,0.0,0.1534414883143324,70,255,255,255
1680,57.34744745299986,0.8060436248779297,-18.27730941772461,-14.96881103515625,1.866384506225586,0.46080103516578674,-0.08639077842235565,0.0,0.0,0.0,0.15758839631623567,70,255,255,255
1681,57.38005129599969,0.8647736310958862,-18.269933700561523,-14.96771240234375,1.8617933988571167,0.4706743359565735,-0.07741176337003708,0.0,0.0,0.0,0.16169410854502678,70,255,255,255
1682,57.41295734899995,0.9235343337059021,-18.263425827026367,-14.96478271484375,1.8502964973449707,0.4919492304325104,-0.033085502684116364,0.0,0.0,0.0,0.16404776038216837,70,255,255,255
1683,57.449685360999865,0.9971321225166321,-18.256319046020508,-14.959854125976562,1.8562268018722534,0.47150999307632446,-0.03747612610459328,0.0,0.0,0.0,0.1677498039687307,70,255,255,255
1684,57.48293916299963,1.0560846328735352,-18.249887466430664,-14.956146240234375,1.8529794216156006,0.46582964062690735,-0.002660259371623397,0.0,0.0,0.0,0.1719596457961439,70,255,255,255
1685,57.51568097499967,1.1148711442947388,-18.24243927001953,-14.95196533203125,1.8474000692367554,0.49406471848487854,-0.008756348863244057,0.0,0.0,0.0,0.173669195478893,70,255,255,255
1686,57.5535173559997,1.1735519170761108,-18.237979888916016,-14.948654174804688,1.848642110824585,0.5104759931564331,-0.012084459885954857,0.0,0.0,0.0,0.1776687141592172,70,255,255,255
1687,57.586584153999866,1.2320791482925415,-18.23268699645996,-14.945968627929688,1.847649097442627,0.5542066693305969,-0.029872745275497437,0.0,0.0,0.0,0.1814844580795691,70,255,255,255
1688,57.61755216099982,1.2907012701034546,-18.22533416748047,-14.94378662109375,1.84739351272583,0.5608212351799011,-0.022957973182201385,0.0,0.0,0.0,0.18359672765340865,70,255,255,255
1689,57.654101785999956,1.3639742136001587,-18.214515686035156,-14.941574096679688,1.8525300025939941,0.5488917827606201,-0.02182549424469471,0.0,0.0,0.0,0.18783045470684848,70,255,255,255
1690,57.687529641999845,1.421581745147705,-18.2083797454834,-14.941238403320312,1.860748529434204,0.5735011696815491,-0.030751384794712067,0.0,0.0,0.0,0.1921471558730011,70,255,255,255
1691,57.719824721999885,1.4796315431594849,-18.20067024230957,-14.9412841796875,1.8696835041046143,0.5780670642852783,-0.02681082673370838,0.0,0.0,0.0,0.19407714871498152,70,255,255,255
1692,57.756503692000024,1.5382061004638672,-18.191530227661133,-14.941085815429688,1.8819100856781006,0.5988712310791016,-0.01150162611156702,0.0,0.0,0.0,0.19770550596313274,70,255,255,255
1693,57.78945885799976,1.5978996753692627,-18.182092666625977,-14.94146728515625,1.899612307548523,0.6262022852897644,-0.04426207393407822,0.0,0.0,0.0,0.20167055335209721,70,255,255,255
1694,57.823098834999655,1.6599960327148438,-18.175945281982422,-14.942474365234375,1.9176474809646606,0.594245970249176,-0.04742275923490524,0.0,0.0,0.0,0.2034964831744828,70,255,255,255
1695,57.858375454,1.7381292581558228,-18.167177200317383,-14.94403076171875,1.9379405975341797,0.5807355046272278,-0.047866228967905045,0.0,0.0,0.0,0.20765802191762467,70,255,255,255
1696,57.89161891999993,1.8011207580566406,-18.160072326660156,-14.945602416992188,1.9505600929260254,0.5424378514289856,-0.06882911175489426,0.0,0.0,0.0,0.21177258915704028,70,255,255,255
1697,57.925796224999885,1.8644042015075684,-18.154815673828125,-14.9464111328125,1.9409562349319458,0.5491714477539062,-0.053235944360494614,0.0,0.0,0.0,0.21397508995756306,70,255,255,255
1698,57.96082132799984,1.9279812574386597,-18.151060104370117,-14.946456909179688,1.9616315364837646,0.5230511426925659,-0.07595843821763992,0.0,0.0,0.0,0.21870724425376803,70,255,255,255
1699,57.99347313099997,1.9917590618133545,-18.14618682861328,-14.947357177734375,1.954746127128601,0.5338940620422363,-0.068876251578331,0.0,0.0,0.0,0.22231597733363673,70,255,255,255
1700,58.02770691399974,2.0551273822784424,-18.139942169189453,-14.947845458984375,1.947856068611145,0.535689651966095,-0.057394448667764664,0.0,0.0,0.0,0.22442268755870073,70,255,255,255
1701,58.062838007999744,2.1340651512145996,-18.136903762817383,-14.9471435546875,1.943772315979004,0.4856254756450653,-0.0304091963917017,0.0,0.0,0.0,0.228165144614805,70,255,255,255
1702,58.095448914999906,2.1970531940460205,-18.135765075683594,-14.946441650390625,1.9405430555343628,0.5022324323654175,-0.046526115387678146,0.0,0.0,0.0,0.2321197058069773,70,255,255,255
1703,58.12810875599962,2.259758472442627,-18.133047103881836,-14.946441650390625,1.9284248352050781,0.48960283398628235,-0.0503535270690918,0.0,0.0,0.0,0.23439021708383798,70,255,255,255
1704,58.16462946899992,2.3220255374908447,-18.129558563232422,-14.946578979492188,1.9265143871307373,0.481707364320755,-0.0565887875854969,0.0,0.0,0.0,0.23864222008025848,70,255,255,255
1705,58.197413928999595,2.38226318359375,-18.128698348999023,-14.946151733398438,1.9090362787246704,0.4935615658760071,-0.05275760963559151,0.0,0.0,0.0,0.242599877197198,70,255,255,255
1706,58.23009667799988,2.4419963359832764,-18.126054763793945,-14.945449829101562,1.8897417783737183,0.5197322964668274,-0.03782540187239647,0.0,0.0,0.0,0.24538411224833495,70,255,255,255
1707,58.26823584199974,2.516115188598633,-18.120481491088867,-14.9449462890625,1.8760569095611572,0.5149893760681152,-0.05000634863972664,0.0,0.0,0.0,0.2493012393824348,70,255,255,255
1708,58.2997052869996,2.574751615524292,-18.115501403808594,-14.94512939453125,1.8702985048294067,0.5053454637527466,-0.0650755763053894,0.0,0.0,0.0,0.2529058279178571,70,255,255,255
1709,58.33266839499993,2.6326072216033936,-18.11174774169922,-14.94537353515625,1.8661108016967773,0.5244644284248352,-0.07754162698984146,0.0,0.0,0.0,0.25513760684561393,70,255,255,255
1710,58.370131454999864,2.6905198097229004,-18.106351852416992,-14.945785522460938,1.857923984527588,0.5363155007362366,-0.05483110249042511,0.0,0.0,0.0,0.2588393008922832,70,255,255,255
1711,58.40309284799969,2.748115062713623,-18.09882354736328,-14.94573974609375,1.8524960279464722,0.574958086013794,-0.041506871581077576,0.0,0.0,0.0,0.2633658425075772,70,255,255,255
1712,58.43651849099979,2.807072877883911,-18.089548110961914,-14.94488525390625,1.850824236869812,0.5890474319458008,-0.047391485422849655,0.0,0.0,0.0,0.26555271388145263,70,255,255,255
1713,58.4707832539998,2.882221221923828,-18.076841354370117,-14.943435668945312,1.8515294790267944,0.5980943441390991,-0.028249308466911316,0.0,0.0,0.0,0.2698797680863429,70,255,255,255
1714,58.50376022799992,2.9423158168792725,-18.06516456604004,-14.942214965820312,1.847291111946106,0.6139571666717529,-0.016748793423175812,0.0,0.0,0.0,0.2742549256384228,70,255,255,255
1715,58.538388136999856,3.002634048461914,-18.052614212036133,-14.940765380859375,1.8716890811920166,0.5855233073234558,-0.019410382956266403,0.0,0.0,0.0,0.27634404235553545,70,255,255,255
1716,58.57366732999981,3.0622262954711914,-18.042634963989258,-14.9393310546875,1.8836257457733154,0.6164144277572632,-0.06518524885177612,0.0,0.0,0.0,0.28108699909891205,70,255,255,255
1717,58.60606041799974,3.121856927871704,-18.032434463500977,-14.938491821289062,1.8937962055206299,0.6115149855613708,-0.0509958416223526,0.0,0.0,0.0,0.2862165802535409,70,255,255,255
1718,58.63966449700001,3.181596040725708,-18.02118492126465,-14.937179565429688,1.8892022371292114,0.6106563806533813,-0.02728302590548992,0.0,0.0,0.0,0.28844790977286383,70,255,255,255
1719,58.67560884899967,3.255962371826172,-18.005970001220703,-14.935455322265625,1.8755121231079102,0.6075134873390198,-0.012400672771036625,0.0,0.0,0.0,0.2934576153889255,70,255,255,255
1720,58.70864222499995,3.3135826587677,-17.99860954284668,-14.930923461914062,1.8717830181121826,0.60943204164505,-0.012289569713175297,0.0,0.0,0.0,0.29857527889767627,70,255,255,255
1721,58.7413796779997,3.3714780807495117,-17.989727020263672,-14.926956176757812,1.8800824880599976,0.6068977117538452,-0.01984725147485733,0.0,0.0,0.0,0.30117778649392896,70,255,255,255
1722,58.77768983899978,3.4297356605529785,-17.979829788208008,-14.92364501953125,1.8859885931015015,0.6080413460731506,-0.024756740778684616,0.0,0.0,0.0,0.30573269077483234,70,255,255,255
1723,58.81020635599998,3.4881186485290527,-17.970035552978516,-14.92041015625,1.8792293071746826,0.6338998079299927,-0.028004059568047523,0.0,0.0,0.0,0.31016362490699256,70,255,255,255
1724,58.84344527099984,3.5459744930267334,-17.96199607849121,-14.916488647460938,1.8719555139541626,0.6662431955337524,-0.025702955201268196,0.0,0.0,0.0,0.3127624706567464,70,255,255,255
1725,58.88035098599994,3.618359327316284,-17.949138641357422,-14.912872314453125,1.8746192455291748,0.6682798266410828,-0.05053805187344551,0.0,0.0,0.0,0.31741964032350883,70,255,255,255
1726,58.91304399899991,3.6765317916870117,-17.937891006469727,-14.910614013671875,1.8864611387252808,0.6483521461486816,-0.04992346093058586,0.0,0.0,0.0,0.3220640933960661,70,255,255,255
1727,58.94628030299964,3.734992265701294,-17.92732048034668,-14.909637451171875,1.8927602767944336,0.6421455144882202,-0.06019866466522217,0.0,0.0,0.0,0.32435887272836017,70,255,255,255
1728,58.98342380699978,3.7935473918914795,-17.916955947875977,-14.909637451171875,1.9060314893722534,0.6161031723022461,-0.057377319782972336,0.0,0.0,0.0,0.328991974076771,70,255,255,255
1729,59.01724904499997,3.8523285388946533,-17.905704498291016,-14.909957885742188,1.8988354206085205,0.6266934871673584,-0.06490205973386765,0.0,0.0,0.0,0.33326884433987014,70,255,255,255
1730,59.05641873099967,3.9112772941589355,-17.893360137939453,-14.911117553710938,1.9027704000473022,0.6288529634475708,-0.09065411239862442,0.0,0.0,0.0,0.3351869861149997,70,255,255,255
1731,59.10274573999959,3.983205795288086,-17.87859344482422,-14.912704467773438,1.8925169706344604,0.6651081442832947,-0.10076441615819931,0.0,0.0,0.0,0.33926162258282094,70,255,255,255
1732,59.123140229,4.039425373077393,-17.865631103515625,-14.91412353515625,1.8806326389312744,0.6774962544441223,-0.09774035215377808,0.0,0.0,0.0,0.34328173082732283,70,255,255,255
1733,59.15659223099965,4.095861911773682,-17.85142707824707,-14.915817260742188,1.8794184923171997,0.6830698251724243,-0.105310820043087,0.0,0.0,0.0,0.344888915255672,70,255,255,255
1734,59.194895123999686,4.152435779571533,-17.835939407348633,-14.917739868164062,1.878777027130127,0.6981213092803955,-0.11203822493553162,0.0,0.0,0.0,0.3491316970568181,70,255,255,255
1735,59.22792790099993,4.207738876342773,-17.820165634155273,-14.919326782226562,1.8888545036315918,0.6811531186103821,-0.1425134390592575,0.0,0.0,0.0,0.3535351673402369,70,255,255,255
1736,59.25876847099971,4.264019966125488,-17.804311752319336,-14.922149658203125,1.896284580230713,0.6842115521430969,-0.16857194900512695,0.0,0.0,0.0,0.3556193572093329,70,255,255,255
1737,59.295536016999904,4.334845542907715,-17.782804489135742,-14.92572021484375,1.8888781070709229,0.6990798115730286,-0.1305444985628128,0.0,0.0,0.0,0.359768861793299,70,255,255,255
1738,59.325487277999855,4.391343116760254,-17.765512466430664,-14.92718505859375,1.8848519325256348,0.7129489779472351,-0.1381739377975464,0.0,0.0,0.0,0.3643823556181841,70,255,255,255
1739,59.35763567699996,4.4471235275268555,-17.750629425048828,-14.925613403320312,1.8821685314178467,0.6760411858558655,-0.11553622782230377,0.0,0.0,0.0,0.36600009282235274,70,255,255,255
1740,59.39440529199965,4.503233432769775,-17.736351013183594,-14.923583984375,1.8712413311004639,0.6449694037437439,-0.08144780993461609,0.0,0.0,0.0,0.36977342590234513,70,255,255,255
1741,59.42778430899989,4.5594048500061035,-17.721435546875,-14.92205810546875,1.8706939220428467,0.6553968191146851,-0.08788858354091644,0.0,0.0,0.0,0.373548323589478,70,255,255,255
1742,59.460323420999885,4.614316940307617,-17.706043243408203,-14.919601440429688,1.8747758865356445,0.6198001503944397,-0.08012004941701889,0.0,0.0,0.0,0.37565182137647707,70,255,255,255
1743,59.498632016999636,4.680844783782959,-17.68553352355957,-14.915863037109375,1.8494598865509033,0.647006094455719,-0.08798125386238098,0.0,0.0,0.0,0.37918600259058033,70,255,255,255
1744,59.53013598999996,4.734480857849121,-17.668394088745117,-14.913894653320312,1.8536953926086426,0.6478575468063354,-0.09714491665363312,0.0,0.0,0.0,0.38367123191946456,70,255,255,255
1745,59.56322048799984,4.788599967956543,-17.65059471130371,-14.912521362304688,1.8512392044067383,0.6592320203781128,-0.09314680099487305,0.0,0.0,0.0,0.38557991947272435,70,255,255,255
1746,59.59962278199964,4.841966152191162,-17.63243865966797,-14.911422729492188,1.8478935956954956,0.6564309000968933,-0.07416611909866333,0.0,0.0,0.0,0.3891115373942784,70,255,255,255
1747,59.63198493899972,4.895497798919678,-17.614177703857422,-14.910675048828125,1.841512680053711,0.6657999753952026,-0.09105205535888672,0.0,0.0,0.0,0.39267681101410834,70,255,255,255
1748,59.66432191900003,4.949296951293945,-17.594457626342773,-14.91064453125,1.8422776460647583,0.6948866248130798,-0.08860059827566147,0.0,0.0,0.0,0.39481962371669976,70,255,255,255
1749,59.70194736099984,5.0176100730896,-17.569202423095703,-14.911361694335938,1.8577080965042114,0.6779305934906006,-0.09823418408632278,0.0,0.0,0.0,0.3984514763637817,70,255,255,255
1750,59.73502640599963,5.0708699226379395,-17.55069923400879,-14.90985107421875,1.8636560440063477,0.6948153972625732,-0.08352991938591003,0.0,0.0,0.0,0.4031782876930497,70,255,255,255
1751,59.7676335189999,5.124435901641846,-17.53079605102539,-14.908660888671875,1.844337821006775,0.7344002723693848,-0.06912922114133835,0.0,0.0,0.0,0.40559976691420424,70,255,255,255
1752,59.80350046299964,5.177873611450195,-17.50900650024414,-14.907562255859375,1.8435139656066895,0.7475757598876953,-0.06850035488605499,0.0,0.0,0.0,0.4095104858169311,70,255,255,255
1753,59.8365868259998,5.232038974761963,-17.487192153930664,-14.905899047851562,1.8624160289764404,0.734798014163971,-0.04670348018407822,0.0,0.0,0.0,0.41436023532001987,70,255,255,255
1754,59.87007619199994,5.286376476287842,-17.46506690979004,-14.902145385742188,1.8755923509597778,0.7385540008544922,-0.03982014209032059,0.0,0.0,0.0,0.4163837051162621,70,255,255,255
1755,59.905955811999775,5.355569839477539,-17.43758201599121,-14.898681640625,1.8891464471817017,0.7167025208473206,-0.05711216852068901,0.0,0.0,0.0,0.4203339719611766,70,255,255,255
1756,59.93926034499964,5.411598205566406,-17.415660858154297,-14.896408081054688,1.8892570734024048,0.7252636551856995,-0.04449537768959999,0.0,0.0,0.0,0.42422105530922904,70,255,255,255
1757,59.97229358300001,5.466776371002197,-17.392719268798828,-14.89434814453125,1.9047356843948364,0.7275508046150208,-0.05418027192354202,0.0,0.0,0.0,0.42650072120233684,70,255,255,255
1758,60.00700156499988,5.521446228027344,-17.368453979492188,-14.892929077148438,1.910278081893921,0.7411491274833679,-0.05418090522289276,0.0,0.0,0.0,0.4311308930735486,70,255,255,255
1759,60.03959161499961,5.576719284057617,-17.34356117248535,-14.891891479492188,1.9075461626052856,0.7712827920913696,-0.058466311544179916,0.0,0.0,0.0,0.43519644150415,70,255,255,255
1760,60.073413161999724,5.632566452026367,-17.317598342895508,-14.891525268554688,1.9211735725402832,0.7896119952201843,-0.07541369646787643,0.0,0.0,0.0,0.4373438148701081,70,255,255,255
1761,60.109275621999586,5.700732231140137,-17.282943725585938,-14.891845703125,1.9241735935211182,0.8045016527175903,-0.10599112510681152,0.0,0.0,0.0,0.4419248514192079,70,255,255,255
1762,60.142001004999656,5.754629611968994,-17.253223419189453,-14.893295288085938,1.9265245199203491,0.8585611581802368,-0.13259081542491913,0.0,0.0,0.0,0.446260644121425,70,255,255,255
1763,60.175780287999714,5.809460639953613,-17.222427368164062,-14.89569091796875,1.9211859703063965,0.8988581895828247,-0.12847347557544708,0.0,0.0,0.0,0.4483269575217039,70,255,255,255
1764,60.21129870799996,5.864552021026611,-17.19019317626953,-14.897476196289062,1.9228624105453491,0.9124022126197815,-0.10152793675661087,0.0,0.0,0.0,0.45335157683987004,70,255,255,255
1765,60.244673625999894,5.91704797744751,-17.156126022338867,-14.899642944335938,1.904599666595459,0.9335607290267944,-0.07843711227178574,0.0,0.0,0.0,0.45789739308355354,70,255,255,255
1766,60.28233567500001,5.970160961151123,-17.122005462646484,-14.901138305664062,1.916684627532959,0.9302223324775696,-0.06672254204750061,0.0,0.0,0.0,0.46045412759857046,70,255,255,255
1767,60.31854129699968,6.037744998931885,-17.07901954650879,-14.902984619140625,1.901292324066162,0.9791460633277893,-0.046065691858530045,0.0,0.0,0.0,0.46506192891662557,70,255,255,255
1768,60.35096147299964,6.0916876792907715,-17.043611526489258,-14.9044189453125,1.8959274291992188,0.9934398531913757,-0.043848782777786255,0.0,0.0,0.0,0.46950744385575394,70,255,255,255
1769,60.3794508889996,6.145115375518799,-17.008359909057617,-14.906097412109375,1.8962886333465576,1.0030683279037476,-0.018952088430523872,0.0,0.0,0.0,0.47188005407090555,70,255,255,255
1770,60.41745291899997,6.19904899597168,-16.972780227661133,-14.907958984375,1.8890372514724731,1.0197734832763672,-0.049914270639419556,0.0,0.0,0.0,0.47566071084389566,70,255,255,255
1771,60.44923237499961,6.253761291503906,-16.937423706054688,-14.90997314453125,1.9007749557495117,1.0028570890426636,-0.02974429912865162,0.0,0.0,0.0,0.4795791529137838,70,255,255,255
1772,60.48202562099959,6.308154582977295,-16.902631759643555,-14.909576416015625,1.9162298440933228,0.978054404258728,-0.016505852341651917,0.0,0.0,0.0,0.48180665413903967,70,255,255,255
1773,60.51946509499976,6.375760555267334,-16.859439849853516,-14.906646728515625,1.9200173616409302,0.9737913012504578,0.009216614998877048,0.0,0.0,0.0,0.48669468658279835,70,255,255,255
1774,60.55329568399975,6.430607795715332,-16.82525634765625,-14.903717041015625,1.9150618314743042,0.980320155620575,0.025836223736405373,0.0,0.0,0.0,0.49086969093420196,70,255,255,255
1775,60.58624241999996,6.48590612411499,-16.790407180786133,-14.901382446289062,1.918334722518921,0.9996840357780457,-0.0011637359857559204,0.0,0.0,0.0,0.4935143097651915,70,255,255,255
1776,60.62055553099981,6.539707183837891,-16.75712776184082,-14.900650024414062,1.9264684915542603,0.9995584487915039,-0.01592298597097397,0.0,0.0,0.0,0.498030398473207,70,255,255,255
1777,60.65306002599982,6.5936784744262695,-16.724634170532227,-14.900314331054688,1.9274057149887085,0.9863633513450623,-0.008660711348056793,0.0,0.0,0.0,0.5023200851990521,70,255,255,255
1778,60.687770239999736,6.648179054260254,-16.692501068115234,-14.900054931640625,1.9227638244628906,0.9608315229415894,-0.0033225477673113346,0.0,0.0,0.0,0.5044507805186836,70,255,255,255
1779,60.72424155999988,6.717143535614014,-16.652767181396484,-14.900222778320312,1.9241827726364136,0.9627960920333862,-0.0329650342464447,0.0,0.0,0.0,0.5091380106162503,70,255,255,255
1780,60.75655486799997,6.771549224853516,-16.62160873413086,-14.900558471679688,1.9203367233276367,0.9742510914802551,-0.035395994782447815,0.0,0.0,0.0,0.513430327213672,70,255,255,255
1781,60.78901770699986,6.826587677001953,-16.590341567993164,-14.900802612304688,1.9195204973220825,0.9577221870422363,-0.024361664429306984,0.0,0.0,0.0,0.5157759396332728,70,255,255,255
1782,60.82503592399962,6.882699012756348,-16.56052589416504,-14.900894165039062,1.9402697086334229,0.8995534777641296,-0.01998344250023365,0.0,0.0,0.0,0.5205248219100749,70,255,255,255
1783,60.85743559000002,6.938986778259277,-16.53154945373535,-14.901779174804688,1.9440358877182007,0.911601722240448,-0.04066038131713867,0.0,0.0,0.0,0.5251735027508627,70,255,255,255
1784,60.89072899299981,6.993581295013428,-16.50225830078125,-14.905059814453125,1.954609990119934,0.8983864188194275,-0.06069805100560188,0.0,0.0,0.0,0.5274329951987132,70,255,255,255
1785,60.9274485359997,7.063599586486816,-16.466453552246094,-14.909393310546875,1.963840365409851,0.8764098882675171,-0.05031715705990791,0.0,0.0,0.0,0.5327936721569337,70,255,255,255
1786,60.96031939999966,7.120508670806885,-16.438339233398438,-14.911880493164062,1.968514084815979,0.855857253074646,-0.02660479210317135,0.0,0.0,0.0,0.5379215888358813,70,255,255,255
1787,60.99371969899994,7.176347732543945,-16.410324096679688,-14.913162231445312,1.9634696245193481,0.8659119606018066,-0.037159159779548645,0.0,0.0,0.0,0.539865529984071,70,255,255,255
1788,61.02950849999979,7.231452465057373,-16.38238525390625,-14.9136962890625,1.970210313796997,0.8513122797012329,-0.03581959754228592,0.0,0.0,0.0,0.544555756137864,70,255,255,255
1789,61.06212889599965,7.287477970123291,-16.35462760925293,-14.914276123046875,1.9789915084838867,0.8418884873390198,-0.031628385186195374,0.0,0.0,0.0,0.5491145552918617,70,255,255,255
1790,61.09522668999989,7.34466028213501,-16.32718276977539,-14.914794921875,1.9823884963989258,0.8475508689880371,-0.02124924026429653,0.0,0.0,0.0,0.5511197824346369,70,255,255,255
1791,61.15085366999983,7.414032459259033,-16.294273376464844,-14.91363525390625,1.9706510305404663,0.8469083309173584,-0.0056190937757492065,0.0,0.0,0.0,0.5562341502815387,70,255,255,255
1792,61.17714107899974,7.468656063079834,-16.26835823059082,-14.911697387695312,1.975757360458374,0.837039589881897,0.011323613114655018,0.0,0.0,0.0,0.5598830804491107,70,255,255,255
1793,61.20681871099987,7.5240983963012695,-16.24230194091797,-14.909957885742188,1.9662857055664062,0.8465525507926941,-0.004225615877658129,0.0,0.0,0.0,0.5626043650299809,70,255,255,255
1794,61.24336463899999,7.580122947692871,-16.216041564941406,-14.9088134765625,1.9622007608413696,0.834829568862915,-0.010561792179942131,0.0,0.0,0.0,0.56669431467407,70,255,255,255
1795,61.27731916699986,7.63386869430542,-16.189714431762695,-14.907882690429688,1.9618010520935059,0.8407728672027588,-0.022519735619425774,0.0,0.0,0.0,0.5709037070930494,70,255,255,255
1796,61.30913413299959,7.688756465911865,-16.163307189941406,-14.908432006835938,1.970521092414856,0.834389865398407,-0.06274732947349548,0.0,0.0,0.0,0.5731769148205137,70,255,255,255
1797,61.34560401299996,7.758473873138428,-16.13031768798828,-14.910110473632812,1.9619121551513672,0.846071183681488,-0.08077928423881531,0.0,0.0,0.0,0.5772305123157233,70,255,255,255
1798,61.3785863449998,7.814386367797852,-16.103477478027344,-14.91162109375,1.9526004791259766,0.8573631644248962,-0.08229240775108337,0.0,0.0,0.0,0.5823883229779071,70,255,255,255
1799,61.411186730999816,7.8703203201293945,-16.077686309814453,-14.911041259765625,1.9467610120773315,0.8634974956512451,-0.06628639996051788,0.0,0.0,0.0,0.5838854189846951,70,255,255,255
1800,61.4479921989996,7.926723003387451,-16.05139923095703,-14.91046142578125,1.9503906965255737,0.8657093048095703,-0.06147059053182602,0.0,0.0,0.0,0.5877984015743485,70,255,255,255
1801,61.48161810800002,7.9837327003479,-16.02466583251953,-14.910537719726562,1.9480088949203491,0.8753841519355774,-0.08441033214330673,0.0,0.0,0.0,0.5919529994538993,70,255,255,255
1802,61.51332970999965,8.039929389953613,-15.997443199157715,-14.910858154296875,1.945738673210144,0.8766674995422363,-0.08988913148641586,0.0,0.0,0.0,0.5943045041174121,70,255,255,255
1803,61.55223648399988,8.109013557434082,-15.962586402893066,-14.9110107421875,1.9343446493148804,0.8929866552352905,-0.07013863325119019,0.0,0.0,0.0,0.5984172237888215,70,255,255,255
1804,61.58312202599973,8.165284156799316,-15.934420585632324,-14.911178588867188,1.9449890851974487,0.8949357867240906,-0.08960530161857605,0.0,0.0,0.0,0.6019661522574611,70,255,255,255
1805,61.615752482999596,8.222270965576172,-15.90595531463623,-14.912261962890625,1.9424744844436646,0.9009864330291748,-0.10083124041557312,0.0,0.0,0.0,0.6037720417926438,70,255,255,255
1806,61.652175016,8.278066635131836,-15.876070976257324,-14.914352416992188,1.9225085973739624,0.9193838238716125,-0.10390225052833557,0.0,0.0,0.0,0.6066975908291231,70,255,255,255
1807,61.68451493099974,8.333575248718262,-15.845943450927734,-14.9163818359375,1.9160257577896118,0.9121193885803223,-0.09770207852125168,0.0,0.0,0.0,0.6104044447504043,70,255,255,255
1808,61.71699886499982,8.389554977416992,-15.815726280212402,-14.918563842773438,1.9138048887252808,0.9216570854187012,-0.11892778426408768,0.0,0.0,0.0,0.612028240646053,70,255,255,255
1809,61.75537938999969,8.460453033447266,-15.778038024902344,-14.9227294921875,1.9216746091842651,0.9079603552818298,-0.13775357604026794,0.0,0.0,0.0,0.6160659257537493,70,255,255,255
1810,61.788862242999585,8.517436027526855,-15.749584197998047,-14.927352905273438,1.9148445129394531,0.9195287227630615,-0.1463586539030075,0.0,0.0,0.0,0.6198687200533007,70,255,255,255
1811,61.82035035099989,8.574847221374512,-15.72111988067627,-14.931716918945312,1.9230748414993286,0.9109168648719788,-0.15003085136413574,0.0,0.0,0.0,0.6218231473982826,70,255,255,255
1812,61.856122649999634,8.632926940917969,-15.692337036132812,-14.93682861328125,1.9226750135421753,0.9195692539215088,-0.157270148396492,0.0,0.0,0.0,0.6260557758977728,70,255,255,255
1813,61.88961950699968,8.690634727478027,-15.663869857788086,-14.941650390625,1.9405553340911865,0.9064412713050842,-0.16746513545513153,0.0,0.0,0.0,0.6302166322058853,70,255,255,255
1814,61.922607224999865,8.746306419372559,-15.636183738708496,-14.946044921875,1.934022068977356,0.9187963604927063,-0.15822142362594604,0.0,0.0,0.0,0.6320998199917076,70,255,255,255
1815,61.95857872799979,8.815709114074707,-15.600248336791992,-14.951309204101562,1.900421142578125,0.9469072222709656,-0.14706340432167053,0.0,0.0,0.0,0.6357829717792872,70,255,255,255
1816,61.992146282999784,8.87157154083252,-15.571064949035645,-14.955429077148438,1.9040253162384033,0.9340811967849731,-0.14345338940620422,0.0,0.0,0.0,0.6393326326172266,70,255,255,255
1817,62.02492422299974,8.927224159240723,-15.542311668395996,-14.957656860351562,1.9060018062591553,0.9258695840835571,-0.15270785987377167,0.0,0.0,0.0,0.6412040359152252,70,255,255,255
1818,62.060719504999724,8.982564926147461,-15.513447761535645,-14.958282470703125,1.9122041463851929,0.9106026887893677,-0.1262279748916626,0.0,0.0,0.0,0.6456082385679438,70,255,255,255
1819,62.093371725,9.038543701171875,-15.484890937805176,-14.958724975585938,1.9006775617599487,0.9217142462730408,-0.11815869063138962,0.0,0.0,0.0,0.6496323415540808,70,255,255,255
1820,62.127152072999706,9.094585418701172,-15.455327987670898,-14.959304809570312,1.8864696025848389,0.9490103125572205,-0.11762689054012299,0.0,0.0,0.0,0.6521182692736153,70,255,255,255
1821,62.16293276499982,9.162779808044434,-15.41633415222168,-14.957794189453125,1.8776847124099731,0.9638946652412415,-0.10130303353071213,0.0,0.0,0.0,0.6558952974896202,70,255,255,255
1822,62.195628245999615,9.21655559539795,-15.3840970993042,-14.955398559570312,1.8835369348526,0.9502208828926086,-0.08907472342252731,0.0,0.0,0.0,0.6603744681270244,70,255,255,255
1823,62.22825166699977,9.271708488464355,-15.35306167602539,-14.95318603515625,1.9095227718353271,0.9240099787712097,-0.08063741028308868,0.0,0.0,0.0,0.662746545709958,70,255,255,255
1824,62.26562754199995,9.327133178710938,-15.321680068969727,-14.951461791992188,1.8724409341812134,0.9644882082939148,-0.08700259029865265,0.0,0.0,0.0,0.6671231180663669,70,255,255,255
1825,62.29819332699981,9.380711555480957,-15.289261817932129,-14.947998046875,1.8601523637771606,0.9855015277862549,-0.07446298748254776,0.0,0.0,0.0,0.6710203214265617,70,255,255,255
1826,62.33045391199994,9.434379577636719,-15.256057739257812,-14.94451904296875,1.8301225900650024,1.0233360528945923,-0.06825034320354462,0.0,0.0,0.0,0.6732433951465053,70,255,255,255
1827,62.36950094699978,9.501652717590332,-15.213932991027832,-14.9407958984375,1.8324558734893799,1.010911226272583,-0.05472709983587265,0.0,0.0,0.0,0.6771914648835206,70,255,255,255
1828,62.40804870299962,9.55529499053955,-15.180519104003906,-14.936508178710938,1.8287245035171509,1.0235999822616577,-0.06631876528263092,0.0,0.0,0.0,0.6813435327600358,70,255,255,255
1829,62.444493722999596,9.607510566711426,-15.147363662719727,-14.928497314453125,1.8303416967391968,1.02141273021698,-0.07001926004886627,0.0,0.0,0.0,0.683676927928136,70,255,255,255
1830,62.475078825999844,9.660594940185547,-15.11429214477539,-14.921783447265625,1.8256399631500244,1.0297491550445557,-0.07913484424352646,0.0,0.0,0.0,0.6886272783414026,70,255,255,255
1831,62.509304612999586,9.714009284973145,-15.081094741821289,-14.916305541992188,1.8312132358551025,1.0144810676574707,-0.07411497086286545,0.0,0.0,0.0,0.6914172724783968,70,255,255,255
1832,62.54133263699987,9.768077850341797,-15.047962188720703,-14.910888671875,1.8449037075042725,1.009412169456482,-0.08440476655960083,0.0,0.0,0.0,0.6953981656758472,70,255,255,255
1833,62.579654108999875,9.836427688598633,-15.006453514099121,-14.905563354492188,1.839313268661499,1.0168887376785278,-0.0927886962890625,0.0,0.0,0.0,0.7004210206497912,70,255,255,255
1834,62.609866150000016,9.891125679016113,-14.972735404968262,-14.902313232421875,1.8237614631652832,1.0260546207427979,-0.09126915782690048,0.0,0.0,0.0,0.7024420936010524,70,255,255,255
1835,62.639592126000025,9.946324348449707,-14.939252853393555,-14.899185180664062,1.8300718069076538,1.0168333053588867,-0.08994145691394806,0.0,0.0,0.0,0.7068805844528057,70,255,255,255
1836,62.67612156699988,9.999794960021973,-14.904375076293945,-14.89447021484375,1.826082706451416,1.0156348943710327,-0.08182818442583084,0.0,0.0,0.0,0.7113366521677534,70,255,255,255
1837,62.708938382999804,10.053150177001953,-14.86945629119873,-14.889450073242188,1.8238191604614258,1.0146384239196777,-0.08047015964984894,0.0,0.0,0.0,0.7155507051186404,70,255,255,255
1838,62.741667550999864,10.106996536254883,-14.835203170776367,-14.885589599609375,1.8225024938583374,0.976300060749054,-0.09773014485836029,0.0,0.0,0.0,0.7169336180936913,70,255,255,255
1839,62.77836789699995,10.174660682678223,-14.794013023376465,-14.882080078125,1.7972348928451538,0.9563826322555542,-0.09662585705518723,0.0,0.0,0.0,0.7191037614869695,70,255,255,255
1840,62.81117035099987,10.222999572753906,-14.762751579284668,-14.87713623046875,1.7625590562820435,0.9250209927558899,-0.09707770496606827,0.0,0.0,0.0,0.7215719126062278,70,255,255,255
1841,62.84371689999989,10.271910667419434,-14.733122825622559,-14.873001098632812,1.7746105194091797,0.8717415928840637,-0.08804067969322205,0.0,0.0,0.0,0.7242676308406332,70,255,255,255
1842,62.88379485299993,10.321650505065918,-14.705121040344238,-14.869338989257812,1.7565842866897583,0.8251402378082275,-0.08948001265525818,0.0,0.0,0.0,0.7316117635997175,70,255,255,255
1843,62.91604635099975,10.37144660949707,-14.678801536560059,-14.866256713867188,1.7429567575454712,0.8050507307052612,-0.10937252640724182,0.0,0.0,0.0,0.7403091150876983,70,255,255,255
1844,62.962852258999646,10.420842170715332,-14.65456771850586,-14.8626708984375,1.728147029876709,0.7859653234481812,-0.11158395558595657,0.0,0.0,0.0,0.7487844255197936,70,255,255,255
1845,62.99736636699981,10.482769012451172,-14.624519348144531,-14.8597412109375,1.7105814218521118,0.7713548541069031,-0.12954027950763702,0.0,0.0,0.0,0.7529763742336328,70,255,255,255
1846,63.02057808099971,10.532157897949219,-14.600093841552734,-14.858566284179688,1.673028588294983,0.8105679750442505,-0.14674043655395508,0.0,0.0,0.0,0.7612331722982874,70,255,255,255
1847,63.05592658999967,10.580543518066406,-14.574907302856445,-14.858749389648438,1.6926283836364746,0.8063048124313354,-0.16273213922977448,0.0,0.0,0.0,0.7651954233681072,70,255,255,255
1848,63.0961607309996,10.628535270690918,-14.549463272094727,-14.859832763671875,1.67112398147583,0.8411971926689148,-0.16655103862285614,0.0,0.0,0.0,0.7714587787778101,70,255,255,255
1849,63.12790878599981,10.676429748535156,-14.5230131149292,-14.861312866210938,1.6481029987335205,0.8631547093391418,-0.15931884944438934,0.0,0.0,0.0,0.7772636710058558,70,255,255,255
1850,63.16130495799962,10.723991394042969,-14.495024681091309,-14.862762451171875,1.626725673675537,0.9161630272865295,-0.14169970154762268,0.0,0.0,0.0,0.7794760920814391,70,255,255,255
1851,63.19539994299976,10.782073974609375,-14.457894325256348,-14.864837646484375,1.6029844284057617,0.9680560827255249,-0.10783696174621582,0.0,0.0,0.0,0.7845611318668364,70,255,255,255
1852,63.22532446599962,10.828177452087402,-14.427338600158691,-14.866195678710938,1.6078927516937256,0.9844008088111877,-0.07878441363573074,0.0,0.0,0.0,0.7891735271377719,70,255,255,255
1853,63.258938962999764,10.874905586242676,-14.39554214477539,-14.867111206054688,1.5942658185958862,1.0387897491455078,-0.08165187388658524,0.0,0.0,0.0,0.7910583793992755,70,255,255,255
1854,63.29182488499964,10.92181396484375,-14.362444877624512,-14.867996215820312,1.5971431732177734,1.0730359554290771,-0.07367436587810516,0.0,0.0,0.0,0.7952696360310177,70,255,255,255
1855,63.324454474999584,10.968061447143555,-14.329224586486816,-14.8704833984375,1.5902296304702759,1.121523141860962,-0.10968244075775146,0.0,0.0,0.0,0.7992707026737256,70,255,255,255
1856,63.35783030699986,11.014717102050781,-14.294468879699707,-14.873703002929688,1.5904146432876587,1.1508508920669556,-0.12171995639801025,0.0,0.0,0.0,0.8012917090459595,70,255,255,255
1857,63.39313715399976,11.074015617370605,-14.249870300292969,-14.877731323242188,1.5978467464447021,1.1785343885421753,-0.10755525529384613,0.0,0.0,0.0,0.8059714157134467,70,255,255,255
1858,63.426692656999876,11.121602058410645,-14.214062690734863,-14.880889892578125,1.6037706136703491,1.1880239248275757,-0.12712320685386658,0.0,0.0,0.0,0.810125880434943,70,255,255,255
1859,63.45887306299983,11.169046401977539,-14.180776596069336,-14.883087158203125,1.6283595561981201,1.1591105461120605,-0.11098545789718628,0.0,0.0,0.0,0.8112975381565234,70,255,255,255
1860,63.49555551499998,11.217301368713379,-14.14775276184082,-14.884902954101562,1.6267848014831543,1.145912528038025,-0.09110094606876373,0.0,0.0,0.0,0.8152564602749807,70,255,255,255
1861,63.529258735999974,11.26583194732666,-14.114823341369629,-14.886627197265625,1.6249525547027588,1.1273764371871948,-0.08229056745767593,0.0,0.0,0.0,0.8185918032241959,70,255,255,255
1862,63.56122455199966,11.314830780029297,-14.082377433776855,-14.885787963867188,1.6155554056167603,1.1231350898742676,-0.07385668158531189,0.0,0.0,0.0,0.8203036831728988,70,255,255,255
1863,63.59823250299996,11.376535415649414,-14.042730331420898,-14.882247924804688,1.6030491590499878,1.1079288721084595,-0.07493419200181961,0.0,0.0,0.0,0.824880858138418,70,255,255,255
1864,63.63112450999961,11.426219940185547,-14.010766983032227,-14.879913330078125,1.6213510036468506,1.0987327098846436,-0.06194588914513588,0.0,0.0,0.0,0.8286548902981966,70,255,255,255
1865,63.66293648599958,11.476615905761719,-13.978630065917969,-14.878204345703125,1.6183305978775024,1.101698398590088,-0.08762507885694504,0.0,0.0,0.0,0.8302525872151624,70,255,255,255
1866,63.69976475199974,11.525689125061035,-13.946976661682129,-14.874893188476562,1.6013494729995728,1.1313450336456299,-0.09975486993789673,0.0,0.0,0.0,0.8341769548184759,70,255,255,255
1867,63.733681402,11.574357032775879,-13.914643287658691,-14.871856689453125,1.595404863357544,1.1491628885269165,-0.10954849421977997,0.0,0.0,0.0,0.8379165656211651,70,255,255,255
1868,63.765260893999766,11.623270034790039,-13.881478309631348,-14.869873046875,1.592930793762207,1.1591994762420654,-0.1211247369647026,0.0,0.0,0.0,0.8395596028556895,70,255,255,255
1869,63.80285075599977,11.684530258178711,-13.83879566192627,-14.86846923828125,1.5740617513656616,1.1810663938522339,-0.11979813128709793,0.0,0.0,0.0,0.8425878167521914,70,255,255,255
1870,63.83636333300001,11.734808921813965,-13.802139282226562,-14.866912841796875,1.5627130270004272,1.2029776573181152,-0.13246549665927887,0.0,0.0,0.0,0.8465463393964852,70,255,255,255
1871,63.86928941899987,11.78510856628418,-13.764564514160156,-14.866363525390625,1.5484248399734497,1.2344379425048828,-0.14255063235759735,0.0,0.0,0.0,0.8480594143698137,70,255,255,255
1872,63.90430835899997,11.835119247436523,-13.726316452026367,-14.8662109375,1.549600601196289,1.242011547088623,-0.1182451918721199,0.0,0.0,0.0,0.852314812896624,70,255,255,255
1873,63.93832179099991,11.88485050201416,-13.687644004821777,-14.86676025390625,1.5595580339431763,1.2534916400909424,-0.14000354707241058,0.0,0.0,0.0,0.855984049667508,70,255,255,255
1874,63.969977970999935,11.93294620513916,-13.648736000061035,-14.86907958984375,1.5384972095489502,1.2802520990371704,-0.11931976675987244,0.0,0.0,0.0,0.8574245535011318,70,255,255,255
1875,64.00630353999986,11.991975784301758,-13.598151206970215,-14.871994018554688,1.5072020292282104,1.3260750770568848,-0.13678894937038422,0.0,0.0,0.0,0.8603680788749691,70,255,255,255
1876,64.039192533,12.039283752441406,-13.557147026062012,-14.874755859375,1.5183684825897217,1.3119621276855469,-0.1365368664264679,0.0,0.0,0.0,0.8634472257273188,70,255,255,255
1877,64.07226243299965,12.086628913879395,-13.515094757080078,-14.875839233398438,1.492035984992981,1.3308699131011963,-0.12947840988636017,0.0,0.0,0.0,0.8645672181237516,70,255,255,255
1878,64.10863427499999,12.134247779846191,-13.472187042236328,-14.8756103515625,1.488290548324585,1.3339489698410034,-0.11962128430604935,0.0,0.0,0.0,0.8670633324344557,70,255,255,255
1879,64.14130194699965,12.181711196899414,-13.428683280944824,-14.876068115234375,1.4857171773910522,1.3597867488861084,-0.13025954365730286,0.0,0.0,0.0,0.8701244363704199,70,255,255,255
1880,64.17464183099992,12.228787422180176,-13.38437557220459,-14.876968383789062,1.467713713645935,1.3753764629364014,-0.12395820766687393,0.0,0.0,0.0,0.8713285846572992,70,255,255,255
1881,64.21069331099989,12.286835670471191,-13.327414512634277,-14.874359130859375,1.4528837203979492,1.399963617324829,-0.10230230540037155,0.0,0.0,0.0,0.8751390355449846,70,255,255,255
1882,64.24357006499986,12.332850456237793,-13.28090763092041,-14.870834350585938,1.437637448310852,1.416943907737732,-0.10068546235561371,0.0,0.0,0.0,0.8783707815277958,70,255,255,255
1883,64.27785095699983,12.378637313842773,-13.233803749084473,-14.867889404296875,1.4335893392562866,1.435248851776123,-0.08682454377412796,0.0,0.0,0.0,0.8801951134535273,70,255,255,255
1884,64.31401073400002,12.424309730529785,-13.186386108398438,-14.864883422851562,1.4279104471206665,1.4369560480117798,-0.06741489470005035,0.0,0.0,0.0,0.883234113152444,70,255,255,255
1885,64.34681898600002,12.46975326538086,-13.136086463928223,-14.859115600585938,1.4522737264633179,1.433643102645874,-0.08592389523983002,0.0,0.0,0.0,0.8872927706537248,70,255,255,255
1886,64.37970421399996,12.516202926635742,-13.086169242858887,-14.854965209960938,1.4504021406173706,1.448829174041748,-0.09496568143367767,0.0,0.0,0.0,0.8889020523214324,70,255,255,255
1887,64.41967250599964,12.574141502380371,-13.023545265197754,-14.851043701171875,1.4433587789535522,1.4656546115875244,-0.10209182649850845,0.0,0.0,0.0,0.8926136999326758,70,255,255,255
1888,64.45161011499977,12.61945629119873,-12.973533630371094,-14.8470458984375,1.411494493484497,1.4887272119522095,-0.09256723523139954,0.0,0.0,0.0,0.8957805313639163,70,255,255,255
1889,64.48225186399986,12.66284465789795,-12.924103736877441,-14.84088134765625,1.3954354524612427,1.5125473737716675,-0.10971258580684662,0.0,0.0,0.0,0.8973107837262758,70,255,255,255
1890,64.51943105499959,12.705985069274902,-12.87401008605957,-14.835540771484375,1.379323959350586,1.5325371026992798,-0.09184931963682175,0.0,0.0,0.0,0.9017517380020375,70,255,255,255
1891,64.55307790799998,12.748626708984375,-12.823259353637695,-14.830780029296875,1.3762600421905518,1.5421029329299927,-0.08228575438261032,0.0,0.0,0.0,0.906009533373829,70,255,255,255
1892,64.58630018199983,12.790726661682129,-12.771089553833008,-14.8270263671875,1.3887085914611816,1.543249249458313,-0.09645595401525497,0.0,0.0,0.0,0.9081636312215395,70,255,255,255
1893,64.62186905499993,12.841851234436035,-12.703761100769043,-14.823776245117188,1.3740358352661133,1.5655981302261353,-0.094850093126297,0.0,0.0,0.0,0.9123514520356891,70,255,255,255
1894,64.65414499299959,12.88349723815918,-12.650437355041504,-14.821975708007812,1.3901300430297852,1.547532558441162,-0.10885526239871979,0.0,0.0,0.0,0.9165559176066517,70,255,255,255
1895,64.68883101599977,12.925623893737793,-12.597394943237305,-14.820846557617188,1.3807361125946045,1.5528929233551025,-0.0975472703576088,0.0,0.0,0.0,0.9190345882122157,70,255,255,255
1896,64.72379157099977,12.968361854553223,-12.542373657226562,-14.8199462890625,1.378131628036499,1.5528817176818848,-0.08982893079519272,0.0,0.0,0.0,0.9232274024534092,70,255,255,255
1897,64.7562215009998,13.011953353881836,-12.48719310760498,-14.820053100585938,1.386993169784546,1.551339864730835,-0.10450666397809982,0.0,0.0,0.0,0.9275997137520741,70,255,255,255
1898,64.78863250999984,13.055394172668457,-12.432262420654297,-14.820510864257812,1.3805807828903198,1.5638659000396729,-0.11689794808626175,0.0,0.0,0.0,0.929377373779702,70,255,255,255
1899,64.8301086739998,13.109376907348633,-12.363988876342773,-14.821563720703125,1.3578780889511108,1.5657298564910889,-0.09907214343547821,0.0,0.0,0.0,0.9338804462878897,70,255,255,255
1900,64.86360784899989,13.151254653930664,-12.307319641113281,-14.819793701171875,1.3394711017608643,1.5849578380584717,-0.1368793249130249,0.0,0.0,0.0,0.9361728953542299,70,255,255,255
1901,64.90444518499999,13.192511558532715,-12.250420570373535,-14.819534301757812,1.3277376890182495,1.5980843305587769,-0.15902751684188843,0.0,0.0,0.0,0.940890884962387,70,255,255,255
1902,64.93359272199996,13.234289169311523,-12.19411563873291,-14.820022583007812,1.332817554473877,1.5899213552474976,-0.153423011302948,0.0,0.0,0.0,0.9453138629007906,70,255,255,255
1903,64.96483958099998,13.276381492614746,-12.138224601745605,-14.821212768554688,1.3488436937332153,1.5890038013458252,-0.15446737408638,0.0,0.0,0.0,0.9505921150232731,70,255,255,255
1904,65.00510419099965,13.3186674118042,-12.081886291503906,-14.822906494140625,1.3442988395690918,1.5948610305786133,-0.13210102915763855,0.0,0.0,0.0,0.955250316664958,70,255,255,255
1905,65.03941907099988,13.371894836425781,-12.0118408203125,-14.824737548828125,1.3689302206039429,1.595289707183838,-0.13219234347343445,0.0,0.0,0.0,0.9580180734068501,70,255,255,255
1906,65.0701410659999,13.415144920349121,-11.95623779296875,-14.826995849609375,1.3564099073410034,1.608866810798645,-0.1569344848394394,0.0,0.0,0.0,0.9624405852920629,70,255,255,255
1907,65.10413382699971,13.458467483520508,-11.89959716796875,-14.826919555664062,1.3444297313690186,1.613991618156433,-0.15076737105846405,0.0,0.0,0.0,0.9650647310721725,70,255,255,255
1908,65.14715623099983,13.501991271972656,-11.842066764831543,-14.824844360351562,1.324238657951355,1.6338026523590088,-0.16185803711414337,0.0,0.0,0.0,0.9691851073317158,70,255,255,255
1909,65.17084290699995,13.5449857711792,-11.784467697143555,-14.824310302734375,1.3124624490737915,1.646970272064209,-0.19566623866558075,0.0,0.0,0.0,0.9733206636094727,70,255,255,255
1910,65.20443096899999,13.58795166015625,-11.727252960205078,-14.824554443359375,1.3144985437393188,1.6452229022979736,-0.18238453567028046,0.0,0.0,0.0,0.975651994827728,70,255,255,255
1911,65.23877931299967,13.640438079833984,-11.654254913330078,-14.825347900390625,1.3099186420440674,1.6405739784240723,-0.1833721101284027,0.0,0.0,0.0,0.979599731669607,70,255,255,255
1912,65.27240402400002,13.682363510131836,-11.596061706542969,-14.826507568359375,1.3251184225082397,1.627419114112854,-0.19604390859603882,0.0,0.0,0.0,0.9834723673687457,70,255,255,255
1913,65.30571505299986,13.724315643310547,-11.538640022277832,-14.828720092773438,1.3285409212112427,1.6123359203338623,-0.2234904170036316,0.0,0.0,0.0,0.9848359058468662,70,255,255,255
1914,65.34065026500002,13.766753196716309,-11.482336044311523,-14.832443237304688,1.3336983919143677,1.593825101852417,-0.23558834195137024,0.0,0.0,0.0,0.9877032648135273,70,255,255,255
1915,65.37455184099963,13.811482429504395,-11.427648544311523,-14.833938598632812,1.3325235843658447,1.5662871599197388,-0.2109583467245102,0.0,0.0,0.0,0.99157483524823,70,255,255,255
1916,65.40667518999999,13.85606575012207,-11.374253273010254,-14.834991455078125,1.341257929801941,1.5349550247192383,-0.17713186144828796,0.0,0.0,0.0,0.9942151597319618,70,255,255,255
1917,65.44255145699981,13.912416458129883,-11.310004234313965,-14.8355712890625,1.3604198694229126,1.4737184047698975,-0.1529155671596527,0.0,0.0,0.0,0.9997872916807347,70,255,255,255
1918,65.47618246499997,13.958110809326172,-11.2598295211792,-14.835006713867188,1.3478717803955078,1.465226650238037,-0.13721418380737305,0.0,0.0,0.0,1.0057092298386894,70,255,255,255
1919,65.50825657399992,14.003111839294434,-11.20878791809082,-14.831100463867188,1.3163195848464966,1.4595032930374146,-0.10759516060352325,0.0,0.0,0.0,1.0084621394575042,70,255,255,255
1920,65.54457669299973,14.047249794006348,-11.158254623413086,-14.82733154296875,1.3107997179031372,1.4504609107971191,-0.10332107543945312,0.0,0.0,0.0,1.0135772729632193,70,255,255,255
1921,65.57928248299959,14.091001510620117,-11.108163833618164,-14.82501220703125,1.299821376800537,1.4586265087127686,-0.13427551090717316,0.0,0.0,0.0,1.0196493468276273,70,255,255,255
1922,65.61069179499964,14.13537883758545,-11.057504653930664,-14.821441650390625,1.309988021850586,1.4440758228302002,-0.14021189510822296,0.0,0.0,0.0,1.0221739569619952,70,255,255,255
1923,65.64703735499961,14.19266414642334,-10.994156837463379,-14.815582275390625,1.3489915132522583,1.4282790422439575,-0.1335526406764984,0.0,0.0,0.0,1.0270690467826427,70,255,255,255
1924,65.67916733799984,14.238953590393066,-10.944452285766602,-14.811721801757812,1.3455348014831543,1.4245914220809937,-0.11457594484090805,0.0,0.0,0.0,1.0324099497697692,70,255,255,255
1925,65.71231969799965,14.28438663482666,-10.894716262817383,-14.8077392578125,1.3245724439620972,1.4420899152755737,-0.10930242389440536,0.0,0.0,0.0,1.0342830841224764,70,255,255,255
1926,65.74880367099968,14.328204154968262,-10.844609260559082,-14.800689697265625,1.3187867403030396,1.4427810907363892,-0.10726824402809143,0.0,0.0,0.0,1.038392940895714,70,255,255,255
1927,65.78352843199991,14.372074127197266,-10.795140266418457,-14.793548583984375,1.3432676792144775,1.4250301122665405,-0.0989266037940979,0.0,0.0,0.0,1.0431289068412293,70,255,255,255
1928,65.81435696299968,14.415748596191406,-10.745957374572754,-14.787445068359375,1.3066612482070923,1.4437177181243896,-0.10616831481456757,0.0,0.0,0.0,1.0459130420238252,70,255,255,255
1929,65.8519325999996,14.468838691711426,-10.684362411499023,-14.781158447265625,1.2896459102630615,1.4591072797775269,-0.11417881399393082,0.0,0.0,0.0,1.050567781556093,70,255,255,255
1930,65.88537563499995,14.510649681091309,-10.633532524108887,-14.774505615234375,1.3026690483093262,1.4674696922302246,-0.13226017355918884,0.0,0.0,0.0,1.0548099974355074,70,255,255,255
1931,65.9208227009999,14.552030563354492,-10.582681655883789,-14.769210815429688,1.2665165662765503,1.4762083292007446,-0.13224348425865173,0.0,0.0,0.0,1.057074017257211,70,255,255,255
1932,65.95716775599976,14.592290878295898,-10.531562805175781,-14.764724731445312,1.2386506795883179,1.5000584125518799,-0.12466698884963989,0.0,0.0,0.0,1.0610086380307213,70,255,255,255
1933,65.98942932399996,14.631345748901367,-10.479230880737305,-14.760238647460938,1.2012343406677246,1.5260722637176514,-0.14658822119235992,0.0,0.0,0.0,1.064874349511026,70,255,255,255
1934,66.022469688,14.66996955871582,-10.424687385559082,-14.753585815429688,1.2191178798675537,1.5269180536270142,-0.15196241438388824,0.0,0.0,0.0,1.067070059250769,70,255,255,255
1935,66.05856986799972,14.718809127807617,-10.357073783874512,-14.747406005859375,1.2094271183013916,1.545388102531433,-0.17515462636947632,0.0,0.0,0.0,1.0702277027762488,70,255,255,255
1936,66.09133189099975,14.756951332092285,-10.302511215209961,-14.744491577148438,1.178517460823059,1.571755290031433,-0.19328543543815613,0.0,0.0,0.0,1.0746393622800194,70,255,255,255
1937,66.12457427599975,14.795231819152832,-10.246648788452148,-14.74017333984375,1.170900583267212,1.5855573415756226,-0.2115979790687561,0.0,0.0,0.0,1.076703844757049,70,255,255,255
1938,66.16077641999982,14.833005905151367,-10.189187049865723,-14.73431396484375,1.1411494016647339,1.6058449745178223,-0.19500264525413513,0.0,0.0,0.0,1.0804724174365927,70,255,255,255
1939,66.19343597099987,14.870665550231934,-10.131940841674805,-14.730224609375,1.1413630247116089,1.625550389289856,-0.22996804118156433,0.0,0.0,0.0,1.0842575682939224,70,255,255,255
1940,66.22712441699969,14.907998085021973,-10.07461929321289,-14.727813720703125,1.131150722503662,1.6335258483886719,-0.23967896401882172,0.0,0.0,0.0,1.086259200169226,70,255,255,255
1941,66.263947207,14.95559310913086,-10.002466201782227,-14.725494384765625,1.1259846687316895,1.6405566930770874,-0.2618071138858795,0.0,0.0,0.0,1.090375581687134,70,255,255,255
1942,66.2964455059996,14.993876457214355,-9.944750785827637,-14.724365234375,1.1170984506607056,1.638901948928833,-0.275190532207489,0.0,0.0,0.0,1.0953510323936748,70,255,255,255
1943,66.3290740819998,15.031963348388672,-9.887693405151367,-14.724502563476562,1.1130203008651733,1.627059817314148,-0.27763184905052185,0.0,0.0,0.0,1.096791669385353,70,255,255,255
1944,66.36796314000003,15.069130897521973,-9.830971717834473,-14.726089477539062,1.0876370668411255,1.6422151327133179,-0.3057503402233124,0.0,0.0,0.0,1.1010459360687002,70,255,255,255
1945,66.4002229759999,15.106118202209473,-9.770002365112305,-14.723892211914062,1.0688079595565796,1.6407365798950195,-0.29199621081352234,0.0,0.0,0.0,1.1047462652453108,70,255,255,255
1946,66.43159813699958,15.142512321472168,-9.70983600616455,-14.723052978515625,1.0606156587600708,1.639796495437622,-0.31280824542045593,0.0,0.0,0.0,1.1065519550434118,70,255,255,255
1947,66.46889579899971,15.188345909118652,-9.63599967956543,-14.724395751953125,1.0951942205429077,1.632017731666565,-0.331464022397995,0.0,0.0,0.0,1.1104905039795299,70,255,255,255
1948,66.50219071399988,15.225167274475098,-9.576712608337402,-14.7269287109375,1.0810502767562866,1.639933705329895,-0.3612305521965027,0.0,0.0,0.0,1.1152566968034174,70,255,255,255
1949,66.53563584699987,15.2603120803833,-9.515029907226562,-14.728347778320312,1.0451266765594482,1.6438393592834473,-0.33712053298950195,0.0,0.0,0.0,1.1172377557593,70,255,255,255
1950,66.58034033099966,15.294916152954102,-9.45408821105957,-14.730514526367188,1.0458792448043823,1.6503045558929443,-0.34158650040626526,0.0,0.0,0.0,1.121385762315153,70,255,255,255
1951,66.61103176400002,15.32925796508789,-9.393754959106445,-14.734146118164062,1.0347073078155518,1.6659821271896362,-0.37611404061317444,0.0,0.0,0.0,1.1258010170863955,70,255,255,255
1952,66.64317257499988,15.361201286315918,-9.332586288452148,-14.737518310546875,1.0058993101119995,1.682742714881897,-0.35863760113716125,0.0,0.0,0.0,1.1281802852042722,70,255,255,255
1953,66.68160002099967,15.398784637451172,-9.255711555480957,-14.73992919921875,0.9983980655670166,1.6766401529312134,-0.3159363269805908,0.0,0.0,0.0,1.133027105230162,70,255,255,255
1954,66.7129586459996,15.428506851196289,-9.194840431213379,-14.741790771484375,0.9849253296852112,1.6932581663131714,-0.29267022013664246,0.0,0.0,0.0,1.137822259930904,70,255,255,255
1955,66.74524816899975,15.457986831665039,-9.134233474731445,-14.744232177734375,0.9495089650154114,1.7133868932724,-0.3050957918167114,0.0,0.0,0.0,1.1401533248330504,70,255,255,255
1956,66.783561491,15.486919403076172,-9.072098731994629,-14.743667602539062,0.9316355586051941,1.7173601388931274,-0.30930018424987793,0.0,0.0,0.0,1.1446360907379263,70,255,255,255
1957,66.81616238099969,15.515304565429688,-9.009790420532227,-14.742813110351562,0.9050983786582947,1.734277606010437,-0.2782211899757385,0.0,0.0,0.0,1.1488103294305165,70,255,255,255
1958,66.84866969299992,15.543354988098145,-8.948029518127441,-14.742095947265625,0.8969224095344543,1.7295588254928589,-0.25868457555770874,0.0,0.0,0.0,1.1511493838159332,70,255,255,255
1959,66.88676773499992,15.578604698181152,-8.872142791748047,-14.742507934570312,0.9073619842529297,1.7147084474563599,-0.2764649987220764,0.0,0.0,0.0,1.1550266800469795,70,255,255,255
1960,66.9202277899999,15.604711532592773,-8.81098747253418,-14.740280151367188,0.931013822555542,1.7017461061477661,-0.23674914240837097,0.0,0.0,0.0,1.1598400774011888,70,255,255,255
1961,66.95200805899958,15.63135814666748,-8.750740051269531,-14.738861083984375,0.921883761882782,1.6972264051437378,-0.2521456480026245,0.0,0.0,0.0,1.1617482323222306,70,255,255,255
1962,66.98812811499965,15.658141136169434,-8.691219329833984,-14.738525390625,0.935462474822998,1.6869032382965088,-0.23761314153671265,0.0,0.0,0.0,1.1663582973272122,70,255,255,255
1963,67.02029969299974,15.685347557067871,-8.632349967956543,-14.738632202148438,0.953583836555481,1.6799006462097168,-0.24708721041679382,0.0,0.0,0.0,1.170553574992414,70,255,255,255
1964,67.05327139099973,15.711854934692383,-8.573695182800293,-14.738784790039062,0.942249059677124,1.6767512559890747,-0.25086352229118347,0.0,0.0,0.0,1.1726244490560596,70,255,255,255
1965,67.08936549700002,15.744370460510254,-8.500554084777832,-14.740127563476562,0.9076992273330688,1.6912862062454224,-0.24303795397281647,0.0,0.0,0.0,1.176888036803222,70,255,255,255
1966,67.1222748289997,15.770116806030273,-8.44253921508789,-14.742156982421875,0.8901389837265015,1.6899932622909546,-0.23795245587825775,0.0,0.0,0.0,1.1816356540785062,70,255,255,255
1967,67.15545258899965,15.794677734375,-8.384406089782715,-14.74383544921875,0.8627748489379883,1.6963621377944946,-0.22927747666835785,0.0,0.0,0.0,1.1838633883303575,70,255,255,255
1968,67.19159283199997,15.818279266357422,-8.326306343078613,-14.745529174804688,0.8601295351982117,1.6890764236450195,-0.22192157804965973,0.0,0.0,0.0,1.1886679972529695,70,255,255,255
1969,67.23909825299961,15.842562675476074,-8.26873779296875,-14.747802734375,0.86961829662323,1.6925745010375977,-0.23841547966003418,0.0,0.0,0.0,1.1930490304042043,70,255,255,255
1970,67.26419907199988,15.867080688476562,-8.211233139038086,-14.751510620117188,0.871368408203125,1.7019691467285156,-0.2587650716304779,0.0,0.0,0.0,1.194703519231416,70,255,255,255
1971,67.30337465999992,15.897904396057129,-8.138704299926758,-14.754257202148438,0.869684636592865,1.7067642211914062,-0.24381525814533234,0.0,0.0,0.0,1.1988231631216597,70,255,255,255
1972,67.33609733399999,15.92235279083252,-8.080449104309082,-14.75543212890625,0.8754326701164246,1.7118016481399536,-0.23309972882270813,0.0,0.0,0.0,1.2027408062432208,70,255,255,255
1973,67.36847256700003,15.946770668029785,-8.022188186645508,-14.757217407226562,0.827629566192627,1.7326833009719849,-0.23661555349826813,0.0,0.0,0.0,1.2049934410512642,70,255,255,255
1974,67.40439880699978,15.970669746398926,-7.963984489440918,-14.7601318359375,0.8412085771560669,1.7340668439865112,-0.26074695587158203,0.0,0.0,0.0,1.2083808487997905,70,255,255,255
1975,67.43682871599958,15.992171287536621,-7.90722131729126,-14.762847900390625,0.8499320149421692,1.7367818355560303,-0.25654712319374084,0.0,0.0,0.0,1.2115646578829802,70,255,255,255
1976,67.47633316799966,16.01445198059082,-7.850714206695557,-14.765762329101562,0.8583711385726929,1.7278567552566528,-0.23163679242134094,0.0,0.0,0.0,1.2133103599775272,70,255,255,255
1977,67.51052416699986,16.043298721313477,-7.780714511871338,-14.769485473632812,0.868078351020813,1.7183374166488647,-0.22158467769622803,0.0,0.0,0.0,1.2171841940991563,70,255,255,255
1978,67.5559518189998,16.066987991333008,-7.724617958068848,-14.772476196289062,0.8729681968688965,1.7206720113754272,-0.22820009291172028,0.0,0.0,0.0,1.221502776122829,70,255,255,255
1979,67.5807394669996,16.09046745300293,-7.667898654937744,-14.775054931640625,0.8708836436271667,1.7162383794784546,-0.2549574375152588,0.0,0.0,0.0,1.2234972174631893,70,255,255,255
1980,67.61384140199971,16.11486053466797,-7.6113362312316895,-14.779067993164062,0.9092100262641907,1.715371012687683,-0.2706846594810486,0.0,0.0,0.0,1.2279624065048707,70,255,255,255
1981,67.64188629499995,16.14083480834961,-7.5552263259887695,-14.78350830078125,0.9420813918113708,1.7058056592941284,-0.2561037838459015,0.0,0.0,0.0,1.2318271858787937,70,255,255,255
1982,67.67545689500002,16.16630744934082,-7.499017715454102,-14.787460327148438,0.9346986413002014,1.7045552730560303,-0.24664343893527985,0.0,0.0,0.0,1.2344057916042628,70,255,255,255
1983,67.71191525299992,16.197092056274414,-7.427875995635986,-14.792999267578125,0.9321821331977844,1.726455807685852,-0.27072420716285706,0.0,0.0,0.0,1.239236100031394,70,255,255,255
1984,67.74350525999989,16.22185707092285,-7.370833873748779,-14.798538208007812,0.908507764339447,1.7365258932113647,-0.28537866473197937,0.0,0.0,0.0,1.2433189922985945,70,255,255,255
1985,67.7760945709997,16.246871948242188,-7.313769817352295,-14.804840087890625,0.894633948802948,1.7418065071105957,-0.28269532322883606,0.0,0.0,0.0,1.2456663024833903,70,255,255,255
1986,67.81310914799997,16.269075393676758,-7.256528377532959,-14.808258056640625,0.8875847458839417,1.7363450527191162,-0.24611066281795502,0.0,0.0,0.0,1.2498984649296898,70,255,255,255
1987,67.84550657399996,16.29092788696289,-7.199497699737549,-14.810592651367188,0.8831263184547424,1.7397509813308716,-0.24396270513534546,0.0,0.0,0.0,1.2537920064433856,70,255,255,255
1988,67.87814232599976,16.312660217285156,-7.142219543457031,-14.813446044921875,0.8678922653198242,1.7463176250457764,-0.2295134961605072,0.0,0.0,0.0,1.256054628105517,70,255,255,255
1989,67.9157608129999,16.340566635131836,-7.070931434631348,-14.817962646484375,0.8561678528785706,1.7541701793670654,-0.23472227156162262,0.0,0.0,0.0,1.2597798578383197,70,255,255,255
1990,67.94771367299973,16.360727310180664,-7.012765407562256,-14.818527221679688,0.8445509672164917,1.7433711290359497,-0.2338709533214569,0.0,0.0,0.0,1.2636965688534993,70,255,255,255
1991,67.9802651179998,16.38113021850586,-6.954729080200195,-14.820114135742188,0.8394790291786194,1.7574247121810913,-0.24418196082115173,0.0,0.0,0.0,1.265852797230082,70,255,255,255
1992,68.01833889799991,16.402645111083984,-6.897055149078369,-14.822311401367188,0.8738834261894226,1.740303874015808,-0.23795685172080994,0.0,0.0,0.0,1.2704828359432392,70,255,255,255
1993,68.05150290199981,16.425886154174805,-6.839221000671387,-14.8248291015625,0.897091269493103,1.7382766008377075,-0.2573957145214081,0.0,0.0,0.0,1.2746385656662533,70,255,255,255
1994,68.08324058399967,16.451391220092773,-6.780049800872803,-14.826812744140625,0.9258720278739929,1.7184444665908813,-0.246254101395607,0.0,0.0,0.0,1.2767023823530104,70,255,255,255
1995,68.11909864099971,16.484209060668945,-6.707056045532227,-14.829299926757812,0.9152661561965942,1.7271952629089355,-0.22324803471565247,0.0,0.0,0.0,1.280410967329,70,255,255,255
1996,68.15234386599968,16.510379791259766,-6.648777008056641,-14.8319091796875,0.9101114273071289,1.7334829568862915,-0.22444096207618713,0.0,0.0,0.0,1.284106369657594,70,255,255,255
1997,68.18590965399972,16.534042358398438,-6.58982515335083,-14.831985473632812,0.8818731904029846,1.7441869974136353,-0.21612761914730072,0.0,0.0,0.0,1.2867892381397399,70,255,255,255
1998,68.22735835499998,16.561363220214844,-6.515324592590332,-14.829788208007812,0.8818227648735046,1.7544726133346558,-0.20556887984275818,0.0,0.0,0.0,1.2910452358777955,70,255,255,255
1999,68.26125179599967,16.58336067199707,-6.456127643585205,-14.828506469726562,0.872407078742981,1.7473982572555542,-0.2006123661994934,0.0,0.0,0.0,1.2928607127929026,70,255,255,255
2000,68.30087240800003,16.600080490112305,-6.41204309463501,-14.827972412109375,0.8646831512451172,1.7423951625823975,-0.18802039325237274,0.0,0.0,0.0,1.2966277541548197,70,255,255,255
2001,68.328538364,16.626604080200195,-6.338700294494629,-14.826629638671875,0.8764621019363403,1.7359198331832886,-0.16808654367923737,0.0,0.0,0.0,1.300946336178492,70,255,255,255
2002,68.36403728300002,16.64751434326172,-6.280290603637695,-14.825653076171875,0.8716912865638733,1.735013484954834,-0.1748950183391571,0.0,0.0,0.0,1.305750945101104,70,255,255,255
2003,68.40028099099982,16.668739318847656,-6.2221269607543945,-14.82537841796875,0.8669935464859009,1.7407084703445435,-0.15195155143737793,0.0,0.0,0.0,1.3081054458208432,70,255,255,255
2004,68.43890264399988,16.690223693847656,-6.16402530670166,-14.825271606445312,0.853168785572052,1.7416722774505615,-0.14551028609275818,0.0,0.0,0.0,1.312689145531033,70,255,255,255
2005,68.46463724799969,16.7098388671875,-6.104293346405029,-14.820480346679688,0.8420109152793884,1.7496063709259033,-0.13878270983695984,0.0,0.0,0.0,1.3169623206581196,70,255,255,255
2006,68.49467499599996,16.730289459228516,-6.045043468475342,-14.816802978515625,0.8489892482757568,1.7451584339141846,-0.16131919622421265,0.0,0.0,0.0,1.3195031094961098,70,255,255,255
2007,68.5314089239996,16.7567195892334,-5.971828460693359,-14.81378173828125,0.8430362343788147,1.7249828577041626,-0.14286620914936066,0.0,0.0,0.0,1.32389346371116,70,255,255,255
2008,68.56408083699989,16.778091430664062,-5.913436412811279,-14.811843872070312,0.8432568311691284,1.7115267515182495,-0.14897574484348297,0.0,0.0,0.0,1.327430940587112,70,255,255,255
2009,68.59732846999987,16.798200607299805,-5.853203773498535,-14.809814453125,0.8354681730270386,1.7104665040969849,-0.15183819830417633,0.0,0.0,0.0,1.3290753094021817,70,255,255,255
2010,68.63350188999993,16.819129943847656,-5.793793201446533,-14.808639526367188,0.8294368386268616,1.7074458599090576,-0.1633843630552292,0.0,0.0,0.0,1.3337347760453842,70,255,255,255
2011,68.66603988799989,16.840124130249023,-5.734868049621582,-14.80841064453125,0.8261879086494446,1.7058273553848267,-0.1709142029285431,0.0,0.0,0.0,1.337510472680844,70,255,255,255
2012,68.69961339299971,16.86079978942871,-5.6764960289001465,-14.807342529296875,0.8440620303153992,1.6968156099319458,-0.14623486995697021,0.0,0.0,0.0,1.3400363478167296,70,255,255,255
2013,68.73864953099974,16.88686752319336,-5.604401111602783,-14.805831909179688,0.8177312016487122,1.6947132349014282,-0.1601964235305786,0.0,0.0,0.0,1.3446741096970483,70,255,255,255
2014,68.77053161999993,16.907794952392578,-5.54738712310791,-14.80572509765625,0.8514499068260193,1.673134446144104,-0.17230500280857086,0.0,0.0,0.0,1.3479065214701318,70,255,255,255
2015,68.80201853199969,16.930206298828125,-5.491327285766602,-14.806304931640625,0.8603585362434387,1.6613144874572754,-0.16498704254627228,0.0,0.0,0.0,1.349939179172135,70,255,255,255
2016,68.83822419199987,16.95186996459961,-5.432669162750244,-14.80615234375,0.8459368348121643,1.6558634042739868,-0.18442799150943756,0.0,0.0,0.0,1.3533490906318724,70,255,255,255
2017,68.87180497199961,16.973800659179688,-5.3740620613098145,-14.806137084960938,0.8820173740386963,1.6279349327087402,-0.1620825082063675,0.0,0.0,0.0,1.357161272574266,70,255,255,255
2018,68.9032757189998,16.997051239013672,-5.316704273223877,-14.806640625,0.89952152967453,1.617525577545166,-0.1773732453584671,0.0,0.0,0.0,1.3591573118112805,70,255,255,255
2019,68.9397788289998,17.026865005493164,-5.245919227600098,-14.808181762695312,0.883991539478302,1.6206039190292358,-0.17063945531845093,0.0,0.0,0.0,1.364126637247314,70,255,255,255
2020,68.97372909499973,17.046072006225586,-5.187448501586914,-14.8070068359375,0.8771803975105286,1.6079143285751343,-0.1388244479894638,0.0,0.0,0.0,1.3684091334382158,70,255,255,255
2021,69.00612852799986,17.065662384033203,-5.129866600036621,-14.806106567382812,0.866258442401886,1.605708122253418,-0.13728074729442596,0.0,0.0,0.0,1.3705407275747152,70,255,255,255
2022,69.04258679999975,17.085769653320312,-5.072857856750488,-14.805511474609375,0.8515127897262573,1.6195003986358643,-0.138504296541214,0.0,0.0,0.0,1.375670774782535,70,255,255,255
2023,69.07658086499987,17.10622787475586,-5.014911651611328,-14.805252075195312,0.8601175546646118,1.6293590068817139,-0.15610463917255402,0.0,0.0,0.0,1.3806623376136704,70,255,255,255
2024,69.10824285999979,17.12516212463379,-4.9539103507995605,-14.80267333984375,0.8362113833427429,1.6438443660736084,-0.14906944334506989,0.0,0.0,0.0,1.3831645106158543,70,255,255,255
2025,69.14470831899962,17.14985466003418,-4.878427505493164,-14.800323486328125,0.8389797210693359,1.6667543649673462,-0.1501554399728775,0.0,0.0,0.0,1.3874516673386639,70,255,255,255
2026,69.1781684069997,17.17040252685547,-4.818240642547607,-14.799652099609375,0.8429880142211914,1.6766923666000366,-0.17654334008693695,0.0,0.0,0.0,1.3924118048689365,70,255,255,255
2027,69.21041457199999,17.188955307006836,-4.7575364112854,-14.799652099609375,0.8672043085098267,1.6823936700820923,-0.1950889527797699,0.0,0.0,0.0,1.3944676320724232,70,255,255,255
2028,69.24705690199971,17.20522117614746,-4.696312427520752,-14.7996826171875,0.8127199411392212,1.6943113803863525,-0.18920107185840607,0.0,0.0,0.0,1.3995132570736872,70,255,255,255
2029,69.28068550699982,17.221696853637695,-4.635616302490234,-14.799911499023438,0.833041250705719,1.695312261581421,-0.16751080751419067,0.0,0.0,0.0,1.404070990963249,70,255,255,255
2030,69.3126853269996,17.23932456970215,-4.575505256652832,-14.800567626953125,0.8210417628288269,1.7021011114120483,-0.15908829867839813,0.0,0.0,0.0,1.4061433297654942,70,255,255,255
2031,69.35150134599962,17.258956909179688,-4.500182628631592,-14.797271728515625,0.8530075550079346,1.7049001455307007,-0.15392610430717468,0.0,0.0,0.0,1.4111303652227765,70,255,255,255
2032,69.38311179999982,17.27438735961914,-4.440028190612793,-14.79351806640625,0.8565253615379333,1.7094473838806152,-0.14903397858142853,0.0,0.0,0.0,1.4155079362645941,70,255,255,255
2033,69.41587357899971,17.290964126586914,-4.380280017852783,-14.791091918945312,0.8599498867988586,1.7092475891113281,-0.16884832084178925,0.0,0.0,0.0,1.41803913772266,70,255,255,255
2034,69.45287079399986,17.30868148803711,-4.320974349975586,-14.790191650390625,0.8721235990524292,1.7234042882919312,-0.2022951990365982,0.0,0.0,0.0,1.4224507972264309,70,255,255,255
2035,69.48839176899992,17.32123565673828,-4.259912967681885,-14.787734985351562,0.8445424437522888,1.7318060398101807,-0.20412904024124146,0.0,0.0,0.0,1.4275267822641218,70,255,255,255
2036,69.52625840999963,17.334442138671875,-4.1994309425354,-14.786117553710938,0.8335058093070984,1.7273789644241333,-0.19243204593658447,0.0,0.0,0.0,1.4295458578445654,70,255,255,255
2037,69.56142448499986,17.35359764099121,-4.124818325042725,-14.785293579101562,0.8785154819488525,1.7223478555679321,-0.1911720484495163,0.0,0.0,0.0,1.4342015960622418,70,255,255,255
2038,69.59821609999972,17.36939811706543,-4.065374374389648,-14.785125732421875,0.8451350331306458,1.7307016849517822,-0.19887042045593262,0.0,0.0,0.0,1.4384473406301008,70,255,255,255
2039,69.63422492499967,17.38325309753418,-4.005391597747803,-14.78619384765625,0.8745689988136292,1.7328466176986694,-0.21854716539382935,0.0,0.0,0.0,1.4408054366173113,70,255,255,255
2040,69.65692817699983,17.399341583251953,-3.9459359645843506,-14.78826904296875,0.8852956295013428,1.7303942441940308,-0.2164234220981598,0.0,0.0,0.0,1.4450911286015213,70,255,255,255
2041,69.68968954799993,17.416614532470703,-3.886863946914673,-14.790802001953125,0.8771541118621826,1.7380317449569702,-0.216166153550148,0.0,0.0,0.0,1.44913021186879,70,255,255,255
2042,69.72560101099998,17.430328369140625,-3.8266007900238037,-14.793685913085938,0.8492562174797058,1.7657257318496704,-0.23356355726718903,0.0,0.0,0.0,1.4510403641606495,70,255,255,255
2043,69.75970378199963,17.444387435913086,-3.75015926361084,-14.797378540039062,0.8380952477455139,1.7783901691436768,-0.23430664837360382,0.0,0.0,0.0,1.454585830519872,70,255,255,255
2044,69.79246493299979,17.455917358398438,-3.689026355743408,-14.800369262695312,0.7942910194396973,1.7954952716827393,-0.19741789996623993,0.0,0.0,0.0,1.458499745215907,70,255,255,255
2045,69.82628049599998,17.467288970947266,-3.6278235912323,-14.803192138671875,0.7375470399856567,1.810623049736023,-0.18440863490104675,0.0,0.0,0.0,1.460757040555858,70,255,255,255
2046,69.86184718300001,17.47454261779785,-3.566371202468872,-14.80316162109375,0.7502605319023132,1.8232316970825195,-0.17273902893066406,0.0,0.0,0.0,1.464908509221128,70,255,255,255
2047,69.89466454499961,17.481651306152344,-3.504913330078125,-14.802871704101562,0.743702232837677,1.8307284116744995,-0.16558565199375153,0.0,0.0,0.0,1.4687186937927044,70,255,255,255
2048,69.92733465399988,17.49038314819336,-3.44333815574646,-14.80316162109375,0.7358497381210327,1.852575659751892,-0.1736890822649002,0.0,0.0,0.0,1.4707962257590752,70,255,255,255
2049,69.96458359899998,17.50235939025879,-3.366241931915283,-14.804672241210938,0.7246033549308777,1.8546028137207031,-0.1688017100095749,0.0,0.0,0.0,1.475138643074504,70,255,255,255
2050,69.99796018999996,17.505231857299805,-3.3033688068389893,-14.802871704101562,0.6910760402679443,1.8595316410064697,-0.15878063440322876,0.0,0.0,0.0,1.479925009343649,70,255,255,255
2051,70.03063693799959,17.50815200805664,-3.2409205436706543,-14.801254272460938,0.6371917724609375,1.8503732681274414,-0.1366720199584961,0.0,0.0,0.0,1.481510389140573,70,255,255,255
2052,70.06885518599984,17.51214599609375,-3.179358720779419,-14.799591064453125,0.6322627067565918,1.8396419286727905,-0.1095191016793251,0.0,0.0,0.0,1.4861132636106116,70,255,255,255
2053,70.10262747199977,17.51598358154297,-3.1176393032073975,-14.79864501953125,0.6101715564727783,1.8430205583572388,-0.12480292469263077,0.0,0.0,0.0,1.4906209300716795,70,255,255,255
2054,70.13330317099962,17.516530990600586,-3.0541908740997314,-14.800491333007812,0.5824257135391235,1.853348731994629,-0.16120634973049164,0.0,0.0,0.0,1.492684347284273,70,255,255,255
2055,70.17182371199988,17.51898956298828,-2.9755988121032715,-14.804000854492188,0.5812870860099792,1.844467043876648,-0.1771613210439682,0.0,0.0,0.0,1.4970836230889748,70,255,255,255
2056,70.21029700500003,17.52235221862793,-2.91325306892395,-14.807418823242188,0.5715839862823486,1.8443292379379272,-0.17870135605335236,0.0,0.0,0.0,1.5010429446815956,70,255,255,255
2057,70.24973760900002,17.520328521728516,-2.851083278656006,-14.809722900390625,0.5387255549430847,1.8492916822433472,-0.16615183651447296,0.0,0.0,0.0,1.5031115550583147,70,255,255,255
2058,70.27646805899985,17.512683868408203,-2.7890710830688477,-14.810821533203125,0.4987625181674957,1.8568875789642334,-0.1810452938079834,0.0,0.0,0.0,1.506720404651481,70,255,255,255
2059,70.30940561399984,17.506553649902344,-2.727207899093628,-14.8126220703125,0.48374083638191223,1.8567249774932861,-0.17110386490821838,0.0,0.0,0.0,1.5087249660039836,70,255,255,255
2060,70.34378745100003,17.501863479614258,-2.6657724380493164,-14.814971923828125,0.4792007803916931,1.8551689386367798,-0.1815764158964157,0.0,0.0,0.0,1.5123661730043947,70,255,255,255
2061,70.378071051,17.492090225219727,-2.5883047580718994,-14.81549072265625,0.4948786199092865,1.8668956756591797,-0.1896892786026001,0.0,0.0,0.0,1.516411248384116,70,255,255,255
2062,70.42218924899998,17.483699798583984,-2.5259265899658203,-14.815170288085938,0.5136428475379944,1.8732287883758545,-0.19235339760780334,0.0,0.0,0.0,1.5209577969970993,70,255,255,255
2063,70.45138000199995,17.47829818725586,-2.4637534618377686,-14.815536499023438,0.530945897102356,1.873062252998352,-0.19206827878952026,0.0,0.0,0.0,1.522864620337596,70,255,255,255
2064,70.48593853900002,17.47514533996582,-2.4020886421203613,-14.8167724609375,0.5313361287117004,1.867249608039856,-0.20005209743976593,0.0,0.0,0.0,1.5273587046771047,70,255,255,255
2065,70.52090346099976,17.464326858520508,-2.3391969203948975,-14.817916870117188,0.5139226913452148,1.8696047067642212,-0.21651701629161835,0.0,0.0,0.0,1.5320774266545616,70,255,255,255
2066,70.5536634809996,17.454936981201172,-2.2766852378845215,-14.819580078125,0.4781423509120941,1.8646601438522339,-0.19362537562847137,0.0,0.0,0.0,1.5342353860858529,70,255,255,255
2067,70.5941271849997,17.444671630859375,-2.1991970539093018,-14.822235107421875,0.4308083951473236,1.8575795888900757,-0.1990729570388794,0.0,0.0,0.0,1.5387853968082532,70,255,255,255
2068,70.61782793899965,17.43642234802246,-2.1374685764312744,-14.82403564453125,0.4280521869659424,1.8338253498077393,-0.17259857058525085,0.0,0.0,0.0,1.540832036105979,70,255,255,255
2069,70.6468019089998,17.424291610717773,-2.0748417377471924,-14.824310302734375,0.4337918162345886,1.8233411312103271,-0.18969514966011047,0.0,0.0,0.0,1.544868589370212,70,255,255,255
2070,70.68352869599994,17.41482162475586,-2.0128772258758545,-14.826263427734375,0.4628928303718567,1.8155020475387573,-0.22548900544643402,0.0,0.0,0.0,1.5478654445448783,70,255,255,255
2071,70.71932757599961,17.40870475769043,-1.9514861106872559,-14.830322265625,0.4788774251937866,1.8114975690841675,-0.2898045778274536,0.0,0.0,0.0,1.5511853411597711,70,255,255,255
2072,70.75168537599984,17.401432037353516,-1.8898065090179443,-14.833740234375,0.5404244661331177,1.7935043573379517,-0.3140771687030792,0.0,0.0,0.0,1.5525142585437206,70,255,255,255
2073,70.78562475099989,17.392826080322266,-1.8134732246398926,-14.835494995117188,0.5768728256225586,1.747933268547058,-0.29568859934806824,0.0,0.0,0.0,1.5541379878603419,70,255,255,255
2074,70.81922235899992,17.38931655883789,-1.7541824579238892,-14.837722778320312,0.5882422924041748,1.7119736671447754,-0.28853893280029297,0.0,0.0,0.0,1.558190919565279,70,255,255,255
2075,70.852710914,17.388641357421875,-1.6965558528900146,-14.840194702148438,0.6324653029441833,1.6789554357528687,-0.2685938775539398,0.0,0.0,0.0,1.5612202653052443,70,255,255,255
2076,70.88788511699977,17.38528823852539,-1.6377475261688232,-14.842117309570312,0.6873947381973267,1.645247459411621,-0.2511914372444153,0.0,0.0,0.0,1.568408936035695,70,255,255,255
2077,70.92284482599962,17.3832950592041,-1.5798243284225464,-14.844009399414062,0.7167428731918335,1.6227010488510132,-0.25029456615448,0.0,0.0,0.0,1.5764293119745776,70,255,255,255
2078,70.9557477899998,17.38448143005371,-1.5229361057281494,-14.846481323242188,0.7311770915985107,1.6157790422439575,-0.23557192087173462,0.0,0.0,0.0,1.580486504737259,70,255,255,255
2079,70.99294620399996,17.389545440673828,-1.4527692794799805,-14.849899291992188,0.7341283559799194,1.616856575012207,-0.22539600729942322,0.0,0.0,0.0,1.5881658628985569,70,255,255,255
2080,71.02681202699978,17.387237548828125,-1.397455096244812,-14.85003662109375,0.7419993877410889,1.611895203590393,-0.20371179282665253,0.0,0.0,0.0,1.595038815881779,70,255,255,255
2081,71.05757119399959,17.387718200683594,-1.3425976037979126,-14.850296020507812,0.7579395771026611,1.614503264427185,-0.20654559135437012,0.0,0.0,0.0,1.5985609795814633,70,255,255,255
2082,71.09440151699982,17.39128875732422,-1.287900447845459,-14.8511962890625,0.7858194708824158,1.6237684488296509,-0.18285618722438812,0.0,0.0,0.0,1.6044642756117873,70,255,255,255
2083,71.1282691829997,17.39500617980957,-1.2330975532531738,-14.851425170898438,0.7565287351608276,1.6357542276382446,-0.17635762691497803,0.0,0.0,0.0,1.6103137757880919,70,255,255,255
2084,71.15971711899965,17.394670486450195,-1.1776484251022339,-14.849929809570312,0.7513889074325562,1.6514060497283936,-0.16647128760814667,0.0,0.0,0.0,1.613345784689147,70,255,255,255
2085,71.197546246,17.3976993560791,-1.1078414916992188,-14.849929809570312,0.7410901188850403,1.68292236328125,-0.1955094188451767,0.0,0.0,0.0,1.6173900611205414,70,255,255,255
2086,71.22961982999959,17.401823043823242,-1.051718831062317,-14.8509521484375,0.7349708080291748,1.6924850940704346,-0.19481682777404785,0.0,0.0,0.0,1.6211665567043283,70,255,255,255
2087,71.26225813799965,17.40323829650879,-0.9958186149597168,-14.851898193359375,0.7060739994049072,1.7045278549194336,-0.18511244654655457,0.0,0.0,0.0,1.6225090562098372,70,255,255,255
2088,71.30169738799987,17.401643753051758,-0.9399404525756836,-14.852920532226562,0.676433801651001,1.713636875152588,-0.16572020947933197,0.0,0.0,0.0,1.6264960746777948,70,255,255,255
2089,71.3314219859999,17.40102767944336,-0.8840471506118774,-14.8543701171875,0.6340103149414062,1.7185332775115967,-0.18028196692466736,0.0,0.0,0.0,1.6304272999209153,70,255,255,255
2090,71.36534940699994,17.40170669555664,-0.828071117401123,-14.856658935546875,0.6216474175453186,1.7375444173812866,-0.19432266056537628,0.0,0.0,0.0,1.6321105508879,70,255,255,255
2091,71.40403498099977,17.3958683013916,-0.7561110854148865,-14.860076904296875,0.5810668468475342,1.7500872611999512,-0.18871647119522095,0.0,0.0,0.0,1.6354930317884095,70,255,255,255
2092,71.43640082799993,17.388425827026367,-0.6980012655258179,-14.862625122070312,0.568354606628418,1.7545655965805054,-0.19555030763149261,0.0,0.0,0.0,1.6389454206675338,70,255,255,255
2093,71.46959249099973,17.38263702392578,-0.6396847367286682,-14.866348266601562,0.5489563345909119,1.7757285833358765,-0.20631518959999084,0.0,0.0,0.0,1.6406093637166153,70,255,255,255
2094,71.50524918099973,17.378896713256836,-0.5811751484870911,-14.870681762695312,0.5382506251335144,1.7807906866073608,-0.2240409553050995,0.0,0.0,0.0,1.644314486583188,70,255,255,255
2095,71.54009727599987,17.36794090270996,-0.5222428441047668,-14.873092651367188,0.5341238379478455,1.7890112400054932,-0.2036588191986084,0.0,0.0,0.0,1.6473016212198754,70,255,255,255
2096,71.57090445999984,17.359588623046875,-0.4633422791957855,-14.875869750976562,0.5363678336143494,1.7928346395492554,-0.20240502059459686,0.0,0.0,0.0,1.6488286777889267,70,255,255,255
2097,71.60688388699964,17.35342025756836,-0.3897649645805359,-14.8804931640625,0.5746440291404724,1.8043135404586792,-0.22370196878910065,0.0,0.0,0.0,1.6523443167439404,70,255,255,255
2098,71.63828248899972,17.348705291748047,-0.33076801896095276,-14.883926391601562,0.5399883389472961,1.8163379430770874,-0.1967109888792038,0.0,0.0,0.0,1.6562369261512548,70,255,255,255
2099,71.67154293699969,17.338125228881836,-0.2717907130718231,-14.88580322265625,0.5039539933204651,1.8137919902801514,-0.20153893530368805,0.0,0.0,0.0,1.657757058501472,70,255,255,255
2100,71.70895216600002,17.32961082458496,-0.21273192763328552,-14.88873291015625,0.4868690073490143,1.8286463022232056,-0.23100142180919647,0.0,0.0,0.0,1.6605666934515055,70,255,255,255
2101,71.74048458499965,17.322525024414062,-0.15382148325443268,-14.892227172851562,0.46452590823173523,1.8186156749725342,-0.19995860755443573,0.0,0.0,0.0,1.664525082937745,70,255,255,255
2102,71.773918804,17.312297821044922,-0.09466004371643066,-14.894241333007812,0.44607940316200256,1.8270238637924194,-0.19569814205169678,0.0,0.0,0.0,1.6664614673663414,70,255,255,255
2103,71.80990635299986,17.296175003051758,-0.020254964008927345,-14.89691162109375,0.4230944812297821,1.8268396854400635,-0.22143639624118805,0.0,0.0,0.0,1.669467110972605,70,255,255,255
2104,71.84243752699967,17.286100387573242,0.03888581320643425,-14.899749755859375,0.4374111294746399,1.820048213005066,-0.20286695659160614,0.0,0.0,0.0,1.6731582522434547,70,255,255,255
2105,71.87608800999988,17.278743743896484,0.09772758930921555,-14.902572631835938,0.4397297501564026,1.816023826599121,-0.19375655055046082,0.0,0.0,0.0,1.6751668083375926,70,255,255,255
2106,71.91243189299985,17.265287399291992,0.1557098627090454,-14.904067993164062,0.4519273042678833,1.8060996532440186,-0.1867261528968811,0.0,0.0,0.0,1.6788243937787073,70,255,255,255
2107,71.94446875099993,17.252971649169922,0.21352960169315338,-14.906143188476562,0.4872853457927704,1.81771981716156,-0.20492763817310333,0.0,0.0,0.0,1.6822967563660072,70,255,255,255
2108,71.97773801199992,17.244285583496094,0.27147120237350464,-14.908401489257812,0.5149750113487244,1.824576735496521,-0.19135639071464539,0.0,0.0,0.0,1.6846251581070635,70,255,255,255
2109,72.01528619999999,17.23818016052246,0.3436128795146942,-14.910186767578125,0.5335903167724609,1.8016679286956787,-0.1265922337770462,0.0,0.0,0.0,1.6888061878604332,70,255,255,255
2110,72.04751856199982,17.230384826660156,0.40226882696151733,-14.907516479492188,0.5747241973876953,1.8022210597991943,-0.12168716639280319,0.0,0.0,0.0,1.6926448682556734,70,255,255,255
2111,72.08014529999991,17.225765228271484,0.4605567455291748,-14.905609130859375,0.5737713575363159,1.7969748973846436,-0.14004482328891754,0.0,0.0,0.0,1.694560879501931,70,255,255,255
2112,72.11849530599966,17.223756790161133,0.5185415744781494,-14.904144287109375,0.5869550108909607,1.7976837158203125,-0.1292637586593628,0.0,0.0,0.0,1.6991207439203646,70,255,255,255
2113,72.15185312099993,17.221866607666016,0.5770440697669983,-14.902297973632812,0.5971571207046509,1.7997236251831055,-0.13379965722560883,0.0,0.0,0.0,1.703111890288012,70,255,255,255
2114,72.18564352999965,17.216707229614258,0.6371273994445801,-14.897430419921875,0.6321254968643188,1.808695912361145,-0.150912806391716,0.0,0.0,0.0,1.7055731837674633,70,255,255,255
2115,72.22075473299992,17.213581085205078,0.711852490901947,-14.893722534179688,0.6266406774520874,1.8094964027404785,-0.1615399718284607,0.0,0.0,0.0,1.7107030978172284,70,255,255,255
2116,72.253490435,17.21352767944336,0.7713264226913452,-14.891448974609375,0.6146154403686523,1.8095132112503052,-0.15444298088550568,0.0,0.0,0.0,1.714929001834966,70,255,255,255
2117,72.2864658489998,17.2109317779541,0.8310361504554749,-14.885757446289062,0.6485021710395813,1.8085967302322388,-0.11349524557590485,0.0,0.0,0.0,1.7170420870018894,70,255,255,255
2118,72.32291668499965,17.20558738708496,0.8909342885017395,-14.877243041992188,0.6196995973587036,1.8067644834518433,-0.1192135363817215,0.0,0.0,0.0,1.7217140705022154,70,255,255,255
2119,72.35496237299958,17.201332092285156,0.9654285907745361,-14.868255615234375,0.5680265426635742,1.8043030500411987,-0.10445331782102585,0.0,0.0,0.0,1.7257100105598249,70,255,255,255
2120,72.38809593299993,17.199485778808594,1.0098551511764526,-14.863601684570312,0.5446440577507019,1.8054925203323364,-0.11096124351024628,0.0,0.0,0.0,1.7279389432341665,70,255,255,255
2121,72.42471875199999,17.19076919555664,1.0836151838302612,-14.855743408203125,0.5169637203216553,1.8096448183059692,-0.12183663994073868,0.0,0.0,0.0,1.732165246726068,70,255,255,255
2122,72.45629490199963,17.182344436645508,1.142507553100586,-14.849594116210938,0.5203573107719421,1.8110538721084595,-0.09859847277402878,0.0,0.0,0.0,1.7363273680356983,70,255,255,255
2123,72.48942953999995,17.176517486572266,1.2012733221054077,-14.843963623046875,0.5082680583000183,1.806554913520813,-0.07664182037115097,0.0,0.0,0.0,1.7381661476103434,70,255,255,255
2124,72.52848836699968,17.173173904418945,1.259932518005371,-14.838729858398438,0.5240169763565063,1.8156195878982544,-0.07335488498210907,0.0,0.0,0.0,1.7429899312928039,70,255,255,255
2125,72.55881262399998,17.16156768798828,1.3172669410705566,-14.829864501953125,0.5043726563453674,1.8395639657974243,-0.10427270084619522,0.0,0.0,0.0,1.747544602547112,70,255,255,255
2126,72.5915283469999,17.151826858520508,1.3750669956207275,-14.822418212890625,0.46865010261535645,1.8398816585540771,-0.09317775070667267,0.0,0.0,0.0,1.749606821337215,70,255,255,255
2127,72.62865760799968,17.143184661865234,1.4475239515304565,-14.814651489257812,0.47381392121315,1.8483550548553467,-0.09449826180934906,0.0,0.0,0.0,1.753764681589101,70,255,255,255
2128,72.66089327999998,17.1367244720459,1.505574345588684,-14.808181762695312,0.48709046840667725,1.8571425676345825,-0.08826623857021332,0.0,0.0,0.0,1.7574200033432892,70,255,255,255
2129,72.69291369899975,17.12570571899414,1.563664197921753,-14.79998779296875,0.4691835045814514,1.8636586666107178,-0.11644093692302704,0.0,0.0,0.0,1.7594421415589865,70,255,255,255
2130,72.73072290699974,17.116613388061523,1.6215895414352417,-14.79345703125,0.4476322531700134,1.8557968139648438,-0.13472875952720642,0.0,0.0,0.0,1.7634544600572999,70,255,255,255
2131,72.76233552799977,17.1096134185791,1.679502010345459,-14.7889404296875,0.4656202793121338,1.8559401035308838,-0.14579829573631287,0.0,0.0,0.0,1.7671566534466734,70,255,255,255
2132,72.79537441899993,17.101659774780273,1.7386600971221924,-14.782821655273438,0.47291865944862366,1.8530423641204834,-0.15028928220272064,0.0,0.0,0.0,1.7691407084587825,70,255,255,255
2133,72.83628299999964,17.090789794921875,1.8139770030975342,-14.774093627929688,0.48082223534584045,1.8534859418869019,-0.15257665514945984,0.0,0.0,0.0,1.773997249022651,70,255,255,255
2134,72.86718045299995,17.08460807800293,1.8741645812988281,-14.769378662109375,0.4696098864078522,1.869019627571106,-0.18628226220607758,0.0,0.0,0.0,1.7782521814962706,70,255,255,255
2135,72.89902051599984,17.080364227294922,1.934443473815918,-14.766387939453125,0.46188682317733765,1.8697338104248047,-0.21192796528339386,0.0,0.0,0.0,1.7808459672399533,70,255,255,255
2136,72.9366914379998,17.070964813232422,1.9949538707733154,-14.765457153320312,0.4605870544910431,1.8688244819641113,-0.22949926555156708,0.0,0.0,0.0,1.78529091625735,70,255,255,255
2137,72.9693616919999,17.062055587768555,2.055187702178955,-14.765655517578125,0.46643930673599243,1.8545873165130615,-0.21996137499809265,0.0,0.0,0.0,1.7902401348271533,70,255,255,255
2138,73.00260079199961,17.05513572692871,2.115086555480957,-14.766876220703125,0.4565850794315338,1.8621845245361328,-0.24522316455841064,0.0,0.0,0.0,1.7924945006899053,70,255,255,255
2139,73.03780055699963,17.04984474182129,2.1898820400238037,-14.770675659179688,0.4280826449394226,1.8572256565093994,-0.2927495241165161,0.0,0.0,0.0,1.7966836530846,70,255,255,255
2140,73.07288329899984,17.04003143310547,2.2474164962768555,-14.7734375,0.440336674451828,1.842441439628601,-0.2807103395462036,0.0,0.0,0.0,1.8013407228828215,70,255,255,255
2141,73.10345734699968,17.03264617919922,2.304546356201172,-14.77642822265625,0.4376819431781769,1.8436760902404785,-0.2826099693775177,0.0,0.0,0.0,1.8038407653561335,70,255,255,255
2142,73.14048296800001,17.027576446533203,2.361825942993164,-14.77978515625,0.43190997838974,1.8374720811843872,-0.2713218331336975,0.0,0.0,0.0,1.8087035643485636,70,255,255,255
2143,73.17267063500003,17.022212982177734,2.419069766998291,-14.782440185546875,0.4494149088859558,1.8379253149032593,-0.24632005393505096,0.0,0.0,0.0,1.8133414593869366,70,255,255,255
2144,73.2046889129997,17.011154174804688,2.476318597793579,-14.782257080078125,0.4265469014644623,1.8285068273544312,-0.22998479008674622,0.0,0.0,0.0,1.815408072392838,70,255,255,255
2145,73.24167971499992,17.000545501708984,2.5477302074432373,-14.782928466796875,0.4222417175769806,1.8264838457107544,-0.2271900624036789,0.0,0.0,0.0,1.8204748695247683,70,255,255,255
2146,73.27488560899974,16.994049072265625,2.6044626235961914,-14.783538818359375,0.38587576150894165,1.8097708225250244,-0.1994488388299942,0.0,0.0,0.0,1.8248549705696218,70,255,255,255
2147,73.30783591799991,16.98288917541504,2.6591107845306396,-14.783248901367188,0.36582744121551514,1.790324091911316,-0.1785232126712799,0.0,0.0,0.0,1.8268270413568253,70,255,255,255
2148,73.34477525299963,16.967609405517578,2.711674928665161,-14.782440185546875,0.33784615993499756,1.7794077396392822,-0.17089644074440002,0.0,0.0,0.0,1.831968140683169,70,255,255,255
2149,73.37878112699991,16.95481300354004,2.764572858810425,-14.782119750976562,0.3392261564731598,1.781419038772583,-0.17749913036823273,0.0,0.0,0.0,1.8373513213526005,70,255,255,255
2150,73.40973024099958,16.94502067565918,2.817929744720459,-14.782012939453125,0.369305819272995,1.792155385017395,-0.1558038592338562,0.0,0.0,0.0,1.839832721698282,70,255,255,255
2151,73.44835803599972,16.929662704467773,2.885103464126587,-14.778244018554688,0.3441349267959595,1.7926177978515625,-0.1524978131055832,0.0,0.0,0.0,1.8444198835178889,70,255,255,255
2152,73.48062353299974,16.91587257385254,2.9387099742889404,-14.773971557617188,0.300843209028244,1.7787054777145386,-0.1494632065296173,0.0,0.0,0.0,1.849467639048025,70,255,255,255
2153,73.51329873499981,16.903705596923828,2.992523670196533,-14.77032470703125,0.27886882424354553,1.7896718978881836,-0.15743429958820343,0.0,0.0,0.0,1.8518455755853567,70,255,255,255
2154,73.55246649399987,16.888904571533203,3.06040620803833,-14.766693115234375,0.2798331677913666,1.7975685596466064,-0.17862115800380707,0.0,0.0,0.0,1.8564622984930637,70,255,255,255
2155,73.58526559199981,16.877239227294922,3.1011505126953125,-14.761917114257812,0.27867236733436584,1.7944437265396118,-0.18900929391384125,0.0,0.0,0.0,1.8612105815586204,70,255,255,255
2156,73.61564612099983,16.863618850708008,3.1555745601654053,-14.756912231445312,0.2736862301826477,1.7990540266036987,-0.18635684251785278,0.0,0.0,0.0,1.8631598823185038,70,255,255,255
2157,73.65205339899967,16.85064125061035,3.2244300842285156,-14.751861572265625,0.280681848526001,1.8150807619094849,-0.17422176897525787,0.0,0.0,0.0,1.8671872476769762,70,255,255,255
2158,73.68381727199994,16.84077262878418,3.279543161392212,-14.747726440429688,0.25668779015541077,1.8090896606445312,-0.18388284742832184,0.0,0.0,0.0,1.8714395169895057,70,255,255,255
2159,73.71865768999987,16.827573776245117,3.3336923122406006,-14.741302490234375,0.25922417640686035,1.8126394748687744,-0.17861099541187286,0.0,0.0,0.0,1.8734446109742264,70,255,255,255
2160,73.7546181089997,16.816667556762695,3.3880858421325684,-14.736053466796875,0.25365757942199707,1.811855435371399,-0.18075530230998993,0.0,0.0,0.0,1.8779633295538183,70,255,255,255
2161,73.78781536299994,16.80730628967285,3.4430055618286133,-14.733261108398438,0.22321704030036926,1.8222914934158325,-0.24381142854690552,0.0,0.0,0.0,1.8823431642825628,70,255,255,255
2162,73.82042241699992,16.796445846557617,3.4993693828582764,-14.732177734375,0.2195005863904953,1.8205970525741577,-0.25080928206443787,0.0,0.0,0.0,1.8841772833253003,70,255,255,255
2163,73.85585118099971,16.78135108947754,3.5709125995635986,-14.731414794921875,0.18757353723049164,1.816318154335022,-0.2683587372303009,0.0,0.0,0.0,1.8877959866145,70,255,255,255
2164,73.88849474599965,16.770578384399414,3.628164529800415,-14.73272705078125,0.15929368138313293,1.8117728233337402,-0.2885255515575409,0.0,0.0,0.0,1.8917791434988769,70,255,255,255
2165,73.92198034799958,16.761350631713867,3.6854405403137207,-14.735488891601562,0.15952371060848236,1.8187700510025024,-0.3032786250114441,0.0,0.0,0.0,1.8938592054682832,70,255,255,255
2166,73.95777515600003,16.748960494995117,3.742703676223755,-14.736862182617188,0.1515602469444275,1.824002742767334,-0.31804901361465454,0.0,0.0,0.0,1.8971110583173245,70,255,255,255
2167,73.99046277299976,16.737138748168945,3.800179958343506,-14.73895263671875,0.1507682055234909,1.8294535875320435,-0.32977294921875,0.0,0.0,0.0,1.901441491407848,70,255,255,255
2168,74.02448789499977,16.727746963500977,3.858182668685913,-14.742156982421875,0.1620749980211258,1.839577078819275,-0.32282835245132446,0.0,0.0,0.0,1.9034869322830832,70,255,255,255
2169,74.06001753499959,16.71816062927246,3.930525064468384,-14.74688720703125,0.15145878493785858,1.8292018175125122,-0.3109910786151886,0.0,0.0,0.0,1.9078509212033417,70,255,255,255
2170,74.0931523459999,16.707746505737305,3.989386796951294,-14.744430541992188,0.1276852786540985,1.831778645515442,-0.31455904245376587,0.0,0.0,0.0,1.9120691020539182,70,255,255,255
2171,74.12656136099986,16.69805335998535,4.048329830169678,-14.743011474609375,0.11402218043804169,1.8380048274993896,-0.2855432331562042,0.0,0.0,0.0,1.9139185342729237,70,255,255,255
2172,74.16268994899974,16.689231872558594,4.10711145401001,-14.74200439453125,0.07466617226600647,1.827181339263916,-0.2888548970222473,0.0,0.0,0.0,1.9178847800843786,70,255,255,255
2173,74.19553944699965,16.679134368896484,4.166192531585693,-14.741500854492188,0.047937482595443726,1.8365827798843384,-0.30374571681022644,0.0,0.0,0.0,1.9219355812604437,70,255,255,255
2174,74.228124234,16.66676902770996,4.226901054382324,-14.738555908203125,0.09066112339496613,1.8537875413894653,-0.29547083377838135,0.0,0.0,0.0,1.9241132480838015,70,255,255,255
2175,74.26619871699995,16.655147552490234,4.303098678588867,-14.736297607421875,0.09718412160873413,1.8628044128417969,-0.2937787175178528,0.0,0.0,0.0,1.928092277068489,70,255,255,255
2176,74.29993403399976,16.64752960205078,4.363897800445557,-14.735794067382812,0.09080300480127335,1.8581318855285645,-0.2947041690349579,0.0,0.0,0.0,1.9322109888523509,70,255,255,255
2177,74.3340567209998,16.639392852783203,4.424434661865234,-14.735992431640625,0.09567593783140182,1.8639878034591675,-0.2695307731628418,0.0,0.0,0.0,1.9345170200402506,70,255,255,255
2178,74.36873426299962,16.6309757232666,4.4847331047058105,-14.736480712890625,0.08202091604471207,1.8523151874542236,-0.2729993760585785,0.0,0.0,0.0,1.9380578258675654,70,255,255,255
2179,74.40152446799993,16.623977661132812,4.5447306632995605,-14.737564086914062,0.09638544917106628,1.8629146814346313,-0.2519359290599823,0.0,0.0,0.0,1.9428078399878308,70,255,255,255
2180,74.43584434199965,16.61825180053711,4.604856491088867,-14.7391357421875,0.0887463167309761,1.8644462823867798,-0.2646232843399048,0.0,0.0,0.0,1.945116933810984,70,255,255,255
2181,74.47159461499996,16.609661102294922,4.678961277008057,-14.740234375,0.06613632291555405,1.8722364902496338,-0.2766212821006775,0.0,0.0,0.0,1.949860023712415,70,255,255,255
2182,74.50288741199984,16.601694107055664,4.737586498260498,-14.741165161132812,0.0420038215816021,1.8663322925567627,-0.28309541940689087,0.0,0.0,0.0,1.954241589495868,70,255,255,255
2183,74.53843832599978,16.594274520874023,4.796111106872559,-14.742691040039062,0.02252044528722763,1.858580231666565,-0.2569519877433777,0.0,0.0,0.0,1.9563674578360237,70,255,255,255
2184,74.57242354899972,16.587427139282227,4.854442596435547,-14.743789672851562,-0.003049281658604741,1.8474204540252686,-0.21669284999370575,0.0,0.0,0.0,1.9606478234980536,70,255,255,255
2185,74.60471290099986,16.576156616210938,4.9115729331970215,-14.741104125976562,-0.02949695847928524,1.840932011604309,-0.21468040347099304,0.0,0.0,0.0,1.964658277783604,70,255,255,255
2186,74.63707141999976,16.565858840942383,4.968587398529053,-14.73895263671875,-0.025432171300053596,1.842693567276001,-0.21233724057674408,0.0,0.0,0.0,1.9664547130969168,70,255,255,255
2187,74.67633447499975,16.554702758789062,5.040116786956787,-14.737457275390625,-0.03654969856142998,1.84104585647583,-0.22447843849658966,0.0,0.0,0.0,1.9707180345279702,70,255,255,255
2188,74.70641100299963,16.545480728149414,5.0977864265441895,-14.737548828125,-0.0420142263174057,1.8332350254058838,-0.22568795084953308,0.0,0.0,0.0,1.9741163612369657,70,255,255,255
2189,74.739122383,16.533544540405273,5.157042503356934,-14.737869262695312,-0.0370919443666935,1.8429162502288818,-0.23516346514225006,0.0,0.0,0.0,1.9762466237929202,70,255,255,255
2190,74.77682611699993,16.52353286743164,5.216794490814209,-14.739242553710938,-0.02394775114953518,1.8619260787963867,-0.22991442680358887,0.0,0.0,0.0,1.980394097716555,70,255,255,255
2191,74.80822710699977,16.515338897705078,5.277075290679932,-14.741073608398438,0.006788813974708319,1.882713794708252,-0.23903703689575195,0.0,0.0,0.0,1.9851988397972216,70,255,255,255
2192,74.84106550099978,16.50705337524414,5.336608409881592,-14.74114990234375,0.01988218165934086,1.8828545808792114,-0.24772463738918304,0.0,0.0,0.0,1.987565058425757,70,255,255,255
2193,74.87829687199974,16.495872497558594,5.409792423248291,-14.73974609375,0.01391574926674366,1.8879218101501465,-0.24257627129554749,0.0,0.0,0.0,1.992223326646469,70,255,255,255
2194,74.9102983849998,16.488683700561523,5.468687534332275,-14.739425659179688,0.04374472796916962,1.9001100063323975,-0.24392837285995483,0.0,0.0,0.0,1.996741512593843,70,255,255,255
2195,74.94310818999975,16.482892990112305,5.527749538421631,-14.739822387695312,0.02439376339316368,1.887826681137085,-0.24429015815258026,0.0,0.0,0.0,1.9989853589702893,70,255,255,255
2196,74.98051829299993,16.474109649658203,5.586947917938232,-14.740554809570312,0.01745307818055153,1.888732671737671,-0.24632517993450165,0.0,0.0,0.0,2.002970779541593,70,255,255,255
2197,75.0127221329999,16.465167999267578,5.646306991577148,-14.742324829101562,-0.008939694613218307,1.8840994834899902,-0.2670004665851593,0.0,0.0,0.0,2.007355807434463,70,255,255,255
2198,75.04506165399971,16.45688819885254,5.705436706542969,-14.744781494140625,-0.012483227998018265,1.8718092441558838,-0.24353420734405518,0.0,0.0,0.0,2.0092261454680256,70,255,255,255
2199,75.08405001599976,16.44721794128418,5.778839111328125,-14.748245239257812,-0.035513736307621,1.8538087606430054,-0.22808776795864105,0.0,0.0,0.0,2.013030870559367,70,255,255,255
2200,75.11662836699998,16.434091567993164,5.835654258728027,-14.7476806640625,-0.014024889096617699,1.8693503141403198,-0.22779327630996704,0.0,0.0,0.0,2.0174197600358177,70,255,255,255
2201,75.15033169799972,16.42277717590332,5.892952919006348,-14.747711181640625,-0.029405610635876656,1.866600513458252,-0.2409069985151291,0.0,0.0,0.0,2.019595962120576,70,255,255,255
2202,75.18592252299959,16.41217803955078,5.95049524307251,-14.748825073242188,-0.048788346350193024,1.8649280071258545,-0.23802940547466278,0.0,0.0,0.0,2.0240358511319014,70,255,255,255
2203,75.21815289300002,16.400314331054688,6.008039474487305,-14.749359130859375,-0.061024781316518784,1.8639483451843262,-0.24325992166996002,0.0,0.0,0.0,2.028418881653954,70,255,255,255
2204,75.25221813500002,16.38345718383789,6.065353870391846,-14.747360229492188,-0.06324232369661331,1.8633551597595215,-0.24554692208766937,0.0,0.0,0.0,2.030815194002807,70,255,255,255
2205,75.28853583199998,16.364791870117188,6.137294292449951,-14.74658203125,-0.07776936888694763,1.8599125146865845,-0.24963854253292084,0.0,0.0,0.0,2.034567721136783,70,255,255,255
2206,75.3209168569997,16.35097312927246,6.194901466369629,-14.746795654296875,-0.10004299879074097,1.8581311702728271,-0.24359863996505737,0.0,0.0,0.0,2.0392954978619464,70,255,255,255
2207,75.35335241499979,16.3365535736084,6.254100322723389,-14.747695922851562,-0.11911571770906448,1.8529466390609741,-0.24800631403923035,0.0,0.0,0.0,2.0411346769107555,70,255,255,255
2208,75.3896578279996,16.321428298950195,6.314567565917969,-14.749114990234375,-0.12149585038423538,1.8541316986083984,-0.2520590126514435,0.0,0.0,0.0,2.0444597666897737,70,255,255,255
2209,75.42257996399985,16.30767250061035,6.3750691413879395,-14.751327514648438,-0.12741690874099731,1.8618005514144897,-0.2620818614959717,0.0,0.0,0.0,2.0488558467011675,70,255,255,255
2210,75.45438616000001,16.29514503479004,6.435494899749756,-14.754318237304688,-0.13503143191337585,1.8607368469238281,-0.26390936970710754,0.0,0.0,0.0,2.0514534940284306,70,255,255,255
2211,75.49118367799974,16.279462814331055,6.509859085083008,-14.754379272460938,-0.12925352156162262,1.8626219034194946,-0.2394445389509201,0.0,0.0,0.0,2.0550407720167674,70,255,255,255
2212,75.52464961299984,16.267717361450195,6.5687456130981445,-14.752410888671875,-0.13420768082141876,1.860448956489563,-0.20399604737758636,0.0,0.0,0.0,2.05907759159711,70,255,255,255
2213,75.55682162099993,16.256301879882812,6.627503395080566,-14.750823974609375,-0.15829476714134216,1.8543847799301147,-0.2024708390235901,0.0,0.0,0.0,2.061401199648204,70,255,255,255
2214,75.593549317,16.24571990966797,6.686161518096924,-14.750030517578125,-0.15602798759937286,1.848430871963501,-0.19022341072559357,0.0,0.0,0.0,2.0661402948079997,70,255,255,255
2215,75.62659368999994,16.234037399291992,6.744698524475098,-14.746047973632812,-0.1842217594385147,1.8501472473144531,-0.20588383078575134,0.0,0.0,0.0,2.071497775972912,70,255,255,255
2216,75.65875459799963,16.22236442565918,6.803024768829346,-14.743362426757812,-0.22709937393665314,1.8337855339050293,-0.21315652132034302,0.0,0.0,0.0,2.073691288604756,70,255,255,255
2217,75.6968438089998,16.206754684448242,6.875364780426025,-14.741958618164062,-0.24941915273666382,1.834693193435669,-0.2318255752325058,0.0,0.0,0.0,2.0778936236468466,70,255,255,255
2218,75.7302442389996,16.195234298706055,6.9335126876831055,-14.740692138671875,-0.21684536337852478,1.85406494140625,-0.2547796964645386,0.0,0.0,0.0,2.0822228583148794,70,255,255,255
2219,75.7611226869999,16.184261322021484,6.991607189178467,-14.735305786132812,-0.2053842842578888,1.8657788038253784,-0.2788030505180359,0.0,0.0,0.0,2.0840994547770038,70,255,255,255
2220,75.799145554,16.17412757873535,7.049888610839844,-14.731536865234375,-0.2144746482372284,1.8576617240905762,-0.26532724499702454,0.0,0.0,0.0,2.0880678311173306,70,255,255,255
2221,75.83105458599994,16.164430618286133,7.107748508453369,-14.728546142578125,-0.23826006054878235,1.8265053033828735,-0.25292089581489563,0.0,0.0,0.0,2.09244100794335,70,255,255,255
2222,75.86366409499988,16.154512405395508,7.1650590896606445,-14.725677490234375,-0.2085428386926651,1.8395439386367798,-0.24386250972747803,0.0,0.0,0.0,2.0944066871439375,70,255,255,255
2223,75.9026788469996,16.142263412475586,7.236036777496338,-14.721755981445312,-0.21960493922233582,1.8155807256698608,-0.22941988706588745,0.0,0.0,0.0,2.0981686684997833,70,255,255,255
2224,75.9340264309999,16.132978439331055,7.2927069664001465,-14.720626831054688,-0.222737118601799,1.8183984756469727,-0.2608335018157959,0.0,0.0,0.0,2.102351562465916,70,255,255,255
2225,75.96751849199973,16.123991012573242,7.349395751953125,-14.720443725585938,-0.2366802841424942,1.8125821352005005,-0.2673856019973755,0.0,0.0,0.0,2.104604596748123,70,255,255,255
2226,76.00407244899998,16.111955642700195,7.406314373016357,-14.720260620117188,-0.28591734170913696,1.774542212486267,-0.2735274136066437,0.0,0.0,0.0,2.1090129273005314,70,255,255,255
2227,76.03560390299981,16.095352172851562,7.476822853088379,-14.720703125,-0.3155835270881653,1.7704359292984009,-0.2780444324016571,0.0,0.0,0.0,2.113002608929579,70,255,255,255
2228,76.06982634899987,16.085426330566406,7.519031524658203,-14.721664428710938,-0.32795339822769165,1.7596474885940552,-0.2804247736930847,0.0,0.0,0.0,2.1145642865928016,70,255,255,255
2229,76.10488082699976,16.068927764892578,7.588988304138184,-14.724960327148438,-0.3473575711250305,1.7488998174667358,-0.29449933767318726,0.0,0.0,0.0,2.1185807329908046,70,255,255,255
2230,76.13866461399994,16.05491065979004,7.641322612762451,-14.7281494140625,-0.37988388538360596,1.7200480699539185,-0.2869683802127838,0.0,0.0,0.0,2.123173886922864,70,255,255,255
2231,76.170420036,16.040145874023438,7.693352699279785,-14.731674194335938,-0.43692725896835327,1.7041114568710327,-0.2843916118144989,0.0,0.0,0.0,2.125347026372369,70,255,255,255
2232,76.20633633699981,16.02406883239746,7.744899272918701,-14.735580444335938,-0.481662392616272,1.6876600980758667,-0.2810768485069275,0.0,0.0,0.0,2.129783320116223,70,255,255,255
2233,76.23923526099998,16.007368087768555,7.79658842086792,-14.739212036132812,-0.48524415493011475,1.6932947635650635,-0.2991744875907898,0.0,0.0,0.0,2.133771270690562,70,255,255,255
2234,76.27239767299989,15.989978790283203,7.848522186279297,-14.739883422851562,-0.52070552110672,1.6817622184753418,-0.30767354369163513,0.0,0.0,0.0,2.1356951382620353,70,255,255,255
2235,76.30869056499978,15.967782974243164,7.91344690322876,-14.742431640625,-0.5216624736785889,1.6901707649230957,-0.3223024010658264,0.0,0.0,0.0,2.140799885439499,70,255,255,255
2236,76.34144479499992,15.950329780578613,7.965689659118652,-14.74530029296875,-0.543308675289154,1.6770954132080078,-0.2983342707157135,0.0,0.0,0.0,2.1454696052528988,70,255,255,255
2237,76.37532752199968,15.93056869506836,8.01801586151123,-14.746932983398438,-0.5566269755363464,1.6745864152908325,-0.2860059142112732,0.0,0.0,0.0,2.1476077241340685,70,255,255,255
2238,76.4110547539999,15.909159660339355,8.070887565612793,-14.747909545898438,-0.5810061097145081,1.6646050214767456,-0.2831607758998871,0.0,0.0,0.0,2.151493009848385,70,255,255,255
2239,76.44371962699961,15.887632369995117,8.123745918273926,-14.749908447265625,-0.604617178440094,1.6652159690856934,-0.2878340482711792,0.0,0.0,0.0,2.1560301042394987,70,255,255,255
2240,76.47655232299985,15.8663330078125,8.176911354064941,-14.75250244140625,-0.6092355251312256,1.6678693294525146,-0.2788619101047516,0.0,0.0,0.0,2.1581105656830686,70,255,255,255
2241,76.51392195699964,15.839780807495117,8.244325637817383,-14.752731323242188,-0.6015307903289795,1.6820093393325806,-0.23012526333332062,0.0,0.0,0.0,2.162515966758278,70,255,255,255
2242,76.54647733999991,15.818979263305664,8.299264907836914,-14.752578735351562,-0.5973175764083862,1.6853139400482178,-0.24416802823543549,0.0,0.0,0.0,2.16682655929868,70,255,255,255
2243,76.57877410799983,15.798501968383789,8.353933334350586,-14.75360107421875,-0.6090675592422485,1.6867034435272217,-0.2640823423862457,0.0,0.0,0.0,2.1689214018121366,70,255,255,255
2244,76.61559850200001,15.777976989746094,8.408552169799805,-14.755905151367188,-0.6142787337303162,1.6916173696517944,-0.28022050857543945,0.0,0.0,0.0,2.172458479213925,70,255,255,255
2245,76.6481215079998,15.759303092956543,8.463202476501465,-14.756484985351562,-0.6161693334579468,1.6831058263778687,-0.26184388995170593,0.0,0.0,0.0,2.176555752551012,70,255,255,255
2246,76.68476249399964,15.740106582641602,8.51744556427002,-14.75830078125,-0.6353864073753357,1.6814078092575073,-0.27995139360427856,0.0,0.0,0.0,2.1791872220241193,70,255,255,255
2247,76.7188683039999,15.715877532958984,8.585232734680176,-14.761505126953125,-0.6455552577972412,1.6789013147354126,-0.26821649074554443,0.0,0.0,0.0,2.1836932905885336,70,255,255,255
2248,76.75149319000002,15.695826530456543,8.640275001525879,-14.764266967773438,-0.6632898449897766,1.67622709274292,-0.275004506111145,0.0,0.0,0.0,2.188190304405241,70,255,255,255
2249,76.78565047899974,15.674545288085938,8.697936058044434,-14.766036987304688,-0.670602023601532,1.685371994972229,-0.25635021924972534,0.0,0.0,0.0,2.1905673088361914,70,255,255,255
2250,76.82148774899997,15.6528959274292,8.755142211914062,-14.767745971679688,-0.6989676356315613,1.6776702404022217,-0.23619525134563446,0.0,0.0,0.0,2.1953691214396587,70,255,255,255
2251,76.85362034799982,15.631162643432617,8.812289237976074,-14.769744873046875,-0.7031585574150085,1.6947052478790283,-0.2124367356300354,0.0,0.0,0.0,2.1997601414449814,70,255,255,255
2252,76.88767054399977,15.608646392822266,8.869824409484863,-14.76934814453125,-0.7492139935493469,1.666966438293457,-0.20190346240997314,0.0,0.0,0.0,2.2025672463919794,70,255,255,255
2253,76.92356401699999,15.579028129577637,8.941376686096191,-14.767196655273438,-0.7788426280021667,1.6632202863693237,-0.2074664980173111,0.0,0.0,0.0,2.2065390848417237,70,255,255,255
2254,76.95545793099973,15.554779052734375,8.998287200927734,-14.766860961914062,-0.7855368852615356,1.67372727394104,-0.20526421070098877,0.0,0.0,0.0,2.2115262534570603,70,255,255,255
2255,76.98960943199972,15.530902862548828,9.055221557617188,-14.76702880859375,-0.7880700826644897,1.678578495979309,-0.2154240757226944,0.0,0.0,0.0,2.2135742243353316,70,255,255,255
2256,77.02566885499982,15.50527572631836,9.113486289978027,-14.766754150390625,-0.8058087229728699,1.6796671152114868,-0.20797540247440338,0.0,0.0,0.0,2.219256744311288,70,255,255,255
2257,77.05793637199986,15.479315757751465,9.172202110290527,-14.76708984375,-0.7923808693885803,1.7034305334091187,-0.22617758810520172,0.0,0.0,0.0,2.2230344383175655,70,255,255,255
2258,77.09095936799986,15.453934669494629,9.23127269744873,-14.768447875976562,-0.7995833158493042,1.7140183448791504,-0.22629916667938232,0.0,0.0,0.0,2.2253286184386143,70,255,255,255
2259,77.12823078199972,15.422443389892578,9.304298400878906,-14.770843505859375,-0.7943885326385498,1.7068798542022705,-0.2279074639081955,0.0,0.0,0.0,2.2287720857280866,70,255,255,255
2260,77.16030398599969,15.398565292358398,9.363232612609863,-14.769989013671875,-0.7951302528381348,1.7141000032424927,-0.22184830904006958,0.0,0.0,0.0,2.2329081080590343,70,255,255,255
2261,77.1932347349998,15.373805046081543,9.421497344970703,-14.770309448242188,-0.8350563049316406,1.693706750869751,-0.2222810685634613,0.0,0.0,0.0,2.2348201245636568,70,255,255,255
2262,77.23014655599991,15.348042488098145,9.478565216064453,-14.7713623046875,-0.8676066994667053,1.6686457395553589,-0.23829172551631927,0.0,0.0,0.0,2.2386414944118114,70,255,255,255
2263,77.26228791299991,15.321215629577637,9.5349760055542,-14.773406982421875,-0.9060397744178772,1.6491671800613403,-0.2595756947994232,0.0,0.0,0.0,2.242936107985673,70,255,255,255
2264,77.29480800800002,15.29382038116455,9.5916748046875,-14.77490234375,-0.905887246131897,1.6561458110809326,-0.256366491317749,0.0,0.0,0.0,2.245264776042838,70,255,255,255
2265,77.33357662599974,15.25947380065918,9.662354469299316,-14.777542114257812,-0.9230847358703613,1.650098204612732,-0.24822214245796204,0.0,0.0,0.0,2.2497796330388495,70,255,255,255
2266,77.36639874799994,15.231828689575195,9.718452453613281,-14.780868530273438,-0.9297913908958435,1.6582492589950562,-0.270611047744751,0.0,0.0,0.0,2.2542478847157845,70,255,255,255
2267,77.39895730399985,15.203797340393066,9.775077819824219,-14.783035278320312,-0.9417552351951599,1.6525708436965942,-0.28838661313056946,0.0,0.0,0.0,2.2558457813698323,70,255,255,255
2268,77.43600929799959,15.17586612701416,9.832612037658691,-14.784454345703125,-0.9416764974594116,1.6686054468154907,-0.2969855070114136,0.0,0.0,0.0,2.2597329312969117,70,255,255,255
2269,77.46974819299976,15.147858619689941,9.8900146484375,-14.787277221679688,-0.9438774585723877,1.6748507022857666,-0.323032021522522,0.0,0.0,0.0,2.2639883964027496,70,255,255,255
2270,77.50325895599963,15.120464324951172,9.94719409942627,-14.790908813476562,-0.921657919883728,1.6733537912368774,-0.29745790362358093,0.0,0.0,0.0,2.26632105920155,70,255,255,255
2271,77.5405815209997,15.086808204650879,10.018431663513184,-14.7940673828125,-0.92613285779953,1.6657869815826416,-0.28540459275245667,0.0,0.0,0.0,2.2702747881558816,70,255,255,255
2272,77.57162807799978,15.060050010681152,10.07524585723877,-14.796035766601562,-0.9238479137420654,1.6620107889175415,-0.27176520228385925,0.0,0.0,0.0,2.2743425004048685,70,255,255,255
2273,77.60300028599977,15.033363342285156,10.131866455078125,-14.799057006835938,-0.9218567609786987,1.6718556880950928,-0.29590559005737305,0.0,0.0,0.0,2.2762565142803086,70,255,255,255
2274,77.63899900499973,15.006523132324219,10.188093185424805,-14.80322265625,-0.9259355068206787,1.6632804870605469,-0.3029918968677521,0.0,0.0,0.0,2.280907192491914,70,255,255,255
2275,77.67154656399998,14.97851848602295,10.245606422424316,-14.806564331054688,-0.9504687190055847,1.6429858207702637,-0.30123645067214966,0.0,0.0,0.0,2.2843618450579646,70,255,255,255
2276,77.70405762399969,14.949475288391113,10.30172348022461,-14.809661865234375,-0.9701688885688782,1.6271799802780151,-0.2601611316204071,0.0,0.0,0.0,2.2867070247138885,70,255,255,255
2277,77.74089874499987,14.912325859069824,10.371206283569336,-14.813888549804688,-0.9911103844642639,1.6239397525787354,-0.2677769958972931,0.0,0.0,0.0,2.2918567793137745,70,255,255,255
2278,77.77409868099994,14.882120132446289,10.42601203918457,-14.816574096679688,-0.9872815608978271,1.6093379259109497,-0.24627938866615295,0.0,0.0,0.0,2.295705313405048,70,255,255,255
2279,77.80605701799959,14.850146293640137,10.479133605957031,-14.816619873046875,-0.9949191212654114,1.6050434112548828,-0.2333894520998001,0.0,0.0,0.0,2.297309335329603,70,255,255,255
2280,77.8432969319997,14.81813907623291,10.532071113586426,-14.817001342773438,-1.0155338048934937,1.5950847864151,-0.21681097149848938,0.0,0.0,0.0,2.301374118101391,70,255,255,255
2281,77.87700802599966,14.785426139831543,10.584308624267578,-14.8179931640625,-1.0370630025863647,1.5753121376037598,-0.21347452700138092,0.0,0.0,0.0,2.305419193481112,70,255,255,255
2282,77.90821370599997,14.752127647399902,10.63517951965332,-14.816436767578125,-1.0348727703094482,1.5703258514404297,-0.19171732664108276,0.0,0.0,0.0,2.3068421204515417,70,255,255,255
2283,77.94534670299981,14.709927558898926,10.696993827819824,-14.811904907226562,-1.0522252321243286,1.5516265630722046,-0.1990329623222351,0.0,0.0,0.0,2.3108102304757594,70,255,255,255
2284,77.97802500399985,14.676003456115723,10.745898246765137,-14.80914306640625,-1.0600330829620361,1.5362825393676758,-0.1951657086610794,0.0,0.0,0.0,2.314311488360887,70,255,255,255
2285,78.01055668799972,14.642342567443848,10.794506072998047,-14.807281494140625,-1.0664503574371338,1.5221600532531738,-0.18199238181114197,0.0,0.0,0.0,2.3165184499562352,70,255,255,255
2286,78.04926966199992,14.606898307800293,10.84463882446289,-14.803298950195312,-1.072584629058838,1.5220035314559937,-0.16964423656463623,0.0,0.0,0.0,2.3204237093787277,70,255,255,255
2287,78.08128691699994,14.571142196655273,10.895272254943848,-14.799545288085938,-1.0777339935302734,1.5157443284988403,-0.17440666258335114,0.0,0.0,0.0,2.324269313992802,70,255,255,255
2288,78.11326519699969,14.535365104675293,10.945304870605469,-14.797073364257812,-1.0965256690979004,1.5008357763290405,-0.17832408845424652,0.0,0.0,0.0,2.326651511587878,70,255,255,255
2289,78.15243803899966,14.49042797088623,11.0069580078125,-14.794830322265625,-1.119488000869751,1.4838136434555054,-0.1810065358877182,0.0,0.0,0.0,2.3307794112775007,70,255,255,255
2290,78.1851172429997,14.453668594360352,11.057147979736328,-14.790740966796875,-1.1302131414413452,1.473329782485962,-0.17991988360881805,0.0,0.0,0.0,2.3353842831183567,70,255,255,255
2291,78.2175084749997,14.416790962219238,11.106497764587402,-14.7874755859375,-1.1592293977737427,1.4330874681472778,-0.172809436917305,0.0,0.0,0.0,2.3374295908355376,70,255,255,255
2292,78.25449855399984,14.379745483398438,11.154861450195312,-14.784866333007812,-1.1295673847198486,1.4492398500442505,-0.15859805047512054,0.0,0.0,0.0,2.3412395090910048,70,255,255,255
2293,78.28591218499969,14.343511581420898,11.204412460327148,-14.782135009765625,-1.1236202716827393,1.4582475423812866,-0.15944255888462067,0.0,0.0,0.0,2.3460598306640486,70,255,255,255
2294,78.31880282999964,14.306933403015137,11.256187438964844,-14.777328491210938,-1.124152421951294,1.4603439569473267,-0.15367023646831512,0.0,0.0,0.0,2.3483506818337343,70,255,255,255
2295,78.35476404899964,14.2613525390625,11.320297241210938,-14.772659301757812,-1.1440552473068237,1.4517638683319092,-0.1513514369726181,0.0,0.0,0.0,2.3529475641913202,70,255,255,255
2296,78.38752577199966,14.224564552307129,11.370702743530273,-14.76971435546875,-1.1519306898117065,1.4378937482833862,-0.12191382050514221,0.0,0.0,0.0,2.356560408526122,70,255,255,255
2297,78.42044991099965,14.187111854553223,11.421722412109375,-14.764877319335938,-1.1462713479995728,1.4524582624435425,-0.14519654214382172,0.0,0.0,0.0,2.3586358099636207,70,255,255,255
2298,78.45695018299966,14.148962020874023,11.473278999328613,-14.758865356445312,-1.1535155773162842,1.4469212293624878,-0.14239951968193054,0.0,0.0,0.0,2.363850545694105,70,255,255,255
2299,78.48884742699965,14.111104011535645,11.524199485778809,-14.753799438476562,-1.1541001796722412,1.4489492177963257,-0.13710203766822815,0.0,0.0,0.0,2.368638376701849,70,255,255,255
2300,78.52202763199966,14.072781562805176,11.574564933776855,-14.75030517578125,-1.181235909461975,1.4440345764160156,-0.15515829622745514,0.0,0.0,0.0,2.370306048176457,70,255,255,255
2301,78.55887104099975,14.024198532104492,11.639511108398438,-14.744766235351562,-1.1968238353729248,1.4504780769348145,-0.1746429055929184,0.0,0.0,0.0,2.374213438127821,70,255,255,255
2302,78.5910435159999,13.985291481018066,11.692238807678223,-14.740081787109375,-1.1924182176589966,1.4471620321273804,-0.1630198061466217,0.0,0.0,0.0,2.3786654445221065,70,255,255,255
2303,78.62422735499968,13.946049690246582,11.743741035461426,-14.736297607421875,-1.2218670845031738,1.4264084100723267,-0.16813848912715912,0.0,0.0,0.0,2.3805403099295224,70,255,255,255
2304,78.66092930199966,13.906294822692871,11.794184684753418,-14.733734130859375,-1.2464017868041992,1.4089499711990356,-0.16934245824813843,0.0,0.0,0.0,2.3846058916496373,70,255,255,255
2305,78.69625002899966,13.868408203125,11.847776412963867,-14.731307983398438,-1.2389289140701294,1.4131674766540527,-0.15564075112342834,0.0,0.0,0.0,2.389175077131886,70,255,255,255
2306,78.73654436299967,13.83056354522705,11.900707244873047,-14.7294921875,-1.2420992851257324,1.4089659452438354,-0.15242019295692444,0.0,0.0,0.0,2.3911314352686586,70,255,255,255
2307,78.76463120699964,13.783140182495117,11.965635299682617,-14.728744506835938,-1.2316714525222778,1.4236018657684326,-0.1660766750574112,0.0,0.0,0.0,2.3959576157961,70,255,255,255
2308,78.79702424499965,13.745948791503906,12.01806354522705,-14.72808837890625,-1.1951751708984375,1.4516520500183105,-0.1728844791650772,0.0,0.0,0.0,2.40040030112657,70,255,255,255
2309,78.82910822299982,13.708889961242676,12.071170806884766,-14.72509765625,-1.1998052597045898,1.4465603828430176,-0.17063231766223907,0.0,0.0,0.0,2.402602735348066,70,255,255,255
2310,78.86829816299996,13.671494483947754,12.123368263244629,-14.72308349609375,-1.2154268026351929,1.438380479812622,-0.18114985525608063,0.0,0.0,0.0,2.4073202589030323,70,255,255,255
2311,78.90100138199978,13.633663177490234,12.174670219421387,-14.722976684570312,-1.2097269296646118,1.4370051622390747,-0.20646460354328156,0.0,0.0,0.0,2.412056424585629,70,255,255,255
2312,78.93528026399963,13.596473693847656,12.225400924682617,-14.722732543945312,-1.2179923057556152,1.430525541305542,-0.21600785851478577,0.0,0.0,0.0,2.4142812293602813,70,255,255,255
2313,78.97039698399976,13.549732208251953,12.287611961364746,-14.723114013671875,-1.2437694072723389,1.4022395610809326,-0.208380326628685,0.0,0.0,0.0,2.4195423040937327,70,255,255,255
2314,79.00230426400003,13.511417388916016,12.335737228393555,-14.724029541015625,-1.275787353515625,1.3609387874603271,-0.22185303270816803,0.0,0.0,0.0,2.424754110347018,70,255,255,255
2315,79.03510981199997,13.471770286560059,12.381977081298828,-14.726028442382812,-1.3114811182022095,1.3217345476150513,-0.23588664829730988,0.0,0.0,0.0,2.426677445286273,70,255,255,255
2316,79.07132261499964,13.432424545288086,12.42811393737793,-14.726974487304688,-1.3160948753356934,1.3184565305709839,-0.21805992722511292,0.0,0.0,0.0,2.432024540122934,70,255,255,255
2317,79.10603987099967,13.393181800842285,12.474209785461426,-14.727279663085938,-1.3092360496520996,1.3250361680984497,-0.18747632205486298,0.0,0.0,0.0,2.4365457887055615,70,255,255,255
2318,79.13888155299992,13.353870391845703,12.519927978515625,-14.727615356445312,-1.3047854900360107,1.3285136222839355,-0.1672699898481369,0.0,0.0,0.0,2.4390233274676625,70,255,255,255
2319,79.17348501199967,13.304060935974121,12.576287269592285,-14.728652954101562,-1.3314976692199707,1.315372109413147,-0.1914234161376953,0.0,0.0,0.0,2.4440593650890023,70,255,255,255
2320,79.20552817499993,13.264004707336426,12.62220573425293,-14.72900390625,-1.3420741558074951,1.3091909885406494,-0.18610864877700806,0.0,0.0,0.0,2.4490551889778818,70,255,255,255
2321,79.23809644499988,13.223454475402832,12.667505264282227,-14.730010986328125,-1.3470454216003418,1.3109827041625977,-0.2057480663061142,0.0,0.0,0.0,2.4515542993448123,70,255,255,255
2322,79.27615479299993,13.182661056518555,12.7124605178833,-14.732208251953125,-1.3571338653564453,1.300034999847412,-0.1990724354982376,0.0,0.0,0.0,2.455784997052512,70,255,255,255
2323,79.30723247299966,13.141556739807129,12.757547378540039,-14.734039306640625,-1.3687264919281006,1.289475440979004,-0.21216805279254913,0.0,0.0,0.0,2.4605648385769863,70,255,255,255
2324,79.34005945799981,13.100363731384277,12.804329872131348,-14.734848022460938,-1.3824217319488525,1.292892336845398,-0.22069723904132843,0.0,0.0,0.0,2.462964879351366,70,255,255,255
2325,79.37784663299999,13.047713279724121,12.861509323120117,-14.736984252929688,-1.4060266017913818,1.2726517915725708,-0.2236054390668869,0.0,0.0,0.0,2.4675516416968093,70,255,255,255
2326,79.40982737899958,13.005057334899902,12.906827926635742,-14.739303588867188,-1.4263867139816284,1.27329421043396,-0.22514429688453674,0.0,0.0,0.0,2.4718193573436613,70,255,255,255
2327,79.44327418499961,12.961321830749512,12.952067375183105,-14.743331909179688,-1.4454132318496704,1.2653805017471313,-0.23182325065135956,0.0,0.0,0.0,2.473999421012,70,255,255,255
2328,79.4810667669999,12.917067527770996,12.997431755065918,-14.74871826171875,-1.4621964693069458,1.246890902519226,-0.23026487231254578,0.0,0.0,0.0,2.478070329054295,70,255,255,255
2329,79.51352633099987,12.872018814086914,13.04132080078125,-14.754486083984375,-1.500070333480835,1.2011691331863403,-0.2343650609254837,0.0,0.0,0.0,2.4827524325667634,70,255,255,255
2330,79.54619132799962,12.825919151306152,13.083953857421875,-14.761062622070312,-1.5272825956344604,1.1862940788269043,-0.24270452558994293,0.0,0.0,0.0,2.4850683174506965,70,255,255,255
2331,79.58712502399976,12.765999794006348,13.138017654418945,-14.767288208007812,-1.5561165809631348,1.1475971937179565,-0.22240158915519714,0.0,0.0,0.0,2.4892031413591535,70,255,255,255
2332,79.61615788599966,12.717020034790039,13.18159008026123,-14.7708740234375,-1.5691938400268555,1.153221607208252,-0.22295355796813965,0.0,0.0,0.0,2.4929704490371796,70,255,255,255
2333,79.64829733899978,12.66759204864502,13.224260330200195,-14.775070190429688,-1.5789191722869873,1.1446439027786255,-0.2191314995288849,0.0,0.0,0.0,2.4946501047366922,70,255,255,255
2334,79.68468204999999,12.617587089538574,13.265776634216309,-14.77972412109375,-1.5883440971374512,1.1378849744796753,-0.22383634746074677,0.0,0.0,0.0,2.4983122175516606,70,255,255,255
2335,79.71957898899973,12.566831588745117,13.3101224899292,-14.781967163085938,-1.5941264629364014,1.146554708480835,-0.22889864444732666,0.0,0.0,0.0,2.501658745777454,70,255,255,255
2336,79.75222169599965,12.515954971313477,13.353778839111328,-14.784393310546875,-1.6059788465499878,1.1377654075622559,-0.20691275596618652,0.0,0.0,0.0,2.503511773263931,70,255,255,255
2337,79.7879769479996,12.452042579650879,13.407064437866211,-14.788070678710938,-1.5988833904266357,1.143576741218567,-0.20244061946868896,0.0,0.0,0.0,2.507514238066211,70,255,255,255
2338,79.82100345499975,12.400425910949707,13.448822021484375,-14.791824340820312,-1.6441584825515747,1.1057581901550293,-0.21266497671604156,0.0,0.0,0.0,2.509923599904406,70,255,255,255
2339,79.85336418499992,12.348284721374512,13.489949226379395,-14.795394897460938,-1.6587388515472412,1.0795278549194336,-0.18225303292274475,0.0,0.0,0.0,2.5116266914215117,70,255,255,255
2340,79.8897513249999,12.295818328857422,13.530603408813477,-14.799331665039062,-1.6663391590118408,1.0997998714447021,-0.19164876639842987,0.0,0.0,0.0,2.5155231624124066,70,255,255,255
2341,79.92255469499969,12.243512153625488,13.571464538574219,-14.803695678710938,-1.6615155935287476,1.1230487823486328,-0.20493507385253906,0.0,0.0,0.0,2.51923481002365,70,255,255,255
2342,79.9545697149997,12.191536903381348,13.613021850585938,-14.8087158203125,-1.673852562904358,1.1098577976226807,-0.20193028450012207,0.0,0.0,0.0,2.521144296525237,70,255,255,255
2343,79.99239644399995,12.127121925354004,13.665837287902832,-14.815444946289062,-1.674141764640808,1.1245313882827759,-0.2214130312204361,0.0,0.0,0.0,2.5253036215157225,70,255,255,255
2344,80.02567498099961,12.075506210327148,13.707551002502441,-14.821136474609375,-1.665450930595398,1.1221622228622437,-0.21176281571388245,0.0,0.0,0.0,2.529395834846738,70,255,255,255
2345,80.05707317499991,12.023992538452148,13.748113632202148,-14.826202392578125,-1.65949285030365,1.1077429056167603,-0.17347191274166107,0.0,0.0,0.0,2.5313932056642976,70,255,255,255
2346,80.09437076899985,11.973304748535156,13.787493705749512,-14.830612182617188,-1.6431652307510376,1.1137248277664185,-0.16176187992095947,0.0,0.0,0.0,2.5361187187025345,70,255,255,255
2347,80.12728608599991,11.92294692993164,13.826262474060059,-14.835067749023438,-1.637486219406128,1.1053409576416016,-0.15304630994796753,0.0,0.0,0.0,2.540553148233625,70,255,255,255
2348,80.15929924900001,11.872587203979492,13.864346504211426,-14.839630126953125,-1.6322829723358154,1.1015582084655762,-0.14141614735126495,0.0,0.0,0.0,2.5426186959750905,70,255,255,255
2349,80.19738937199963,11.809510231018066,13.91092300415039,-14.844863891601562,-1.6278414726257324,1.0913208723068237,-0.13425180315971375,0.0,0.0,0.0,2.546757514625183,70,255,255,255
2350,80.22870230799981,11.760004043579102,13.951498985290527,-14.848770141601562,-1.6296557188034058,1.0676872730255127,-0.13124945759773254,0.0,0.0,0.0,2.5509189701445405,70,255,255,255
2351,80.26121178099993,11.710104942321777,13.990864753723145,-14.852951049804688,-1.6436752080917358,1.0528579950332642,-0.13432331383228302,0.0,0.0,0.0,2.552418862470473,70,255,255,255
2352,80.30164024199985,11.659448623657227,14.029156684875488,-14.857559204101562,-1.6605833768844604,1.0481245517730713,-0.15380966663360596,0.0,0.0,0.0,2.556479916816735,70,255,255,255
2353,80.33309299699977,11.60887336730957,14.068239212036133,-14.862106323242188,-1.6518480777740479,1.0652806758880615,-0.14931879937648773,0.0,0.0,0.0,2.560788112512156,70,255,255,255
2354,80.36429185599991,11.558753967285156,14.109176635742188,-14.865386962890625,-1.654638648033142,1.0528062582015991,-0.14122320711612701,0.0,0.0,0.0,2.562688810582146,70,255,255,255
2355,80.40079575899972,11.49569320678711,14.158984184265137,-14.8697509765625,-1.654624581336975,1.0533357858657837,-0.1367562860250473,0.0,0.0,0.0,2.5666238974088467,70,255,255,255
2356,80.43473424399963,11.445077896118164,14.198121070861816,-14.873367309570312,-1.6487072706222534,1.0531601905822754,-0.13760149478912354,0.0,0.0,0.0,2.5707435412990907,70,255,255,255
2357,80.46708435599976,11.394835472106934,14.2372465133667,-14.877395629882812,-1.6453145742416382,1.0424435138702393,-0.14126159250736237,0.0,0.0,0.0,2.5728919133504573,70,255,255,255
2358,80.5042558529999,11.345283508300781,14.276679039001465,-14.881729125976562,-1.6294366121292114,1.0496985912322998,-0.13588254153728485,0.0,0.0,0.0,2.576234713150725,70,255,255,255
2359,80.53766416399958,11.29534912109375,14.315142631530762,-14.886642456054688,-1.654318928718567,1.0216983556747437,-0.16493266820907593,0.0,0.0,0.0,2.5800566156310976,70,255,255,255
2360,80.5682946439997,11.244834899902344,14.352535247802734,-14.891860961914062,-1.6579663753509521,1.01270592212677,-0.1601877510547638,0.0,0.0,0.0,2.582124027585326,70,255,255,255
2361,80.60522586499974,11.18277645111084,14.40005111694336,-14.898361206054688,-1.6546597480773926,1.012929081916809,-0.11414828896522522,0.0,0.0,0.0,2.586934229146227,70,255,255,255
2362,80.63734502499983,11.134045600891113,14.438621520996094,-14.90277099609375,-1.6451042890548706,1.031011939048767,-0.1036749929189682,0.0,0.0,0.0,2.5912717196136392,70,255,255,255
2363,80.66985447599973,11.084762573242188,14.476332664489746,-14.906951904296875,-1.6482094526290894,1.023923397064209,-0.0908462330698967,0.0,0.0,0.0,2.593473354886808,70,255,255,255
2364,80.70717026099965,11.035026550292969,14.513337135314941,-14.910659790039062,-1.6487115621566772,1.0258731842041016,-0.0655994787812233,0.0,0.0,0.0,2.598157588928148,70,255,255,255
2365,80.73982784999998,10.98409652709961,14.5501127243042,-14.91448974609375,-1.656311273574829,1.0294939279556274,-0.06812173128128052,0.0,0.0,0.0,2.6022412801436756,70,255,255,255
2366,80.77285527899994,10.932642936706543,14.586129188537598,-14.9183349609375,-1.6708431243896484,1.0121132135391235,-0.05986592918634415,0.0,0.0,0.0,2.604573942942476,70,255,255,255
2367,80.80885303199966,10.868389129638672,14.630539894104004,-14.922531127929688,-1.6569404602050781,1.0185441970825195,-0.06824809312820435,0.0,0.0,0.0,2.609859252441847,70,255,255,255
2368,80.84646736299965,10.816444396972656,14.665844917297363,-14.926589965820312,-1.664210557937622,1.0056607723236084,-0.06365790218114853,0.0,0.0,0.0,2.6145703844101975,70,255,255,255
2369,80.87995320699974,10.764351844787598,14.70253849029541,-14.931015014648438,-1.6671663522720337,0.9997243881225586,-0.08526289463043213,0.0,0.0,0.0,2.6170889358530856,70,255,255,255
2370,80.91567211399979,10.711946487426758,14.738354682922363,-14.936172485351562,-1.6743202209472656,0.9861547946929932,-0.1127576157450676,0.0,0.0,0.0,2.62192763323765,70,255,255,255
2371,80.95409662599968,10.659224510192871,14.77342414855957,-14.941818237304688,-1.6841886043548584,0.9769808650016785,-0.12039882689714432,0.0,0.0,0.0,2.626490427133283,70,255,255,255
2372,80.98034871499976,10.605685234069824,14.809004783630371,-14.947891235351562,-1.6769824028015137,0.9632706642150879,-0.1088934987783432,0.0,0.0,0.0,2.628676083439911,70,255,255,255
2373,81.01904344199966,10.53805923461914,14.853656768798828,-14.9552001953125,-1.6769459247589111,0.9450588226318359,-0.08289091289043427,0.0,0.0,0.0,2.6332726994813878,70,255,255,255
2374,81.05580322599963,10.483932495117188,14.888264656066895,-14.959930419921875,-1.6744177341461182,0.9432564377784729,-0.06774811446666718,0.0,0.0,0.0,2.6380022072612594,70,255,255,255
2375,81.0907057319996,10.430075645446777,14.922126770019531,-14.964157104492188,-1.672115445137024,0.9328030943870544,-0.037709616124629974,0.0,0.0,0.0,2.640636339895457,70,255,255,255
2376,81.12182410099967,10.360213279724121,14.963314056396484,-14.968353271484375,-1.674329400062561,0.9295632243156433,-0.014182711020112038,0.0,0.0,0.0,2.645682763845048,70,255,255,255
2377,81.15712795499985,10.317956924438477,14.987425804138184,-14.970718383789062,-1.680435061454773,0.9147120714187622,-0.013102483004331589,0.0,0.0,0.0,2.6485525862357178,70,255,255,255
2378,81.19377116999976,10.261943817138672,15.018913269042969,-14.973663330078125,-1.6762584447860718,0.9070647358894348,-0.012487622909247875,0.0,0.0,0.0,2.654442965934755,70,255,255,255
2379,81.22238854899979,10.19283676147461,15.058307647705078,-14.9771728515625,-1.6505247354507446,0.9437277317047119,-0.012168277986347675,0.0,0.0,0.0,2.6567481981743275,70,255,255,255
2380,81.2539573009999,10.136096954345703,15.090956687927246,-14.979293823242188,-1.6492098569869995,0.9559599757194519,-0.027662262320518494,0.0,0.0,0.0,2.6611922150853426,70,255,255,255
2381,81.28686654299963,10.079414367675781,15.122933387756348,-14.981704711914062,-1.670030117034912,0.9120652675628662,-0.02877533622086048,0.0,0.0,0.0,2.6636164906256417,70,255,255,255
2382,81.32232526400003,10.022336959838867,15.153478622436523,-14.984481811523438,-1.6935136318206787,0.8882684111595154,-0.04527385160326958,0.0,0.0,0.0,2.667458100498081,70,255,255,255
2383,81.3544532889996,9.964624404907227,15.183462142944336,-14.987380981445312,-1.7103664875030518,0.8645100593566895,-0.026899222284555435,0.0,0.0,0.0,2.671076004838954,70,255,255,255
2384,81.3873621179996,9.905091285705566,15.212605476379395,-14.990921020507812,-1.727015495300293,0.8421332240104675,-0.044105950742959976,0.0,0.0,0.0,2.673202006337164,70,255,255,255
2385,81.4352444279998,9.830775260925293,15.248377799987793,-14.99609375,-1.7350982427597046,0.8384572863578796,-0.05763927102088928,0.0,0.0,0.0,2.676908327626227,70,255,255,255
2386,81.46141049399967,9.771546363830566,15.276521682739258,-15.000015258789062,-1.7392830848693848,0.8394655585289001,-0.03541509807109833,0.0,0.0,0.0,2.681030634677561,70,255,255,255
2387,81.49671800499982,9.71303653717041,15.304705619812012,-15.003631591796875,-1.7386332750320435,0.837980329990387,-0.03122320957481861,0.0,0.0,0.0,2.6833079037256877,70,255,255,255
2388,81.53079097199998,9.65485954284668,15.332371711730957,-15.007827758789062,-1.758086919784546,0.8094967603683472,-0.04070886969566345,0.0,0.0,0.0,2.6875071761325247,70,255,255,255
2389,81.57071464699993,9.596382141113281,15.359190940856934,-15.0120849609375,-1.7744489908218384,0.7914360165596008,-0.05625719577074051,0.0,0.0,0.0,2.6896859082203184,70,255,255,255
2390,81.60548063499982,9.537890434265137,15.385778427124023,-15.0164794921875,-1.7676564455032349,0.8056320548057556,-0.04467147961258888,0.0,0.0,0.0,2.695029540947562,70,255,255,255
2391,81.63352978699959,9.465741157531738,15.419502258300781,-15.019210815429688,-1.7829139232635498,0.7811238765716553,-0.06286093592643738,0.0,0.0,0.0,2.6995342779314315,70,255,255,255
2392,81.66281985399974,9.408422470092773,15.446538925170898,-15.020721435546875,-1.7944327592849731,0.7652609944343567,-0.08331046253442764,0.0,0.0,0.0,2.7039415432194036,70,255,255,255
2393,81.69628361099967,9.35036563873291,15.472180366516113,-15.022964477539062,-1.823948860168457,0.7219188809394836,-0.0765453353524208,0.0,0.0,0.0,2.7065538379326624,70,255,255,255
2394,81.7364003079997,9.291728019714355,15.496628761291504,-15.02557373046875,-1.824641466140747,0.7105339765548706,-0.10115259885787964,0.0,0.0,0.0,2.7112042498281586,70,255,255,255
2395,81.7653267149999,9.236166000366211,15.522370338439941,-15.030303955078125,-1.8386118412017822,0.6988296508789062,-0.09941335022449493,0.0,0.0,0.0,2.71554733293386,70,255,255,255
2396,81.80022149599972,9.17988395690918,15.547622680664062,-15.0350341796875,-1.842315435409546,0.7060542106628418,-0.1045377254486084,0.0,0.0,0.0,2.717796106158323,70,255,255,255
2397,81.83433800099965,9.10958480834961,15.579435348510742,-15.040802001953125,-1.8333591222763062,0.7201595306396484,-0.11615525931119919,0.0,0.0,0.0,2.7219224079512916,70,255,255,255
2398,81.86780797399979,9.052905082702637,15.605615615844727,-15.046188354492188,-1.8269248008728027,0.7139959931373596,-0.12099483609199524,0.0,0.0,0.0,2.726672954703775,70,255,255,255
2399,81.90059482199968,8.995495796203613,15.634700775146484,-15.051666259765625,-1.8274496793746948,0.6938719153404236,-0.10767365247011185,0.0,0.0,0.0,2.728657542348102,70,255,255,255
2400,81.9371154849996,8.938156127929688,15.662637710571289,-15.056793212890625,-1.8117060661315918,0.6947965025901794,-0.09451361745595932,0.0,0.0,0.0,2.7327420325119567,70,255,255,255
2401,81.97038058999988,8.881072044372559,15.68986988067627,-15.061126708984375,-1.8034824132919312,0.691581130027771,-0.061829496175050735,0.0,0.0,0.0,2.7372459705474985,70,255,255,255
2402,82.00321695299999,8.823891639709473,15.717644691467285,-15.06378173828125,-1.7961885929107666,0.6644006967544556,-0.041058287024497986,0.0,0.0,0.0,2.7395770354496447,70,255,255,255
2403,82.03915833699966,8.75259017944336,15.753326416015625,-15.065292358398438,-1.7845382690429688,0.662787914276123,-0.02766060270369053,0.0,0.0,0.0,2.7436418182214326,70,255,255,255
2404,82.07199410899966,8.69603443145752,15.78097152709961,-15.065841674804688,-1.7607208490371704,0.6799063682556152,-0.005061264615505934,0.0,0.0,0.0,2.747908468603849,70,255,255,255
2405,82.10511325599964,8.63999080657959,15.8084135055542,-15.065597534179688,-1.7605613470077515,0.6750479340553284,0.053225189447402954,0.0,0.0,0.0,2.749828075117578,70,255,255,255
2406,82.14145578299986,8.58409595489502,15.83799934387207,-15.065093994140625,-1.7259167432785034,0.7150677442550659,0.06998126208782196,0.0,0.0,0.0,2.753889395779949,70,255,255,255
2407,82.17693512200003,8.528708457946777,15.867905616760254,-15.064453125,-1.7191938161849976,0.7150304913520813,0.0731123834848404,0.0,0.0,0.0,2.758301454757883,70,255,255,255
2408,82.20855655899959,8.473569869995117,15.897318840026855,-15.064773559570312,-1.7057701349258423,0.7376188039779663,0.038424864411354065,0.0,0.0,0.0,2.760494567915563,70,255,255,255
2409,82.24456691499972,8.405152320861816,15.93386459350586,-15.065414428710938,-1.709337592124939,0.7217963933944702,0.04648168012499809,0.0,0.0,0.0,2.764789714121643,70,255,255,255
2410,82.27793245699968,8.351044654846191,15.96332836151123,-15.067581176757812,-1.7029073238372803,0.7387580275535583,0.057671524584293365,0.0,0.0,0.0,2.7684619469487535,70,255,255,255
2411,82.31013480399997,8.296759605407715,15.992026329040527,-15.069747924804688,-1.7094752788543701,0.7292303442955017,0.04789436236023903,0.0,0.0,0.0,2.7700904699553366,70,255,255,255
2412,82.34917906599958,8.24239730834961,16.019763946533203,-15.071578979492188,-1.714438557624817,0.7009664177894592,0.05337589606642723,0.0,0.0,0.0,2.7736998521807212,70,255,255,255
2413,82.38162745499994,8.187352180480957,16.0461368560791,-15.072219848632812,-1.7236381769180298,0.66999351978302,0.08319409191608429,0.0,0.0,0.0,2.7766437104496946,70,255,255,255
2414,82.41249317899974,8.131769180297852,16.07384490966797,-15.072341918945312,-1.7087616920471191,0.699786365032196,0.09712371975183487,0.0,0.0,0.0,2.7784141799423794,70,255,255,255
2415,82.45078714299962,8.062858581542969,16.107969284057617,-15.07135009765625,-1.6977708339691162,0.6879332065582275,0.11767839640378952,0.0,0.0,0.0,2.782343674130791,70,255,255,255
2416,82.48407853899971,8.008109092712402,16.13448715209961,-15.069580078125,-1.6928644180297852,0.6721104979515076,0.13529625535011292,0.0,0.0,0.0,2.7866910182942366,70,255,255,255
2417,82.51788262499986,7.952030658721924,16.160118103027344,-15.067901611328125,-1.6958696842193604,0.6597172021865845,0.12146281450986862,0.0,0.0,0.0,2.7885203436470123,70,255,255,255
2418,82.55098445999965,7.895015239715576,16.18547821044922,-15.0657958984375,-1.6924406290054321,0.6575521230697632,0.13370440900325775,0.0,0.0,0.0,2.792010416255561,70,255,255,255
2419,82.58457579199967,7.838200092315674,16.210126876831055,-15.063125610351562,-1.6896740198135376,0.6542540192604065,0.14733614027500153,0.0,0.0,0.0,2.796385723610452,70,255,255,255
2420,82.61733009199997,7.782099723815918,16.234895706176758,-15.059783935546875,-1.669625163078308,0.6930698752403259,0.15992185473442078,0.0,0.0,0.0,2.798970055132265,70,255,255,255
2421,82.65255817199977,7.713145732879639,16.266286849975586,-15.057952880859375,-1.6723445653915405,0.6945158839225769,0.13688775897026062,0.0,0.0,0.0,2.8032966266392076,70,255,255,255
2422,82.6850960959996,7.6585564613342285,16.29115867614746,-15.057479858398438,-1.6686655282974243,0.6992061734199524,0.14494867622852325,0.0,0.0,0.0,2.80764210658989,70,255,255,255
2423,82.71894246800002,7.603878974914551,16.315082550048828,-15.0565185546875,-1.6834274530410767,0.6644129753112793,0.15046250820159912,0.0,0.0,0.0,2.809996074677411,70,255,255,255
2424,82.75581771799989,7.549042224884033,16.33881378173828,-15.05474853515625,-1.682065486907959,0.7022852897644043,0.16258461773395538,0.0,0.0,0.0,2.8136384801003125,70,255,255,255
2425,82.78786753099985,7.490077495574951,16.365886688232422,-15.055709838867188,-1.678122878074646,0.7190611362457275,0.16503193974494934,0.0,0.0,0.0,2.8179426810540984,70,255,255,255
2426,82.82009155199967,7.431802272796631,16.393325805664062,-15.056381225585938,-1.6764616966247559,0.7338979244232178,0.15187479555606842,0.0,0.0,0.0,2.8199469760904923,70,255,255,255
2427,82.85715304999985,7.3592071533203125,16.42625617980957,-15.056854248046875,-1.6845158338546753,0.7260134816169739,0.14443516731262207,0.0,0.0,0.0,2.8252432045503326,70,255,255,255
2428,82.89008136099983,7.301103591918945,16.453405380249023,-15.057601928710938,-1.685489296913147,0.7197498083114624,0.12358637899160385,0.0,0.0,0.0,2.829457124343165,70,255,255,255
2429,82.92352548999997,7.241937637329102,16.483325958251953,-15.059661865234375,-1.6796950101852417,0.7388858795166016,0.1199561208486557,0.0,0.0,0.0,2.831480061507189,70,255,255,255
2430,82.96179154599986,7.183133602142334,16.5123233795166,-15.061737060546875,-1.6916102170944214,0.7186209559440613,0.0973048135638237,0.0,0.0,0.0,2.8357600276950556,70,255,255,255
2431,82.99682635399995,7.124319553375244,16.540510177612305,-15.063552856445312,-1.7050127983093262,0.722617506980896,0.10357843339443207,0.0,0.0,0.0,2.840941207595805,70,255,255,255
2432,83.02917798899989,7.065031051635742,16.56846046447754,-15.064285278320312,-1.7109341621398926,0.7108471393585205,0.11100973188877106,0.0,0.0,0.0,2.84350609804166,70,255,255,255
2433,83.06792447899988,6.990459442138672,16.60274314880371,-15.063949584960938,-1.7100045680999756,0.723529577255249,0.11060642451047897,0.0,0.0,0.0,2.848820435996913,70,255,255,255
2434,83.10616007199997,6.931445121765137,16.63021469116211,-15.064056396484375,-1.7038722038269043,0.7504713535308838,0.08417381346225739,0.0,0.0,0.0,2.853388023582508,70,255,255,255
2435,83.13320387399972,6.872696399688721,16.65717315673828,-15.064895629882812,-1.7192949056625366,0.7290282845497131,0.04138137027621269,0.0,0.0,0.0,2.855663694733981,70,255,255,255
2436,83.1703887929998,6.81219482421875,16.683887481689453,-15.064682006835938,-1.7267011404037476,0.7015860676765442,0.029163572937250137,0.0,0.0,0.0,2.8598128997123244,70,255,255,255
2437,83.2086287279999,6.751346588134766,16.70974349975586,-15.0643310546875,-1.7271625995635986,0.7039417028427124,0.026744164526462555,0.0,0.0,0.0,2.864550929607684,70,255,255,255
2438,83.23829385699992,6.691089153289795,16.735475540161133,-15.063888549804688,-1.7300140857696533,0.6963223218917847,0.017169184982776642,0.0,0.0,0.0,2.8669373882605043,70,255,255,255
2439,83.26793098500002,6.616207122802734,16.76559829711914,-15.063186645507812,-1.7304186820983887,0.6474730372428894,0.04473022744059563,0.0,0.0,0.0,2.8715446569463414,70,255,255,255
2440,83.30272610799966,6.552982330322266,16.79012107849121,-15.060760498046875,-1.734377384185791,0.6450151205062866,0.06582202017307281,0.0,0.0,0.0,2.876469640750225,70,255,255,255
2441,83.33586610799966,6.490298271179199,16.81415557861328,-15.058395385742188,-1.7378387451171875,0.656398594379425,0.06774646788835526,0.0,0.0,0.0,2.8789501089895246,70,255,255,255
2442,83.37049170799992,6.42856502532959,16.838733673095703,-15.056289672851562,-1.7248585224151611,0.6911882162094116,0.062068626284599304,0.0,0.0,0.0,2.8836591104290026,70,255,255,255
2443,83.4055355139999,6.367124080657959,16.862838745117188,-15.054672241210938,-1.7314352989196777,0.6620796918869019,0.061589840799570084,0.0,0.0,0.0,2.887930288185272,70,255,255,255
2444,83.43670740899961,6.305296421051025,16.886667251586914,-15.054718017578125,-1.7232677936553955,0.6782581210136414,0.044980138540267944,0.0,0.0,0.0,2.8897047524195916,70,255,255,255
2445,83.47310476099983,6.229321002960205,16.916671752929688,-15.055068969726562,-1.7092632055282593,0.6933002471923828,0.05685792490839958,0.0,0.0,0.0,2.89444597810826,70,255,255,255
2446,83.50508759099966,6.169612884521484,16.9404354095459,-15.054519653320312,-1.6974742412567139,0.6833139657974243,0.07067127525806427,0.0,0.0,0.0,2.898720351657837,70,255,255,255
2447,83.53862062899998,6.110569477081299,16.965023040771484,-15.055374145507812,-1.681853175163269,0.6977460384368896,0.08529268205165863,0.0,0.0,0.0,2.900868457393095,70,255,255,255
2448,83.57667932599998,6.052539348602295,16.991275787353516,-15.057403564453125,-1.6565170288085938,0.7406445741653442,0.08281778544187546,0.0,0.0,0.0,2.9048006147425967,70,255,255,255
2449,83.60818925299964,5.995566368103027,17.017812728881836,-15.05889892578125,-1.6490366458892822,0.7522566914558411,0.07658225297927856,0.0,0.0,0.0,2.9093927034102203,70,255,255,255
2450,83.64053853099995,5.939099311828613,17.04402732849121,-15.060134887695312,-1.651618242263794,0.7381974458694458,0.08462349325418472,0.0,0.0,0.0,2.911661716658968,70,255,255,255
2451,83.67704040399985,5.868912696838379,17.077194213867188,-15.060867309570312,-1.6498684883117676,0.7207868099212646,0.09626194834709167,0.0,0.0,0.0,2.91654142672432,70,255,255,255
2452,83.71120991299995,5.813127517700195,17.103845596313477,-15.061614990234375,-1.6486924886703491,0.7376517057418823,0.07683210074901581,0.0,0.0,0.0,2.9203161912533986,70,255,255,255
2453,83.74269363699977,5.757659435272217,17.13037109375,-15.062255859375,-1.6454874277114868,0.7377504110336304,0.09569673985242844,0.0,0.0,0.0,2.922280272557332,70,255,255,255
2454,83.77961848799987,5.702814102172852,17.156721115112305,-15.062255859375,-1.6272855997085571,0.7467926144599915,0.09971754997968674,0.0,0.0,0.0,2.926624420927469,70,255,255,255
2455,83.81243790299959,5.645633697509766,17.18515968322754,-15.06024169921875,-1.6278349161148071,0.7346686124801636,0.12128352373838425,0.0,0.0,0.0,2.930498787681316,70,255,255,255
2456,83.84459511599971,5.588927268981934,17.213115692138672,-15.057968139648438,-1.6244934797286987,0.7398325204849243,0.12377429008483887,0.0,0.0,0.0,2.9324958921827666,70,255,255,255
2457,83.88279486900001,5.518837928771973,17.246641159057617,-15.05474853515625,-1.6231695413589478,0.709793746471405,0.1207912266254425,0.0,0.0,0.0,2.9365572128451376,70,255,255,255
2458,83.91649302499991,5.462277889251709,17.27127456665039,-15.052032470703125,-1.6283401250839233,0.6885148286819458,0.12920311093330383,0.0,0.0,0.0,2.9414305313238738,70,255,255,255
2459,83.94724004199998,5.404175281524658,17.294475555419922,-15.048248291015625,-1.6131240129470825,0.7108991742134094,0.16103044152259827,0.0,0.0,0.0,2.943535493849472,70,255,255,255
2460,83.98380550499996,5.347108840942383,17.31830596923828,-15.043411254882812,-1.6002036333084106,0.7270035147666931,0.19853225350379944,0.0,0.0,0.0,2.9476490124692085,70,255,255,255
2461,84.01844199399966,5.290665626525879,17.341428756713867,-15.037765502929688,-1.6080148220062256,0.7087327837944031,0.1917753964662552,0.0,0.0,0.0,2.9516115298551377,70,255,255,255
2462,84.0507501889997,5.232085704803467,17.365440368652344,-15.032638549804688,-1.6157872676849365,0.6986182928085327,0.17159777879714966,0.0,0.0,0.0,2.9537660271770116,70,255,255,255
2463,84.08657255599974,5.155907154083252,17.394987106323242,-15.027145385742188,-1.6356863975524902,0.6689035296440125,0.15564791858196259,0.0,0.0,0.0,2.958677695175445,70,255,255,255
2464,84.11991773399996,5.095388889312744,17.417423248291016,-15.023101806640625,-1.657117486000061,0.6397361159324646,0.1396464705467224,0.0,0.0,0.0,2.962420768087551,70,255,255,255
2465,84.15240509999967,5.035098552703857,17.4387149810791,-15.0194091796875,-1.6619501113891602,0.6116594672203064,0.14567209780216217,0.0,0.0,0.0,2.9642447671181467,70,255,255,255
2466,84.18795197899999,4.972352504730225,17.4599666595459,-15.015609741210938,-1.6735013723373413,0.6018896102905273,0.1328810304403305,0.0,0.0,0.0,2.9680759906623346,70,255,255,255
2467,84.22068801199975,4.909051895141602,17.481128692626953,-15.012069702148438,-1.6791876554489136,0.6014311909675598,0.1369273066520691,0.0,0.0,0.0,2.9716989550092783,70,255,255,255
2468,84.25366338699996,4.846423625946045,17.501789093017578,-15.008651733398438,-1.6917076110839844,0.5907943248748779,0.12464886158704758,0.0,0.0,0.0,2.9738246901913796,70,255,255,255
2469,84.2900503689998,4.7689595222473145,17.52626609802246,-15.004547119140625,-1.6913220882415771,0.567483127117157,0.11980688571929932,0.0,0.0,0.0,2.978249798658655,70,255,255,255
2470,84.3235501209997,4.704604625701904,17.54660987854004,-15.003555297851562,-1.7055472135543823,0.5580416917800903,0.08618640154600143,0.0,0.0,0.0,2.982583294384432,70,255,255,255
2471,84.35542615199984,4.640845775604248,17.566146850585938,-15.003219604492188,-1.7083568572998047,0.5486605763435364,0.06281477957963943,0.0,0.0,0.0,2.984653902131969,70,255,255,255
2472,84.39228001699985,4.577906608581543,17.58462905883789,-15.003265380859375,-1.7075570821762085,0.529655933380127,0.0628575012087822,0.0,0.0,0.0,2.9888803387819243,70,255,255,255
2473,84.42618784699971,4.515169143676758,17.60230255126953,-15.0030517578125,-1.7096363306045532,0.5238414406776428,0.06925541907548904,0.0,0.0,0.0,2.9926516412015856,70,255,255,255
2474,84.45764197599965,4.451173305511475,17.618389129638672,-15.003494262695312,-1.7206940650939941,0.49311158061027527,0.0603107213973999,0.0,0.0,0.0,2.9951331747053214,70,255,255,255
2475,84.49547279699982,4.372432708740234,17.637907028198242,-15.004409790039062,-1.6993939876556396,0.5081520676612854,0.0561392717063427,0.0,0.0,0.0,2.998880242359063,70,255,255,255
2476,84.52816577199974,4.311001777648926,17.65432357788086,-15.004425048828125,-1.6892372369766235,0.5358523726463318,0.06111212447285652,0.0,0.0,0.0,3.0024925540616465,70,255,255,255
2477,84.56243974099971,4.250394344329834,17.67215919494629,-15.004348754882812,-1.6808043718338013,0.547916829586029,0.05402754247188568,0.0,0.0,0.0,3.0049045790609314,70,255,255,255
2478,84.60072102599997,4.190369606018066,17.690441131591797,-15.003555297851562,-1.6901798248291016,0.5367552638053894,0.06982932239770889,0.0,0.0,0.0,3.0085379297361263,70,255,255,255
2479,84.63130107799998,4.130810737609863,17.708396911621094,-15.002288818359375,-1.6866564750671387,0.5246925950050354,0.08179345726966858,0.0,0.0,0.0,3.013298330184643,70,255,255,255
2480,84.6637435749999,4.0720367431640625,17.72612762451172,-15.001190185546875,-1.6790863275527954,0.5189478397369385,0.07009577751159668,0.0,0.0,0.0,3.015658157226562,70,255,255,255
2481,84.70049745799997,3.9978158473968506,17.74563217163086,-15.000595092773438,-1.6723411083221436,0.466525137424469,0.08226869255304337,0.0,0.0,0.0,3.0193066879199706,70,255,255,255
2482,84.73672335499987,3.9381885528564453,17.758956909179688,-15.0006103515625,-1.6736204624176025,0.42672306299209595,0.06166285648941994,0.0,0.0,0.0,3.0226601403645987,70,255,255,255
2483,84.76743702799968,3.8791756629943848,17.771427154541016,-15.001296997070312,-1.670327067375183,0.41046473383903503,0.05162898823618889,0.0,0.0,0.0,3.025086812749879,70,255,255,255
2484,84.8031808249998,3.8208043575286865,17.78422737121582,-15.00189208984375,-1.6731212139129639,0.43381133675575256,0.03330628201365471,0.0,0.0,0.0,3.0289750279413945,70,255,255,255
2485,84.836553138,3.7593066692352295,17.79690170288086,-15.002029418945312,-1.6749643087387085,0.4073523283004761,0.014755063690245152,0.0,0.0,0.0,3.0325069121790573,70,255,255,255
2486,84.86899574399968,3.6984472274780273,17.809568405151367,-15.002975463867188,-1.6839920282363892,0.42290812730789185,0.0037902321200817823,0.0,0.0,0.0,3.0345223924920295,70,255,255,255
2487,84.90492738299963,3.62288498878479,17.82517433166504,-15.004074096679688,-1.6948163509368896,0.38958895206451416,0.002666401444002986,0.0,0.0,0.0,3.039348306703362,70,255,255,255
2488,84.93823772399992,3.5621514320373535,17.836732864379883,-15.005142211914062,-1.7010455131530762,0.370928555727005,0.006348615512251854,0.0,0.0,0.0,3.0428402435246737,70,255,255,255
2489,84.9701013709996,3.5000998973846436,17.848255157470703,-15.00628662109375,-1.7068926095962524,0.3381037712097168,0.028932595625519753,0.0,0.0,0.0,3.0450221714057757,70,255,255,255
2490,85.00664627199967,3.4387083053588867,17.859193801879883,-15.00677490234375,-1.7022972106933594,0.3470558226108551,0.03259456902742386,0.0,0.0,0.0,3.04956845370265,70,255,255,255
2491,85.03945260199998,3.3780601024627686,17.869985580444336,-15.007034301757812,-1.7028579711914062,0.33970919251441956,0.026882868260145187,0.0,0.0,0.0,3.0540422980178743,70,255,255,255
2492,85.0722090739996,3.315788984298706,17.88028335571289,-15.008193969726562,-1.7105668783187866,0.31329140067100525,0.006559183355420828,0.0,0.0,0.0,3.056487346214676,70,255,255,255
2493,85.10864855599993,3.2366561889648438,17.892528533935547,-15.010269165039062,-1.7124186754226685,0.3091422915458679,0.004333429504185915,0.0,0.0,0.0,3.061164656037182,70,255,255,255
2494,85.14180702099975,3.174079656600952,17.902162551879883,-15.01141357421875,-1.7160489559173584,0.30032750964164734,0.025465980172157288,0.0,0.0,0.0,3.0659839123457897,70,255,255,255
2495,85.17497728599983,3.1123361587524414,17.911319732666016,-15.011444091796875,-1.7117481231689453,0.28764209151268005,0.059729646891355515,0.0,0.0,0.0,3.0683669088891925,70,255,255,255
2496,85.21092172599992,3.048464059829712,17.921369552612305,-15.01373291015625,-1.7105814218521118,0.2853085696697235,0.06964810937643051,0.0,0.0,0.0,3.0730340986995563,70,255,255,255
2497,85.24371707799992,2.984680652618408,17.931989669799805,-15.0162353515625,-1.7056652307510376,0.29745447635650635,0.08994634449481964,0.0,0.0,0.0,3.0781819890866795,70,255,255,255
2498,85.27622099099972,2.9218056201934814,17.942617416381836,-15.018173217773438,-1.7146618366241455,0.30529820919036865,0.06538968533277512,0.0,0.0,0.0,3.080579633016078,70,255,255,255
2499,85.31381317599971,2.844174385070801,17.956628799438477,-15.020751953125,-1.7154871225357056,0.32148250937461853,0.07216045260429382,0.0,0.0,0.0,3.085318728175874,70,255,255,255
2500,85.34619243799989,2.779529094696045,17.96790313720703,-15.023574829101562,-1.7307767868041992,0.29358741641044617,0.05535387247800827,0.0,0.0,0.0,3.090598445036956,70,255,255,255
2501,85.37842926699977,2.7154510021209717,17.97807502746582,-15.026580810546875,-1.7363100051879883,0.27449241280555725,0.060268253087997437,0.0,0.0,0.0,3.093555885427489,70,255,255,255
2502,85.41646639499959,2.652031660079956,17.987499237060547,-15.028839111328125,-1.7498908042907715,0.24620755016803741,0.060714419931173325,0.0,0.0,0.0,3.09823186366945,70,255,255,255
2503,85.45081091799966,2.5879063606262207,17.995532989501953,-15.031158447265625,-1.7632592916488647,0.24940955638885498,0.04789673909544945,0.0,0.0,0.0,3.102710501674636,70,255,255,255
2504,85.4836405799997,2.5212714672088623,18.001605987548828,-15.034255981445312,-1.7811914682388306,0.2265607714653015,0.013304711319506168,0.0,0.0,0.0,3.1054064196461235,70,255,255,255
2505,85.51725463999992,2.439094305038452,18.00825309753418,-15.038070678710938,-1.781997799873352,0.19222654402256012,0.022651279345154762,0.0,0.0,0.0,3.1091697325825143,70,255,255,255
2506,85.55139308599973,2.3743605613708496,18.012737274169922,-15.040725708007812,-1.778557538986206,0.1828349530696869,0.02446521259844303,0.0,0.0,0.0,3.1141125595657018,70,255,255,255
2507,85.5829225499997,2.3096766471862793,18.017671585083008,-15.043731689453125,-1.7756468057632446,0.1867888867855072,0.02095998264849186,0.0,0.0,0.0,3.116782378558506,70,255,255,255
2508,85.61905858199998,2.2450790405273438,18.02311134338379,-15.047073364257812,-1.7694092988967896,0.17481854557991028,0.027191877365112305,0.0,0.0,0.0,3.121751038204267,70,255,255,255
2509,85.65157337599976,2.1813015937805176,18.027795791625977,-15.049911499023438,-1.776766061782837,0.15060387551784515,0.019007617607712746,0.0,0.0,0.0,3.126554049230225,70,255,255,255
2510,85.68393369399973,2.1180472373962402,18.032054901123047,-15.053009033203125,-1.7762354612350464,0.14892424643039703,0.026502514258027077,0.0,0.0,0.0,3.1296965793165183,70,255,255,255
2511,85.7206526089999,2.0381662845611572,18.03742218017578,-15.05859375,-1.7786545753479004,0.12897339463233948,0.04253722354769707,0.0,0.0,0.0,3.132876393658073,70,255,255,255
2512,85.75338743799966,1.9742130041122437,18.041213989257812,-15.063720703125,-1.785077691078186,0.11378030478954315,0.0313243493437767,0.0,0.0,0.0,3.136786979402745,70,255,255,255
2513,85.78689526299968,1.910821795463562,18.044292449951172,-15.068984985351562,-1.783139944076538,0.08791633695363998,0.03014850802719593,0.0,0.0,0.0,3.138382212895703,70,255,255,255
2514,85.82294749199991,1.8479435443878174,18.04658317565918,-15.074111938476562,-1.7930874824523926,0.049806125462055206,0.006853108759969473,0.0,0.0,0.0,-3.1409023622352445,70,255,255,255
2515,85.8554226629999,1.7830703258514404,18.04730987548828,-15.083694458007812,-1.7925856113433838,0.033072907477617264,-0.00204819580540061,0.0,0.0,0.0,-3.1368580858038504,70,255,255,255
2516,85.88806105200001,1.7188283205032349,18.04768943786621,-15.09283447265625,-1.7979190349578857,0.03215319290757179,-0.02514434978365898,0.0,0.0,0.0,-3.135068707867426,70,255,255,255
2517,85.92518510199989,1.6393024921417236,18.04790687561035,-15.103836059570312,-1.8007075786590576,0.020902348682284355,-0.0111499959602952,0.0,0.0,0.0,-3.1313890181892634,70,255,255,255
2518,85.95755440199991,1.5754835605621338,18.047080993652344,-15.112091064453125,-1.7984589338302612,-0.007083060685545206,-0.009015518240630627,0.0,0.0,0.0,-3.1265737566222915,70,255,255,255
2519,85.99017470299987,1.5095704793930054,18.04503059387207,-15.122695922851562,-1.8009836673736572,0.012376200407743454,0.01642092876136303,0.0,0.0,0.0,-3.1240317693618107,70,255,255,255
2520,86.02677844599975,1.4446791410446167,18.043455123901367,-15.13165283203125,-1.7868720293045044,0.03164766728878021,0.04297519475221634,0.0,0.0,0.0,-3.1202554069360784,70,255,255,255
2521,86.0596108159998,1.380759596824646,18.042203903198242,-15.138504028320312,-1.7883707284927368,0.019224222749471664,0.057516857981681824,0.0,0.0,0.0,-3.1158598595569025,70,255,255,255
2522,86.09221858399997,1.3162282705307007,18.039091110229492,-15.144241333007812,-1.7849061489105225,-0.0409393385052681,0.07662888616323471,0.0,0.0,0.0,-3.1137346570070195,70,255,255,255
2523,86.12894078099998,1.2352540493011475,18.03376007080078,-15.149627685546875,-1.774813175201416,-0.05196499079465866,0.08174322545528412,0.0,0.0,0.0,-3.109754030125678,70,255,255,255
2524,86.16219935699974,1.1717230081558228,18.029315948486328,-15.153244018554688,-1.7654004096984863,-0.027645209804177284,0.07117383927106857,0.0,0.0,0.0,-3.1053829838285307,70,255,255,255
2525,86.19408331099976,1.1092115640640259,18.02517318725586,-15.156326293945312,-1.7565622329711914,-0.05978205054998398,0.0741373598575592,0.0,0.0,0.0,-3.1035954701048696,70,255,255,255
2526,86.23286887199993,1.0441709756851196,18.019506454467773,-15.162353515625,-1.7655086517333984,-0.07319959998130798,0.07083184272050858,0.0,0.0,0.0,-3.099812183460303,70,255,255,255
2527,86.26622783699986,0.9789118766784668,18.01380157470703,-15.168075561523438,-1.7557308673858643,-0.07408573478460312,0.10678156465291977,0.0,0.0,0.0,-3.0958238334118002,70,255,255,255
2528,86.29926478199968,0.9147545695304871,18.0075740814209,-15.172592163085938,-1.7526336908340454,-0.10446041822433472,0.09511198103427887,0.0,0.0,0.0,-3.0940669460406753,70,255,255,255
2529,86.3337440979999,0.8356218338012695,17.9999942779541,-15.177520751953125,-1.757419466972351,-0.10071668773889542,0.08397700637578964,0.0,0.0,0.0,-3.090846385334442,70,255,255,255
2530,86.36758629199994,0.7687538862228394,17.998380661010742,-15.181915283203125,-1.7650941610336304,-0.08471629023551941,0.08470141142606735,0.0,0.0,0.0,-3.0862798630132833,70,255,255,255
2531,86.39996119699981,0.7027772665023804,17.99715805053711,-15.1856689453125,-1.7646251916885376,-0.08963271230459213,0.08324839174747467,0.0,0.0,0.0,-3.0845743746511967,70,255,255,255
2532,86.43562787799965,0.6378199458122253,17.995037078857422,-15.188583374023438,-1.7653135061264038,-0.1024959459900856,0.09416507929563522,0.0,0.0,0.0,-3.080048066062498,70,255,255,255
2533,86.4698423699997,0.5729756355285645,17.993057250976562,-15.19049072265625,-1.768472671508789,-0.1036759614944458,0.08761513978242874,0.0,0.0,0.0,-3.0754863374313013,70,255,255,255
2534,86.50168792299974,0.5070203542709351,17.991437911987305,-15.190536499023438,-1.7708438634872437,-0.08842241764068604,0.12457258999347687,0.0,0.0,0.0,-3.0733430253860057,70,255,255,255
2535,86.53750194899976,0.4256778061389923,17.98965072631836,-15.1893310546875,-1.7777100801467896,-0.09377485513687134,0.14159086346626282,0.0,0.0,0.0,-3.0692430888878284,70,255,255,255
2536,86.57061455799976,0.36132368445396423,17.987754821777344,-15.187347412109375,-1.7953282594680786,-0.10081823170185089,0.14435769617557526,0.0,0.0,0.0,-3.065157533459538,70,255,255,255
2537,86.60343897599978,0.2957943081855774,17.984390258789062,-15.185577392578125,-1.7937729358673096,-0.1446467489004135,0.14029397070407867,0.0,0.0,0.0,-3.0629276686788147,70,255,255,255
2538,86.63960580599996,0.22954478859901428,17.980260848999023,-15.18377685546875,-1.7969504594802856,-0.13341733813285828,0.12908533215522766,0.0,0.0,0.0,-3.059142784137594,70,255,255,255
2539,86.67344059599964,0.16411666572093964,17.975444793701172,-15.182327270507812,-1.8001559972763062,-0.16630622744560242,0.09833968430757523,0.0,0.0,0.0,-3.055520885055086,70,255,255,255
2540,86.7047214549998,0.09947719424962997,17.970439910888672,-15.181564331054688,-1.802900791168213,-0.1499110758304596,0.08910644799470901,0.0,0.0,0.0,-3.053594354322523,70,255,255,255
2541,86.74142387799975,0.0178986806422472,17.964008331298828,-15.182022094726562,-1.8012235164642334,-0.15383394062519073,0.07764330506324768,0.0,0.0,0.0,-3.050065399562059,70,255,255,255
2542,86.77440766999962,-0.047205179929733276,17.958148956298828,-15.183029174804688,-1.7916470766067505,-0.15904544293880463,0.08004560321569443,0.0,0.0,0.0,-3.046907955773661,70,255,255,255
2543,86.80658298799972,-0.11141786724328995,17.952062606811523,-15.184097290039062,-1.7970091104507446,-0.1675986498594284,0.07125410437583923,0.0,0.0,0.0,-3.0446511930659277,70,255,255,255
2544,86.84335131299986,-0.17483143508434296,17.94672203063965,-15.184341430664062,-1.7906700372695923,-0.14676019549369812,0.10154701769351959,0.0,0.0,0.0,-3.040357378440393,70,255,255,255
2545,86.87665686299988,-0.2390252649784088,17.942354202270508,-15.182937622070312,-1.7868683338165283,-0.130762979388237,0.07535047829151154,0.0,0.0,0.0,-3.03635038626426,70,255,255,255
2546,86.9087199859996,-0.3023763597011566,17.93855094909668,-15.182342529296875,-1.7840486764907837,-0.11982515454292297,0.050661616027355194,0.0,0.0,0.0,-3.0342273142432488,70,255,255,255
2547,86.94588686999987,-0.38016754388809204,17.933900833129883,-15.181503295898438,-1.7602763175964355,-0.10289840400218964,0.06558972597122192,0.0,0.0,0.0,-3.030505546619863,70,255,255,255
2548,86.97898962999989,-0.4424383044242859,17.930652618408203,-15.181365966796875,-1.7600224018096924,-0.11091641336679459,0.06420551985502243,0.0,0.0,0.0,-3.0273086880473317,70,255,255,255
2549,87.01160733699999,-0.5073472857475281,17.927658081054688,-15.183670043945312,-1.7511630058288574,-0.12537355720996857,0.07142478972673416,0.0,0.0,0.0,-3.0259451495692113,70,255,255,255
2550,87.0495993759996,-0.5711888670921326,17.924606323242188,-15.185592651367188,-1.7500332593917847,-0.1035730168223381,0.06566687673330307,0.0,0.0,0.0,-3.022104871277317,70,255,255,255
2551,87.0833376659998,-0.6339821815490723,17.922029495239258,-15.187332153320312,-1.7457870244979858,-0.10741987079381943,0.03704802691936493,0.0,0.0,0.0,-3.0175442079105563,70,255,255,255
2552,87.11612492099994,-0.6985257863998413,17.91940689086914,-15.190719604492188,-1.7360661029815674,-0.10425802320241928,0.07322879135608673,0.0,0.0,0.0,-3.0154059558713318,70,255,255,255
2553,87.15049920199999,-0.7809537053108215,17.91526222229004,-15.19537353515625,-1.7407941818237305,-0.12686623632907867,0.09503340721130371,0.0,0.0,0.0,-3.0106623333376827,70,255,255,255
2554,87.18393873299965,-0.8457897305488586,17.911664962768555,-15.197738647460938,-1.7312966585159302,-0.11348032206296921,0.10959502309560776,0.0,0.0,0.0,-3.00604574358803,70,255,255,255
2555,87.21672418399976,-0.9091461896896362,17.908023834228516,-15.19891357421875,-1.7137019634246826,-0.12202806770801544,0.14226973056793213,0.0,0.0,0.0,-3.0033322487533485,70,255,255,255
2556,87.25240736899968,-0.9739786982536316,17.904834747314453,-15.197158813476562,-1.6982395648956299,-0.1517895609140396,0.15561023354530334,0.0,0.0,0.0,-2.99819660890724,70,255,255,255
2557,87.28586197899995,-1.038490891456604,17.901493072509766,-15.194320678710938,-1.699973225593567,-0.14076027274131775,0.16063222289085388,0.0,0.0,0.0,-2.993366699954272,70,255,255,255
2558,87.31879771299964,-1.1019209623336792,17.897808074951172,-15.191238403320312,-1.696272611618042,-0.16994093358516693,0.14390939474105835,0.0,0.0,0.0,-2.9907655905175914,70,255,255,255
2559,87.3544952999996,-1.1796804666519165,17.891939163208008,-15.187515258789062,-1.693189263343811,-0.18207310140132904,0.1492915153503418,0.0,0.0,0.0,-2.9864909506519055,70,255,255,255
2560,87.38743813999963,-1.2439419031143188,17.89009666442871,-15.185653686523438,-1.6972832679748535,-0.18083779513835907,0.15454432368278503,0.0,0.0,0.0,-2.9820474663731082,70,255,255,255
2561,87.42020018599987,-1.3071234226226807,17.887989044189453,-15.183441162109375,-1.690686821937561,-0.17591288685798645,0.16560328006744385,0.0,0.0,0.0,-2.9795784497264957,70,255,255,255
2562,87.4565706569997,-1.3690769672393799,17.884889602661133,-15.180557250976562,-1.6836508512496948,-0.21079061925411224,0.16503868997097015,0.0,0.0,0.0,-2.9748587956426573,70,255,255,255
2563,87.48934232599959,-1.43075692653656,17.88188362121582,-15.176605224609375,-1.6871832609176636,-0.19820542633533478,0.18090470135211945,0.0,0.0,0.0,-2.9708922835150933,70,255,255,255
2564,87.52263608299972,-1.4931498765945435,17.881032943725586,-15.170654296875,-1.6867824792861938,-0.19247959554195404,0.17155461013317108,0.0,0.0,0.0,-2.9683492309901767,70,255,255,255
2565,87.5585769309996,-1.5696362257003784,17.87872886657715,-15.163009643554688,-1.6807339191436768,-0.21406236290931702,0.1886664479970932,0.0,0.0,0.0,-2.9638221234531508,70,255,255,255
2566,87.59156608900003,-1.6297227144241333,17.876205444335938,-15.156280517578125,-1.675042748451233,-0.21378496289253235,0.19850024580955505,0.0,0.0,0.0,-2.9601842454041027,70,255,255,255
2567,87.62503161799987,-1.6906005144119263,17.874996185302734,-15.148818969726562,-1.6705701351165771,-0.20198825001716614,0.22459737956523895,0.0,0.0,0.0,-2.9580989902705705,70,255,255,255
2568,87.6604607219997,-1.7523550987243652,17.875532150268555,-15.140579223632812,-1.6763663291931152,-0.19190680980682373,0.21022304892539978,0.0,0.0,0.0,-2.953577741687943,70,255,255,255
2569,87.69563757599963,-1.8132352828979492,17.87531089782715,-15.13287353515625,-1.6773422956466675,-0.19127440452575684,0.21179789304733276,0.0,0.0,0.0,-2.9486458336652253,70,255,255,255
2570,87.73150399399992,-1.8735564947128296,17.875080108642578,-15.1251220703125,-1.690292477607727,-0.15806350111961365,0.21915121376514435,0.0,0.0,0.0,-2.9457954523505134,70,255,255,255
2571,87.76336004199993,-1.9509559869766235,17.876462936401367,-15.115402221679688,-1.697450876235962,-0.15598782896995544,0.23373520374298096,0.0,0.0,0.0,-2.941004958181679,70,255,255,255
2572,87.79846641299991,-2.0133557319641113,17.87745475769043,-15.10723876953125,-1.6911789178848267,-0.16668006777763367,0.24791988730430603,0.0,0.0,0.0,-2.9359436205299834,70,255,255,255
2573,87.83022837199997,-2.0747103691101074,17.877561569213867,-15.099105834960938,-1.689536213874817,-0.18156704306602478,0.24105602502822876,0.0,0.0,0.0,-2.933682330448397,70,255,255,255
2574,87.86631911399991,-2.1352250576019287,17.876636505126953,-15.091384887695312,-1.6897358894348145,-0.18842925131320953,0.21903018653392792,0.0,0.0,0.0,-2.9293331220721885,70,255,255,255
2575,87.90024795699992,-2.1984221935272217,17.87785530090332,-15.083877563476562,-1.685548186302185,-0.18568682670593262,0.1770922988653183,0.0,0.0,0.0,-2.924805748219054,70,255,255,255
2576,87.93318997300003,-2.2605371475219727,17.87871742248535,-15.077194213867188,-1.6827175617218018,-0.17042647302150726,0.1906774640083313,0.0,0.0,0.0,-2.9218975763086874,70,255,255,255
2577,87.9683746339997,-2.336596727371216,17.879072189331055,-15.068466186523438,-1.6606158018112183,-0.19509920477867126,0.1842741221189499,0.0,0.0,0.0,-2.9182208161077243,70,255,255,255
2578,88.00174647799986,-2.395953416824341,17.87874984741211,-15.062164306640625,-1.6539320945739746,-0.19365482032299042,0.13697950541973114,0.0,0.0,0.0,-2.913683854874665,70,255,255,255
2579,88.03353117300003,-2.4540369510650635,17.879819869995117,-15.055618286132812,-1.6404435634613037,-0.18446286022663116,0.12229600548744202,0.0,0.0,0.0,-2.911767710470353,70,255,255,255
2580,88.06977751499971,-2.5112578868865967,17.880413055419922,-15.049575805664062,-1.638533353805542,-0.16865217685699463,0.1293857991695404,0.0,0.0,0.0,-2.9073157040760678,70,255,255,255
2581,88.1037062559999,-2.567981719970703,17.880779266357422,-15.043624877929688,-1.6425461769104004,-0.17033201456069946,0.11739923059940338,0.0,0.0,0.0,-2.9034386741611304,70,255,255,255
2582,88.13737142699983,-2.626027822494507,17.88085174560547,-15.03936767578125,-1.6424592733383179,-0.17670178413391113,0.07755810022354126,0.0,0.0,0.0,-2.901217331495895,70,255,255,255
2583,88.17327180699976,-2.700068950653076,17.880699157714844,-15.035186767578125,-1.652822494506836,-0.17173388600349426,0.07058494538068771,0.0,0.0,0.0,-2.8962183118137075,70,255,255,255
2584,88.20579871599966,-2.7587597370147705,17.879735946655273,-15.032150268554688,-1.6553162336349487,-0.1875118911266327,0.05103987082839012,0.0,0.0,0.0,-2.892141278500905,70,255,255,255
2585,88.23804141699975,-2.8169429302215576,17.877870559692383,-15.02978515625,-1.6590927839279175,-0.20162011682987213,0.06103441119194031,0.0,0.0,0.0,-2.8901471034766537,70,255,255,255
2586,88.27593211799967,-2.8758676052093506,17.876636505126953,-15.0294189453125,-1.6719132661819458,-0.2004929780960083,0.04968377575278282,0.0,0.0,0.0,-2.885215461770045,70,255,255,255
2587,88.30759955899975,-2.934349775314331,17.874834060668945,-15.029327392578125,-1.6606405973434448,-0.22060346603393555,0.0631018579006195,0.0,0.0,0.0,-2.880952273497046,70,255,255,255
2588,88.3402033049997,-2.9919934272766113,17.871963500976562,-15.028915405273438,-1.6557660102844238,-0.2449839860200882,0.06772998720407486,0.0,0.0,0.0,-2.878458223136187,70,255,255,255
2589,88.37679662099981,-3.063196897506714,17.866756439208984,-15.028839111328125,-1.6551201343536377,-0.25844457745552063,0.04727460816502571,0.0,0.0,0.0,-2.874056550486504,70,255,255,255
2590,88.40992524299963,-3.1240923404693604,17.863521575927734,-15.025299072265625,-1.6508152484893799,-0.27744367718696594,0.03995230048894882,0.0,0.0,0.0,-2.8696263820131573,70,255,255,255
2591,88.44221543399999,-3.184037446975708,17.8588809967041,-15.022567749023438,-1.652479887008667,-0.31554216146469116,0.01748659275472164,0.0,0.0,0.0,-2.8676391312077403,70,255,255,255
2592,88.480163231,-3.2433297634124756,17.852754592895508,-15.020050048828125,-1.6592209339141846,-0.3393273949623108,0.03630923852324486,0.0,0.0,0.0,-2.8633221470807215,70,255,255,255
2593,88.51334106599961,-3.3163440227508545,17.84647560119629,-15.017410278320312,-1.6570264101028442,-0.3194482624530792,0.07585667818784714,0.0,0.0,0.0,-2.858899169142318,70,255,255,255
2594,88.5457605659999,-3.3595426082611084,17.8443660736084,-15.01641845703125,-1.6506726741790771,-0.34185439348220825,0.07489261031150818,0.0,0.0,0.0,-2.8565579842280293,70,255,255,255
2595,88.58413438699972,-3.4308183193206787,17.838788986206055,-15.015457153320312,-1.6574692726135254,-0.3580920696258545,0.057170893996953964,0.0,0.0,0.0,-2.8519246165635095,70,255,255,255
2596,88.61642615899973,-3.4875214099884033,17.833480834960938,-15.014419555664062,-1.6613893508911133,-0.35565587878227234,0.064718097448349,0.0,0.0,0.0,-2.8475554344791254,70,255,255,255
2597,88.64765874499972,-3.5458433628082275,17.82853889465332,-15.013992309570312,-1.6722913980484009,-0.340830534696579,0.05595013499259949,0.0,0.0,0.0,-2.845494414111513,70,255,255,255
2598,88.68379144499977,-3.605865955352783,17.824119567871094,-15.014205932617188,-1.681673526763916,-0.3433711528778076,0.06344341486692429,0.0,0.0,0.0,-2.8417031379836764,70,255,255,255
2599,88.71937237999964,-3.665363073348999,17.818729400634766,-15.013763427734375,-1.6814885139465332,-0.35050639510154724,0.08215371519327164,0.0,0.0,0.0,-2.8372631158142965,70,255,255,255
2600,88.75032038899963,-3.724336624145508,17.812301635742188,-15.01318359375,-1.6968600749969482,-0.3709399402141571,0.05528314411640167,0.0,0.0,0.0,-2.835571742205987,70,255,255,255
2601,88.78638178399979,-3.7993669509887695,17.804115295410156,-15.015884399414062,-1.7193225622177124,-0.38716721534729004,0.010615754872560501,0.0,0.0,0.0,-2.831579397415849,70,255,255,255
2602,88.81983631499998,-3.8593883514404297,17.796781539916992,-15.019729614257812,-1.7192524671554565,-0.41228821873664856,-0.02167234569787979,0.0,0.0,0.0,-2.826989971909316,70,255,255,255
2603,88.85242505799988,-3.919098138809204,17.7889461517334,-15.024307250976562,-1.7264903783798218,-0.3965963125228882,-0.04023241251707077,0.0,0.0,0.0,-2.8247731566179337,70,255,255,255
2604,88.89534596399972,-3.9784107208251953,17.780847549438477,-15.029144287109375,-1.7299180030822754,-0.38543975353240967,-0.0423080250620842,0.0,0.0,0.0,-2.820573884211097,70,255,255,255
2605,88.92454179799961,-4.0409626960754395,17.77440071105957,-15.035003662109375,-1.7498705387115479,-0.3698660731315613,-0.06296206265687943,0.0,0.0,0.0,-2.8168856724174463,70,255,255,255
2606,88.9596740979996,-4.103150367736816,17.767717361450195,-15.040176391601562,-1.7521343231201172,-0.3688752055168152,-0.04199567437171936,0.0,0.0,0.0,-2.8145913591383427,70,255,255,255
2607,89.0017928909997,-4.179712772369385,17.75782585144043,-15.045883178710938,-1.7396838665008545,-0.40822499990463257,-0.043254874646663666,0.0,0.0,0.0,-2.810966796894745,70,255,255,255
2608,89.03326265499982,-4.240848541259766,17.74738311767578,-15.050369262695312,-1.7361549139022827,-0.4309350848197937,-0.036933884024620056,0.0,0.0,0.0,-2.8077837867598823,70,255,255,255
2609,89.06087979599988,-4.30422830581665,17.732942581176758,-15.055633544921875,-1.7361034154891968,-0.47163257002830505,-0.03511719033122063,0.0,0.0,0.0,-2.80607164049507,70,255,255,255
2610,89.10150418799958,-4.3664422035217285,17.717376708984375,-15.06005859375,-1.7208834886550903,-0.4988522529602051,-0.012727402150630951,0.0,0.0,0.0,-2.802659332190352,70,255,255,255
2611,89.13189270599969,-4.427800178527832,17.701169967651367,-15.063980102539062,-1.7209340333938599,-0.5230250954627991,-0.017072828486561775,0.0,0.0,0.0,-2.7993202608156103,70,255,255,255
2612,89.16201598199996,-4.490049362182617,17.685325622558594,-15.066970825195312,-1.7191834449768066,-0.5242282152175903,0.009593809954822063,0.0,0.0,0.0,-2.797487739669527,70,255,255,255
2613,89.20070063599997,-4.568725109100342,17.66591453552246,-15.06976318359375,-1.7157886028289795,-0.5551987290382385,-0.019672704860568047,0.0,0.0,0.0,-2.7941758325379045,70,255,255,255
2614,89.23633012899973,-4.6302385330200195,17.64912223815918,-15.07171630859375,-1.6907198429107666,-0.588958740234375,0.00710428599268198,0.0,0.0,0.0,-2.7898500599792886,70,255,255,255
2615,89.26600026099959,-4.690737247467041,17.631223678588867,-15.073471069335938,-1.6946723461151123,-0.6050347685813904,-0.00458682794123888,0.0,0.0,0.0,-2.7877906375083303,70,255,255,255
2616,89.30130915399968,-4.751546859741211,17.61549949645996,-15.075897216796875,-1.6965842247009277,-0.5918519496917725,-0.004026507027447224,0.0,0.0,0.0,-2.78372106104658,70,255,255,255
2617,89.33638810899993,-4.811463832855225,17.59971046447754,-15.077423095703125,-1.67928946018219,-0.6212838292121887,0.03412676602602005,0.0,0.0,0.0,-2.7798703964264346,70,255,255,255
2618,89.36828186499997,-4.870463848114014,17.582765579223633,-15.078521728515625,-1.6850781440734863,-0.6366257667541504,0.04180600121617317,0.0,0.0,0.0,-2.7779481267516157,70,255,255,255
2619,89.40328213999965,-4.943371772766113,17.559823989868164,-15.079574584960938,-1.6831387281417847,-0.6873397827148438,0.031127886846661568,0.0,0.0,0.0,-2.7743568540216437,70,255,255,255
2620,89.43752260599967,-5.002923965454102,17.539323806762695,-15.083541870117188,-1.6608591079711914,-0.7381421327590942,0.028372613713145256,0.0,0.0,0.0,-2.7696803431474644,70,255,255,255
2621,89.46944395599985,-5.061391830444336,17.517227172851562,-15.087005615234375,-1.6672534942626953,-0.765870988368988,0.030053505674004555,0.0,0.0,0.0,-2.7674009435704656,70,255,255,255
2622,89.5053832489998,-5.11920166015625,17.493854522705078,-15.089736938476562,-1.6665213108062744,-0.7930045127868652,0.04203017055988312,0.0,0.0,0.0,-2.763348677655801,70,255,255,255
2623,89.53869992599994,-5.177053928375244,17.46988868713379,-15.091888427734375,-1.6576111316680908,-0.8397016525268555,0.0403963103890419,0.0,0.0,0.0,-2.758563243493038,70,255,255,255
2624,89.57085533700001,-5.2353644371032715,17.445207595825195,-15.093612670898438,-1.6516501903533936,-0.8748388290405273,0.037224166095256805,0.0,0.0,0.0,-2.7563288513384614,70,255,255,255
2625,89.60756922199971,-5.307404518127441,17.412904739379883,-15.095184326171875,-1.6611740589141846,-0.8826186060905457,0.043294116854667664,0.0,0.0,0.0,-2.7509569891036625,70,255,255,255
2626,89.64090043099986,-5.364713668823242,17.386646270751953,-15.096664428710938,-1.6672556400299072,-0.8935054540634155,0.006991948001086712,0.0,0.0,0.0,-2.746583013329316,70,255,255,255
2627,89.67333158599968,-5.4244465827941895,17.360841751098633,-15.098892211914062,-1.6676392555236816,-0.8908303380012512,0.002310357056558132,0.0,0.0,0.0,-2.7445448961470786,70,255,255,255
2628,89.70980345899989,-5.486070156097412,17.335691452026367,-15.101028442382812,-1.6715781688690186,-0.8873574733734131,-0.006439328193664551,0.0,0.0,0.0,-2.7406058145787426,70,255,255,255
2629,89.74299551499962,-5.547223091125488,17.310705184936523,-15.102798461914062,-1.6877506971359253,-0.8638439774513245,0.0035854498855769634,0.0,0.0,0.0,-2.735784960373481,70,255,255,255
2630,89.77571660299964,-5.60803747177124,17.285825729370117,-15.104354858398438,-1.694709300994873,-0.8701660633087158,0.019518131390213966,0.0,0.0,0.0,-2.733561753495483,70,255,255,255
2631,89.81199895399959,-5.684399127960205,17.25564956665039,-15.107437133789062,-1.6734541654586792,-0.8836138844490051,0.02451018989086151,0.0,0.0,0.0,-2.729386183222348,70,255,255,255
2632,89.84504999199999,-5.744908332824707,17.231529235839844,-15.110580444335938,-1.6646007299423218,-0.8751760721206665,0.051232028752565384,0.0,0.0,0.0,-2.724455340464066,70,255,255,255
2633,89.87720763899961,-5.804323673248291,17.207382202148438,-15.112289428710938,-1.6615753173828125,-0.8679153919219971,0.08619601279497147,0.0,0.0,0.0,-2.7224965854823124,70,255,255,255
2634,89.91584312699979,-5.86279296875,17.182559967041016,-15.112701416015625,-1.6519496440887451,-0.8737096190452576,0.1177542507648468,0.0,0.0,0.0,-2.7183886595008655,70,255,255,255
2635,89.94950734099984,-5.920811176300049,17.155214309692383,-15.113540649414062,-1.6439692974090576,-0.9033915996551514,0.1131160631775856,0.0,0.0,0.0,-2.7131108068525465,70,255,255,255
2636,89.98160708099977,-5.978318214416504,17.127511978149414,-15.114425659179688,-1.6521905660629272,-0.8960056900978088,0.1139143630862236,0.0,0.0,0.0,-2.7108199556828603,70,255,255,255
2637,90.01685758699978,-6.0498504638671875,17.09320640563965,-15.114898681640625,-1.6642472743988037,-0.8811609745025635,0.10472355782985687,0.0,0.0,0.0,-2.7064246746197935,70,255,255,255
2638,90.0515567729999,-6.107483386993408,17.065631866455078,-15.1143798828125,-1.6463454961776733,-0.9066697359085083,0.10391543060541153,0.0,0.0,0.0,-2.7021963737570744,70,255,255,255
2639,90.08306822399982,-6.167364120483398,17.038557052612305,-15.112350463867188,-1.6594340801239014,-0.8866503834724426,0.10483963787555695,0.0,0.0,0.0,-2.6997121770922488,70,255,255,255
2640,90.118652183,-6.22671365737915,17.011856079101562,-15.110000610351562,-1.6657551527023315,-0.8665109276771545,0.10981790721416473,0.0,0.0,0.0,-2.6953014496948593,70,255,255,255
2641,90.15206805499975,-6.285747051239014,16.985424041748047,-15.107574462890625,-1.6742297410964966,-0.860156774520874,0.11354237794876099,0.0,0.0,0.0,-2.6911375973305205,70,255,255,255
2642,90.1848223019997,-6.346686840057373,16.95962905883789,-15.104843139648438,-1.6846340894699097,-0.8411740660667419,0.13239005208015442,0.0,0.0,0.0,-2.6888539366957778,70,255,255,255
2643,90.22082132699961,-6.42452335357666,16.92836570739746,-15.101058959960938,-1.6824666261672974,-0.8262854218482971,0.12191315740346909,0.0,0.0,0.0,-2.6841816868793424,70,255,255,255
2644,90.25363894299971,-6.48563289642334,16.903528213500977,-15.098373413085938,-1.6640141010284424,-0.8349997997283936,0.1276351511478424,0.0,0.0,0.0,-2.680336881213595,70,255,255,255
2645,90.28622481999992,-6.545687198638916,16.8785400390625,-15.095016479492188,-1.6683186292648315,-0.8211589455604553,0.1377878189086914,0.0,0.0,0.0,-2.677705678056597,70,255,255,255
2646,90.32366379799987,-6.60667610168457,16.854333877563477,-15.094192504882812,-1.6657973527908325,-0.8103330135345459,0.15242241322994232,0.0,0.0,0.0,-2.673877383989608,70,255,255,255
2647,90.35607058099959,-6.666988849639893,16.830242156982422,-15.09332275390625,-1.6420332193374634,-0.814907431602478,0.1573721170425415,0.0,0.0,0.0,-2.669816063327237,70,255,255,255
2648,90.38882586599993,-6.726067066192627,16.806156158447266,-15.091705322265625,-1.6337881088256836,-0.8087981343269348,0.19280025362968445,0.0,0.0,0.0,-2.6677656956039852,70,255,255,255
2649,90.42550434899977,-6.798792362213135,16.776153564453125,-15.088119506835938,-1.636319875717163,-0.7946196794509888,0.1936376839876175,0.0,0.0,0.0,-2.663834869835028,70,255,255,255
2650,90.45827846999964,-6.8608927726745605,16.755054473876953,-15.089324951171875,-1.6377696990966797,-0.7780207395553589,0.16570021212100983,0.0,0.0,0.0,-2.6605293542900217,70,255,255,255
2651,90.49090687999978,-6.921948432922363,16.73381996154785,-15.090164184570312,-1.6334432363510132,-0.7753361463546753,0.18503838777542114,0.0,0.0,0.0,-2.658717605800441,70,255,255,255
2652,90.52794889999996,-6.982165336608887,16.712047576904297,-15.090576171875,-1.6401245594024658,-0.7884128093719482,0.16869840025901794,0.0,0.0,0.0,-2.654450422785807,70,255,255,255
2653,90.56145730099979,-7.041552543640137,16.689756393432617,-15.090682983398438,-1.637485384941101,-0.7808418273925781,0.16814656555652618,0.0,0.0,0.0,-2.6503102725551697,70,255,255,255
2654,90.59283206600003,-7.101082801818848,16.668867111206055,-15.090805053710938,-1.6566218137741089,-0.7457586526870728,0.16577666997909546,0.0,0.0,0.0,-2.648392263938095,70,255,255,255
2655,90.62961380399975,-7.174731254577637,16.642961502075195,-15.090408325195312,-1.6483110189437866,-0.7455618381500244,0.16347268223762512,0.0,0.0,0.0,-2.644910979761143,70,255,255,255
2656,90.66228292099959,-7.232335567474365,16.621612548828125,-15.089630126953125,-1.636749029159546,-0.7417758107185364,0.15319328010082245,0.0,0.0,0.0,-2.6405753535064944,70,255,255,255
2657,90.69507706299964,-7.289702892303467,16.601497650146484,-15.0892333984375,-1.635419487953186,-0.733311116695404,0.12437591701745987,0.0,0.0,0.0,-2.637986494610828,70,255,255,255
2658,90.73182558600001,-7.3469085693359375,16.582963943481445,-15.08831787109375,-1.6234657764434814,-0.7338149547576904,0.13983367383480072,0.0,0.0,0.0,-2.632699054582585,70,255,255,255
2659,90.76443447999964,-7.403736591339111,16.564254760742188,-15.086959838867188,-1.6320959329605103,-0.710747480392456,0.1353532373905182,0.0,0.0,0.0,-2.6284811400481174,70,255,255,255
2660,90.80126000799964,-7.459489822387695,16.544536590576172,-15.085464477539062,-1.6025766134262085,-0.7579914927482605,0.1512460857629776,0.0,0.0,0.0,-2.626181500446834,70,255,255,255
2661,90.84138605099997,-7.529458522796631,16.51588249206543,-15.084716796875,-1.5692633390426636,-0.8091323375701904,0.16172567009925842,0.0,0.0,0.0,-2.6215337517124278,70,255,255,255
2662,90.87758350599961,-7.585020542144775,16.490642547607422,-15.084503173828125,-1.5613481998443604,-0.8197422623634338,0.1681564450263977,0.0,0.0,0.0,-2.61737762251525,70,255,255,255
2663,90.90871763399991,-7.6399407386779785,16.465232849121094,-15.083938598632812,-1.5555636882781982,-0.8334556818008423,0.1745946705341339,0.0,0.0,0.0,-2.6154196664818237,70,255,255,255
2664,90.9515058969996,-7.6942315101623535,16.439096450805664,-15.082382202148438,-1.5527610778808594,-0.8456239700317383,0.192899689078331,0.0,0.0,0.0,-2.6100462063503707,70,255,255,255
2665,90.97601293299977,-7.752315998077393,16.412342071533203,-15.084793090820312,-1.550224781036377,-0.8674924969673157,0.17506566643714905,0.0,0.0,0.0,-2.6055356104121037,70,255,255,255
2666,91.007687927,-7.809547424316406,16.385238647460938,-15.087265014648438,-1.5403485298156738,-0.8815032839775085,0.16190719604492188,0.0,0.0,0.0,-2.6034082773333482,70,255,255,255
2667,91.03956884599984,-7.879101753234863,16.349903106689453,-15.090072631835938,-1.511952519416809,-0.9237178564071655,0.14406494796276093,0.0,0.0,0.0,-2.598625506331675,70,255,255,255
2668,91.0725393179996,-7.934196949005127,16.32164764404297,-15.092605590820312,-1.5165343284606934,-0.9078752398490906,0.12101947516202927,0.0,0.0,0.0,-2.5936328782361033,70,255,255,255
2669,91.10467027499999,-7.990031719207764,16.294607162475586,-15.097930908203125,-1.4947679042816162,-0.919381320476532,0.07633690536022186,0.0,0.0,0.0,-2.5912522785376817,70,255,255,255
2670,91.14149267699986,-8.044859886169434,16.267383575439453,-15.1036376953125,-1.4973360300064087,-0.9055666923522949,0.05480828881263733,0.0,0.0,0.0,-2.586768846842533,70,255,255,255
2671,91.17472380299978,-8.098483085632324,16.239967346191406,-15.109237670898438,-1.4801980257034302,-0.9036197066307068,0.02201789803802967,0.0,0.0,0.0,-2.5838430980689724,70,255,255,255
2672,91.2066288269998,-8.153047561645508,16.213829040527344,-15.11669921875,-1.462722659111023,-0.8774394392967224,0.009373487904667854,0.0,0.0,0.0,-2.582127223378634,70,255,255,255
2673,91.24346269999978,-8.222244262695312,16.183902740478516,-15.12646484375,-1.4682189226150513,-0.8060739040374756,0.021491805091500282,0.0,0.0,0.0,-2.577880813020503,70,255,255,255
2674,91.2768143809999,-8.276618957519531,16.161611557006836,-15.132583618164062,-1.4659754037857056,-0.7651994824409485,0.02545473910868168,0.0,0.0,0.0,-2.572129982962586,70,255,255,255
2675,91.30893750799987,-8.329863548278809,16.139972686767578,-15.138427734375,-1.4362397193908691,-0.7503461837768555,0.019471116364002228,0.0,0.0,0.0,-2.569201571027935,70,255,255,255
2676,91.34634832799975,-8.385250091552734,16.119203567504883,-15.143295288085938,-1.4398452043533325,-0.7143663167953491,0.010911957360804081,0.0,0.0,0.0,-2.563228100702887,70,255,255,255
2677,91.3798580609996,-8.440376281738281,16.098875045776367,-15.1475830078125,-1.4318312406539917,-0.6954216957092285,0.009988503530621529,0.0,0.0,0.0,-2.5577071014470434,70,255,255,255
2678,91.41155310099975,-8.49483871459961,16.07914924621582,-15.1517333984375,-1.4511605501174927,-0.6659409403800964,0.011167271994054317,0.0,0.0,0.0,-2.553592251246762,70,255,255,255
2679,91.44942697799979,-8.562200546264648,16.05495262145996,-15.155685424804688,-1.4563502073287964,-0.6677953004837036,0.020330321043729782,0.0,0.0,0.0,-2.548742901217837,70,255,255,255
2680,91.48262775299963,-8.618648529052734,16.03684425354004,-15.163772583007812,-1.4358532428741455,-0.6813211441040039,0.04009402543306351,0.0,0.0,0.0,-2.5434695759433708,70,255,255,255
2681,91.51562038899965,-8.673548698425293,16.01806640625,-15.170486450195312,-1.4335583448410034,-0.6844624876976013,0.05602358654141426,0.0,0.0,0.0,-2.541121733126357,70,255,255,255
2682,91.55064293399982,-8.727432250976562,15.9987154006958,-15.176177978515625,-1.4230997562408447,-0.6999624371528625,0.06599181890487671,0.0,0.0,0.0,-2.5361802377237153,70,255,255,255
2683,91.58371765999982,-8.78111743927002,15.979545593261719,-15.1817626953125,-1.4341732263565063,-0.6991434097290039,0.08618433773517609,0.0,0.0,0.0,-2.531839817779104,70,255,255,255
2684,91.6165300839998,-8.835790634155273,15.961202621459961,-15.190597534179688,-1.4281542301177979,-0.7302412390708923,0.10056934505701065,0.0,0.0,0.0,-2.5295755982203185,70,255,255,255
2685,91.65223341499996,-8.903289794921875,15.936354637145996,-15.199951171875,-1.442956805229187,-0.7658023834228516,0.10662255436182022,0.0,0.0,0.0,-2.5250258538140273,70,255,255,255
2686,91.68555235699978,-8.956332206726074,15.914984703063965,-15.205978393554688,-1.4362107515335083,-0.7990124225616455,0.09778901189565659,0.0,0.0,0.0,-2.521389041029415,70,255,255,255
2687,91.71785466699976,-9.009808540344238,15.893461227416992,-15.212875366210938,-1.4242234230041504,-0.8250959515571594,0.1192813590168953,0.0,0.0,0.0,-2.519447063962529,70,255,255,255
2688,91.75455117699994,-9.064249992370605,15.872762680053711,-15.220367431640625,-1.4341970682144165,-0.8210060000419617,0.11575577408075333,0.0,0.0,0.0,-2.5149551101518925,70,255,255,255
2689,91.7934083199998,-9.117674827575684,15.85129451751709,-15.226303100585938,-1.426994800567627,-0.8316277861595154,0.14548927545547485,0.0,0.0,0.0,-2.5097438365308253,70,255,255,255
2690,91.82479741199995,-9.170003890991211,15.828991889953613,-15.23046875,-1.4124841690063477,-0.8444372415542603,0.16259747743606567,0.0,0.0,0.0,-2.507376818953963,70,255,255,255
2691,91.86318356499987,-9.23732852935791,15.800528526306152,-15.235015869140625,-1.4265882968902588,-0.8370410799980164,0.1731245517730713,0.0,0.0,0.0,-2.50338314258328,70,255,255,255
2692,91.89419984899996,-9.29189682006836,15.776664733886719,-15.238616943359375,-1.4240156412124634,-0.8657971620559692,0.15944723784923553,0.0,0.0,0.0,-2.4996049159447846,70,255,255,255
2693,91.92937882199976,-9.3452730178833,15.751749992370605,-15.241546630859375,-1.4177640676498413,-0.8821260929107666,0.17120474576950073,0.0,0.0,0.0,-2.49781580432447,70,255,255,255
2694,91.96156402199995,-9.397324562072754,15.725618362426758,-15.24334716796875,-1.3784263134002686,-0.9240348935127258,0.1923747956752777,0.0,0.0,0.0,-2.4939041533153614,70,255,255,255
2695,91.99299991499993,-9.449650764465332,15.69698715209961,-15.244766235351562,-1.379115343093872,-0.93304443359375,0.22490565478801727,0.0,0.0,0.0,-2.4895996860454663,70,255,255,255
2696,92.02781104899987,-9.50102424621582,15.66798210144043,-15.244796752929688,-1.377855896949768,-0.9353827238082886,0.24945910274982452,0.0,0.0,0.0,-2.4880246925767935,70,255,255,255
2697,92.06271001799996,-9.564129829406738,15.63164234161377,-15.243240356445312,-1.385552167892456,-0.9289625883102417,0.24386797845363617,0.0,0.0,0.0,-2.4844339524790393,70,255,255,255
2698,92.09571958699962,-9.615760803222656,15.60452938079834,-15.2423095703125,-1.3953795433044434,-0.9007825255393982,0.24277234077453613,0.0,0.0,0.0,-2.481329771912443,70,255,255,255
2699,92.12946316499983,-9.670479774475098,15.581531524658203,-15.24493408203125,-1.393511176109314,-0.8691295981407166,0.2282053381204605,0.0,0.0,0.0,-2.479445052808994,70,255,255,255
2700,92.16681428799984,-9.73770523071289,15.553535461425781,-15.246261596679688,-1.3888444900512695,-0.8371697068214417,0.26530224084854126,0.0,0.0,0.0,-2.4760993235315274,70,255,255,255
2701,92.20083426999963,-9.777176856994629,15.536834716796875,-15.245986938476562,-1.38473379611969,-0.8314291834831238,0.2525641918182373,0.0,0.0,0.0,-2.472851065949958,70,255,255,255
2702,92.23446459499974,-9.82988166809082,15.514410018920898,-15.247329711914062,-1.3795585632324219,-0.8308826088905334,0.22732385993003845,0.0,0.0,0.0,-2.471141582846236,70,255,255,255
2703,92.2675678139999,-9.89555549621582,15.486409187316895,-15.249374389648438,-1.380771279335022,-0.817427396774292,0.2443333864212036,0.0,0.0,0.0,-2.4672019686456816,70,255,255,255
2704,92.30060888499975,-9.947237968444824,15.46369457244873,-15.249954223632812,-1.3657729625701904,-0.8352046608924866,0.24591360986232758,0.0,0.0,0.0,-2.463650110699843,70,255,255,255
2705,92.33674156400002,-9.997662544250488,15.440065383911133,-15.250320434570312,-1.3515455722808838,-0.8627587556838989,0.21037434041500092,0.0,0.0,0.0,-2.461858335918438,70,255,255,255
2706,92.36974195399989,-10.04853630065918,15.41502857208252,-15.253311157226562,-1.3387486934661865,-0.8983760476112366,0.18254418671131134,0.0,0.0,0.0,-2.4587568185129314,70,255,255,255
2707,92.40367848799997,-10.098755836486816,15.388620376586914,-15.256820678710938,-1.340279459953308,-0.9173953533172607,0.17005006968975067,0.0,0.0,0.0,-2.455973815173799,70,255,255,255
2708,92.43624301699992,-10.148172378540039,15.361114501953125,-15.2598876953125,-1.3403419256210327,-0.9546599984169006,0.14958086609840393,0.0,0.0,0.0,-2.4543255847751486,70,255,255,255
2709,92.47352914299972,-10.20888900756836,15.32491397857666,-15.26318359375,-1.345047116279602,-0.9803397059440613,0.1440770924091339,0.0,0.0,0.0,-2.451014742907962,70,255,255,255
2710,92.50553464699988,-10.259652137756348,15.293177604675293,-15.267929077148438,-1.3338983058929443,-1.0108352899551392,0.148067444562912,0.0,0.0,0.0,-2.447383789077748,70,255,255,255
2711,92.53832019899983,-10.309489250183105,15.260846138000488,-15.271331787109375,-1.3335984945297241,-1.020536184310913,0.16564419865608215,0.0,0.0,0.0,-2.445307056059704,70,255,255,255
2712,92.5776586979996,-10.358528137207031,15.228372573852539,-15.273101806640625,-1.3297271728515625,-1.0334787368774414,0.19051946699619293,0.0,0.0,0.0,-2.4408505222915657,70,255,255,255
2713,92.60788788699983,-10.40747356414795,15.1957426071167,-15.274993896484375,-1.3164966106414795,-1.0480066537857056,0.19176411628723145,0.0,0.0,0.0,-2.4366049108817616,70,255,255,255
2714,92.64028451799959,-10.458344459533691,15.164508819580078,-15.279693603515625,-1.3359321355819702,-1.0608868598937988,0.19382773339748383,0.0,0.0,0.0,-2.434780112902839,70,255,255,255
2715,92.67677622099973,-10.520751953125,15.1239595413208,-15.28424072265625,-1.3216798305511475,-1.087620496749878,0.19311511516571045,0.0,0.0,0.0,-2.430336894940151,70,255,255,255
2716,92.71220912399986,-10.569576263427734,15.091156005859375,-15.286270141601562,-1.3271698951721191,-1.0818517208099365,0.20501744747161865,0.0,0.0,0.0,-2.426571185158779,70,255,255,255
2717,92.74222442799964,-10.617391586303711,15.058571815490723,-15.288650512695312,-1.3177258968353271,-1.0997925996780396,0.2073056548833847,0.0,0.0,0.0,-2.4244422541833694,70,255,255,255
2718,92.77902252799959,-10.664263725280762,15.02614688873291,-15.290420532226562,-1.3169245719909668,-1.1054110527038574,0.24726325273513794,0.0,0.0,0.0,-2.420298375527206,70,255,255,255
2719,92.81192236099969,-10.710721015930176,14.993083000183105,-15.290435791015625,-1.319822072982788,-1.1130726337432861,0.2579660713672638,0.0,0.0,0.0,-2.4164335961532832,70,255,255,255
2720,92.84494954299998,-10.756333351135254,14.959135055541992,-15.289398193359375,-1.2986212968826294,-1.1478877067565918,0.27701231837272644,0.0,0.0,0.0,-2.414274837773665,70,255,255,255
2721,92.88284790399985,-10.81441879272461,14.916351318359375,-15.286865234375,-1.3198754787445068,-1.1551423072814941,0.2723069190979004,0.0,0.0,0.0,-2.4101157790992884,70,255,255,255
2722,92.91670002599994,-10.861682891845703,14.8818998336792,-15.284652709960938,-1.3195525407791138,-1.1746636629104614,0.2574261426925659,0.0,0.0,0.0,-2.405197719514239,70,255,255,255
2723,92.94952833499974,-10.907886505126953,14.846482276916504,-15.2822265625,-1.302235722541809,-1.1937154531478882,0.25227758288383484,0.0,0.0,0.0,-2.4026972775667637,70,255,255,255
2724,92.98506323099991,-10.953386306762695,14.810403823852539,-15.279144287109375,-1.298858880996704,-1.2042479515075684,0.260976105928421,0.0,0.0,0.0,-2.3984756346067697,70,255,255,255
2725,93.01859466999986,-11.00013256072998,14.774154663085938,-15.275146484375,-1.3000038862228394,-1.2089558839797974,0.2694263756275177,0.0,0.0,0.0,-2.395126709535995,70,255,255,255
2726,93.05166934099998,-11.04605484008789,14.737581253051758,-15.270156860351562,-1.2839789390563965,-1.2159759998321533,0.3091427683830261,0.0,0.0,0.0,-2.392869946828262,70,255,255,255
2727,93.08977601299966,-11.102486610412598,14.691424369812012,-15.262786865234375,-1.2959601879119873,-1.2093082666397095,0.29599741101264954,0.0,0.0,0.0,-2.388766814536777,70,255,255,255
2728,93.12390725199975,-11.148151397705078,14.65432071685791,-15.257354736328125,-1.3016656637191772,-1.2090052366256714,0.28369584679603577,0.0,0.0,0.0,-2.3846216043000688,70,255,255,255
2729,93.15451430299981,-11.195688247680664,14.617704391479492,-15.252365112304688,-1.3191248178482056,-1.1955780982971191,0.2884954810142517,0.0,0.0,0.0,-2.3831249077674443,70,255,255,255
2730,93.19139698299978,-11.242982864379883,14.581056594848633,-15.246734619140625,-1.334081768989563,-1.1781506538391113,0.30214202404022217,0.0,0.0,0.0,-2.3781330786201997,70,255,255,255
2731,93.22540811399995,-11.29024600982666,14.544933319091797,-15.240966796875,-1.332888126373291,-1.18156099319458,0.2747284770011902,0.0,0.0,0.0,-2.3746446039083047,70,255,255,255
2732,93.257868314,-11.339157104492188,14.508151054382324,-15.235260009765625,-1.3482520580291748,-1.1797314882278442,0.26887139678001404,0.0,0.0,0.0,-2.372505552920753,70,255,255,255
2733,93.2947980519998,-11.4021635055542,14.461487770080566,-15.228286743164062,-1.3493682146072388,-1.1834237575531006,0.2269340455532074,0.0,0.0,0.0,-2.367284958235871,70,255,255,255
2734,93.32778424299977,-11.451774597167969,14.424243927001953,-15.223281860351562,-1.359471082687378,-1.1736559867858887,0.20500844717025757,0.0,0.0,0.0,-2.3620957888518515,70,255,255,255
2735,93.36001667999972,-11.500822067260742,14.38709545135498,-15.218307495117188,-1.3490030765533447,-1.178626298904419,0.22479240596294403,0.0,0.0,0.0,-2.359266979141969,70,255,255,255
2736,93.39904351099995,-11.551478385925293,14.348736763000488,-15.215774536132812,-1.3551362752914429,-1.183854341506958,0.21779179573059082,0.0,0.0,0.0,-2.3538631589740895,70,255,255,255
2737,93.43554939099977,-11.601927757263184,14.309979438781738,-15.213699340820312,-1.3475265502929688,-1.1953022480010986,0.20567727088928223,0.0,0.0,0.0,-2.3482113985087234,70,255,255,255
2738,93.46727014899989,-11.651641845703125,14.270965576171875,-15.211685180664062,-1.350051760673523,-1.196136236190796,0.19344298541545868,0.0,0.0,0.0,-2.34629285725943,70,255,255,255
2739,93.50204015099962,-11.712770462036133,14.221890449523926,-15.208724975585938,-1.3509273529052734,-1.209944725036621,0.19687245786190033,0.0,0.0,0.0,-2.342116221721859,70,255,255,255
2740,93.53659317099982,-11.762112617492676,14.182772636413574,-15.20806884765625,-1.3484896421432495,-1.2205779552459717,0.20272687077522278,0.0,0.0,0.0,-2.337861821880457,70,255,255,255
2741,93.56795788099998,-11.810250282287598,14.143241882324219,-15.206512451171875,-1.3239033222198486,-1.2336490154266357,0.21085134148597717,0.0,0.0,0.0,-2.3359526016949794,70,255,255,255
2742,93.60457994099988,-11.857390403747559,14.103363990783691,-15.204666137695312,-1.3355128765106201,-1.230652093887329,0.19830061495304108,0.0,0.0,0.0,-2.331020427356153,70,255,255,255
2743,93.63735794599961,-11.904738426208496,14.06347942352295,-15.201705932617188,-1.332940936088562,-1.2510654926300049,0.20027950406074524,0.0,0.0,0.0,-2.326620885235342,70,255,255,255
2744,93.66976413599969,-11.951668739318848,14.022046089172363,-15.197006225585938,-1.3171840906143188,-1.2747507095336914,0.20232120156288147,0.0,0.0,0.0,-2.3247912935664576,70,255,255,255
2745,93.7095577619998,-12.009150505065918,13.96969223022461,-15.19085693359375,-1.3090448379516602,-1.279840111732483,0.19521473348140717,0.0,0.0,0.0,-2.319420230279986,70,255,255,255
2746,93.73928307099959,-12.054842948913574,13.928014755249023,-15.186065673828125,-1.3155958652496338,-1.2802835702896118,0.18155044317245483,0.0,0.0,0.0,-2.315019090262521,70,255,255,255
2747,93.77232104199993,-12.100236892700195,13.886674880981445,-15.181488037109375,-1.3116062879562378,-1.2859688997268677,0.19252270460128784,0.0,0.0,0.0,-2.3125809662845533,70,255,255,255
2748,93.80871206499978,-12.14443588256836,13.844464302062988,-15.177200317382812,-1.2878221273422241,-1.3308814764022827,0.15234118700027466,0.0,0.0,0.0,-2.308174233628799,70,255,255,255
2749,93.841664261,-12.188176155090332,13.801416397094727,-15.173797607421875,-1.2820796966552734,-1.3584059476852417,0.12640313804149628,0.0,0.0,0.0,-2.3042170425650506,70,255,255,255
2750,93.87504479699965,-12.23104190826416,13.7571382522583,-15.17181396484375,-1.2737199068069458,-1.3881440162658691,0.08007686585187912,0.0,0.0,0.0,-2.301959747225099,70,255,255,255
2751,93.91163571299967,-12.284263610839844,13.699027061462402,-15.171173095703125,-1.2503165006637573,-1.4306890964508057,0.08668813854455948,0.0,0.0,0.0,-2.2980028224774594,70,255,255,255
2752,93.94461916299997,-12.32618522644043,13.650460243225098,-15.171249389648438,-1.2363309860229492,-1.4702993631362915,0.0738336592912674,0.0,0.0,0.0,-2.292900472144977,70,255,255,255
2753,93.97666596699992,-12.367215156555176,13.601129531860352,-15.171432495117188,-1.2314988374710083,-1.487377643585205,0.07757222652435303,0.0,0.0,0.0,-2.290570738823375,70,255,255,255
2754,94.01563597199993,-12.408352851867676,13.55173397064209,-15.170654296875,-1.2532389163970947,-1.4810093641281128,0.11749204248189926,0.0,0.0,0.0,-2.2859698617241544,70,255,255,255
2755,94.04910535299996,-12.450078010559082,13.499565124511719,-15.16827392578125,-1.2468600273132324,-1.5024077892303467,0.13568376004695892,0.0,0.0,0.0,-2.281728511372094,70,255,255,255
2756,94.08137065599976,-12.491585731506348,13.44722843170166,-15.16552734375,-1.2501078844070435,-1.5174225568771362,0.1380615234375,0.0,0.0,0.0,-2.2802637727725505,70,255,255,255
2757,94.11643240199965,-12.54366683959961,13.382156372070312,-15.161911010742188,-1.272548794746399,-1.5135947465896606,0.13693495094776154,0.0,0.0,0.0,-2.2761822120858954,70,255,255,255
2758,94.14934034599992,-12.58596134185791,13.330662727355957,-15.158660888671875,-1.2625818252563477,-1.5194510221481323,0.16393999755382538,0.0,0.0,0.0,-2.2712119545434803,70,255,255,255
2759,94.1822790199999,-12.629036903381348,13.280065536499023,-15.155471801757812,-1.2470204830169678,-1.5274802446365356,0.17556726932525635,0.0,0.0,0.0,-2.2689730350150508,70,255,255,255
2760,94.21861314599983,-12.671900749206543,13.229622840881348,-15.15167236328125,-1.2655205726623535,-1.5271799564361572,0.16973383724689484,0.0,0.0,0.0,-2.2643034483597058,70,255,255,255
2761,94.25180104799983,-12.714734077453613,13.179112434387207,-15.1478271484375,-1.2697834968566895,-1.5262473821640015,0.16515390574932098,0.0,0.0,0.0,-2.2602045771259647,70,255,255,255
2762,94.2847940229999,-12.758782386779785,13.128050804138184,-15.145233154296875,-1.2573614120483398,-1.5406380891799927,0.16413600742816925,0.0,0.0,0.0,-2.2583217222352787,70,255,255,255
2763,94.32104360999983,-12.814892768859863,13.063271522521973,-15.143600463867188,-1.2565706968307495,-1.5480328798294067,0.13153165578842163,0.0,0.0,0.0,-2.2537030019567545,70,255,255,255
2764,94.3537593269998,-12.859474182128906,13.011425018310547,-15.14251708984375,-1.2790881395339966,-1.552891492843628,0.122097909450531,0.0,0.0,0.0,-2.2498648541937323,70,255,255,255
2765,94.38694885999985,-12.903647422790527,12.95921802520752,-15.14105224609375,-1.2650657892227173,-1.5713692903518677,0.13283085823059082,0.0,0.0,0.0,-2.2477596253520247,70,255,255,255
2766,94.42592329099989,-12.948047637939453,12.9064302444458,-15.140640258789062,-1.2579002380371094,-1.5690054893493652,0.14901836216449738,0.0,0.0,0.0,-2.2435888487688516,70,255,255,255
2767,94.46038148699972,-12.991485595703125,12.853145599365234,-15.13934326171875,-1.237770438194275,-1.5865920782089233,0.16304093599319458,0.0,0.0,0.0,-2.239414610076261,70,255,255,255
2768,94.49252189199979,-13.033639907836914,12.79931926727295,-15.137481689453125,-1.1957499980926514,-1.621362566947937,0.1641874611377716,0.0,0.0,0.0,-2.237178353708922,70,255,255,255
2769,94.53449467499968,-13.084128379821777,12.73145866394043,-15.133819580078125,-1.174175500869751,-1.6276428699493408,0.2026580572128296,0.0,0.0,0.0,-2.2319722732519804,70,255,255,255
2770,94.56516667699998,-13.125523567199707,12.679807662963867,-15.133316040039062,-1.143857479095459,-1.6475632190704346,0.22181856632232666,0.0,0.0,0.0,-2.2280977733400786,70,255,255,255
2771,94.60338186099989,-13.165852546691895,12.627808570861816,-15.13165283203125,-1.133022427558899,-1.6494832038879395,0.2223949432373047,0.0,0.0,0.0,-2.2259150465106496,70,255,255,255
2772,94.62964487199997,-13.20532512664795,12.575904846191406,-15.129257202148438,-1.1222363710403442,-1.6421080827713013,0.22146055102348328,0.0,0.0,0.0,-2.2221394830332444,70,255,255,255
2773,94.66204121099963,-13.243508338928223,12.523696899414062,-15.127944946289062,-1.1072323322296143,-1.6531702280044556,0.21044400334358215,0.0,0.0,0.0,-2.218028361258489,70,255,255,255
2774,94.69577927099999,-13.280682563781738,12.471413612365723,-15.130859375,-1.1090219020843506,-1.6551847457885742,0.16994737088680267,0.0,0.0,0.0,-2.216004758304192,70,255,255,255
2775,94.732902449,-13.326817512512207,12.406435012817383,-15.134078979492188,-1.1149786710739136,-1.6251918077468872,0.17280922830104828,0.0,0.0,0.0,-2.2125924499994736,70,255,255,255
2776,94.7655753439999,-13.363770484924316,12.355255126953125,-15.135543823242188,-1.1360249519348145,-1.601121187210083,0.16463346779346466,0.0,0.0,0.0,-2.2093113023784414,70,255,255,255
2777,94.79851956699986,-13.401570320129395,12.305532455444336,-15.13653564453125,-1.169945478439331,-1.5521105527877808,0.1585877239704132,0.0,0.0,0.0,-2.2074757185971046,70,255,255,255
2778,94.83457266899995,-13.43931770324707,12.256682395935059,-15.136993408203125,-1.1719155311584473,-1.5369980335235596,0.15436510741710663,0.0,0.0,0.0,-2.2040662066115306,70,255,255,255
2779,94.86740206199966,-13.477076530456543,12.208313941955566,-15.136962890625,-1.169715166091919,-1.524902582168579,0.13852912187576294,0.0,0.0,0.0,-2.1988895540846345,70,255,255,255
2780,94.89963136199958,-13.515067100524902,12.160599708557129,-15.136917114257812,-1.1962780952453613,-1.4891958236694336,0.13438083231449127,0.0,0.0,0.0,-2.196618410307015,70,255,255,255
2781,94.93610133599987,-13.563807487487793,12.10244083404541,-15.135345458984375,-1.1750034093856812,-1.486372947692871,0.13300219178199768,0.0,0.0,0.0,-2.192439644240572,70,255,255,255
2782,94.96859729599964,-13.602396011352539,12.05615520477295,-15.132705688476562,-1.175973653793335,-1.480223536491394,0.14370372891426086,0.0,0.0,0.0,-2.1878455582021306,70,255,255,255
2783,95.00122907199966,-13.640563011169434,12.009737014770508,-15.129379272460938,-1.1493120193481445,-1.490401268005371,0.16101795434951782,0.0,0.0,0.0,-2.185922223262875,70,255,255,255
2784,95.03787675399963,-13.677763938903809,11.963059425354004,-15.125503540039062,-1.143439769744873,-1.4916688203811646,0.1672433614730835,0.0,0.0,0.0,-2.181285260330884,70,255,255,255
2785,95.07070311500001,-13.714557647705078,11.915618896484375,-15.12005615234375,-1.1440386772155762,-1.497363805770874,0.1644640415906906,0.0,0.0,0.0,-2.1766227310524275,70,255,255,255
2786,95.10324189099993,-13.751419067382812,11.868114471435547,-15.114456176757812,-1.1421253681182861,-1.5018103122711182,0.1727645844221115,0.0,0.0,0.0,-2.174561444368706,70,255,255,255
2787,95.14019389099985,-13.795808792114258,11.807317733764648,-15.107620239257812,-1.0864722728729248,-1.5526988506317139,0.16126908361911774,0.0,0.0,0.0,-2.1696661548109772,70,255,255,255
2788,95.17318475399998,-13.830845832824707,11.757624626159668,-15.10272216796875,-1.0750133991241455,-1.580281138420105,0.14934141933918,0.0,0.0,0.0,-2.165121204094648,70,255,255,255
2789,95.20570013499992,-13.866983413696289,11.707624435424805,-15.099197387695312,-1.0577114820480347,-1.6166795492172241,0.1301296055316925,0.0,0.0,0.0,-2.1627391396576265,70,255,255,255
2790,95.24237283100001,-13.90247631072998,11.656533241271973,-15.096435546875,-1.0524822473526,-1.6400623321533203,0.11040753871202469,0.0,0.0,0.0,-2.1584547792539612,70,255,255,255
2791,95.27529381399972,-13.937853813171387,11.604928970336914,-15.0933837890625,-1.061082363128662,-1.6482948064804077,0.12442424148321152,0.0,0.0,0.0,-2.154667764183869,70,255,255,255
2792,95.30751348099966,-13.972643852233887,11.553632736206055,-15.0899658203125,-1.0265108346939087,-1.672587513923645,0.1373705416917801,0.0,0.0,0.0,-2.1524633325915556,70,255,255,255
2793,95.34573596099972,-14.016005516052246,11.489951133728027,-15.085662841796875,-1.0495299100875854,-1.6714004278182983,0.11910180747509003,0.0,0.0,0.0,-2.147243137380837,70,255,255,255
2794,95.38643670800002,-14.050350189208984,11.438608169555664,-15.082260131835938,-1.0287410020828247,-1.6851887702941895,0.12356358021497726,0.0,0.0,0.0,-2.143200325688042,70,255,255,255
2795,95.41603917599969,-14.084245681762695,11.386590003967285,-15.079391479492188,-1.033272385597229,-1.7033978700637817,0.08143316954374313,0.0,0.0,0.0,-2.1411775216820725,70,255,255,255
2796,95.46047514799966,-14.11856460571289,11.335137367248535,-15.076507568359375,-1.0120370388031006,-1.7130954265594482,0.08238689601421356,0.0,0.0,0.0,-2.1377011643531376,70,255,255,255
2797,95.49024444299994,-14.15267276763916,11.283817291259766,-15.07318115234375,-1.0124976634979248,-1.70834219455719,0.08776286244392395,0.0,0.0,0.0,-2.13346846927462,70,255,255,255
2798,95.51942084099983,-14.186038970947266,11.232064247131348,-15.06988525390625,-0.9858992099761963,-1.7202367782592773,0.08587653934955597,0.0,0.0,0.0,-2.1317419419399215,70,255,255,255
2799,95.56280702599997,-14.226751327514648,11.166820526123047,-15.066055297851562,-0.9803745150566101,-1.7150888442993164,0.09342250972986221,0.0,0.0,0.0,-2.12668220218488,70,255,255,255
2800,95.58909347600002,-14.261778831481934,11.117753982543945,-15.060104370117188,-0.9657711386680603,-1.7144938707351685,0.12469281256198883,0.0,0.0,0.0,-2.124167379167518,70,255,255,255
2801,95.61740214799966,-14.296248435974121,11.068337440490723,-15.053802490234375,-0.9778124094009399,-1.701213002204895,0.1268405169248581,0.0,0.0,0.0,-2.1199940725813096,70,255,255,255
2802,95.6533943899999,-14.330033302307129,11.018460273742676,-15.048294067382812,-0.9596520066261292,-1.7079685926437378,0.1124972552061081,0.0,0.0,0.0,-2.1158928045025878,70,255,255,255
2803,95.68662009799982,-14.36475658416748,10.96966552734375,-15.042861938476562,-0.9731220006942749,-1.6887784004211426,0.12142064422369003,0.0,0.0,0.0,-2.1126774369604804,70,255,255,255
2804,95.71872308000002,-14.402303695678711,10.923845291137695,-15.037887573242188,-0.9822996854782104,-1.6759464740753174,0.11748697608709335,0.0,0.0,0.0,-2.110666617179416,70,255,255,255
2805,95.75536476699972,-14.448473930358887,10.866328239440918,-15.0322265625,-0.9809442162513733,-1.6563646793365479,0.10109268873929977,0.0,0.0,0.0,-2.107273749950655,70,255,255,255
2806,95.78822608199971,-14.484345436096191,10.819856643676758,-15.0281982421875,-0.9607865214347839,-1.6532588005065918,0.07870105654001236,0.0,0.0,0.0,-2.10391417223552,70,255,255,255
2807,95.82065360399974,-14.521824836730957,10.775114059448242,-15.0255126953125,-0.9846598505973816,-1.6444793939590454,0.03738332912325859,0.0,0.0,0.0,-2.1017888365275823,70,255,255,255
2808,95.85728092699992,-14.561043739318848,10.732025146484375,-15.023605346679688,-1.0075862407684326,-1.6176655292510986,0.020187973976135254,0.0,0.0,0.0,-2.097450680269898,70,255,255,255
2809,95.89005370599989,-14.599685668945312,10.688631057739258,-15.022384643554688,-1.0076823234558105,-1.6075626611709595,-0.002109452150762081,0.0,0.0,0.0,-2.0927366188243486,70,255,255,255
2810,95.92317078899987,-14.637945175170898,10.644843101501465,-15.021957397460938,-1.0219042301177979,-1.598333477973938,-0.02602517604827881,0.0,0.0,0.0,-2.0900055471264722,70,255,255,255
2811,95.95969782099974,-14.689453125,10.592450141906738,-15.023910522460938,-1.053106427192688,-1.5908786058425903,-0.02482428215444088,0.0,0.0,0.0,-2.084668971776117,70,255,255,255
2812,95.99214750099964,-14.731739044189453,10.551149368286133,-15.025726318359375,-1.0582720041275024,-1.5785387754440308,-0.006476453971117735,0.0,0.0,0.0,-2.079828410178789,70,255,255,255
2813,96.02555802400002,-14.77323055267334,10.509005546569824,-15.0272216796875,-1.0503294467926025,-1.5898927450180054,-0.0044814893044531345,0.0,0.0,0.0,-2.077215050201094,70,255,255,255
2814,96.06157201299993,-14.813615798950195,10.465829849243164,-15.028945922851562,-1.0300198793411255,-1.599282145500183,-0.03198333829641342,0.0,0.0,0.0,-2.0727714327642426,70,255,255,255
2815,96.09601243099996,-14.856053352355957,10.4261474609375,-15.028427124023438,-1.03482186794281,-1.6148738861083984,-0.026350760832428932,0.0,0.0,0.0,-2.068234338373129,70,255,255,255
2816,96.12812355099959,-14.897719383239746,10.385114669799805,-15.02777099609375,-1.041479229927063,-1.6174321174621582,-0.032064419239759445,0.0,0.0,0.0,-2.0657285701034733,70,255,255,255
2817,96.16527374799989,-14.948559761047363,10.331964492797852,-15.027435302734375,-1.0198038816452026,-1.6372450590133667,-0.03426345810294151,0.0,0.0,0.0,-2.0607234251507784,70,255,255,255
2818,96.19914876599978,-14.988144874572754,10.288674354553223,-15.027633666992188,-0.9982972741127014,-1.6462246179580688,-0.02410692721605301,0.0,0.0,0.0,-2.056512035360982,70,255,255,255
2819,96.23166928699993,-15.028812408447266,10.246265411376953,-15.029632568359375,-0.9966834187507629,-1.66688871383667,-0.04516572505235672,0.0,0.0,0.0,-2.0541640593859136,70,255,255,255
2820,96.26709641399975,-15.068442344665527,10.202508926391602,-15.03173828125,-0.9848366975784302,-1.6847277879714966,-0.0479462668299675,0.0,0.0,0.0,-2.04987796792754,70,255,255,255
2821,96.30045213799986,-15.107003211975098,10.157031059265137,-15.0338134765625,-0.980736494064331,-1.7088619470596313,-0.024976491928100586,0.0,0.0,0.0,-2.045796540398939,70,255,255,255
2822,96.33313957099972,-15.144089698791504,10.112018585205078,-15.033172607421875,-0.9470906257629395,-1.7408808469772339,0.0015368401072919369,0.0,0.0,0.0,-2.0434407080986547,70,255,255,255
2823,96.36917415499966,-15.187860488891602,10.055878639221191,-15.030105590820312,-0.9444056749343872,-1.7413885593414307,0.026230229064822197,0.0,0.0,0.0,-2.0390833770811216,70,255,255,255
2824,96.40187798199986,-15.222634315490723,10.009899139404297,-15.0267333984375,-0.9698221683502197,-1.740941047668457,0.053877901285886765,0.0,0.0,0.0,-2.035404619509341,70,255,255,255
2825,96.43481782299978,-15.25745964050293,9.963025093078613,-15.023101806640625,-0.9743831157684326,-1.7462351322174072,0.05008360743522644,0.0,0.0,0.0,-2.0330024482060893,70,255,255,255
2826,96.47252519899985,-15.292539596557617,9.918571472167969,-15.01763916015625,-0.9607407450675964,-1.763466477394104,0.053127121180295944,0.0,0.0,0.0,-2.028632467173378,70,255,255,255
2827,96.50421345399991,-15.327699661254883,9.874133110046387,-15.011734008789062,-0.9844215512275696,-1.7594239711761475,0.05739835649728775,0.0,0.0,0.0,-2.0240455716698804,70,255,255,255
2828,96.53687200799959,-15.363091468811035,9.828767776489258,-15.0062255859375,-0.9912365078926086,-1.7544816732406616,0.07174964249134064,0.0,0.0,0.0,-2.02249281559631,70,255,255,255
2829,96.57394894599975,-15.406088829040527,9.770472526550293,-14.998748779296875,-0.9747779965400696,-1.7666842937469482,0.09165973961353302,0.0,0.0,0.0,-2.0175208269991862,70,255,255,255
2830,96.606582935,-15.440120697021484,9.727682113647461,-14.990676879882812,-0.9619870781898499,-1.7822096347808838,0.06059936806559563,0.0,0.0,0.0,-2.014601602970296,70,255,255,255
2831,96.6400136039997,-15.47386360168457,9.683259963989258,-14.983963012695312,-0.9621514081954956,-1.7937906980514526,0.045062240213155746,0.0,0.0,0.0,-2.0125178125753633,70,255,255,255
2832,96.676740376,-15.50723934173584,9.637659072875977,-14.978134155273438,-0.9615613222122192,-1.7853261232376099,0.04674838110804558,0.0,0.0,0.0,-2.0082744648524855,70,255,255,255
2833,96.71101168999985,-15.541024208068848,9.592638969421387,-14.972640991210938,-0.9789601564407349,-1.7803257703781128,0.06507088989019394,0.0,0.0,0.0,-2.0037616052272917,70,255,255,255
2834,96.74162780899997,-15.576240539550781,9.551015853881836,-14.96820068359375,-0.9549350142478943,-1.7954298257827759,0.0569002628326416,0.0,0.0,0.0,-2.0018836771846225,70,255,255,255
2835,96.7807288199997,-15.618550300598145,9.496192932128906,-14.96356201171875,-0.9348475337028503,-1.8134219646453857,0.044778186827898026,0.0,0.0,0.0,-1.9977917301697157,70,255,255,255
2836,96.81307847699964,-15.651592254638672,9.450432777404785,-14.9600830078125,-0.9136630296707153,-1.8330771923065186,0.046281348913908005,0.0,0.0,0.0,-1.993519620307065,70,255,255,255
2837,96.84457415299994,-15.683950424194336,9.403719902038574,-14.958023071289062,-0.9032310843467712,-1.8475747108459473,0.036007679998874664,0.0,0.0,0.0,-1.99187538465005,70,255,255,255
2838,96.88242285699971,-15.715914726257324,9.356118202209473,-14.957839965820312,-0.8885445594787598,-1.8717000484466553,0.016281718388199806,0.0,0.0,0.0,-1.9873131233866355,70,255,255,255
2839,96.91573497499985,-15.747614860534668,9.3070650100708,-14.958175659179688,-0.8853193521499634,-1.8783107995986938,0.002580794971436262,0.0,0.0,0.0,-1.9828388795972478,70,255,255,255
2840,96.94871017099968,-15.778616905212402,9.256562232971191,-14.9588623046875,-0.8707402944564819,-1.886060118675232,0.0028217285871505737,0.0,0.0,0.0,-1.9802003527472518,70,255,255,255
2841,96.98528063999993,-15.816819190979004,9.195155143737793,-14.958938598632812,-0.8408223390579224,-1.886117696762085,0.0481368824839592,0.0,0.0,0.0,-1.9761187920605963,70,255,255,255
2842,97.01771272399992,-15.846855163574219,9.146889686584473,-14.958267211914062,-0.8379616737365723,-1.8759901523590088,0.020771346986293793,0.0,0.0,0.0,-1.9718801048696262,70,255,255,255
2843,97.05055814599973,-15.87662124633789,9.097673416137695,-14.958572387695312,-0.8275047540664673,-1.8756794929504395,-0.0007661596173420548,0.0,0.0,0.0,-1.969637323757616,70,255,255,255
2844,97.08682012500003,-15.905935287475586,9.04727840423584,-14.958892822265625,-0.8279359936714172,-1.8804832696914673,0.005233922507613897,0.0,0.0,0.0,-1.9657637559520957,70,255,255,255
2845,97.1197317289998,-15.935323715209961,9.001681327819824,-14.958084106445312,-0.8193656206130981,-1.8917980194091797,0.0009765510330908,0.0,0.0,0.0,-1.961872344967272,70,255,255,255
2846,97.15236539399984,-15.964115142822266,8.954404830932617,-14.957733154296875,-0.8161322474479675,-1.8886104822158813,-0.018697667866945267,0.0,0.0,0.0,-1.9598675172986604,70,255,255,255
2847,97.18876511999997,-15.99962043762207,8.893502235412598,-14.958587646484375,-0.7986331582069397,-1.9003428220748901,-0.04142145812511444,0.0,0.0,0.0,-1.9560490769277046,70,255,255,255
2848,97.22255238099979,-16.028034210205078,8.844676971435547,-14.959457397460938,-0.7739889621734619,-1.918587327003479,-0.0595322884619236,0.0,0.0,0.0,-1.9513808218529047,70,255,255,255
2849,97.25480243099992,-16.058332443237305,8.798827171325684,-14.959930419921875,-0.7471022605895996,-1.9441684484481812,-0.07907231152057648,0.0,0.0,0.0,-1.9492980967224083,70,255,255,255
2850,97.29135553599963,-16.087539672851562,8.750731468200684,-14.961471557617188,-0.7352041006088257,-1.9588077068328857,-0.09193248301744461,0.0,0.0,0.0,-1.9452764571602796,70,255,255,255
2851,97.32541321500003,-16.115427017211914,8.700778007507324,-14.962677001953125,-0.7179226279258728,-1.9662396907806396,-0.06538014113903046,0.0,0.0,0.0,-1.940950418285555,70,255,255,255
2852,97.35651312999971,-16.14366912841797,8.651162147521973,-14.964218139648438,-0.7003040313720703,-1.981012225151062,-0.06614385545253754,0.0,0.0,0.0,-1.9387514461734765,70,255,255,255
2853,97.39371416699987,-16.17914390563965,8.588862419128418,-14.965957641601562,-0.6968768835067749,-1.9919092655181885,-0.031747616827487946,0.0,0.0,0.0,-1.9343701467061327,70,255,255,255
2854,97.42733233099989,-16.20708656311035,8.537470817565918,-14.96661376953125,-0.710559606552124,-1.9856497049331665,-0.01261043455451727,0.0,0.0,0.0,-1.9301285300379634,70,255,255,255
2855,97.45882284199979,-16.234760284423828,8.485016822814941,-14.966690063476562,-0.7287067174911499,-1.9799169301986694,0.009436641819775105,0.0,0.0,0.0,-1.9280786949469295,70,255,255,255
2856,97.49713746199996,-16.264232635498047,8.434967994689941,-14.966644287109375,-0.7147480845451355,-1.9792686700820923,-0.0007385980570688844,0.0,0.0,0.0,-1.9234040482855135,70,255,255,255
2857,97.52929622800002,-16.293292999267578,8.384503364562988,-14.966506958007812,-0.7200340032577515,-1.992293357849121,-0.01977769285440445,0.0,0.0,0.0,-1.9192220864257619,70,255,255,255
2858,97.56175895099977,-16.322376251220703,8.332558631896973,-14.966751098632812,-0.7359451651573181,-1.9853224754333496,-0.007524465210735798,0.0,0.0,0.0,-1.9165828937854934,70,255,255,255
2859,97.61285870199981,-16.358081817626953,8.266222953796387,-14.966400146484375,-0.7322229146957397,-1.9894884824752808,0.0009075453272089362,0.0,0.0,0.0,-1.9119159702912385,70,255,255,255
2860,97.6375844299996,-16.389005661010742,8.214507102966309,-14.967391967773438,-0.7284160852432251,-1.9929163455963135,0.007996042259037495,0.0,0.0,0.0,-1.9072453183714575,70,255,255,255
2861,97.66449908899995,-16.41929054260254,8.161441802978516,-14.968231201171875,-0.7365270853042603,-1.997448444366455,0.013325074687600136,0.0,0.0,0.0,-1.9050515394235048,70,255,255,255
2862,97.70110832699993,-16.44834327697754,8.106935501098633,-14.968719482421875,-0.7163833975791931,-2.0060830116271973,0.016106585040688515,0.0,0.0,0.0,-1.9005866166979324,70,255,255,255
2863,97.73413245599977,-16.476423263549805,8.05217170715332,-14.969253540039062,-0.7062860727310181,-2.018798351287842,0.018560009077191353,0.0,0.0,0.0,-1.8956821392344425,70,255,255,255
2864,97.76737695499969,-16.503080368041992,7.9985880851745605,-14.9710693359375,-0.6994760632514954,-2.0293049812316895,0.015027632005512714,0.0,0.0,0.0,-1.8935480150949076,70,255,255,255
2865,97.80339896199985,-16.534887313842773,7.929591178894043,-14.973434448242188,-0.6598798036575317,-2.043855667114258,0.009968187659978867,0.0,0.0,0.0,-1.8889119842692976,70,255,255,255
2866,97.83605869299981,-16.55911636352539,7.872887134552002,-14.974517822265625,-0.6538608074188232,-2.0529515743255615,0.027875855565071106,0.0,0.0,0.0,-1.8850273643452535,70,255,255,255
2867,97.8686567789996,-16.585594177246094,7.816751003265381,-14.97607421875,-0.6399927139282227,-2.059976100921631,0.009603536687791348,0.0,0.0,0.0,-1.8826717983610786,70,255,255,255
2868,97.90533930299989,-16.614086151123047,7.760964393615723,-14.978622436523438,-0.6617856621742249,-2.060891628265381,0.002535227220505476,0.0,0.0,0.0,-1.878433776960381,70,255,255,255
2869,97.93833734099962,-16.64211082458496,7.70404052734375,-14.980667114257812,-0.6451366543769836,-2.066011905670166,0.01806987076997757,0.0,0.0,0.0,-1.8739616636998653,70,255,255,255
2870,97.970849799,-16.668399810791016,7.645761013031006,-14.9822998046875,-0.6110751628875732,-2.081738233566284,0.004092359449714422,0.0,0.0,0.0,-1.8722179589761359,70,255,255,255
2871,98.0075210519999,-16.70188331604004,7.575319766998291,-14.985107421875,-0.5873833894729614,-2.098104476928711,-0.0045847706496715546,0.0,0.0,0.0,-1.8683069737573001,70,255,255,255
2872,98.04034018999982,-16.728261947631836,7.519297122955322,-14.988113403320312,-0.5783480405807495,-2.1095550060272217,-0.020068921148777008,0.0,0.0,0.0,-1.8636239381384503,70,255,255,255
2873,98.07636803999958,-16.753446578979492,7.461866855621338,-14.99078369140625,-0.5736669301986694,-2.1123907566070557,-0.015125918202102184,0.0,0.0,0.0,-1.8611780909933215,70,255,255,255
2874,98.11456970099971,-16.778100967407227,7.403223514556885,-14.99285888671875,-0.5749725699424744,-2.119434118270874,0.014716224744915962,0.0,0.0,0.0,-1.8569026521793082,70,255,255,255
2875,98.1579308979999,-16.80573272705078,7.346677780151367,-14.997451782226562,-0.5571451783180237,-2.1329126358032227,0.010223221965134144,0.0,0.0,0.0,-1.852589396477816,70,255,255,255
2876,98.18660711499979,-16.83184242248535,7.288191318511963,-15.00201416015625,-0.5328196287155151,-2.167105197906494,-0.017565922811627388,0.0,0.0,0.0,-1.8506724531251768,70,255,255,255
2877,98.2181608689998,-16.862592697143555,7.2129034996032715,-15.007644653320312,-0.5267636179924011,-2.1728076934814453,-0.0223037451505661,0.0,0.0,0.0,-1.846576511368635,70,255,255,255
2878,98.24792153199996,-16.886138916015625,7.152328014373779,-15.012374877929688,-0.49660468101501465,-2.1889631748199463,-0.02579556778073311,0.0,0.0,0.0,-1.8429883012739168,70,255,255,255
2879,98.2814345959996,-16.90911293029785,7.093808650970459,-15.017547607421875,-0.4653960168361664,-2.1978845596313477,-0.03123657777905464,0.0,0.0,0.0,-1.8408043760219972,70,255,255,255
2880,98.3164420359999,-16.931604385375977,7.034302234649658,-15.021987915039062,-0.4915749728679657,-2.1822757720947266,-0.017678765580058098,0.0,0.0,0.0,-1.8369387976997473,70,255,255,255
2881,98.3503517109998,-16.953102111816406,6.973897457122803,-15.025924682617188,-0.47903531789779663,-2.1789324283599854,-0.0220208540558815,0.0,0.0,0.0,-1.8326833325939096,70,255,255,255
2882,98.38351261799971,-16.975170135498047,6.916236877441406,-15.0303955078125,-0.4712212383747101,-2.1664979457855225,-0.013629216700792313,0.0,0.0,0.0,-1.8305890227126713,70,255,255,255
2883,98.41863295199983,-17.002639770507812,6.846504211425781,-15.035507202148438,-0.4715484380722046,-2.167398452758789,0.0005027858424000442,0.0,0.0,0.0,-1.8264894856886578,70,255,255,255
2884,98.45133345099975,-17.02398681640625,6.789180755615234,-15.0389404296875,-0.47075241804122925,-2.167998790740967,0.000710934866219759,0.0,0.0,0.0,-1.82196970184463,70,255,255,255
2885,98.48447090899981,-17.044570922851562,6.730503559112549,-15.042251586914062,-0.4669308662414551,-2.176403760910034,-0.005187570583075285,0.0,0.0,0.0,-1.8207555667036628,70,255,255,255
2886,98.52108673199973,-17.06788444519043,6.672636032104492,-15.045516967773438,-0.4793957471847534,-2.164794921875,-0.012786430306732655,0.0,0.0,0.0,-1.8170919891500952,70,255,255,255
2887,98.55394990299965,-17.092449188232422,6.614406585693359,-15.048843383789062,-0.5183103084564209,-2.160655975341797,-0.012806907296180725,0.0,0.0,0.0,-1.8122808554828125,70,255,255,255
2888,98.58610832099976,-17.11651039123535,6.555191993713379,-15.051864624023438,-0.5069383382797241,-2.161771535873413,-0.00798019953072071,0.0,0.0,0.0,-1.810262046218478,70,255,255,255
2889,98.62392213799967,-17.144914627075195,6.4795732498168945,-15.054794311523438,-0.5025375485420227,-2.158576250076294,0.002287226729094982,0.0,0.0,0.0,-1.8051861943388414,70,255,255,255
2890,98.65577909099966,-17.16798210144043,6.423210620880127,-15.055130004882812,-0.4656798243522644,-2.152418375015259,0.02208869718015194,0.0,0.0,0.0,-1.8011200799865086,70,255,255,255
2891,98.68788388899975,-17.189495086669922,6.365777015686035,-15.054840087890625,-0.434325248003006,-2.1477532386779785,0.019956955686211586,0.0,0.0,0.0,-1.7988284298684953,70,255,255,255
2892,98.7264599529999,-17.20979881286621,6.307222843170166,-15.05438232421875,-0.4527803659439087,-2.139070749282837,0.03938505798578262,0.0,0.0,0.0,-1.794831957178668,70,255,255,255
2893,98.75801065399992,-17.230754852294922,6.249584674835205,-15.0528564453125,-0.4782949388027191,-2.122605085372925,0.062066689133644104,0.0,0.0,0.0,-1.7906077842156387,70,255,255,255
2894,98.79055269799983,-17.253768920898438,6.195047378540039,-15.050979614257812,-0.4980349540710449,-2.112182855606079,0.0441146083176136,0.0,0.0,0.0,-1.788835983142409,70,255,255,255
2895,98.8277318659998,-17.28203582763672,6.125208854675293,-15.048828125,-0.5210301876068115,-2.1149089336395264,0.03345945477485657,0.0,0.0,0.0,-1.7847777251152919,70,255,255,255
2896,98.86074335499961,-17.30432891845703,6.0676350593566895,-15.0478515625,-0.5087745785713196,-2.1271681785583496,-0.0045178914442658424,0.0,0.0,0.0,-1.7802711239186597,70,255,255,255
2897,98.89265059799982,-17.328054428100586,6.011312961578369,-15.049667358398438,-0.527367889881134,-2.1187644004821777,-0.015880001708865166,0.0,0.0,0.0,-1.7778853310561122,70,255,255,255
2898,98.9308895539998,-17.353317260742188,5.956297874450684,-15.052230834960938,-0.5450370907783508,-2.111158609390259,-0.0021483683958649635,0.0,0.0,0.0,-1.7737527708345817,70,255,255,255
2899,98.96331872599967,-17.37789535522461,5.9001688957214355,-15.054458618164062,-0.527675449848175,-2.110931634902954,-0.016382956877350807,0.0,0.0,0.0,-1.7694215387957313,70,255,255,255
2900,98.99605601699977,-17.400924682617188,5.842770099639893,-15.05633544921875,-0.478646457195282,-2.1112735271453857,0.01790769025683403,0.0,0.0,0.0,-1.767143337641223,70,255,255,255
2901,99.03180605099988,-17.429353713989258,5.773911952972412,-15.058212280273438,-0.4600687325000763,-2.1083157062530518,0.014991763047873974,0.0,0.0,0.0,-1.762504643654523,70,255,255,255
2902,99.06449675799968,-17.45098114013672,5.719391345977783,-15.05950927734375,-0.4219665825366974,-2.108642578125,0.01954773999750614,0.0,0.0,0.0,-1.7584955209495179,70,255,255,255
2903,99.0977487389996,-17.4704532623291,5.663276672363281,-15.060317993164062,-0.38554537296295166,-2.1167452335357666,0.04661690443754196,0.0,0.0,0.0,-1.756482171165418,70,255,255,255
2904,99.13485805599976,-17.4892635345459,5.605844974517822,-15.060806274414062,-0.4106946289539337,-2.1225249767303467,0.02129589207470417,0.0,0.0,0.0,-1.7520041989505042,70,255,255,255
2905,99.16637051299995,-17.508956909179688,5.551120281219482,-15.0628662109375,-0.4425266981124878,-2.1243228912353516,0.01466118823736906,0.0,0.0,0.0,-1.7485371626853845,70,255,255,255
2906,99.19911770999988,-17.52829360961914,5.494794845581055,-15.064117431640625,-0.44431671500205994,-2.1320016384124756,0.044890258461236954,0.0,0.0,0.0,-1.7467005136396114,70,255,255,255
2907,99.2359045219996,-17.5510196685791,5.422266006469727,-15.064910888671875,-0.4116453528404236,-2.1471171379089355,0.021553698927164078,0.0,0.0,0.0,-1.7430637008549992,70,255,255,255
2908,99.26876299499963,-17.56804847717285,5.363523483276367,-15.065948486328125,-0.3852197527885437,-2.166935443878174,-0.0017046479042619467,0.0,0.0,0.0,-1.7389599027732416,70,255,255,255
2909,99.30099713499976,-17.58514404296875,5.306669235229492,-15.066390991210938,-0.37596049904823303,-2.1731162071228027,0.0024996385909616947,0.0,0.0,0.0,-1.7368661255242213,70,255,255,255
2910,99.33762020199993,-17.6016845703125,5.248348712921143,-15.06671142578125,-0.3876079022884369,-2.178982734680176,-0.003126067342236638,0.0,0.0,0.0,-1.7323928138412152,70,255,255,255
2911,99.37034438399996,-17.617549896240234,5.188551425933838,-15.066925048828125,-0.36984285712242126,-2.186131477355957,0.016316918656229973,0.0,0.0,0.0,-1.7282292277929852,70,255,255,255
2912,99.40342156399993,-17.63361167907715,5.129181861877441,-15.067047119140625,-0.37603306770324707,-2.1858296394348145,0.016014475375413895,0.0,0.0,0.0,-1.7260273262037078,70,255,255,255
2913,99.439807879,-17.652427673339844,5.055264949798584,-15.066864013671875,-0.3464607000350952,-2.1805779933929443,0.05296630412340164,0.0,0.0,0.0,-1.7218139390430933,70,255,255,255
2914,99.47320852299981,-17.666744232177734,4.995128631591797,-15.06549072265625,-0.34368351101875305,-2.1853396892547607,0.06980443745851517,0.0,0.0,0.0,-1.7170960160139634,70,255,255,255
2915,99.5053497089998,-17.68088150024414,4.933619022369385,-15.06414794921875,-0.35068467259407043,-2.186816930770874,0.0604751892387867,0.0,0.0,0.0,-1.7149240749869494,70,255,255,255
2916,99.5423886829999,-17.69618034362793,4.874462127685547,-15.061996459960938,-0.3378368020057678,-2.1847124099731445,0.05816391482949257,0.0,0.0,0.0,-1.7104845854497872,70,255,255,255
2917,99.57538541999975,-17.711528778076172,4.815301418304443,-15.059494018554688,-0.3505208194255829,-2.181265354156494,0.060114238411188126,0.0,0.0,0.0,-1.7053848982783946,70,255,255,255
2918,99.60786346399982,-17.726768493652344,4.755157947540283,-15.0570068359375,-0.35853955149650574,-2.1761245727539062,0.059104256331920624,0.0,0.0,0.0,-1.7028967068719336,70,255,255,255
2919,99.6449246469997,-17.744901657104492,4.6787495613098145,-15.053375244140625,-0.3556986451148987,-2.1763269901275635,0.07147791236639023,0.0,0.0,0.0,-1.6986471007204942,70,255,255,255
2920,99.67715148799971,-17.7596492767334,4.620197772979736,-15.05096435546875,-0.34011027216911316,-2.1786046028137207,0.05643995851278305,0.0,0.0,0.0,-1.6944592799063445,70,255,255,255
2921,99.71117148599978,-17.773868560791016,4.560308933258057,-15.049240112304688,-0.3172290027141571,-2.1812026500701904,0.05519022420048714,0.0,0.0,0.0,-1.6927878800062108,70,255,255,255
2922,99.74826612199968,-17.78684425354004,4.499275207519531,-15.047592163085938,-0.32622814178466797,-2.183507204055786,0.0411536805331707,0.0,0.0,0.0,-1.6890430760393957,70,255,255,255
2923,99.78122223599985,-17.799640655517578,4.438084602355957,-15.046463012695312,-0.34576916694641113,-2.194725513458252,0.018573513254523277,0.0,0.0,0.0,-1.684360306736655,70,255,255,255
2924,99.81484999399981,-17.811771392822266,4.3782525062561035,-15.046585083007812,-0.35191863775253296,-2.206037759780884,0.009956124238669872,0.0,0.0,0.0,-1.6815302986042824,70,255,255,255
2925,99.8490304789998,-17.826566696166992,4.30129337310791,-15.046875,-0.33182671666145325,-2.2163078784942627,0.014547636732459068,0.0,0.0,0.0,-1.677063245349838,70,255,255,255
2926,99.88181744299982,-17.837739944458008,4.238237380981445,-15.046905517578125,-0.32935965061187744,-2.2326178550720215,0.012322492897510529,0.0,0.0,0.0,-1.6719921871601635,70,255,255,255
2927,99.91646578699965,-17.85057830810547,4.175096035003662,-15.045303344726562,-0.346809059381485,-2.2378456592559814,0.010759198106825352,0.0,0.0,0.0,-1.6701255775521269,70,255,255,255
2928,99.96022015599965,-17.8646240234375,4.112177848815918,-15.042251586914062,-0.3408828377723694,-2.2409934997558594,0.011624231934547424,0.0,0.0,0.0,-1.665047728301673,70,255,255,255
2929,99.99106009999969,-17.878448486328125,4.048068046569824,-15.03887939453125,-0.34326431155204773,-2.2540500164031982,0.029089177027344704,0.0,0.0,0.0,-1.6623008107953106,70,255,255,255
2930,100.01988717099994,-17.891727447509766,3.9827373027801514,-15.0357666015625,-0.3353252410888672,-2.255218267440796,0.029401760548353195,0.0,0.0,0.0,-1.6601788040387355,70,255,255,255
2931,100.06135267399986,-17.907394409179688,3.9042186737060547,-15.032302856445312,-0.32142892479896545,-2.244865894317627,0.029074976220726967,0.0,0.0,0.0,-1.6525693538560522,70,255,255,255
2932,100.09244944299962,-17.918861389160156,3.842475652694702,-15.02960205078125,-0.27912384271621704,-2.254772186279297,0.04289049655199051,0.0,0.0,0.0,-1.6476548895384744,70,255,255,255
2933,100.12012879699978,-17.929630279541016,3.7792463302612305,-15.0272216796875,-0.2727406919002533,-2.2617475986480713,0.04146794602274895,0.0,0.0,0.0,-1.6451091738524677,70,255,255,255
2934,100.16267461400003,-17.9395809173584,3.7148752212524414,-15.024749755859375,-0.2525584101676941,-2.2629802227020264,0.036696143448352814,0.0,0.0,0.0,-1.6405945831725652,70,255,255,255
2935,100.2011660459998,-17.950284957885742,3.654127359390259,-15.024581909179688,-0.28776559233665466,-2.2490286827087402,0.014292045496404171,0.0,0.0,0.0,-1.636568549394638,70,255,255,255
2936,100.22395029899963,-17.961076736450195,3.592411994934082,-15.024551391601562,-0.2729560434818268,-2.247507333755493,0.01831335388123989,0.0,0.0,0.0,-1.6341803596871094,70,255,255,255
2937,100.26744215600002,-17.972673416137695,3.5137786865234375,-15.02490234375,-0.22294063866138458,-2.247371196746826,0.004783996846526861,0.0,0.0,0.0,-1.629285469603544,70,255,255,255
2938,100.29913575899991,-17.980796813964844,3.4509429931640625,-15.025253295898438,-0.20870457589626312,-2.2469706535339355,0.009033347479999065,0.0,0.0,0.0,-1.6252065720779785,70,255,255,255
2939,100.33331462699971,-17.98813247680664,3.390589714050293,-15.025436401367188,-0.18191300332546234,-2.2509851455688477,-0.009213344193994999,0.0,0.0,0.0,-1.623372453035241,70,255,255,255
2940,100.36901948499963,-17.994474411010742,3.3287129402160645,-15.026275634765625,-0.1539314240217209,-2.2554938793182373,-0.016626860946416855,0.0,0.0,0.0,-1.6185085887783748,70,255,255,255
2941,100.40126806999979,-17.999828338623047,3.265751361846924,-15.0267333984375,-0.1446615755558014,-2.2559664249420166,-0.008534231223165989,0.0,0.0,0.0,-1.6137901331170268,70,255,255,255
2942,100.43492192999975,-18.005521774291992,3.20269513130188,-15.028030395507812,-0.13658277690410614,-2.263761043548584,-0.030802931636571884,0.0,0.0,0.0,-1.6117970233572114,70,255,255,255
2943,100.47066537399996,-18.012760162353516,3.1238911151885986,-15.02996826171875,-0.15726564824581146,-2.259514808654785,-0.02272959053516388,0.0,0.0,0.0,-1.6077824411719717,70,255,255,255
2944,100.50340505699978,-18.019271850585938,3.0597126483917236,-15.031082153320312,-0.15800677239894867,-2.2629823684692383,-0.016408303752541542,0.0,0.0,0.0,-1.6028903474075504,70,255,255,255
2945,100.53664423700002,-18.024921417236328,2.9946656227111816,-15.031539916992188,-0.12789040803909302,-2.2513184547424316,0.029805386438965797,0.0,0.0,0.0,-1.6011696790272503,70,255,255,255
2946,100.57323600499967,-18.030376434326172,2.9314446449279785,-15.030441284179688,-0.10528283566236496,-2.247520923614502,0.05828757584095001,0.0,0.0,0.0,-1.5971215410122754,70,255,255,255
2947,100.60517989299979,-18.03474998474121,2.868096113204956,-15.028289794921875,-0.08463174104690552,-2.2491955757141113,0.08040949702262878,0.0,0.0,0.0,-1.5934612924100704,70,255,255,255
2948,100.63793223499988,-18.038593292236328,2.8036997318267822,-15.02587890625,-0.08222439140081406,-2.2478466033935547,0.08366849273443222,0.0,0.0,0.0,-1.591445412622935,70,255,255,255
2949,100.67586121699969,-18.04270362854004,2.7217445373535156,-15.022964477539062,-0.06735192984342575,-2.2552595138549805,0.06993646174669266,0.0,0.0,0.0,-1.588107539670684,70,255,255,255
2950,100.71099156899982,-18.048419952392578,2.661827802658081,-15.020431518554688,-0.044915687292814255,-2.2453036308288574,0.06396462768316269,0.0,0.0,0.0,-1.584611608107737,70,255,255,255
2951,100.74004730099978,-18.052940368652344,2.600698947906494,-15.017898559570312,-0.030269470065832138,-2.243199110031128,0.07326351851224899,0.0,0.0,0.0,-1.5825657677583382,70,255,255,255
2952,100.77785571799996,-18.056621551513672,2.5385968685150146,-15.015380859375,-0.04464864358305931,-2.2326159477233887,0.06925738602876663,0.0,0.0,0.0,-1.5785921982538855,70,255,255,255
2953,100.80971002199976,-18.06104278564453,2.4764621257781982,-15.012939453125,-0.02376457490026951,-2.223696231842041,0.06262011080980301,0.0,0.0,0.0,-1.574697724633808,70,255,255,255
2954,100.84203934199968,-18.06676483154297,2.415644645690918,-15.010818481445312,-0.026397662237286568,-2.2199208736419678,0.07161707431077957,0.0,0.0,0.0,-1.5728726603387768,70,255,255,255
2955,100.88019924899982,-18.073341369628906,2.338231086730957,-15.008132934570312,-0.05020109564065933,-2.223496913909912,0.049855973571538925,0.0,0.0,0.0,-1.5687381027464289,70,255,255,255
2956,100.9121774209998,-18.078670501708984,2.27510666847229,-15.006088256835938,-0.03689776360988617,-2.219301223754883,0.06578393280506134,0.0,0.0,0.0,-1.565077055195897,70,255,255,255
2957,100.94539295100003,-18.0837459564209,2.212266445159912,-15.005111694335938,-0.03129417449235916,-2.2226555347442627,0.05233876779675484,0.0,0.0,0.0,-1.5634009947638556,70,255,255,255
2958,100.98276708000003,-18.08945083618164,2.149479866027832,-15.006118774414062,-0.004659019410610199,-2.22104549407959,0.036558277904987335,0.0,0.0,0.0,-1.5597885499032176,70,255,255,255
2959,101.01470572499966,-18.093952178955078,2.085871934890747,-15.006912231445312,-0.00455555971711874,-2.221400499343872,0.04266570135951042,0.0,0.0,0.0,-1.5560105895808312,70,255,255,255
2960,101.04750106999973,-18.098041534423828,2.0213449001312256,-15.007247924804688,-0.0018971612444147468,-2.2202789783477783,0.04254351928830147,0.0,0.0,0.0,-1.5538619512133551,70,255,255,255
2961,101.08363982699984,-18.106374740600586,1.9405789375305176,-15.005630493164062,0.006357130594551563,-2.225529670715332,0.024313004687428474,0.0,0.0,0.0,-1.5502756053314,70,255,255,255
2962,101.1211534099998,-18.114057540893555,1.8752585649490356,-15.004104614257812,-0.004598366096615791,-2.2348220348358154,0.0015946474159136415,0.0,0.0,0.0,-1.5462817958026627,70,255,255,255
2963,101.15424930899962,-18.1220703125,1.8090399503707886,-15.0035400390625,-0.042196124792099,-2.2378714084625244,-0.0249642301350832,0.0,0.0,0.0,-1.544011184657261,70,255,255,255
2964,101.19062464099989,-18.129138946533203,1.742142677307129,-15.003036499023438,-0.009018467739224434,-2.231729745864868,-0.017211657017469406,0.0,0.0,0.0,-1.5400384141011354,70,255,255,255
2965,101.22600681199992,-18.141345977783203,1.6612653732299805,-15.003463745117188,-0.013537168502807617,-2.235036849975586,-0.04793916270136833,0.0,0.0,0.0,-1.5379743310982694,70,255,255,255
2966,101.2580928479997,-18.149887084960938,1.595717430114746,-15.003768920898438,-0.010521423071622849,-2.2342076301574707,-0.03308568149805069,0.0,0.0,0.0,-1.535777489515063,70,255,255,255
2967,101.28963357099974,-18.158082962036133,1.5294784307479858,-15.00421142578125,-0.03226019814610481,-2.2260818481445312,-0.021735139191150665,0.0,0.0,0.0,-1.5300186699738758,70,255,255,255
2968,101.3226557629996,-18.166759490966797,1.462998628616333,-15.004638671875,-0.0318850539624691,-2.2215728759765625,-0.026299428194761276,0.0,0.0,0.0,-1.5257244558741776,70,255,255,255
2969,101.35491005099993,-18.177104949951172,1.3962286710739136,-15.005538940429688,-0.03934277966618538,-2.2220070362091064,-0.010209893807768822,0.0,0.0,0.0,-1.5242538583202359,70,255,255,255
2970,101.39203881999993,-18.186960220336914,1.328795075416565,-15.005844116210938,-0.057293351739645004,-2.229560613632202,0.0024951028171926737,0.0,0.0,0.0,-1.5196346054094934,70,255,255,255
2971,101.42773867599999,-18.19577980041504,1.2607827186584473,-15.00592041015625,-0.05981825292110443,-2.225705146789551,0.0190198365598917,0.0,0.0,0.0,-1.5157955255400897,70,255,255,255
2972,101.45716767199974,-18.205394744873047,1.1936070919036865,-15.006881713867188,-0.05873371288180351,-2.2323882579803467,0.007695167325437069,0.0,0.0,0.0,-1.5136502161239762,70,255,255,255
2973,101.49469203499984,-18.217933654785156,1.11005437374115,-15.009536743164062,-0.06181079521775246,-2.246381998062134,-0.015713278204202652,0.0,0.0,0.0,-1.5092120581673591,70,255,255,255
2974,101.52729873199996,-18.226470947265625,1.0422159433364868,-15.011886596679688,-0.05755685642361641,-2.251253843307495,-0.03637684881687164,0.0,0.0,0.0,-1.50497044149919,70,255,255,255
2975,101.56009436099976,-18.234127044677734,0.9738689661026001,-15.013992309570312,-0.06045682355761528,-2.2391388416290283,0.004107713233679533,0.0,0.0,0.0,-1.5028329884082925,70,255,255,255
2976,101.597523636,-18.242292404174805,0.9081206917762756,-15.01470947265625,-0.07390027493238449,-2.2330031394958496,0.009940528310835361,0.0,0.0,0.0,-1.4984937668861718,70,255,255,255
2977,101.62869866399978,-18.250825881958008,0.842197597026825,-15.015274047851562,-0.11211733520030975,-2.2496657371520996,0.007966393604874611,0.0,0.0,0.0,-1.4933964765597603,70,255,255,255
2978,101.66144083999961,-18.259578704833984,0.775120735168457,-15.015777587890625,-0.13808682560920715,-2.258474111557007,0.013223066926002502,0.0,0.0,0.0,-1.491202564453753,70,255,255,255
2979,101.69856560799963,-18.26972007751465,0.6903437972068787,-15.0159912109375,-0.08849344402551651,-2.2527105808258057,0.020028861239552498,0.0,0.0,0.0,-1.4869850493934489,70,255,255,255
2980,101.73229928299997,-18.274303436279297,0.6254873871803284,-15.014907836914062,-0.03740619495511055,-2.260686159133911,0.021716488525271416,0.0,0.0,0.0,-1.4823341048657346,70,255,255,255
2981,101.76628697599972,-18.277334213256836,0.5596188306808472,-15.013946533203125,-0.02757810428738594,-2.26167368888855,0.0176938958466053,0.0,0.0,0.0,-1.4802311397109535,70,255,255,255
2982,101.80124351099994,-18.27916717529297,0.4927939474582672,-15.01318359375,0.01439089048653841,-2.2663238048553467,0.016680316999554634,0.0,0.0,0.0,-1.476301246048378,70,255,255,255
2983,101.83454072299992,-18.279306411743164,0.4258255958557129,-15.0130615234375,0.04622931033372879,-2.2672548294067383,0.02854030765593052,0.0,0.0,0.0,-1.4714951723871665,70,255,255,255
2984,101.86804333600003,-18.278255462646484,0.35979118943214417,-15.0145263671875,0.07620986551046371,-2.270569086074829,0.027974873781204224,0.0,0.0,0.0,-1.4689736914670795,70,255,255,255
2985,101.9032972619998,-18.27627944946289,0.27566471695899963,-15.015945434570312,0.09303952008485794,-2.285367488861084,0.038830116391181946,0.0,0.0,0.0,-1.4638020989462546,70,255,255,255
2986,101.93639457299969,-18.273412704467773,0.20744459331035614,-15.016143798828125,0.12838082015514374,-2.282522678375244,0.06484923511743546,0.0,0.0,0.0,-1.4585937548023866,70,255,255,255
2987,101.9688317099999,-18.269289016723633,0.13987833261489868,-15.015518188476562,0.15326733887195587,-2.2706315517425537,0.06533043831586838,0.0,0.0,0.0,-1.4557881145939882,70,255,255,255
2988,102.00743897899974,-18.263607025146484,0.07320192456245422,-15.014633178710938,0.20030435919761658,-2.260849952697754,0.05153530836105347,0.0,0.0,0.0,-1.450995889370445,70,255,255,255
2989,102.04770502899964,-18.25660514831543,0.006130144000053406,-15.013961791992188,0.22190448641777039,-2.2496609687805176,0.034380994737148285,0.0,0.0,0.0,-1.4460674434571446,70,255,255,255
2990,102.07586232799986,-18.249074935913086,-0.06121941655874252,-15.013504028320312,0.22801481187343597,-2.2402288913726807,0.02373429760336876,0.0,0.0,0.0,-1.4437222638012206,70,255,255,255
2991,102.11724588799962,-18.240718841552734,-0.14286963641643524,-15.011459350585938,0.2144915908575058,-2.2322919368743896,0.05697456747293472,0.0,0.0,0.0,-1.4386930172406605,70,255,255,255
2992,102.14384204899989,-18.234376907348633,-0.20733264088630676,-15.008926391601562,0.24259984493255615,-2.2235267162323,0.060085587203502655,0.0,0.0,0.0,-1.4362719374936694,70,255,255,255
2993,102.17859650499986,-18.227638244628906,-0.27240851521492004,-15.00665283203125,0.21227975189685822,-2.227020025253296,0.04788149893283844,0.0,0.0,0.0,-1.4325288645815633,70,255,255,255
2994,102.21683112299979,-18.2210693359375,-0.3382619619369507,-15.0045166015625,0.2198929339647293,-2.2189407348632812,0.05024130642414093,0.0,0.0,0.0,-1.428644777289737,70,255,255,255
2995,102.25516479999987,-18.212881088256836,-0.40135085582733154,-15.001510620117188,0.2399085909128189,-2.208139181137085,0.0811980739235878,0.0,0.0,0.0,-1.4248134205874945,70,255,255,255
2996,102.28629100499984,-18.204050064086914,-0.46501097083091736,-14.998184204101562,0.25585612654685974,-2.2007086277008057,0.08197403699159622,0.0,0.0,0.0,-1.4219790182393233,70,255,255,255
2997,102.31608010599984,-18.19133186340332,-0.5453872084617615,-14.994155883789062,0.3232811987400055,-2.2021334171295166,0.06408005952835083,0.0,0.0,0.0,-1.4178254190451811,70,255,255,255
2998,102.34991463699998,-18.17989730834961,-0.6106904745101929,-14.99139404296875,0.3515080511569977,-2.203125,0.05375828221440315,0.0,0.0,0.0,-1.4130142853778986,70,255,255,255
2999,102.38444085799983,-18.16870880126953,-0.6766396164894104,-14.98773193359375,0.3665534555912018,-2.2000975608825684,0.05590786784887314,0.0,0.0,0.0,-1.4103804190598102,70,255,255,255
3000,102.41809541299972,-18.157506942749023,-0.7431554794311523,-14.983795166015625,0.3559378385543823,-2.2016055583953857,0.08018422871828079,0.0,0.0,0.0,-1.4052640871316044,70,255,255,255
3001,102.45222232399965,-18.1458740234375,-0.8099753260612488,-14.979965209960938,0.3779476583003998,-2.1857235431671143,0.04612342640757561,0.0,0.0,0.0,-1.4013163502897255,70,255,255,255
3002,102.48576376999972,-18.13306427001953,-0.8761736154556274,-14.977188110351562,0.3582082688808441,-2.1816489696502686,0.04891211912035942,0.0,0.0,0.0,-1.3992792983719238,70,255,255,255
3003,102.52003684800002,-18.115232467651367,-0.9582953453063965,-14.9735107421875,0.3474315106868744,-2.1679506301879883,0.056997474282979965,0.0,0.0,0.0,-1.3955182491224594,70,255,255,255
3004,102.5532406579996,-18.10163116455078,-1.0244488716125488,-14.970809936523438,0.3481820821762085,-2.1689698696136475,0.05601520836353302,0.0,0.0,0.0,-1.3907891408167512,70,255,255,255
3005,102.58673135599975,-18.087738037109375,-1.090835452079773,-14.967666625976562,0.3656506836414337,-2.165322780609131,0.05931323394179344,0.0,0.0,0.0,-1.3888176026617656,70,255,255,255
3006,102.62294440300002,-18.07448387145996,-1.1560136079788208,-14.965896606445312,0.3838168680667877,-2.1602883338928223,0.06507426500320435,0.0,0.0,0.0,-1.3843690583768973,70,255,255,255
3007,102.65469397999959,-18.060840606689453,-1.2208672761917114,-14.964645385742188,0.39931192994117737,-2.156402826309204,0.06085154041647911,0.0,0.0,0.0,-1.380861941537372,70,255,255,255
3008,102.68733170199994,-18.04664421081543,-1.2861064672470093,-14.9635009765625,0.41918888688087463,-2.1494905948638916,0.02872657962143421,0.0,0.0,0.0,-1.379084547825853,70,255,255,255
3009,102.72767671699967,-18.028051376342773,-1.3680771589279175,-14.962692260742188,0.42989516258239746,-2.1547815799713135,0.031426068395376205,0.0,0.0,0.0,-1.3748443958962833,70,255,255,255
3010,102.758643355,-18.0140438079834,-1.4316768646240234,-14.963088989257812,0.4057524800300598,-2.1630101203918457,0.01398199237883091,0.0,0.0,0.0,-1.3717054610774615,70,255,255,255
3011,102.7894371479997,-18.000228881835938,-1.4961440563201904,-14.964401245117188,0.3833254277706146,-2.1775424480438232,-0.018124107271432877,0.0,0.0,0.0,-1.3695108831811817,70,255,255,255
3012,102.8264488269997,-17.987136840820312,-1.561373233795166,-14.966049194335938,0.37615394592285156,-2.17012882232666,-0.006102556828409433,0.0,0.0,0.0,-1.3657622176307862,70,255,255,255
3013,102.85886133799977,-17.97425651550293,-1.6262736320495605,-14.966781616210938,0.3600016236305237,-2.18066143989563,-0.0003877165727317333,0.0,0.0,0.0,-1.3619886515241983,70,255,255,255
3014,102.89226670899961,-17.960832595825195,-1.6892107725143433,-14.966033935546875,0.36841490864753723,-2.1819632053375244,0.011958429589867592,0.0,0.0,0.0,-1.360106995056003,70,255,255,255
3015,102.93022158999975,-17.943857192993164,-1.7688236236572266,-14.964401245117188,0.3686690628528595,-2.1804802417755127,0.02303839847445488,0.0,0.0,0.0,-1.3563370242168866,70,255,255,255
3016,102.96279480299972,-17.930850982666016,-1.8334455490112305,-14.96319580078125,0.34705105423927307,-2.1801562309265137,0.022148942574858665,0.0,0.0,0.0,-1.352042144326916,70,255,255,255
3017,102.99515710299966,-17.917627334594727,-1.8980661630630493,-14.961593627929688,0.3590568006038666,-2.1703684329986572,0.037240106612443924,0.0,0.0,0.0,-1.3502334584725886,70,255,255,255
3018,103.03108032799992,-17.903745651245117,-1.9624863862991333,-14.959487915039062,0.35736843943595886,-2.168318033218384,0.04093334451317787,0.0,0.0,0.0,-1.346261753180899,70,255,255,255
3019,103.06506876699996,-17.890525817871094,-2.027462959289551,-14.957046508789062,0.32269152998924255,-2.164128065109253,0.054695792496204376,0.0,0.0,0.0,-1.3419353148320108,70,255,255,255
3020,103.09835105000002,-17.878475189208984,-2.092880964279175,-14.954727172851562,0.320366233587265,-2.159005641937256,0.04914292320609093,0.0,0.0,0.0,-1.3398067833307648,70,255,255,255
3021,103.13411317600003,-17.864091873168945,-2.1717944145202637,-14.954147338867188,0.3466933071613312,-2.1385116577148438,0.01916923001408577,0.0,0.0,0.0,-1.3350975155751776,70,255,255,255
3022,103.16591640899969,-17.853145599365234,-2.2339394092559814,-14.955581665039062,0.3683498501777649,-2.1276121139526367,0.0031165708787739277,0.0,0.0,0.0,-1.3317701621092328,70,255,255,255
3023,103.19820674899984,-17.841083526611328,-2.2963149547576904,-14.956802368164062,0.3844674527645111,-2.1115360260009766,0.012880480848252773,0.0,0.0,0.0,-1.3295473547053982,70,255,255,255
3024,103.23477990299989,-17.829387664794922,-2.358935832977295,-14.95758056640625,0.3675016164779663,-2.108490228652954,0.01849939487874508,0.0,0.0,0.0,-1.325880448200468,70,255,255,255
3025,103.26746081700003,-17.81616973876953,-2.41963267326355,-14.95843505859375,0.37394383549690247,-2.0962324142456055,0.03203446790575981,0.0,0.0,0.0,-1.3214040738822084,70,255,255,255
3026,103.3003469739997,-17.802825927734375,-2.480593204498291,-14.959121704101562,0.38438475131988525,-2.081820011138916,0.03222215175628662,0.0,0.0,0.0,-1.3185434393972997,70,255,255,255
3027,103.3369352929999,-17.786157608032227,-2.5570740699768066,-14.959579467773438,0.38240015506744385,-2.0613608360290527,0.033064715564250946,0.0,0.0,0.0,-1.315248709654708,70,255,255,255
3028,103.36964246799971,-17.773420333862305,-2.618119478225708,-14.959762573242188,0.372012197971344,-2.050304412841797,0.030857538804411888,0.0,0.0,0.0,-1.3107253305432085,70,255,255,255
3029,103.40242359199965,-17.761608123779297,-2.6782467365264893,-14.960372924804688,0.3555479943752289,-2.0567312240600586,-0.009167982265353203,0.0,0.0,0.0,-1.3086948033700776,70,255,255,255
3030,103.43936294699961,-17.74958610534668,-2.739243984222412,-14.961715698242188,0.37394413352012634,-2.0636348724365234,-0.028499118983745575,0.0,0.0,0.0,-1.3042040479819315,70,255,255,255
3031,103.47259402499958,-17.737213134765625,-2.8010456562042236,-14.963577270507812,0.39198824763298035,-2.06248140335083,-0.02087097056210041,0.0,0.0,0.0,-1.3000802761919983,70,255,255,255
3032,103.50562299299963,-17.724689483642578,-2.8607866764068604,-14.96502685546875,0.3780439794063568,-2.0749528408050537,-0.02840934880077839,0.0,0.0,0.0,-1.298031905839564,70,255,255,255
3033,103.54195597499984,-17.70962142944336,-2.933393716812134,-14.965911865234375,0.369802862405777,-2.070683717727661,-0.016824819147586823,0.0,0.0,0.0,-1.2936163847522126,70,255,255,255
3034,103.57613122399971,-17.69696044921875,-2.9924840927124023,-14.966476440429688,0.39435210824012756,-2.06847882270813,-0.01043103076517582,0.0,0.0,0.0,-1.2890286903003876,70,255,255,255
3035,103.6082281629997,-17.68386459350586,-3.0523202419281006,-14.966751098632812,0.38336181640625,-2.0724010467529297,0.0108248982578516,0.0,0.0,0.0,-1.2864892330429425,70,255,255,255
3036,103.6443521189999,-17.671022415161133,-3.1106653213500977,-14.967681884765625,0.4018494188785553,-2.0675952434539795,0.040677838027477264,0.0,0.0,0.0,-1.2809759569542605,70,255,255,255
3037,103.67695693999985,-17.657222747802734,-3.1689016819000244,-14.968414306640625,0.40263378620147705,-2.0646703243255615,0.05239783227443695,0.0,0.0,0.0,-1.2756265984306727,70,255,255,255
3038,103.71269230600001,-17.64373016357422,-3.2279229164123535,-14.96875,0.41895046830177307,-2.0641117095947266,0.032464876770973206,0.0,0.0,0.0,-1.2732372103006537,70,255,255,255
3039,103.74740729599989,-17.626834869384766,-3.3029448986053467,-14.96905517578125,0.38676783442497253,-2.0812246799468994,0.038105424493551254,0.0,0.0,0.0,-1.2688685608484878,70,255,255,255
3040,103.78108238099958,-17.60930061340332,-3.358844757080078,-14.969650268554688,0.42442449927330017,-2.058668851852417,0.03028520941734314,0.0,0.0,0.0,-1.264169413105043,70,255,255,255
3041,103.81531843999983,-17.591150283813477,-3.4153425693511963,-14.969879150390625,0.4522426128387451,-2.0459506511688232,0.04298698529601097,0.0,0.0,0.0,-1.26214208172522,70,255,255,255
3042,103.85030754299987,-17.57291030883789,-3.4725866317749023,-14.970062255859375,0.45369455218315125,-2.0474941730499268,0.021901199594140053,0.0,0.0,0.0,-1.2578963371573613,70,255,255,255
3043,103.8833112049997,-17.555038452148438,-3.5299625396728516,-14.971023559570312,0.4621080756187439,-2.0349714756011963,0.010215873830020428,0.0,0.0,0.0,-1.2540942752271096,70,255,255,255
3044,103.91677508599969,-17.537918090820312,-3.5861282348632812,-14.972747802734375,0.44830238819122314,-2.0355641841888428,0.0007650845218449831,0.0,0.0,0.0,-1.2521720055522905,70,255,255,255
3045,103.95162541899981,-17.51698875427246,-3.6579062938690186,-14.974807739257812,0.4666784703731537,-2.0334222316741943,0.010446329601109028,0.0,0.0,0.0,-1.2483832594274893,70,255,255,255
3046,103.98479085399958,-17.49964141845703,-3.7161710262298584,-14.975830078125,0.4940462112426758,-2.031934976577759,0.009488953277468681,0.0,0.0,0.0,-1.2443999693850576,70,255,255,255
3047,104.01782936299969,-17.48072052001953,-3.7743523120880127,-14.978057861328125,0.481989324092865,-2.0423550605773926,0.0026208702474832535,0.0,0.0,0.0,-1.2420606486835322,70,255,255,255
3048,104.05479908999996,-17.46023178100586,-3.8324263095855713,-14.981582641601562,0.5057223439216614,-2.0346288681030273,-0.001475679106079042,0.0,0.0,0.0,-1.2375954596418508,70,255,255,255
3049,104.09473984899978,-17.43960189819336,-3.891207695007324,-14.984710693359375,0.5114359855651855,-2.038489580154419,0.0012889065546914935,0.0,0.0,0.0,-1.2330433183905782,70,255,255,255
3050,104.12509588499961,-17.41957664489746,-3.951037883758545,-14.987823486328125,0.49876898527145386,-2.053875684738159,-0.005758319981396198,0.0,0.0,0.0,-1.2308713773635642,70,255,255,255
3051,104.16165125999987,-17.393325805664062,-4.025822639465332,-14.992950439453125,0.4885276257991791,-2.0571155548095703,0.002305090893059969,0.0,0.0,0.0,-1.2263579851061523,70,255,255,255
3052,104.20739368899967,-17.372663497924805,-4.085784912109375,-14.997039794921875,0.4509713351726532,-2.072497844696045,0.004416582174599171,0.0,0.0,0.0,-1.2217166279583622,70,255,255,255
3053,104.22613819199978,-17.353261947631836,-4.146978378295898,-15.000640869140625,0.426723450422287,-2.076869487762451,0.0229326244443655,0.0,0.0,0.0,-1.2192677181779799,70,255,255,255
3054,104.26029804399968,-17.334753036499023,-4.208815097808838,-15.003280639648438,0.42839956283569336,-2.071723461151123,0.040606264024972916,0.0,0.0,0.0,-1.2146786921456099,70,255,255,255
3055,104.29338595099989,-17.31574249267578,-4.269082069396973,-15.007766723632812,0.4292280972003937,-2.0722110271453857,0.0338146798312664,0.0,0.0,0.0,-1.210516437677925,70,255,255,255
3056,104.33102111599965,-17.29717445373535,-4.33001708984375,-15.011306762695312,0.4480915069580078,-2.065986394882202,0.046382658183574677,0.0,0.0,0.0,-1.208426122538322,70,255,255,255
3057,104.36381990099972,-17.27379608154297,-4.406874656677246,-15.01556396484375,0.45983150601387024,-2.0613420009613037,0.020273594185709953,0.0,0.0,0.0,-1.2042355054050276,70,255,255,255
3058,104.40320458899987,-17.25526237487793,-4.468636989593506,-15.018722534179688,0.44078490138053894,-2.0650839805603027,0.019922180101275444,0.0,0.0,0.0,-1.20034515968464,70,255,255,255
3059,104.43906652899977,-17.237049102783203,-4.530484199523926,-15.02203369140625,0.4428398311138153,-2.0656559467315674,0.007367132697254419,0.0,0.0,0.0,-1.1983870704931592,70,255,255,255
3060,104.47377224799993,-17.21906280517578,-4.592794418334961,-15.025314331054688,0.4481128454208374,-2.060302257537842,0.00199604663066566,0.0,0.0,0.0,-1.1936314637346046,70,255,255,255
3061,104.5047236749997,-17.20120620727539,-4.655420780181885,-15.028274536132812,0.4470634460449219,-2.058480739593506,0.011148803867399693,0.0,0.0,0.0,-1.1890319182159288,70,255,255,255
3062,104.54069148500002,-17.184648513793945,-4.7170820236206055,-15.030990600585938,0.45331692695617676,-2.044581651687622,0.02253042906522751,0.0,0.0,0.0,-1.186989806292056,70,255,255,255
3063,104.57437326699983,-17.1649112701416,-4.793044090270996,-15.03399658203125,0.4484604299068451,-2.034236192703247,0.04506630823016167,0.0,0.0,0.0,-1.1818184800873401,70,255,255,255
3064,104.60527937300003,-17.148693084716797,-4.853877544403076,-15.035675048828125,0.4930167496204376,-2.0045480728149414,0.04979485273361206,0.0,0.0,0.0,-1.1798100571512569,70,255,255,255
3065,104.63486942600002,-17.13098907470703,-4.914326190948486,-15.03692626953125,0.5266118049621582,-1.9914023876190186,0.03665667772293091,0.0,0.0,0.0,-1.1755041251427623,70,255,255,255
3066,104.67178986999988,-17.112607955932617,-4.973104000091553,-15.038345336914062,0.5231932997703552,-1.9919813871383667,0.04155724123120308,0.0,0.0,0.0,-1.17174520642217,70,255,255,255
3067,104.70412501199962,-17.094295501708984,-5.031656265258789,-15.039474487304688,0.5403015613555908,-1.9812344312667847,0.02648034319281578,0.0,0.0,0.0,-1.167731156869148,70,255,255,255
3068,104.73836072299991,-17.076074600219727,-5.090757846832275,-15.041152954101562,0.5388723015785217,-1.9776723384857178,0.0011558213736861944,0.0,0.0,0.0,-1.1657721355712858,70,255,255,255
3069,104.77389176899987,-17.05430793762207,-5.165675640106201,-15.043228149414062,0.47845935821533203,-2.0019888877868652,0.0030006293673068285,0.0,0.0,0.0,-1.1617873807902546,70,255,255,255
3070,104.80599357499977,-17.039630889892578,-5.225207805633545,-15.045440673828125,0.45832201838493347,-2.004934310913086,-0.017417678609490395,0.0,0.0,0.0,-1.158437124138935,70,255,255,255
3071,104.85164615899976,-17.025117874145508,-5.285023212432861,-15.048065185546875,0.45448049902915955,-1.9894064664840698,-0.010848388075828552,0.0,0.0,0.0,-1.1549334694088267,70,255,255,255
3072,104.88032496300002,-17.011293411254883,-5.345067501068115,-15.049896240234375,0.4144628047943115,-1.993422508239746,0.005445750895887613,0.0,0.0,0.0,-1.152810264229761,70,255,255,255
3073,104.91724619399974,-16.998491287231445,-5.405849933624268,-15.0517578125,0.40659430623054504,-1.9844130277633667,0.001705175032839179,0.0,0.0,0.0,-1.1485037995890484,70,255,255,255
3074,104.9538252579996,-16.98590087890625,-5.4674553871154785,-15.054840087890625,0.40984609723091125,-1.9765700101852417,-0.007409573998302221,0.0,0.0,0.0,-1.1456723267180762,70,255,255,255
3075,104.99029539100002,-16.970067977905273,-5.544765472412109,-15.058578491210938,0.38161852955818176,-1.9826115369796753,-0.017811425030231476,0.0,0.0,0.0,-1.1405729058627925,70,255,255,255
3076,105.0163288409999,-16.957794189453125,-5.60677433013916,-15.060928344726562,0.3861849308013916,-1.9760152101516724,0.0004532971070148051,0.0,0.0,0.0,-1.1354858687065776,70,255,255,255
3077,105.0561343469999,-16.946029663085938,-5.66860294342041,-15.064071655273438,0.3784882724285126,-1.9799140691757202,0.001161436433903873,0.0,0.0,0.0,-1.1333215176886702,70,255,255,255
3078,105.086668766,-16.933992385864258,-5.729557991027832,-15.068084716796875,0.4019639194011688,-1.9520814418792725,-0.001351894810795784,0.0,0.0,0.0,-1.1290982768320226,70,255,255,255
3079,105.11872204899964,-16.92230796813965,-5.79072380065918,-15.071212768554688,0.3880992531776428,-1.9584789276123047,0.019417153671383858,0.0,0.0,0.0,-1.1253240449351622,70,255,255,255
3080,105.15970606599967,-16.910228729248047,-5.851892948150635,-15.072860717773438,0.4109766483306885,-1.9455957412719727,0.05442821979522705,0.0,0.0,0.0,-1.1202488588457982,70,255,255,255
3081,105.1916436649999,-16.89533042907715,-5.927555561065674,-15.074981689453125,0.37239837646484375,-1.973280906677246,0.06634681671857834,0.0,0.0,0.0,-1.118676395380161,70,255,255,255
3082,105.22770887099978,-16.884414672851562,-5.988224983215332,-15.076263427734375,0.3615484833717346,-1.9842896461486816,0.07167288661003113,0.0,0.0,0.0,-1.1144265229126125,70,255,255,255
3083,105.25613240899975,-16.873353958129883,-6.049491882324219,-15.0767822265625,0.3880613148212433,-1.9855862855911255,0.08776073157787323,0.0,0.0,0.0,-1.1123642375434823,70,255,255,255
3084,105.2894960839999,-16.861011505126953,-6.110721588134766,-15.07720947265625,0.3983570337295532,-1.977798342704773,0.06877017766237259,0.0,0.0,0.0,-1.1086757594337227,70,255,255,255
3085,105.32030329399959,-16.85097312927246,-6.169605731964111,-15.075958251953125,0.400905579328537,-1.9762520790100098,0.10003809630870819,0.0,0.0,0.0,-1.104080474972791,70,255,255,255
3086,105.35424650200002,-16.84065818786621,-6.229266166687012,-15.073837280273438,0.4128621220588684,-1.996909737586975,0.103385329246521,0.0,0.0,0.0,-1.102590769238028,70,255,255,255
3087,105.38993737700002,-16.82680892944336,-6.305237293243408,-15.071563720703125,0.4319412410259247,-2.005246639251709,0.09295465797185898,0.0,0.0,0.0,-1.0990027588803915,70,255,255,255
3088,105.42389347699964,-16.813894271850586,-6.365991592407227,-15.069244384765625,0.48130232095718384,-1.995965600013733,0.09640522301197052,0.0,0.0,0.0,-1.094645094967722,70,255,255,255
3089,105.45552007499964,-16.798355102539062,-6.42609167098999,-15.06658935546875,0.5086011290550232,-1.9999279975891113,0.09895862638950348,0.0,0.0,0.0,-1.0926312791304313,70,255,255,255
3090,105.49279670599981,-16.78191566467285,-6.486443519592285,-15.063735961914062,0.5290261507034302,-1.9924085140228271,0.09451670199632645,0.0,0.0,0.0,-1.0885270149954829,70,255,255,255
3091,105.5296938749998,-16.76482391357422,-6.547054767608643,-15.060531616210938,0.5502455830574036,-1.9848345518112183,0.11740923672914505,0.0,0.0,0.0,-1.0841159547029575,70,255,255,255
3092,105.55787195999983,-16.744770050048828,-6.606448650360107,-15.059280395507812,0.584812581539154,-1.9762331247329712,0.097286656498909,0.0,0.0,0.0,-1.0822231129581836,70,255,255,255
3093,105.59723409599974,-16.715885162353516,-6.679497241973877,-15.060394287109375,0.6114248037338257,-1.9633146524429321,0.10863976925611496,0.0,0.0,0.0,-1.0781303004159226,70,255,255,255
3094,105.63015860799987,-16.692773818969727,-6.738666534423828,-15.06170654296875,0.6270732879638672,-1.9786878824234009,0.04607423022389412,0.0,0.0,0.0,-1.0734135758092833,70,255,255,255
3095,105.66003724499978,-16.669414520263672,-6.798305511474609,-15.063400268554688,0.6527379155158997,-1.9574931859970093,0.05452650785446167,0.0,0.0,0.0,-1.071577725711837,70,255,255,255
3096,105.696785051,-16.644065856933594,-6.8555827140808105,-15.065826416015625,0.6648460626602173,-1.9528710842132568,0.06096528843045235,0.0,0.0,0.0,-1.067457149715212,70,255,255,255
3097,105.73433554199983,-16.618438720703125,-6.912809371948242,-15.06781005859375,0.6674380302429199,-1.9538938999176025,0.0729130432009697,0.0,0.0,0.0,-1.0639108844076626,70,255,255,255
3098,105.76411660099984,-16.593168258666992,-6.970483303070068,-15.068679809570312,0.675157904624939,-1.9443399906158447,0.08382312953472137,0.0,0.0,0.0,-1.0620945419652013,70,255,255,255
3099,105.80051051800001,-16.561763763427734,-7.04286003112793,-15.069549560546875,0.6693295240402222,-1.9366188049316406,0.07825380563735962,0.0,0.0,0.0,-1.058241081025911,70,255,255,255
3100,105.83284666899999,-16.535755157470703,-7.098084449768066,-15.070999145507812,0.6728289127349854,-1.9361393451690674,0.10902722924947739,0.0,0.0,0.0,-1.0543592574210117,70,255,255,255
3101,105.86662047599975,-16.509307861328125,-7.153698921203613,-15.071807861328125,0.7211300730705261,-1.9163936376571655,0.0936877653002739,0.0,0.0,0.0,-1.052222070646223,70,255,255,255
3102,105.90257489299984,-16.482511520385742,-7.209631443023682,-15.072341918945312,0.7327766418457031,-1.9119266271591187,0.08630567789077759,0.0,0.0,0.0,-1.0484168129226632,70,255,255,255
3103,105.93566832999977,-16.45510482788086,-7.265633583068848,-15.07269287109375,0.7507977485656738,-1.9072235822677612,0.08307482302188873,0.0,0.0,0.0,-1.0444603542282143,70,255,255,255
3104,105.96731538099993,-16.426847457885742,-7.320573806762695,-15.071151733398438,0.772667407989502,-1.8896328210830688,0.11537250131368637,0.0,0.0,0.0,-1.0429637908536442,70,255,255,255
3105,106.00462587099992,-16.390398025512695,-7.389533996582031,-15.0684814453125,0.8265040516853333,-1.8756225109100342,0.0945226326584816,0.0,0.0,0.0,-1.0385978711415955,70,255,255,255
3106,106.03675806899992,-16.360105514526367,-7.444980144500732,-15.066421508789062,0.862531304359436,-1.860830545425415,0.11092200130224228,0.0,0.0,0.0,-1.0344149771754627,70,255,255,255
3107,106.06955157599987,-16.327566146850586,-7.49799108505249,-15.063613891601562,0.9071988463401794,-1.8462551832199097,0.11309638619422913,0.0,0.0,0.0,-1.0323072183307194,70,255,255,255
3108,106.10673478799981,-16.29342269897461,-7.549233436584473,-15.059677124023438,0.9191339612007141,-1.8431220054626465,0.1263210028409958,0.0,0.0,0.0,-1.0270585272963368,70,255,255,255
3109,106.13992005799992,-16.25855255126953,-7.601013660430908,-15.056045532226562,0.9571622014045715,-1.8338954448699951,0.11314331740140915,0.0,0.0,0.0,-1.0229225715444166,70,255,255,255
3110,106.17207611200001,-16.22344970703125,-7.653013229370117,-15.052047729492188,0.9757154583930969,-1.8121700286865234,0.13529403507709503,0.0,0.0,0.0,-1.0205461663247115,70,255,255,255
3111,106.21065140499968,-16.179651260375977,-7.718418598175049,-15.047195434570312,0.9894425272941589,-1.8028450012207031,0.14108702540397644,0.0,0.0,0.0,-1.0150474710429978,70,255,255,255
3112,106.24198560499963,-16.144550323486328,-7.771121978759766,-15.044021606445312,0.9978832602500916,-1.7907812595367432,0.12991216778755188,0.0,0.0,0.0,-1.0097216814950571,70,255,255,255
3113,106.27441726400002,-16.109460830688477,-7.824391841888428,-15.041275024414062,1.0067213773727417,-1.802997350692749,0.10868258029222488,0.0,0.0,0.0,-1.0082202578514978,70,255,255,255
3114,106.31304672999977,-16.074546813964844,-7.878525257110596,-15.0390625,1.0047661066055298,-1.811453938484192,0.08712370693683624,0.0,0.0,0.0,-1.0037968804389306,70,255,255,255
3115,106.34513634299992,-16.038700103759766,-7.930417537689209,-15.036483764648438,0.9967548847198486,-1.8246643543243408,0.07496251165866852,0.0,0.0,0.0,-0.999190011227257,70,255,255,255
3116,106.38199488999999,-16.003210067749023,-7.983362674713135,-15.034133911132812,1.0033600330352783,-1.8278324604034424,0.0810018852353096,0.0,0.0,0.0,-0.996387100758976,70,255,255,255
3117,106.41533948099959,-15.959396362304688,-8.050793647766113,-15.031402587890625,0.9958500266075134,-1.8455455303192139,0.04842442646622658,0.0,0.0,0.0,-0.9922824371498641,70,255,255,255
3118,106.44852558000002,-15.925368309020996,-8.106053352355957,-15.030548095703125,0.9841480255126953,-1.872503638267517,0.025613009929656982,0.0,0.0,0.0,-0.9881517411410967,70,255,255,255
3119,106.48392907699963,-15.893453598022461,-8.162725448608398,-15.030654907226562,0.9727563261985779,-1.8838987350463867,0.022775806486606598,0.0,0.0,0.0,-0.9864330701316141,70,255,255,255
3120,106.51689871399958,-15.861776351928711,-8.22020435333252,-15.030746459960938,0.9774697422981262,-1.8933265209197998,0.002454949775710702,0.0,0.0,0.0,-0.9818952433712007,70,255,255,255
3121,106.552260165,-15.829623222351074,-8.277974128723145,-15.031341552734375,0.993704617023468,-1.8902136087417603,-0.004312650766223669,0.0,0.0,0.0,-0.9776206035055146,70,255,255,255
3122,106.5908202569999,-15.79721736907959,-8.33693790435791,-15.032440185546875,0.9668760895729065,-1.9133684635162354,-0.014510191977024078,0.0,0.0,0.0,-0.9748885997012567,70,255,255,255
3123,106.61905697899965,-15.756446838378906,-8.411632537841797,-15.033721923828125,0.9965258240699768,-1.8770898580551147,0.021774396300315857,0.0,0.0,0.0,-0.9706206843173231,70,255,255,255
3124,106.6528115709998,-15.723237037658691,-8.47072982788086,-15.034133911132812,1.0079554319381714,-1.8611515760421753,0.004757220391184092,0.0,0.0,0.0,-0.9665840644740628,70,255,255,255
3125,106.68325202999995,-15.6895170211792,-8.52910327911377,-15.034454345703125,1.0219722986221313,-1.8402142524719238,0.021604904904961586,0.0,0.0,0.0,-0.9643983415884074,70,255,255,255
3126,106.72001529399995,-15.655912399291992,-8.585038185119629,-15.03271484375,1.0251656770706177,-1.8286741971969604,0.04974769055843353,0.0,0.0,0.0,-0.9595791518588273,70,255,255,255
3127,106.75446968699998,-15.622143745422363,-8.640617370605469,-15.030899047851562,1.0403125286102295,-1.8376160860061646,0.018026061356067657,0.0,0.0,0.0,-0.9547072315396635,70,255,255,255
3128,106.78532141300002,-15.588959693908691,-8.697113037109375,-15.029739379882812,1.0106914043426514,-1.8561099767684937,-0.0015531344106420875,0.0,0.0,0.0,-0.9520983989358219,70,255,255,255
3129,106.822588859,-15.547592163085938,-8.768399238586426,-15.029190063476562,1.0433169603347778,-1.8432693481445312,-0.022104332223534584,0.0,0.0,0.0,-0.9472136288643986,70,255,255,255
3130,106.85468999899967,-15.512645721435547,-8.823317527770996,-15.02667236328125,1.0739140510559082,-1.8220182657241821,-0.009030414745211601,0.0,0.0,0.0,-0.9428499728392765,70,255,255,255
3131,106.88739948399962,-15.477788925170898,-8.878277778625488,-15.024017333984375,1.0696215629577637,-1.8037102222442627,0.004469860810786486,0.0,0.0,0.0,-0.9402878121335385,70,255,255,255
3132,106.92462081399981,-15.442726135253906,-8.933058738708496,-15.021377563476562,1.0780820846557617,-1.7898645401000977,0.020034540444612503,0.0,0.0,0.0,-0.9353525751594582,70,255,255,255
3133,106.95677211199973,-15.407684326171875,-8.987959861755371,-15.0189208984375,1.0787116289138794,-1.7729675769805908,0.012034588493406773,0.0,0.0,0.0,-0.9310170154838364,70,255,255,255
3134,106.98941045499987,-15.37216567993164,-9.042819023132324,-15.0174560546875,1.055959701538086,-1.78780198097229,-0.010571517050266266,0.0,0.0,0.0,-0.9283671701992077,70,255,255,255
3135,107.02642472799971,-15.328622817993164,-9.112278938293457,-15.016769409179688,1.0491104125976562,-1.7912262678146362,-0.017428865656256676,0.0,0.0,0.0,-0.9238048423567656,70,255,255,255
3136,107.05947447499966,-15.293997764587402,-9.168098449707031,-15.01629638671875,1.0486489534378052,-1.7910302877426147,-0.02224143035709858,0.0,0.0,0.0,-0.9198717529008821,70,255,255,255
3137,107.09148492199984,-15.2586030960083,-9.223405838012695,-15.015533447265625,1.0511353015899658,-1.7897356748580933,-0.02699955925345421,0.0,0.0,0.0,-0.9181161305312746,70,255,255,255
3138,107.1303977929997,-15.214447021484375,-9.292462348937988,-15.014846801757812,1.0314408540725708,-1.7928717136383057,-0.045114316046237946,0.0,0.0,0.0,-0.9138876965105013,70,255,255,255
3139,107.16326402799996,-15.18821907043457,-9.334038734436035,-15.015090942382812,1.03096342086792,-1.7927651405334473,-0.060336679220199585,0.0,0.0,0.0,-0.9095107912589561,70,255,255,255
3140,107.1945090029999,-15.154281616210938,-9.390230178833008,-15.015182495117188,0.9932315349578857,-1.812139868736267,-0.03882228583097458,0.0,0.0,0.0,-0.9073385173368057,70,255,255,255
3141,107.23122621099992,-15.112793922424316,-9.460653305053711,-15.016799926757812,0.9623077511787415,-1.8205435276031494,-0.023213589563965797,0.0,0.0,0.0,-0.902717866266491,70,255,255,255
3142,107.26462041899958,-15.080401420593262,-9.517255783081055,-15.018417358398438,0.968536913394928,-1.8057780265808105,-0.012339342385530472,0.0,0.0,0.0,-0.8982590022323985,70,255,255,255
3143,107.29787683999984,-15.048184394836426,-9.573899269104004,-15.01983642578125,0.947513997554779,-1.8203511238098145,-0.008519179187715054,0.0,0.0,0.0,-0.8958756727938594,70,255,255,255
3144,107.33458608299998,-15.016324996948242,-9.630708694458008,-15.020263671875,0.9553031921386719,-1.802403211593628,0.03900234401226044,0.0,0.0,0.0,-0.8910946328468946,70,255,255,255
3145,107.36612375799996,-14.985820770263672,-9.689504623413086,-15.01959228515625,0.9494211673736572,-1.7989215850830078,0.052329447120428085,0.0,0.0,0.0,-0.8869103407211893,70,255,255,255
3146,107.39841517899958,-14.955629348754883,-9.748161315917969,-15.018783569335938,0.9361988306045532,-1.7934136390686035,0.051242150366306305,0.0,0.0,0.0,-0.8844625627842703,70,255,255,255
3147,107.434696584,-14.918475151062012,-9.821459770202637,-15.017929077148438,0.9133526682853699,-1.8062257766723633,0.037842076271772385,0.0,0.0,0.0,-0.8800569619719795,70,255,255,255
3148,107.46767061399987,-14.888160705566406,-9.88023567199707,-15.017044067382812,0.9240081906318665,-1.7882181406021118,0.040633901953697205,0.0,0.0,0.0,-0.8765669559424579,70,255,255,255
3149,107.50018785099974,-14.85624885559082,-9.939125061035156,-15.015350341796875,0.9109013676643372,-1.796703815460205,0.03874743729829788,0.0,0.0,0.0,-0.8743601275051637,70,255,255,255
3150,107.53644002800002,-14.824748039245605,-9.998114585876465,-15.013214111328125,0.9172184467315674,-1.7978918552398682,0.052591096609830856,0.0,0.0,0.0,-0.8698587194726572,70,255,255,255
3151,107.56926441899986,-14.792916297912598,-10.056886672973633,-15.010818481445312,0.9283292293548584,-1.790507197380066,0.056548330932855606,0.0,0.0,0.0,-0.864974748349561,70,255,255,255
3152,107.60199905199988,-14.760412216186523,-10.115256309509277,-15.008743286132812,0.9241849780082703,-1.7920866012573242,0.03592957183718681,0.0,0.0,0.0,-0.8626249081617295,70,255,255,255
3153,107.6383832069996,-14.719603538513184,-10.188665390014648,-15.0062255859375,0.9519065618515015,-1.7931424379348755,0.02548447623848915,0.0,0.0,0.0,-0.8586917521268188,70,255,255,255
3154,107.67174267799965,-14.686283111572266,-10.247056007385254,-15.0050048828125,0.9684537649154663,-1.7855921983718872,0.013283662497997284,0.0,0.0,0.0,-0.8538052510006869,70,255,255,255
3155,107.70379502999958,-14.652495384216309,-10.305193901062012,-15.004302978515625,0.9869551658630371,-1.7771939039230347,-0.0030824439600110054,0.0,0.0,0.0,-0.8516867063535288,70,255,255,255
3156,107.74022677599987,-14.619064331054688,-10.361486434936523,-15.005905151367188,1.0201501846313477,-1.7541879415512085,-0.021361617371439934,0.0,0.0,0.0,-0.8480496272528076,70,255,255,255
3157,107.77468153399968,-14.585199356079102,-10.41694164276123,-15.008773803710938,1.0267573595046997,-1.7491188049316406,-0.04543866962194443,0.0,0.0,0.0,-0.8439560823412469,70,255,255,255
3158,107.80629030499995,-14.551263809204102,-10.472328186035156,-15.012222290039062,1.0382441282272339,-1.7314338684082031,-0.0570264607667923,0.0,0.0,0.0,-0.8416001168829083,70,255,255,255
3159,107.8432455799998,-14.50853157043457,-10.540678977966309,-15.015151977539062,1.0319857597351074,-1.7156798839569092,-0.01296958141028881,0.0,0.0,0.0,-0.8370379221985208,70,255,255,255
3160,107.87868466999998,-14.475967407226562,-10.595361709594727,-15.01715087890625,1.0513659715652466,-1.699934720993042,-0.0046126083470880985,0.0,0.0,0.0,-0.8333931865096655,70,255,255,255
3161,107.90909195899985,-14.443093299865723,-10.64963436126709,-15.018325805664062,1.0694313049316406,-1.6682711839675903,0.031313952058553696,0.0,0.0,0.0,-0.8318411628053947,70,255,255,255
3162,107.94716805799999,-14.408904075622559,-10.702513694763184,-15.018539428710938,1.111485481262207,-1.629660964012146,0.042456675320863724,0.0,0.0,0.0,-0.8275678545202535,70,255,255,255
3163,107.97989760399969,-14.374510765075684,-10.755335807800293,-15.01861572265625,1.1140559911727905,-1.6328741312026978,0.02471185103058815,0.0,0.0,0.0,-0.8236378276996236,70,255,255,255
3164,108.01277536899988,-14.341578483581543,-10.809463500976562,-15.018295288085938,1.102389931678772,-1.6467466354370117,0.024579493328928947,0.0,0.0,0.0,-0.8208592851553166,70,255,255,255
3165,108.04789948799998,-14.300826072692871,-10.877676963806152,-15.017547607421875,1.070849895477295,-1.6665902137756348,0.036231592297554016,0.0,0.0,0.0,-0.8166387740387863,70,255,255,255
3166,108.0818599029999,-14.268702507019043,-10.93254566192627,-15.01702880859375,1.071292519569397,-1.6691575050354004,0.022680500522255898,0.0,0.0,0.0,-0.8122098705669573,70,255,255,255
3167,108.11430102999975,-14.236129760742188,-10.987786293029785,-15.015335083007812,1.0938924551010132,-1.647765040397644,0.031200390309095383,0.0,0.0,0.0,-0.8101684910123843,70,255,255,255
3168,108.15073408199987,-14.202805519104004,-11.043131828308105,-15.013290405273438,1.0984724760055542,-1.6552263498306274,0.018170226365327835,0.0,0.0,0.0,-0.8063272140350812,70,255,255,255
3169,108.18379483599983,-14.169144630432129,-11.098407745361328,-15.011810302734375,1.1329666376113892,-1.6301565170288086,-0.007017396856099367,0.0,0.0,0.0,-0.8030704343380234,70,255,255,255
3170,108.21676167899977,-14.134302139282227,-11.152705192565918,-15.01123046875,1.1426373720169067,-1.626800537109375,-0.02532741241157055,0.0,0.0,0.0,-0.8008613422138027,70,255,255,255
3171,108.25292463099959,-14.089716911315918,-11.219791412353516,-15.00921630859375,1.1513499021530151,-1.6245392560958862,-0.017496781423687935,0.0,0.0,0.0,-0.7972237304808634,70,255,255,255
3172,108.28581704699991,-14.053057670593262,-11.272582054138184,-15.00714111328125,1.16937255859375,-1.6160069704055786,-0.03469925746321678,0.0,0.0,0.0,-0.7925323724836071,70,255,255,255
3173,108.3185634829997,-14.016069412231445,-11.325379371643066,-15.005767822265625,1.1684623956680298,-1.6123442649841309,-0.024696605280041695,0.0,0.0,0.0,-0.7907375350669482,70,255,255,255
3174,108.3548507659998,-13.978996276855469,-11.378007888793945,-15.004440307617188,1.1675573587417603,-1.6044795513153076,-0.021152447909116745,0.0,0.0,0.0,-0.7867925279651865,70,255,255,255
3175,108.38812911899959,-13.941192626953125,-11.429896354675293,-15.0025634765625,1.1676883697509766,-1.5945762395858765,-0.019730934873223305,0.0,0.0,0.0,-0.7830317450318312,70,255,255,255
3176,108.42079300999967,-13.903365135192871,-11.481427192687988,-15.000823974609375,1.1677027940750122,-1.5876647233963013,-0.0010586678981781006,0.0,0.0,0.0,-0.7806462184853926,70,255,255,255
3177,108.45828725699994,-13.855424880981445,-11.54514217376709,-14.998199462890625,1.2024427652359009,-1.5642826557159424,0.012038140557706356,0.0,0.0,0.0,-0.7766201181284381,70,255,255,255
3178,108.4908838919996,-13.81617259979248,-11.594833374023438,-14.99542236328125,1.2361079454421997,-1.5315711498260498,0.019045662134885788,0.0,0.0,0.0,-0.772011517862056,70,255,255,255
3179,108.52410216399994,-13.776498794555664,-11.642999649047852,-14.9915771484375,1.2423717975616455,-1.5188053846359253,0.030879633501172066,0.0,0.0,0.0,-0.7702364544164909,70,255,255,255
3180,108.56254051399992,-13.736997604370117,-11.691307067871094,-14.987884521484375,1.2479026317596436,-1.5088531970977783,0.018145263195037842,0.0,0.0,0.0,-0.7661494342496008,70,255,255,255
3181,108.59487644899991,-13.69709587097168,-11.739110946655273,-14.984634399414062,1.2641432285308838,-1.5020354986190796,0.030649283900856972,0.0,0.0,0.0,-0.7622423106143456,70,255,255,255
3182,108.62652212900002,-13.645397186279297,-11.799989700317383,-14.980255126953125,1.2658051252365112,-1.4952583312988281,0.03805466368794441,0.0,0.0,0.0,-0.759978290792642,70,255,255,255
3183,108.66257963399994,-13.603013038635254,-11.848841667175293,-14.976776123046875,1.2852411270141602,-1.4799517393112183,0.037824664264917374,0.0,0.0,0.0,-0.755377413693421,70,255,255,255
3184,108.69751287899999,-13.559741020202637,-11.896848678588867,-14.97357177734375,1.3238210678100586,-1.441558837890625,0.03772730007767677,0.0,0.0,0.0,-0.7509919863263876,70,255,255,255
3185,108.73175455399996,-13.515759468078613,-11.944022178649902,-14.97088623046875,1.3442809581756592,-1.4316933155059814,0.019774029031395912,0.0,0.0,0.0,-0.7489910868203838,70,255,255,255
3186,108.765171861,-13.473273277282715,-11.9931058883667,-14.969451904296875,1.3654768466949463,-1.4070274829864502,0.005549277178943157,0.0,0.0,0.0,-0.7451853630436334,70,255,255,255
3187,108.79848863699999,-13.430746078491211,-12.041678428649902,-14.968353271484375,1.3806147575378418,-1.378970742225647,-0.004433886613696814,0.0,0.0,0.0,-0.7405692393471718,70,255,255,255
3188,108.83134615499966,-13.387544631958008,-12.088933944702148,-14.967544555664062,1.4006229639053345,-1.3442583084106445,0.00835489109158516,0.0,0.0,0.0,-0.7379293143376034,70,255,255,255
3189,108.86660795299986,-13.332917213439941,-12.146683692932129,-14.966598510742188,1.3983714580535889,-1.3384724855422974,-0.008569047786295414,0.0,0.0,0.0,-0.7333388901456611,70,255,255,255
3190,108.90010220199974,-13.292633056640625,-12.193230628967285,-14.965438842773438,1.396181344985962,-1.3446764945983887,-0.016815191134810448,0.0,0.0,0.0,-0.728715775651338,70,255,255,255
3191,108.93309415299973,-13.252270698547363,-12.240042686462402,-14.96405029296875,1.3973965644836426,-1.355104684829712,0.008926060982048512,0.0,0.0,0.0,-0.7264053502476399,70,255,255,255
3192,108.96881187600002,-13.211641311645508,-12.286859512329102,-14.962432861328125,1.3871524333953857,-1.370733618736267,-0.002698669908568263,0.0,0.0,0.0,-0.7226393075711315,70,255,255,255
3193,109.00179753999964,-13.17105770111084,-12.333378791809082,-14.961563110351562,1.4081448316574097,-1.361965298652649,-0.01028044056147337,0.0,0.0,0.0,-0.7181289779489733,70,255,255,255
3194,109.0350167079996,-13.131196022033691,-12.37924861907959,-14.961441040039062,1.412162184715271,-1.349355936050415,0.006142953410744667,0.0,0.0,0.0,-0.7158438525756308,70,255,255,255
3195,109.07199032799963,-13.080599784851074,-12.435914039611816,-14.961166381835938,1.4109249114990234,-1.3482164144515991,-0.01632443070411682,0.0,0.0,0.0,-0.7111939067333252,70,255,255,255
3196,109.1051647319996,-13.039665222167969,-12.481118202209473,-14.961990356445312,1.4201633930206299,-1.344157338142395,-0.044487278908491135,0.0,0.0,0.0,-0.7062398278945325,70,255,255,255
3197,109.13895871999966,-12.998259544372559,-12.528776168823242,-14.96197509765625,1.4149727821350098,-1.3601949214935303,-0.04392823204398155,0.0,0.0,0.0,-0.7042777439614167,70,255,255,255
3198,109.18250697699978,-12.956306457519531,-12.578424453735352,-14.961715698242188,1.4156360626220703,-1.3720213174819946,-0.08004598319530487,0.0,0.0,0.0,-0.6996100880978621,70,255,255,255
3199,109.20901483499983,-12.914300918579102,-12.628055572509766,-14.962570190429688,1.4098644256591797,-1.3811386823654175,-0.08736248314380646,0.0,0.0,0.0,-0.6949812478071953,70,255,255,255
3200,109.24147496399974,-12.871774673461914,-12.676766395568848,-14.963912963867188,1.4321891069412231,-1.353963851928711,-0.10197333246469498,0.0,0.0,0.0,-0.6925822057182247,70,255,255,255
3201,109.28224961099977,-12.819656372070312,-12.737497329711914,-14.965545654296875,1.4606904983520508,-1.312520146369934,-0.09824216365814209,0.0,0.0,0.0,-0.6882575650030722,70,255,255,255
3202,109.31331884199972,-12.77784538269043,-12.785280227661133,-14.966827392578125,1.4666258096694946,-1.310526728630066,-0.09833673387765884,0.0,0.0,0.0,-0.6828763817044582,70,255,255,255
3203,109.34726074799983,-12.73570728302002,-12.83275318145752,-14.9686279296875,1.4702589511871338,-1.315148949623108,-0.10812286287546158,0.0,0.0,0.0,-0.6804188832295603,70,255,255,255
3204,109.38107314599984,-12.693327903747559,-12.880075454711914,-14.970565795898438,1.460281252861023,-1.3203637599945068,-0.10993443429470062,0.0,0.0,0.0,-0.6759698728915012,70,255,255,255
3205,109.41482180499997,-12.643345832824707,-12.939397811889648,-14.973983764648438,1.477951169013977,-1.3033432960510254,-0.11272265017032623,0.0,0.0,0.0,-0.6708245790864409,70,255,255,255
3206,109.44863373199996,-12.6126708984375,-12.974373817443848,-14.975692749023438,1.4773192405700684,-1.2954665422439575,-0.0944206565618515,0.0,0.0,0.0,-0.6683161476556952,70,255,255,255
3207,109.48315703699973,-12.560601234436035,-13.032061576843262,-14.978057861328125,1.494096279144287,-1.2816379070281982,-0.0725518986582756,0.0,0.0,0.0,-0.6634846408060735,70,255,255,255
3208,109.5165530219997,-12.518721580505371,-13.077779769897461,-14.978729248046875,1.5097469091415405,-1.2431976795196533,-0.05527591332793236,0.0,0.0,0.0,-0.6592821726059284,70,255,255,255
3209,109.54842226599976,-12.478407859802246,-13.125164985656738,-14.97747802734375,1.5210788249969482,-1.2485132217407227,-0.05875561758875847,0.0,0.0,0.0,-0.657310434713861,70,255,255,255
3210,109.58473340499995,-12.43764877319336,-13.172558784484863,-14.977066040039062,1.5170716047286987,-1.255256175994873,-0.06777887791395187,0.0,0.0,0.0,-0.6530033708619031,70,255,255,255
3211,109.61790565399997,-12.39570426940918,-13.219063758850098,-14.977157592773438,1.5268514156341553,-1.2487396001815796,-0.06881120055913925,0.0,0.0,0.0,-0.6494188226136837,70,255,255,255
3212,109.65009760099974,-12.353842735290527,-13.265752792358398,-14.977081298828125,1.523200511932373,-1.2539671659469604,-0.09250438958406448,0.0,0.0,0.0,-0.6475874998900907,70,255,255,255
3213,109.6864911939997,-12.30190658569336,-13.324525833129883,-14.977066040039062,1.5244239568710327,-1.2381939888000488,-0.10504671186208725,0.0,0.0,0.0,-0.6434856326001234,70,255,255,255
3214,109.72086760799993,-12.259703636169434,-13.370552062988281,-14.9774169921875,1.510290503501892,-1.2568609714508057,-0.10298188030719757,0.0,0.0,0.0,-0.6391882227071171,70,255,255,255
3215,109.75185553899973,-12.21709156036377,-13.416688919067383,-14.97772216796875,1.5063802003860474,-1.2669297456741333,-0.10158971697092056,0.0,0.0,0.0,-0.636974802946125,70,255,255,255
3216,109.78859913899987,-12.17822265625,-13.46460247039795,-14.977371215820312,1.5169333219528198,-1.2434722185134888,-0.09580884128808975,0.0,0.0,0.0,-0.6330877195980725,70,255,255,255
3217,109.82140652099997,-12.139747619628906,-13.512199401855469,-14.976486206054688,1.5079704523086548,-1.2469569444656372,-0.08274951577186584,0.0,0.0,0.0,-0.6295367271795881,70,255,255,255
3218,109.85367949199963,-12.100481986999512,-13.559367179870605,-14.976287841796875,1.4982339143753052,-1.2494757175445557,-0.10160861909389496,0.0,0.0,0.0,-0.6281665973777696,70,255,255,255
3219,109.89079913999967,-12.050630569458008,-13.61694049835205,-14.976242065429688,1.4907110929489136,-1.237205147743225,-0.09037946164608002,0.0,0.0,0.0,-0.6233986069201463,70,255,255,255
3220,109.92351079199989,-12.011923789978027,-13.666062355041504,-14.975326538085938,1.4556697607040405,-1.2738595008850098,-0.06378063559532166,0.0,0.0,0.0,-0.6198195181521615,70,255,255,255
3221,109.95602036299988,-11.973030090332031,-13.714889526367188,-14.974212646484375,1.4461965560913086,-1.286133885383606,-0.04633183032274246,0.0,0.0,0.0,-0.6179401253708926,70,255,255,255
3222,109.99410935099968,-11.933923721313477,-13.763409614562988,-14.972702026367188,1.4316976070404053,-1.292600393295288,-0.0358755886554718,0.0,0.0,0.0,-0.6142838715103228,70,255,255,255
3223,110.02784810899993,-11.895166397094727,-13.812337875366211,-14.97161865234375,1.4392924308776855,-1.2929714918136597,-0.03815309703350067,0.0,0.0,0.0,-0.6097881226951328,70,255,255,255
3224,110.05875479499991,-11.857915878295898,-13.862983703613281,-14.970855712890625,1.4270954132080078,-1.3078917264938354,-0.040630701929330826,0.0,0.0,0.0,-0.607982765792168,70,255,255,255
3225,110.0966561729997,-11.810342788696289,-13.925582885742188,-14.971115112304688,1.440395474433899,-1.304017424583435,-0.05698920786380768,0.0,0.0,0.0,-0.6027389350267748,70,255,255,255
3226,110.13364153899965,-11.77128791809082,-13.975112915039062,-14.971603393554688,1.437353253364563,-1.3270232677459717,-0.055401891469955444,0.0,0.0,0.0,-0.5987665639448126,70,255,255,255
3227,110.16168046699977,-11.732014656066895,-14.024560928344727,-14.97247314453125,1.4503732919692993,-1.3216763734817505,-0.05606064572930336,0.0,0.0,0.0,-0.5968889022182522,70,255,255,255
3228,110.19781883499991,-11.692004203796387,-14.073299407958984,-14.974166870117188,1.4770476818084717,-1.305769443511963,-0.07474316656589508,0.0,0.0,0.0,-0.5924619295382135,70,255,255,255
3229,110.23084566999978,-11.650430679321289,-14.120664596557617,-14.975997924804688,1.4989334344863892,-1.2860302925109863,-0.054178930819034576,0.0,0.0,0.0,-0.5879203077732469,70,255,255,255
3230,110.26309304799997,-11.6080904006958,-14.167194366455078,-14.977310180664062,1.5030609369277954,-1.2725415229797363,-0.03745140880346298,0.0,0.0,0.0,-0.5862846608107475,70,255,255,255
3231,110.29952804300001,-11.557502746582031,-14.224761009216309,-14.977935791015625,1.5131936073303223,-1.2570143938064575,-0.015157051384449005,0.0,0.0,0.0,-0.5829696244648441,70,255,255,255
3232,110.33442110399983,-11.517986297607422,-14.270489692687988,-14.977951049804688,1.5039700269699097,-1.2557257413864136,0.01970241777598858,0.0,0.0,0.0,-0.5788901943070607,70,255,255,255
3233,110.36522263799998,-11.47773265838623,-14.315526008605957,-14.97705078125,1.5123240947723389,-1.2495365142822266,0.02019084431231022,0.0,0.0,0.0,-0.5771373682565978,70,255,255,255
3234,110.40258451299997,-11.436417579650879,-14.359626770019531,-14.976593017578125,1.5142370462417603,-1.2448705434799194,0.023112906143069267,0.0,0.0,0.0,-0.5736522890750929,70,255,255,255
3235,110.43679389299996,-11.400440216064453,-14.406892776489258,-14.974334716796875,1.5022939443588257,-1.259186863899231,0.0191386379301548,0.0,0.0,0.0,-0.5696789858867491,70,255,255,255
3236,110.46770581599958,-11.363420486450195,-14.453636169433594,-14.972366333007812,1.51828134059906,-1.2532410621643066,0.01752384752035141,0.0,0.0,0.0,-0.5674974574798107,70,255,255,255
3237,110.50699537199989,-11.315502166748047,-14.511334419250488,-14.970535278320312,1.5314968824386597,-1.2468541860580444,-0.005536042153835297,0.0,0.0,0.0,-0.563500385578738,70,255,255,255
3238,110.54846957099971,-11.275742530822754,-14.556459426879883,-14.969970703125,1.547877550125122,-1.2242125272750854,-0.017646649852395058,0.0,0.0,0.0,-0.559346786384596,70,255,255,255
3239,110.57781624499967,-11.236126899719238,-14.602254867553711,-14.970367431640625,1.5605815649032593,-1.2104225158691406,-0.05822749063372612,0.0,0.0,0.0,-0.5571774086501311,70,255,255,255
3240,110.6159289129996,-11.195242881774902,-14.646714210510254,-14.971420288085938,1.5654871463775635,-1.1917368173599243,-0.06399384140968323,0.0,0.0,0.0,-0.5523794576302443,70,255,255,255
3241,110.64563673899966,-11.153210639953613,-14.689911842346191,-14.972854614257812,1.5820164680480957,-1.1573326587677002,-0.07500779628753662,0.0,0.0,0.0,-0.5480483587494485,70,255,255,255
3242,110.67345494499978,-11.111226081848145,-14.732686042785645,-14.97503662109375,1.6013602018356323,-1.123311161994934,-0.09975270181894302,0.0,0.0,0.0,-0.5455636627419181,70,255,255,255
3243,110.70951080299983,-11.058464050292969,-14.785158157348633,-14.978363037109375,1.6125737428665161,-1.0907427072525024,-0.11167342960834503,0.0,0.0,0.0,-0.5401077444852137,70,255,255,255
3244,110.74283316999981,-11.015106201171875,-14.82565975189209,-14.981170654296875,1.6232941150665283,-1.0591652393341064,-0.1145738810300827,0.0,0.0,0.0,-0.5348593863459673,70,255,255,255
3245,110.7786529189998,-10.970873832702637,-14.86499309539795,-14.98419189453125,1.6134634017944336,-1.056583285331726,-0.11378534138202667,0.0,0.0,0.0,-0.5329708056589376,70,255,255,255
3246,110.81532923399982,-10.928060531616211,-14.904861450195312,-14.984283447265625,1.6150614023208618,-1.0243709087371826,-0.08893395215272903,0.0,0.0,0.0,-0.5280521135731293,70,255,255,255
3247,110.84666556899992,-10.885438919067383,-14.944329261779785,-14.982742309570312,1.5935217142105103,-1.0148842334747314,-0.04468563199043274,0.0,0.0,0.0,-0.5233540310941206,70,255,255,255
3248,110.88093003299991,-10.8424072265625,-14.982861518859863,-14.98101806640625,1.5939568281173706,-1.0027879476547241,-0.039631638675928116,0.0,0.0,0.0,-0.5209136767187401,70,255,255,255
3249,110.91559628699997,-10.787592887878418,-15.029480934143066,-14.979217529296875,1.5908461809158325,-0.9796366095542908,-0.04003624990582466,0.0,0.0,0.0,-0.5165187951298368,70,255,255,255
3250,110.95028317399965,-10.7463960647583,-15.068248748779297,-14.97613525390625,1.5935567617416382,-0.9717480540275574,-0.0631033331155777,0.0,0.0,0.0,-0.5114373173223975,70,255,255,255
3251,110.98084241699962,-10.704073905944824,-15.10619068145752,-14.973922729492188,1.598445177078247,-0.964848518371582,-0.0569491982460022,0.0,0.0,0.0,-0.5095901155008049,70,255,255,255
3252,111.0169812199997,-10.660338401794434,-15.142850875854492,-14.971832275390625,1.6262080669403076,-0.9400747418403625,-0.06637664884328842,0.0,0.0,0.0,-0.5050753583733345,70,255,255,255
3253,111.04994647299964,-10.616442680358887,-15.179224014282227,-14.970809936523438,1.634734034538269,-0.9398210644721985,-0.07416465133428574,0.0,0.0,0.0,-0.5003742465485858,70,255,255,255
3254,111.08373165799958,-10.574503898620605,-15.216970443725586,-14.97039794921875,1.6466554403305054,-0.9379509687423706,-0.09251627326011658,0.0,0.0,0.0,-0.4982091631613786,70,255,255,255
3255,111.11954195199996,-10.519874572753906,-15.262601852416992,-14.97064208984375,1.6814725399017334,-0.9059122800827026,-0.10883966833353043,0.0,0.0,0.0,-0.4943039703179136,70,255,255,255
3256,111.15220773499959,-10.474658966064453,-15.297962188720703,-14.971176147460938,1.6728386878967285,-0.9150026440620422,-0.08421288430690765,0.0,0.0,0.0,-0.49017587089120906,70,255,255,255
3257,111.18524224199973,-10.432805061340332,-15.334206581115723,-14.972686767578125,1.684085488319397,-0.9090179204940796,-0.08256798982620239,0.0,0.0,0.0,-0.4880690108633337,70,255,255,255
3258,111.2232946109998,-10.39302921295166,-15.370264053344727,-14.975372314453125,1.6881364583969116,-0.9029001593589783,-0.06882703304290771,0.0,0.0,0.0,-0.4840097874403213,70,255,255,255
3259,111.25539334399991,-10.35214614868164,-15.406036376953125,-14.977218627929688,1.679715871810913,-0.9146565198898315,-0.05056242272257805,0.0,0.0,0.0,-0.4795469619541074,70,255,255,255
3260,111.28746976799994,-10.309892654418945,-15.440862655639648,-14.979080200195312,1.681913137435913,-0.9127910137176514,-0.06089048832654953,0.0,0.0,0.0,-0.47780865013158547,70,255,255,255
3261,111.32666651799991,-10.259804725646973,-15.487879753112793,-14.980514526367188,1.6651110649108887,-0.9387618899345398,-0.05151677504181862,0.0,0.0,0.0,-0.47307391589807446,70,255,255,255
3262,111.35709873999986,-10.219970703125,-15.525611877441406,-14.98150634765625,1.6904773712158203,-0.9039672613143921,-0.06800995767116547,0.0,0.0,0.0,-0.4686321293844722,70,255,255,255
3263,111.38977137399979,-10.178003311157227,-15.561593055725098,-14.982223510742188,1.7250608205795288,-0.8534485697746277,-0.052455805242061615,0.0,0.0,0.0,-0.4667836292718482,70,255,255,255
3264,111.4304939599997,-10.134099006652832,-15.595921516418457,-14.982940673828125,1.7305707931518555,-0.8472138047218323,-0.04751002788543701,0.0,0.0,0.0,-0.4629636908727794,70,255,255,255
3265,111.46261129499999,-10.092355728149414,-15.628676414489746,-14.982086181640625,1.745146632194519,-0.8242442607879639,-0.023882225155830383,0.0,0.0,0.0,-0.45899454887363894,70,255,255,255
3266,111.49268296899982,-10.048909187316895,-15.660619735717773,-14.981231689453125,1.7553706169128418,-0.8188614845275879,-0.027242422103881836,0.0,0.0,0.0,-0.4570064658303811,70,255,255,255
3267,111.53324425399978,-9.99277400970459,-15.699751853942871,-14.97991943359375,1.7415598630905151,-0.8444215655326843,-0.012558906339108944,0.0,0.0,0.0,-0.4528041307882906,70,255,255,255
3268,111.56386348299975,-9.947699546813965,-15.73196029663086,-14.980300903320312,1.7595466375350952,-0.8421170711517334,-0.05283629149198532,0.0,0.0,0.0,-0.44842073408158833,70,255,255,255
3269,111.59626770999967,-9.903724670410156,-15.765047073364258,-14.982894897460938,1.7689766883850098,-0.8264300227165222,-0.05408889055252075,0.0,0.0,0.0,-0.4460271514728523,70,255,255,255
3270,111.63134446699996,-9.858171463012695,-15.797301292419434,-14.985504150390625,1.7901480197906494,-0.8307422399520874,-0.05430477857589722,0.0,0.0,0.0,-0.4409348545734846,70,255,255,255
3271,111.66421503599986,-9.81095027923584,-15.829341888427734,-14.9881591796875,1.805069923400879,-0.8364604115486145,-0.05866486579179764,0.0,0.0,0.0,-0.4362789499082399,70,255,255,255
3272,111.69890248499996,-9.763713836669922,-15.862833023071289,-14.990447998046875,1.8119109869003296,-0.8494212627410889,-0.07478602230548859,0.0,0.0,0.0,-0.4338829704545229,70,255,255,255
3273,111.7354320999998,-9.704590797424316,-15.905479431152344,-14.99310302734375,1.816344141960144,-0.8542850017547607,-0.08943058550357819,0.0,0.0,0.0,-0.42889320525712316,70,255,255,255
3274,111.76656965099983,-9.65601921081543,-15.939138412475586,-14.995223999023438,1.8126107454299927,-0.8592845797538757,-0.07585129141807556,0.0,0.0,0.0,-0.4242360355903607,70,255,255,255
3275,111.79962913500003,-9.606477737426758,-15.97166919708252,-14.996368408203125,1.8098853826522827,-0.8476249575614929,-0.06073593720793724,0.0,0.0,0.0,-0.4222219867264747,70,255,255,255
3276,111.83562183999993,-9.5565824508667,-16.005571365356445,-14.997283935546875,1.807472825050354,-0.841484546661377,-0.0528404526412487,0.0,0.0,0.0,-0.41811825522374435,70,255,255,255
3277,111.8685493109997,-9.50589370727539,-16.039342880249023,-14.99798583984375,1.8086025714874268,-0.8453740477561951,-0.04094303771853447,0.0,0.0,0.0,-0.41443303948631993,70,255,255,255
3278,111.901066808,-9.453900337219238,-16.071855545043945,-14.998809814453125,1.834643840789795,-0.8101800680160522,-0.051631227135658264,0.0,0.0,0.0,-0.4123513463307459,70,255,255,255
3279,111.93777755099973,-9.387011528015137,-16.110843658447266,-15.000244140625,1.8684782981872559,-0.789487898349762,-0.06921481341123581,0.0,0.0,0.0,-0.4082794063135283,70,255,255,255
3280,111.97050876999992,-9.335835456848145,-16.141551971435547,-15.0025634765625,1.8743408918380737,-0.7899131774902344,-0.08699088543653488,0.0,0.0,0.0,-0.40462391811177195,70,255,255,255
3281,112.00313168799994,-9.282963752746582,-16.17055892944336,-15.005096435546875,1.9004006385803223,-0.7538754343986511,-0.07562768459320068,0.0,0.0,0.0,-0.4027841065622043,70,255,255,255
3282,112.03990296899974,-9.228734970092773,-16.19831657409668,-15.007308959960938,1.918484091758728,-0.721429169178009,-0.07319331169128418,0.0,0.0,0.0,-0.3984782744222506,70,255,255,255
3283,112.0733855819999,-9.174023628234863,-16.22545623779297,-15.0087890625,1.925713300704956,-0.7057393789291382,-0.06106691434979439,0.0,0.0,0.0,-0.394756406930324,70,255,255,255
3284,112.10565869599986,-9.120444297790527,-16.253765106201172,-15.008392333984375,1.9429512023925781,-0.6844609379768372,-0.05109765753149986,0.0,0.0,0.0,-0.3932623735587895,70,255,255,255
3285,112.14313842999991,-9.051328659057617,-16.287429809570312,-15.0079345703125,1.950040340423584,-0.6825298070907593,-0.03830714523792267,0.0,0.0,0.0,-0.3890333070372573,70,255,255,255
3286,112.17676933499979,-8.995298385620117,-16.314321517944336,-15.007186889648438,1.9452135562896729,-0.6994810104370117,-0.018067719414830208,0.0,0.0,0.0,-0.3842111545409645,70,255,255,255
3287,112.2081679099997,-8.9412202835083,-16.34112548828125,-15.006484985351562,1.9367352724075317,-0.6825568079948425,0.011809934861958027,0.0,0.0,0.0,-0.38212423493175113,70,255,255,255
3288,112.24618298899986,-8.888647079467773,-16.368059158325195,-15.006607055664062,1.9448171854019165,-0.6881293058395386,-0.008073974400758743,0.0,0.0,0.0,-0.378104326424331,70,255,255,255
3289,112.27950905099988,-8.83471965789795,-16.39433479309082,-15.007354736328125,1.957309365272522,-0.6803281903266907,-0.02545887604355812,0.0,0.0,0.0,-0.3738694675274279,70,255,255,255
3290,112.31238384699964,-8.779489517211914,-16.419771194458008,-15.008407592773438,1.972414255142212,-0.6614402532577515,-0.02942531742155552,0.0,0.0,0.0,-0.3718313170556766,70,255,255,255
3291,112.34855117699999,-8.711984634399414,-16.453943252563477,-15.008651733398438,1.9603384733200073,-0.6767569184303284,-0.015636960044503212,0.0,0.0,0.0,-0.3678124405231789,70,255,255,255
3292,112.38276986499977,-8.658160209655762,-16.481704711914062,-15.008514404296875,1.9773831367492676,-0.6525183916091919,-0.01858818717300892,0.0,0.0,0.0,-0.36325740308422105,70,255,255,255
3293,112.41453355499971,-8.60312271118164,-16.50821304321289,-15.007980346679688,1.9735808372497559,-0.6533265113830566,0.010034599341452122,0.0,0.0,0.0,-0.3615672611879159,70,255,255,255
3294,112.44971801099973,-8.547101974487305,-16.533761978149414,-15.006988525390625,1.9751712083816528,-0.6319741010665894,0.009135416708886623,0.0,0.0,0.0,-0.35726232786483003,70,255,255,255
3295,112.48325355099996,-8.492559432983398,-16.560104370117188,-15.005355834960938,2.0007503032684326,-0.6032944917678833,0.014384787529706955,0.0,0.0,0.0,-0.35291774673101567,70,255,255,255
3296,112.51533052399964,-8.436548233032227,-16.584911346435547,-15.00360107421875,2.0016028881073,-0.6097972989082336,0.011514740064740181,0.0,0.0,0.0,-0.35076930810062146,70,255,255,255
3297,112.5524367869998,-8.365198135375977,-16.615806579589844,-15.001785278320312,2.012758493423462,-0.6044403910636902,-0.0022928377147763968,0.0,0.0,0.0,-0.3469584577387726,70,255,255,255
3298,112.58644941800003,-8.308544158935547,-16.640789031982422,-15.000595092773438,2.0220730304718018,-0.6021308302879333,0.012752574868500233,0.0,0.0,0.0,-0.34271767330844405,70,255,255,255
3299,112.6167546659999,-8.25527286529541,-16.667829513549805,-14.998748779296875,2.029222249984741,-0.5929577350616455,0.023858560249209404,0.0,0.0,0.0,-0.34074586883734936,70,255,255,255
3300,112.65459151899995,-8.200669288635254,-16.693660736083984,-14.996917724609375,2.0329484939575195,-0.5767572522163391,0.01806008815765381,0.0,0.0,0.0,-0.3364372070887374,70,255,255,255
3301,112.68603853499962,-8.144879341125488,-16.71855926513672,-14.995880126953125,2.0346693992614746,-0.5737215876579285,-0.008763674646615982,0.0,0.0,0.0,-0.3320401949709621,70,255,255,255
3302,112.71854342400002,-8.090453147888184,-16.744253158569336,-14.995758056640625,2.0518176555633545,-0.566527783870697,-0.052634842693805695,0.0,0.0,0.0,-0.33004582020962897,70,255,255,255
3303,112.75562430899981,-8.024028778076172,-16.77736473083496,-14.996856689453125,2.0566165447235107,-0.5467701554298401,-0.05834497511386871,0.0,0.0,0.0,-0.3256920178805402,70,255,255,255
3304,112.78793870299978,-7.969681739807129,-16.803176879882812,-14.997756958007812,2.0464396476745605,-0.5775777101516724,-0.058043189346790314,0.0,0.0,0.0,-0.32174068577118964,70,255,255,255
3305,112.8210045869996,-7.914124011993408,-16.828458786010742,-14.998565673828125,2.0524957180023193,-0.5601008534431458,-0.04326024278998375,0.0,0.0,0.0,-0.31994468322155384,70,255,255,255
3306,112.86015594199989,-7.860036373138428,-16.854520797729492,-14.99896240234375,2.059788227081299,-0.5392771363258362,-0.03311503678560257,0.0,0.0,0.0,-0.31558408983168534,70,255,255,255
3307,112.89199216799989,-7.80526876449585,-16.879940032958984,-14.999496459960938,2.072421073913574,-0.5333744883537292,-0.05568496510386467,0.0,0.0,0.0,-0.31186768181999336,70,255,255,255
3308,112.92552081299982,-7.7492547035217285,-16.90460205078125,-15.000396728515625,2.0654923915863037,-0.5284631848335266,-0.04329301416873932,0.0,0.0,0.0,-0.30938115488921364,70,255,255,255
3309,112.96345691299985,-7.677950859069824,-16.933805465698242,-15.001083374023438,2.0613620281219482,-0.5180558562278748,-0.04351254180073738,0.0,0.0,0.0,-0.3051528873160085,70,255,255,255
3310,112.99605047199975,-7.621850490570068,-16.95970916748047,-15.004043579101562,2.067479372024536,-0.4918351471424103,-0.04122203588485718,0.0,0.0,0.0,-0.3010813134834408,70,255,255,255
3311,113.029506589,-7.5645012855529785,-16.983844757080078,-15.006423950195312,2.0651352405548096,-0.48445671796798706,-0.036562446504831314,0.0,0.0,0.0,-0.29885767384176554,70,255,255,255
3312,113.06481696699984,-7.506181716918945,-17.006895065307617,-15.009017944335938,2.076022148132324,-0.44639959931373596,-0.05957178398966789,0.0,0.0,0.0,-0.2948165932036793,70,255,255,255
3313,113.09703009199984,-7.447160720825195,-17.028608322143555,-15.012176513671875,2.081939935684204,-0.4211820065975189,-0.05895119905471802,0.0,0.0,0.0,-0.29048539445434257,70,255,255,255
3314,113.13365248199989,-7.389010906219482,-17.050992965698242,-15.014404296875,2.080530881881714,-0.39421015977859497,-0.018719594925642014,0.0,0.0,0.0,-0.2883050644698947,70,255,255,255
3315,113.16598397299958,-7.315308570861816,-17.077606201171875,-15.01519775390625,2.076659679412842,-0.40273869037628174,0.013829641044139862,0.0,0.0,0.0,-0.283726691081885,70,255,255,255
3316,113.19932767399996,-7.255518436431885,-17.097732543945312,-15.015533447265625,2.0779404640197754,-0.38745638728141785,0.017598513513803482,0.0,0.0,0.0,-0.27913843070832833,70,255,255,255
3317,113.23214248399972,-7.196178436279297,-17.1184139251709,-15.013992309570312,2.080446243286133,-0.3803097903728485,0.035414502024650574,0.0,0.0,0.0,-0.2771595022813177,70,255,255,255
3318,113.26769270899968,-7.1370768547058105,-17.140329360961914,-15.011611938476562,2.079350471496582,-0.4220929443836212,0.03266735374927521,0.0,0.0,0.0,-0.2733938590789729,70,255,255,255
3319,113.30027322999968,-7.07681941986084,-17.161697387695312,-15.010025024414062,2.0937960147857666,-0.4081413149833679,0.011745254509150982,0.0,0.0,0.0,-0.26924721739317864,70,255,255,255
3320,113.33369653399996,-7.015711784362793,-17.182165145874023,-15.00848388671875,2.0933685302734375,-0.41333910822868347,0.010531910695135593,0.0,0.0,0.0,-0.26704638106833717,70,255,255,255
3321,113.36992406599984,-6.940733432769775,-17.209789276123047,-15.008056640625,2.107160806655884,-0.3781990110874176,-0.0015824923757463694,0.0,0.0,0.0,-0.2622891264788582,70,255,255,255
3322,113.40279702499993,-6.881150722503662,-17.23244857788086,-15.008514404296875,2.103790760040283,-0.39589184522628784,-0.012846927158534527,0.0,0.0,0.0,-0.25746835549738084,70,255,255,255
3323,113.43529306799974,-6.820437431335449,-17.254112243652344,-15.00982666015625,2.1190972328186035,-0.36743366718292236,-0.04159785062074661,0.0,0.0,0.0,-0.25584887059374684,70,255,255,255
3324,113.47247755399985,-6.758883476257324,-17.274930953979492,-15.01153564453125,2.110135793685913,-0.3875395953655243,-0.052297696471214294,0.0,0.0,0.0,-0.2509991377354148,70,255,255,255
3325,113.50477839399991,-6.700956344604492,-17.29656410217285,-15.011764526367188,2.1159632205963135,-0.3786863386631012,-0.050801895558834076,0.0,0.0,0.0,-0.24658323381865677,70,255,255,255
3326,113.53769360299975,-6.641993999481201,-17.316993713378906,-15.01171875,2.1125967502593994,-0.34831422567367554,-0.02501087822020054,0.0,0.0,0.0,-0.2445479296003205,70,255,255,255
3327,113.579629028,-6.567133903503418,-17.339889526367188,-15.0113525390625,2.1075148582458496,-0.3217700123786926,-0.02861342765390873,0.0,0.0,0.0,-0.23927480406293639,70,255,255,255
3328,113.60790066399977,-6.507757186889648,-17.358020782470703,-15.01080322265625,2.1102821826934814,-0.30878695845603943,-0.04609327390789986,0.0,0.0,0.0,-0.23557034698663615,70,255,255,255
3329,113.64017784199996,-6.451173782348633,-17.377782821655273,-15.008636474609375,2.1092684268951416,-0.3133504092693329,-0.04261196404695511,0.0,0.0,0.0,-0.23354661087428494,70,255,255,255
3330,113.67712679799979,-6.393265724182129,-17.395977020263672,-15.007003784179688,2.110882520675659,-0.28577420115470886,-0.050592053681612015,0.0,0.0,0.0,-0.2296664184555531,70,255,255,255
3331,113.70958969200001,-6.334516525268555,-17.413318634033203,-15.005630493164062,2.1056926250457764,-0.2982439398765564,-0.04501001164317131,0.0,0.0,0.0,-0.22490828169396304,70,255,255,255
3332,113.7446650249999,-6.276028156280518,-17.432247161865234,-15.00396728515625,2.1078290939331055,-0.2693314850330353,-0.06071731448173523,0.0,0.0,0.0,-0.22223431815671219,70,255,255,255
3333,113.78062532799959,-6.203035354614258,-17.457202911376953,-15.0023193359375,2.110590696334839,-0.2784198224544525,-0.06747384369373322,0.0,0.0,0.0,-0.21713319953623353,70,255,255,255
3334,113.8143531339997,-6.143280982971191,-17.476032257080078,-15.001510620117188,2.114055871963501,-0.2655704617500305,-0.06169741600751877,0.0,0.0,0.0,-0.21266789398125446,70,255,255,255
3335,113.84613059499998,-6.082681179046631,-17.493213653564453,-15.00042724609375,2.112395763397217,-0.24480032920837402,-0.04324575141072273,0.0,0.0,0.0,-0.21040748607177928,70,255,255,255
3336,113.88270555399959,-6.023899555206299,-17.51150131225586,-15.002456665039062,2.104387044906616,-0.23782071471214294,-0.02436387725174427,0.0,0.0,0.0,-0.20589194664073862,70,255,255,255
3337,113.91556006799965,-5.964928150177002,-17.52968406677246,-15.005294799804688,2.106147050857544,-0.2460024058818817,-0.027638638392090797,0.0,0.0,0.0,-0.20210573051897296,70,255,255,255
3338,113.94772104799995,-5.904870510101318,-17.546377182006836,-15.007827758789062,2.113945722579956,-0.21258646249771118,-0.02598089911043644,0.0,0.0,0.0,-0.19998647014727197,70,255,255,255
3339,113.98413657899982,-5.828561782836914,-17.56523895263672,-15.010604858398438,2.109788179397583,-0.22260122001171112,-0.017635274678468704,0.0,0.0,0.0,-0.19566555785764567,70,255,255,255
3340,114.0166911209999,-5.768102169036865,-17.58330726623535,-15.007049560546875,2.1187901496887207,-0.22707785665988922,-0.022494249045848846,0.0,0.0,0.0,-0.19119287867539847,70,255,255,255
3341,114.04979504199991,-5.706805229187012,-17.600297927856445,-15.004318237304688,2.1125857830047607,-0.21451358497142792,-0.0470057874917984,0.0,0.0,0.0,-0.19002371766734005,70,255,255,255
3342,114.08648507499993,-5.644752025604248,-17.61552619934082,-15.002670288085938,2.122152805328369,-0.18968288600444794,-0.06817037612199783,0.0,0.0,0.0,-0.18653093196343068,70,255,255,255
3343,114.119422837,-5.581530570983887,-17.630102157592773,-15.001266479492188,2.1339690685272217,-0.1750149130821228,-0.09801170229911804,0.0,0.0,0.0,-0.18297093473151047,70,255,255,255
3344,114.15239028399992,-5.517070770263672,-17.643840789794922,-14.997634887695312,2.147031307220459,-0.12663505971431732,-0.08526694029569626,0.0,0.0,0.0,-0.18160786230658066,70,255,255,255
3345,114.18886007499987,-5.435227870941162,-17.658044815063477,-14.993499755859375,2.1584155559539795,-0.08405258506536484,-0.08435101807117462,0.0,0.0,0.0,-0.177206872091927,70,255,255,255
3346,114.22191959199972,-5.368651866912842,-17.66769790649414,-14.990936279296875,2.167937755584717,-0.09209848195314407,-0.08512559533119202,0.0,0.0,0.0,-0.1725765004836335,70,255,255,255
3347,114.25410286899978,-5.303530693054199,-17.678674697875977,-14.986541748046875,2.156700849533081,-0.06064412742853165,-0.06251013278961182,0.0,0.0,0.0,-0.1707695123945011,70,255,255,255
3348,114.29092962999994,-5.2397050857543945,-17.69059181213379,-14.981033325195312,2.1614532470703125,-0.0532720610499382,-0.09488393366336823,0.0,0.0,0.0,-0.16608133354579604,70,255,255,255
3349,114.32483106399968,-5.175191879272461,-17.701671600341797,-14.977096557617188,2.1612186431884766,-0.06838358938694,-0.10989781469106674,0.0,0.0,0.0,-0.16234588393231003,70,255,255,255
3350,114.35628799699998,-5.110098361968994,-17.711824417114258,-14.973770141601562,2.1525392532348633,-0.06004217267036438,-0.08753801137208939,0.0,0.0,0.0,-0.1603742459087835,70,255,255,255
3351,114.39621479299967,-5.03041934967041,-17.724458694458008,-14.968551635742188,2.1682894229888916,-0.005857848096638918,-0.10006703436374664,0.0,0.0,0.0,-0.1565112308790827,70,255,255,255
3352,114.42915977899975,-4.966645240783691,-17.733144760131836,-14.965042114257812,2.171114683151245,0.0015664194943383336,-0.10389259457588196,0.0,0.0,0.0,-0.1520805797077883,70,255,255,255
3353,114.45926493699972,-4.902389049530029,-17.741472244262695,-14.961807250976562,2.1593806743621826,-0.024606037884950638,-0.0998293086886406,0.0,0.0,0.0,-0.1497735664792367,70,255,255,255
3354,114.49665363599979,-4.837482452392578,-17.749374389648438,-14.958908081054688,2.1634867191314697,-0.038232751190662384,-0.08613607287406921,0.0,0.0,0.0,-0.1452693787723425,70,255,255,255
3355,114.53226053199978,-4.775224685668945,-17.76163673400879,-14.955032348632812,2.159590482711792,-0.06471368670463562,-0.08224917948246002,0.0,0.0,0.0,-0.14138926957739475,70,255,255,255
3356,114.56234579199963,-4.712188720703125,-17.773895263671875,-14.951675415039062,2.160914182662964,-0.09150273352861404,-0.08801919966936111,0.0,0.0,0.0,-0.13966653724724976,70,255,255,255
3357,114.598452318,-4.632172107696533,-17.788373947143555,-14.949172973632812,2.1670634746551514,-0.09496036171913147,-0.12413617968559265,0.0,0.0,0.0,-0.1353733800896091,70,255,255,255
3358,114.63027509799986,-4.567580223083496,-17.79975700378418,-14.9481201171875,2.171734094619751,-0.08562403917312622,-0.14877870678901672,0.0,0.0,0.0,-0.13124749441556066,70,255,255,255
3359,114.66272066599959,-4.503275394439697,-17.81399917602539,-14.94586181640625,2.1773111820220947,-0.08578187227249146,-0.15428893268108368,0.0,0.0,0.0,-0.12908117099397093,70,255,255,255
3360,114.70129051200001,-4.438043594360352,-17.826805114746094,-14.944671630859375,2.177222967147827,-0.09053178131580353,-0.15179526805877686,0.0,0.0,0.0,-0.12456451636422379,70,255,255,255
3361,114.73332327199978,-4.372349262237549,-17.83941650390625,-14.944091796875,2.1695902347564697,-0.1372750699520111,-0.14945724606513977,0.0,0.0,0.0,-0.12015199965547715,70,255,255,255
3362,114.76523090599994,-4.306411266326904,-17.853116989135742,-14.942581176757812,2.165581464767456,-0.10735950618982315,-0.12171251326799393,0.0,0.0,0.0,-0.11778970086717121,70,255,255,255
3363,114.80173685799991,-4.223837852478027,-17.87088966369629,-14.939697265625,2.155029773712158,-0.13551537692546844,-0.0970357283949852,0.0,0.0,0.0,-0.1129749053533897,70,255,255,255
3364,114.83462468499965,-4.157611846923828,-17.88491439819336,-14.937591552734375,2.1455681324005127,-0.17318403720855713,-0.09604331851005554,0.0,0.0,0.0,-0.1080736569727215,70,255,255,255
3365,114.86718960099961,-4.091221332550049,-17.898468017578125,-14.935501098632812,2.1425676345825195,-0.16867204010486603,-0.08142486214637756,0.0,0.0,0.0,-0.10564239895693932,70,255,255,255
3366,114.90383278699983,-4.026383876800537,-17.914133071899414,-14.932952880859375,2.1433041095733643,-0.14762139320373535,-0.09492301195859909,0.0,0.0,0.0,-0.10077088643431753,70,255,255,255
3367,114.93676548199983,-3.961466073989868,-17.92878532409668,-14.93096923828125,2.1469550132751465,-0.12963126599788666,-0.08820785582065582,0.0,0.0,0.0,-0.0963190464876002,70,255,255,255
3368,114.96944170300003,-3.8959484100341797,-17.94243812561035,-14.928802490234375,2.1468660831451416,-0.121612049639225,-0.06705520302057266,0.0,0.0,0.0,-0.09374397777295373,70,255,255,255
3369,115.00628613499975,-3.813624858856201,-17.957414627075195,-14.926406860351562,2.140030860900879,-0.09819509088993073,-0.06497598439455032,0.0,0.0,0.0,-0.08884576706040391,70,255,255,255
3370,115.03898752199984,-3.7476344108581543,-17.971261978149414,-14.926010131835938,2.1448748111724854,-0.07113710045814514,-0.07598846405744553,0.0,0.0,0.0,-0.08433007782655193,70,255,255,255
3371,115.07177915800003,-3.6809375286102295,-17.98263931274414,-14.925796508789062,2.150754451751709,-0.033905062824487686,-0.06919345259666443,0.0,0.0,0.0,-0.08182668975712062,70,255,255,255
3372,115.10903940799972,-3.6137406826019287,-17.992231369018555,-14.925796508789062,2.1519274711608887,-0.01792559027671814,-0.08663821220397949,0.0,0.0,0.0,-0.07652277141963244,70,255,255,255
3373,115.1417118469999,-3.546665668487549,-18.00140380859375,-14.92608642578125,2.159602642059326,-0.01192571222782135,-0.11220394819974899,0.0,0.0,0.0,-0.07197530734502446,70,255,255,255
3374,115.17386171599992,-3.4806437492370605,-18.011682510375977,-14.924346923828125,2.1575000286102295,-0.0008092313073575497,-0.09803976863622665,0.0,0.0,0.0,-0.06983228658297291,70,255,255,255
3375,115.21257111999967,-3.3975141048431396,-18.022396087646484,-14.922866821289062,2.1600632667541504,0.030163314193487167,-0.09948863834142685,0.0,0.0,0.0,-0.06507495293089906,70,255,255,255
3376,115.24518400599982,-3.330563545227051,-18.029191970825195,-14.922042846679688,2.159187078475952,0.033894382417201996,-0.09366458654403687,0.0,0.0,0.0,-0.060276323637172176,70,255,255,255
3377,115.28151063099995,-3.2630698680877686,-18.037738800048828,-14.919464111328125,2.1527605056762695,0.04970913380384445,-0.08456914871931076,0.0,0.0,0.0,-0.057939537099871354,70,255,255,255
3378,115.31399944199984,-3.195225954055786,-18.048521041870117,-14.915573120117188,2.1512081623077393,0.03412501886487007,-0.07555919140577316,0.0,0.0,0.0,-0.05317222491608812,70,255,255,255
3379,115.34688940399974,-3.1277337074279785,-18.058382034301758,-14.911819458007812,2.131162405014038,0.011057641357183456,-0.06291019916534424,0.0,0.0,0.0,-0.048581646760145265,70,255,255,255
3380,115.38006868999992,-3.0605151653289795,-18.067752838134766,-14.907989501953125,2.1131746768951416,0.007335502654314041,-0.02798781543970108,0.0,0.0,0.0,-0.04674054524192465,70,255,255,255
3381,115.41510567299974,-2.9785611629486084,-18.081518173217773,-14.901641845703125,2.1152126789093018,-0.010480545461177826,-0.04041697084903717,0.0,0.0,0.0,-0.04276741266233826,70,255,255,255
3382,115.4484984439996,-2.913645029067993,-18.092784881591797,-14.897064208984375,2.1101794242858887,-0.012784923426806927,-0.054962772876024246,0.0,0.0,0.0,-0.03931313044212656,70,255,255,255
3383,115.48151790699967,-2.8484325408935547,-18.103408813476562,-14.893264770507812,2.1066131591796875,-0.041216909885406494,-0.07415126264095306,0.0,0.0,0.0,-0.03718264734314441,70,255,255,255
3384,115.51777182199976,-2.7829625606536865,-18.114259719848633,-14.890655517578125,2.095979928970337,-0.09678071737289429,-0.07385244965553284,0.0,0.0,0.0,-0.033472863944664026,70,255,255,255
3385,115.55016583499992,-2.7188212871551514,-18.12974739074707,-14.884750366210938,2.0938680171966553,-0.07537378370761871,-0.08360246568918228,0.0,0.0,0.0,-0.03001056727404687,70,255,255,255
3386,115.58256128699986,-2.654371976852417,-18.144380569458008,-14.87982177734375,2.0873196125030518,-0.1315535008907318,-0.10305224359035492,0.0,0.0,0.0,-0.02755876754776285,70,255,255,255
3387,115.61977804199978,-2.573636054992676,-18.162002563476562,-14.874542236328125,2.0790843963623047,-0.12926816940307617,-0.07257023453712463,0.0,0.0,0.0,-0.023504267074496137,70,255,255,255
3388,115.65176957799986,-2.5095088481903076,-18.175168991088867,-14.8704833984375,2.0707602500915527,-0.13260704278945923,-0.09726428985595703,0.0,0.0,0.0,-0.019697636158499347,70,255,255,255
3389,115.68424795499959,-2.4465672969818115,-18.18872833251953,-14.866226196289062,2.0714149475097656,-0.13292549550533295,-0.11738913506269455,0.0,0.0,0.0,-0.017740110808155626,70,255,255,255
3390,115.72200822899958,-2.383232355117798,-18.20146942138672,-14.863204956054688,2.068575620651245,-0.15503768622875214,-0.11542467772960663,0.0,0.0,0.0,-0.013357320594779704,70,255,255,255
3391,115.7552834789999,-2.31960129737854,-18.214473724365234,-14.861114501953125,2.062514305114746,-0.18399667739868164,-0.13460440933704376,0.0,0.0,0.0,-0.009672126703598623,70,255,255,255
3392,115.78693906499984,-2.2572176456451416,-18.22814178466797,-14.85986328125,2.059647798538208,-0.1668076366186142,-0.1404554843902588,0.0,0.0,0.0,-0.0077803647874230475,70,255,255,255
3393,115.83012567699961,-2.180284023284912,-18.2458553314209,-14.85986328125,2.0669047832489014,-0.1779593825340271,-0.1822347491979599,0.0,0.0,0.0,-0.004002770649686526,70,255,255,255
3394,115.85633678099975,-2.118197202682495,-18.259124755859375,-14.860733032226562,2.049549102783203,-0.1670019030570984,-0.14196251332759857,0.0,0.0,0.0,-0.0011198732823918807,70,255,255,255
3395,115.88888798499966,-2.0560760498046875,-18.27110481262207,-14.8607177734375,2.0347650051116943,-0.174949511885643,-0.12176472693681717,0.0,0.0,0.0,0.0010850035571659563,70,255,255,255
3396,115.92835531899982,-1.9951986074447632,-18.282304763793945,-14.859725952148438,2.027541160583496,-0.14876484870910645,-0.12591910362243652,0.0,0.0,0.0,0.004460779741571862,70,255,255,255
3397,115.95893793799996,-1.9346544742584229,-18.292316436767578,-14.859298706054688,2.018764019012451,-0.12855330109596252,-0.14567352831363678,0.0,0.0,0.0,0.008754473172471073,70,255,255,255
3398,115.9919885739996,-1.8737746477127075,-18.301244735717773,-14.85888671875,2.018580913543701,-0.13095295429229736,-0.12879535555839539,0.0,0.0,0.0,0.010881788566172255,70,255,255,255
3399,116.03014170799997,-1.796994686126709,-18.311138153076172,-14.859176635742188,2.008068323135376,-0.11341205984354019,-0.12251142412424088,0.0,0.0,0.0,0.014926299064459268,70,255,255,255
3400,116.0635673429997,-1.74077308177948,-18.320432662963867,-14.85833740234375,1.989837408065796,-0.0948859378695488,-0.10473785549402237,0.0,0.0,0.0,0.018713442091119945,70,255,255,255
3401,116.09601743199983,-1.6839540004730225,-18.328588485717773,-14.857452392578125,1.986792802810669,-0.07908369600772858,-0.10726045072078705,0.0,0.0,0.0,0.02115501361434238,70,255,255,255
3402,116.13376646799998,-1.6265805959701538,-18.33514976501465,-14.85748291015625,1.9827197790145874,-0.05312686413526535,-0.12045397609472275,0.0,0.0,0.0,0.025362758202397136,70,255,255,255
3403,116.1657951039997,-1.5688058137893677,-18.341611862182617,-14.857574462890625,1.9857056140899658,-0.088133804500103,-0.15715543925762177,0.0,0.0,0.0,0.02899130270406249,70,255,255,255
3404,116.19690408899987,-1.5111801624298096,-18.34855079650879,-14.85589599609375,1.9770437479019165,-0.08819258213043213,-0.1694781333208084,0.0,0.0,0.0,0.031048819350365676,70,255,255,255
3405,116.23306136199972,-1.4382190704345703,-18.35639762878418,-14.854949951171875,1.9822241067886353,-0.09009678661823273,-0.18330228328704834,0.0,0.0,0.0,0.035121751811208184,70,255,255,255
3406,116.26594830199974,-1.3794962167739868,-18.36210060119629,-14.855255126953125,1.968078374862671,-0.08015559613704681,-0.19013646245002747,0.0,0.0,0.0,0.039583478743472435,70,255,255,255
3407,116.29895629199973,-1.3213253021240234,-18.367366790771484,-14.855300903320312,1.97262442111969,-0.06629423797130585,-0.1868840456008911,0.0,0.0,0.0,0.0413906873756326,70,255,255,255
3408,116.33559025499972,-1.2636560201644897,-18.371421813964844,-14.85491943359375,1.9697853326797485,-0.033136654645204544,-0.17820309102535248,0.0,0.0,0.0,0.04536608364214555,70,255,255,255
3409,116.3686675619997,-1.2055002450942993,-18.375228881835938,-14.854904174804688,1.9742755889892578,-0.05420669913291931,-0.17731018364429474,0.0,0.0,0.0,0.04979398426737659,70,255,255,255
3410,116.40144853799984,-1.1461900472640991,-18.378860473632812,-14.855758666992188,1.9947923421859741,-0.05519482120871544,-0.18213501572608948,0.0,0.0,0.0,0.05212719218196262,70,255,255,255
3411,116.43816223399972,-1.0734878778457642,-18.384675979614258,-14.85321044921875,1.9960089921951294,-0.04424843192100525,-0.17145951092243195,0.0,0.0,0.0,0.05646534011726879,70,255,255,255
3412,116.47148824599981,-1.0159988403320312,-18.38992691040039,-14.850234985351562,1.9970595836639404,-0.059530846774578094,-0.1834082454442978,0.0,0.0,0.0,0.061465957696110574,70,255,255,255
3413,116.50380877399994,-0.9579951763153076,-18.39461898803711,-14.847793579101562,1.9988986253738403,-0.05675650015473366,-0.17555676400661469,0.0,0.0,0.0,0.0635958956793071,70,255,255,255
3414,116.54109439799959,-0.8992011547088623,-18.398927688598633,-14.846389770507812,1.9998536109924316,-0.06904712319374084,-0.18727731704711914,0.0,0.0,0.0,0.06767565457103754,70,255,255,255
3415,116.57504234999988,-0.8417099118232727,-18.403934478759766,-14.842605590820312,2.0055088996887207,-0.10513371974229813,-0.18695202469825745,0.0,0.0,0.0,0.07221395154583077,70,255,255,255
3416,116.60599777599964,-0.7834373116493225,-18.408893585205078,-14.839813232421875,2.0079948902130127,-0.07989979535341263,-0.19434446096420288,0.0,0.0,0.0,0.07511181202935165,70,255,255,255
3417,116.64294481199977,-0.7093132138252258,-18.412975311279297,-14.8372802734375,2.0127899646759033,-0.04210883006453514,-0.16336093842983246,0.0,0.0,0.0,0.0792875237829198,70,255,255,255
3418,116.67660455899977,-0.6497122645378113,-18.415096282958984,-14.835601806640625,2.0283548831939697,-0.0033793447073549032,-0.188944011926651,0.0,0.0,0.0,0.08248231008322769,70,255,255,255
3419,116.70874453399983,-0.5908995866775513,-18.416322708129883,-14.834487915039062,2.0335164070129395,0.02725560963153839,-0.20454370975494385,0.0,0.0,0.0,0.08439135549875897,70,255,255,255
3420,116.74609141999963,-0.5161675810813904,-18.41637420654297,-14.834304809570312,2.04191255569458,0.05549628660082817,-0.19727139174938202,0.0,0.0,0.0,0.08915314578446949,70,255,255,255
3421,116.7801604049996,-0.4710526466369629,-18.415130615234375,-14.834243774414062,2.0329482555389404,0.10469995439052582,-0.17063945531845093,0.0,0.0,0.0,0.09402848660115827,70,255,255,255
3422,116.81191299699958,-0.39777109026908875,-18.410200119018555,-14.831390380859375,2.0370125770568848,0.10719393193721771,-0.17679239809513092,0.0,0.0,0.0,0.09655764075413607,70,255,255,255
3423,116.84782006399973,-0.339286208152771,-18.4054012298584,-14.828903198242188,2.0461337566375732,0.15604476630687714,-0.1840285360813141,0.0,0.0,0.0,0.1006485308269852,70,255,255,255
3424,116.88113722299977,-0.28001293540000916,-18.399660110473633,-14.827011108398438,2.049654960632324,0.1592964231967926,-0.17044299840927124,0.0,0.0,0.0,0.10565043837448,70,255,255,255
3425,116.913326461,-0.21980078518390656,-18.393041610717773,-14.825592041015625,2.052204132080078,0.21489043533802032,-0.17705906927585602,0.0,0.0,0.0,0.10723988781444495,70,255,255,255
3426,116.95075533099998,-0.16049957275390625,-18.384965896606445,-14.823623657226562,2.0523242950439453,0.19032934308052063,-0.15712709724903107,0.0,0.0,0.0,0.11176225991815734,70,255,255,255
3427,116.98271390499986,-0.10105711221694946,-18.37635612487793,-14.821868896484375,2.051208257675171,0.23417021334171295,-0.16936536133289337,0.0,0.0,0.0,0.1161801861728682,70,255,255,255
3428,117.01531739199982,-0.04109906777739525,-18.366384506225586,-14.821029663085938,2.047610282897949,0.260579377412796,-0.1890517622232437,0.0,0.0,0.0,0.11876867056150593,70,255,255,255
3429,117.05202230499981,0.034693922847509384,-18.35260009765625,-14.821578979492188,2.0408570766448975,0.2896658480167389,-0.18448510766029358,0.0,0.0,0.0,0.12331778246703841,70,255,255,255
3430,117.08489241199959,0.09409165382385254,-18.339996337890625,-14.820938110351562,2.0344510078430176,0.30468863248825073,-0.1752728521823883,0.0,0.0,0.0,0.1274529309482533,70,255,255,255
3431,117.11755409699981,0.15407361090183258,-18.327577590942383,-14.82037353515625,2.0330610275268555,0.28601911664009094,-0.16465666890144348,0.0,0.0,0.0,0.12971585221600723,70,255,255,255
3432,117.15437049299999,0.2144438773393631,-18.31540298461914,-14.82025146484375,2.0311427116394043,0.29204991459846497,-0.15345309674739838,0.0,0.0,0.0,0.1344602820203618,70,255,255,255
3433,117.18701074499995,0.27504855394363403,-18.30360984802246,-14.819366455078125,2.0383222103118896,0.2740534543991089,-0.13785219192504883,0.0,0.0,0.0,0.13887775886663872,70,255,255,255
3434,117.21982501499997,0.3346915543079376,-18.291645050048828,-14.81597900390625,2.035881519317627,0.27461013197898865,-0.12043914198875427,0.0,0.0,0.0,0.14102065479301415,70,255,255,255
3435,117.25660159499967,0.4101170003414154,-18.276142120361328,-14.8125,2.038811206817627,0.2927580177783966,-0.11540216952562332,0.0,0.0,0.0,0.14554726298733547,70,255,255,255
3436,117.28942795099965,0.4711761474609375,-18.2635555267334,-14.81036376953125,2.042665481567383,0.3057467043399811,-0.11400534957647324,0.0,0.0,0.0,0.14995219800935378,70,255,255,255
3437,117.32230559599975,0.5308202505111694,-18.249980926513672,-14.806777954101562,2.0517518520355225,0.30153918266296387,-0.12169055640697479,0.0,0.0,0.0,0.15245526982840563,70,255,255,255
3438,117.36157694099984,0.5890973806381226,-18.23509407043457,-14.802947998046875,2.0495662689208984,0.3393745422363281,-0.12762749195098877,0.0,0.0,0.0,0.1570387032224865,70,255,255,255
3439,117.39267460999963,0.648045003414154,-18.21944236755371,-14.799591064453125,2.0435616970062256,0.3622344136238098,-0.10606011003255844,0.0,0.0,0.0,0.16167874543448837,70,255,255,255
3440,117.42808714499961,0.7227432727813721,-18.199310302734375,-14.795272827148438,2.052208185195923,0.38005784153938293,-0.11760595440864563,0.0,0.0,0.0,0.1636333392270384,70,255,255,255
3441,117.46237537399975,0.7813519239425659,-18.182666778564453,-14.792037963867188,2.049947500228882,0.39693310856819153,-0.13807056844234467,0.0,0.0,0.0,0.1682252614470939,70,255,255,255
3442,117.49617121799974,0.8400925397872925,-18.165475845336914,-14.78936767578125,2.0610406398773193,0.41995805501937866,-0.14660145342350006,0.0,0.0,0.0,0.17321424434092342,70,255,255,255
3443,117.529672699,0.8997378349304199,-18.148447036743164,-14.78778076171875,2.0635623931884766,0.40474897623062134,-0.18111726641654968,0.0,0.0,0.0,0.17509663317841867,70,255,255,255
3444,117.56366815499996,0.9602770209312439,-18.131423950195312,-14.787811279296875,2.0733015537261963,0.4124129116535187,-0.19285857677459717,0.0,0.0,0.0,0.17961362070330206,70,255,255,255
3445,117.59775938299981,1.0197746753692627,-18.116445541381836,-14.782028198242188,2.0683562755584717,0.4053996205329895,-0.1637556403875351,0.0,0.0,0.0,0.18392499554727454,70,255,255,255
3446,117.62820498599967,1.0799366235733032,-18.10205078125,-14.7767333984375,2.0634543895721436,0.3840031325817108,-0.14572802186012268,0.0,0.0,0.0,0.18599791691600814,70,255,255,255
3447,117.66477503899978,1.1561334133148193,-18.085159301757812,-14.77130126953125,2.0744924545288086,0.3632012903690338,-0.1700812429189682,0.0,0.0,0.0,0.19029990411713807,70,255,255,255
3448,117.69925544099988,1.218584418296814,-18.07343101501465,-14.767471313476562,2.086954116821289,0.32967573404312134,-0.14744001626968384,0.0,0.0,0.0,0.1950265989331084,70,255,255,255
3449,117.7314383869998,1.2832050323486328,-18.066207885742188,-14.761383056640625,2.102788209915161,0.2978537678718567,-0.1729910671710968,0.0,0.0,0.0,0.19685951955335543,70,255,255,255
3450,117.76679378499966,1.3481913805007935,-18.058530807495117,-14.756744384765625,2.102592706680298,0.307106614112854,-0.15386059880256653,0.0,0.0,0.0,0.2007278609052364,70,255,255,255
3451,117.79979263299992,1.4134668111801147,-18.050859451293945,-14.752761840820312,2.1031906604766846,0.29879385232925415,-0.14800657331943512,0.0,0.0,0.0,0.2049480724161441,70,255,255,255
3452,117.83316949399978,1.4781649112701416,-18.043052673339844,-14.747482299804688,2.1044933795928955,0.31915226578712463,-0.1614876538515091,0.0,0.0,0.0,0.20691182082494128,70,255,255,255
3453,117.86928248799995,1.5585899353027344,-18.033226013183594,-14.739944458007812,2.11545729637146,0.29875898361206055,-0.18009944260120392,0.0,0.0,0.0,0.21141346188404309,70,255,255,255
3454,117.902750062,1.623863697052002,-18.02541160583496,-14.736312866210938,2.123654365539551,0.3092641532421112,-0.1954514980316162,0.0,0.0,0.0,0.21568780214410666,70,255,255,255
3455,117.93576171799987,1.690138339996338,-18.017427444458008,-14.734085083007812,2.1438801288604736,0.30192455649375916,-0.23146459460258484,0.0,0.0,0.0,0.2174715874422417,70,255,255,255
3456,117.97446442899991,1.7549115419387817,-18.00880241394043,-14.730865478515625,2.1428606510162354,0.3164140582084656,-0.2673223614692688,0.0,0.0,0.0,0.2221603488574352,70,255,255,255
3457,118.0052980749997,1.8192975521087646,-17.999217987060547,-14.728347778320312,2.139475107192993,0.3393944203853607,-0.27164897322654724,0.0,0.0,0.0,0.22581375646458998,70,255,255,255
3458,118.03788778699982,1.884158968925476,-17.989255905151367,-14.726638793945312,2.143847942352295,0.32449981570243835,-0.2624448537826538,0.0,0.0,0.0,0.22769657806576238,70,255,255,255
3459,118.08005926499982,1.9660977125167847,-17.97710418701172,-14.7254638671875,2.145223379135132,0.3254966139793396,-0.2541539967060089,0.0,0.0,0.0,0.23137946353723296,70,255,255,255
3460,118.1078248949998,2.031454086303711,-17.966642379760742,-14.723556518554688,2.147543430328369,0.3182319402694702,-0.2497808188199997,0.0,0.0,0.0,0.2355451634695781,70,255,255,255
3461,118.14111501399975,2.0973329544067383,-17.9564151763916,-14.7222900390625,2.151853084564209,0.32154303789138794,-0.24914635717868805,0.0,0.0,0.0,0.2380025787206919,70,255,255,255
3462,118.18257183899959,2.1802408695220947,-17.942951202392578,-14.721847534179688,2.1536879539489746,0.3268028497695923,-0.24143026769161224,0.0,0.0,0.0,0.24177081850509952,70,255,255,255
3463,118.21345851199976,2.230879545211792,-17.934892654418945,-14.721206665039062,2.1614928245544434,0.31597787141799927,-0.2640722393989563,0.0,0.0,0.0,0.24597009091193645,70,255,255,255
3464,118.2451097029998,2.300039768218994,-17.92410659790039,-14.717864990234375,2.1688294410705566,0.3134828209877014,-0.25487518310546875,0.0,0.0,0.0,0.24826408794066027,70,255,255,255
3465,118.2814359629997,2.387104034423828,-17.910856246948242,-14.715499877929688,2.1772608757019043,0.31128889322280884,-0.25414207577705383,0.0,0.0,0.0,0.2526489327412053,70,255,255,255
3466,118.31378044199982,2.4569242000579834,-17.900039672851562,-14.714645385742188,2.174234628677368,0.3148826062679291,-0.2524682581424713,0.0,0.0,0.0,0.2570621901416301,70,255,255,255
3467,118.34719229799975,2.5247602462768555,-17.88805389404297,-14.714645385742188,2.175497531890869,0.31409144401550293,-0.2700834274291992,0.0,0.0,0.0,0.25926850259146306,70,255,255,255
3468,118.38213058699966,2.590766191482544,-17.87470054626465,-14.715469360351562,2.1676669120788574,0.33003875613212585,-0.27073338627815247,0.0,0.0,0.0,0.2635809593446284,70,255,255,255
3469,118.41549207699973,2.6573681831359863,-17.861696243286133,-14.717758178710938,2.1808393001556396,0.30943048000335693,-0.29625770449638367,0.0,0.0,0.0,0.267175810697315,70,255,255,255
3470,118.44825360999994,2.7245118618011475,-17.8494930267334,-14.7210693359375,2.1846513748168945,0.2793746888637543,-0.30503490567207336,0.0,0.0,0.0,0.26911657269695344,70,255,255,255
3471,118.48411165199968,2.8080968856811523,-17.83349609375,-14.72467041015625,2.1554114818573,0.3044437766075134,-0.30004414916038513,0.0,0.0,0.0,0.2734105371252995,70,255,255,255
3472,118.51683685299986,2.8747880458831787,-17.819791793823242,-14.727493286132812,2.1641056537628174,0.3102383613586426,-0.28708159923553467,0.0,0.0,0.0,0.2779565863955784,70,255,255,255
3473,118.54990453399978,2.9420230388641357,-17.806461334228516,-14.730331420898438,2.166041374206543,0.30402466654777527,-0.27676820755004883,0.0,0.0,0.0,0.280214913710452,70,255,255,255
3474,118.58669969799985,3.0094316005706787,-17.79368782043457,-14.733627319335938,2.1586427688598633,0.2910091280937195,-0.2780052423477173,0.0,0.0,0.0,0.284703538569726,70,255,255,255
3475,118.61940038499961,3.074716806411743,-17.779226303100586,-14.738143920898438,2.176492929458618,0.28053519129753113,-0.2983293831348419,0.0,0.0,0.0,0.28984713460959144,70,255,255,255
3476,118.65168462899965,3.1402666568756104,-17.764272689819336,-14.742767333984375,2.1597325801849365,0.3230908215045929,-0.2842123806476593,0.0,0.0,0.0,0.29213126129752515,70,255,255,255
3477,118.68940290599994,3.222353935241699,-17.74471664428711,-14.748611450195312,2.153958559036255,0.35523855686187744,-0.27160489559173584,0.0,0.0,0.0,0.2962083944788683,70,255,255,255
3478,118.72159266599965,3.288703680038452,-17.728425979614258,-14.753387451171875,2.162686347961426,0.35520288348197937,-0.2842673361301422,0.0,0.0,0.0,0.30032783863203016,70,255,255,255
3479,118.75369434100003,3.3565053939819336,-17.711118698120117,-14.756240844726562,2.161661148071289,0.3848983645439148,-0.26437777280807495,0.0,0.0,0.0,0.30275171469816575,70,255,255,255
3480,118.7910981519999,3.4242024421691895,-17.693634033203125,-14.759262084960938,2.1581223011016846,0.3756200671195984,-0.25226113200187683,0.0,0.0,0.0,0.30632797385749233,70,255,255,255
3481,118.82476779599983,3.5089128017425537,-17.672285079956055,-14.764129638671875,2.1479270458221436,0.39568403363227844,-0.2753696143627167,0.0,0.0,0.0,0.3103199857524938,70,255,255,255
3482,118.85600085599981,3.5592455863952637,-17.659048080444336,-14.764801025390625,2.1372547149658203,0.4033277630805969,-0.24342481791973114,0.0,0.0,0.0,0.31227544507239813,70,255,255,255
3483,118.8952309639999,3.642426013946533,-17.636621475219727,-14.763961791992188,2.11873722076416,0.4191451072692871,-0.19965244829654694,0.0,0.0,0.0,0.31671470158296483,70,255,255,255
3484,118.93128965599999,3.708786964416504,-17.618558883666992,-14.763214111328125,2.1169872283935547,0.41530168056488037,-0.18575072288513184,0.0,0.0,0.0,0.32090788200880827,70,255,255,255
3485,118.96075589299971,3.77541446685791,-17.601566314697266,-14.763031005859375,2.116379976272583,0.3984495997428894,-0.20244918763637543,0.0,0.0,0.0,0.32341604712344485,70,255,255,255
3486,119.00154322799972,3.8413798809051514,-17.583024978637695,-14.762374877929688,2.105715274810791,0.40889787673950195,-0.21271856129169464,0.0,0.0,0.0,0.3277236768971344,70,255,255,255
3487,119.03649930499978,3.906635046005249,-17.56344985961914,-14.76129150390625,2.091055154800415,0.43393853306770325,-0.182399719953537,0.0,0.0,0.0,0.3317004089053816,70,255,255,255
3488,119.06822728799989,3.9888410568237305,-17.539527893066406,-14.760574340820312,2.090224266052246,0.43114712834358215,-0.17792527377605438,0.0,0.0,0.0,0.3338625295258761,70,255,255,255
3489,119.10222063099991,4.054572582244873,-17.52062225341797,-14.76031494140625,2.0798521041870117,0.4445672035217285,-0.16727344691753387,0.0,0.0,0.0,0.33755197303153095,70,255,255,255
3490,119.13787027099988,4.119664669036865,-17.497865676879883,-14.755477905273438,2.0727529525756836,0.4611254632472992,-0.15027377009391785,0.0,0.0,0.0,0.34206050501995333,70,255,255,255
3491,119.16855119999991,4.184840679168701,-17.47568130493164,-14.751205444335938,2.0658676624298096,0.4566201865673065,-0.15367455780506134,0.0,0.0,0.0,0.34461088123786776,70,255,255,255
3492,119.2143858749996,4.24951696395874,-17.453397750854492,-14.747848510742188,2.041625738143921,0.4901549220085144,-0.1488751471042633,0.0,0.0,0.0,0.34945360665358144,70,255,255,255
3493,119.23758588299961,4.329975128173828,-17.42543601989746,-14.744277954101562,2.027836322784424,0.48313936591148376,-0.12376587837934494,0.0,0.0,0.0,0.35163333742678404,70,255,255,255
3494,119.27187251999976,4.378302097320557,-17.408899307250977,-14.742202758789062,2.0251336097717285,0.48095154762268066,-0.13247856497764587,0.0,0.0,0.0,0.3555817067694219,70,255,255,255
3495,119.30875051199973,4.4585418701171875,-17.382034301757812,-14.739913940429688,2.0153112411499023,0.46404367685317993,-0.14174571633338928,0.0,0.0,0.0,0.35919817966120865,70,255,255,255
3496,119.34043900400002,4.522777557373047,-17.361806869506836,-14.73944091796875,2.0028762817382812,0.45160168409347534,-0.16802985966205597,0.0,0.0,0.0,0.3613732499025036,70,255,255,255
3497,119.37445934399966,4.585572719573975,-17.339887619018555,-14.738876342773438,1.9828319549560547,0.4337380528450012,-0.17794169485569,0.0,0.0,0.0,0.3648886225414082,70,255,255,255
3498,119.41574009799979,4.646881103515625,-17.316402435302734,-14.738693237304688,1.9607350826263428,0.4257153868675232,-0.20351940393447876,0.0,0.0,0.0,0.3684635834097033,70,255,255,255
3499,119.44936340100003,4.708002090454102,-17.293949127197266,-14.73974609375,1.95345139503479,0.4176121950149536,-0.20466391742229462,0.0,0.0,0.0,0.3733840065502201,70,255,255,255
3500,119.47602484599975,4.769166469573975,-17.27284049987793,-14.741424560546875,1.9458637237548828,0.391032874584198,-0.2090936154127121,0.0,0.0,0.0,0.37485024317787685,70,255,255,255
3501,119.51710926199985,4.8437724113464355,-17.245712280273438,-14.740203857421875,1.9100468158721924,0.39446449279785156,-0.16945916414260864,0.0,0.0,0.0,0.37880094278646853,70,255,255,255
3502,119.55395176299999,4.902403831481934,-17.224008560180664,-14.737945556640625,1.9054274559020996,0.38889339566230774,-0.19898906350135803,0.0,0.0,0.0,0.3834212276721333,70,255,255,255
3503,119.58239992299968,4.961187362670898,-17.203224182128906,-14.736907958984375,1.8935556411743164,0.39171671867370605,-0.19241413474082947,0.0,0.0,0.0,0.3857621795598266,70,255,255,255
3504,119.61367163499972,5.019986152648926,-17.18309783935547,-14.736495971679688,1.885149598121643,0.4007522165775299,-0.1969369500875473,0.0,0.0,0.0,0.3894664368990451,70,255,255,255
3505,119.6453114019996,5.0762200355529785,-17.15911865234375,-14.735107421875,1.8783366680145264,0.4038016200065613,-0.17994309961795807,0.0,0.0,0.0,0.3934322166573093,70,255,255,255
3506,119.67777443899968,5.132903099060059,-17.1357421875,-14.734573364257812,1.87575364112854,0.43654775619506836,-0.21235492825508118,0.0,0.0,0.0,0.3948802439210127,70,255,255,255
3507,119.71520534499996,5.20426607131958,-17.106910705566406,-14.735305786132812,1.887802243232727,0.42563217878341675,-0.20631740987300873,0.0,0.0,0.0,0.39825856363231904,70,255,255,255
3508,119.750406742,5.261451721191406,-17.08354377746582,-14.735855102539062,1.883066177368164,0.43505653738975525,-0.21756307780742645,0.0,0.0,0.0,0.4024480822116636,70,255,255,255
3509,119.7811228759997,5.317733287811279,-17.057912826538086,-14.733383178710938,1.8842074871063232,0.4111771881580353,-0.19425363838672638,0.0,0.0,0.0,0.4043589668728227,70,255,255,255
3510,119.81610973299985,5.374357223510742,-17.033363342285156,-14.731353759765625,1.8668358325958252,0.43961742520332336,-0.18084444105625153,0.0,0.0,0.0,0.4079835956954478,70,255,255,255
3511,119.84931001699988,5.43092679977417,-17.009063720703125,-14.73052978515625,1.8533391952514648,0.4558885991573334,-0.19294410943984985,0.0,0.0,0.0,0.4111935037573203,70,255,255,255
3512,119.88262945899987,5.486266613006592,-16.982925415039062,-14.729660034179688,1.8402878046035767,0.4636131525039673,-0.18247433006763458,0.0,0.0,0.0,0.4130876105036119,70,255,255,255
3513,119.91819329700002,5.554591655731201,-16.949077606201172,-14.728988647460938,1.8346937894821167,0.48289135098457336,-0.17743036150932312,0.0,0.0,0.0,0.41748385696257384,70,255,255,255
3514,119.95162445699998,5.60959529876709,-16.922582626342773,-14.729293823242188,1.8224632740020752,0.5062304139137268,-0.193282350897789,0.0,0.0,0.0,0.4212360179119001,70,255,255,255
3515,119.98406707200002,5.664909362792969,-16.896554946899414,-14.730484008789062,1.8340632915496826,0.4957055151462555,-0.215110644698143,0.0,0.0,0.0,0.4236774375517166,70,255,255,255
3516,120.02043623099962,5.71881103515625,-16.869672775268555,-14.729660034179688,1.8279258012771606,0.49062469601631165,-0.19037598371505737,0.0,0.0,0.0,0.4275772707834878,70,255,255,255
3517,120.05381835499975,5.772148609161377,-16.84262466430664,-14.72808837890625,1.8216145038604736,0.5010254979133606,-0.19568482041358948,0.0,0.0,0.0,0.43212025741851307,70,255,255,255
3518,120.08686316099966,5.826066017150879,-16.81671714782715,-14.727325439453125,1.830687165260315,0.48936593532562256,-0.19148828089237213,0.0,0.0,0.0,0.43424888878829976,70,255,255,255
3519,120.1293712089996,5.894679069519043,-16.785900115966797,-14.727523803710938,1.8346964120864868,0.4861224591732025,-0.19810707867145538,0.0,0.0,0.0,0.4379985197345905,70,255,255,255
3520,120.15706622199968,5.949591159820557,-16.758140563964844,-14.724029541015625,1.8423635959625244,0.48082178831100464,-0.1904938817024231,0.0,0.0,0.0,0.44228374566560974,70,255,255,255
3521,120.18900474299971,6.005253314971924,-16.731319427490234,-14.721755981445312,1.8516087532043457,0.4886508882045746,-0.19887958467006683,0.0,0.0,0.0,0.4437897299725359,70,255,255,255
3522,120.23048211099967,6.061398983001709,-16.705617904663086,-14.720458984375,1.8486305475234985,0.48430025577545166,-0.19793790578842163,0.0,0.0,0.0,0.4479568114196965,70,255,255,255
3523,120.26175614699969,6.117809295654297,-16.679866790771484,-14.719253540039062,1.8384000062942505,0.5034615993499756,-0.17935462296009064,0.0,0.0,0.0,0.4529203111908453,70,255,255,255
3524,120.29173849999961,6.174897193908691,-16.6517333984375,-14.7176513671875,1.8453145027160645,0.5125434398651123,-0.16328038275241852,0.0,0.0,0.0,0.4551561347945077,70,255,255,255
3525,120.33055173499997,6.246603488922119,-16.617103576660156,-14.716278076171875,1.846716284751892,0.5318170785903931,-0.1588369458913803,0.0,0.0,0.0,0.45968174430342024,70,255,255,255
3526,120.36405001000003,6.304156303405762,-16.589540481567383,-14.716033935546875,1.826354742050171,0.5760475993156433,-0.15970346331596375,0.0,0.0,0.0,0.4645154149714277,70,255,255,255
3527,120.3961308969997,6.3604207038879395,-16.55965805053711,-14.713851928710938,1.8186445236206055,0.598290205001831,-0.15752583742141724,0.0,0.0,0.0,0.46707511225315734,70,255,255,255
3528,120.43068176399993,6.415643215179443,-16.52787971496582,-14.71063232421875,1.8211489915847778,0.5954408049583435,-0.15472249686717987,0.0,0.0,0.0,0.47160658071646805,70,255,255,255
3529,120.46455307399992,6.4712090492248535,-16.497333526611328,-14.70843505859375,1.8101134300231934,0.6117271184921265,-0.16175365447998047,0.0,0.0,0.0,0.47637760051983136,70,255,255,255
3530,120.49699147000001,6.526692867279053,-16.467456817626953,-14.70684814453125,1.8097633123397827,0.6060479879379272,-0.15194955468177795,0.0,0.0,0.0,0.4792600063466514,70,255,255,255
3531,120.53211323099958,6.596386909484863,-16.429401397705078,-14.705673217773438,1.8248704671859741,0.5928059220314026,-0.19098302721977234,0.0,0.0,0.0,0.48388967887515877,70,255,255,255
3532,120.56516033399976,6.652768611907959,-16.39845848083496,-14.706329345703125,1.8306493759155273,0.60834801197052,-0.2133006900548935,0.0,0.0,0.0,0.4886271761383007,70,255,255,255
3533,120.59857037799975,6.70959997177124,-16.368396759033203,-14.707794189453125,1.8252346515655518,0.6144279837608337,-0.2161315232515335,0.0,0.0,0.0,0.4906385951306103,70,255,255,255
3534,120.6340375349996,6.766301155090332,-16.33892250061035,-14.710311889648438,1.8284599781036377,0.6141082048416138,-0.23762428760528564,0.0,0.0,0.0,0.49515951081810156,70,255,255,255
3535,120.66678369800002,6.823238849639893,-16.307815551757812,-14.712371826171875,1.836763858795166,0.5945667624473572,-0.22974014282226562,0.0,0.0,0.0,0.49947949100134637,70,255,255,255
3536,120.6993936419999,6.88059663772583,-16.278106689453125,-14.714813232421875,1.844434142112732,0.5918264389038086,-0.2372666597366333,0.0,0.0,0.0,0.5017105209150466,70,255,255,255
3537,120.7360958029999,6.952757835388184,-16.242645263671875,-14.718719482421875,1.8241711854934692,0.605606198310852,-0.22820866107940674,0.0,0.0,0.0,0.5066778489802624,70,255,255,255
3538,120.76888730499968,7.010191440582275,-16.212739944458008,-14.722488403320312,1.812911033630371,0.6412436366081238,-0.2380097657442093,0.0,0.0,0.0,0.510949159894586,70,255,255,255
3539,120.80144505499993,7.067925453186035,-16.17906951904297,-14.726593017578125,1.819493293762207,0.6390783190727234,-0.2388428896665573,0.0,0.0,0.0,0.5133741345146713,70,255,255,255
3540,120.83902051399991,7.125655651092529,-16.146181106567383,-14.730880737304688,1.8041945695877075,0.6684718728065491,-0.22588090598583221,0.0,0.0,0.0,0.5186774536409142,70,255,255,255
3541,120.87963082499982,7.183320045471191,-16.114177703857422,-14.735687255859375,1.8147112131118774,0.6488565802574158,-0.23050227761268616,0.0,0.0,0.0,0.52305252796921,70,255,255,255
3542,120.91219391100003,7.241098880767822,-16.08150291442871,-14.73846435546875,1.81148362159729,0.6358979940414429,-0.20774951577186584,0.0,0.0,0.0,0.5253994053903287,70,255,255,255
3543,120.95142683799986,7.31380558013916,-16.040803909301758,-14.7403564453125,1.8373528718948364,0.6077097654342651,-0.2252671718597412,0.0,0.0,0.0,0.5300714554696819,70,255,255,255
3544,120.979349749,7.372473239898682,-16.01012420654297,-14.742431640625,1.8269697427749634,0.6196845769882202,-0.21404311060905457,0.0,0.0,0.0,0.5340461568175979,70,255,255,255
3545,121.00758778799991,7.430965900421143,-15.979957580566406,-14.744903564453125,1.8257789611816406,0.630622923374176,-0.20417754352092743,0.0,0.0,0.0,0.5360513506708595,70,255,255,255
3546,121.04483439599971,7.491746425628662,-15.94725227355957,-14.745468139648438,1.8209258317947388,0.6438038945198059,-0.19711776077747345,0.0,0.0,0.0,0.5404545879276829,70,255,255,255
3547,121.08039578299986,7.553232669830322,-15.914399147033691,-14.746383666992188,1.8290114402770996,0.642395555973053,-0.2153160721063614,0.0,0.0,0.0,0.5448270656739158,70,255,255,255
3548,121.11050258999967,7.614865303039551,-15.882843971252441,-14.748001098632812,1.8399451971054077,0.6431775093078613,-0.21370850503444672,0.0,0.0,0.0,0.5468192433273497,70,255,255,255
3549,121.14642601099968,7.6913743019104,-15.844696044921875,-14.749359130859375,1.8128070831298828,0.6614124178886414,-0.1557527780532837,0.0,0.0,0.0,0.5503297224077512,70,255,255,255
3550,121.18192746199975,7.7521772384643555,-15.810771942138672,-14.750198364257812,1.806952714920044,0.6887595653533936,-0.17595654726028442,0.0,0.0,0.0,0.5547936131584011,70,255,255,255
3551,121.21375117599973,7.812666416168213,-15.776827812194824,-14.751708984375,1.8021420240402222,0.7243829965591431,-0.16135060787200928,0.0,0.0,0.0,0.556612219287789,70,255,255,255
3552,121.2490307349999,7.873314380645752,-15.743782043457031,-14.753326416015625,1.8199597597122192,0.7120340466499329,-0.16503897309303284,0.0,0.0,0.0,0.560575169437395,70,255,255,255
3553,121.28658398699963,7.935330390930176,-15.711146354675293,-14.754653930664062,1.8396183252334595,0.6857812404632568,-0.15657645463943481,0.0,0.0,0.0,0.5648575990492697,70,255,255,255
3554,121.31492342299998,8.000033378601074,-15.67624282836914,-14.75439453125,1.839856743812561,0.6906700134277344,-0.1482900083065033,0.0,0.0,0.0,0.5670260779668668,70,255,255,255
3555,121.35113073399998,8.079856872558594,-15.633759498596191,-14.754180908203125,1.8320438861846924,0.7109658718109131,-0.14041826128959656,0.0,0.0,0.0,0.5714545819645322,70,255,255,255
3556,121.38638979299958,8.142951965332031,-15.600228309631348,-14.755157470703125,1.8263815641403198,0.727702796459198,-0.15987399220466614,0.0,0.0,0.0,0.5750491170668395,70,255,255,255
3557,121.41681100200003,8.205333709716797,-15.565542221069336,-14.757492065429688,1.815774917602539,0.7370782494544983,-0.1703503280878067,0.0,0.0,0.0,0.5769617993617343,70,255,255,255
3558,121.45445313599976,8.266929626464844,-15.530097961425781,-14.761367797851562,1.7987302541732788,0.7536847591400146,-0.1888769418001175,0.0,0.0,0.0,0.580973918122966,70,255,255,255
3559,121.48732117199961,8.327698707580566,-15.495437622070312,-14.765609741210938,1.7805765867233276,0.758649468421936,-0.1873163878917694,0.0,0.0,0.0,0.5844474791327563,70,255,255,255
3560,121.52001636899968,8.38732624053955,-15.461136817932129,-14.770492553710938,1.7574620246887207,0.7868144512176514,-0.21624810993671417,0.0,0.0,0.0,0.5861518356513797,70,255,255,255
3561,121.55715560499993,8.462505340576172,-15.41656494140625,-14.777420043945312,1.7429413795471191,0.7902393937110901,-0.22834934294223785,0.0,0.0,0.0,0.5899536312655224,70,255,255,255
3562,121.58984743099973,8.522274017333984,-15.380240440368652,-14.783187866210938,1.723366379737854,0.8042610287666321,-0.2346031218767166,0.0,0.0,0.0,0.5945186888480817,70,255,255,255
3563,121.62425117399971,8.581418991088867,-15.344937324523926,-14.788711547851562,1.7251722812652588,0.7908416390419006,-0.21451395750045776,0.0,0.0,0.0,0.5972596142419913,70,255,255,255
3564,121.6588175349998,8.639968872070312,-15.31094741821289,-14.794570922851562,1.712325930595398,0.7922428250312805,-0.23754023015499115,0.0,0.0,0.0,0.6012735306369587,70,255,255,255
3565,121.69124781299979,8.697938919067383,-15.275557518005371,-14.799423217773438,1.7119290828704834,0.7888645529747009,-0.22538158297538757,0.0,0.0,0.0,0.605982864971573,70,255,255,255
3566,121.7258341959996,8.755621910095215,-15.240822792053223,-14.80450439453125,1.6931869983673096,0.8102896809577942,-0.22473058104515076,0.0,0.0,0.0,0.6085458912046653,70,255,255,255
3567,121.76085396999997,8.826374053955078,-15.197662353515625,-14.8114013671875,1.679738163948059,0.8289855718612671,-0.22586196660995483,0.0,0.0,0.0,0.613406959142387,70,255,255,255
3568,121.79582044399967,8.882765769958496,-15.163018226623535,-14.816116333007812,1.6750744581222534,0.8276655077934265,-0.2188815027475357,0.0,0.0,0.0,0.6181275453326069,70,255,255,255
3569,121.83002266899985,8.938824653625488,-15.125799179077148,-14.817596435546875,1.6655232906341553,0.8105361461639404,-0.1895856261253357,0.0,0.0,0.0,0.6208302543648738,70,255,255,255
3570,121.87117745599971,8.995050430297852,-15.090415954589844,-14.81939697265625,1.677157998085022,0.8064143657684326,-0.21002516150474548,0.0,0.0,0.0,0.6255109597177698,70,255,255,255
3571,121.90530428399961,9.051076889038086,-15.056084632873535,-14.821929931640625,1.6784600019454956,0.7884743213653564,-0.19932672381401062,0.0,0.0,0.0,0.6298336030621047,70,255,255,255
3572,121.93877733699992,9.106264114379883,-15.022902488708496,-14.822738647460938,1.6641530990600586,0.7954191565513611,-0.19340300559997559,0.0,0.0,0.0,0.6317009450394411,70,255,255,255
3573,121.96964562199992,9.173521995544434,-14.981793403625488,-14.822296142578125,1.6635656356811523,0.7902595400810242,-0.20027318596839905,0.0,0.0,0.0,0.6364333822965118,70,255,255,255
3574,122.00364184299997,9.226985931396484,-14.949837684631348,-14.823272705078125,1.6499871015548706,0.7768216133117676,-0.21753978729248047,0.0,0.0,0.0,0.6391815648043918,70,255,255,255
3575,122.03782960699982,9.280289649963379,-14.919265747070312,-14.825286865234375,1.6444742679595947,0.7589316368103027,-0.22066304087638855,0.0,0.0,0.0,0.6430803660612406,70,255,255,255
3576,122.07623978399988,9.33578109741211,-14.886937141418457,-14.828521728515625,1.6361017227172852,0.7394636869430542,-0.22483386099338531,0.0,0.0,0.0,0.646762918637575,70,255,255,255
3577,122.10610179199966,9.391300201416016,-14.855101585388184,-14.832229614257812,1.623011589050293,0.7149447798728943,-0.22316209971904755,0.0,0.0,0.0,0.6488698119549638,70,255,255,255
3578,122.14055442999961,9.446202278137207,-14.82538890838623,-14.8355712890625,1.61357843875885,0.6763007640838623,-0.19255994260311127,0.0,0.0,0.0,0.6525142147486828,70,255,255,255
3579,122.17239302899998,9.513882637023926,-14.790806770324707,-14.839767456054688,1.6002910137176514,0.6384555697441101,-0.17161469161510468,0.0,0.0,0.0,0.6573984521878881,70,255,255,255
3580,122.20488733299999,9.570165634155273,-14.762903213500977,-14.841659545898438,1.5882865190505981,0.6085661053657532,-0.18013200163841248,0.0,0.0,0.0,0.6616171656706826,70,255,255,255
3581,122.23739935999993,9.625428199768066,-14.736527442932129,-14.844192504882812,1.564111590385437,0.6082244515419006,-0.18080542981624603,0.0,0.0,0.0,0.6646754067084751,70,255,255,255
3582,122.2751532289999,9.67978286743164,-14.711196899414062,-14.847030639648438,1.5539524555206299,0.5872119665145874,-0.15710489451885223,0.0,0.0,0.0,0.6697402064695879,70,255,255,255
3583,122.30754312699992,9.733875274658203,-14.68647575378418,-14.849472045898438,1.5355523824691772,0.5845372080802917,-0.16614438593387604,0.0,0.0,0.0,0.6746526734163479,70,255,255,255
3584,122.33985186099972,9.788338661193848,-14.660581588745117,-14.8515625,1.5175652503967285,0.5938892364501953,-0.16680045425891876,0.0,0.0,0.0,0.6772021841069081,70,255,255,255
3585,122.3803234689999,9.855151176452637,-14.629191398620605,-14.854507446289062,1.506855845451355,0.6001392602920532,-0.1493903398513794,0.0,0.0,0.0,0.6821261692253828,70,255,255,255
3586,122.41101425499983,9.90828800201416,-14.605042457580566,-14.85662841796875,1.523943305015564,0.5849123001098633,-0.14181223511695862,0.0,0.0,0.0,0.6864878278796874,70,255,255,255
3587,122.44175294899969,9.962905883789062,-14.579111099243164,-14.857269287109375,1.5128415822982788,0.6056730151176453,-0.14933809638023376,0.0,0.0,0.0,0.688813965933817,70,255,255,255
3588,122.48341803199992,10.01843547821045,-14.550854682922363,-14.8570556640625,1.52583646774292,0.6120830774307251,-0.15468423068523407,0.0,0.0,0.0,0.692850186302914,70,255,255,255
3589,122.51333507499976,10.073272705078125,-14.523252487182617,-14.857254028320312,1.4994359016418457,0.6348271369934082,-0.13904277980327606,0.0,0.0,0.0,0.6973320866804356,70,255,255,255
3590,122.54567722299998,10.127464294433594,-14.496536254882812,-14.857589721679688,1.5134824514389038,0.6262131929397583,-0.1287788450717926,0.0,0.0,0.0,0.6995250666800613,70,255,255,255
3591,122.58552023799984,10.193565368652344,-14.459297180175781,-14.855361938476562,1.494483470916748,0.6668018102645874,-0.13025079667568207,0.0,0.0,0.0,0.7035640167892755,70,255,255,255
3592,122.61592148699992,10.245182037353516,-14.427536010742188,-14.853179931640625,1.4947340488433838,0.6679545640945435,-0.14142800867557526,0.0,0.0,0.0,0.7074362530142506,70,255,255,255
3593,122.64634778799973,10.296113967895508,-14.39668083190918,-14.851882934570312,1.4810338020324707,0.6835403442382812,-0.14646439254283905,0.0,0.0,0.0,0.7095370210611324,70,255,255,255
3594,122.6826787709997,10.346325874328613,-14.366175651550293,-14.85101318359375,1.4719765186309814,0.7079697847366333,-0.1278430074453354,0.0,0.0,0.0,0.7139234471135747,70,255,255,255
3595,122.71589708900001,10.396648406982422,-14.32978343963623,-14.850204467773438,1.4673192501068115,0.7329558730125427,-0.12542939186096191,0.0,0.0,0.0,0.7176116589072254,70,255,255,255
3596,122.74804902099959,10.446466445922852,-14.293914794921875,-14.850479125976562,1.467039704322815,0.7517316937446594,-0.14149202406406403,0.0,0.0,0.0,0.7193938463087064,70,255,255,255
3597,122.7847851929996,10.50804328918457,-14.250027656555176,-14.851287841796875,1.4411157369613647,0.7836409211158752,-0.12239779531955719,0.0,0.0,0.0,0.7230878504777281,70,255,255,255
3598,122.81754294499979,10.556315422058105,-14.213869094848633,-14.851547241210938,1.4217581748962402,0.7952058911323547,-0.0982588678598404,0.0,0.0,0.0,0.7274465130758063,70,255,255,255
3599,122.85022310199975,10.60470199584961,-14.17441463470459,-14.85186767578125,1.4076948165893555,0.8262060284614563,-0.12069836258888245,0.0,0.0,0.0,0.7299989532435655,70,255,255,255
3600,122.88680982899996,10.652487754821777,-14.135709762573242,-14.853302001953125,1.4140721559524536,0.8251003623008728,-0.1421630084514618,0.0,0.0,0.0,0.733747352477852,70,255,255,255
3601,122.9195194949998,10.700047492980957,-14.098297119140625,-14.855560302734375,1.4014561176300049,0.8303734064102173,-0.14353860914707184,0.0,0.0,0.0,0.7367486684473441,70,255,255,255
3602,122.95226322399958,10.747879028320312,-14.059788703918457,-14.85833740234375,1.3851628303527832,0.844996988773346,-0.13642270863056183,0.0,0.0,0.0,0.7386043590949113,70,255,255,255
3603,122.98895748099994,10.808577537536621,-14.010551452636719,-14.862777709960938,1.3903322219848633,0.8478829264640808,-0.11342871189117432,0.0,0.0,0.0,0.7425065558821499,70,255,255,255
3604,123.02191344699986,10.856963157653809,-13.972373962402344,-14.8658447265625,1.3830736875534058,0.8613677024841309,-0.09400919079780579,0.0,0.0,0.0,0.7470262731471506,70,255,255,255
3605,123.05429148699977,10.904340744018555,-13.934674263000488,-14.868515014648438,1.3540619611740112,0.885231077671051,-0.07556235790252686,0.0,0.0,0.0,0.7493494817240812,70,255,255,255
3606,123.0922158899998,10.952359199523926,-13.893986701965332,-14.871078491210938,1.3707939386367798,0.8990132808685303,-0.09634560346603394,0.0,0.0,0.0,0.7534904309030455,70,255,255,255
3607,123.12471762399991,11.000322341918945,-13.853214263916016,-14.873519897460938,1.352773904800415,0.8926300406455994,-0.06013336777687073,0.0,0.0,0.0,0.7582218028956802,70,255,255,255
3608,123.15688431499984,11.047600746154785,-13.81371021270752,-14.875442504882812,1.3604270219802856,0.8859328031539917,-0.046118419617414474,0.0,0.0,0.0,0.7608781063459525,70,255,255,255
3609,123.20082391400001,11.10687255859375,-13.766429901123047,-14.877777099609375,1.3728611469268799,0.8813157081604004,-0.04122175648808479,0.0,0.0,0.0,0.7645220430864806,70,255,255,255
3610,123.24382626399984,11.158130645751953,-13.726920127868652,-14.8804931640625,1.392530918121338,0.8785769939422607,-0.03371809795498848,0.0,0.0,0.0,0.7687231797060806,70,255,255,255
3611,123.2693179009998,11.20851993560791,-13.688156127929688,-14.883010864257812,1.374496579170227,0.8995799422264099,-0.03409970924258232,0.0,0.0,0.0,0.7704904534054572,70,255,255,255
3612,123.30600443200001,11.25841236114502,-13.650099754333496,-14.885284423828125,1.3831405639648438,0.9109466075897217,-0.038921207189559937,0.0,0.0,0.0,0.7744923189964921,70,255,255,255
3613,123.34242856899982,11.308466911315918,-13.611659049987793,-14.887619018554688,1.3619964122772217,0.9318166971206665,-0.0397307351231575,0.0,0.0,0.0,0.7790843410850884,70,255,255,255
3614,123.37107945999969,11.360645294189453,-13.571897506713867,-14.890426635742188,1.3867908716201782,0.9182261824607849,-0.05640154331922531,0.0,0.0,0.0,0.7815866472453269,70,255,255,255
3615,123.40488728299988,11.426010131835938,-13.524221420288086,-14.894515991210938,1.4302302598953247,0.9101507663726807,-0.09746542572975159,0.0,0.0,0.0,0.7866318061934002,70,255,255,255
3616,123.4386062499998,11.477981567382812,-13.48665714263916,-14.899063110351562,1.420521855354309,0.9304754734039307,-0.1062132939696312,0.0,0.0,0.0,0.7914274935263604,70,255,255,255
3617,123.47512092499983,11.53119945526123,-13.447872161865234,-14.901748657226562,1.429848313331604,0.911798894405365,-0.12235631048679352,0.0,0.0,0.0,0.7933113471024552,70,255,255,255
3618,123.50621595699977,11.586106300354004,-13.408990859985352,-14.903076171875,1.4416356086730957,0.8958210945129395,-0.13783611357212067,0.0,0.0,0.0,0.797755763487634,70,255,255,255
3619,123.53652196199982,11.640153884887695,-13.371316909790039,-14.90472412109375,1.4466948509216309,0.8907923698425293,-0.12313785403966904,0.0,0.0,0.0,0.8020671549763633,70,255,255,255
3620,123.56819334099964,11.694487571716309,-13.335493087768555,-14.90667724609375,1.485849142074585,0.8600516319274902,-0.12513244152069092,0.0,0.0,0.0,0.8042219186143463,70,255,255,255
3621,123.60495153399961,11.765456199645996,-13.288386344909668,-14.9093017578125,1.4847240447998047,0.8475349545478821,-0.11607182770967484,0.0,0.0,0.0,0.8090353159685556,70,255,255,255
3622,123.63771950499995,11.822431564331055,-13.24967098236084,-14.91046142578125,1.4804487228393555,0.852337121963501,-0.09329444915056229,0.0,0.0,0.0,0.8140702883254594,70,255,255,255
3623,123.67001962899985,11.878482818603516,-13.211933135986328,-14.911529541015625,1.4654911756515503,0.8644411563873291,-0.0852435901761055,0.0,0.0,0.0,0.8168263937375824,70,255,255,255
3624,123.70674149299975,11.933016777038574,-13.174641609191895,-14.912826538085938,1.449468970298767,0.8834153413772583,-0.08478100597858429,0.0,0.0,0.0,0.821595782354778,70,255,255,255
3625,123.73950081699968,11.985367774963379,-13.133176803588867,-14.913375854492188,1.435691475868225,0.9064345955848694,-0.10801398009061813,0.0,0.0,0.0,0.8261833436485485,70,255,255,255
3626,123.77282621099994,12.036865234375,-13.09244155883789,-14.914459228515625,1.422835111618042,0.9311107993125916,-0.09815187007188797,0.0,0.0,0.0,0.8280643343264715,70,255,255,255
3627,123.8109107399996,12.099080085754395,-13.041337966918945,-14.916000366210938,1.37226140499115,0.9863587617874146,-0.10752520710229874,0.0,0.0,0.0,0.8324174708652878,70,255,255,255
3628,123.84388031899971,12.148223876953125,-12.999783515930176,-14.917190551757812,1.3503882884979248,1.0174560546875,-0.11196569353342056,0.0,0.0,0.0,0.8368939117625748,70,255,255,255
3629,123.877131319,12.199289321899414,-12.956161499023438,-14.917755126953125,1.359709620475769,1.0275413990020752,-0.12669497728347778,0.0,0.0,0.0,0.8384597173254869,70,255,255,255
3630,123.91186452199963,12.249614715576172,-12.913409233093262,-14.918807983398438,1.3623653650283813,1.0346964597702026,-0.1253225952386856,0.0,0.0,0.0,0.8427046629450186,70,255,255,255
3631,123.9447793219997,12.299375534057617,-12.87140941619873,-14.920455932617188,1.3654557466506958,1.038134217262268,-0.1403845101594925,0.0,0.0,0.0,0.847152674597669,70,255,255,255
3632,123.98143504499967,12.350309371948242,-12.82883071899414,-14.923248291015625,1.3751319646835327,1.0288214683532715,-0.14997325837612152,0.0,0.0,0.0,0.849104505360588,70,255,255,255
3633,124.01394984499984,12.41501522064209,-12.775663375854492,-14.926345825195312,1.3567568063735962,1.0287333726882935,-0.10560125857591629,0.0,0.0,0.0,0.8534316094997487,70,255,255,255
3634,124.04715180499988,12.464783668518066,-12.73422908782959,-14.927413940429688,1.3088338375091553,1.0445245504379272,-0.051097068935632706,0.0,0.0,0.0,0.8572989188767074,70,255,255,255
3635,124.08070745799978,12.513162612915039,-12.693270683288574,-14.927841186523438,1.296409010887146,1.0491207838058472,-0.035830382257699966,0.0,0.0,0.0,0.8597984287178012,70,255,255,255
3636,124.11522210899966,12.562675476074219,-12.650053977966309,-14.928421020507812,1.294040322303772,1.0416178703308105,-0.03043300472199917,0.0,0.0,0.0,0.863823264073238,70,255,255,255
3637,124.14959501399971,12.612065315246582,-12.606794357299805,-14.929641723632812,1.290961503982544,1.0577335357666016,-0.06309591978788376,0.0,0.0,0.0,0.867874065249303,70,255,255,255
3638,124.18308797099962,12.660428047180176,-12.564480781555176,-14.93157958984375,1.2805700302124023,1.0541253089904785,-0.0656561478972435,0.0,0.0,0.0,0.8699821569891825,70,255,255,255
3639,124.21869899799958,12.719449043273926,-12.512746810913086,-14.934310913085938,1.285088062286377,1.058623194694519,-0.07922898977994919,0.0,0.0,0.0,0.8743429501161327,70,255,255,255
3640,124.2516766599997,12.7682466506958,-12.468789100646973,-14.937164306640625,1.2749799489974976,1.0628210306167603,-0.04637107998132706,0.0,0.0,0.0,0.8786514787066901,70,255,255,255
3641,124.284533345,12.81557559967041,-12.425357818603516,-14.939407348632812,1.2511422634124756,1.0807267427444458,-0.04279153421521187,0.0,0.0,0.0,0.881113970608632,70,255,255,255
3642,124.32197873399991,12.86176586151123,-12.382834434509277,-14.941696166992188,1.2427889108657837,1.085713505744934,-0.051398057490587234,0.0,0.0,0.0,0.8853890099484816,70,255,255,255
3643,124.35421772399968,12.908090591430664,-12.340279579162598,-14.944366455078125,1.2627092599868774,1.0702509880065918,-0.06954530626535416,0.0,0.0,0.0,0.8890131061388887,70,255,255,255
3644,124.38690100699978,12.956193923950195,-12.296443939208984,-14.946365356445312,1.2885847091674805,1.051830768585205,-0.07882855087518692,0.0,0.0,0.0,0.8912006266582798,70,255,255,255
3645,124.42647373299997,13.016786575317383,-12.243795394897461,-14.949813842773438,1.3114691972732544,1.0491303205490112,-0.10094571858644485,0.0,0.0,0.0,0.8956283982866455,70,255,255,255
3646,124.45675727699972,13.063936233520508,-12.201799392700195,-14.953475952148438,1.2738027572631836,1.0858230590820312,-0.11522737890481949,0.0,0.0,0.0,0.8991607485774994,70,255,255,255
3647,124.48948038699973,13.110945701599121,-12.15707778930664,-14.959197998046875,1.2722666263580322,1.1032803058624268,-0.1589491367340088,0.0,0.0,0.0,0.9008370753256497,70,255,255,255
3648,124.53129628599982,13.158428192138672,-12.110754013061523,-14.967041015625,1.2860389947891235,1.0873374938964844,-0.19182203710079193,0.0,0.0,0.0,0.9056006715674745,70,255,255,255
3649,124.5622504869998,13.205265045166016,-12.065749168395996,-14.974838256835938,1.2829370498657227,1.0852131843566895,-0.16739888489246368,0.0,0.0,0.0,0.9095802997634072,70,255,255,255
3650,124.59308159699958,13.252118110656738,-12.022562980651855,-14.981887817382812,1.2888593673706055,1.0639705657958984,-0.15681631863117218,0.0,0.0,0.0,0.9112270654234577,70,255,255,255
3651,124.62900008399993,13.308926582336426,-11.968690872192383,-14.989349365234375,1.2962501049041748,1.0402491092681885,-0.11211051791906357,0.0,0.0,0.0,0.9149804580847881,70,255,255,255
3652,124.66090614899986,13.353641510009766,-11.926822662353516,-14.993881225585938,1.2794846296310425,1.0336272716522217,-0.10038948059082031,0.0,0.0,0.0,0.9194419187009433,70,255,255,255
3653,124.69343847899972,13.397239685058594,-11.885865211486816,-14.998092651367188,1.2515947818756104,1.0389354228973389,-0.09611766040325165,0.0,0.0,0.0,0.9217269774952586,70,255,255,255
3654,124.73014931099988,13.440206527709961,-11.84589958190918,-15.002182006835938,1.2472715377807617,1.0329220294952393,-0.08586468547582626,0.0,0.0,0.0,0.9262467613392865,70,255,255,255
3655,124.76382794999972,13.482203483581543,-11.803915023803711,-15.008270263671875,1.2464686632156372,1.0322712659835815,-0.10296603292226791,0.0,0.0,0.0,0.9308028307531668,70,255,255,255
3656,124.79701714399971,13.52382755279541,-11.76325511932373,-15.01416015625,1.2539668083190918,1.0096309185028076,-0.09681358188390732,0.0,0.0,0.0,0.9329772352041893,70,255,255,255
3657,124.83300625399988,13.57537841796875,-11.713908195495605,-15.021377563476562,1.2364338636398315,1.0171366930007935,-0.11031924933195114,0.0,0.0,0.0,0.9375678591332134,70,255,255,255
3658,124.8656653109997,13.61623764038086,-11.674269676208496,-15.027359008789062,1.2136781215667725,1.0262377262115479,-0.1059357225894928,0.0,0.0,0.0,0.9421543551625479,70,255,255,255
3659,124.8983071419998,13.656983375549316,-11.632073402404785,-15.03338623046875,1.1999061107635498,1.0347386598587036,-0.0891118273139,0.0,0.0,0.0,0.9441985310362654,70,255,255,255
3660,124.9350230719997,13.697964668273926,-11.591031074523926,-15.039382934570312,1.2064850330352783,1.033585786819458,-0.10653825849294662,0.0,0.0,0.0,0.9485558620537986,70,255,255,255
3661,124.96773912799972,13.738367080688477,-11.550951957702637,-15.044998168945312,1.2064460515975952,1.0245896577835083,-0.09853661805391312,0.0,0.0,0.0,0.9532679261285303,70,255,255,255
3662,125.00065066299976,13.77878475189209,-11.511412620544434,-15.051681518554688,1.2244000434875488,1.0073745250701904,-0.07464522868394852,0.0,0.0,0.0,0.9564458762573218,70,255,255,255
3663,125.03730170999961,13.829094886779785,-11.462331771850586,-15.060882568359375,1.2242058515548706,1.0052952766418457,-0.07986356317996979,0.0,0.0,0.0,0.9605192477236253,70,255,255,255
3664,125.07010596099963,13.86931324005127,-11.424099922180176,-15.068130493164062,1.2274113893508911,1.0041567087173462,-0.09388574957847595,0.0,0.0,0.0,0.9645607944149023,70,255,255,255
3665,125.10275624499991,13.909265518188477,-11.386604309082031,-15.075042724609375,1.2082135677337646,1.009368896484375,-0.07392705976963043,0.0,0.0,0.0,0.967512109534928,70,255,255,255
3666,125.13969296599998,13.950870513916016,-11.346729278564453,-15.081008911132812,1.196557641029358,1.0302389860153198,-0.04928046837449074,0.0,0.0,0.0,0.9717895457197588,70,255,255,255
3667,125.17377448699972,13.992465019226074,-11.306445121765137,-15.085861206054688,1.1883876323699951,1.0361883640289307,-0.015633083879947662,0.0,0.0,0.0,0.9766902281786954,70,255,255,255
3668,125.20511906499996,14.033194541931152,-11.266697883605957,-15.089340209960938,1.1777623891830444,1.0406548976898193,0.005445375572890043,0.0,0.0,0.0,0.9785828701863875,70,255,255,255
3669,125.24378389899994,14.083505630493164,-11.217890739440918,-15.092178344726562,1.1704521179199219,1.048527717590332,0.0403427928686142,0.0,0.0,0.0,0.9826587050766993,70,255,255,255
3670,125.28007272199966,14.124423027038574,-11.176180839538574,-15.09136962890625,1.1595852375030518,1.0708980560302734,0.049882687628269196,0.0,0.0,0.0,0.986899123322378,70,255,255,255
3671,125.3085059089999,14.164501190185547,-11.134583473205566,-15.0894775390625,1.1357191801071167,1.0983445644378662,0.09884247928857803,0.0,0.0,0.0,0.9892273253263524,70,255,255,255
3672,125.3534832119999,14.203407287597656,-11.092836380004883,-15.08624267578125,1.1252835988998413,1.1262937784194946,0.12889981269836426,0.0,0.0,0.0,0.9937288665169134,70,255,255,255
3673,125.38559390299997,14.241809844970703,-11.050503730773926,-15.083221435546875,1.1172302961349487,1.1365926265716553,0.12468601018190384,0.0,0.0,0.0,0.998160566307887,70,255,255,255
3674,125.421114322,14.28050708770752,-11.006603240966797,-15.081268310546875,1.1141029596328735,1.1465357542037964,0.13430988788604736,0.0,0.0,0.0,1.002288532576537,70,255,255,255
3675,125.45219818899977,14.328365325927734,-10.95260238647461,-15.078643798828125,1.1239680051803589,1.1552648544311523,0.11060311645269394,0.0,0.0,0.0,1.0043118692147248,70,255,255,255
3676,125.48416556999973,14.36562442779541,-10.909502029418945,-15.076797485351562,1.0691474676132202,1.1969010829925537,0.12732398509979248,0.0,0.0,0.0,1.008281643714624,70,255,255,255
3677,125.51644082199982,14.401153564453125,-10.864251136779785,-15.073593139648438,1.0488157272338867,1.2117350101470947,0.15329214930534363,0.0,0.0,0.0,1.0099670252104807,70,255,255,255
3678,125.55498796099982,14.43592357635498,-10.8178071975708,-15.069625854492188,1.0381944179534912,1.2307403087615967,0.15403683483600616,0.0,0.0,0.0,1.0139699560659516,70,255,255,255
3679,125.5878094679997,14.470076560974121,-10.771772384643555,-15.064788818359375,1.0358622074127197,1.2440558671951294,0.1718769520521164,0.0,0.0,0.0,1.0180793467859983,70,255,255,255
3680,125.61739529099987,14.503665924072266,-10.725790977478027,-15.060134887695312,1.0204641819000244,1.269789457321167,0.16875170171260834,0.0,0.0,0.0,1.0203054831411955,70,255,255,255
3681,125.6515887239998,14.545829772949219,-10.665398597717285,-15.055221557617188,1.0156891345977783,1.2893755435943604,0.17148175835609436,0.0,0.0,0.0,1.024922072890848,70,255,255,255
3682,125.6846490009998,14.579556465148926,-10.615921974182129,-15.051254272460938,1.0116140842437744,1.3049168586730957,0.1740233451128006,0.0,0.0,0.0,1.029761369486658,70,255,255,255
3683,125.71785934299987,14.612649917602539,-10.566852569580078,-15.04779052734375,0.9973607063293457,1.3132001161575317,0.1369573026895523,0.0,0.0,0.0,1.0325124814717372,70,255,255,255
3684,125.75407181999981,14.64504623413086,-10.518728256225586,-15.044754028320312,0.9730938076972961,1.3115278482437134,0.14531157910823822,0.0,0.0,0.0,1.0370788040558143,70,255,255,255
3685,125.78712746899964,14.679265975952148,-10.469422340393066,-15.041427612304688,0.9587225317955017,1.311699628829956,0.13659055531024933,0.0,0.0,0.0,1.0414121666235368,70,255,255,255
3686,125.82039224799973,14.713253021240234,-10.421369552612305,-15.03857421875,0.9558889269828796,1.3032093048095703,0.12813390791416168,0.0,0.0,0.0,1.0437363738858763,70,255,255,255
3687,125.85922962799987,14.754261016845703,-10.362276077270508,-15.034698486328125,0.932969868183136,1.3043432235717773,0.12678471207618713,0.0,0.0,0.0,1.0485495715030038,70,255,255,255
3688,125.90233912399981,14.785181999206543,-10.314592361450195,-15.0321044921875,0.9148796200752258,1.3162713050842285,0.09491053223609924,0.0,0.0,0.0,1.0523503684317375,70,255,255,255
3689,125.92756872099972,14.813020706176758,-10.264521598815918,-15.028549194335938,0.8951776027679443,1.3292295932769775,0.10771702229976654,0.0,0.0,0.0,1.0541027284290096,70,255,255,255
3690,125.9646951259997,14.840424537658691,-10.214790344238281,-15.0252685546875,0.8963932991027832,1.344900131225586,0.08432075381278992,0.0,0.0,0.0,1.0578991977209722,70,255,255,255
3691,126.00308243599966,14.868103981018066,-10.165767669677734,-15.022140502929688,0.900041401386261,1.3468573093414307,0.073297880589962,0.0,0.0,0.0,1.0618697711691985,70,255,255,255
3692,126.03440912199994,14.897600173950195,-10.116238594055176,-15.0179443359375,0.9077229499816895,1.3503040075302124,0.05013931542634964,0.0,0.0,0.0,1.0638220679853083,70,255,255,255
3693,126.07517814599987,14.936219215393066,-10.054207801818848,-15.011123657226562,0.920825183391571,1.3474572896957397,0.02844918891787529,0.0,0.0,0.0,1.0697223679594061,70,255,255,255
3694,126.10588855699962,14.967244148254395,-10.00567626953125,-15.006500244140625,0.9126665592193604,1.3535659313201904,0.01730429194867611,0.0,0.0,0.0,1.0697223679594061,70,255,255,255
3695,126.13941580099981,14.997452735900879,-9.95744514465332,-15.003143310546875,0.8914823532104492,1.3632651567459106,0.010204751044511795,0.0,0.0,0.0,1.0745452195354852,70,255,255,255
3696,126.16754318099993,15.02719783782959,-9.908645629882812,-15.000503540039062,0.8900928497314453,1.3728259801864624,-0.035538673400878906,0.0,0.0,0.0,1.0787852383070002,70,255,255,255
3697,126.20045697899968,15.057376861572266,-9.859991073608398,-14.999496459960938,0.8910770416259766,1.3823386430740356,-0.04306866228580475,0.0,0.0,0.0,1.0837511682126437,70,255,255,255
3698,126.2384216129999,15.086692810058594,-9.811470985412598,-14.998428344726562,0.877533495426178,1.4050757884979248,-0.026394395157694817,0.0,0.0,0.0,1.0852648423972175,70,255,255,255
3699,126.2701677379996,15.122003555297852,-9.750624656677246,-14.9967041015625,0.8505728244781494,1.4366880655288696,-0.008867863565683365,0.0,0.0,0.0,1.0898298334007497,70,255,255,255
3700,126.30278380399977,15.153502464294434,-9.702468872070312,-14.994171142578125,0.8612088561058044,1.4457005262374878,-0.015751710161566734,0.0,0.0,0.0,1.0943255822159397,70,255,255,255
3701,126.33649395899965,15.185027122497559,-9.654576301574707,-14.992523193359375,0.8839725255966187,1.448732614517212,-0.042769528925418854,0.0,0.0,0.0,1.0956405845831936,70,255,255,255
3702,126.3738541319999,15.216925621032715,-9.606770515441895,-14.991485595703125,0.8998836278915405,1.4630261659622192,-0.0371096096932888,0.0,0.0,0.0,1.100073016743467,70,255,255,255
3703,126.40533499799994,15.24959945678711,-9.558462142944336,-14.9896240234375,0.9171469807624817,1.4748347997665405,-0.005592736881226301,0.0,0.0,0.0,1.1037657559109708,70,255,255,255
3704,126.4382138269998,15.2838716506958,-9.509060859680176,-14.985580444335938,0.9057916402816772,1.4767814874649048,0.009589000605046749,0.0,0.0,0.0,1.1057653904154567,70,255,255,255
3705,126.47673251999959,15.325540542602539,-9.447723388671875,-14.981292724609375,0.8937047719955444,1.4884873628616333,-0.006224313750863075,0.0,0.0,0.0,1.109627040575099,70,255,255,255
3706,126.50768845699986,15.358109474182129,-9.398929595947266,-14.978240966796875,0.8910683393478394,1.4922515153884888,0.0039163511246442795,0.0,0.0,0.0,1.1138849691049448,70,255,255,255
3707,126.5407763799999,15.39149284362793,-9.348184585571289,-14.975997924804688,0.8793441653251648,1.496888518333435,0.0179736390709877,0.0,0.0,0.0,1.1158295427538936,70,255,255,255
3708,126.58121288899974,15.425459861755371,-9.296160697937012,-14.973876953125,0.8784474730491638,1.4933375120162964,0.025267835706472397,0.0,0.0,0.0,1.1194766752877299,70,255,255,255
3709,126.61189764999972,15.458785057067871,-9.244645118713379,-14.971939086914062,0.8774973750114441,1.5008398294448853,0.039293769747018814,0.0,0.0,0.0,1.123807108378253,70,255,255,255
3710,126.64281496799958,15.491904258728027,-9.193317413330078,-14.970001220703125,0.8981725573539734,1.5099461078643799,0.027932094410061836,0.0,0.0,0.0,1.1258982224661833,70,255,255,255
3711,126.67893846099969,15.534663200378418,-9.127737998962402,-14.96685791015625,0.9138630628585815,1.5136967897415161,0.022045182064175606,0.0,0.0,0.0,1.129671522256662,70,255,255,255
3712,126.71192184599977,15.569578170776367,-9.07485294342041,-14.964324951171875,0.9200013279914856,1.5260701179504395,0.0075545115396380424,0.0,0.0,0.0,1.1336606712534918,70,255,255,255
3713,126.744616039,15.60409927368164,-9.022513389587402,-14.962249755859375,0.9177531003952026,1.5301029682159424,0.0063858358189463615,0.0,0.0,0.0,1.1358400691315582,70,255,255,255
3714,126.78172725599961,15.63843822479248,-8.970481872558594,-14.960220336914062,0.9367241263389587,1.5323370695114136,0.015141685493290424,0.0,0.0,0.0,1.140237214407388,70,255,255,255
3715,126.81410557799973,15.67536449432373,-8.916905403137207,-14.958602905273438,0.9294947981834412,1.5439965724945068,0.007383988704532385,0.0,0.0,0.0,1.1440130442009022,70,255,255,255
3716,126.84721325199962,15.711435317993164,-8.863693237304688,-14.957672119140625,0.9306572079658508,1.5476174354553223,-0.006597926840186119,0.0,0.0,0.0,1.145850359036948,70,255,255,255
3717,126.88304890799964,15.754840850830078,-8.797459602355957,-14.957015991210938,0.9056439399719238,1.5645862817764282,-0.01960109919309616,0.0,0.0,0.0,1.14963351252346,70,255,255,255
3718,126.915836313,15.788558959960938,-8.743995666503906,-14.956954956054688,0.857826828956604,1.5952502489089966,-0.017798060551285744,0.0,0.0,0.0,1.1536986947694114,70,255,255,255
3719,126.95715426599963,15.822966575622559,-8.689943313598633,-14.95751953125,0.8582218289375305,1.5940544605255127,-0.018524499610066414,0.0,0.0,0.0,1.1572526832441223,70,255,255,255
3720,126.99981486299976,15.856928825378418,-8.636451721191406,-14.958282470703125,0.8709183931350708,1.5813801288604736,-0.021197570487856865,0.0,0.0,0.0,1.1594782869671014,70,255,255,255
3721,127.02177055699985,15.890527725219727,-8.583603858947754,-14.959640502929688,0.8772556781768799,1.578015685081482,-0.049907125532627106,0.0,0.0,0.0,1.1636711677873222,70,255,255,255
3722,127.05776361599965,15.922540664672852,-8.529787063598633,-14.96087646484375,0.840384304523468,1.579504370689392,-0.06646596640348434,0.0,0.0,0.0,1.1660059611149947,70,255,255,255
3723,127.09274591199983,15.960311889648438,-8.461723327636719,-14.962158203125,0.8245551586151123,1.5817667245864868,-0.07059615850448608,0.0,0.0,0.0,1.1710316124080833,70,255,255,255
3724,127.1260501959996,15.9900484085083,-8.407857894897461,-14.962997436523438,0.8268191814422607,1.5803214311599731,-0.045557308942079544,0.0,0.0,0.0,1.1757472717502866,70,255,255,255
3725,127.16204132999974,16.01917266845703,-8.354716300964355,-14.963653564453125,0.8163730502128601,1.5651488304138184,-0.05304069444537163,0.0,0.0,0.0,1.1779739407377017,70,255,255,255
3726,127.20046943699981,16.050012588500977,-8.302271842956543,-14.964553833007812,0.8060851693153381,1.5640473365783691,-0.0338515043258667,0.0,0.0,0.0,1.1821955836976954,70,255,255,255
3727,127.23222950799982,16.081586837768555,-8.2507963180542,-14.9652099609375,0.8286269903182983,1.5430524349212646,-0.033757783472537994,0.0,0.0,0.0,1.1865109699280598,70,255,255,255
3728,127.257015314,16.11345863342285,-8.200089454650879,-14.966354370117188,0.8662996888160706,1.5168260335922241,-0.04010071977972984,0.0,0.0,0.0,1.1885223223413421,70,255,255,255
3729,127.2957217219996,16.153682708740234,-8.137969970703125,-14.968109130859375,0.8782631158828735,1.5083229541778564,-0.05034339055418968,0.0,0.0,0.0,1.1922066725514122,70,255,255,255
3730,127.33327644999963,16.188432693481445,-8.090322494506836,-14.970184326171875,0.8668473362922668,1.5117712020874023,-0.06933924555778503,0.0,0.0,0.0,1.196393428101126,70,255,255,255
3731,127.3608790229996,16.222196578979492,-8.042757034301758,-14.973037719726562,0.8753443360328674,1.498168706893921,-0.1043621152639389,0.0,0.0,0.0,1.1988186357478066,70,255,255,255
3732,127.3970107099999,16.256103515625,-7.995949745178223,-14.97662353515625,0.8921392560005188,1.4819285869598389,-0.09289181977510452,0.0,0.0,0.0,1.203519248229851,70,255,255,255
3733,127.43172226499973,16.289052963256836,-7.949105262756348,-14.980300903320312,0.8570945858955383,1.4865846633911133,-0.0491858534514904,0.0,0.0,0.0,1.2077474159345152,70,255,255,255
3734,127.46159357299985,16.322416305541992,-7.901893138885498,-14.985305786132812,0.8458418846130371,1.4851030111312866,-0.010521880351006985,0.0,0.0,0.0,1.2100858045296592,70,255,255,255
3735,127.49960365699962,16.362407684326172,-7.842850208282471,-14.989761352539062,0.8240393400192261,1.4955445528030396,0.0025737236719578505,0.0,0.0,0.0,1.2139709570859214,70,255,255,255
3736,127.53866845699986,16.393882751464844,-7.795738697052002,-14.992706298828125,0.8319211006164551,1.4934409856796265,0.0034416490234434605,0.0,0.0,0.0,1.21651347697862,70,255,255,255
3737,127.56952117899982,16.426185607910156,-7.747687816619873,-14.99481201171875,0.8646799921989441,1.4959596395492554,-0.014285475946962833,0.0,0.0,0.0,1.2210881219411036,70,255,255,255
3738,127.60694043399963,16.459095001220703,-7.698798179626465,-14.996017456054688,0.8946104645729065,1.5089493989944458,-0.01659056916832924,0.0,0.0,0.0,1.2258044470735794,70,255,255,255
3739,127.6387514969997,16.491809844970703,-7.649612903594971,-14.9970703125,0.8720142245292664,1.530386209487915,0.0009697071509435773,0.0,0.0,0.0,1.2300081136962149,70,255,255,255
3740,127.66675517899967,16.522872924804688,-7.599991321563721,-14.997100830078125,0.8402889966964722,1.5457112789154053,0.02452513575553894,0.0,0.0,0.0,1.232378193908331,70,255,255,255
3741,127.70332044999986,16.562543869018555,-7.535262107849121,-14.992111206054688,0.8173278570175171,1.5647472143173218,0.04138362407684326,0.0,0.0,0.0,1.238089342866006,70,255,255,255
3742,127.73668691099965,16.594486236572266,-7.482097148895264,-14.986175537109375,0.831023633480072,1.5633584260940552,0.0443686880171299,0.0,0.0,0.0,1.2439367125134384,70,255,255,255
3743,127.76888753799994,16.62563705444336,-7.429130554199219,-14.980697631835938,0.804564893245697,1.5795756578445435,0.05818692222237587,0.0,0.0,0.0,1.2463731054366973,70,255,255,255
3744,127.8064895399998,16.65557098388672,-7.376547813415527,-14.97454833984375,0.7983733415603638,1.5668913125991821,0.08929122984409332,0.0,0.0,0.0,1.2518343167260684,70,255,255,255
3745,127.8397583029996,16.687442779541016,-7.32518196105957,-14.969406127929688,0.801992654800415,1.5662548542022705,0.09737417846918106,0.0,0.0,0.0,1.2565445165880371,70,255,255,255
3746,127.87247562699986,16.718488693237305,-7.274017333984375,-14.96484375,0.7809680700302124,1.568830966949463,0.08873012661933899,0.0,0.0,0.0,1.2587649271468906,70,255,255,255
3747,127.91375067199988,16.75603485107422,-7.210425853729248,-14.959442138671875,0.7915655970573425,1.561087965965271,0.07551569491624832,0.0,0.0,0.0,1.2635623455345593,70,255,255,255
3748,127.95109773099966,16.785640716552734,-7.15948486328125,-14.956008911132812,0.7863282561302185,1.561689019203186,0.05909103527665138,0.0,0.0,0.0,1.2685978505236812,70,255,255,255
3749,127.98371983499965,16.814626693725586,-7.107680797576904,-14.952896118164062,0.7705894112586975,1.5611335039138794,0.05855252221226692,0.0,0.0,0.0,1.270947823869567,70,255,255,255
3750,128.0163124859996,16.8428897857666,-7.056092739105225,-14.950424194335938,0.7574883103370667,1.5653103590011597,0.05098898708820343,0.0,0.0,0.0,1.2750236587598789,70,255,255,255
3751,128.04747253899995,16.87017250061035,-7.004464626312256,-14.948043823242188,0.7518019080162048,1.579213261604309,0.04747576639056206,0.0,0.0,0.0,1.2789266544954445,70,255,255,255
3752,128.0834950999997,16.89742088317871,-6.951331615447998,-14.94622802734375,0.7148823738098145,1.596935749053955,0.04519801214337349,0.0,0.0,0.0,1.2804743505629441,70,255,255,255
3753,128.1184085,16.93084716796875,-6.8830461502075195,-14.944915771484375,0.6989584565162659,1.613457441329956,0.034200072288513184,0.0,0.0,0.0,1.2835568263666561,70,255,255,255
3754,128.1536965219998,16.956249237060547,-6.8284502029418945,-14.94390869140625,0.6715195775032043,1.6227654218673706,0.04623708128929138,0.0,0.0,0.0,1.2881718182196547,70,255,255,255
3755,128.18677793899997,16.9808406829834,-6.7740397453308105,-14.942886352539062,0.6631799936294556,1.6376655101776123,0.027613576501607895,0.0,0.0,0.0,1.2898410875909163,70,255,255,255
3756,128.23345357899962,17.004850387573242,-6.719371795654297,-14.940322875976562,0.643608033657074,1.6600797176361084,0.002483891323208809,0.0,0.0,0.0,1.2943970904257693,70,255,255,255
3757,128.25286969299987,17.027908325195312,-6.6644134521484375,-14.9381103515625,0.6302921175956726,1.6732828617095947,-0.014076120220124722,0.0,0.0,0.0,1.2980714537817515,70,255,255,255
3758,128.28883112899985,17.04957389831543,-6.60921049118042,-14.93701171875,0.585536003112793,1.6869179010391235,-0.04227738827466965,0.0,0.0,0.0,1.3007757607106725,70,255,255,255
3759,128.33251053899994,17.075254440307617,-6.540377616882324,-14.936813354492188,0.5757967233657837,1.6912845373153687,-0.0535803884267807,0.0,0.0,0.0,1.305327103013618,70,255,255,255
3760,128.36316045399963,17.09637451171875,-6.484115123748779,-14.93524169921875,0.5456544160842896,1.7074978351593018,-0.07292519509792328,0.0,0.0,0.0,1.3091882871200693,70,255,255,255
3761,128.39379218199974,17.11634063720703,-6.427633285522461,-14.93499755859375,0.5286571383476257,1.7249176502227783,-0.08678940683603287,0.0,0.0,0.0,1.311374076584752,70,255,255,255
3762,128.4367785139998,17.135358810424805,-6.371225833892822,-14.93511962890625,0.5258538126945496,1.7284088134765625,-0.0822208821773529,0.0,0.0,0.0,1.314784121202544,70,255,255,255
3763,128.46119649599996,17.153989791870117,-6.314629554748535,-14.934417724609375,0.5458256602287292,1.72808039188385,-0.07892634719610214,0.0,0.0,0.0,1.319208830195656,70,255,255,255
3764,128.50179685099965,17.17316246032715,-6.2571702003479,-14.93170166015625,0.5463014245033264,1.738338589668274,-0.08057303726673126,0.0,0.0,0.0,1.3234565721343323,70,255,255,255
3765,128.53324318399973,17.196556091308594,-6.185126781463623,-14.929397583007812,0.5488846302032471,1.7476165294647217,-0.09283637255430222,0.0,0.0,0.0,1.3252653911467143,70,255,255,255
3766,128.56510824299994,17.215003967285156,-6.127597808837891,-14.928375244140625,0.5380722880363464,1.7562832832336426,-0.09007858484983444,0.0,0.0,0.0,1.3286517336308044,70,255,255,255
3767,128.60627215899967,17.23396873474121,-6.069003105163574,-14.926223754882812,0.5450137853622437,1.755433440208435,-0.09949633479118347,0.0,0.0,0.0,1.3324502002935845,70,255,255,255
3768,128.63319401399986,17.25217628479004,-6.00931453704834,-14.923416137695312,0.4922136962413788,1.7675797939300537,-0.10497164726257324,0.0,0.0,0.0,1.3344895158983126,70,255,255,255
3769,128.6627197189996,17.268970489501953,-5.950041770935059,-14.92120361328125,0.47526973485946655,1.7566683292388916,-0.0991305485367775,0.0,0.0,0.0,1.3382589541052108,70,255,255,255
3770,128.69514736499968,17.284351348876953,-5.89113712310791,-14.919281005859375,0.4131371080875397,1.767221212387085,-0.08466563373804092,0.0,0.0,0.0,1.3397332800846786,70,255,255,255
3771,128.73209561899967,17.301109313964844,-5.817060470581055,-14.915359497070312,0.4111071228981018,1.750607967376709,-0.07773502171039581,0.0,0.0,0.0,1.3434617056107896,70,255,255,255
3772,128.76482738999994,17.31341552734375,-5.758099555969238,-14.912185668945312,0.42495787143707275,1.7293827533721924,-0.07714403420686722,0.0,0.0,0.0,1.3474006540210712,70,255,255,255
3773,128.7976290949996,17.326204299926758,-5.700520038604736,-14.90948486328125,0.4225321412086487,1.7034997940063477,-0.06131786108016968,0.0,0.0,0.0,1.3487992130675264,70,255,255,255
3774,128.83414256099968,17.33893585205078,-5.64384651184082,-14.907012939453125,0.44192472100257874,1.6828805208206177,-0.06657271832227707,0.0,0.0,0.0,1.352602606578323,70,255,255,255
3775,128.86718555299967,17.35154914855957,-5.587160110473633,-14.904510498046875,0.4495841860771179,1.6739490032196045,-0.07320874184370041,0.0,0.0,0.0,1.3565687192317235,70,255,255,255
3776,128.90204573999972,17.363821029663086,-5.531200408935547,-14.902557373046875,0.41177502274513245,1.664982795715332,-0.06468382477760315,0.0,0.0,0.0,1.3577113484974221,70,255,255,255
3777,128.94644151900002,17.37819480895996,-5.462209701538086,-14.900970458984375,0.44386446475982666,1.638811469078064,-0.06856928765773773,0.0,0.0,0.0,1.3615333841358492,70,255,255,255
3778,128.97510952099992,17.39044189453125,-5.4076385498046875,-14.901077270507812,0.48299843072891235,1.632962942123413,-0.06577257066965103,0.0,0.0,0.0,1.3635247628409561,70,255,255,255
3779,129.00586669899985,17.400850296020508,-5.35252046585083,-14.904052734375,0.47513100504875183,1.6303538084030151,-0.06911840289831161,0.0,0.0,0.0,1.367839749597157,70,255,255,255
3780,129.0555117089998,17.41114044189453,-5.297916889190674,-14.907318115234375,0.46165671944618225,1.6310985088348389,-0.08485811203718185,0.0,0.0,0.0,1.3748365395710676,70,255,255,255
3781,129.08402081999975,17.42081642150879,-5.243661403656006,-14.91009521484375,0.42915451526641846,1.6279500722885132,-0.059518106281757355,0.0,0.0,0.0,1.3767914329692403,70,255,255,255
3782,129.106907847,17.43025016784668,-5.189180850982666,-14.911712646484375,0.42200300097465515,1.6267130374908447,-0.053135946393013,0.0,0.0,0.0,1.3787447284707588,70,255,255,255
3783,129.14963012499993,17.441810607910156,-5.120903491973877,-14.913299560546875,0.4324149191379547,1.6276475191116333,-0.0870094895362854,0.0,0.0,0.0,1.383232554381706,70,255,255,255
3784,129.18415043999994,17.451589584350586,-5.066707134246826,-14.915237426757812,0.419053316116333,1.6291931867599487,-0.0830346867442131,0.0,0.0,0.0,1.3879842995566798,70,255,255,255
3785,129.21426537099978,17.461397171020508,-5.0125908851623535,-14.917831420898438,0.41049885749816895,1.6396147012710571,-0.10089027136564255,0.0,0.0,0.0,1.390092058401423,70,255,255,255
3786,129.24970500499967,17.47165870666504,-4.955775737762451,-14.9227294921875,0.44322633743286133,1.6521245241165161,-0.09461337327957153,0.0,0.0,0.0,1.3946621759900535,70,255,255,255
3787,129.28762466299986,17.48225975036621,-4.898451328277588,-14.9278564453125,0.42553070187568665,1.6598149538040161,-0.10227927565574646,0.0,0.0,0.0,1.4004143376285156,70,255,255,255
3788,129.315114602,17.492998123168945,-4.841574668884277,-14.932907104492188,0.4346534013748169,1.6531145572662354,-0.07961274683475494,0.0,0.0,0.0,1.4034254407150137,70,255,255,255
3789,129.35676459599972,17.50722312927246,-4.771369934082031,-14.938262939453125,0.4391308128833771,1.6551169157028198,-0.07952722907066345,0.0,0.0,0.0,1.4077269785077098,70,255,255,255
3790,129.38679305300002,17.51729393005371,-4.714478969573975,-14.945693969726562,0.46627405285835266,1.6602749824523926,-0.10969352722167969,0.0,0.0,0.0,1.412932260016324,70,255,255,255
3791,129.41804280099996,17.527523040771484,-4.657835006713867,-14.953811645507812,0.43873488903045654,1.6630277633666992,-0.13008220493793488,0.0,0.0,0.0,1.4152321659337166,70,255,255,255
3792,129.456760778,17.537229537963867,-4.601483345031738,-14.96185302734375,0.4195857644081116,1.6764776706695557,-0.14023052155971527,0.0,0.0,0.0,1.419049274724127,70,255,255,255
3793,129.4881332519999,17.547101974487305,-4.544283866882324,-14.9700927734375,0.4322769343852997,1.6866035461425781,-0.16936521232128143,0.0,0.0,0.0,1.422451596174758,70,255,255,255
3794,129.51973264799972,17.557401657104492,-4.485105991363525,-14.97802734375,0.44834163784980774,1.6867254972457886,-0.14549335837364197,0.0,0.0,0.0,1.4247075599341639,70,255,255,255
3795,129.5538024409998,17.57094955444336,-4.411923408508301,-14.986740112304688,0.4277207553386688,1.69180428981781,-0.1274353265762329,0.0,0.0,0.0,1.4289836645384497,70,255,255,255
3796,129.586006558,17.581722259521484,-4.354184150695801,-14.992599487304688,0.43014851212501526,1.6739037036895752,-0.09685046970844269,0.0,0.0,0.0,1.4326525684141973,70,255,255,255
3797,129.61814598499996,17.593036651611328,-4.2970051765441895,-14.99664306640625,0.41914576292037964,1.6761927604675293,-0.08285428583621979,0.0,0.0,0.0,1.4344848232441718,70,255,255,255
3798,129.65490130399985,17.605247497558594,-4.239974498748779,-14.999114990234375,0.45023462176322937,1.6741150617599487,-0.053091634064912796,0.0,0.0,0.0,1.4382745014753546,70,255,255,255
3799,129.68744623899966,17.618030548095703,-4.1830034255981445,-15.00103759765625,0.4399590790271759,1.694598913192749,-0.06038316711783409,0.0,0.0,0.0,1.442289216818649,70,255,255,255
3800,129.7210870289996,17.63034439086914,-4.12584924697876,-15.003524780273438,0.43473541736602783,1.7072598934173584,-0.07311650365591049,0.0,0.0,0.0,1.4440952395118862,70,255,255,255
3801,129.75744556899963,17.645198822021484,-4.0540971755981445,-15.007369995117188,0.3886377811431885,1.728200078010559,-0.06178871542215347,0.0,0.0,0.0,1.447765741284288,70,255,255,255
3802,129.790383089,17.65622901916504,-3.9963748455047607,-15.010635375976562,0.3848815858364105,1.740966558456421,-0.06895054876804352,0.0,0.0,0.0,1.4517526265941911,70,255,255,255
3803,129.82312330899958,17.666711807250977,-3.9384496212005615,-15.013229370117188,0.32948872447013855,1.7596319913864136,-0.030761675909161568,0.0,0.0,0.0,1.4541169810099634,70,255,255,255
3804,129.86038193299964,17.67601203918457,-3.8803372383117676,-15.014694213867188,0.3432177007198334,1.7627812623977661,-0.010891270823776722,0.0,0.0,0.0,1.4582302333135908,70,255,255,255
3805,129.89386216000003,17.68382453918457,-3.8221657276153564,-15.01861572265625,0.3037394881248474,1.7781599760055542,-0.040378883481025696,0.0,0.0,0.0,1.4634163400623568,70,255,255,255
3806,129.9274375509999,17.690685272216797,-3.7638449668884277,-15.022293090820312,0.2765936851501465,1.7843742370605469,-0.03356640413403511,0.0,0.0,0.0,1.4651282200110596,70,255,255,255
3807,129.9654776579996,17.699243545532227,-3.6910979747772217,-15.025985717773438,0.2956118881702423,1.7886279821395874,-0.013564609922468662,0.0,0.0,0.0,1.4703645273463735,70,255,255,255
3808,130.00482885699967,17.70644187927246,-3.633240222930908,-15.028839111328125,0.28241339325904846,1.7961065769195557,-0.024282412603497505,0.0,0.0,0.0,1.475105353560878,70,255,255,255
