t,px,py,pz,vx,vy,vz,yaw_deg
0.007400494000194158,-3.174230217241323,-2.936407432629713,-14.933212280273438,0.19967044891512473,-0.10799373611972207,-0.1467953622341156,0.1983175128698349
0.0501820930003305,-3.177851803922228,-2.9401217267772717,-14.941543579101562,0.6477271888140217,-0.574007723435705,-0.1134893000125885,0.2076508104801178
0.10097844000028999,-3.179706237981166,-2.9415066778807573,-14.945816040039062,0.18541988730430603,-0.08291684836149216,-0.14283795654773712,0.1876029521226883
0.15118519499992544,-3.1687356419729373,-2.9575340635434038,-14.954620361328125,0.752729032950421,-0.613569481912101,-0.18613967299461365,0.41667452454566956
0.2002302169998984,-3.1418381900600365,-2.985129252782922,-14.961532592773438,0.23966841399669647,-0.0599440298974514,-0.21990451216697693,0.8973219394683838
0.25086051000016596,-3.0235463257504076,-3.091806455531419,-14.97515869140625,4.448550800945568,-3.7655239809793914,-0.2090914249420166,2.9465742111206055
0.3010007160000896,-2.8900900765085953,-3.2028107585974674,-14.982162475585938,0.46485036611557007,-0.07782275229692459,-0.18928328156471252,5.206740856170654
0.35034221400019305,-2.6896875299407292,-3.344309215529609,-14.993682861328125,0.7200963497161865,-0.10866666585206985,-0.13729730248451233,8.189854621887207
0.40064468099990336,-2.309082296710228,-3.5891004445367996,-14.997970581054688,0.9142969846725464,-0.14812181890010834,-0.1112428829073906,14.015807151794434
0.4505895320003219,-1.9525239140155564,-3.7646743945482206,-15.001541137695312,1.2399656772613525,-0.2121070921421051,-0.017951535061001778,18.64777374267578
0.5008119940002871,-1.3979399675133253,-3.9871058387519858,-15.000625610351562,15.65202334387186,-5.062423078129609,0.029055526480078697,26.24098014831543
0.550692958000127,-0.9256318531311667,-4.113363263413094,-14.992141723632812,1.7680027484893799,-0.2489471137523651,0.12724296748638153,31.689863204956055
0.600640205000218,-0.2506623765835456,-4.221443019394951,-14.984542846679688,29.544811446636245,-2.66482088690513,0.16282042860984802,40.00801467895508
0.651435193999987,0.21399940962663822,-4.245283986161388,-14.978134155273438,2.2503199577331543,-0.24182622134685516,0.14525097608566284,45.48422622680664
0.7007985170002939,0.9472822169540203,-4.212776278586368,-14.965911865234375,18.685326234236925,2.1638713059094377,0.15633659064769745,53.55995178222656
0.7507378720001725,1.3949198277792436,-4.14829005192826,-14.960769653320312,2.91241192817688,-0.23809513449668884,0.10442551970481873,58.6058464050293
0.8001332450003247,2.0966874199572483,-4.01378961748615,-14.953872680664062,22.24779759953667,6.818743186331685,0.013151661492884159,65.60150146484375
0.8503399940000236,2.49955662864675,-3.897852084146745,-14.952682495117188,3.7237889766693115,-0.2427651435136795,-0.00819470826536417,69.93878173828125
0.9010609040001327,3.000165759656997,-3.777543544161145,-14.954574584960938,4.120750904083252,-0.2012384682893753,-0.08820284903049469,73.95185089111328
0.9508264999999483,3.469043575774129,-3.5730216660600496,-14.957443237304688,12.41814435401181,5.337338819622347,-0.09136490523815155,79.3646240234375
1.0008574749999752,3.9748915805145577,-3.442461448466469,-14.9661865234375,4.780957221984863,-0.15822839736938477,-0.13659170269966125,82.58322143554688
1.0502323380001144,4.370048455810558,-3.23793808710283,-14.9716796875,10.636294130821756,4.970361351914466,-0.14532071352005005,86.92549133300781
1.1011303029999908,4.837212929738164,-3.094281695591243,-14.981552124023438,5.310894012451172,-0.08673501759767532,-0.12455560266971588,89.74605560302734
1.1502780340001664,5.158123041749153,-2.9310095175486164,-14.986648559570312,9.086087401344695,3.923088450741283,-0.0967201367020607,92.78124237060547
1.2009871660002318,5.630723317872851,-2.8314739394667625,-14.999481201171875,5.726918697357178,-0.031558696180582047,-0.13842488825321198,94.50991821289062
1.2502457240002514,5.9075799401189455,-2.7109936332072593,-15.005661010742188,8.238360144190008,2.9854619768662327,-0.14189213514328003,96.57754516601562
1.3007697420002842,6.323470138900742,-2.6517604055414163,-15.018417358398438,6.129876136779785,-0.005047919228672981,-0.12933021783828735,97.58798217773438
1.350425161000203,6.547115757875442,-2.60879180887035,-15.024993896484375,6.226360321044922,0.01076674833893776,-0.13342799246311188,98.302734375
1.400997524000104,6.769653243974831,-2.5709469533767773,-15.031021118164062,7.012306381161257,0.9261019451245088,-0.10407349467277527,98.91094970703125
1.450209126000118,7.234193476291596,-2.5435745049071494,-15.039382934570312,6.587882041931152,0.05751507729291916,-0.10254984349012375,99.20069885253906
1.5005809790000058,7.437019139760364,-2.5444305637346414,-15.043106079101562,6.406371259936258,-0.28875339980769105,-0.10705357044935226,99.1081771850586
1.5507714760001363,7.839728753569792,-2.5564061789126575,-15.054046630859375,6.842381477355957,0.06561440974473953,-0.08835920691490173,98.74040985107422
1.6004291409999496,8.022125468455178,-2.5923864712546516,-15.060302734375,5.9513906950709385,-1.2440296296570033,-0.08471421897411346,98.04592895507812
1.650555754999914,8.480927817126135,-2.6216112380483483,-15.070083618164062,7.093724727630615,0.07597888261079788,-0.047422464936971664,97.31977081298828
1.700614534000124,8.646800815230765,-2.6859301263205864,-15.073516845703125,5.326387045986819,-2.172945701144965,-0.06581582129001617,96.08659362792969
1.7508543880003344,9.054028982744931,-2.7265920270864434,-15.079818725585938,7.262513637542725,0.05841311439871788,-0.052617188543081284,95.1448745727539
1.8002685890000976,9.235660003976243,-2.7731698057318015,-15.084609985351562,7.320385456085205,0.0595732182264328,-0.08279100805521011,94.18650817871094
1.851111463000052,9.691227731844114,-2.828862652044845,-15.095413208007812,7.453952312469482,0.05935470759868622,-0.04606461524963379,92.877197265625
1.9005844670000442,9.88424788630347,-2.867681582442995,-15.099166870117188,7.498328685760498,0.060059577226638794,-0.050175875425338745,92.03994750976562
1.9505167600000277,10.287418907572404,-2.9263370983152703,-15.111099243164062,5.2936474534499895,-2.293746084224927,-0.05409998074173927,90.59796905517578
2.0008200740003304,10.482770246545504,-2.9641874820481173,-15.1165771484375,7.638681888580322,0.0511280819773674,-0.04691644757986069,89.72013092041016
2.0503630910002357,10.962678947278835,-3.0110045702813117,-15.130340576171875,6.191476509406281,-1.4572773496734837,-0.02248717099428177,88.48429870605469
2.1006961910002246,11.166461151390138,-3.042322870499633,-15.13592529296875,7.759060859680176,0.031372640281915665,-0.013818282634019852,87.73383331298828
2.1503856520002955,11.596473135991877,-3.082666443127075,-15.144500732421875,6.12745863594324,-1.4408661267372518,0.037446655333042145,86.6581039428711
2.2007912770000075,11.805783289004925,-3.105310816540317,-15.149032592773438,7.793253421783447,0.03619895502924919,0.05362795665860176,86.04940032958984
2.250637009000002,12.079449527859254,-3.1241527739863573,-15.153594970703125,7.781777381896973,0.029754020273685455,0.05983193218708038,85.49390411376953
2.3005925880001996,12.525071128969573,-3.145460699810558,-15.156997680664062,6.60417760391133,-0.928541348616464,0.0769941583275795,84.78335571289062
2.350755328000105,12.742590857702297,-3.15833840479144,-15.155868530273438,7.712831497192383,0.03806537017226219,0.06848686933517456,84.36669921875
2.4003416710002057,13.187166799048427,-3.1752213228563204,-15.152496337890625,6.7373066569221205,-0.6791294558536095,0.1360306739807129,83.73304748535156
2.4505606460002127,13.472269413379909,-3.177642527242529,-15.147750854492188,7.614288806915283,0.05258053541183472,0.17446023225784302,83.48612976074219
2.500321711000197,13.930388244020424,-3.1764795187800736,-15.139007568359375,7.1527477484774336,-0.18222020713994302,0.1498141586780548,83.21265411376953
2.5504349590000857,14.158867584605897,-3.174440907854075,-15.136062622070312,7.37662935256958,0.05954866111278534,0.11972023546695709,83.1213607788086
2.601149861000067,14.617576199465775,-3.1632867304958627,-15.133682250976562,7.37508729908011,0.20751607494333832,0.15169866383075714,83.13787841796875
2.6506060930000785,14.90514749021503,-3.1530965301388214,-15.130599975585938,7.101321697235107,0.04441840574145317,0.17256948351860046,83.23762512207031
2.7014427210001486,15.359519610811931,-3.1314256716435604,-15.121292114257812,6.927158832550049,0.04408969730138779,0.19111041724681854,83.42097473144531
2.750331219000145,15.599835039457433,-3.1070193648649167,-15.116485595703125,7.481962586236209,0.5737610305816819,0.15875723958015442,83.80348205566406
2.8003205300001355,16.046513987708067,-3.0769405931300646,-15.109756469726562,6.627715110778809,0.0373804047703743,0.12663963437080383,84.14746856689453
2.850328379000075,16.338780650743132,-3.0414399448530904,-15.107376098632812,7.39848414653583,0.7921870498650931,0.11126843839883804,84.6985092163086
2.900310177999927,16.769620276697598,-3.0075457658764213,-15.103713989257812,6.263241291046143,0.02679133042693138,0.08339101821184158,85.13182067871094
2.9504720710001493,17.00122686140613,-2.977890248024531,-15.101150512695312,7.157231705968953,0.8904917490606185,0.10323262214660645,85.6976547241211
3.000388337000004,17.219300665642272,-2.9568169841024083,-15.098342895507812,6.041845321655273,0.005406836047768593,0.10157894343137741,86.09298706054688
3.050131228000282,17.683802963941893,-2.922388107024107,-15.092147827148438,7.0384496763603215,1.119734327420418,0.0841529592871666,86.74226379394531
3.100257600000077,17.889341105417707,-2.902335729967403,-15.090179443359375,5.699453353881836,-0.010551964864134789,0.08090861886739731,87.12808990478516
3.1502790130002722,18.271509132558894,-2.8812249117208943,-15.08599853515625,5.472041606903076,-0.027078382670879364,0.0852762907743454,87.54497528076172
3.200529906000156,18.47503976960779,-2.8543938412992755,-15.083984375,6.165202956132639,0.7378110489287466,0.0760173425078392,88.0937728881836
3.2511159450000378,18.86827231773144,-2.8426782194538296,-15.082809448242188,5.060072422027588,-0.07055819034576416,0.03249088302254677,88.4225845336914
3.3014601600002607,19.052113827570587,-2.8239153157063637,-15.082489013671875,5.350576285838519,0.32773057548399565,0.01886298879981041,88.84674072265625
3.3517794009999307,19.218266799081814,-2.8190347967104663,-15.078659057617188,4.803839206695557,-0.07924823462963104,0.024155037477612495,88.97850036621094
3.4005157260003216,19.539796793010726,-2.809712786403189,-15.068496704101562,4.789890635372675,0.11192797340102714,0.043487340211868286,89.23428344726562
3.4513922510000157,19.694911312560617,-2.8054905765568847,-15.06329345703125,4.4615559577941895,-0.09729433059692383,0.0825703889131546,89.36614227294922
3.5017377859999215,20.028982119479352,-2.808424702417541,-15.04534912109375,4.538855638965835,0.21377723074039245,0.09705032408237457,89.55587768554688
3.550675811000019,20.174906711647697,-2.8060743374019252,-15.03814697265625,4.329212324109948,0.1510830970414837,0.08940338343381882,89.71466064453125
3.6010744730001534,20.438411280235222,-2.8159656028569007,-15.029876708984375,3.827044725418091,-0.12699568271636963,0.045771289616823196,89.77371215820312
3.6509547539999403,20.573319298543897,-2.811574372978745,-15.027130126953125,3.679134449976141,-0.15934172502618485,0.041907403618097305,89.98439025878906
3.7007926139999654,20.838513022494134,-2.8258675225074965,-15.022232055664062,3.4357731342315674,-0.14553067088127136,0.021974559873342514,89.98638916015625
3.7511218340000596,20.949294753438537,-2.8343252598830477,-15.021514892578125,3.2533199054088775,-0.2567905006130373,-0.00016005069483071566,89.93995666503906
3.80028653699992,21.16255383637278,-2.85029362790968,-15.021469116210938,3.1763224601745605,-0.14245672523975372,0.0011365916579961777,89.86901092529297
3.8502802530001645,21.28794871030572,-2.866386438330596,-15.019577026367188,2.8548012778206617,-0.36562504783782307,0.0011856022756546736,89.72309112548828
3.900356749999901,21.485090501877664,-2.8862915103321374,-15.015396118164062,2.86575984954834,-0.15829437971115112,0.01874273270368576,89.6170425415039
3.950622943000326,21.576338449185307,-2.898583894016809,-15.013595581054688,2.7913331985473633,-0.15200142562389374,0.029466714709997177,89.516357421875
4.000451942999916,21.761294095710596,-2.9188793928239374,-15.0072021484375,2.4431181971200453,-0.3058154639075079,0.03775906190276146,89.38418579101562
4.050814381000237,21.846025699982604,-2.9307701456916866,-15.004638671875,2.4915976524353027,-0.14523395895957947,0.032164111733436584,89.27823638916016
4.10029529700023,22.02986392375494,-2.95252974731093,-14.998077392578125,2.2113425668128097,-0.2592849974216319,0.015619806945323944,89.1231689453125
4.150635139000315,22.106880230674992,-2.9625874990679475,-14.995376586914062,2.212944746017456,-0.1393706053495407,0.012737750075757504,89.04444885253906
4.20026368400022,22.252733872112458,-2.9808614410176935,-14.989715576171875,1.9095247105203712,-0.2681301397588452,-0.0021468589548021555,88.91008758544922
4.250857599000028,22.325732700751605,-2.989705709426104,-14.986480712890625,1.988969087600708,-0.12144944816827774,-0.014778800308704376,88.85599517822266
4.300953378000031,22.411321812633414,-3.0016582364419673,-14.983108520507812,1.8738842010498047,-0.11213024705648422,-0.01883077621459961,88.7649154663086
4.350803117999931,22.544932062100916,-3.017019650494844,-14.979202270507812,1.6125960507637527,-0.20802490237546034,-0.023726947605609894,88.7318344116211
4.400365596000029,22.607927351882278,-3.0282411009402237,-14.97711181640625,1.620839948395821,-0.13555369979917667,-0.019829964265227318,88.69429779052734
4.451585596000314,22.72524730372853,-3.047818842763157,-14.976272583007812,1.4223749905767709,-0.16507212385815287,-0.055144619196653366,88.66072845458984
4.502640402999987,22.796108107524947,-3.062517052747959,-14.976531982421875,1.4074046922871237,-0.07887309009669065,-0.04037835821509361,88.64668273925781
4.553371960000277,22.899810200368623,-3.0847132203429597,-14.976181030273438,1.174750239010118,-0.19974892968555363,-0.022432589903473854,88.61642456054688
4.600360447000185,22.950326134743484,-3.0930417811765167,-14.976089477539062,1.1723971366882324,-0.11225380003452301,-0.021254366263747215,88.62716674804688
4.650145858000087,23.053656345021732,-3.100399238348653,-14.976211547851562,1.1202289345904382,-0.052537076077932544,-0.019668947905302048,88.73283386230469
4.700223111000014,23.11065619285387,-3.1073401175781137,-14.976669311523438,1.0096549987792969,-0.11405060440301895,-0.033193111419677734,88.74992370605469
4.7505550260002565,23.198741781639875,-3.1223556347770285,-14.972213745117188,0.9098614454269409,-0.10255809873342514,-0.0657772347331047,88.73128509521484
4.800424616000328,23.24410789715575,-3.1259276697488887,-14.96990966796875,0.9173196024393471,-0.054530196832404794,-0.08909459412097931,88.79219818115234
4.850552912000239,23.32810988785215,-3.135502645415114,-14.969085693359375,0.7919990420341492,-0.08564446866512299,-0.09175416827201843,88.84272003173828
4.900333142999898,23.382827671904483,-3.137848821137705,-14.969528198242188,0.862398685175071,0.05179963895601006,-0.06429146975278854,88.93342590332031
4.950598987999911,23.45634392918685,-3.145497897341864,-14.968887329101562,0.6448963284492493,-0.06836363673210144,-0.018675142899155617,88.97814178466797
5.000736287000109,23.496405981617528,-3.1489828622768465,-14.96588134765625,0.7259088661031068,0.045876162525993455,-0.030081283301115036,89.0536117553711
5.052694872000302,23.533671072514103,-3.152539967788874,-14.963699340820312,0.5640272498130798,-0.06722266972064972,-0.02213406004011631,89.11968994140625
5.100708850000046,23.608768351652454,-3.161347914828795,-14.957794189453125,0.4854893684387207,-0.07055971771478653,-0.02335517108440399,89.21756744384766
5.152708930000244,23.645266377379684,-3.1618775807901374,-14.952102661132812,0.6179852178556948,0.1414559773218376,-0.0008576447144150734,89.30599212646484
5.2012782690003405,23.699801392700945,-3.1697545549967483,-14.94171142578125,0.3088688254356384,-0.05545162409543991,0.006427623797208071,89.32817077636719
5.251334609999958,23.72790919960012,-3.1722080659622396,-14.937850952148438,0.2828441560268402,-0.041510239243507385,-0.008396212011575699,89.35977935791016
5.3023500369999965,23.758425730055706,-3.1729015386252772,-14.934829711914062,0.2484617531299591,-0.02524246834218502,-0.023030536249279976,89.41566467285156
5.352477120999993,23.808168964042576,-3.1802123676640326,-14.93011474609375,0.08532668927536707,-0.08237752888977916,-0.03735871985554695,89.39579010009766
5.40267255200024,23.831307298475206,-3.1823084625356532,-14.928268432617188,0.12726586376579804,-0.024063637516624166,-0.06058703362941742,89.40679168701172
5.452045519999956,23.870100836773133,-3.1869505573645034,-14.92608642578125,0.14073002847161414,0.07438189633878761,-0.06151306629180908,89.40296936035156
5.502332347999982,23.886006701713157,-3.1885548234345538,-14.925338745117188,-0.11899964588921394,-0.11675895460968358,-0.07260692864656448,89.40142822265625
5.552602055000079,23.924780438343795,-3.191361380878904,-14.91595458984375,-0.018225783532251565,0.03670037712082479,-0.06271811574697495,89.40945434570312
5.600175383000078,23.946744443596074,-3.1842687684034767,-14.91290283203125,-0.025960566475987434,0.0326792374253273,-0.05976632609963417,89.56664276123047
5.650344895000217,23.97978664420731,-3.185617916525535,-14.913421630859375,-0.08343751728534698,0.03485681489109993,-0.053461704403162,89.63572692871094
5.700194476999968,23.99380698411277,-3.187651643800654,-14.915298461914062,-0.0520474570602396,0.09585028484488303,-0.06032069772481918,89.65128326416016
5.75042817800022,24.018952642730554,-3.1930854444925174,-14.919906616210938,-0.16312585771083832,0.031811319291591644,-0.05746420472860336,89.68839263916016
5.800323503000072,24.029562978187425,-3.19763213353407,-14.923736572265625,-0.19911156594753265,0.02420414611697197,-0.08352197706699371,89.69422149658203
5.851598307000131,24.045066709900528,-3.2050620267301917,-14.93060302734375,-0.20270319775063936,0.056780064284591675,-0.045311033725738525,89.70974731445312
5.900478176999968,24.060602519750567,-3.209320063697436,-14.930923461914062,-0.24034133738830607,0.03391694805787524,-0.05329793319106102,89.7147216796875
5.952032729000166,24.082437824432873,-3.214305955545304,-14.9312744140625,-0.19105111347438303,0.08166618463068095,-0.051144424825906754,89.73150634765625
6.002522752999994,24.090856146175327,-3.216478962874213,-14.931716918945312,-0.2588856027365481,0.014619678623338253,-0.056479912251234055,89.73196411132812
6.05227749200003,24.10296831100413,-3.2186481120412878,-14.93402099609375,-0.28547805888150035,-0.016148367676720454,-0.06711318343877792,89.73860931396484
6.101440091000313,24.12287596158025,-3.2205432021991642,-14.938385009765625,-0.2512427568435669,0.06616779416799545,-0.0597880519926548,89.77253723144531
6.158216564000213,24.132963042775955,-3.2220647963997266,-14.94073486328125,-0.2201864868402481,0.06486321240663528,-0.06727253645658493,89.75634002685547
6.20053136200022,24.152652490332194,-3.2199047698571,-14.943496704101562,-0.3228376500687112,-0.014006443522464468,-0.03917669877409935,89.75452423095703
6.2519459620002635,24.159388149329867,-3.2183966758946045,-14.944564819335938,-0.22928308941161263,0.1027989904721427,-0.03133052960038185,89.74761199951172
6.302242997000121,24.175821052008885,-3.2186527270183642,-14.94805908203125,-0.30729249119758606,0.08800415694713593,-0.06391871720552444,89.7453842163086
6.353855260000273,24.182828811030557,-3.2198322699578905,-14.950668334960938,-0.2980206171835172,0.08298379736072828,-0.04765627533197403,89.73149871826172
6.4047302809999564,24.194183952738065,-3.2204831697978227,-14.952926635742188,-0.3402071349890867,0.05710385220911851,-0.0762815847992897,89.72781372070312
6.451671718999933,24.201058517993836,-3.220704246437454,-14.952377319335938,-0.3078933656215668,0.09711605310440063,-0.059919435530900955,89.72419738769531
6.502261806000206,24.209643658926236,-3.2197410624932936,-14.951004028320312,-0.33673590421676636,0.09550616890192032,-0.02493663690984249,89.72075653076172
6.551467371999934,24.217868074261713,-3.2224809109235486,-14.952804565429688,-0.38504170456673736,0.02151775657444431,-0.049060408025979996,89.71038818359375
6.600214552000125,24.223712237147332,-3.2267031587598005,-14.957550048828125,-0.35199445486068726,0.09386960417032242,-0.05382753163576126,89.6727066040039
6.650654515000042,24.224606143003243,-3.2288125325831194,-14.9603271484375,-0.5290836958226963,-0.06394316002260322,-0.054903410375118256,89.65672302246094
6.700626576000104,24.224641475711927,-3.2342005646228627,-14.968780517578125,-0.408464640378952,0.08353471755981445,-0.058566268533468246,89.6646728515625
6.750271862000318,24.220998088335104,-3.2379839636701098,-14.973983764648438,-0.41403235078564554,0.07273755606917466,-0.058578360825777054,89.64286804199219
6.80056837400025,24.220855161327286,-3.2444534050254843,-14.981109619140625,-0.4107670187950134,0.09503941982984543,-0.08073056489229202,89.6211166381836
6.851012697999977,24.221561189001143,-3.2452477242787974,-14.985397338867188,-0.3502918344690535,0.17831302778635422,-0.06794368475675583,89.64942932128906
6.901279752999926,24.219577876093815,-3.246287202902301,-14.988998413085938,-0.3673510992336606,0.1888170703693725,-0.06558208167552948,89.65939331054688
6.950454703000105,24.21389134869996,-3.25296749372587,-14.995193481445312,-0.4493545591831207,0.1119692251086235,-0.024045972153544426,89.6364974975586
7.001761128999988,24.210675497519635,-3.253596596849964,-14.997283935546875,-0.4559157192707062,0.11292718350887299,-0.015306851826608181,89.65496063232422
7.050609036999958,24.199763672944993,-3.25683490538841,-14.99822998046875,-0.49925437569618225,0.10748282074928284,-0.00577984843403101,89.67288970947266
7.102402285000153,24.19282473401384,-3.258776853694736,-14.99725341796875,-0.5312644243240356,0.1059223860502243,0.008390125818550587,89.68814086914062
7.150314762000107,24.183813113278887,-3.2607873227654163,-14.99639892578125,-0.5281227231025696,0.10800439864397049,-0.002689568791538477,89.68807983398438
7.202285028000006,24.167228929175423,-3.2673316280729763,-14.9981689453125,-0.4949501781605028,0.13329151053469726,-0.01567048951983452,89.68902587890625
7.250826988999961,24.15468959599898,-3.2706704926109027,-15.00103759765625,-0.510235607624054,0.09129665046930313,-0.0029589186888188124,89.72750854492188
7.301762899000096,24.148188713336484,-3.2729623686739786,-15.00457763671875,-0.5217697024345398,0.09732671082019806,-0.00956779159605503,89.72901916503906
7.351624904000346,24.142795346199303,-3.273868774718702,-15.010208129882812,-0.33773124126205195,0.31634055269861705,-0.027214495465159416,89.74937438964844
7.400870878000205,24.121889664864053,-3.2777372267962286,-15.021148681640625,-0.589525580406189,0.11086685955524445,-0.0048655192367732525,89.72048950195312
7.451591995999934,24.113316498752795,-3.276829021506379,-15.026092529296875,-0.5180891092621945,0.1811327788504865,0.00017605695757083595,89.75320434570312
7.500707723000232,24.09029315738987,-3.2771591805484435,-15.034759521484375,-0.6215355396270752,0.12567560374736786,-1.5930389054119587e-05,89.7518310546875
7.55201904400019,24.07615668513152,-3.2765465859070355,-15.038864135742188,-0.6406726837158203,0.1282210350036621,-0.014854222536087036,89.75199127197266
7.600530538999919,24.04790725082617,-3.276726021350584,-15.0531005859375,-0.6386207342147827,0.10761337727308273,0.011517621576786041,89.74724578857422
7.650525764000122,24.036183792952418,-3.274856618590556,-15.057754516601562,-0.5452779114808505,0.17606520016121383,0.017986904829740524,89.77650451660156
7.701017718000003,24.01643737225837,-3.2739483799087044,-15.069503784179688,-0.6203011870384216,0.10941315442323685,0.03032524138689041,89.79890441894531
7.75151893400016,24.007071398056706,-3.273232660906799,-15.07537841796875,-0.6478861570358276,0.11482251435518265,0.024175716564059258,89.81359100341797
7.801613634000205,23.983507322396566,-3.2733250407179075,-15.088043212890625,-0.6040079332121427,0.10772878004248847,-0.006003785412758589,89.79633331298828
7.850352334000036,23.97826940742276,-3.271469590405654,-15.095489501953125,-0.5765192132026417,0.1388134781811904,0.002157350070774555,89.82860565185547
7.900995046999924,23.961167673010472,-3.2681864035474986,-15.1085205078125,-0.5159590428621129,0.22930549713770826,0.012268882244825363,89.84759521484375
7.952348568000161,23.95258374212258,-3.2678163479015576,-15.113616943359375,-0.591630242487032,0.1494035248917346,0.04274754971265793,89.84954071044922
8.001530986000034,23.943081874197905,-3.265212779604624,-15.118270874023438,-0.6215469241142273,0.13184520602226257,0.05741871893405914,89.89116668701172
8.052242624999963,23.918134538547648,-3.2659325829292856,-15.122467041015625,-0.8905937275978115,-0.1664271139369493,0.10610105097293854,89.85160064697266
8.101554085000316,23.91225030621256,-3.2623281155219517,-15.123992919921875,-0.6064148545265198,0.12379695475101471,0.1178172305226326,89.8687515258789
8.150153384000077,23.89429866568989,-3.2560313162148495,-15.124618530273438,-0.5971507430076599,0.14444658160209656,0.14161327481269836,89.86457824707031
8.201002950000202,23.882779988940666,-3.2518566292083153,-15.122604370117188,-0.5865120887756348,0.14447015523910522,0.16514688730239868,89.84963989257812
8.251257984999938,23.869406351452724,-3.2439443760988396,-15.116104125976562,-0.4683887052674534,0.23643112480551376,0.15098132193088531,89.845947265625
8.30107841400013,23.858195890817477,-3.241993030585441,-15.113113403320312,-0.583331823348999,0.14596985280513763,0.1681482344865799,89.80452728271484
8.351201756000137,23.84545350626669,-3.2373286438792936,-15.108444213867188,-0.49170923744523043,0.2652586455466862,0.13428543508052826,89.81757354736328
8.400527619000059,23.8399097585662,-3.2345334541792163,-15.106643676757812,-0.6015734672546387,0.13978677988052368,0.145169198513031,89.84007263183594
8.451004499000192,23.829364349526422,-3.231440225766962,-15.10333251953125,-0.6029377918480386,0.1293438294461533,0.12665018439292908,89.8030014038086
8.500506900000346,23.828033804633467,-3.2282067742022877,-15.101760864257812,-0.5573163032531738,0.14209584891796112,0.13057734072208405,89.80210876464844
8.5503023629999,23.822089022983192,-3.219974887281202,-15.098190307617188,-0.5539342761039734,0.13393722474575043,0.1427183896303177,89.82731628417969
8.601102107000315,23.821573118804775,-3.2167421660787188,-15.100738525390625,-0.4823996244545302,0.21190399449451136,0.11023528128862381,89.84001159667969
8.650997339000241,23.81499943647596,-3.2123957754155756,-15.105148315429688,-0.5425258278846741,0.12952080368995667,0.07772988826036453,89.83476257324219
8.700219414000003,23.813102006662877,-3.2082208822180815,-15.108291625976562,-0.4238743050602025,0.2506967805643803,0.04281551018357277,89.87332153320312
8.750742798999909,23.809660856213963,-3.2073128208343475,-15.116531372070312,-0.5333303809165955,0.12761572003364563,0.06956052035093307,89.84133911132812
8.800948865999999,23.80354108697506,-3.2070341661693247,-15.120208740234375,-0.7064763244849953,-0.04341329781176173,0.06438081711530685,89.80268096923828
8.851932495000256,23.80227109199409,-3.2039369965628266,-15.12286376953125,-0.5454445481300354,0.1222124770283699,0.07185307145118713,89.81604766845703
8.900594189000003,23.800849669431486,-3.1980475467736116,-15.1258544921875,-0.4600882659491057,0.17394834315488483,0.10067044943571091,89.8275146484375
8.950774650000312,23.79567082409881,-3.19748522442106,-15.12689208984375,-0.5027865767478943,0.10545291751623154,0.07518049329519272,89.78778839111328
9.001139746000263,23.795909148371692,-3.191481477577712,-15.126174926757812,-0.5054192543029785,0.08942882716655731,0.08305686712265015,89.79972839355469
9.050894313000299,23.793914160745267,-3.1891845493265274,-15.126144409179688,-0.48878368662871957,0.11053945464931578,0.07731053978204727,89.80307006835938
9.100558444999933,23.793669994949347,-3.1844154699073783,-15.128662109375,-0.49357134103775024,0.07569950073957443,0.0687774121761322,89.83023071289062
9.150720138999986,23.793384124971226,-3.1843099650810687,-15.131484985351562,-0.4368978237723481,0.11790359029858101,0.07054239511489868,89.81037139892578
9.20022028600033,23.792674891979345,-3.1818042527219053,-15.136184692382812,-0.4862099885940552,0.07643286138772964,0.07124926894903183,89.81727600097656
9.250304204000258,23.79832547972955,-3.1786625668899946,-15.138885498046875,-0.3885431765769772,0.16416952634980828,0.07931527495384216,89.88571166992188
9.300913590000164,23.799335677886464,-3.177323045112543,-15.1424560546875,-0.4733586013317108,0.06687216460704803,0.07325400412082672,89.9156265258789
9.350827261000177,23.800397445668356,-3.1753111998510306,-15.142868041992188,-0.3731602437510506,0.15988025724417498,0.06301417201757431,89.91881561279297
9.400555639000231,23.804670333415388,-3.168424041618179,-15.139694213867188,-0.4491712152957916,0.07112854719161987,0.07584924250841141,89.89729309082031
9.450488788000257,23.805486169992463,-3.1631757360738386,-15.138076782226562,-0.47747278213500977,0.07507400214672089,0.08169221878051758,89.92914581298828
9.500110663000214,23.806419673200246,-3.1592582356914587,-15.1424560546875,-0.49580979347229004,0.07908622175455093,0.06588384509086609,89.93152618408203
9.550106884000343,23.805001025369343,-3.156792165270308,-15.144607543945312,-0.5132099986076355,0.07930216193199158,0.07036329805850983,89.94084930419922
9.601343090000228,23.80157473401543,-3.1550678982955094,-15.145904541015625,-0.5713061439498112,-0.01318907366726893,0.10367250442504883,89.93283081054688
9.650710058000186,23.80850788049239,-3.1569841457777628,-15.145355224609375,-0.49240899085998535,0.06279151886701584,0.09739623963832855,89.9258804321289
9.702490063999903,23.809130958875034,-3.1562140692061655,-15.144256591796875,-0.4959970316101667,0.09276249656378821,0.11079376935958862,89.95024871826172
9.751042710000092,23.808473672244247,-3.158550603125414,-15.140716552734375,-0.5545704364776611,0.051903389394283295,0.09644925594329834,89.95834350585938
9.800152609000179,23.808298343703402,-3.1585817944494092,-15.13836669921875,-0.39446984445154143,0.24056845937173113,0.1058894470334053,89.9870376586914
9.850879975000225,23.804831352057136,-3.156697014591609,-15.132919311523438,-0.5471426844596863,0.07838766276836395,0.11619111150503159,90.03091430664062
9.900313405999896,23.80726098786091,-3.153903667972523,-15.129379272460938,-0.42291510323248216,0.17525735238153903,0.12791067361831665,90.0463638305664
9.95361001800029,23.806305340026686,-3.1482489904437325,-15.122695922851562,-0.48951777813943514,0.1658845067855385,0.09222370386123657,90.05540466308594
10.000515548000294,23.8090561795358,-3.1426879461776327,-15.121841430664062,-0.5353031754493713,0.1472020447254181,0.10745835304260254,90.07849884033203
10.051050917000339,23.80749654840985,-3.1313236957065027,-15.1197509765625,-0.5225814350484679,0.1919553623136535,0.10093037784099579,90.0423355102539
10.100431821000257,23.804447065981627,-3.125394068253165,-15.11846923828125,-0.49440187215805054,0.2234959900379181,0.09847462922334671,90.01795959472656
10.150904441999955,23.812674899645344,-3.1106197060505925,-15.11529541015625,-0.6499658752679661,0.18510456294693367,0.0991545245051384,89.97482299804688
10.20099660599999,23.810551037213116,-3.103463582476157,-15.11346435546875,-0.5309809446334839,0.3176709711551666,0.11079918593168259,89.91537475585938
10.250589063000007,23.813317247546664,-3.0809099469305927,-15.11041259765625,-0.6495988808510125,0.27137067945731014,0.09297942370176315,89.85416412353516
10.300809961000141,23.815203317597394,-3.0674066718892177,-15.109375,-0.5292935371398926,0.4361562132835388,0.0753103494644165,89.85771942138672
10.350828328000262,23.815474901966837,-3.0354858074207134,-15.108489990234375,-0.5210432505001205,0.5434618670804365,0.08244550973176956,89.85602569580078
10.400336479000089,23.81991992677172,-3.014362244441842,-15.108627319335938,-0.5469583868980408,0.5887905955314636,0.06794828921556473,89.87806701660156
10.45030634800014,23.81878181836771,-2.9631150882680575,-15.109420776367188,-0.5776965497225603,0.6988610365915191,0.05086733028292656,89.89720153808594
10.50028552699996,23.824227619627745,-2.936577866914971,-15.108413696289062,-0.5732688903808594,0.7479461431503296,0.057914890348911285,89.97030639648438
10.550775490999968,23.832079017676968,-2.906202189035355,-15.106964111328125,-0.5629150867462158,0.8098215460777283,0.0461370013654232,90.09019470214844
10.600976675000311,23.837858580354606,-2.8429671797634612,-15.102584838867188,-0.3522179769235816,1.152477941021697,0.07555889338254929,90.27617645263672
10.650640636999924,23.847208433591398,-2.798023026668827,-15.102767944335938,-0.6078466176986694,0.9919434785842896,0.07578935474157333,90.41973876953125
10.700267736000114,23.854568928241257,-2.7180462484264756,-15.1024169921875,-0.12312017933707131,1.6676129120697727,0.06601893156766891,90.66500854492188
10.751196863000132,23.859415124486777,-2.671637973439701,-15.10302734375,-0.6715466380119324,1.1845208406448364,0.07272548973560333,90.84120178222656
10.800263759000245,23.874150685668656,-2.5720832630947745,-15.107070922851562,0.01230143107768622,2.046512260880869,0.09561628103256226,91.16268920898438
10.851005972000166,23.880722395221888,-2.5027992930401486,-15.108779907226562,-0.6878848671913147,1.4061648845672607,0.08146356046199799,91.41326904296875
10.900968595999984,23.899070690099425,-2.3862604287656497,-15.111907958984375,-0.049752162825005275,2.180372934885192,0.07201582193374634,91.76634216308594
10.950356864000241,23.912939372255376,-2.319473083225022,-15.113662719726562,-0.6539511680603027,1.6082122325897217,0.04043806344270706,92.03933715820312
11.000875695000104,23.935650932277007,-2.1854776095432107,-15.120147705078125,-0.025959748143628447,2.371208389400656,0.06531232595443726,92.500732421875
11.050794938000308,23.953050929300524,-2.0974171395599015,-15.125701904296875,-0.6592217683792114,1.7599585056304932,0.055614810436964035,92.81549072265625
11.100529060000099,23.965039616657027,-1.9610243069777815,-15.132797241210938,-0.6632483601570129,1.841019630432129,0.05990215763449669,93.15339660644531
11.15074622200018,23.994226367922874,-1.868798338216561,-15.135955810546875,0.016787272896890082,2.624910799480294,0.07372026890516281,93.6882095336914
11.200139746000332,24.006782918654093,-1.7245048559510932,-15.138900756835938,-0.6614441275596619,1.9426153898239136,0.10384826362133026,93.98925018310547
11.250906034000309,24.027763217438153,-1.6143041647239182,-15.138992309570312,0.12925796958896763,2.972519676463496,0.1108693778514862,94.48933410644531
11.300826492999931,24.038699481279266,-1.4615118027436904,-15.135086059570312,-0.709272027015686,2.034674644470215,0.116834856569767,94.79984283447266
11.350611200000003,24.056946214356472,-1.3645839415193652,-15.132827758789062,-0.24590079149167088,2.633418600839569,0.1210101917386055,95.29714965820312
11.400207773000147,24.065560426961113,-1.209792730173021,-15.127944946289062,-0.7111693024635315,2.112041711807251,0.1342896819114685,95.57547760009766
11.450304362000225,24.082179904586337,-1.0948111116035597,-15.124984741210938,-0.1095306134326749,2.937993769780723,0.09430602937936783,96.03804779052734
11.500851393000175,24.0870191145968,-1.0076815984063852,-15.122756958007812,-0.7940382361412048,2.1663529872894287,0.12098013609647751,96.31242370605469
11.551103964000049,24.098632003317142,-0.8383343639848357,-15.121627807617188,-0.2103112283305314,2.989271742047186,0.12336423993110657,96.75210571289062
11.600987701000122,24.103639160082672,-0.7500527301382682,-15.121551513671875,-0.8253747820854187,2.2129921913146973,0.10383965075016022,97.02003479003906
11.65099056300005,24.102146113210402,-0.5679099896977791,-15.119415283203125,-0.8351268172264099,2.2456111907958984,0.11746185272932053,97.3073959350586
11.700831348000065,24.109851033024267,-0.47434908531481756,-15.1173095703125,-0.3640405299278189,2.8969958013137855,0.11970610171556473,97.63597869873047
11.750734034000288,24.10226110144968,-0.30915745247198334,-15.112503051757812,-0.8556153774261475,2.2947874069213867,0.09007352590560913,97.89120483398438
11.80041643100003,24.112386147249357,-0.21059580963896174,-15.1085205078125,-0.42894650920750566,2.8650613950869026,0.10627476871013641,98.24876403808594
11.850321733000328,24.10042220743707,-0.022768095679126077,-15.099090576171875,-0.8782709836959839,2.337951183319092,0.09126538038253784,98.47457122802734
11.900544921000346,24.10779143037458,0.07891037001406165,-15.096908569335938,-0.46004986845408213,2.941387225974448,0.08299247920513153,98.86149597167969
11.950836983000045,24.09986204148622,0.2519596775839261,-15.094802856445312,-0.8986995816230774,2.3726675510406494,0.061768222600221634,99.09537506103516
12.000359604000096,24.101641212251266,0.35254192865397327,-15.094345092773438,-0.5278591447909904,2.9698810568697516,0.043463218957185745,99.44453430175781
12.050895648000278,24.091408669923783,0.5523355772263066,-15.089981079101562,-0.966666042804718,2.391573190689087,0.02475803904235363,99.6717529296875
12.100205034000282,24.090671923176433,0.6504880695647652,-15.088226318359375,-0.9745192527770996,2.39259672164917,0.0296358410269022,99.93397521972656
12.150777960000141,24.08886752656629,0.8402605467261015,-15.084564208984375,-0.9881680607795715,2.4047276973724365,0.054506491869688034,100.34609985351562
12.200235425000301,24.090612006060336,0.9359384286232912,-15.082916259765625,-0.9662479758262634,2.4116761684417725,0.045354075729846954,100.56343841552734
12.250847131000228,24.095713240013104,1.0398865946171378,-15.081253051757812,-0.5282142575025235,3.070038632332421,0.05868713557720184,100.92478942871094
12.300940278000326,24.095437045030163,1.2424638283483285,-15.077499389648438,-0.9444046020507812,2.4039924144744873,0.08442141115665436,101.1788558959961
12.350886487000025,24.106191165984622,1.3489436504306136,-15.075836181640625,-0.4837094053735246,3.0955009484794753,0.06426781415939331,101.56206512451172
12.4008815090001,24.102459085861586,1.5272334674219188,-15.073837280273438,-0.930505096912384,2.3910348415374756,0.04933572933077812,101.80664825439453
12.451005928000086,24.11051154671691,1.62732162842841,-15.07476806640625,-0.5598093674937585,3.00492865287702,0.05980749428272247,102.12349700927734
12.50074748399993,24.095228526098577,1.818880423634607,-15.075515747070312,-1.007498860359192,2.350465774536133,0.0423780232667923,102.34654235839844
12.551184797000133,24.101702109007086,1.9203683543578447,-15.07672119140625,-0.6468519952235702,2.9318495448105577,0.04696076363325119,102.69825744628906
12.60104340199996,24.09165240931143,2.094589387763108,-15.080062866210938,-1.0186262130737305,2.3424184322357178,0.014881609939038754,102.95240783691406
12.650353228000313,24.091950086739978,2.194828663835872,-15.081283569335938,-0.6282695175049688,2.9730462541935596,0.023540467023849487,103.29251861572266
12.70039781100013,24.07863537904866,2.392139266964084,-15.083770751953125,-1.0933622121810913,2.3229103088378906,0.030958466231822968,103.5265884399414
12.750451308000265,24.071617777004477,2.485887479071385,-15.084609985351562,-1.1066970825195312,2.3249452114105225,0.00876485463231802,103.7461166381836
12.800236934000168,24.05589299571202,2.670715824631107,-15.08331298828125,-1.1451739072799683,2.311633825302124,0.005393526516854763,104.15782928466797
12.850108580000324,24.04794730875365,2.765132943590956,-15.081558227539062,-1.1672391891479492,2.2946391105651855,0.009310434572398663,104.41028594970703
12.900918183000158,24.014144913261955,2.9621153756173797,-15.076278686523438,-0.8000856965783374,2.981083380135786,0.021503278985619545,104.75071716308594
12.950099400999989,24.002325004211137,3.0552688054668957,-15.071090698242188,-1.2183459997177124,2.257594108581543,0.03982987254858017,104.97712707519531
13.000352280000243,23.96844121002075,3.233861505727967,-15.059051513671875,-0.8236502747132766,2.9759858893162887,0.07399448752403259,105.35848999023438
13.050446815000214,23.955395200924812,3.325596967247541,-15.052383422851562,-1.2150321006774902,2.243035316467285,0.07315593212842941,105.55973815917969
13.101800304000335,23.920530294505053,3.527061998933927,-15.037979125976562,-0.9590158686038992,2.755954589580243,0.0747164785861969,105.94898223876953
13.161365441000271,23.920530294505053,3.527061998933927,-15.037979125976562,-1.250342845916748,2.2314887046813965,0.0747164785861969,105.94898223876953
13.27357361300028,23.836777097539713,3.8564311002937925,-15.021682739257812,-1.1793501675002476,2.4114732286306513,0.02137059159576893,106.22582244873047
13.346997203000228,23.79139535994402,4.036471297177991,-15.018356323242188,-1.1849791477485259,2.3757417623067973,0.010930853895843029,106.34929656982422
13.36108617300033,23.774461522201506,4.122440584875315,-15.017837524414062,-0.5431749424608793,3.58542177430361,0.024801772087812424,106.51103210449219
13.37021086499999,23.77907456969607,4.130963870735693,-15.017837524414062,-1.3060696125030518,2.179699182510376,0.024801772087812424,106.64191436767578
13.401050916000258,23.79351139316553,4.28194467231231,-15.016998291015625,2.956822828934568,10.505889505175904,0.027165105566382408,107.81050109863281
13.45065050600033,23.760507958442183,4.453946563554988,-15.015213012695312,-0.9870873343067033,2.7773487892808024,0.05213700979948044,108.18183898925781
13.500392146000195,23.73998502402737,4.561615200408134,-15.013275146484375,-1.265213131904602,2.1454479694366455,0.0731596127152443,108.43075561523438
13.550631307000003,23.699002654091068,4.720018128464325,-15.010238647460938,-1.2822003364562988,2.1115872859954834,0.08434212952852249,108.65034484863281
13.600967282000056,23.68708188650119,4.813833294033676,-15.008590698242188,-1.2994838953018188,2.1045918464660645,0.09444107860326767,108.98432922363281
13.65044805100024,23.640096277136387,4.967848496049807,-15.004791259765625,-1.3233729600906372,2.0914156436920166,0.06410320103168488,109.17927551269531
13.700586208000004,23.62106280826073,5.079669055626997,-15.000839233398438,-1.0474448366144484,2.71278340724663,0.045300208032131195,109.50455474853516
13.751127359000293,23.57304432982138,5.236250799318771,-14.995254516601562,-1.3434276580810547,2.068272590637207,0.04667868837714195,109.72738647460938
13.800743632999911,23.556064903935237,5.329236249966521,-14.991912841796875,-1.053454792617981,2.661021029063807,0.05449877306818962,110.07337951660156
13.850939199000095,23.50710211552705,5.501538691781638,-14.984725952148438,-1.3665783405303955,2.0539331436157227,0.022812455892562866,110.30889129638672
13.900307722999969,23.49100508674033,5.598785265094637,-14.982070922851562,-1.0260234148973328,2.826415756018587,0.02408277988433838,110.73689270019531
13.950323580000259,23.469629436436026,5.68450981244333,-14.980484008789062,-1.4048418998718262,2.020432710647583,0.04318154603242874,110.9887924194336
14.000349126999936,23.42117116179019,5.848296611682323,-14.980316162109375,-1.0988511621595856,2.7445213041969616,0.013531111180782318,111.37210845947266
14.05085512300002,23.396193805743728,5.93524951754647,-14.980560302734375,-1.4322290420532227,2.0129096508026123,-0.01302291452884674,111.65420532226562
14.100626435000322,23.328966008094984,6.107427684074092,-14.975601196289062,-1.448144793510437,2.002551794052124,-0.02276175655424595,111.90575408935547
14.150536226999975,23.30431111184503,6.202294020402213,-14.973785400390625,-1.471954107284546,1.9991432428359985,-0.034865811467170715,112.29937744140625
14.200393400999928,23.242207524312843,6.359789695133655,-14.970870971679688,-1.4964343309402466,2.007376194000244,-0.05991537496447563,112.59385681152344
14.250300727000194,23.221179511692352,6.461593273989662,-14.969284057617188,-1.1573966990637887,2.8632176648020344,-0.04043964669108391,113.0721664428711
14.300229407000188,23.1488697973756,6.6325444360433945,-14.964553833007812,-1.4832772016525269,1.9910167455673218,0.002801996422931552,113.30335235595703
14.35100329900024,23.12721821517772,6.728645000839308,-14.962188720703125,-1.2640463414364647,2.52415628808673,-0.0004204937140457332,113.66571044921875
14.400578543999927,23.0663836470734,6.887423180839242,-14.95849609375,-1.4512861967086792,2.006582260131836,0.0025919193867594004,113.93755340576172
14.450157897000281,23.044007667289442,6.98706995899409,-14.956497192382812,-1.1443708343985937,2.823545598502801,-0.010125348344445229,114.3459701538086
14.500138014000186,22.976831512548774,7.166577754506385,-14.951217651367188,-1.4576336145401,1.9984157085418701,0.00449105491861701,114.58775329589844
14.550112871000238,22.95111034302861,7.2644010072249765,-14.949295043945312,-1.1196414459369946,2.8959060126394873,-0.007791292387992144,114.97860717773438
14.601049890000013,22.887547267133513,7.421618603865156,-14.944229125976562,-1.4373018741607666,1.9906160831451416,0.012051056139171124,115.2074203491211
14.650445776000197,22.857121902188364,7.508624845924825,-14.942276000976562,-1.4534944295883179,1.9905322790145874,-0.02822561003267765,115.458251953125
14.700799783000093,22.780714971118833,7.68994132461489,-14.939437866210938,-1.4572343826293945,1.9964522123336792,-0.009461544454097748,115.79782104492188
14.750347627000338,22.74870946061313,7.7780925236565315,-14.938446044921875,-1.458444356918335,1.9969054460525513,-0.030126601457595825,116.0542221069336
14.800451778000024,22.718656302984407,7.876485622963374,-14.93792724609375,-1.2721476647120782,2.6624999119289248,-0.02099541760981083,116.4713134765625
14.851091893000103,22.640674736656578,8.03268118740897,-14.938262939453125,-1.5342861413955688,1.942765712738037,-0.03613230958580971,116.73314666748047
14.90024329300013,22.60536401428876,8.127106175536053,-14.939041137695312,-1.330603407837976,2.5492504068764252,-0.03129372373223305,117.10437774658203
14.950252779000039,22.512357661643396,8.29922095341794,-14.941680908203125,-1.5352967977523804,1.9337232112884521,-0.03299707546830177,117.3826675415039
15.000247497000146,22.478341637812715,8.392767956031024,-14.944259643554688,-1.3105920002735465,2.622250907724972,-0.039162829518318176,117.72797393798828
15.05107477599995,22.39866260488263,8.546087702021172,-14.949508666992188,-1.5151983499526978,1.9393657445907593,-0.06239328533411026,117.96757507324219
15.100862689000223,22.362966043648502,8.637084804643095,-14.95245361328125,-1.3760291012390011,2.450741175876033,-0.06411009281873703,118.30020904541016
15.150791969000238,22.27015411782993,8.804189079490051,-14.958160400390625,-1.501983642578125,1.9365625381469727,-0.049009714275598526,118.5344009399414
15.200201578999895,22.23024225989166,8.886240524874145,-14.960739135742188,-1.5293998718261719,1.9234787225723267,-0.06708467751741409,118.76366424560547
15.25047243300014,22.149343835250008,9.043411044227785,-14.958663940429688,-1.5063234567642212,1.9145283699035645,-0.06768212467432022,119.1229476928711
15.300224105000325,22.109637987730494,9.124829940022114,-14.958145141601562,-1.484217643737793,1.9199104309082031,-0.053895480930805206,119.34675598144531
15.351176601000134,22.019688020995105,9.29627788348474,-14.961105346679688,-1.360262456178275,2.391179143020874,-0.05098322033882141,119.68769073486328
15.40021763599998,21.980289725084045,9.377103459395313,-14.963790893554688,-1.5111265182495117,1.8956600427627563,-0.04779912531375885,119.91543579101562
15.451079977000063,21.897531315090674,9.531081391824884,-14.96856689453125,-1.2923538065192777,2.7185545210251463,-0.07102426141500473,120.2809066772461
15.500840879999942,21.856927758458276,9.610088125959287,-14.969436645507812,-1.490814447402954,1.8933221101760864,-0.0581316277384758,120.49461364746094
15.55111093000005,21.761200259690412,9.773928306477854,-14.969512939453125,-1.2964507860799728,2.4923850766796445,-0.02140580676496029,120.79666900634766
15.600142197999958,21.724502978404757,9.854183580596885,-14.968154907226562,-1.452578067779541,1.8803975582122803,0.003531938884407282,121.0273666381836
15.650747417000275,21.649335476757194,10.004575784805185,-14.964004516601562,-1.2753666197289384,2.5633596393917335,0.00965218897908926,121.36479187011719
15.700853727000322,21.610672048727974,10.080392397577421,-14.9622802734375,-1.4494719505310059,1.8519893884658813,0.00865294598042965,121.5611343383789
15.750299189000089,21.522416813920394,10.243204241503182,-14.951278686523438,-1.3340126597660504,2.431122218702484,-0.0037106219679117203,121.8980941772461
15.800921070000186,21.483029323552685,10.320927940078146,-14.947479248046875,-1.4816228151321411,1.825698971748352,-0.012161270715296268,122.13236999511719
15.851087775999986,21.443226243724318,10.398662219812762,-14.944061279296875,-1.5007541179656982,1.8071285486221313,-0.0036867845337837934,122.38106536865234
15.9004679210002,21.361601569437763,10.545108461812465,-14.939361572265625,-1.3635990880255027,2.56104150226441,-0.018338115885853767,122.7748031616211
15.950931539000067,21.30881062833937,10.636413441272758,-14.936508178710938,-1.524391770362854,1.7896208763122559,-0.005437677726149559,123.02962493896484
16.000538427000265,21.225361745557908,10.779256345664415,-14.9281005859375,-1.339896666393391,2.6325435167528597,-0.02034064568579197,123.438232421875
16.050656732000334,21.183944004172176,10.854748436687409,-14.924118041992188,-1.517080545425415,1.771273136138916,-0.019721072167158127,123.7113265991211
16.100457714000186,21.097170446716056,10.993847596412564,-14.916519165039062,-1.3776816421000444,2.5920075638728615,-0.07295133173465729,124.11023712158203
16.15034669600027,21.04237166064474,11.080019682208302,-14.910079956054688,-1.5252559185028076,1.7732707262039185,-0.06044498085975647,124.36189270019531
16.20022398900028,20.953423525458675,11.215848714008205,-14.901321411132812,-1.3751493590145014,2.56671773900726,-0.06613695621490479,124.72126770019531
16.250879368999904,20.909381008638483,11.290003020579446,-14.897796630859375,-1.5276505947113037,1.7650262117385864,-0.05168507248163223,125.0032730102539
16.300811567999972,20.815792860739933,11.413766162424059,-14.891860961914062,-1.517587661743164,1.7619085311889648,-0.057240236550569534,125.22621154785156
16.35104719400033,20.761348994907593,11.512266904431662,-14.889617919921875,-1.5407204627990723,1.750811219215393,-0.050919245928525925,125.65583038330078
16.400587304000055,20.668957239926428,11.637487079273184,-14.88861083984375,-1.5563914775848389,1.7600716352462769,-0.0729866772890091,125.89966583251953
16.450368423000327,20.624536737150514,11.718876614894455,-14.889144897460938,-1.4572683692953718,2.4422695754382904,-0.0936477780342102,126.27420806884766
16.500866017000135,20.52578129315284,11.83894801294652,-14.896240234375,-1.6092660427093506,1.7059329748153687,-0.0956779420375824,126.49476623535156
16.550346265999906,20.464049898500946,11.928269017473145,-14.900787353515625,-1.5315443046008468,2.3486316366900297,-0.09044754505157471,126.84701538085938
16.600079697000183,20.362235535106677,12.046977234256246,-14.906570434570312,-1.6501922607421875,1.6626964807510376,-0.07639904320240021,127.10498046875
16.650893870000345,20.313525162262636,12.119374870288931,-14.908432006835938,-1.5523478198125988,2.3089200778419174,-0.06377508491277695,127.4331283569336
16.700324391000322,20.26424572640984,12.187807280258738,-14.91033935546875,-1.6264455318450928,1.6642861366271973,-0.07320161908864975,127.70384979248047
16.7507642999999,20.15545432301517,12.322333179331656,-14.91534423828125,-1.4868440468992008,2.4579299676029818,-0.06372169405221939,128.06248474121094
16.8006322680003,20.109573558448226,12.391179657080114,-14.917922973632812,-1.5625077486038208,1.6951773166656494,-0.06560646742582321,128.3416290283203
16.850289959000293,20.01338425864993,12.50584617958467,-14.92279052734375,-1.5761289596557617,1.657598614692688,-0.06917071342468262,128.5912322998047
16.900243090000004,19.965020480306606,12.578881651085183,-14.926376342773438,-1.5686521530151367,1.6473695039749146,-0.07038233429193497,128.9506378173828
16.95015704100024,19.851378858038167,12.701922346223665,-14.933258056640625,-1.5654881000518799,1.6403785943984985,-0.06528495997190475,129.18048095703125
17.000358341000265,19.802795149530628,12.777114633370054,-14.9351806640625,-1.4781220930276502,2.485409697429912,-0.04588969796895981,129.5758514404297
17.05062916199995,19.69926341672218,12.879691934274316,-14.937850952148438,-1.6291096210479736,1.567413091659546,-0.0660310909152031,129.75033569335938
17.100202276000346,19.648173752140707,12.951234464203864,-14.940093994140625,-1.534936712267358,2.452086918028946,-0.06333915144205093,130.11117553710938
17.150473821000105,19.534542625410936,13.07241917427285,-14.947036743164062,-1.6057394742965698,1.5962492227554321,-0.04818616434931755,130.3638916015625
17.200280035000105,19.48557281107861,13.145641159559426,-14.95013427734375,-1.536716890133,2.463622776007919,-0.06364421546459198,130.72314453125
17.250943801000176,19.384795528543712,13.255598868526858,-14.958236694335938,-1.576293706893921,1.640815258026123,-0.05099303647875786,130.9429931640625
17.300350118000097,19.33552174466657,13.329217904409285,-14.963088989257812,-1.5168998244013927,2.2424157581568847,-0.038348618894815445,131.29754638671875
17.350380874000166,19.222892610590392,13.451874730030497,-14.972137451171875,-1.567936897277832,1.6437352895736694,-0.08143648505210876,131.4998779296875
17.400835021000148,19.17498912709827,13.51331851099494,-14.973861694335938,-1.5582356452941895,1.6578586101531982,-0.06403203308582306,131.6879425048828
17.45069783000008,19.127650425093993,13.587375374602289,-14.975692749023438,-1.5218486165203846,2.427295316827365,-0.07754641771316528,132.0355987548828
17.500915936000183,19.028474919636714,13.699534559465043,-14.978851318359375,-1.5590016841888428,1.6566150188446045,-0.0626445785164833,132.25299072265625
17.550522556000033,18.97587036187495,13.771437500144065,-14.978836059570312,-1.532882961261452,2.376345801958432,-0.04146147891879082,132.62017822265625
17.600441434000004,18.854255466789866,13.890800171760787,-14.979049682617188,-1.6049609184265137,1.6151305437088013,-0.03963131457567215,132.85836791992188
17.65079187800029,18.79975030370325,13.96717524681969,-14.981399536132812,-1.5482848058337555,2.610231061649279,-0.024563679471611977,133.27322387695312
17.700240954000037,18.688861666637585,14.078152040050474,-14.98590087890625,-1.5870779752731323,1.6186156272888184,-0.029411131516098976,133.52835083007812
17.75020565800014,18.63391387806564,14.151993443759196,-14.988723754882812,-1.570402950953257,2.3058464631470965,-0.07110996544361115,133.89366149902344
17.800500620000093,18.513502931229667,14.272436762764771,-14.998855590820312,-1.5723406076431274,1.645440697669983,-0.043402303010225296,134.1152801513672
17.85028753100005,18.460507064899907,14.33911907325244,-15.001876831054688,-1.56454336643219,1.6467316150665283,-0.013524931855499744,134.37989807128906
17.900439710000228,18.351626162031472,14.454790157979458,-15.006973266601562,-1.5983293056488037,1.6314113140106201,-0.019096918404102325,134.72714233398438
17.950381388000096,18.29680205159801,14.517237400778507,-15.009201049804688,-1.5930355787277222,1.6304295063018799,-0.010911589488387108,134.968017578125
18.000716411000212,18.172802829639988,14.64451927184429,-15.013519287109375,-1.5871599034747688,2.215893362160683,-0.021729974076151848,135.31980895996094
18.050717372000236,18.117001702466805,14.70527000650669,-15.014938354492188,-1.563468098640442,1.6427927017211914,-0.003896778216585517,135.52537536621094
18.100964440000098,18.00765342730702,14.827363738608561,-15.016738891601562,-1.5739040400025002,2.390855680358473,-0.006649513263255358,135.9017791748047
18.150818510000136,17.950422548651897,14.894401884648243,-15.015426635742188,-1.5339405536651611,1.6752219200134277,-0.008663969114422798,136.1877899169922
18.201154017000135,17.823718103800875,15.02934821022567,-15.011856079101562,-1.517780683388499,2.489688905756501,-0.025986075401306152,136.57521057128906
18.25068067700022,17.769445960751415,15.098330040958519,-15.011016845703125,-1.482918620109558,1.7461309432983398,-0.03767203539609909,136.83349609375
18.300725628000237,17.659386776454944,15.230412341607558,-15.012557983398438,-1.5239201185177111,2.628470830084344,-0.041954249143600464,137.2461395263672
18.350239938999948,17.60466236276298,15.301729220030374,-15.012832641601562,-1.4993507862091064,1.7234317064285278,-0.03673810511827469,137.51986694335938
18.400836375999916,17.53479801274795,15.379075691899105,-15.013412475585938,-1.4884122610092163,1.7108134031295776,-0.016226835548877716,137.7296905517578
18.450613483000325,17.418389121156977,15.500161907235933,-15.014755249023438,-1.5244644208783535,2.5579474423041098,0.009870716370642185,138.09677124023438
18.500842030000058,17.36156530047612,15.567878316022181,-15.01416015625,-1.476163625717163,1.704220175743103,0.020056968554854393,138.36441040039062
18.5503000409999,17.24442869222456,15.687283208230392,-15.006744384765625,-1.5247604242689226,2.2521946281695215,0.019808748736977577,138.75709533691406
18.600286820000292,17.171052895635555,15.762114198941182,-15.001251220703125,-1.5031415224075317,1.6766116619110107,0.027350254356861115,139.01039123535156
18.65067153500013,17.053085151274097,15.880080837813214,-14.993881225585938,-1.6021660914290992,2.579827181972324,0.009742203168570995,139.40098571777344
18.70060172400008,16.992778857682854,15.93676598092463,-14.992691040039062,-1.5446070432662964,1.628969430923462,-0.024016939103603363,139.5913543701172
18.75022485799991,16.87479862310947,16.047826305138162,-14.990158081054688,-1.6089091366742705,2.3236531118579453,0.008199102245271206,139.9083709716797
18.800331222000295,16.79637998948046,16.112987062306082,-14.986114501953125,-1.5485223531723022,1.6298366785049438,-0.01041415985673666,140.12875366210938
18.85089633000007,16.674086349344414,16.220202346590582,-14.982315063476562,-1.6157771678470807,2.398172101430829,-0.03777110576629639,140.47540283203125
18.900582501999907,16.612703619909325,16.27900419553838,-14.981201171875,-1.5331969261169434,1.6439062356948853,-0.05869574844837189,140.70848083496094
18.950681284999973,16.486787977838468,16.37900878713417,-14.978179931640625,-1.5529080629348755,1.5928430557250977,-0.033390019088983536,140.97659301757812
19.000229891000345,16.408107199618154,16.455223642149104,-14.976455688476562,-1.6378221122332963,2.2155251922970267,-0.022952035069465637,141.31777954101562
19.05106899900011,16.27544128631478,16.54758078389356,-14.965347290039062,-1.5826302766799927,1.5397095680236816,-0.011603722348809242,141.5244140625
19.10095642000033,16.206290832050534,16.61272657640733,-14.959335327148438,-1.6910557112073643,2.3055511354168328,-0.019315868616104126,141.88668823242188
19.153910505000113,16.139003595678005,16.67053841545652,-14.954315185546875,-1.6062508821487427,1.5368283987045288,-0.019731437787413597,142.1339111328125
19.237107756000114,15.981387387129352,16.76474855139013,-14.943740844726562,-1.6209917068481445,1.519713282585144,0.009082694537937641,142.2876739501953
19.3530167859999,15.773324800964419,16.880581020170077,-14.930191040039062,-1.6687860488891602,1.4489818811416626,-0.002904606983065605,142.39926147460938
19.43064666500004,15.634537388890735,16.966088788265598,-14.921859741210938,-1.6826892471273331,1.6405555355627652,-0.008345636539161205,142.6140899658203
19.485321302000102,15.410575157965672,17.08626226637202,-14.910873413085938,-1.7730504100244147,2.278246117570414,-0.006230351515114307,142.73745727539062
19.49810030100025,15.40951195172769,17.094033524089806,-14.910873413085938,-1.6568422317504883,1.4229633808135986,-0.006230351515114307,142.8433837890625
19.508259599000212,15.341613745142892,17.137922669785183,-14.908523559570312,-1.6688647270202637,1.4009208679199219,-0.011517558246850967,142.9605255126953
19.518075565000345,15.340107380906112,17.148595980770942,-14.908523559570312,-1.6688647270202637,1.4009208679199219,-0.011517558246850967,143.10609436035156
19.550389139000345,15.262113623565181,17.24800696962872,-14.906402587890625,-2.909703999047914,9.212271163260846,-0.025432460010051727,144.00262451171875
19.6015077940001,15.183957091072608,17.33707038894708,-14.90447998046875,-1.7456552274361012,1.9293071986534756,-0.01911970041692257,144.77134704589844
19.650795241000196,15.032080100101641,17.43142468334532,-14.901840209960938,-1.641547679901123,1.36918044090271,-0.027448121458292007,145.0004119873047
19.701044377000017,14.960039097844671,17.488970414961152,-14.900482177734375,-1.8077573842903762,2.187891902911262,-0.04040416330099106,145.3394775390625
19.750693288000093,14.823176953875933,17.572082637518267,-14.899612426757812,-1.6604681015014648,1.316719651222229,-0.06036696210503578,145.57382202148438
19.801158689000204,14.753799412111695,17.62867846920158,-14.899826049804688,-1.7683975191855819,1.9713991971757308,-0.0662989616394043,145.8883056640625
19.85046255599991,14.600582479646885,17.717361209560192,-14.901580810546875,-1.6351048946380615,1.3542951345443726,-0.07124567031860352,146.11256408691406
19.900753219000308,14.532057481077077,17.7673288914472,-14.902145385742188,-1.65218186378479,1.3322144746780396,-0.048124007880687714,146.3440399169922
19.950312895000025,14.394270215232998,17.85653001025914,-14.90484619140625,-1.8018058850174057,2.0135259211352876,-0.07671845704317093,146.70379638671875
20.001312473000326,14.32471227057476,17.905570028470134,-14.90716552734375,-1.6706010103225708,1.3116936683654785,-0.06057235598564148,146.9457550048828
20.050324215000273,14.171429874907924,18.006200946430095,-14.912429809570312,-1.8309126148400823,2.089641739027106,-0.059455543756484985,147.3470001220703
20.100286012000197,14.10034257046227,18.05376285489117,-14.916748046875,-1.6816325187683105,1.2969520092010498,-0.0729779377579689,147.5742645263672
20.150460295999892,13.962778447729134,18.15154536557929,-14.925033569335938,-1.8738871333101252,2.304465977462108,-0.07251574844121933,148.01522827148438
20.200500047000332,13.891673950270992,18.201579987391927,-14.92852783203125,-1.6401524543762207,1.315305471420288,-0.06622784584760666,148.27261352539062
20.250346246999925,13.804141637452705,18.26184952142889,-14.932098388671875,-1.6223574876785278,1.331181287765503,-0.049448974430561066,148.55499267578125
20.30100418200027,13.66941449620698,18.360183618510128,-14.936431884765625,-1.8100709875375387,2.08546878742146,-0.04688560217618942,148.97393798828125
20.351535324999986,13.598063659883412,18.41193687482895,-14.940460205078125,-1.622928500175476,1.3409919738769531,-0.04348824545741081,149.23532104492188
20.400230787000055,13.460372879138516,18.515973247300742,-14.948165893554688,-1.8659515364491819,2.3155786459386607,-0.04415569081902504,149.71092224121094
20.45019034300003,13.375813179330875,18.57553207539407,-14.952316284179688,-1.6252516508102417,1.3340134620666504,-0.038397692143917084,149.94729614257812
20.500944718000028,13.238523397111319,18.668991350677047,-14.9576416015625,-1.8615290588937878,2.1478395428385486,-0.039139699190855026,150.3536834716797
20.550881027000287,13.169068892858164,18.72433130629455,-14.960403442382812,-1.6364198923110962,1.331861138343811,-0.05224084109067917,150.6620330810547
20.601056747000257,13.028055653783454,18.82678156953186,-14.961944580078125,-1.9266054519290838,2.4236528505902433,-0.05132342129945755,151.12379455566406
20.651208431000214,12.94249880156244,18.890677523931622,-14.962371826171875,-1.5943034887313843,1.4020205736160278,-0.03317548707127571,151.36764526367188
20.70166467900026,12.809279712664921,18.98751572455075,-14.964004516601562,-1.6006808280944824,1.4166266918182373,-0.054813235998153687,151.65078735351562
20.7502280220001,12.736752181818085,19.05252033758205,-14.965469360351562,-1.840746432393854,2.1628200429696687,-0.04344693571329117,152.03173828125
20.801087496000036,12.603582268302958,19.151290130141266,-14.968658447265625,-1.6347068548202515,1.3470818996429443,-0.06060296669602394,152.3535919189453
20.850243245,12.506632276458319,19.223506837624075,-14.968353271484375,-1.9693671387000704,2.3691205677270046,-0.044889185577631,152.76766967773438
20.90030469300018,12.364679760310725,19.314093145934475,-14.967254638671875,-1.6579428911209106,1.2752034664154053,-0.03931902348995209,153.06678771972656
20.950402188000226,12.28825267071146,19.37670656359432,-14.968048095703125,-1.9621694581450284,2.1980584074315743,-0.042326245456933975,153.46795654296875
21.000461800000267,12.214430297581501,19.427245996797968,-14.971221923828125,-1.6416476964950562,1.2652785778045654,-0.036877065896987915,153.6896514892578
21.051313058000233,12.05798359784674,19.529463792425393,-14.97747802734375,-1.8852749705001155,1.9216142334274395,-0.03364777937531471,154.01165771484375
21.100676104000286,11.986188554073523,19.578016426937626,-14.980361938476562,-1.6400704383850098,1.2289702892303467,-0.02994571439921856,154.20912170410156
21.15061872000024,11.845762151019258,19.66245212551206,-14.986129760742188,-1.6445865631103516,1.2076503038406372,-0.015080763958394527,154.42263793945312
21.200665782000215,11.772749614976064,19.719688224147514,-14.9881591796875,-1.8590538350263572,1.862416860620982,-0.013049340806901455,154.73663330078125
21.250885896,11.615975808019428,19.80771334956012,-14.9952392578125,-1.643183708190918,1.211026906967163,-0.04686909541487694,154.95578002929688
21.300939690000178,11.542247546740072,19.86233274061089,-14.99822998046875,-1.9050502255641575,1.9348735576479597,-0.009991778992116451,155.27487182617188
21.35062494800013,11.40577288308807,19.93980439007063,-14.999984741210938,-1.6203193664550781,1.1992590427398682,-0.0009412234066985548,155.4756622314453
21.40083542399998,11.331835836584084,19.99541522274326,-14.999282836914062,-1.8476148519515934,1.820339899939155,0.0018020403804257512,155.81417846679688
21.451097245000255,11.180074826077814,20.0844395289961,-14.9993896484375,-1.6090716123580933,1.1947777271270752,-0.014646675437688828,156.0577392578125
21.500112183000056,11.102665457082647,20.13545725777537,-14.999435424804688,-1.8791940369010498,1.845106932076542,-0.02617630362510681,156.391845703125
21.550365072000204,10.964502356598494,20.20678308268596,-14.999664306640625,-1.6313717365264893,1.1370761394500732,-0.020596666261553764,156.59762573242188
21.600050037000074,10.889929856785319,20.249802344312716,-14.99810791015625,-1.6215463876724243,1.115944504737854,0.020966265350580215,156.83755493164062
21.650746415999947,10.810996609071431,20.296311065046986,-14.995285034179688,-1.9257263640442952,1.8437189264579983,-0.015008107759058475,157.15895080566406
21.700920064,10.652878203072763,20.367082371947873,-14.99261474609375,-1.6412184238433838,1.0556437969207764,-0.03221582621335983,157.37322998046875
21.750396229000216,10.572899081151323,20.418490523680205,-14.990478515625,-2.015397681853928,1.8788370103205063,-0.02666602097451687,157.78399658203125
21.800777586000095,10.430233375321878,20.483313818223422,-14.986068725585938,-1.6632219552993774,0.9999887347221375,-0.010740508325397968,158.0615692138672
21.851237048000257,10.354784197054316,20.530896425488706,-14.983917236328125,-1.9246400388901546,1.6191211459658366,-0.0015607791719958186,158.41213989257812
21.901811784000074,10.194951968642675,20.605336347907752,-14.979904174804688,-1.6372575759887695,1.0474814176559448,-0.015636928379535675,158.6787567138672
21.95089544700022,10.119102994965619,20.657234073756563,-14.9781494140625,-2.0375462303798457,1.9174307774555495,0.006609437987208366,159.04827880859375
22.000443269000243,9.975023448714651,20.726303652357497,-14.970260620117188,-1.6493834257125854,1.0130046606063843,0.005226212088018656,159.29705810546875
22.050921130000006,9.89760964917969,20.769669447281927,-14.965347290039062,-1.6617070436477661,0.9776626825332642,0.014955096878111362,159.56591796875
22.105951410000216,9.809245656993799,20.8102740734912,-14.959442138671875,-1.6645256280899048,0.9674436450004578,0.03609960526227951,159.6947784423828
22.151197380000212,9.651225324995305,20.893817465073894,-14.953567504882812,-1.6480348110198975,0.9641045331954956,0.013033241964876652,160.23570251464844
22.200433125000018,9.502312468834747,20.9667557488776,-14.951934814453125,-1.9583287501281448,1.5690242622212676,-0.05605597421526909,160.59356689453125
22.25035168500017,9.424719956821194,21.007986926301005,-14.953460693359375,-1.668211817741394,0.9677501916885376,-0.05444372445344925,160.8230438232422
22.301543791000313,9.329905170799432,21.057191469083058,-14.956039428710938,-1.6775072813034058,0.965013325214386,-0.056578584015369415,161.06195068359375
22.35055213700025,9.181670627635292,21.14074415377845,-14.959762573242188,-1.675257682800293,0.9732376337051392,-0.05241238325834274,161.4857940673828
22.40049745200031,9.104589328651496,21.185089126889377,-14.962203979492188,-1.6716632843017578,0.9796969294548035,-0.03858384117484093,161.74606323242188
22.450356877000104,8.959748903725583,21.26587213812331,-14.96771240234375,-2.0341739810396375,1.6726827886409708,-0.0553140826523304,162.1237335205078
22.50077606600007,8.86519326811159,21.320320518642344,-14.970947265625,-1.6778315305709839,0.9461778402328491,-0.06296943128108978,162.44125366210938
22.55041957000003,8.717883577811586,21.38963321553465,-14.9775390625,-1.877970359776426,1.27587339904572,-0.08785953372716904,162.72808837890625
22.600948725000308,8.64424825911717,21.427835271709355,-14.981536865234375,-1.6855865716934204,0.8845100402832031,-0.11566881835460663,162.93130493164062
22.65032615700011,8.496966996422707,21.492760188517718,-14.98724365234375,-2.070472983636344,1.5125787249332345,-0.12463250011205673,163.31427001953125
22.700382033000096,8.406717544989865,21.532985904102873,-14.989852905273438,-1.694212555885315,0.7921356558799744,-0.0921948105096817,163.55674743652344
22.750298219000342,8.268935944992462,21.58797209874801,-14.99237060546875,-1.682328224182129,0.8124074935913086,-0.12129897624254227,163.790283203125
22.8003157940002,8.18929379262734,21.632630281482506,-14.993515014648438,-1.692160964012146,0.7587791085243225,-0.13000304996967316,164.17672729492188
22.851173714000197,8.052899781727179,21.68769431472145,-14.995346069335938,-1.6831107139587402,0.7589421272277832,-0.07839199900627136,164.4115447998047
22.90085131600017,7.954699696838933,21.736636315784068,-14.997634887695312,-2.0889488809680286,1.464759817633865,-0.06751149147748947,164.79750061035156
22.951345817999936,7.814610046129081,21.79326417485173,-15.001449584960938,-2.3717999083204617,1.9143029827161258,-0.08459386229515076,165.07203674316406
23.00109226700033,7.737038824812735,21.835920893757,-15.004501342773438,-2.308682291349977,1.7731347464575418,-0.08688654005527496,165.43856811523438
23.05241144499996,7.662210607503228,21.872919728349093,-15.008758544921875,-2.159305680055724,1.5541997045452884,-0.09378548711538315,165.70953369140625
23.10097050100012,7.511540990734578,21.936681202366735,-15.018356323242188,-2.2480742587954237,1.719368620425343,-0.08474382013082504,165.9597930908203
23.152405397000166,7.4439956293535445,21.96767975767318,-15.019287109375,-1.6673046350479126,0.7594943046569824,-0.03435567766427994,166.11636352539062
23.201754587000323,7.295588024374174,22.034675629265692,-15.0152587890625,-2.0363066494877993,1.3887065286317464,-0.002963599981740117,166.4451904296875
23.250989672000287,7.2280712163474785,22.070237593778593,-15.013687133789062,-1.6349382400512695,0.7555268406867981,-0.008436552248895168,166.67662048339844
23.301198315999955,7.093843926486771,22.123988560048485,-15.010696411132812,-1.640990138053894,0.7152624130249023,-0.006815358996391296,166.91249084472656
23.35058981300017,7.022610838172149,22.159399996790196,-15.009185791015625,-1.6453137397766113,0.6876660585403442,0.020199820399284363,167.17117309570312
23.401448853000147,6.891834143554027,22.206523579480745,-15.005126953125,-1.637596607208252,0.6720408797264099,0.0205196775496006,167.36285400390625
23.450739426999917,6.821862362243501,22.236622001073606,-15.00384521484375,-1.9243382198101955,1.1555074408756585,0.02357354201376438,167.57034301757812
23.50059632400007,6.751988256092872,22.268851200144354,-15.00250244140625,-1.6343704462051392,0.6874364614486694,0.033122651278972626,167.80184936523438
23.550447937000172,6.60462568847225,22.3198586261275,-14.995330810546875,-2.004992174116554,1.2163581876334724,0.024613946676254272,168.05393981933594
23.600204444000155,6.507955856645502,22.389806829748867,-14.992019653320312,-5.948374515011364,7.066134194619559,0.012351383455097675,168.94302368164062
23.65113387700012,6.375418533535488,22.43640914519973,-14.984878540039062,-1.630558729171753,0.6589881777763367,0.034788165241479874,169.19810485839844
23.70093357700034,6.294553424694605,22.472850888538318,-14.980804443359375,-2.0206068248061855,1.1700947586519015,0.013805137947201729,169.5736541748047
23.75046419199998,6.140055820897914,22.519033729403787,-14.974822998046875,-1.678109049797058,0.5922901034355164,-0.025934239849448204,169.82803344726562
23.801282922000155,6.058539007979208,22.553295690765946,-14.971435546875,-2.152348913168158,1.2280773046610327,-0.00922409351915121,170.19839477539062
23.851421804999973,5.918070133198929,22.58931025822663,-14.965438842773438,-1.7148048877716064,0.5122729539871216,-0.03626149147748947,170.4187469482422
23.900315141000192,5.8370037185048815,22.6226824543391,-14.963363647460938,-2.0734331457597484,0.9225418629165212,-0.04063083231449127,170.80381774902344
23.95042875800027,5.669064878028071,22.654780993138218,-14.959259033203125,-1.7356091737747192,0.4365655183792114,-0.0194522924721241,171.0612030029297
24.001221908999923,5.592098136926858,22.674821864175293,-14.957931518554688,-1.7493112087249756,0.3916534185409546,-0.02425304800271988,171.275146484375
24.051707157000237,5.436274261723213,22.71008529254902,-14.956802368164062,-2.114209008564131,0.8252908945563037,-0.04135093465447426,171.6420135498047
24.101025525000296,5.354657232768954,22.732216111026233,-14.956695556640625,-1.7660168409347534,0.33887678384780884,-0.03767688199877739,171.90219116210938
24.150997851000284,5.182732108585153,22.771597739193293,-14.956146240234375,-2.3256180788096152,1.0840059475787167,-0.054564468562603,172.27496337890625
24.20107667299999,5.100187321484719,22.79550362512625,-14.953689575195312,-1.787550926208496,0.3405130207538605,-0.05679013580083847,172.54046630859375
24.252876541000205,5.0188178029473915,22.8184154849981,-14.952163696289062,-1.8049970865249634,0.31382817029953003,-0.07543584704399109,172.79954528808594
24.30033606799998,4.858398780788826,22.855311615767533,-14.951583862304688,-1.8231405019760132,0.27969399094581604,-0.05168972536921501,173.19342041015625
24.350328453000202,4.753129016551851,22.877693738076992,-14.95343017578125,-1.8423289060592651,0.26443570852279663,-0.05600351095199585,173.46038818359375
24.400559961,4.5910881353503665,22.9099013068641,-14.955337524414062,-2.393363588356361,0.896304099332412,-0.029261622577905655,173.8326416015625
24.450509758999942,4.503535281378945,22.92995143447027,-14.95074462890625,-1.8758443593978882,0.20371857285499573,-0.03656972572207451,174.13282775878906
24.500504470000124,4.341419736175741,22.956928012730174,-14.94451904296875,-2.387493581749803,0.7622475994954332,-0.05576327443122864,174.5121307373047
24.550401867000346,4.2414676160673315,22.972383810582695,-14.940933227539062,-1.8948023319244385,0.16855767369270325,-0.06158951669931412,174.72149658203125
24.600397966999935,4.079606483998518,22.999097923458077,-14.933258056640625,-2.3958330301132804,0.7018874582552802,-0.04066772013902664,175.0892791748047
24.650403971000287,3.9968516055984145,23.01603673492656,-14.929901123046875,-1.8909008502960205,0.11061060428619385,-0.03825891390442848,175.35067749023438
24.700891870000305,3.8394325125899598,23.04195229759926,-14.923294067382812,-2.366146519559008,0.6602395340467285,-0.04134485870599747,175.67193603515625
24.750276060000033,3.741677989899742,23.06017381561142,-14.920989990234375,-1.877787709236145,0.1076209768652916,-0.04798268526792526,175.8882598876953
24.801200810999944,3.59158186583562,23.082191144125275,-14.918014526367188,-1.8716397285461426,0.12305784970521927,-0.066499263048172,176.11968994140625
24.85061365799993,3.50350429564185,23.10669033482589,-14.916000366210938,-2.3269343218148713,0.636532708089312,-0.04566672444343567,176.47824096679688
24.900318797000182,3.3547237116029325,23.12994731018822,-14.912765502929688,-1.8651717901229858,0.15411964058876038,-0.04860664904117584,176.7112579345703
24.9504393860002,3.244586705366682,23.164345062793387,-14.907440185546875,-2.6965901970626014,1.0673164324028268,-0.07837413996458054,177.17149353027344
25.00036226500015,3.098466899954224,23.190694627658317,-14.902618408203125,-1.8570821285247803,0.17860403656959534,-0.10139308869838715,177.3813018798828
25.05019607300028,3.0114184219176643,23.220635342070963,-14.900619506835938,-2.422878737842418,0.774775024227218,-0.10215945541858673,177.7863311767578
25.101095133999934,2.8650441303530956,23.25258176103459,-14.891998291015625,-1.845951795578003,0.1970982849597931,-0.07322623580694199,178.03709411621094
25.150221461,2.7651844195756516,23.28402217497411,-14.886947631835938,-2.3086739869376642,0.6903712132656055,-0.07145676016807556,178.39456176757812
25.200399799000024,2.620476957581667,23.314577022021382,-14.88372802734375,-1.8446520566940308,0.1879623383283615,-0.10191825777292252,178.65554809570312
25.25092639400009,2.536206187938531,23.34198716761676,-14.883697509765625,-2.4228008369040723,0.7784085404972735,-0.1104295626282692,179.03225708007812
25.300964424000085,2.458207689381921,23.363027073130123,-14.883926391601562,-1.8661530017852783,0.15241114795207977,-0.11636937409639359,179.2952423095703
25.35144630800005,2.2972740486804804,23.38833119696423,-14.882522583007812,-1.866673231124878,0.10329398512840271,-0.09828412532806396,179.5406036376953
25.400580653999896,2.2125929419489645,23.41279343366912,-14.881729125976562,-2.384620892952927,0.6110666631478935,-0.08734598755836487,179.9265594482422
25.451147239999955,2.067976102793183,23.43720786691853,-14.87811279296875,-1.8510990142822266,0.04491959512233734,-0.0583050511777401,-179.7808380126953
25.50021869400007,1.9830938300902763,23.462270401281163,-14.875350952148438,-2.5016715166772383,0.6637952407214173,-0.0752372071146965,-179.39682006835938
25.550468348000322,1.8248148816050236,23.4852779575269,-14.87158203125,-1.8590625524520874,0.015734625980257988,-0.09218981862068176,-179.14166259765625
25.600944433000222,1.7413240564882857,23.5065803578754,-14.871231079101562,-2.358950059174569,0.48692557001214887,-0.11681137979030609,-178.83242797851562
25.6504208450001,1.597366353933237,23.527707525766314,-14.873153686523438,-1.8675531148910522,0.003014588262885809,-0.1307244747877121,-178.60374450683594
25.700538738999967,1.511030516393547,23.551386103058498,-14.873733520507812,-2.583273693629546,0.6678938143760228,-0.1195443719625473,-178.22850036621094
25.751152691000243,1.348322106924666,23.573020476291337,-14.874740600585938,-1.870671272277832,-0.030008720234036446,-0.08888577669858932,-177.98788452148438
25.800114438000037,1.2708901197623557,23.587293414660426,-14.875167846679688,-1.8699729442596436,-0.04555128142237663,-0.09253879636526108,-177.76437377929688
25.850208767999902,1.114572843840274,23.60892480834084,-14.873565673828125,-1.86864173412323,-0.05227457359433174,-0.0693344995379448,-177.38394165039062
25.900292684000306,1.033035497740078,23.623534722080798,-14.872833251953125,-1.8581187725067139,-0.06138455122709274,-0.041393082588911057,-177.11416625976562
25.95085186999995,0.9507148730660164,23.639655440414707,-14.871322631835938,-2.3817746280752585,0.4179368211162048,-0.026947490870952606,-176.81068420410156
26.00019668799996,0.7813536660984282,23.65854869713521,-14.87921142578125,-1.8969026803970337,-0.023408658802509308,-0.11786458641290665,-176.5516815185547
26.050596594000126,0.6924939374877082,23.67931152846974,-14.884231567382812,-2.5766146682834314,0.5436646118455284,-0.13026872277259827,-176.17527770996094
26.100993431000006,0.5425128023021188,23.689050180204287,-14.891250610351562,-1.9126843214035034,-0.11787869036197662,-0.17850147187709808,-175.97142028808594
26.150682189000236,0.45046796065596606,23.70651211119319,-14.8946533203125,-2.519577158095077,0.41007376374109206,-0.1708044409751892,-175.56971740722656
26.200418433000323,0.2824462969848449,23.712588572871113,-14.90045166015625,-1.9112375974655151,-0.15179727971553802,-0.14030428230762482,-175.32928466796875
26.250936035999985,0.19127467192432945,23.727457396624544,-14.90374755859375,-2.4999430534317475,0.30400143938375956,-0.15668483078479767,-174.96022033691406
26.30028897400007,0.03977650873150029,23.729375725408985,-14.909011840820312,-1.8997085094451904,-0.2549254596233368,-0.10085339844226837,-174.7101593017578
26.350800484000047,-0.0416349917727219,23.733188207007156,-14.908828735351562,-1.8949546813964844,-0.2708398401737213,-0.0774037092924118,-174.4756317138672
26.400570233000053,-0.20934235822270297,23.72819460868686,-14.907119750976562,-1.8817404508590698,-0.32076579332351685,-0.08084698766469955,-174.16404724121094
26.45087028600028,-0.2893787551501932,23.730740699130777,-14.907058715820312,-1.8728350400924683,-0.33126476407051086,-0.07351391017436981,-173.9051971435547
26.500399602000016,-0.4432016564537391,23.73045707748,-14.898727416992188,-2.3792315056691806,0.054287503341161836,-0.043742235749959946,-173.5100860595703
26.55062445900012,-0.5204365191529923,23.730120360046307,-14.895828247070312,-1.8879696130752563,-0.35587233304977417,-0.058812107890844345,-173.2982635498047
26.600972096000078,-0.6894413175650453,23.725319221446767,-14.886947631835938,-2.5206425977096383,0.140006245412088,-0.045790866017341614,-172.9449005126953
26.650439503000143,-0.7707831033477199,23.72838149612868,-14.882705688476562,-1.9029723405838013,-0.3354189991950989,-0.02942361868917942,-172.677490234375
26.700975282999934,-0.9209092772694136,23.72566108921167,-14.876388549804688,-2.410361285494828,0.06897269078453244,-0.06159710884094238,-172.35935974121094
26.750168653999935,-1.0028437514792818,23.728081904122522,-14.874404907226562,-1.912896752357483,-0.36707910895347595,-0.06367604434490204,-172.12039184570312
26.80036004600015,-1.172831468388881,23.71989256854528,-14.8731689453125,-2.484550540544012,-0.0011853958630181904,-0.07824476063251495,-171.7902069091797
26.850545667999995,-1.258173406768416,23.72063469753401,-14.871292114257812,-1.904449462890625,-0.43549615144729614,-0.06951180100440979,-171.51339721679688
26.901612888000273,-1.3413960394916655,23.718698901621853,-14.869461059570312,-1.913206696510315,-0.4799281358718872,-0.08200153708457947,-171.2763214111328
26.950433141000303,-1.4988597788686766,23.70657599996116,-14.867630004882812,-1.9132161140441895,-0.527207612991333,-0.07549375295639038,-170.91793823242188
27.001117220000197,-1.5999925370391734,23.69754542781645,-14.863693237304688,-1.920303463935852,-0.5117366313934326,-0.1132832020521164,-170.69094848632812
27.05106485200031,-1.7597797303937734,23.68341380866773,-14.860687255859375,-2.6682328124292285,0.0056999558093076,-0.10667578876018524,-170.31460571289062
27.100510230000054,-1.8435404802040538,23.679344877058696,-14.860153198242188,-1.920117735862732,-0.5388337969779968,-0.10738149285316467,-170.05763244628906
27.150236247000066,-2.006710532413437,23.667590830141535,-14.86248779296875,-2.6071163466510496,-0.10469311964566269,-0.09921848028898239,-169.65237426757812
27.201127263000217,-2.108871435049861,23.659507400604536,-14.863510131835938,-1.9002481698989868,-0.6192224025726318,-0.0746510773897171,-169.36215209960938
27.250445279999894,-2.2689920935379826,23.643276768803076,-14.859588623046875,-2.612343223879559,-0.1575423752102435,-0.044702451676130295,-168.99490356445312
27.300786182000138,-2.3526586467822304,23.637838239694343,-14.85711669921875,-1.9159904718399048,-0.624321460723877,-0.045875634998083115,-168.74951171875
27.350471602000198,-2.516409977728764,23.625723688890282,-14.85394287109375,-2.5402341921434433,-0.18695653202537865,-0.04834095388650894,-168.34307861328125
27.400939593000203,-2.6216287171830652,23.619715085153747,-14.853790283203125,-1.9272559881210327,-0.6051870584487915,-0.064926877617836,-168.07232666015625
27.450791037000272,-2.776321769163396,23.60077633775674,-14.855545043945312,-1.9373358488082886,-0.6014537215232849,-0.08034614473581314,-167.819091796875
27.50036351300014,-2.8771417058363316,23.60871740473043,-14.857177734375,-2.752577522251361,-0.08038215974239105,-0.05634641647338867,-167.34625244140625
27.550414069,-3.0351245725019034,23.59934722869593,-14.859451293945312,-1.93034827709198,-0.5310482382774353,-0.05818541720509529,-167.05078125
27.60073203999991,-3.1438920306175095,23.60142985900085,-14.863235473632812,-2.667735738864525,-0.04726481864812815,-0.05818695202469826,-166.68649291992188
27.65034372700029,-3.2984808231381706,23.595470039339993,-14.87249755859375,-1.9659929275512695,-0.4707387089729309,-0.08352689445018768,-166.39833068847656
27.700326034000227,-3.386955618784252,23.59912417611956,-14.8778076171875,-2.4929475834962562,-0.15613860284670367,-0.11966975033283234,-166.07058715820312
27.750838683999973,-3.5422955042099233,23.588926076990074,-14.889678955078125,-1.9624923467636108,-0.5132010579109192,-0.12874291837215424,-165.82232666015625
27.80019555400031,-3.648741002776795,23.586904239886948,-14.897354125976562,-2.556222270767053,-0.15966874325577712,-0.14070163667201996,-165.50697326660156
27.851344528000027,-3.730282422465821,23.58289216628265,-14.903091430664062,-1.9490960836410522,-0.509784996509552,-0.13550899922847748,-165.29295349121094
27.90034137700013,-3.883469806313942,23.564081267148453,-14.908660888671875,-1.9242981672286987,-0.5425005555152893,-0.1111956313252449,-165.087158203125
27.950593617000322,-3.97256415933313,23.561195756232873,-14.910781860351562,-1.9376970529556274,-0.5376180410385132,-0.08474469184875488,-164.773681640625
28.00020022300032,-4.14235873876758,23.527034941399915,-14.914505004882812,-1.9139562845230103,-0.6259568333625793,-0.041081540286540985,-164.56130981445312
28.05095914100002,-4.233105806454543,23.5170622164687,-14.916213989257812,-2.480777008429322,-0.32354861784366235,-0.03556637465953827,-164.22666931152344
28.100236470000254,-4.382553275673954,23.478763105683402,-14.919219970703125,-1.9075206518173218,-0.6653451919555664,-0.047219350934028625,-164.0053253173828
28.150748273000318,-4.471751222528285,23.46672036678079,-14.920166015625,-2.719457386922205,-0.24977712898738713,-0.03406929597258568,-163.64759826660156
28.200345535999986,-4.636651804511461,23.41989651279566,-14.923660278320312,-1.9359081983566284,-0.6928222179412842,-0.05822398141026497,-163.37379455566406
28.2504694700001,-4.725142370502745,23.407417475220868,-14.92474365234375,-2.474619136928589,-0.38738170756958124,-0.06648939102888107,-163.0261688232422
28.300282971000343,-4.871351507446049,23.36613086778279,-14.9248046875,-1.9219863414764404,-0.7169958353042603,-0.05044155567884445,-162.80372619628906
28.35096254300015,-4.959878350003244,23.35345995134747,-14.924911499023438,-2.586580618430587,-0.3687337538725397,-0.03326008468866348,-162.43553161621094
28.400712067000313,-5.120376118670921,23.302821489424982,-14.92047119140625,-1.8910542726516724,-0.6899064183235168,-0.021685950458049774,-162.1801300048828
28.451015371000267,-5.1997809854532235,23.28578647811752,-14.91900634765625,-1.8925422430038452,-0.692307710647583,-0.01790335588157177,-161.93040466308594
28.50590001899991,-5.277882211018751,23.26772925817324,-14.917678833007812,-2.1013867370519925,-0.6252980148326024,-0.0366264171898365,-161.6923370361328
28.640542628000276,-5.472501050016277,23.186247821318677,-14.916976928710938,-1.8748183250427246,-0.7872980833053589,-0.06327076256275177,-161.58575439453125
28.663290768000024,-5.628721400342369,23.124793533538593,-14.92266845703125,-2.899377123196627,-0.30683716886812784,-0.06716736406087875,-161.35313415527344
28.67496290600002,-5.699631886016034,23.09767530249282,-14.926620483398438,-3.5599169117319542,0.0151278090085053,-0.08406395465135574,-161.23193359375
28.700120376000086,-5.724813983188152,23.109980660333125,-14.926620483398438,-1.8879388570785522,-0.8087452054023743,-0.08406395465135574,-160.85342407226562
28.75020663000032,-5.899118046070291,23.073409053906744,-14.934844970703125,-1.8818248510360718,-0.8042645454406738,-0.05128515139222145,-160.13656616210938
28.802140705000056,-5.980006352824754,23.052788046927112,-14.938980102539062,-1.8766412734985352,-0.8110193610191345,-0.052769776433706284,-159.88888549804688
28.853052652000315,-6.142032326029673,22.999207568871245,-14.94586181640625,-2.522658261094371,-0.5128046852747128,-0.01219345722347498,-159.58836364746094
28.900517172000036,-6.216941609299191,22.975363462591353,-14.948333740234375,-1.8524526357650757,-0.8432226777076721,-0.010654381476342678,-159.3804168701172
28.950718449000306,-6.360232821106683,22.923547576688378,-14.952468872070312,-2.6470689415198194,-0.5108475234287861,0.0022799295838922262,-159.03443908691406
29.001095713000268,-6.433782662470663,22.898713855959247,-14.954360961914062,-1.8458658456802368,-0.8855326771736145,-0.0010291676735505462,-158.82876586914062
29.05220489300018,-6.59820041842125,22.837069658522076,-14.957839965820312,-2.4721018321207446,-0.5923351474210821,0.004107301123440266,-158.45230102539062
29.10052386899997,-6.67340144652095,22.811541656293272,-14.95880126953125,-1.8327672481536865,-0.897108793258667,0.0033892083447426558,-158.23916625976562
29.1507010600003,-6.822425965429036,22.75885777477815,-14.963348388671875,-2.564811463100449,-0.6168756540580929,-0.02223323844373226,-157.84327697753906
29.200759652000215,-6.900171672168168,22.733567480443615,-14.966217041015625,-1.831972599029541,-0.9371877908706665,-0.02620541863143444,-157.5924530029297
29.251474302000133,-6.9901519477428575,22.699134741840233,-14.969985961914062,-1.8201731443405151,-0.956330418586731,-0.041675541549921036,-157.3691864013672
29.300380123000195,-7.139127583744942,22.64385246639943,-14.981765747070312,-1.8312735557556152,-0.960502564907074,-0.05323060229420662,-156.94683837890625
29.35052451899992,-7.215456891583608,22.616860969513393,-14.988388061523438,-1.8303643465042114,-0.9745159149169922,-0.06973545998334885,-156.70701599121094
29.400477795999905,-7.361756175404846,22.56054578760738,-15.0029296875,-2.546635878869858,-0.6796518770561201,-0.04761100932955742,-156.32675170898438
29.451260463999915,-7.456995797168775,22.526554746125235,-15.011276245117188,-1.820372462272644,-0.9553532600402832,-0.00017774914158508182,-156.02757263183594
29.5009962070003,-7.604489048542394,22.470839515820632,-15.022201538085938,-2.7343191717316233,-0.6446063988332156,-0.011637126095592976,-155.59971618652344
29.55041452000023,-7.681657728969059,22.442521819720127,-15.028396606445312,-1.8445322513580322,-0.9615820050239563,-0.018310898914933205,-155.3284912109375
29.600739455000166,-7.828508232663539,22.386024580113848,-15.038589477539062,-2.605412770099562,-0.6672742252566979,-0.01034481730312109,-154.90541076660156
29.651143705000322,-7.916453729831143,22.34744999892668,-15.046417236328125,-2.9920160198034855,-0.5638442778388238,-0.027620971202850342,-154.69677734375
29.701648329999898,-8.051603171250314,22.278940501591926,-15.061141967773438,-1.8482871055603027,-0.9937027096748352,-0.013747290708124638,-154.4404296875
29.750513115000103,-8.134193161867445,22.250332835060917,-15.066986083984375,-1.852806806564331,-0.9986814856529236,0.009206648916006088,-154.09341430664062
29.80081273399992,-8.265145676513004,22.180486759435237,-15.078506469726562,-1.8594648838043213,-1.0185102224349976,-0.0005088672041893005,-153.86399841308594
29.85026976600011,-8.365123511359936,22.143506045084802,-15.085357666015625,-2.7197427737031177,-0.7104756339497946,-0.009463327005505562,-153.46595764160156
29.900914255000316,-8.496252490159735,22.07728207730902,-15.09649658203125,-1.8549259901046753,-1.00852632522583,0.036520227789878845,-153.23074340820312
29.95134688600001,-8.578720919387822,22.050688041322132,-15.101531982421875,-2.7465064383090296,-0.7228450460648184,0.06614867597818375,-152.85592651367188
30.001694262,-8.709843914632067,21.987469639118338,-15.109207153320312,-1.8471670150756836,-1.0067979097366333,0.05356966331601143,-152.58560180664062
30.050868917000116,-8.80488366381545,21.953664812000262,-15.118484497070312,-2.8084753753892864,-0.6792057059021964,0.05763301998376846,-152.2288360595703
30.101121309000064,-8.8786518422862,21.926563705730587,-15.12542724609375,-1.864100456237793,-0.9667142629623413,0.03649450093507767,-151.9834442138672
30.15123742500009,-9.016616234725486,21.868875664175313,-15.136764526367188,-3.054950411514316,-0.6071689343491176,0.06908498704433441,-151.6251983642578
30.20112284200013,-9.08848686286315,21.840173810248274,-15.141998291015625,-1.8638895750045776,-0.9583762288093567,0.07615085691213608,-151.3860321044922
30.252327741000045,-9.22956226892809,21.768484530016867,-15.150390625,-1.8458484411239624,-1.01394784450531,0.06318424642086029,-151.1446990966797
30.30062035600031,-9.311605503636628,21.74077670149192,-15.154159545898438,-1.844254732131958,-1.0129914283752441,0.04258045181632042,-150.75047302246094
30.35079224099991,-9.437850329763291,21.67353872603828,-15.160446166992188,-1.8478927612304688,-1.0048868656158447,0.04538147896528244,-150.47512817382812
30.400149022000278,-9.51660626545888,21.644451384505896,-15.162826538085938,-2.5409842989044265,-0.8291922651579966,0.06197280064225197,-150.12696838378906
30.451312299000165,-9.6519416380427,21.562019091965006,-15.161026000976562,-1.802432894706726,-1.0863341093063354,0.0853118970990181,-149.89266967773438
30.500895825000043,-9.732685635113276,21.530314423781256,-15.159652709960938,-2.9964579832845084,-0.7560130116334038,0.09354567527770996,-149.50820922851562
30.55100607600025,-9.857971421671223,21.458394882178297,-15.157257080078125,-1.8078296184539795,-1.1149969100952148,0.07448029518127441,-149.24978637695312
30.601135397000235,-9.937044345091794,21.425458117687093,-15.156478881835938,-2.365961364681173,-1.0070176308232848,0.06432738155126572,-148.8777618408203
30.651335616000324,-10.074168949157432,21.33906147421442,-15.155975341796875,-1.7815499305725098,-1.1740169525146484,0.08924390375614166,-148.60501098632812
30.70059256500008,-10.153872301991655,21.304430630758564,-15.156875610351562,-2.43191213830727,-1.0372697562071311,0.11724112927913666,-148.2081298828125
30.750864569999976,-10.275682340229181,21.227185291595532,-15.155105590820312,-1.7843440771102905,-1.1629468202590942,0.15460345149040222,-147.957763671875
30.800414918000115,-10.345018595722951,21.190539288782105,-15.15374755859375,-1.7790998220443726,-1.1620179414749146,0.16473358869552612,-147.71697998046875
30.850971114999993,-10.474784412044835,21.115074715211833,-15.149459838867188,-2.4422735377577847,-1.035647524386555,0.19838730990886688,-147.35769653320312
30.9006188379999,-10.552520622978557,21.066321931661783,-15.145980834960938,-1.7481719255447388,-1.210881233215332,0.1933644562959671,-147.17578125
30.950710522999998,-10.628471845226766,21.029894050442405,-15.14306640625,-2.4309997734663966,-1.0725528315905055,0.20310230553150177,-146.8284149169922
31.000944965000144,-10.747781897962481,20.94909646871936,-15.136093139648438,-1.732882022857666,-1.2447121143341064,0.20463930070400238,-146.5791778564453
31.050814295000237,-10.82711883108265,20.911983434852434,-15.132583618164062,-2.4487234677814422,-1.1283429509755944,0.19290180504322052,-146.1867218017578
31.100558268999976,-10.954345371172433,20.81313194850233,-15.12249755859375,-1.6869295835494995,-1.3458285331726074,0.17956918478012085,-145.93194580078125
31.150418818000162,-11.028770904120835,20.771908282727505,-15.118423461914062,-2.457527266268933,-1.1971297239834748,0.17618723213672638,-145.5821075439453
31.200391307000245,-11.143586706402342,20.684918693096492,-15.120132446289062,-1.7305411100387573,-1.3573830127716064,0.15565258264541626,-145.38584899902344
31.250184163000085,-11.211258079911833,20.643328168808324,-15.123916625976562,-1.7282036542892456,-1.3775595426559448,0.1356886774301529,-145.16322326660156
31.300465237000026,-11.351847672585235,20.547324793783304,-15.131088256835938,-2.1608413697094564,-1.3137535558882192,0.15237528085708618,-144.8434295654297
31.351032599000064,-11.41913467402401,20.505965567537814,-15.135726928710938,-1.7461575269699097,-1.3729830980300903,0.14954179525375366,-144.65744018554688
31.401703445000294,-11.553311577960542,20.42355898498257,-15.142807006835938,-2.609339111980162,-1.232507851952332,0.13381849229335785,-144.31051635742188
31.451203595000152,-11.629224194482523,20.384066386738652,-15.145797729492188,-1.7411432266235352,-1.3759437799453735,0.15702521800994873,-144.0423126220703
31.500904766000076,-11.785423683225806,20.294632889870865,-15.1492919921875,-2.552407792494822,-1.2182230773189944,0.15173405408859253,-143.66319274902344
31.550971937000213,-11.863070612073196,20.256178238008562,-15.14996337890625,-1.771974802017212,-1.3408255577087402,0.15716692805290222,-143.38555908203125
31.60101955400023,-11.935567803418564,20.214500249107154,-15.150772094726562,-1.7603272199630737,-1.3610111474990845,0.17476792633533478,-143.17636108398438
31.650174646000323,-12.073707591429928,20.128529147897318,-15.15167236328125,-1.7471438646316528,-1.4006600379943848,0.12614116072654724,-142.8343963623047
31.70077456900026,-12.150885273723757,20.085931496397837,-15.151870727539062,-1.7551255226135254,-1.411352276802063,0.1330060213804245,-142.55064392089844
31.750268767000307,-12.305673360973017,19.98719497112091,-15.150238037109375,-2.594184294510516,-1.3374198029249136,0.1194344013929367,-142.1819610595703
31.8007272509999,-12.381795711592087,19.943725039969898,-15.149368286132812,-1.7598474025726318,-1.437713623046875,0.10719931870698929,-141.91629028320312
31.850084075000268,-12.528485846380104,19.857781966056088,-15.149658203125,-2.757226097362102,-1.3402832678425403,0.10722967982292175,-141.48947143554688
31.900178416000017,-12.605671341622017,19.815410489061716,-15.149429321289062,-1.7781223058700562,-1.4350297451019287,0.10636710375547409,-141.22743225097656
31.951248677999956,-12.76183449406248,19.72047794697422,-15.152435302734375,-2.3357932600969966,-1.350450116168693,0.08112404495477676,-140.88526916503906
32.000408104000144,-12.84063166330495,19.681638251084415,-15.154937744140625,-1.797985315322876,-1.4141254425048828,0.0947149470448494,-140.6134033203125
32.050427823000064,-12.979681572924735,19.6021947472462,-15.158050537109375,-1.8432316780090332,-1.3654589653015137,0.08922792226076126,-140.329833984375
32.10052636099999,-13.068599326322557,19.56676507900223,-15.1651611328125,-2.5600991324852056,-1.315314736657827,0.06321579217910767,-139.92933654785156
32.15040697199993,-13.219417846240244,19.479315975451428,-15.178268432617188,-1.8058366775512695,-1.3881632089614868,0.09741568565368652,-139.66966247558594
32.20085123600029,-13.303790875529847,19.441979313914736,-15.182266235351562,-2.5093081862037194,-1.3082613276842985,0.12160217016935349,-139.31007385253906
32.25018771300029,-13.434321635409932,19.364734807356186,-15.189453125,-1.8017462491989136,-1.3875453472137451,0.13164915144443512,-139.07611083984375
32.30105985,-13.519398821708945,19.326323945066505,-15.191543579101562,-2.768973067368975,-1.332326948261798,0.1423587203025818,-138.68377685546875
32.35017964300005,-13.658073955991242,19.233485692211485,-15.1954345703125,-1.7496017217636108,-1.4096784591674805,0.1364256590604782,-138.43589782714844
32.40086680100012,-13.736791382771436,19.192432010337352,-15.19610595703125,-2.5961234550278616,-1.3642708120004219,0.15614712238311768,-138.07888793945312
32.45131792000029,-13.807371325119776,19.150369321088927,-15.195785522460938,-1.7430331707000732,-1.4228051900863647,0.1725732386112213,-137.83546447753906
32.50248486600003,-13.92714490749138,19.070085686568945,-15.195144653320312,-1.7552911043167114,-1.4130762815475464,0.16747121512889862,-137.57672119140625
32.58429334099992,-14.05896482769417,18.976313227736966,-15.192153930664062,-2.0016603464561995,-1.432079034708267,0.19665588438510895,-137.32383728027344
32.60504642400019,-14.115877096885441,18.934595734293715,-15.1922607421875,-1.7127394676208496,-1.4563050270080566,0.216352179646492,-137.2031707763672
32.65069396300032,-14.196106880964967,18.89268298797617,-15.191024780273438,-1.6923768520355225,-1.4877797365188599,0.23755134642124176,-136.76817321777344
32.7019309530001,-14.2686764511617,18.84905082964844,-15.189117431640625,-2.285882631861572,-1.5014155007707348,0.23248529434204102,-136.43893432617188
32.75068057699991,-14.391563702594043,18.744987411867545,-15.188980102539062,-1.635535717010498,-1.5499885082244873,0.18432310223579407,-136.14820861816406
32.801994383999954,-14.459778242610206,18.69817256590985,-15.18988037109375,-2.2747535535951076,-1.5377587088989382,0.17087355256080627,-135.83126831054688
32.85057287900008,-14.566585519379572,18.603222209908466,-15.190933227539062,-1.593542218208313,-1.6036933660507202,0.15390054881572723,-135.58624267578125
32.90104019799992,-14.6262241446478,18.555893509955105,-15.192352294921875,-1.5943348407745361,-1.607909917831421,0.12925982475280762,-135.3512725830078
32.951876576999894,-14.748263854516722,18.447078837882238,-15.193588256835938,-2.1866893486770795,-1.6200178920249257,0.15803837776184082,-135.00953674316406
33.00109097099994,-14.809252418108764,18.399038175640126,-15.192245483398438,-1.5541255474090576,-1.6301716566085815,0.1684875637292862,-134.7470703125
33.050662752000335,-14.924206653465276,18.300522988997983,-15.188400268554688,-2.7387398115441375,-1.688181134293649,0.15707673132419586,-134.3000030517578
33.10069007600032,-14.987448102711577,18.250034096374627,-15.186065673828125,-1.5048296451568604,-1.6659045219421387,0.16891449689865112,-134.00526428222656
33.151327134999974,-15.101798050442348,18.13935580530877,-15.185012817382812,-2.2286179467504637,-1.6797689487701803,0.1719372421503067,-133.6314239501953
33.20144635900033,-15.162795045347682,18.089180505292767,-15.183441162109375,-1.5211105346679688,-1.6763641834259033,0.17707419395446777,-133.34951782226562
33.252914751999924,-15.222624898584565,18.038911647572466,-15.182113647460938,-1.536087155342102,-1.6583354473114014,0.16102899610996246,-133.0943603515625
33.30061506700031,-15.336554530572833,17.939285146280326,-15.17987060546875,-1.5118718147277832,-1.6895915269851685,0.1740611493587494,-132.6781463623047
33.35124945200005,-15.39810776910705,17.88756548949615,-15.177841186523438,-1.5001660585403442,-1.7067049741744995,0.17558273673057556,-132.41004943847656
33.401269947999936,-15.515017244839225,17.77123006671374,-15.173187255859375,-2.042940317701756,-1.7686424246420163,0.1555781215429306,-132.056884765625
33.45085116900009,-15.572697745136033,17.71807481209209,-15.170318603515625,-1.4519550800323486,-1.7598602771759033,0.1510114222764969,-131.80471801757812
33.50075872300022,-15.68273114020706,17.611108785992233,-15.167861938476562,-2.4991224505177083,-1.8420162390977801,0.12538553774356842,-131.3558349609375
33.551134593999905,-15.73684453011853,17.558378019859532,-15.16827392578125,-1.4718183279037476,-1.7683122158050537,0.14388737082481384,-131.13912963867188
33.60019052300004,-15.85124045186715,17.437140045337006,-15.168014526367188,-2.2745564412579533,-1.8794388523966044,0.09808732569217682,-130.78517150878906
33.65050750799992,-15.907590871031097,17.380128336502807,-15.168502807617188,-1.4653847217559814,-1.7999472618103027,0.12419208884239197,-130.5336456298828
33.70251320000034,-16.007657709334005,17.26867243424379,-15.167404174804688,-1.5028382539749146,-1.7827026844024658,0.13124458491802216,-130.27345275878906
33.750646576000236,-16.075168779925217,17.21122796318277,-15.166152954101562,-1.5030250549316406,-1.794442892074585,0.13357692956924438,-129.91983032226562
33.801340124000035,-16.186651071665818,17.083985132931446,-15.160385131835938,-1.4980891942977905,-1.8133012056350708,0.1386837363243103,-129.6641845703125
33.85228645799998,-16.254839099458614,17.026299357451546,-15.157073974609375,-2.3100632023077634,-1.868893570197746,0.15817587077617645,-129.32835388183594
33.90058383299993,-16.355000582677302,16.910408437584948,-15.150070190429688,-1.5314072370529175,-1.799818754196167,0.14805984497070312,-129.09674072265625
33.95145895099995,-16.426283455559677,16.849492666068357,-15.146484375,-2.5468460561960957,-1.9131997609614257,0.14985865354537964,-128.69407653808594
34.00165078200007,-16.534914579896288,16.716199040336814,-15.137069702148438,-1.5276745557785034,-1.8115124702453613,0.1481442004442215,-128.49647521972656
34.05063592700026,-16.60220247449268,16.653267668066206,-15.13330078125,-2.42925252682745,-1.9253264368665115,0.12833401560783386,-128.1456298828125
34.100506099000086,-16.672671237314173,16.576458144572506,-15.128738403320312,-1.5297999382019043,-1.821138620376587,0.1554633527994156,-127.91148376464844
34.15020490699999,-16.779064172695247,16.467257173151292,-15.123977661132812,-2.561657724244908,-1.9711349342715785,0.11497396975755692,-127.46053314208984
34.200805370000126,-16.848201220047507,16.38970974845958,-15.122406005859375,-1.5164533853530884,-1.8514256477355957,0.10597515106201172,-127.23180389404297
34.25091954200025,-16.952810746978408,16.26588103664853,-15.11944580078125,-1.5124115943908691,-1.8634802103042603,0.10397639125585556,-126.95561218261719
34.30137245500009,-17.020072425573744,16.20178145808694,-15.11859130859375,-2.1463690865039187,-1.9823993240415663,0.09858062118291855,-126.5787353515625
34.351141117000225,-17.115985020801222,16.07816243783698,-15.115631103515625,-1.4681596755981445,-1.896113395690918,0.11095211654901505,-126.36526489257812
34.40095694999991,-17.19170440845379,15.998926337200508,-15.113113403320312,-2.2971866616198318,-2.0332696460770325,0.1431078314781189,-125.99598693847656
34.45073180999998,-17.2835353791476,15.877554423057813,-15.108535766601562,-1.4061564207077026,-1.8984944820404053,0.19147637486457825,-125.75464630126953
34.501519656000255,-17.348195624644863,15.813645383271373,-15.105148315429688,-2.2937460100081046,-2.056165491901416,0.1717657893896103,-125.38685607910156
34.551127754999925,-17.438518212790957,15.685159638777678,-15.093093872070312,-1.379164218902588,-1.9294853210449219,0.1609773486852646,-125.14793395996094
34.600205647000166,-17.509735642299418,15.601778148607613,-15.086212158203125,-1.9974445756983958,-2.033955190242176,0.14337466657161713,-124.80970764160156
34.65038073100004,-17.600912462676522,15.472759634219836,-15.074615478515625,-1.376792550086975,-1.9256809949874878,0.15752017498016357,-124.57159423828125
34.700406318000205,-17.655955731600063,15.406940858648355,-15.0692138671875,-1.3666167259216309,-1.928070068359375,0.14331364631652832,-124.32473754882812
34.75112866900008,-17.759535666034367,15.27643108498461,-15.059310913085938,-1.373787760734558,-1.9200891256332397,0.14341327548027039,-123.93086242675781
34.80072709700016,-17.82504696748558,15.193880545681257,-15.056777954101562,-1.3568549156188965,-1.9455276727676392,0.1022597923874855,-123.64403533935547
34.85098397399997,-17.919980314519943,15.063398125026735,-15.053421020507812,-1.9482040874369362,-2.0550691200271665,0.1105383038520813,-123.34719848632812
34.9020841800002,-17.97287821450962,14.996929934258521,-15.053253173828125,-1.3511035442352295,-1.9309748411178589,0.12807117402553558,-123.1127700805664
34.95162829600031,-18.029563158499187,14.928851211057145,-15.05487060546875,-2.1172477977826185,-2.1073343616319575,0.11315823346376419,-122.80350494384766
35.00040942100031,-18.12237032662287,14.783174519990105,-15.057144165039062,-1.3075007200241089,-1.9344956874847412,0.12132836133241653,-122.60075378417969
35.0509295249999,-18.179759463618108,14.713059373957009,-15.05938720703125,-1.9099696391058658,-2.0677457600835254,0.10083523392677307,-122.26074981689453
35.100764172000254,-18.263905148102086,14.57979143514687,-15.063323974609375,-1.300469160079956,-1.938043236732483,0.09577107429504395,-122.02165222167969
35.15183002599997,-18.317325381445283,14.510344711994925,-15.064743041992188,-1.2901699542999268,-1.9584330320358276,0.0904010757803917,-121.7529525756836
35.20092337799997,-18.41742843201539,14.358649543467873,-15.073532104492188,-2.079343495379734,-2.1806051901798535,0.03924763202667236,-121.3695297241211
35.250705222000306,-18.46855467381672,14.289440374257163,-15.077606201171875,-1.2656457424163818,-1.9799576997756958,0.012995951808989048,-121.1157455444336
35.3013499650001,-18.56690661474471,14.15193354774289,-15.086074829101562,-2.327801317518923,-2.2521648569501127,-0.007883729413151741,-120.68667602539062
35.35083216000021,-18.62143243319657,14.081230926659863,-15.091094970703125,-1.253528356552124,-1.9897260665893555,-0.022504772990942,-120.40177917480469
35.40084424900033,-18.724275568859326,13.92685109057123,-15.100494384765625,-1.9816780337315811,-2.1877759698501373,-0.017412442713975906,-120.03045654296875
35.450870785000006,-18.7737289151195,13.85759001460731,-15.10443115234375,-1.2492231130599976,-1.9819025993347168,-0.023953041061758995,-119.81574249267578
35.50163915200028,-18.83322223865816,13.785885487157762,-15.107406616210938,-1.7460224580890724,-2.119219108193359,0.009445426054298878,-119.46571350097656
35.550333071000296,-18.91871538983128,13.65097108963191,-15.113174438476562,-1.2058758735656738,-1.9788812398910522,0.02121875435113907,-119.19950103759766
35.60028137300014,-18.967792400992725,13.580968635937847,-15.117172241210938,-1.1829075813293457,-1.9707608222961426,0.01579943485558033,-118.94914245605469
35.65056415400022,-19.06649968491877,13.427008041888545,-15.1243896484375,-1.1656086444854736,-1.9632471799850464,0.03467078134417534,-118.55396270751953
35.70125322900003,-19.11488324330859,13.358484734602394,-15.125350952148438,-1.1567052602767944,-1.9625844955444336,0.032140858471393585,-118.31258392333984
35.75152893299992,-19.204793213754268,13.225602840908964,-15.126190185546875,-1.8412680322022967,-2.1082685244947954,0.05528757721185684,-117.96778106689453
35.80144683100025,-19.25750011775325,13.157693267866021,-15.125823974609375,-1.2129409313201904,-1.9144963026046753,0.054187674075365067,-117.71222686767578
35.85094393899999,-19.36455035768522,13.00556386463198,-15.124618530273438,-2.440779795405701,-2.2966604235796733,0.03814171254634857,-117.31687927246094
35.90136001300016,-19.414203880766568,12.937889263611085,-15.12347412109375,-1.2047674655914307,-1.9049818515777588,0.05150267481803894,-117.11901092529297
35.95052654600022,-19.507843399675647,12.802005029459448,-15.119964599609375,-1.9708209901420162,-2.169464040916232,0.06291987001895905,-116.74478149414062
36.00050542400004,-19.558912410052297,12.732427168441465,-15.118087768554688,-1.1776715517044067,-1.9011489152908325,0.07120033353567123,-116.49178314208984
36.05089759400016,-19.648053721956607,12.584999140061678,-15.1109619140625,-1.1746692657470703,-1.8861737251281738,0.11753102391958237,-116.26841735839844
36.10072193099995,-19.703140234430812,12.514375882868315,-15.10736083984375,-1.8767652309160177,-2.120047834574102,0.10776655375957489,-115.93791961669922
36.151029821000066,-19.783413094032912,12.383135647806222,-15.100982666015625,-1.1365886926651,-1.9018776416778564,0.1064651682972908,-115.70970916748047
36.200458806999904,-19.841084249991987,12.310235264333526,-15.10003662109375,-1.9061838641119282,-2.192006601314345,0.07790610194206238,-115.33027648925781
36.25109407800028,-19.9275125182925,12.16189753881009,-15.098007202148438,-1.1032947301864624,-1.9169814586639404,0.1007564589381218,-115.1085433959961
36.300895652000236,-19.98640964078319,12.088074488907319,-15.095626831054688,-1.8105692540562761,-2.16924837784342,0.10176590085029602,-114.72128295898438
36.35050778799996,-20.033738662528155,12.016336161760528,-15.091903686523438,-1.1196938753128052,-1.9119058847427368,0.08914127200841904,-114.49929809570312
36.400942341000246,-20.122607057919875,11.876495281712877,-15.085769653320312,-1.710484311044691,-2.1500121713924862,0.06768064200878143,-114.15955352783203
36.45131580599991,-20.18065497940491,11.787507036453178,-15.081329345703125,-1.107211709022522,-1.9292019605636597,0.08801524341106415,-113.93175506591797
36.50055293500009,-20.265666269863868,11.64588441982957,-15.071487426757812,-1.0983409881591797,-1.9331748485565186,0.10397505015134811,-113.6925048828125
36.550939649000156,-20.324675802986114,11.569440884706193,-15.066329956054688,-1.7601651409837962,-2.1925903871163004,0.10364632308483124,-113.33853912353516
36.600676553000085,-20.4098869189439,11.426187926680488,-15.05950927734375,-1.1033669710159302,-1.9368888139724731,0.07696281373500824,-113.07821655273438
36.6505427269999,-20.47692100767052,11.33187352866206,-15.056411743164062,-1.8673034678683775,-2.2819013054707735,0.06375116854906082,-112.71985626220703
36.70058691200029,-20.557463442768622,11.189558656152053,-15.052322387695312,-1.0644437074661255,-1.95182466506958,0.06578551232814789,-112.44387817382812
36.75067338100007,-20.609786404617964,11.113595709845384,-15.049850463867188,-1.9189787763288244,-2.326172577519075,0.08593631535768509,-112.10643768310547
36.800776620000306,-20.68632911260287,10.972798655311742,-15.0445556640625,-1.0076502561569214,-1.9794025421142578,0.077988401055336,-111.81829071044922
36.85143153700028,-20.732949027558195,10.8847374466511,-15.038787841796875,-0.9518267512321472,-1.9899064302444458,0.08538351207971573,-111.58733367919922
36.90120252299994,-20.80457366870283,10.744179458332352,-15.030181884765625,-0.913318932056427,-1.9831461906433105,0.08339346200227737,-111.24649810791016
36.950986285,-20.84699426018806,10.67039311367636,-15.025741577148438,-0.8920865058898926,-1.9930899143218994,0.08669868111610413,-110.97702026367188
37.00172877100022,-20.919494181474565,10.525057296609651,-15.0159912109375,-1.5823016152744938,-2.3318373927944056,0.08741393685340881,-110.57418823242188
37.05085690500027,-20.965300502263563,10.434701009142582,-15.01104736328125,-0.8248822689056396,-2.011319875717163,0.051620110869407654,-110.32437133789062
37.10129610000013,-21.01220862899982,10.355264038403757,-15.008193969726562,-1.7176290809867543,-2.427636836044776,0.06225152313709259,-109.93872833251953
37.150687265000215,-21.070833116620207,10.212643810623671,-15.002899169921875,-0.8198183178901672,-2.0208895206451416,0.06048266217112541,-109.70011901855469
37.201125031000174,-21.117673403273738,10.133537782966092,-14.999984741210938,-1.5878796347602067,-2.3881356836925147,0.0757598802447319,-109.322998046875
37.25070063200019,-21.18476259286765,9.972400890580515,-14.991348266601562,-0.8448157906532288,-2.020142078399658,0.02933749184012413,-109.04251861572266
37.300828234000164,-21.224573193724186,9.896617635434868,-14.988784790039062,-0.8563829064369202,-2.0234413146972656,0.02007339894771576,-108.78706359863281
37.35187125500033,-21.295175859553815,9.749244224625066,-14.982269287109375,-1.5960239184706724,-2.3654501164184882,0.022314662113785744,-108.4088363647461
37.40062366400025,-21.33575730906333,9.67308640969957,-14.978546142578125,-0.8672311902046204,-2.0119383335113525,0.020874779671430588,-108.13776397705078
37.45139197300023,-21.41276866972501,9.509312736754053,-14.969696044921875,-1.495893164216314,-2.3123037844399867,0.04851432517170906,-107.75047302246094
37.50085180299993,-21.450272087103627,9.434460108069462,-14.963836669921875,-0.8879873156547546,-1.9960895776748657,0.05605468526482582,-107.52809143066406
37.55080540800009,-21.518214375460282,9.289882047800194,-14.953292846679688,-1.8571604866726328,-2.506528329678512,0.03656161203980446,-107.20645904541016
37.60054806900007,-21.559978654930877,9.211559252723806,-14.949722290039062,-0.874679446220398,-1.9855124950408936,0.020857451483607292,-106.94123840332031
37.65028641500021,-21.63800725970979,9.042455742594521,-14.943527221679688,-1.4229559779098073,-2.315745120357952,0.010189150460064411,-106.57869720458984
37.70101840699999,-21.675736351627542,8.966520268411676,-14.941116333007812,-0.8478448987007141,-2.003201484680176,0.021267807111144066,-106.38093566894531
37.75165215600009,-21.715704514954286,8.8869618290545,-14.942489624023438,-0.8523189425468445,-2.00185489654541,0.008984291926026344,-106.09833526611328
37.803051014000175,-21.789132396495365,8.718679698872402,-14.947647094726562,-0.8599535822868347,-1.9992533922195435,-0.027330078184604645,-105.73992156982422
37.85214231400005,-21.822307372088606,8.657514815228009,-14.949783325195312,-0.8479480147361755,-2.0003418922424316,-0.014638887718319893,-105.48934936523438
37.9011521780003,-21.88842902601023,8.4886763478967,-14.960098266601562,-0.8096171021461487,-2.0009474754333496,-0.04887125641107559,-105.23529052734375
37.951066140999956,-21.925542167881204,8.40917875065852,-14.96435546875,-1.0456698848925734,-2.1909329018111037,-0.04425991326570511,-104.98783874511719
38.002027762000125,-21.978355841831295,8.25282562169264,-14.97088623046875,-1.5938501758057977,-2.5267977423636543,-0.032454025000333786,-104.72483825683594
38.05333435300008,-22.009878246052068,8.170681555279318,-14.973403930664062,-1.4184541311484031,-2.4618983568883905,-0.03589411452412605,-104.49718475341797
38.10178961500014,-22.053641989382903,7.999289437489511,-14.983169555664062,-0.6649115681648254,-2.068241596221924,-0.0771859809756279,-104.37798309326172
38.15087523400007,-22.105458005166973,7.901253793991065,-14.988372802734375,-0.6225550174713135,-2.068197011947632,-0.05657349154353142,-103.78048706054688
38.20137283300028,-22.156154153329645,7.738304280789684,-14.997283935546875,-0.5908093452453613,-2.0656816959381104,-0.06228753551840782,-103.40058898925781
38.25097126400033,-22.192524250408212,7.64843498374945,-15.003982543945312,-1.4228684867367667,-2.5766600388970757,-0.031803108751773834,-103.01129913330078
38.3014950390002,-22.234987292349647,7.474029319258149,-15.016876220703125,-0.5601111650466919,-2.0625250339508057,-0.06382536143064499,-102.775146484375
38.35105212999997,-22.268408077392138,7.387251627274131,-15.022109985351562,-1.2651886110759247,-2.512478948495004,-0.05398281291127205,-102.44105529785156
38.40101790200015,-22.294992788860434,7.300995746768535,-15.026931762695312,-0.5560203790664673,-2.0614302158355713,-0.08577810972929001,-102.19245910644531
38.45225917000016,-22.333904490417115,7.141668453736022,-15.036865234375,-0.557633101940155,-2.0501937866210938,-0.08038605004549026,-101.95189666748047
38.50203912200004,-22.3744532441051,7.031489254439332,-15.042999267578125,-1.2850871398075592,-2.535319551414321,-0.06309982389211655,-101.5412368774414
38.551322626,-22.414905143579247,6.870419835070889,-15.053359985351562,-0.5563979744911194,-2.0406315326690674,-0.047729626297950745,-101.27789306640625
38.60100523300025,-22.449737167686372,6.78183863051157,-15.05731201171875,-1.101565630549884,-2.409144310558329,-0.021945927292108536,-100.91213989257812
38.650364235000325,-22.480473611822323,6.621131930858048,-15.062515258789062,-0.4975185990333557,-2.0196001529693604,0.012627605348825455,-100.68925476074219
38.70066838299999,-22.51187376849819,6.514739203868645,-15.0640869140625,-1.05929538269851,-2.4078505012249516,0.02773686684668064,-100.35971069335938
38.751315989999966,-22.537813711300892,6.358471003754279,-15.063446044921875,-0.45485562086105347,-2.020963191986084,0.04734053835272789,-100.1690444946289
38.80113576800022,-22.565362512587335,6.270154133921005,-15.061981201171875,-0.9472459920040825,-2.3543372029645298,0.0708589106798172,-99.83291625976562
38.8508758400003,-22.593779081050698,6.113612670577548,-15.058029174804688,-0.43012481927871704,-2.019683837890625,0.06965985894203186,-99.60230255126953
38.901821956000276,-22.615067229794107,6.012164231548581,-15.054977416992188,-0.415937215089798,-2.0166444778442383,0.11450505256652832,-99.40592193603516
38.9513928209999,-22.650565425918856,5.849925198921677,-15.048980712890625,-0.9418620576558241,-2.462433494906274,0.07949632406234741,-99.04560089111328
39.000977118000264,-22.673326090373365,5.7632345022907385,-15.047393798828125,-0.3670582175254822,-2.0348565578460693,0.08347492665052414,-98.76386260986328
39.051003691000005,-22.707485700967577,5.58016655104171,-15.044113159179688,-0.998080830053092,-2.4867832449480507,0.08027701824903488,-98.41735076904297
39.10090755100009,-22.730836202124436,5.495969483219821,-15.041885375976562,-0.3789999485015869,-2.0051774978637695,0.12201675027608871,-98.14979553222656
39.15110080000022,-22.763214498882828,5.403491182808249,-15.03997802734375,-1.2306576843382182,-2.654488497772552,0.1212177649140358,-97.71559143066406
39.201737271000184,-22.792583159242156,5.24837584113478,-15.037139892578125,-0.38692915439605713,-1.9924654960632324,0.10010141879320145,-97.47269439697266
39.25112834900028,-22.82240483056536,5.161713579681427,-15.035675048828125,-1.6133678543174885,-2.9312871167877095,0.10151733458042145,-97.11481475830078
39.3045752160001,-22.852646307758732,4.999716110947059,-15.031295776367188,-0.8945366352483959,-2.366332913298602,0.08116388320922852,-96.95880126953125
39.352019247000044,-22.871673982144447,4.92486747716525,-15.029586791992188,-0.4203238785266876,-1.9780933856964111,0.06370043009519577,-96.80462646484375
39.400571579999905,-22.930208295520963,4.756900186810753,-15.026565551757812,-1.8431103062061684,-3.12001442361552,0.03596106916666031,-96.15913391113281
39.45107030700001,-22.954541493993467,4.6756388975723935,-15.024871826171875,-0.4142705202102661,-1.9702941179275513,0.018864212557673454,-95.89976501464844
39.50214156099992,-23.001743766765564,4.502532164294241,-15.02313232421875,-1.081196973508911,-2.5288605161402846,0.0350513719022274,-95.49039459228516
39.55099778600015,-23.02607339524775,4.422059684973133,-15.02252197265625,-0.3738342225551605,-1.9628397226333618,0.0206415057182312,-95.23908233642578
39.60065417600026,-23.0673251784895,4.268676147432505,-15.023773193359375,-1.1055870662789877,-2.5947194569077743,-0.017506035044789314,-94.86748504638672
39.650541131999944,-23.091587549100414,4.187750496673393,-15.025100708007812,-0.36921972036361694,-1.9665849208831787,-0.01627582497894764,-94.62324523925781
39.701058769000156,-23.137615142599437,4.01486398992926,-15.028549194335938,-0.9736062061378918,-2.4710863590196976,-0.0048605212941765785,-94.24974060058594
39.750748750000184,-23.16273898504532,3.9352673588008917,-15.029556274414062,-0.3746354579925537,-1.9730579853057861,-0.025526398792862892,-94.00597381591797
39.80156714600025,-23.18801668478566,3.8527585436211877,-15.031723022460938,-0.36802834272384644,-1.9689933061599731,-0.01822712831199169,-93.74315643310547
39.85042740200015,-23.22817013467453,3.699190691685128,-15.034439086914062,-0.8309525365201743,-2.3858599203089694,0.013382216915488243,-93.39713287353516
39.900186576000124,-23.24942393087716,3.6200441218809365,-15.035049438476562,-0.3112533688545227,-1.9633158445358276,0.01197382714599371,-93.16771697998047
39.95010254099998,-23.282469196501793,3.4471290871442237,-15.035476684570312,-0.9429096599963289,-2.539757584735975,-0.004531027749180794,-92.8024673461914
40.000444975999926,-23.300398254008226,3.3688662185954166,-15.035202026367188,-0.30622968077659607,-1.9820035696029663,0.022163936868309975,-92.59880828857422
40.05145344700031,-23.32882215569011,3.21111242398904,-15.036178588867188,-0.8784989131797613,-2.521239297430248,-0.0032714467961341143,-92.2214584350586
40.10201360500014,-23.346010834745545,3.1290904497056946,-15.0364990234375,-0.2748747169971466,-1.9851027727127075,0.01704907976090908,-91.96552276611328
40.15099975500016,-23.372300306124952,2.9564568711896,-15.036422729492188,-0.915526323645435,-2.60775924564164,0.032146647572517395,-91.61326599121094
40.201275868000266,-23.38597876220531,2.8764243786968797,-15.03704833984375,-0.26084357500076294,-1.9940637350082397,0.014052405953407288,-91.40206146240234
40.25069929200026,-23.406976605850467,2.7228466944964884,-15.036941528320312,-0.7022785940534583,-2.473558063168936,0.03996160998940468,-91.06932830810547
40.3009712840003,-23.414527814216235,2.6400425984145794,-15.034698486328125,-0.14147330820560455,-1.9823641777038574,0.044284638017416,-90.844970703125
40.351268662000166,-23.41937967880262,2.4689614684037022,-15.029434204101562,-0.10903617739677429,-1.9816874265670776,0.025769943371415138,-90.57718658447266
40.400623386999996,-23.433351312957722,2.381275621282221,-15.028091430664062,-0.7106936663111724,-2.5964267293912187,0.02394595928490162,-90.22827911376953
40.450726911999936,-23.43116327306049,2.227511952216626,-15.02728271484375,-0.038423772901296616,-2.0165164470672607,-0.008436390198767185,-90.00554656982422
40.50035003700032,-23.441077576108857,2.140743185756741,-15.027191162109375,-0.5379494082314245,-2.516768403844047,0.003145716618746519,-89.69147491455078
40.55074596200029,-23.436385835426933,1.9712480839783808,-15.020538330078125,-0.03755997493863106,-2.011971950531006,0.01504893135279417,-89.40962982177734
40.60061849800013,-23.44456496048197,1.8860872192186955,-15.0167236328125,-0.43717085285563095,-2.438849290260125,0.012363013811409473,-89.07843017578125
40.65019608600005,-23.437013946554035,1.7383186026664572,-15.008865356445312,-0.013126236386597157,-2.003319263458252,0.01690700091421604,-88.84874725341797
40.70028996000019,-23.444632363765816,1.6499281390127862,-15.00341796875,-0.5079351428181853,-2.5466715289735213,0.03886289894580841,-88.47894287109375
40.75115426699995,-23.444180133639367,1.5517460712849305,-14.9969482421875,0.023614728823304176,-1.9925810098648071,0.044632039964199066,-88.23063659667969
40.800840990000324,-23.437397992469784,1.4043387326142076,-14.982940673828125,-0.01454615592956543,-1.9948558807373047,0.05317943915724754,-87.96492004394531
40.85110448100022,-23.447167024686667,1.3183532875514405,-14.975051879882812,-0.49795816198955717,-2.5311390247447485,0.049132224172353745,-87.58975219726562
40.90074834300003,-23.443153803276633,1.1734260790289546,-14.96209716796875,-0.012476852163672447,-2.0016987323760986,0.02054944820702076,-87.34432983398438
40.95124640499989,-23.446891768552224,1.0668459382545974,-14.95538330078125,-0.5605784251821979,-2.6646129094088202,0.020121872425079346,-86.98262786865234
41.00137447499992,-23.44167242012772,0.9122870515751953,-14.948196411132812,0.02980480156838894,-2.0114200115203857,-0.03396444395184517,-86.6721420288086
41.050886107000224,-23.449158386112664,0.8220695769043704,-14.945510864257812,-0.5139201054709822,-2.660019078706299,-0.04439130052924156,-86.29651641845703
41.10053548099995,-23.438479312499172,0.6688310838929761,-14.94024658203125,0.0446358323097229,-2.0084307193756104,-0.03884972631931305,-86.04503631591797
41.15038248100018,-23.445682448767602,0.5614932958821361,-14.937820434570312,-0.494017618326987,-2.6237247207544465,-0.05238375812768936,-85.66554260253906
41.200972406000346,-23.439239605019342,0.4033158916734725,-14.933822631835938,0.045325469225645065,-2.0433340072631836,-0.05646039918065071,-85.37740325927734
41.25122047600007,-23.444897288907516,0.31433121642696227,-14.932113647460938,0.06188637763261795,-2.0463309288024902,-0.05077404901385307,-85.05589294433594
41.30156951800018,-23.440419968354092,0.1505513098465845,-14.926177978515625,-0.5965998028395001,-2.858610858200198,-0.04709172993898392,-84.66429901123047
41.351057955000215,-23.436309992178657,0.04880542735031668,-14.921401977539062,0.05055900663137436,-2.046409845352173,-0.04496869072318077,-84.42628479003906
41.401375414000086,-23.431410281771758,-0.11062670684411202,-14.915023803710938,-0.4272409467779096,-2.6382657443191384,-0.06680507212877274,-84.05810546875
41.45200535999993,-23.42992820695951,-0.19391172026008086,-14.912399291992188,0.09150976687669754,-2.0335354804992676,-0.07671313732862473,-83.79413604736328
41.50090813099996,-23.430223729754914,-0.27889059552338047,-14.90997314453125,0.10037799924612045,-2.0266458988189697,-0.05687660351395607,-83.48930358886719
41.552568135,-23.41721071039415,-0.45098215396599883,-14.907501220703125,0.13093405961990356,-2.0235440731048584,-0.08580170571804047,-83.11788940429688
41.600420359000054,-23.41281903859042,-0.5335054932259902,-14.90960693359375,0.1668950915336609,-2.0195658206939697,-0.08500504493713379,-82.84123229980469
41.65078293500028,-23.392096803837454,-0.6814723589998959,-14.914093017578125,0.24772541224956512,-2.020024299621582,-0.08866063505411148,-82.56930541992188
41.70031998000013,-23.383829630602378,-0.7588651961577195,-14.917633056640625,0.2746043801307678,-2.013597249984741,-0.09096857160329819,-82.34998321533203
41.7509558910001,-23.357465865723224,-0.9211105444212797,-14.92681884765625,-0.024353007110317793,-2.439858547437709,-0.11140833050012589,-82.02803802490234
41.801351631000216,-23.348968912617295,-0.9961644119202311,-14.931427001953125,0.31108373403549194,-2.0027167797088623,-0.1332056224346161,-81.8302230834961
41.8505195140001,-23.329077853946252,-1.147537964791689,-14.936126708984375,-0.0012434629123040386,-2.476470964409442,-0.09386087954044342,-81.43560028076172
41.90090413899998,-23.31963183514399,-1.2225778342642961,-14.937362670898438,0.3729795515537262,-1.9706861972808838,-0.07315371185541153,-81.23660278320312
41.95095395299995,-23.31324483240244,-1.301663698433274,-14.937652587890625,0.36274072527885437,-1.971161961555481,-0.0542619563639164,-80.97264862060547
42.00076448300024,-23.28988855158159,-1.4662390732804962,-14.93280029296875,-0.19015183671078228,-2.7328895266511433,-0.032134246081113815,-80.6402587890625
42.051112626000304,-23.284307948009822,-1.543257320582152,-14.93048095703125,0.32057735323905945,-1.9733141660690308,0.0006696478230878711,-80.42324829101562
42.10145957800023,-23.270882713395668,-1.693109124355125,-14.926956176757812,-0.061495979872347006,-2.5900199449880614,-0.035877928137779236,-80.06887817382812
42.151952559000165,-23.26653572280801,-1.7725445792790726,-14.926712036132812,-0.10752991679915469,-2.688699767973506,-0.05442645028233528,-79.81690216064453
42.20106520900026,-23.24389989056305,-1.930033164571061,-14.92633056640625,0.4100133180618286,-1.975589394569397,-0.03759453073143959,-79.57025146484375
42.251688378999916,-23.247159337405698,-2.0188988435730155,-14.9256591796875,-0.07196025261767297,-2.698667923819185,-0.0527348555624485,-79.13385772705078
42.301344813000014,-23.243174897486774,-2.096864288832762,-14.92510986328125,0.3997284770011902,-1.9926756620407104,-0.03405162692070007,-78.88360595703125
42.350752015000126,-23.22671560673442,-2.2366379870199404,-14.921951293945312,0.418326735496521,-1.9961432218551636,-0.01100954506546259,-78.65711975097656
42.4007831670001,-23.228282567990338,-2.340743984428755,-14.9200439453125,-0.10670034099000503,-2.7868888462096124,-0.029201271012425423,-78.26016235351562
42.45135048800012,-23.216559127574072,-2.484730670078484,-14.917877197265625,0.3387332558631897,-2.042621374130249,-0.04880665987730026,-78.01563262939453
42.50145386300028,-23.22221299503589,-2.5764305469425692,-14.915206909179688,0.015851284352462913,-2.57138995646885,-0.045649658888578415,-77.58333587646484
42.55124522300002,-23.21118050884281,-2.723109825181562,-14.9110107421875,0.3266090750694275,-2.0488088130950928,-0.028785310685634613,-77.31975555419922
42.60067252199997,-23.213584932172736,-2.828851268692179,-14.908050537109375,-0.2179621013387158,-2.8598493600470674,-0.011032880283892155,-76.93724060058594
42.65068732200007,-23.202657943921725,-2.975192811943344,-14.90386962890625,0.2962127923965454,-2.0710699558258057,-0.03115008771419525,-76.7149887084961
42.70036546600022,-23.20392696005633,-3.059532469594794,-14.902542114257812,0.30495935678482056,-2.0790040493011475,-0.036159880459308624,-76.42854309082031
42.751689910000096,-23.198388525543695,-3.220238652419545,-14.904281616210938,-0.03095421765789219,-2.679761482867321,-0.0346541553735733,-76.02283477783203
42.80119473900004,-23.194205501477313,-3.320673782558739,-14.905593872070312,0.34919917583465576,-2.0756587982177734,-0.054460786283016205,-75.76065063476562
42.851010686000336,-23.183858955049114,-3.4840027502179964,-14.90997314453125,-0.14170983476310683,-2.9555978400991734,-0.08878267556428909,-75.38231658935547
42.900709646999985,-23.17900716624037,-3.570426449981659,-14.91278076171875,0.3949233889579773,-2.083677291870117,-0.08474010229110718,-75.15284729003906
42.9512931080003,-23.180176898439953,-3.667375753810113,-14.915252685546875,-0.07580978016230117,-2.943171754357215,-0.08308275043964386,-74.75077819824219
43.001079742,-23.15369675896345,-3.840360273473113,-14.919647216796875,0.4364190101623535,-2.0799076557159424,-0.07037864625453949,-74.52054595947266
43.05091168200033,-23.148661692168666,-3.9295137526017054,-14.920867919921875,0.15942973919419945,-2.5900700547961066,-0.043821144849061966,-74.21717071533203
43.10149987300019,-23.125636373858104,-4.081603366253651,-14.922561645507812,0.4717259407043457,-2.0775809288024902,-0.0602358840405941,-73.97689819335938
43.151095462000285,-23.115544831660497,-4.181968788795807,-14.925857543945312,0.46738049387931824,-2.0881643295288086,-0.07050751894712448,-73.71045684814453
43.201400090000334,-23.097578193150557,-4.338647305011664,-14.930099487304688,0.1573420702594685,-2.668030585819542,-0.05353682488203049,-73.34150695800781
43.251395679000325,-23.092005711902427,-4.425043405276055,-14.931961059570312,0.4901829957962036,-2.067403793334961,-0.059531427919864655,-73.08633422851562
43.30089151099992,-23.076675163292244,-4.590983121971101,-14.93536376953125,0.09396305966075574,-2.83071221363194,-0.04821368679404259,-72.69491577148438
43.35058294300006,-23.069392071214022,-4.675239694486914,-14.93701171875,0.5232894420623779,-2.074188232421875,-0.04737348482012749,-72.4736557006836
43.40091908600016,-23.044805785532013,-4.857096391798514,-14.936080932617188,0.2644717327262045,-2.657223482459205,-0.04764290899038315,-72.06982421875
43.45051791200012,-23.035546629084223,-4.941713053687248,-14.936355590820312,0.5571070313453674,-2.0835883617401123,-0.0588705912232399,-71.82755279541016
43.50135114600016,-23.02663370526672,-5.027036959010846,-14.93743896484375,0.5415335297584534,-2.0990686416625977,-0.06698212772607803,-71.58740997314453
43.551303885999914,-23.008437110200727,-5.196099031877168,-14.943359375,0.5353986620903015,-2.1030004024505615,-0.05710037052631378,-71.19300842285156
43.6005159209999,-22.999126330060125,-5.279727878313453,-14.945785522460938,0.5430029034614563,-2.0965464115142822,-0.058711208403110504,-70.99662780761719
43.6510438360001,-22.970960107727635,-5.463181465497913,-14.950698852539062,0.6238503456115723,-2.0677154064178467,-0.053489938378334045,-70.62428283691406
43.7012063279999,-22.959185396942942,-5.548792450661185,-14.952728271484375,0.6259896755218506,-2.0626325607299805,-0.0563339926302433,-70.38832092285156
43.75125005600012,-22.92949380353852,-5.709705683045737,-14.95709228515625,0.25884628164660545,-2.8845864634391813,-0.07122664153575897,-70.05220794677734
43.80057581000028,-22.914861725321984,-5.794003445650933,-14.960708618164062,0.6368028521537781,-2.0714781284332275,-0.11240307241678238,-69.82829284667969
43.850351157000205,-22.87607351506638,-5.973919916457411,-14.969818115234375,0.3264853253294281,-2.9255976135397956,-0.09934206306934357,-69.45248413085938
43.90119189799998,-22.85734030728386,-6.058007108752435,-14.970733642578125,0.7459077835083008,-2.0520529747009277,-0.09881165623664856,-69.22395324707031
43.95302750000019,-22.81416285060371,-6.207477440703267,-14.970870971679688,0.7189556956291199,-2.0411548614501953,-0.04915452003479004,-69.02470397949219
44.00326872400001,-22.80182145273109,-6.303114540233081,-14.970596313476562,0.7294463515281677,-2.047912120819092,-0.029365649446845055,-68.60877227783203
44.055375178000304,-22.75175960079476,-6.472512470503897,-14.969696044921875,0.1974593574993252,-3.3585067173620273,-0.02296089567244053,-68.33110809326172
44.10048636600004,-22.729032513057284,-6.54737246739298,-14.969589233398438,0.7804664373397827,-2.0378851890563965,-0.019001955166459084,-68.2069320678711
44.15072544500026,-22.68878712269173,-6.703491721178185,-14.9693603515625,0.28642426477948446,-3.2600131409166,-0.047952793538570404,-67.82105255126953
44.200765090999994,-22.66649295917301,-6.776591572770644,-14.970306396484375,0.8306326270103455,-2.026812791824341,-0.06540314108133316,-67.69116973876953
44.25130359400009,-22.61681888812732,-6.9443546129382465,-14.972930908203125,0.5733173909585016,-2.6053326400716186,-0.036606837064027786,-67.30908966064453
44.3032051160003,-22.596418541571307,-7.0243106229143395,-14.973358154296875,0.48810124746099987,-2.8629851474246113,-0.02947280928492546,-67.02774810791016
44.35276997000028,-22.570178220411915,-7.0922034363919435,-14.973617553710938,0.8918470144271851,-1.9656322002410889,-0.006657208316028118,-66.91287231445312
44.407684731000245,-22.522073316652314,-7.23619829155837,-14.97509765625,0.5280726334758219,-2.934990638203666,0.018029319122433662,-66.52704620361328
44.454839472,-22.488730265343634,-7.315506060724299,-14.976043701171875,0.8928639888763428,-1.962647557258606,0.015846509486436844,-66.42801666259766
44.5008539280002,-22.43841315516636,-7.4483731297584015,-14.977188110351562,0.7643823393628122,-2.295695249139348,0.014144184067845345,-66.18248748779297
44.553795083000296,-22.414384755475997,-7.518212515919275,-14.97821044921875,0.47994890620361397,-3.0898889519369206,0.011204065755009651,-65.98844146728516
44.60077017799995,-22.363980919462303,-7.6569399289927205,-14.979995727539062,0.11917966728929175,-4.179685209174666,-0.0006617746548727155,-65.62574005126953
44.650215800000296,-22.34833487011058,-7.794995011445074,-14.980667114257812,0.7440667069247016,-2.5851278912745324,-0.028274143114686012,-64.65746307373047
44.70070114800001,-22.285571719209717,-7.924500971951227,-14.982009887695312,1.0103946924209595,-1.9343098402023315,-0.08557500690221786,-64.41900634765625
44.750814954999896,-22.259293247288884,-8.007660228313558,-14.983810424804688,0.8519355872949612,-2.547190468547502,-0.06924069672822952,-64.04122924804688
44.800687712000126,-22.191145406253693,-8.135446542924972,-14.988754272460938,1.0973492860794067,-1.8919509649276733,-0.02772403508424759,-63.812129974365234
44.85079205000011,-22.149776395895316,-8.22104423748837,-14.991546630859375,1.1241705417633057,-1.887004017829895,-0.03594783693552017,-63.59099197387695
44.9009337790003,-22.08202717164401,-8.359941593398409,-14.994033813476562,0.9061093587220332,-2.6959497974559357,-0.006351083517074585,-63.21651077270508
44.95084853100025,-22.048205755037294,-8.430244803553178,-14.994232177734375,1.1849180459976196,-1.8678010702133179,-0.023950237780809402,-63.02421569824219
45.00352251300001,-22.014902583805,-8.502497748041655,-14.995330810546875,1.1722221374511719,-1.8860276937484741,-0.028896568343043327,-62.809234619140625
45.05309437000005,-21.943687700177854,-8.654804822712237,-14.993377685546875,0.7256247046260367,-3.1105836732614542,-0.01580023020505905,-62.420249938964844
45.10582560000012,-21.915253905072017,-8.726291197374964,-14.990814208984375,0.9702458340758002,-2.3201885732577994,0.018096596002578735,-62.185855865478516
45.15193111899998,-21.853268375239917,-8.856656618090534,-14.986648559570312,0.8603801243876499,-2.7591529047898513,0.017431098967790604,-61.88252258300781
45.20208179700012,-21.823884408311123,-8.928054872839937,-14.987213134765625,0.7809563880933863,-3.0409546617826546,0.002430203603580594,-61.628562927246094
45.25545383899998,-21.75123831774906,-9.066960236083942,-14.9884033203125,1.121099829673767,-1.8841384649276733,-0.0029970346949994564,-61.385284423828125
45.30057199200019,-21.724007290420253,-9.140022209951635,-14.990447998046875,0.9578284467775877,-2.45303645623254,-0.017064569517970085,-61.125038146972656
45.353893509000045,-21.664561215138605,-9.268997519704305,-14.994354248046875,0.705796201160181,-3.2506592894262654,-0.0008226674981415272,-60.86223602294922
45.40353253000012,-21.635427729288736,-9.334193892692776,-14.995712280273438,1.0868595838546753,-1.8955836296081543,-0.0005698551540262997,-60.73539733886719
45.451354273000106,-21.61192297813733,-9.409017357085066,-14.998245239257812,1.1206058263778687,-1.8803271055221558,-0.011227281764149666,-60.45768356323242
45.50148061500022,-21.548504840823504,-9.551576511549786,-15.0037841796875,1.1271886825561523,-1.8894731998443604,0.0017798537155613303,-60.22208786010742
45.55301316300029,-21.525362422071844,-9.63383940673753,-15.005233764648438,0.727327245582361,-3.3235612803380445,0.008073829114437103,-59.85520553588867
45.600696795000204,-21.471442863585978,-9.76827916217581,-15.00970458984375,-0.1580114910132795,-6.735520403808267,-0.007710490841418505,-59.50735092163086
45.65020843499997,-21.45396331085992,-9.875574924302796,-15.011962890625,1.090828537940979,-1.9204877614974976,-0.024109259247779846,-58.79148483276367
45.70108375400014,-21.38832268224017,-10.025187739628013,-15.010162353515625,0.9398862214227528,-2.7296368957343393,0.007199778687208891,-58.452945709228516
45.750957565000135,-21.360082570804636,-10.101902670898518,-15.007736206054688,1.1337376832962036,-1.9084893465042114,0.01162269338965416,-58.16356658935547
45.80138586000021,-21.298289271661123,-10.239664581655555,-15.005722045898438,0.9758266488839127,-2.771884894559745,0.00965153519064188,-57.80467224121094
45.851001732999976,-21.267010695142865,-10.3125081674447,-15.007080078125,1.1902698278427124,-1.8952255249023438,-0.03380140662193298,-57.562652587890625
45.901000258000295,-21.192820271755657,-10.468891646744808,-15.013534545898438,1.0579729169082746,-2.6315740881456238,-0.07027425616979599,-57.161293029785156
45.95040714000015,-21.16008804705096,-10.544474770181058,-15.014129638671875,1.2191489934921265,-1.9003554582595825,-0.04636256769299507,-56.90318298339844
46.000828058000025,-21.08948920897486,-10.67859801522498,-15.014007568359375,1.2263665199279785,-1.9223040342330933,-0.03558642044663429,-56.640968322753906
46.051048894999894,-21.058148673532752,-10.766576072304748,-15.01483154296875,1.2436009645462036,-1.9171241521835327,-0.03266848623752594,-56.224937438964844
46.10107525400008,-20.974258230139995,-10.910280884666868,-15.019119262695312,1.2787432670593262,-1.920603632926941,-0.010961512103676796,-55.98052215576172
46.15046791500026,-20.939901344028204,-10.994797568079788,-15.020660400390625,1.1566872816776943,-2.6328341342089976,-0.014339113608002663,-55.603721618652344
46.20068366100031,-20.858669850809473,-11.117360666014868,-15.0211181640625,1.3297779560089111,-1.9007654190063477,0.008530189283192158,-55.377037048339844
46.25082312199993,-20.82028310870097,-11.19632381325134,-15.0206298828125,1.162070761624511,-2.8580812282874835,0.020639266818761826,-55.01628875732422
46.300474167000175,-20.727520784088824,-11.33170204964482,-15.021316528320312,1.3456836938858032,-1.907622218132019,-0.0128707867115736,-54.80438995361328
46.3510457780003,-20.69079568025278,-11.412565759064522,-15.022735595703125,1.2318207935601835,-2.6304837170844775,-0.015062160789966583,-54.41722106933594
46.40128153000023,-20.651477066351433,-11.482770866913398,-15.024734497070312,1.376296043395996,-1.902010440826416,-0.05006527900695801,-54.18538284301758
46.45068772200011,-20.568958761555933,-11.610017960821072,-15.031097412109375,1.2645383558883767,-2.545878261285728,-0.04121571406722069,-53.9268798828125
46.50080029300034,-20.51738730176511,-11.695014203294875,-15.035446166992188,1.399405598640442,-1.8879673480987549,-0.038398101925849915,-53.70269775390625
46.55310214300016,-20.431711206204476,-11.820779684336365,-15.04168701171875,1.4068433046340942,-1.8717187643051147,-0.038720034062862396,-53.473445892333984
46.60022801100013,-20.391594495713935,-11.889743631797124,-15.045974731445312,1.414827823638916,-1.8685896396636963,-0.04094994068145752,-53.24357223510742
46.65100841799995,-20.311082348591178,-12.0316275569085,-15.052978515625,1.4138407707214355,-1.8635250329971313,-0.02322920598089695,-52.75406265258789
46.70101804900014,-20.261461634385604,-12.123579710875838,-15.055892944335938,1.3360806447396731,-2.512466503523325,-0.03015456534922123,-52.39600372314453
46.75054761899992,-20.179969047393882,-12.244834934767399,-15.058425903320312,1.4019054174423218,-1.8571702241897583,-0.016323335468769073,-52.154788970947266
46.80081678200031,-20.141382144460632,-12.32335926943053,-15.059188842773438,1.3305188456889225,-2.504314374825589,0.001392156584188342,-51.80714416503906
46.850456453000334,-20.05764025055397,-12.439525300857316,-15.062545776367188,1.4550036191940308,-1.8123825788497925,0.02258431725203991,-51.57746505737305
46.90086408700017,-20.003691196090244,-12.518467215701998,-15.063812255859375,1.4721157550811768,-1.7922905683517456,0.03217388689517975,-51.345680236816406
46.95068458200012,-19.91813922794557,-12.641502545858286,-15.060302734375,1.4049830023874568,-2.5200935287783874,0.03602408617734909,-50.9796142578125
47.000359389000096,-19.876655087809578,-12.710034433945573,-15.05731201171875,1.4672149419784546,-1.8034967184066772,0.009215477854013443,-50.69160079956055
47.05080867000015,-19.790633076149703,-12.833755900732688,-15.052215576171875,1.4223907983479833,-2.4225838511841067,0.029190249741077423,-50.32776641845703
47.10101310800019,-19.73594286146374,-12.910119264410723,-15.047958374023438,1.4904478788375854,-1.782505989074707,0.010179649107158184,-50.10477066040039
47.151270335999925,-19.693001283049544,-12.988785809210787,-15.044921875,1.4464112701995955,-2.540837592156972,0.013850563205778599,-49.69501876831055
47.20140876400001,-19.589024388133122,-13.10845305639213,-15.037994384765625,1.508628487586975,-1.7641851902008057,0.0420515350997448,-49.54677200317383
47.252013552000335,-19.55478663205832,-13.163771429851788,-15.0361328125,1.5161912441253662,-1.7621259689331055,0.03904149681329727,-49.28324890136719
47.30262872000003,-19.44819113972332,-13.295036072858654,-15.032089233398438,1.5119595527648926,-1.77190363407135,0.031269270926713943,-48.999786376953125
47.352046021000206,-19.40241966938875,-13.366869561945053,-15.030670166015625,1.3996519031698114,-3.864570572300262,0.026316972449421883,-48.696353912353516
47.40150877199994,-19.307640496893114,-13.482100592131795,-15.028030395507812,1.4957325759615463,-2.6763884461735543,0.025140605866909027,-48.48350143432617
47.45052690800003,-19.26058791938187,-13.553139466824996,-15.027053833007812,1.4325484597977005,-3.8041432861216946,0.016610007733106613,-48.21687698364258
47.50287794199994,-19.213321485325284,-13.620681936737416,-15.028350830078125,1.4783375506488594,-2.821959229499495,0.006851456593722105,-47.96001052856445
47.55189154000027,-19.104858600234643,-13.741979423027027,-15.031082153320312,1.5556131601333618,-1.7768155336380005,-0.001597365364432335,-47.842342376708984
47.601342624000154,-19.008203282834558,-13.866669831862831,-15.0357666015625,1.5017703319276319,-3.84754006326613,-0.006047186907380819,-47.46677780151367
47.65081700200017,-18.961251150680443,-13.97733266267948,-15.038070678710938,1.6056562662124634,-1.7171235084533691,0.008884457871317863,-46.61323928833008
47.700504336999984,-18.911948673418088,-14.041841934369641,-15.039840698242188,1.6296961307525635,-1.6914334297180176,0.011387603357434273,-46.3834114074707
47.750422656999945,-18.798750790512024,-14.174579616133599,-15.039779663085938,1.6206848946902628,-2.3932569290336057,0.06571421772241592,-45.99015808105469
47.800523781000265,-18.749029342971347,-14.238425095328795,-15.037551879882812,1.613516926765442,-1.6875452995300293,0.103829026222229,-45.75868225097656
47.85050679799997,-18.64909896737862,-14.360403113027864,-15.032913208007812,1.6017009663468558,-2.6553523264656045,0.07231985032558441,-45.39102554321289
47.90132049000022,-18.598400927106518,-14.426244048955354,-15.032058715820312,1.6247222423553467,-1.680119514465332,0.05856843292713165,-45.145530700683594
47.95112473400013,-18.484003927024503,-14.564618349165432,-15.02911376953125,1.6402566513582135,-2.459654614826301,0.06487071514129639,-44.765377044677734
48.00079009499996,-18.435531465988078,-14.63027068675985,-15.025588989257812,1.602804183959961,-1.731126308441162,0.0718403235077858,-44.532073974609375
48.05084108000028,-18.338681235989597,-14.749430284144559,-15.019119262695312,1.6085039377212524,-1.7244106531143188,0.06145668774843216,-44.271915435791016
48.1004769770002,-18.277524399448136,-14.828806566262244,-15.013107299804688,1.5943183898925781,-1.7250359058380127,0.06718501448631287,-44.04359436035156
48.15043622500025,-18.228225803903957,-14.908837188487002,-15.006027221679688,1.6153752058971012,-2.743417390363475,0.06145382300019264,-43.63031768798828
48.20057284099994,-18.129795102233935,-15.026219937719869,-14.993728637695312,1.5823791027069092,-1.7404800653457642,0.05852067843079567,-43.40384292602539
48.250674892999996,-18.079111753374608,-15.10576123240209,-14.988052368164062,1.6393361180210735,-2.658957204377545,0.03163721039891243,-43.01129913330078
48.3014227890003,-17.97653515767677,-15.224155524990099,-14.978134155273438,1.6080387830734253,-1.74220609664917,0.00885829795151949,-42.76875686645508
48.350864037000065,-17.911270143899795,-15.317398855475382,-14.97332763671875,1.6614488167580423,-2.439245620345976,-0.0003247296262998134,-42.374420166015625
48.40117906700016,-17.807489493051385,-15.43887601920645,-14.959915161132812,1.6511223316192627,-1.7134432792663574,-0.01482985820621252,-42.091392517089844
48.45052464700029,-17.75388994308166,-15.514482152439598,-14.954299926757812,1.666688084602356,-1.6970986127853394,-0.02100350335240364,-41.7492561340332
48.50070682900014,-17.64457002035134,-15.638498928914448,-14.9459228515625,1.7384178906683927,-2.485677646696188,-0.046374715864658356,-41.408626556396484
48.55066512100029,-17.57308087634354,-15.71676391360479,-14.942779541015625,1.7308233976364136,-1.6561524868011475,-0.054375048726797104,-41.16081619262695
48.60061720900012,-17.45632864938434,-15.837357551445576,-14.938735961914062,1.808437495223857,-2.5511087050452783,-0.036235079169273376,-40.805320739746094
48.65089114300008,-17.395837082412953,-15.898454460086485,-14.937026977539062,1.9687904886257048,-4.710125103918641,-0.03999250754714012,-40.579830169677734
48.70044353200001,-17.334631248618663,-15.970827685723304,-14.935897827148438,1.791550996624049,-2.237441439636688,-0.062413040548563004,-40.21609878540039
48.75108158000012,-17.199592983264708,-16.094265074876013,-14.935638427734375,1.7684333324432373,-1.6040886640548706,-0.045218389481306076,-39.93612289428711
48.80139233,-17.138406889967488,-16.164209190720772,-14.935104370117188,1.847342020660013,-2.35846633544144,-0.04304000735282898,-39.59501647949219
48.85097142600034,-17.018230820881886,-16.27240447914663,-14.934707641601562,1.80159330368042,-1.5762099027633667,-0.036094244569540024,-39.35402297973633
48.90063727300003,-16.956211554389554,-16.34435796364201,-14.93475341796875,1.8576126213144177,-2.1816277128366517,-0.04090248420834541,-38.99210739135742
48.95077330799995,-16.82258656243333,-16.468774067837366,-14.93841552734375,1.7854911088943481,-1.611035943031311,-0.10201925039291382,-38.74197006225586
49.00037406899992,-16.762051995503164,-16.531578033929744,-14.941009521484375,1.8077118396759033,-1.587998867034912,-0.10198546200990677,-38.53700256347656
49.05034039500015,-16.637710102514163,-16.651489650892564,-14.94451904296875,1.9444415776630952,-2.509063310277079,-0.10049941390752792,-38.194332122802734
49.10074658600024,-16.574484902839536,-16.71716595834109,-14.945907592773438,1.834010124206543,-1.535852313041687,-0.07766392827033997,-37.93834686279297
49.15136475700001,-16.428761086806617,-16.84321098815495,-14.948806762695312,1.9425038206593805,-2.192896156232303,-0.06871366500854492,-37.56171417236328
49.200549405999936,-16.36267039562054,-16.902261647778346,-14.950149536132812,1.8214040994644165,-1.5287091732025146,-0.05149448662996292,-37.33753967285156
49.25040281500014,-16.23356758135667,-17.014007777977156,-14.951934814453125,1.9367570070267137,-2.2806576815973827,-0.028873415663838387,-36.991851806640625
49.30123444400033,-16.168626933504967,-17.07518504296199,-14.952789306640625,1.8104089498519897,-1.5321563482284546,-0.05373123288154602,-36.73853302001953
49.351198620000105,-16.104660925418084,-17.134100308835222,-14.954071044921875,1.8121141195297241,-1.5302815437316895,-0.04674364998936653,-36.528907775878906
49.40067688199997,-15.963102219422307,-17.256928679407643,-14.95672607421875,1.8155966997146606,-1.5072450637817383,-0.057803165167570114,-36.19944763183594
49.45121885400022,-15.89919029506432,-17.31578722756251,-14.958480834960938,1.8351194858551025,-1.483154058456421,-0.08044694364070892,-35.97890090942383
49.50062084299998,-15.772339815137572,-17.42810002893168,-14.963165283203125,1.9636360512481654,-2.2978176240294332,-0.09223020821809769,-35.623104095458984
49.55040063200022,-15.70635692613788,-17.48676656845931,-14.962600708007812,1.8342260122299194,-1.4709930419921875,-0.07406345754861832,-35.358585357666016
49.60050808200003,-15.561879431573228,-17.602534240220777,-14.960357666015625,1.9633857449731118,-2.2350644536602813,-0.04874914512038231,-35.010189056396484
49.65050156799998,-15.49649095547558,-17.659174293192493,-14.959732055664062,1.8528156280517578,-1.4110850095748901,-0.062152888625860214,-34.77615737915039
49.70029337599999,-15.365368747080858,-17.756827584098836,-14.957992553710938,2.0043929407519365,-1.9830067393054303,-0.07863526791334152,-34.44277572631836
49.75112897700001,-15.298390228892028,-17.813385403002975,-14.95806884765625,1.8763680458068848,-1.3531256914138794,-0.06913953274488449,-34.172054290771484
49.8004853450002,-15.152707275724888,-17.91287408118347,-14.956069946289062,1.8680479526519775,-1.3354504108428955,-0.06499478220939636,-33.92483901977539
49.85058200699996,-15.084583124717575,-17.975539080793105,-14.9547119140625,2.0466705367964186,-2.1656429876509664,-0.0573531873524189,-33.55810546875
49.90086958500024,-14.953793756059465,-18.061361723237628,-14.952056884765625,1.88484525680542,-1.3001124858856201,-0.06798698753118515,-33.353416442871094
49.951236935,-14.882199231385496,-18.12364663486396,-14.949432373046875,2.1231876541554757,-2.368608106249117,-0.04160340502858162,-32.963951110839844
50.00294612300013,-14.73267145958572,-18.2228231967471,-14.9437255859375,1.872179388999939,-1.2998665571212769,-0.03908973187208176,-32.69417190551758
50.052813013000105,-14.66153583695257,-18.282884918127525,-14.941070556640625,2.2012753918021164,-2.5694007938400336,-0.036896832287311554,-32.3172721862793
50.10251661700022,-14.594433656727254,-18.322790510631016,-14.938339233398438,1.92144775390625,-1.2357008457183838,-0.02166399545967579,-32.215152740478516
50.151754857000014,-14.458104035846752,-18.407618819086377,-14.934967041015625,1.9262033700942993,-1.1954387426376343,-0.05793221667408943,-31.943519592285156
50.2009725339999,-14.368392533926368,-18.467029300427548,-14.932647705078125,2.001854802727169,-1.59387398130432,-0.04804924502968788,-31.676359176635742
50.251701463000245,-14.230870145351982,-18.55503868298466,-14.9288330078125,2.508398295359266,-3.781525966172022,-0.018129976466298103,-31.400474548339844
50.300570635999975,-14.153604941138589,-18.629999390208432,-14.925369262695312,2.2204946042075773,-2.524869155271446,-0.027294255793094635,-30.81894874572754
50.35086776800017,-14.01558127007852,-18.71440820432312,-14.916275024414062,1.8762844800949097,-1.239400029182434,-0.021314898505806923,-30.56296730041504
50.40089535700008,-13.92611456412035,-18.7855806096238,-14.911361694335938,2.0890067277564093,-2.0951773294915013,-0.009433417581021786,-30.162038803100586
50.45098370400001,-13.785565620509482,-18.873737381785332,-14.904571533203125,1.8606326580047607,-1.2463295459747314,-0.044182538986206055,-29.88557243347168
50.501549375000195,-13.714258885759566,-18.92591521685405,-14.902069091796875,1.8553698062896729,-1.246537685394287,-0.03121880069375038,-29.648691177368164
50.551131236999936,-13.574782684972803,-19.018609497914834,-14.89801025390625,2.3065930891129742,-2.8453980761896625,-0.04908095300197601,-29.320884704589844
50.60149746500019,-13.488453271713656,-19.076571006178593,-14.896530151367188,2.2557614779173654,-2.644890124500508,-0.05363091081380844,-29.120359420776367
50.650223663999896,-13.348351809964747,-19.173573315116347,-14.895095825195312,1.8635156154632568,-1.2293208837509155,-0.05897590145468712,-28.740089416503906
50.700800529999924,-13.27414123687236,-19.22443951479226,-14.89306640625,1.8761711120605469,-1.2131731510162354,-0.04784904792904854,-28.514909744262695
50.750938788999974,-13.129680332169205,-19.31722497173658,-14.8896484375,2.097391410712388,-1.7877197070619735,-0.053399424999952316,-28.195079803466797
50.800325405999956,-13.037767844213775,-19.37284562977431,-14.887969970703125,1.9166324138641357,-1.1424930095672607,-0.06044715642929077,-27.979557037353516
50.850437431000046,-12.957875918727074,-19.43234855373479,-14.886825561523438,2.200802604891558,-2.0152849017133083,-0.07069721817970276,-27.56673812866211
50.901007258999925,-12.796219010035042,-19.5191058393756,-14.886566162109375,1.9330602884292603,-1.0921179056167603,-0.10169050097465515,-27.326379776000977
50.95337900300001,-12.735902558462435,-19.557298298310233,-14.886444091796875,1.9344065189361572,-1.0742273330688477,-0.0856957733631134,-27.092628479003906
51.00244872400026,-12.56929327863542,-19.641375603479137,-14.886505126953125,1.90572190284729,-1.0923951864242554,-0.10568110644817352,-26.842063903808594
51.05244861100027,-12.490165310448972,-19.702507376344375,-14.887847900390625,1.8946233987808228,-1.127567172050476,-0.14229132235050201,-26.423097610473633
51.10130741800003,-12.343795339414461,-19.789465758774938,-14.889755249023438,2.541707871428314,-3.003540188290984,-0.12323883920907974,-26.046201705932617
51.15060928699995,-12.269684244949646,-19.839627718572256,-14.890975952148438,1.8896161317825317,-1.097570776939392,-0.13213086128234863,-25.770837783813477
51.201002847999916,-12.107511972261895,-19.935849887855543,-14.889358520507812,2.233918506882105,-2.040752803108632,-0.1020784005522728,-25.3621826171875
51.25049384000022,-12.033193451953736,-19.985970494174143,-14.886993408203125,1.8843979835510254,-1.059752345085144,-0.0692318007349968,-25.06989288330078
51.30065970900023,-11.888418466489227,-20.07593911051646,-14.8824462890625,2.214414027073416,-1.9412117817679815,-0.09794685244560242,-24.637115478515625
51.3504058540002,-11.813043596911557,-20.124119057566993,-14.880111694335938,1.8872066736221313,-1.0263478755950928,-0.09470312297344208,-24.3637638092041
51.401975938000305,-11.722523214039615,-20.177557793607342,-14.876998901367188,1.8779456615447998,-1.0290098190307617,-0.07015193998813629,-24.124849319458008
51.45121203300005,-11.580098660389467,-20.26044063247061,-14.873306274414062,1.8768819570541382,-1.0385280847549438,-0.09380172938108444,-23.76580238342285
51.50108390000014,-11.508136780793132,-20.303398931935902,-14.8721923828125,1.8728464841842651,-1.0487375259399414,-0.09341194480657578,-23.553014755249023
51.550957859999926,-11.36593968253085,-20.389311962550078,-14.871612548828125,2.221604077976822,-1.907378069025325,-0.09552838653326035,-23.142457962036133
51.60041821999994,-11.293598296810746,-20.43563052547005,-14.868698120117188,1.8725014925003052,-1.0682058334350586,-0.10058334469795227,-22.937816619873047
51.65061782800012,-11.134518151021801,-20.533213782130414,-14.864837646484375,2.2188381534417627,-1.815690110244506,-0.10481387376785278,-22.555757522583008
51.700545287000296,-11.062773736989625,-20.57862498801764,-14.863998413085938,1.881141185760498,-0.9947950839996338,-0.11497873067855835,-22.337743759155273
51.75074933700034,-10.917661146311755,-20.663372698083997,-14.864761352539062,2.1509098842236396,-1.6626764356722603,-0.09566853940486908,-21.9438419342041
51.80092463200026,-10.846352705156882,-20.705725670303327,-14.865829467773438,1.8864825963974,-0.9678961038589478,-0.12276557832956314,-21.754209518432617
51.85034254500033,-10.688446812820187,-20.78378390458932,-14.86798095703125,1.8713390827178955,-0.975167453289032,-0.1057797372341156,-21.542720794677734
51.901555485000245,-10.61017838402907,-20.836670376111886,-14.86883544921875,2.1344575506968684,-1.5347441106762627,-0.12419462203979492,-21.17595672607422
51.954808561999926,-10.540176422353007,-20.870680373581042,-14.870590209960938,1.8791465759277344,-0.9408553242683411,-0.1462828516960144,-21.07530975341797
52.00165274000028,-10.395536690477382,-20.936343333510823,-14.87921142578125,2.107463167699296,-1.4087412702746027,-0.15764227509498596,-20.87151527404785
52.0530324020001,-10.233384755192189,-21.015777671264726,-14.887405395507812,2.330239288445583,-1.8868149118354476,-0.09486264735460281,-20.555139541625977
52.10135177100028,-10.160650548088459,-21.050227852075018,-14.889236450195312,2.1775774351321915,-1.5704918403495274,-0.13006751239299774,-20.414243698120117
52.15924930100027,-10.089204519954393,-21.083114724383076,-14.892059326171875,1.8843947649002075,-0.8739275932312012,-0.15170732140541077,-20.294700622558594
52.20035895000001,-9.932389970394313,-21.18404634471954,-14.89892578125,1.8676707744598389,-0.8927494287490845,-0.13120396435260773,-19.561649322509766
52.250212807000025,-9.835656020148964,-21.240193582138772,-14.902053833007812,2.324481656049307,-1.7968726110072257,-0.13037706911563873,-19.18195915222168
52.30047182299995,-9.694667144352909,-21.306229118494088,-14.908523559570312,1.8626441955566406,-0.8664126992225647,-0.1386096477508545,-18.935283660888672
52.35032490799995,-9.613990946181254,-21.35771426444431,-14.911209106445312,2.074627968731137,-1.2998377688985352,-0.1356271505355835,-18.521865844726562
52.40077241200015,-9.471424987987334,-21.42040418301044,-14.914764404296875,1.8549238443374634,-0.8302903771400452,-0.11675503104925156,-18.29010581970215
52.45088602400028,-9.380495908188939,-21.466714448871727,-14.917282104492188,1.8503764867782593,-0.8162733912467957,-0.10633339732885361,-18.039398193359375
52.50027991500019,-9.237736912982005,-21.53246091614552,-14.92535400390625,1.8594205379486084,-0.7892886996269226,-0.12139870226383209,-17.684967041015625
52.55083761300011,-9.163724061801897,-21.57072353901039,-14.929946899414062,1.8708006143569946,-0.7769194841384888,-0.12111014872789383,-17.421165466308594
52.600283407000006,-9.021049929213152,-21.63773178769637,-14.9378662109375,1.8596996068954468,-0.7983477115631104,-0.119389109313488,-17.047082901000977
52.650884883000344,-8.932529693654493,-21.680667707960644,-14.941757202148438,1.8501948118209839,-0.8234283924102783,-0.0963435098528862,-16.811887741088867
52.70055251800022,-8.791252252887212,-21.749011528556526,-14.946868896484375,2.329906997588185,-1.6363072131362113,-0.09539704769849777,-16.44408416748047
52.751269328000035,-8.716556137994708,-21.788441925709336,-14.947769165039062,1.8728958368301392,-0.7788968682289124,-0.09415090829133987,-16.18455696105957
52.80030171499993,-8.63900641730408,-21.83379118968354,-14.94879150390625,2.232062526096276,-1.39355635834086,-0.07596414536237717,-15.836481094360352
52.8505443490003,-8.483399297721594,-21.899502874355353,-14.950729370117188,1.8756029605865479,-0.7480432391166687,-0.05902358144521713,-15.571490287780762
52.90075789599996,-8.40211323607124,-21.945521142476395,-14.952407836914062,2.186623832032174,-1.280892156579914,-0.056168895214796066,-15.159960746765137
52.950106857000264,-8.260287723762234,-22.002524217871006,-14.954833984375,1.8988991975784302,-0.7149755358695984,-0.021138766780495644,-14.882486343383789
53.00060145799989,-8.178103286751913,-22.045407877176167,-14.954742431640625,2.2384418695511537,-1.247384080535753,-0.01287463866174221,-14.486967086791992
53.05028851199995,-8.016879141605289,-22.10047410049751,-14.954376220703125,1.9175677299499512,-0.6894667744636536,-0.018041083589196205,-14.237872123718262
53.10033056300017,-7.942868279665193,-22.130795758123128,-14.954345703125,1.912055253982544,-0.6729060411453247,-0.016765423119068146,-14.035492897033691
53.15083470500031,-7.790093738977678,-22.181377218385077,-14.954803466796875,2.4888689189229694,-1.5814475787468218,-0.04680449515581131,-13.674479484558105
53.20084482099992,-7.712007974418018,-22.211388051094918,-14.955825805664062,1.9370306730270386,-0.6106165647506714,-0.05397055298089981,-13.425763130187988
53.250729714000045,-7.543682999446139,-22.257559929976097,-14.951095581054688,1.9475769996643066,-0.5869481563568115,-0.05135735124349594,-13.137689590454102
53.30031536300021,-7.459803899690085,-22.29171327253179,-14.948211669921875,1.961621880531311,-0.5327140688896179,-0.06228816136717796,-12.780939102172852
53.35094263400015,-7.310662852976943,-22.32861715021803,-14.946060180664062,1.9724211692810059,-0.517228364944458,-0.07977309077978134,-12.551164627075195
53.40120359399998,-7.227400972603204,-22.35407385360345,-14.948089599609375,2.3032231236236926,-1.0375745624625632,-0.08350547403097153,-12.2746000289917
53.45141368800023,-7.146639225643094,-22.378838850283273,-14.949981689453125,1.9571651220321655,-0.530995786190033,-0.08818114548921585,-12.029285430908203
53.500692964000336,-6.97108912232409,-22.423341001571302,-14.954345703125,2.4495348318995775,-1.2229808054460793,-0.08388177305459976,-11.647588729858398
53.55099254200013,-6.88817272372826,-22.44722457823415,-14.955078125,1.9650897979736328,-0.47745853662490845,-0.08159108459949493,-11.38625717163086
53.60154240300017,-6.735021096626039,-22.480688504203684,-14.957855224609375,1.9883891344070435,-0.4826655685901642,-0.10970703512430191,-11.125996589660645
53.651042856000004,-6.6429165729961674,-22.51190087661216,-14.9598388671875,1.9999911785125732,-0.4559454917907715,-0.09791325032711029,-10.721869468688965
53.70107542200003,-6.461355180744739,-22.548662494617318,-14.962890625,2.4152070483245205,-0.9824061224118356,-0.07270285487174988,-10.353577613830566
53.75084280500005,-6.37786398504106,-22.570407815357807,-14.963592529296875,2.0258359909057617,-0.3900372087955475,-0.08250623196363449,-10.110037803649902
53.80073104600024,-6.214009660161654,-22.610620690895427,-14.962020874023438,2.4224726650986126,-0.9506478737330193,-0.05839542672038078,-9.714375495910645
53.85035008500017,-6.131282034379,-22.63426460281129,-14.96112060546875,2.476608424476642,-1.0263015863128695,-0.0682423785328865,-9.464725494384766
53.90097407300027,-5.957922645848112,-22.667879318950963,-14.955123901367188,2.022386074066162,-0.4181278347969055,-0.07726757973432541,-9.217865943908691
53.951785825000115,-5.8706017610205015,-22.699077834533465,-14.952499389648438,2.4908843095970807,-1.06379035141086,-0.08832833170890808,-8.860395431518555
54.00061080200021,-5.71752619471942,-22.730963745400278,-14.95135498046875,2.035531759262085,-0.43150249123573303,-0.11823201179504395,-8.642616271972656
54.050476663000154,-5.609750795573057,-22.764530340632838,-14.952682495117188,2.586803029180576,-1.12551593629655,-0.11198531091213226,-8.245742797851562
54.10082699400027,-5.457642820227101,-22.795096941228742,-14.955337524414062,2.0303800106048584,-0.398897260427475,-0.11337343603372574,-8.013346672058105
54.15012899500016,-5.36742483452143,-22.825410865740434,-14.954421997070312,2.3496867229521428,-0.8288076767010336,-0.1326267272233963,-7.62408447265625
54.20060981200004,-5.28457681033267,-22.84851622861242,-14.954452514648438,2.0249252319335938,-0.44811975955963135,-0.13109029829502106,-7.381890296936035
54.250770797000314,-5.131013416210639,-22.883196680812006,-14.955596923828125,2.022104263305664,-0.4626914858818054,-0.12569478154182434,-7.1321611404418945
54.30088484299995,-5.023498784131761,-22.912624821222145,-14.958953857421875,2.469842902203249,-1.035819868484941,-0.12343259900808334,-6.807902812957764
54.350333392000266,-4.863550822874581,-22.94829059241036,-14.96337890625,2.0493431091308594,-0.41962385177612305,-0.08726866543292999,-6.503151893615723
54.40088562300025,-4.773546500707353,-22.975716131497357,-14.962570190429688,2.6141593468660664,-1.1300509660717801,-0.06998995691537857,-6.135643005371094
54.45032237600026,-4.61723170489636,-23.002368528770074,-14.957305908203125,2.044434070587158,-0.463110089302063,-0.06770025938749313,-5.887212753295898
54.50062122300005,-4.5103979890162265,-23.033905997923465,-14.9544677734375,2.5730976319478533,-1.0792561593212633,-0.0667736679315567,-5.505808353424072
54.551542427000186,-4.359304020009065,-23.051328585892144,-14.944580078125,2.0289533138275146,-0.38998356461524963,-0.04139133170247078,-5.31416654586792
54.60036145799995,-4.272500876538034,-23.074204646706676,-14.939208984375,2.5374533705794113,-1.0040866957488888,-0.01893860101699829,-4.948973178863525
54.6515346770002,-4.124290777071104,-23.0897810167816,-14.929183959960938,2.5266960312836804,-0.9482747975826806,-0.061242248862981796,-4.717621803283691
54.70034952600008,-4.026630472811208,-23.103751348747622,-14.92431640625,2.455141188196701,-0.8483545306543828,-0.05047130584716797,-4.459077835083008
54.75033847600025,-3.872506985833579,-23.125496719912995,-14.916961669921875,2.007803440093994,-0.2758137583732605,-0.059400059282779694,-4.0727152824401855
54.800756666000325,-3.7910787993576593,-23.13442796662804,-14.909637451171875,2.006032943725586,-0.2126884013414383,-0.04487524926662445,-3.8537325859069824
54.85062567600016,-3.7022377999481773,-23.152410295437186,-14.903488159179688,2.460079011533122,-0.7177993793525135,-0.05614377558231354,-3.470290422439575
54.900478938000106,-3.536572598651255,-23.157250276218473,-14.89263916015625,2.0063765048980713,-0.21317870914936066,-0.10201994329690933,-3.2608001232147217
54.95130242899995,-3.449937955995713,-23.171674874238324,-14.887420654296875,2.3728742256861795,-0.6423126116666019,-0.10432654619216919,-2.907388210296631
55.00027328100032,-3.3023778145979055,-23.178853145430427,-14.879714965820312,2.0202996730804443,-0.24840018153190613,-0.1300351321697235,-2.689284086227417
55.05066942700023,-3.215422387279219,-23.195407353725365,-14.876129150390625,2.498038325481973,-0.7289436033662151,-0.14876601099967957,-2.32138729095459
55.10029136999992,-3.0471776652302016,-23.202173412511044,-14.869384765625,2.6123184508005126,-0.7464559771539448,-0.1203383356332779,-2.0373780727386475
55.15126590099999,-2.9657719970069847,-23.212432314155087,-14.8670654296875,2.0388004779815674,-0.11651840060949326,-0.10811284184455872,-1.7709589004516602
55.200808053999936,-2.8178544842257223,-23.2076155100481,-14.855361938476562,2.033726215362549,-0.08473022282123566,-0.11861001700162888,-1.5241392850875854
55.25352637600008,-2.739738178778591,-23.211168036272838,-14.851730346679688,2.042330503463745,-0.07677754014730453,-0.14556849002838135,-1.3129745721817017
55.301942513000085,-2.659132429320896,-23.217370787370182,-14.849212646484375,2.054128885269165,-0.09063670784235,-0.18185392022132874,-1.0633569955825806
55.353084110000054,-2.490887776235532,-23.219278763405544,-14.841217041015625,2.0584373474121094,-0.10124357044696808,-0.17465020716190338,-0.7965811491012573
55.401691803000176,-2.3961471905295273,-23.242004240599726,-14.839431762695312,2.054900884628296,-0.09407304227352142,-0.1891537606716156,-0.28006765246391296
55.45045013100025,-2.239346792232318,-23.252982786246196,-14.83026123046875,2.044475555419922,-0.12730984389781952,-0.1741042286157608,0.11850672215223312
55.500711590000265,-2.1574349552880174,-23.263986647148382,-14.82562255859375,2.041818380355835,-0.130594864487648,-0.18346449732780457,0.399808794260025
55.5504914359999,-1.989418518133773,-23.273992029134206,-14.815414428710938,2.4560504075541445,-0.5299120192359097,-0.1494196206331253,0.7620474696159363
55.60071211600007,-1.909402445650017,-23.2832637855616,-14.809356689453125,2.027285575866699,-0.12632708251476288,-0.13558217883110046,1.0470787286758423
55.65075113700004,-1.75901161651068,-23.29725320972451,-14.799911499023438,2.593263159775856,-0.6830667678704369,-0.11655167490243912,1.4472817182540894
55.70070116800025,-1.6796770002613344,-23.30361676989931,-14.7928466796875,2.019547939300537,-0.11217200011014938,-0.1145077645778656,1.7055567502975464
55.75045633700029,-1.5161474294440285,-23.307704247469864,-14.781402587890625,2.414075907820333,-0.46023644731373736,-0.13884904980659485,2.0098445415496826
55.800411032000284,-1.4389720603059004,-23.313050877414764,-14.777862548828125,2.0342042446136475,-0.11430931836366653,-0.15798015892505646,2.2182135581970215
55.850603627000055,-1.2895575770105303,-23.31094755272622,-14.76849365234375,2.049318552017212,-0.07519764453172684,-0.1565442979335785,2.482644557952881
55.900994137,-1.2029194875767604,-23.321293366640976,-14.7657470703125,2.0491745471954346,-0.0412222295999527,-0.17294959723949432,2.838897943496704
55.95109292500001,-1.0394587141540605,-23.3082824674811,-14.760726928710938,2.056030035018921,0.0213359035551548,-0.16503086686134338,3.0563881397247314
56.00045213500016,-0.9527653389915924,-23.31366436194311,-14.759765625,2.747214275518298,-0.5544182380418073,-0.20574535429477692,3.4052422046661377
56.05021701800024,-0.8060828815923737,-23.298950049871994,-14.762847900390625,2.0751709938049316,0.043535832315683365,-0.22028671205043793,3.622427225112915
56.10044576400014,-0.7183203485060496,-23.303668529634695,-14.766464233398438,2.605801455024796,-0.4178336894255746,-0.22426143288612366,3.9966132640838623
56.15040016700004,-0.6194544996102778,-23.302272515293236,-14.771713256835938,2.0795674324035645,0.008033040910959244,-0.2439257949590683,4.27097225189209
56.20029120700019,-0.4658076229104773,-23.29660174747854,-14.781814575195312,2.553718879329654,-0.3645680407347905,-0.22862358391284943,4.636621952056885
56.25139161800007,-0.3858027544901188,-23.29522245537836,-14.786422729492188,2.0806093215942383,0.052389081567525864,-0.24928218126296997,4.8881940841674805
56.30078708700012,-0.23014104311276107,-23.28979521386238,-14.797561645507812,2.6653188503985814,-0.428118631422791,-0.2489195466041565,5.307753086090088
56.3504309570003,-0.13463628384185977,-23.280927069223964,-14.80242919921875,2.0849409103393555,0.07440590113401413,-0.26817241311073303,5.526552677154541
56.40085214700002,0.013711601943481533,-23.26757430019088,-14.812026977539062,2.071249008178711,0.055576205253601074,-0.24340035021305084,5.810072898864746
56.450704764999955,0.1004688164260541,-23.271711099332745,-14.81573486328125,2.7560964152456737,-0.5064382085205332,-0.22715288400650024,6.192490577697754
56.50039796500005,0.24245775572982353,-23.256297953946646,-14.824264526367188,2.0650835037231445,0.021266059949994087,-0.2611320912837982,6.4439377784729
56.5504820430001,0.3446619648504523,-23.26051493774058,-14.8302001953125,2.5423628204102493,-0.37168625354945933,-0.22738708555698395,6.819823265075684
56.60101819300007,0.48614827176443676,-23.247661809058037,-14.830490112304688,2.04744029045105,-0.005342658143490553,-0.23033928871154785,7.011134624481201
56.65070433100027,0.5711158609093681,-23.25399767743757,-14.831405639648438,2.5002626967187234,-0.3594447126540861,-0.22486473619937897,7.352705001831055
56.701559030000226,0.7190549932499648,-23.248686188338894,-14.833755493164062,2.056133270263672,-0.0806824192404747,-0.25163915753364563,7.621618270874023
56.750747348000004,0.8287540675763072,-23.258392330433363,-14.835861206054688,2.6381134846291774,-0.49563024699918173,-0.26200923323631287,8.058961868286133
56.800262528000076,0.9784175281659349,-23.25562713093926,-14.839599609375,2.062276840209961,-0.08827221393585205,-0.23598885536193848,8.325440406799316
56.85053859000027,1.0613637832128706,-23.254656636425562,-14.83709716796875,2.06319260597229,-0.0888374075293541,-0.23079931735992432,8.574369430541992
56.90030758800003,1.2200319097915955,-23.249709819385778,-14.83538818359375,2.947364022559978,-0.6616220791703418,-0.2325800210237503,8.963830947875977
56.9504044790001,1.318033972432116,-23.24243133077629,-14.834686279296875,2.062957525253296,0.02541591040790081,-0.2482721209526062,9.18460750579834
57.00212164200002,1.4069065429866452,-23.239588127907602,-14.833724975585938,2.753909306121999,-0.4261635303319718,-0.24419301748275757,9.523011207580566
57.051133030000074,1.5583284870252818,-23.21889873497182,-14.832717895507812,2.062621831893921,0.08418303728103638,-0.19713923335075378,9.7763671875
57.10071317000029,1.6435174249870785,-23.211094380017336,-14.830825805664062,2.419000552260157,-0.14233102972123562,-0.19467081129550934,10.038712501525879
57.151357207000274,1.8128087037211773,-23.17636130594163,-14.828659057617188,2.477814760535684,-0.11761247696037025,-0.1936907321214676,10.24873161315918
57.20066284299992,1.9108683623843001,-23.178297111108645,-14.828536987304688,2.660748531143029,-0.21698507321317334,-0.1657290905714035,10.722285270690918
57.25092873800031,2.056651741409275,-23.150932726153208,-14.82147216796875,2.078979969024658,0.18735238909721375,-0.17610861361026764,10.959235191345215
57.30010498499996,2.1344184673798203,-23.142239924360673,-14.819534301757812,2.0830366611480713,0.1958189308643341,-0.193104550242424,11.159479141235352
57.3508887779999,2.2991097592807845,-23.116806911421545,-14.811965942382812,2.7210163275486057,-0.23694468583069106,-0.17104914784431458,11.492371559143066
57.40057071499996,2.377450325722028,-23.109802473900714,-14.808670043945312,2.071167469024658,0.2178705632686615,-0.18517698347568512,11.735014915466309
57.45034616300018,2.528425938736624,-23.09073113440494,-14.803695678710938,2.642833099081029,-0.1434314068786251,-0.19619359076023102,12.123372077941895
57.50030127300033,2.6082596305743797,-23.081570181426514,-14.80029296875,2.074291706085205,0.21764200925827026,-0.19774848222732544,12.398476600646973
57.550349017999906,2.770059863126661,-23.054201282205753,-14.79620361328125,2.4300401686247803,-0.02425813015326267,-0.21578282117843628,12.72105884552002
57.60089776199993,2.845563201344783,-23.04527371482694,-14.794357299804688,2.0591745376586914,0.2509894073009491,-0.24736453592777252,12.959991455078125
57.65035753600023,2.9886721789034434,-23.02460228988757,-14.791641235351562,2.6580459430487484,-0.12859737906872543,-0.2243812382221222,13.335052490234375
57.700338364000345,3.0809130282650714,-23.013469572169782,-14.79046630859375,2.0486040115356445,0.2510407567024231,-0.21554727852344513,13.604296684265137
57.75104103900003,3.139460053609264,-23.00642816811186,-14.787765502929688,2.0502567291259766,0.26278018951416016,-0.21071754395961761,13.819615364074707
57.801436858000216,3.2997663803449244,-22.97778150343199,-14.782485961914062,2.8496422860230006,-0.17823829231461114,-0.20299501717090607,14.201220512390137
57.851221801000065,3.376459198233447,-22.96814741637891,-14.7799072265625,2.047360420227051,0.31189775466918945,-0.22102496027946472,14.452520370483398
57.90027174500028,3.524227086020769,-22.94166800059706,-14.767745971679688,2.8796481622086825,-0.12229596818483485,-0.2221757024526596,14.883577346801758
57.95020301400018,3.599958326058002,-22.930290939996866,-14.763961791992188,2.051213026046753,0.3501424789428711,-0.2225004881620407,15.110701560974121
58.00021584900014,3.7687446903894113,-22.8990806534267,-14.754638671875,2.668462969648544,-0.02682443344182439,-0.21038804948329926,15.524276733398438
58.05067107600007,3.8511017287830356,-22.889078627052065,-14.7506103515625,2.0573039054870605,0.3470526933670044,-0.19557377696037292,15.809579849243164
58.10032177700032,4.009842007048872,-22.86567554775511,-14.745147705078125,2.6101519268648836,0.022524309198467596,-0.23740525543689728,16.25136375427246
58.15094783199993,4.089600978889418,-22.854506253330296,-14.743133544921875,2.0810036659240723,0.32730767130851746,-0.24155253171920776,16.46438217163086
58.20130636600015,4.253468529989348,-22.824268119630826,-14.740127563476562,2.0835139751434326,0.32906419038772583,-0.21283330023288727,16.707408905029297
58.25031113100022,4.342604448190422,-22.816031409230916,-14.7357177734375,2.0843846797943115,0.34697645902633667,-0.21762974560260773,17.076757431030273
58.300901031000194,4.4900615067323635,-22.785389595441004,-14.729461669921875,2.08193039894104,0.3775586783885956,-0.2393513023853302,17.34337615966797
58.35023686600016,4.579434272320527,-22.777489400372076,-14.728607177734375,2.8311270717159926,0.009962516920257958,-0.25876322388648987,17.7138614654541
58.400819141000284,4.738233427139726,-22.73240893469276,-14.726516723632812,2.070127487182617,0.45964929461479187,-0.26836591958999634,17.922822952270508
58.45013629999994,4.825438971353651,-22.721175689943266,-14.727447509765625,2.5138122121853796,0.2513256259330341,-0.2678009867668152,18.268783569335938
58.50059726900008,4.90268981235191,-22.703665928829093,-14.726531982421875,2.050752639770508,0.5187124013900757,-0.2653745114803314,18.485305786132812
58.550385904999985,5.049236067195234,-22.66318906103262,-14.723846435546875,2.6485981514492947,0.21479958274051225,-0.2833019495010376,18.821910858154297
58.600791196000046,5.1424859492232216,-22.640151836579324,-14.723861694335938,2.0438923835754395,0.5378760695457458,-0.269564688205719,19.047245025634766
58.65050621599994,5.284823196729234,-22.594508432650315,-14.722930908203125,2.6093800499799937,0.31386050342526667,-0.28303471207618713,19.34963607788086
58.701082665000285,5.36359197226327,-22.575226439949397,-14.723037719726562,2.753384835898135,0.2644161194540725,-0.2666923999786377,19.60746955871582
58.75140973099997,5.503937355727782,-22.52917348489286,-14.721771240234375,2.076575994491577,0.5867948532104492,-0.30391308665275574,19.848388671875
58.801148682000075,5.607177486918699,-22.510055723583385,-14.720367431640625,2.8157996470648854,0.2304648985917731,-0.2954414486885071,20.20651626586914
58.85039483900027,5.7516265030614715,-22.470409461011425,-14.720748901367188,2.0942723751068115,0.5779086947441101,-0.2810898721218109,20.445302963256836
58.90115103700009,5.838293891589506,-22.45516519791032,-14.718734741210938,2.592432611145905,0.36383564231072996,-0.26341602206230164,20.785240173339844
58.950755369000035,5.984041648633625,-22.413193852934917,-14.718002319335938,2.0854079723358154,0.6231670379638672,-0.27119749784469604,21.0452880859375
59.00144287000012,6.08966623071635,-22.392810731893224,-14.7178955078125,2.9073158776643835,0.30275528579142846,-0.29078224301338196,21.425634384155273
59.05210054100007,6.2325557840623125,-22.34701360130422,-14.716964721679688,2.947292017181923,0.3159190772444039,-0.2612362802028656,21.658262252807617
59.10254989900022,6.312530666175454,-22.328007519157783,-14.716644287109375,2.0481297969818115,0.7198435664176941,-0.2542617917060852,21.90296173095703
59.15223639500027,6.391854512597085,-22.30727963352734,-14.715316772460938,2.3727818077621747,0.597844516567347,-0.25827541947364807,22.162761688232422
59.20169281900007,6.5497906201568075,-22.25304773789064,-14.713973999023438,3.923920994634865,-0.04636871752679761,-0.26795482635498047,22.447895050048828
59.25298930100007,6.624565390152785,-22.23165899671725,-14.715225219726562,2.6257516180214218,0.4933916822787501,-0.2719738185405731,22.6350154876709
59.30024150899999,6.78148195646457,-22.19120655835058,-14.719512939453125,2.0519540309906006,0.7032951712608337,-0.2836984395980835,23.10775375366211
59.35079359200017,6.872460250131807,-22.176874952838347,-14.72265625,2.6406342000959415,0.4561278569122902,-0.25956279039382935,23.511077880859375
59.4004698130002,7.033253857791625,-22.127454838146523,-14.722427368164062,2.068615198135376,0.6523691415786743,-0.28134140372276306,23.7557430267334
59.45076852200009,7.1154341710065365,-22.110182375829183,-14.7220458984375,2.075648784637451,0.6397053003311157,-0.2613236606121063,24.011079788208008
59.50078453700007,7.271433965678769,-22.073764951808357,-14.720123291015625,2.9789341533761196,0.2899546246307915,-0.2710925042629242,24.399959564208984
59.551125072000104,7.35168517975265,-22.056266066240013,-14.715469360351562,2.075490951538086,0.64079350233078,-0.2581416368484497,24.64370346069336
59.60134708800024,7.517900569730753,-22.009701651327774,-14.709487915039062,2.6589516507921447,0.48874533881519566,-0.2663763761520386,24.989347457885742
59.65093385799992,7.596418807608382,-21.99021764914708,-14.707168579101562,2.032477855682373,0.7079719305038452,-0.25879335403442383,25.24822235107422
59.700942080999994,7.741959984348405,-21.94856539459375,-14.70489501953125,2.609254053272719,0.5003540437529553,-0.2700068950653076,25.595535278320312
59.75025498600007,7.82145011830219,-21.929971572775937,-14.705368041992188,2.0378386974334717,0.7262528538703918,-0.2535082697868347,25.855894088745117
59.80050830600021,7.980546408421079,-21.876984957522534,-14.701141357421875,2.6141188035166207,0.5683808359486845,-0.2796185612678528,26.201250076293945
59.85074514400003,8.059457072699022,-21.855982858912903,-14.701461791992188,2.025371551513672,0.7786726951599121,-0.2709507942199707,26.46302032470703
59.901855695999984,8.138056438233127,-21.83398508788938,-14.700851440429688,2.0264580249786377,0.7861367464065552,-0.27637290954589844,26.715839385986328
59.95087116000013,8.284369569360647,-21.780302817924014,-14.694869995117188,2.010589122772217,0.8254521489143372,-0.2752227783203125,27.077180862426758
60.00056775300027,8.363261719127273,-21.75523081117278,-14.6937255859375,2.009467363357544,0.8339072465896606,-0.2782045304775238,27.335874557495117
60.05082861300025,8.528333275741957,-21.695402937735956,-14.685348510742188,2.8443579298054935,0.5908808351890751,-0.2559344172477722,27.737314224243164
60.10067516800018,8.609122473403385,-21.670890677076976,-14.680770874023438,2.0238230228424072,0.8758742809295654,-0.23553109169006348,28.014589309692383
60.15123125500031,8.764259917078942,-21.618057892633004,-14.67352294921875,2.8965784822938287,0.644942181052551,-0.22409921884536743,28.462648391723633
60.20091707700021,8.843910773150855,-21.59100226155622,-14.670150756835938,2.0092599391937256,0.9269295930862427,-0.21724914014339447,28.708860397338867
60.25037029300029,9.003536565181317,-21.522745297812705,-14.66644287109375,2.0137360095977783,0.9744678139686584,-0.24811121821403503,28.98268699645996
60.301869586000066,9.082105890500767,-21.494509718882664,-14.661636352539062,2.0310137271881104,0.9559163451194763,-0.26661399006843567,29.179853439331055
60.350909353000134,9.238332506283633,-21.43923653935653,-14.657272338867188,2.0544164180755615,0.9467356204986572,-0.28443968296051025,29.540632247924805
60.400823127999956,9.330981989754005,-21.41638365264888,-14.655075073242188,2.7982514331286388,0.7257062470210873,-0.24884170293807983,29.927001953125
60.4507770160003,9.49370332744977,-21.35574477108377,-14.646820068359375,2.066646099090576,0.9095571637153625,-0.2953363358974457,30.168373107910156
60.50133914300022,9.591044381604156,-21.336116278375304,-14.646255493164062,3.227774445803018,0.5912634686606115,-0.30144938826560974,30.61094856262207
60.55082516099992,9.745069970210027,-21.276852028333355,-14.635574340820312,2.055023193359375,0.8849074840545654,-0.2610850930213928,30.793943405151367
60.601027307000095,9.818484098866382,-21.262745049458143,-14.632293701171875,2.9677786137751783,0.6554143229178212,-0.27290821075439453,31.167360305786133
60.6505743040002,9.97809882759124,-21.204380276137048,-14.621917724609375,2.04779052734375,0.8650725483894348,-0.2769721448421478,31.431640625
60.70092489200033,10.067240711045736,-21.180938726331497,-14.614883422851562,2.683182641342725,0.7506992653262068,-0.2828339636325836,31.804691314697266
60.7509077120003,10.145004162453432,-21.153905447898346,-14.609695434570312,2.0206806659698486,0.9250676035881042,-0.31194522976875305,32.02229309082031
60.800214806999975,10.284320274909767,-21.09173223974402,-14.602401733398438,2.0169012546539307,0.9434751272201538,-0.3008110821247101,32.263336181640625
60.8506918930002,10.390165727291249,-21.055626345026205,-14.598846435546875,2.024782419204712,0.953559935092926,-0.31314802169799805,32.67278289794922
60.900496974999896,10.52817683294381,-20.990824187209626,-14.597091674804688,2.0050206184387207,0.963821291923523,-0.31889083981513977,32.8892936706543
60.95112906400027,10.616835453817897,-20.96029244894367,-14.594528198242188,2.8889018065203467,0.8071650380176384,-0.30085375905036926,33.278587341308594
61.00029723500029,10.752203097803603,-20.89011677070425,-14.592041015625,1.9403752088546753,1.0361157655715942,-0.287870317697525,33.49028015136719
61.05048290400009,10.851888528634921,-20.848262126543812,-14.59173583984375,2.715760913239121,0.9118166157726248,-0.2967948913574219,33.8546028137207
61.10075152800027,10.981280031148048,-20.77559679499091,-14.593795776367188,2.3010770588760545,0.9792879710666874,-0.3231728971004486,34.03411865234375
61.15110319700034,11.054527333144346,-20.74151343471998,-14.596527099609375,1.9397883415222168,1.0800001621246338,-0.3465590476989746,34.23216247558594
61.20046679899997,11.137630659207755,-20.707252873285437,-14.5994873046875,2.7144823227971524,0.9474174298124747,-0.3413684070110321,34.576290130615234
61.250725281000086,11.284643323609892,-20.620996150362387,-14.60845947265625,1.8887642621994019,1.153274416923523,-0.3461216688156128,34.81834030151367
61.30031174700025,11.369671856504882,-20.58585000106347,-14.6136474609375,2.6453314899132905,1.0209665554466405,-0.34445327520370483,35.20071029663086
61.35085861300013,11.50105869892499,-20.513198808818892,-14.622406005859375,1.8849740028381348,1.151366949081421,-0.34399446845054626,35.46653747558594
61.40034252000032,11.587213502554894,-20.48047226746404,-14.627578735351562,2.700026416695645,1.0047855495712885,-0.3342747092247009,35.87114334106445
61.451112318000014,11.726290249171088,-20.39362619801887,-14.638916015625,1.8576602935791016,1.1897028684616089,-0.3372475802898407,36.090606689453125
61.50048777700022,11.79720420675257,-20.354725167358048,-14.645263671875,1.8644918203353882,1.2056186199188232,-0.37200507521629333,36.32854461669922
61.55050015500001,11.936666262853956,-20.275871961420993,-14.6580810546875,2.9174619129550208,1.0502745726268554,-0.36756205558776855,36.758235931396484
61.60050887100033,12.007204287360894,-20.235522817109494,-14.662185668945312,1.8638602495193481,1.2083746194839478,-0.3730672597885132,36.99603271484375
61.650753372000054,12.153873119011152,-20.145100044656758,-14.674880981445312,2.315466414259776,1.1382991462889667,-0.3454211950302124,37.313232421875
61.70024630500029,12.224107866636222,-20.105280101691744,-14.676498413085938,1.8955724239349365,1.1729493141174316,-0.3296278119087219,37.54795837402344
61.75078140000005,12.355719561210705,-20.02436543806737,-14.679412841796875,2.448786371540001,1.1430980038165,-0.3183104991912842,37.891456604003906
61.801038659999904,12.428522765513778,-19.984336259989234,-14.68212890625,1.8351962566375732,1.2477760314941406,-0.3213469386100769,38.158870697021484
61.850807669000005,12.57061503933943,-19.89340902013694,-14.682586669921875,2.4950315733981254,1.174419018799309,-0.2969285845756531,38.549007415771484
61.900951935000194,12.640786906058064,-19.853970093039056,-14.68408203125,1.8127845525741577,1.255110740661621,-0.30523058772087097,38.8038330078125
61.95144277300005,12.708199353954928,-19.81386057683743,-14.685577392578125,1.817808985710144,1.2535874843597412,-0.2956787645816803,39.01913833618164
62.000145514999986,12.837765683863061,-19.730342101356975,-14.686813354492188,1.8239681720733643,1.2874538898468018,-0.3467787504196167,39.39024353027344
62.050531737000256,12.907196866760462,-19.688947395328306,-14.68994140625,1.8304015398025513,1.269842267036438,-0.3506873548030853,39.6230583190918
62.10115819700013,13.052751505167466,-19.595788490904475,-14.696151733398438,2.7169495683352087,1.1660506076015615,-0.3113040626049042,40.025047302246094
62.150485848000244,13.125856712427423,-19.555705743361663,-14.699127197265625,1.8390254974365234,1.2316828966140747,-0.32625612616539,40.313358306884766
62.20121128500023,13.254246721755715,-19.47287543660049,-14.704925537109375,2.423801574271735,1.187931209012004,-0.33183225989341736,40.645755767822266
62.2513839799999,13.328349863565034,-19.4308552503796,-14.705886840820312,1.8046576976776123,1.2763768434524536,-0.30775076150894165,40.957969665527344
62.30167581600017,13.461541254784672,-19.332911879940355,-14.709503173828125,1.8001108169555664,1.301818609237671,-0.2925416827201843,41.193763732910156
62.3514468430003,13.533563469214494,-19.288277758908045,-14.7073974609375,2.3635882374120185,1.2837284321278377,-0.28990229964256287,41.50289535522461
62.40261655700033,13.60216521902039,-19.243226429097255,-14.706344604492188,1.7773000001907349,1.3294241428375244,-0.28372693061828613,41.76142883300781
62.45065216800003,13.720129125404164,-19.151225942023824,-14.706832885742188,2.2097115684981574,1.3429494965401847,-0.288252592086792,41.99545669555664
62.502968734000206,13.804384469902988,-19.093595531346725,-14.705108642578125,1.7591159343719482,1.377083659172058,-0.28327512741088867,42.27130126953125
62.55329052500019,13.929428891884829,-19.001110628840628,-14.70562744140625,3.4747317938712117,1.294329543545846,-0.25673389434814453,42.563575744628906
62.600196073000006,14.066248817066114,-18.899951096238397,-14.703079223632812,10.231356925052049,1.1031218243448428,-0.24155715107917786,43.07329177856445
62.650529172999995,14.145910998820904,-18.848649267167897,-14.702606201171875,2.5323955425451,1.3806159324115388,-0.2620662748813629,43.479244232177734
62.70064693600034,14.225990626088773,-18.784503833306086,-14.703323364257812,1.7464733123779297,1.4207725524902344,-0.25627997517585754,43.71126174926758
62.751516851999895,14.341951947541341,-18.675852691748023,-14.7010498046875,1.701159119606018,1.473630428314209,-0.25403866171836853,43.96895217895508
62.80057487900012,14.413686488378872,-18.621448955288685,-14.700454711914062,2.5402584928443273,1.478384492578856,-0.24694277346134186,44.29189682006836
62.8513728920002,14.526488689889973,-18.51287290618364,-14.7000732421875,1.7022907733917236,1.4814252853393555,-0.25855427980422974,44.53425216674805
62.90094401400029,14.604057382109296,-18.445292905955377,-14.70037841796875,1.7207189798355103,1.4724701642990112,-0.2670321762561798,44.78697967529297
62.95102931600013,14.717049862198117,-18.3373413920937,-14.703460693359375,1.7224600315093994,1.4970805644989014,-0.2916284501552582,45.01294708251953
63.001301826000145,14.781801732717524,-18.280328299917223,-14.704559326171875,1.7234090566635132,1.502896785736084,-0.29096806049346924,45.25095748901367
63.05201681000017,14.850461007119328,-18.223852720427505,-14.706695556640625,1.7165888547897339,1.5049470663070679,-0.2889484465122223,45.533164978027344
63.10602433400027,14.972281285017749,-18.097017903253267,-14.712326049804688,1.6676503419876099,1.5518914461135864,-0.2712596356868744,45.740516662597656
63.15297003900014,15.031951924725734,-18.038036090163978,-14.713943481445312,1.658536672592163,1.561164379119873,-0.2699253559112549,45.94139099121094
63.20198216300014,15.141353333240538,-17.922634899045672,-14.718414306640625,1.6409536600112915,1.570828914642334,-0.25974398851394653,46.18122482299805
63.25030503100015,15.211949273698654,-17.862738184717575,-14.720611572265625,5.818069747402764,1.6806118257106801,-0.241140216588974,46.54181671142578
63.30050136299997,15.352232874234378,-17.72941522464538,-14.726318359375,1.6284717321395874,1.563447117805481,-0.24471746385097504,47.09052658081055
63.35061651600017,15.42137579737768,-17.671847804682393,-14.729766845703125,2.2010380306066066,1.5661318142897152,-0.23677527904510498,47.40412521362305
63.401120021000224,15.524420235030039,-17.5570381852233,-14.731842041015625,1.6184852123260498,1.538499355316162,-0.20173947513103485,47.65107727050781
63.45165209200013,15.593734217807581,-17.499343209334924,-14.733795166015625,2.2810341708581188,1.5836509622371295,-0.22515968978405,48.00665283203125
63.50134420199993,15.706576298502299,-17.37369515131782,-14.7413330078125,1.5890185832977295,1.5492695569992065,-0.25189366936683655,48.26301574707031
63.550124359000165,15.76779867557134,-17.317789709424172,-14.74578857421875,1.5729327201843262,1.5594207048416138,-0.24739035964012146,48.527687072753906
63.600482645000284,15.878234369620822,-17.205719963934683,-14.755889892578125,2.4035484394348954,1.6534906493275354,-0.25219786167144775,48.922122955322266
63.65090122099991,15.936865663892725,-17.14903759494524,-14.759613037109375,1.5155690908432007,1.5954313278198242,-0.2184961885213852,49.19151306152344
63.700923599999896,16.05622551023019,-17.02471429532763,-14.766952514648438,2.367104826482751,1.6587994925113947,-0.20282043516635895,49.58173370361328
63.750531071000296,16.114720477376302,-16.96711728955042,-14.77001953125,1.5069187879562378,1.6068118810653687,-0.23622579872608185,49.86845016479492
63.800555223000174,16.21669743932446,-16.851765136420994,-14.776962280273438,2.122496619563419,1.6864542401590197,-0.2345828413963318,50.25126266479492
63.8507114060003,16.27390936812617,-16.79409322145122,-14.78076171875,1.4617817401885986,1.6416760683059692,-0.2097269743680954,50.51128005981445
63.90081562600017,16.387391620177212,-16.661435478398744,-14.781387329101562,2.2953108828454125,1.7418178028032072,-0.23524940013885498,50.918025970458984
63.95049588400025,16.444152249775907,-16.602956407626074,-14.783050537109375,1.4884755611419678,1.6262086629867554,-0.21628721058368683,51.15989685058594
64.00107285000013,16.50350347221353,-16.5445459379832,-14.784133911132812,1.4692713022232056,1.6367743015289307,-0.2205357551574707,51.433597564697266
64.05048147900015,16.603343881642623,-16.42678832497686,-14.783111572265625,2.3302138198868105,1.7404107054640552,-0.21672740578651428,51.790382385253906
64.10114360700027,16.66195684599622,-16.367829826296646,-14.783432006835938,1.4552332162857056,1.6264270544052124,-0.21172094345092773,52.07207489013672
64.15098785000009,16.77805722018348,-16.237803363353834,-14.780792236328125,2.111626016972729,1.715916125314076,-0.15368881821632385,52.46843719482422
64.20038841099995,16.834126475999884,-16.18019289287293,-14.778884887695312,1.4211264848709106,1.6280169486999512,-0.152409166097641,52.69085693359375
64.25166622100005,16.93335932021058,-16.06388458677361,-14.776260375976562,1.4470362663269043,1.6233404874801636,-0.17063021659851074,52.94741439819336
64.30097247399999,16.99788199746757,-16.002009487985603,-14.774688720703125,1.4563533067703247,1.614159107208252,-0.1438581347465515,53.267295837402344
64.3504168290001,17.12029605847753,-15.86912072005842,-14.77392578125,2.1314473142792787,1.7165621781317364,-0.17551328241825104,53.64768981933594
64.40079606000018,17.180194171390987,-15.807395842410026,-14.773727416992188,1.4554579257965088,1.6244962215423584,-0.1636909693479538,53.88941955566406
64.45142545899989,17.293106538228358,-15.673271827865689,-14.776138305664062,1.4816046953201294,1.6325114965438843,-0.18122488260269165,54.113014221191406
64.5010607029999,17.351743723926162,-15.625351809954068,-14.7774658203125,2.3554282521615653,1.7662155234965555,-0.20294176042079926,54.46518325805664
64.550854953,17.466143734630247,-15.487820366026742,-14.781021118164062,1.5155538320541382,1.6266738176345825,-0.21579886972904205,54.70260238647461
64.60040280200019,17.533722951678886,-15.42491468670543,-14.783645629882812,2.1597346024359907,1.7628218345957263,-0.19404707849025726,55.025306701660156
64.65093452700012,17.63988597139419,-15.299254010999709,-14.785079956054688,1.483879566192627,1.6459946632385254,-0.19023238122463226,55.29722595214844
64.7003732799999,17.711494276425825,-15.233135739716367,-14.786270141601562,2.052829576595983,1.7578084215354068,-0.2101839780807495,55.684913635253906
64.75050815600025,17.82615647576939,-15.092032006188742,-14.789276123046875,1.4689371585845947,1.6506930589675903,-0.17312046885490417,55.92176055908203
64.80075585300028,17.88792766268674,-15.025623745924042,-14.790328979492188,1.45972740650177,1.651611566543579,-0.17446546256542206,56.18336868286133
64.85243481399993,17.94867010888613,-14.960035237537799,-14.792129516601562,1.4440778493881226,1.6721935272216797,-0.1789332628250122,56.42896270751953
64.90163578200008,18.059671948956346,-14.828539384498145,-14.7958984375,2.2186825299222237,1.833888256456789,-0.18615442514419556,56.81406021118164
64.95490712300034,18.127529569299064,-14.745752751352818,-14.798629760742188,2.0278288385046612,1.8140182642068836,-0.2031358778476715,57.05434799194336
65.00119999400022,18.21861440067537,-14.618521257672523,-14.803909301757812,1.4117182493209839,1.6901829242706299,-0.17531953752040863,57.195369720458984
65.05262611600028,18.27475548712707,-14.549690065724217,-14.805221557617188,1.4085605144500732,1.676106572151184,-0.17898863554000854,57.443206787109375
65.10194378899996,18.373793956521272,-14.41878240960964,-14.810043334960938,2.2313697909979195,1.8705729269343634,-0.18694019317626953,57.72345733642578
65.1504223259999,18.45138216123432,-14.33247649136439,-14.812347412109375,4.185176875698952,2.329629837177107,-0.17903849482536316,58.13311004638672
65.20025254800021,18.558551897134294,-14.195518437869643,-14.811004638671875,1.377725601196289,1.678810954093933,-0.13581083714962006,58.60532760620117
65.25029339599996,18.613436842203374,-14.12846687137663,-14.81103515625,1.3548641204833984,1.679336428642273,-0.1249280795454979,58.85050582885742
65.30099074000009,18.70192567315461,-13.989460641562363,-14.810195922851562,2.0755889262751475,1.9143877972452912,-0.11471222341060638,59.1551513671875
65.35102695500018,18.76150042636421,-13.901963543637263,-14.810012817382812,1.271062970161438,1.7056025266647339,-0.08299587666988373,59.41758728027344
65.4007688810002,18.854077172814947,-13.76098400996414,-14.811859130859375,1.8455800546951366,1.8975169495668747,-0.1183016300201416,59.81666946411133
65.45046208900021,18.90363952517788,-13.688743828655028,-14.814666748046875,1.2068443298339844,1.7330368757247925,-0.14224790036678314,60.06817626953125
65.50124386800007,18.96383131889855,-13.614861423707072,-14.818740844726562,1.8319884292115902,1.910119287932648,-0.17264744639396667,60.457191467285156
65.55088319200013,19.04474817204624,-13.457359893017632,-14.8316650390625,1.1816413402557373,1.737795352935791,-0.1538420170545578,60.684391021728516
65.60056100100019,19.10081229769458,-13.38165041568564,-14.837112426757812,2.0625810792750747,2.006435711627925,-0.14493916928768158,61.0885124206543
65.65050581800006,19.17678339609659,-13.241304577231368,-14.849700927734375,1.1787370443344116,1.7426235675811768,-0.13919572532176971,61.37040710449219
65.70145214700005,19.222335994226857,-13.166230860007325,-14.857452392578125,1.1618573665618896,1.7498427629470825,-0.14412283897399902,61.628055572509766
65.7508095600001,19.31103327668402,-13.00566596248444,-14.874038696289062,1.9713786287771313,1.9984177323473258,-0.14111065864562988,61.99416732788086
65.8011910590003,19.359190634303985,-12.9297448300035,-14.880279541015625,1.1691800355911255,1.7446556091308594,-0.16228865087032318,62.25794219970703
65.85066164399996,19.4462275369909,-12.782586986022961,-14.892196655273438,1.6613687133035397,1.9289415261538059,-0.15889164805412292,62.614013671875
65.90028925700017,19.500715343040625,-12.691126943224111,-14.8995361328125,1.1257318258285522,1.782291054725647,-0.1522669494152069,62.84299087524414
65.95049210200023,19.54343326352258,-12.631406100992326,-14.902603149414062,1.1029329299926758,1.788153052330017,-0.1380053013563156,63.12687301635742
66.00049779300025,19.635012656945033,-12.467524927658518,-14.91253662109375,2.0497848469219226,2.12373156726683,-0.15483932197093964,63.47240447998047
66.05045164600006,19.683467399138568,-12.392762686675823,-14.918014526367188,1.0677720308303833,1.786879301071167,-0.14256271719932556,63.732887268066406
66.1006234460001,19.7676258525304,-12.24255990404686,-14.933364868164062,1.7940845530464555,2.0736619408332575,-0.1715916246175766,64.09721374511719
66.15054643300027,19.814830120109658,-12.166736254095802,-14.941268920898438,1.0197162628173828,1.807823657989502,-0.16878078877925873,64.3629150390625
66.20084468599998,19.9019506304,-11.997335234452784,-14.954727172851562,1.5488782128228076,1.999854184813277,-0.14056935906410217,64.75439453125
66.25057013800006,19.945996474120193,-11.920060883486393,-14.960189819335938,0.9727228879928589,1.8019243478775024,-0.12456768751144409,65.01953887939453
66.30071595400022,20.024670100325327,-11.768209135449862,-14.969467163085938,1.6411768401644502,2.0698306064603647,-0.13831278681755066,65.43464660644531
66.35034535100021,20.06488969979408,-11.690327161445417,-14.97296142578125,0.9283366799354553,1.8239256143569946,-0.13282138109207153,65.67267608642578
66.40069813800028,20.139263988449844,-11.52710657006983,-14.981430053710938,0.9610558152198792,1.7993062734603882,-0.14045047760009766,65.939453125
66.4507829170002,20.189200477939963,-11.444066113877993,-14.984222412109375,1.5225175331625511,2.015176458947465,-0.11688604950904846,66.3021011352539
66.50075838300017,20.25984333952829,-11.295833974733998,-14.989852905273438,0.9700493216514587,1.7630577087402344,-0.1153780147433281,66.57582092285156
66.55641138100009,20.314821517504612,-11.214844306482972,-14.992218017578125,1.40413727617265,1.9374654148468649,-0.09232037514448166,66.98958587646484
66.60089956999991,20.3623287723962,-11.116975333002246,-14.994522094726562,0.9799889326095581,1.750784158706665,-0.09257244318723679,67.2221908569336
66.6504247769999,20.432474504060803,-10.970336465143664,-14.99822998046875,1.0034393072128296,1.728601098060608,-0.05733947455883026,67.45992279052734
66.70032147200027,20.48434213436547,-10.890892713363225,-14.99755859375,2.102572251624737,2.171415025285055,-0.01268602441996336,67.81957244873047
66.75055628900009,20.556252890718987,-10.747684374720926,-14.994903564453125,1.040985345840454,1.7084405422210693,-0.04955120384693146,68.05499267578125
66.80042590099993,20.61760272208105,-10.655130212983618,-14.995025634765625,1.6821335016379018,1.9621798596361393,-0.05379673093557358,68.41155242919922
66.85065277900003,20.68652994871938,-10.509014387246598,-14.993133544921875,1.0355678796768188,1.7119934558868408,-0.0485772006213665,68.63339233398438
66.90087601100004,20.733055696099374,-10.431669920092485,-14.99224853515625,1.3913634206793275,1.8802447679286522,-0.040527183562517166,68.92874908447266
66.95030208300022,20.797184951756364,-10.285102016706883,-14.991012573242188,0.9853339791297913,1.7190930843353271,-0.019739430397748947,69.1115493774414
67.000695834,20.843904442854893,-10.189427308013718,-14.990264892578125,0.994735836982727,1.7091678380966187,0.0017330832779407501,69.31310272216797
67.05097024099996,20.922300187031244,-10.039102924243725,-14.989151000976562,0.9992260932922363,1.7062392234802246,-0.012921921908855438,69.66475677490234
67.10052808799992,20.961611009850973,-9.958875818818353,-14.989837646484375,0.9893432855606079,1.7069671154022217,-0.015412631444633007,69.84527587890625
67.1512200000002,21.04243175825206,-9.80278465150975,-14.990631103515625,0.9767587184906006,1.7073593139648438,0.02142268978059292,70.23503875732422
67.2007199059999,21.09285615796809,-9.704920888897243,-14.989959716796875,0.9568895101547241,1.7206635475158691,0.0032611729111522436,70.47980499267578
67.25166600600005,21.14323222183152,-9.618312229116137,-14.988876342773438,1.9879330510072768,2.2197537638623106,0.005053909029811621,70.84718322753906
67.30018609200033,21.21064577280043,-9.466412444361929,-14.986343383789062,0.9195519089698792,1.7366517782211304,0.033164601773023605,71.08203125
67.35049602200024,21.24839625706753,-9.385464527575206,-14.983108520507812,0.8868072628974915,1.7389380931854248,0.031095363199710846,71.29399108886719
67.40061907300014,21.329864207069235,-9.209690234008246,-14.975738525390625,0.8818008899688721,1.7369654178619385,0.032957494258880615,71.70899963378906
67.45030934900024,21.370935192815164,-9.13200223625939,-14.973281860351562,0.8927932381629944,1.7370445728302002,0.016667334362864494,71.95710754394531
67.50103378500035,21.4302385489751,-8.977239142900908,-14.97735595703125,0.8555416464805603,1.7462791204452515,-0.03700290620326996,72.16510772705078
67.55159165300029,21.469282277877912,-8.897500636964867,-14.979949951171875,0.8519132733345032,1.7507100105285645,-0.04259349778294563,72.4144058227539
67.60070111899995,21.536206143831993,-8.72371982308661,-14.982208251953125,0.8226369619369507,1.7489194869995117,-0.0372454933822155,72.71256256103516
67.65056142100002,21.593350435016415,-8.632643693003487,-14.98272705078125,0.8258123993873596,1.7437540292739868,-0.057987913489341736,73.27086639404297
67.70040011600031,21.656185531170223,-8.478694354521345,-14.985687255859375,1.204251565615505,1.9705240850935692,-0.07119376957416534,73.60497283935547
67.75049859299997,21.693329202564342,-8.394535253350334,-14.98760986328125,0.7766243815422058,1.742709994316101,-0.06763435155153275,73.88786315917969
67.80042799500006,21.759021588216456,-8.22298888792945,-14.992294311523438,1.4034021798406384,2.0974366932185404,-0.06357461959123611,74.22126770019531
67.85019808800007,21.792807317671077,-8.139492758988776,-14.992340087890625,0.7450740933418274,1.7289152145385742,-0.05854770168662071,74.48397064208984
67.90101507500003,21.82626214462141,-8.056436256693637,-14.991409301757812,0.7519176006317139,1.7294255495071411,-0.05521175265312195,74.74191284179688
67.95078729800025,21.886006155558345,-7.90194296176883,-14.99066162109375,0.7429694533348083,1.7056270837783813,-0.04798603057861328,75.10545349121094
68.00090158700004,21.917669457364543,-7.8169195528248085,-14.988632202148438,0.7352944016456604,1.7081941366195679,-0.062306832522153854,75.34688568115234
68.05132399500008,21.980150671971614,-7.6417689243502664,-14.986602783203125,1.3713708173115629,2.0566655340520996,-0.03962027281522751,75.69224548339844
68.10010680200003,22.013204260153483,-7.562635114199423,-14.985519409179688,0.7427369952201843,1.671303391456604,-0.030570248141884804,75.93303680419922
68.15046307900002,22.069663089003903,-7.406885349409098,-14.983383178710938,1.4020590109203974,2.0321221584383418,-0.02323424629867077,76.30615234375
68.20154433800008,22.103716293744426,-7.329583237333161,-14.98284912109375,0.7565746307373047,1.6392186880111694,-0.024466287344694138,76.56078338623047
68.25099080200016,22.153614808144187,-7.162499952023666,-14.979629516601562,0.71501225233078,1.6402723789215088,-0.03127412497997284,76.8199462890625
68.30239590300016,22.18124941574889,-7.085086308144506,-14.978500366210938,1.0872121887109523,1.8788124398641224,-0.03278832510113716,77.03495788574219
68.35115021699994,22.225460618562856,-6.9357021612534036,-14.977645874023438,0.6968607902526855,1.620272159576416,-0.010837857611477375,77.29403686523438
68.40069734600002,22.25378099679706,-6.854050554930093,-14.97796630859375,1.1019241527826498,1.8846107774468206,0.0012875765096396208,77.53685760498047
68.452823222,22.285379483157094,-6.7582861942468275,-14.9783935546875,1.286877309034891,1.998815977521967,0.010724402032792568,77.76641845703125
68.50090755600013,22.352991089044902,-6.591546971181618,-14.97625732421875,1.226873411606333,1.9537269546435851,0.010238797403872013,78.41797637939453
68.55091552900012,22.397542436587056,-6.442004946020763,-14.970626831054688,0.6791191101074219,1.5736111402511597,0.033623769879341125,78.65836334228516
68.60052769000004,22.43903730890168,-6.355590230141539,-14.967422485351562,1.4732897339202873,2.1057434262540586,0.03265077620744705,79.08307647705078
68.65062693900018,22.484587875150613,-6.1824028376957925,-14.959564208984375,0.5963450074195862,1.5938935279846191,0.007905871607363224,79.33370208740234
68.70140022500027,22.518202729354893,-6.099016896820549,-14.957077026367188,0.9170319947445049,1.8577003202235145,0.0036817153450101614,79.66857147216797
68.75145468400024,22.544080931068184,-6.015861630748801,-14.954193115234375,0.5641176700592041,1.6209959983825684,-0.008213247172534466,79.91455841064453
68.80066597099994,22.57996804847561,-5.856579351520651,-14.947219848632812,0.5832924842834473,1.6313201189041138,0.013688452541828156,80.16246795654297
68.85058341600006,22.61705153984312,-5.752296510431936,-14.943695068359375,1.206918210169896,2.074219159658067,0.004750070162117481,80.52908325195312
68.9003597169999,22.654998702841443,-5.589405175904679,-14.933792114257812,0.5811256170272827,1.6352614164352417,-0.029733503237366676,80.7773666381836
68.95048239300013,22.689336032560814,-5.499486585351681,-14.930404663085938,1.0639112536769402,1.9942411007737135,-0.057136837393045425,81.14979553222656
69.0002853599999,22.727178945001846,-5.33938566890672,-14.925689697265625,0.5717679262161255,1.63127601146698,-0.06608832627534866,81.40043640136719
69.05053648600006,22.761454622879135,-5.229994238087579,-14.924346923828125,0.9986222985455677,1.9673813238746947,-0.08751025050878525,81.74948120117188
69.10034427500023,22.79787710297508,-5.076947149486193,-14.92315673828125,0.6027791500091553,1.6037490367889404,-0.05320073664188385,81.95652770996094
69.15082091500017,22.830873428101008,-4.9842832708488025,-14.922744750976562,1.2711766074647184,2.126528932993661,-0.04469382017850876,82.32782745361328
69.200512333,22.870428262458177,-4.826971503897198,-14.922195434570312,0.5939239263534546,1.6109973192214966,-0.04954635351896286,82.59353637695312
69.25085877600031,22.897948318351705,-4.725790651787213,-14.921859741210938,0.5388277173042297,1.6037356853485107,-0.018649615347385406,82.80773162841797
69.30050813900016,22.939365512528553,-4.557745983933259,-14.920654296875,1.4669953237191653,2.414237481085515,-0.0454869382083416,83.1968765258789
69.35107534000008,22.96041890321721,-4.476622538556541,-14.92108154296875,0.44150641560554504,1.603989601135254,-0.0445849671959877,83.40829467773438
69.40057096800001,22.98853225314148,-4.304269929643269,-14.919036865234375,0.8633515824050416,2.002956463770375,-0.09049789607524872,83.73906707763672
69.45079694700007,23.00926031528818,-4.1977276495244,-14.91876220703125,0.37947311997413635,1.6275873184204102,-0.07578723132610321,83.99308776855469
69.5035415299999,23.02793590964142,-4.113363211533872,-14.918472290039062,0.3391086161136627,1.6345051527023315,-0.06710049510002136,84.23445129394531
69.55171096000004,23.04291980616493,-3.9517948252139323,-14.91815185546875,0.30389437079429626,1.6298072338104248,-0.012051062658429146,84.48590850830078
69.60031855000034,23.056569257052267,-3.8696225333173646,-14.917861938476562,0.2704280912876129,1.634649634361267,-0.02389799989759922,84.71601867675781
69.65074953900012,23.077009085346393,-3.6803405131813576,-14.92095947265625,0.24397864937782288,1.6362003087997437,-0.07764288038015366,85.21862030029297
69.70087438600012,23.086577852077777,-3.596794950622136,-14.923553466796875,0.23276937007904053,1.6402491331100464,-0.07180409133434296,85.45471954345703
69.75039414899993,23.102378610342353,-3.435555713188882,-14.925537109375,0.19894134998321533,1.6342318058013916,-0.026311008259654045,85.86395263671875
69.80072449299996,23.11272454751683,-3.3503678454887034,-14.923477172851562,0.20121824741363525,1.6366480588912964,-0.029920056462287903,86.12407684326172
69.85025337700017,23.128738676091345,-3.176954717994503,-14.9212646484375,0.7282967980091618,2.071417621194289,-0.052448730915784836,86.49060821533203
69.90045863200021,23.141484291603575,-3.0903995746729285,-14.919097900390625,0.2137918472290039,1.633370280265808,-0.0485709048807621,86.77677154541016
69.95039573400027,23.158898907295633,-2.9275238501676517,-14.9151611328125,0.6363061283151247,2.0189077122295043,-0.04463283345103264,87.19014739990234
70.00024430400026,23.17033837766042,-2.8470182909795905,-14.913742065429688,0.16242074966430664,1.638182520866394,-0.04753958433866501,87.43675231933594
70.05069330100014,23.181063749508056,-2.760259212741374,-14.911758422851562,0.14254827797412872,1.6487147808074951,-0.0685097947716713,87.68284606933594
70.10089819399991,23.194673565694195,-2.5824507180195844,-14.910629272460938,0.1032571941614151,1.6441820859909058,-0.08778154850006104,88.04405212402344
70.15168226800006,23.206900592921706,-2.4995664981102914,-14.9110107421875,0.1087108701467514,1.6443270444869995,-0.07599405199289322,88.31673431396484
70.2023185400003,23.21289125272956,-2.346087464784259,-14.914077758789062,0.10384193062782288,1.6335079669952393,-0.07722418010234833,88.56957244873047
70.2527808750001,23.232935925262556,-2.2569034438268436,-14.915740966796875,1.4079901771063863,2.891253399799011,-0.08061879128217697,88.99750518798828
70.30343371800018,23.234835347256787,-2.164703715988281,-14.917770385742188,0.11066879332065582,1.632583737373352,-0.05550069361925125,89.10042572021484
70.35215727900004,23.23867495204475,-2.0088672514358206,-14.920913696289062,0.32782245260241505,1.8854176038155048,-0.06625592708587646,89.3199234008789
70.4015776199999,23.245164250006066,-1.8543570403712137,-14.924957275390625,0.5889072496347811,2.1514894039357175,-0.07232602685689926,89.56465148925781
70.45142988499992,23.25558206303582,-1.7689219469533684,-14.927383422851562,0.9316868856877772,2.4987177360350428,-0.0769144743680954,89.81356048583984
70.50093266600015,23.266642452655333,-1.600326315700498,-14.934921264648438,0.5228338410092651,2.06101888453512,-0.10098836570978165,90.07649230957031
70.55094798500022,23.275745944178208,-1.5165890106801658,-14.939117431640625,0.4413530749538708,1.9731419480187915,-0.11162672936916351,90.29133605957031
70.6003175410001,23.293792024416298,-1.3583749341723639,-14.947265625,3.3627080336951267,4.953742052065591,-0.0761493518948555,90.66959381103516
70.65036583600022,23.3271974046821,-1.2553234684476093,-14.950912475585938,0.4728810009839097,2.0403928167583887,-0.07883323729038239,91.32518768310547
70.70109176300002,23.338238522267975,-1.082463969814035,-14.959732055664062,0.023600028827786446,1.599979043006897,-0.06796848773956299,91.58690643310547
70.75031468599991,23.353487702348545,-0.9983442078111042,-14.963577270507812,0.41445610337873157,2.044065360711101,-0.0592321902513504,91.90861511230469
70.80049068700009,23.356743626259917,-0.8453163792417397,-14.969985961914062,-0.0358799584209919,1.5981419086456299,-0.055331937968730927,92.16626739501953
70.85054862700008,23.36785425335307,-0.7592603643661211,-14.97259521484375,0.31039321488214433,2.018438785463653,-0.05659736320376396,92.48929595947266
70.90055408700027,23.373720273902784,-0.6619085536120153,-14.977020263671875,-0.08116263151168823,1.6022955179214478,-0.07491255551576614,92.7525405883789
70.95090435400016,23.37434387520632,-0.5049945762264105,-14.990676879882812,-0.048006802797317505,1.6124827861785889,-0.0937083289027214,92.9756851196289
71.00045794400012,23.38748809970869,-0.41496274520648724,-14.99761962890625,0.5770608227024677,2.3498036128684463,-0.09891539812088013,93.33672332763672
71.05107139100028,23.388011794701978,-0.25988294431288406,-15.012557983398438,-0.09696099162101746,1.6113905906677246,-0.08398693054914474,93.58639526367188
71.10047411000005,23.397450507093286,-0.15133547063363917,-15.021392822265625,0.40542704123678885,2.184722628587694,-0.04212441295385361,93.95206451416016
71.15027390500018,23.39664663638913,-0.0008741476458786757,-15.030853271484375,-0.13874311745166779,1.6076809167861938,-0.006674551870673895,94.21692657470703
71.20119953500034,23.40581423112345,0.090294209661399,-15.03375244140625,0.3488649269396138,2.2105491616248014,0.0013392390683293343,94.59661865234375
71.25080137500026,23.400363751812623,0.23751510641182216,-15.038925170898438,-0.19304093718528748,1.6008268594741821,-0.00988493487238884,94.84129333496094
71.30077147300017,23.411417553637314,0.3439008760209026,-15.0416259765625,0.39947368230990443,2.2947915735488786,-0.019553281366825104,95.25592041015625
71.3502359160002,23.411393281776586,0.4902299304466591,-15.042724609375,-0.1977839469909668,1.5998098850250244,0.0005897972150705755,95.4745101928711
71.40063197000018,23.425600844670658,0.577682228125505,-15.0428466796875,0.30410452432686547,2.1966066315914157,0.031136529520154,95.88037872314453
71.45087433800018,23.431419821075973,0.7253252402063604,-15.044097900390625,-0.15556448698043823,1.6073148250579834,0.008097711950540543,96.12346649169922
71.50073536700029,23.44057054137459,0.8208158570170534,-15.046142578125,-0.16670095920562744,1.6017062664031982,-0.008190690539777279,96.3783950805664
71.55029701100011,23.451013824771387,0.9641369997019145,-15.048019409179688,0.236752253904709,2.1324352180059387,0.0005735710146836936,96.68834686279297
71.60037915400017,23.45985861147955,1.0398966111694885,-15.048446655273438,-0.21437250077724457,1.5961683988571167,0.0028239486273378134,96.93704986572266
71.6503219629999,23.472953543598614,1.1829848049838936,-15.049789428710938,0.3730548931157538,2.301830150361385,-0.016564631834626198,97.32243347167969
71.70029978299999,23.481166704866883,1.2771966714657292,-15.048065185546875,-0.1855122298002243,1.5956076383590698,0.007802402134984732,97.58135986328125
71.75062471199999,23.493652225688606,1.359829007855017,-15.04632568359375,0.20279339457669332,2.1387195831615173,0.021805621683597565,97.93313598632812
71.8006478010002,23.49818940436308,1.5015070951793854,-15.041717529296875,-0.23486751317977905,1.5861880779266357,0.06556657701730728,98.22969818115234
71.85046331400008,23.50735209947501,1.5900782574563843,-15.038787841796875,0.19821880908866124,2.203145072088522,0.06798604130744934,98.6100082397461
71.90015903600033,23.499326546536977,1.746646649170168,-15.031982421875,-0.3068244159221649,1.5909056663513184,0.07531797140836716,98.84757232666016
71.95104375200026,23.503594030883765,1.8274839183034293,-15.028213500976562,-0.29246842861175537,1.5899642705917358,0.07508020848035812,99.10990905761719
72.0006684519999,23.504563488070083,1.9756858395863541,-15.021453857421875,0.01685036185582839,2.0918218930810064,0.06223590299487114,99.43630981445312
72.05034410000007,23.50762881041952,2.05344520114053,-15.018356323242188,-0.32296833395957947,1.6125130653381348,0.06311235576868057,99.69640350341797
72.1001588009999,23.509800001440965,2.224667141399736,-15.007827758789062,0.07701618803319865,2.217958248837592,0.04053984954953194,100.10438537597656
72.15030431700006,23.51182526809261,2.3016305300327153,-15.003997802734375,-0.32837286591529846,1.6540250778198242,0.041943930089473724,100.32905578613281
72.20011287100033,23.5121454492056,2.4505704039889995,-14.9971923828125,0.015518866557207467,2.149285949202948,0.0732249841094017,100.6673355102539
72.25072842400004,23.51562604700096,2.5304543860941546,-14.994644165039062,-0.3565274477005005,1.6550617218017578,0.047196485102176666,100.92572021484375
72.30102124700034,23.518878980128218,2.6098920767098366,-14.992538452148438,-0.34160974621772766,1.666994571685791,0.05029909312725067,101.19600677490234
72.35053177100008,23.52294049887331,2.7789895636118187,-14.9906005859375,-0.3545781672000885,1.6735652685165405,0.0630197674036026,101.61097717285156
72.40018544600025,23.52795781245417,2.8590890444584125,-14.989700317382812,-0.3739109933376312,1.6662237644195557,0.05097316950559616,101.89213562011719
72.45094250200009,23.527475023214443,3.004658197967154,-14.989028930664062,0.0036631291406814537,2.3257486624188353,0.050694193691015244,102.24793243408203
72.50077892400031,23.527496014443553,3.0789515030758774,-14.990463256835938,-0.44166800379753113,1.6482373476028442,0.03970734030008316,102.45314025878906
72.55058336699994,23.51956782077719,3.235008226708308,-14.9942626953125,-0.16184180509337032,2.1776755148505034,-0.023397086188197136,102.79454803466797
72.60064189900004,23.514539875749833,3.312542389682305,-14.998184204101562,-0.4863797426223755,1.6535240411758423,-0.04363756626844406,103.01677703857422
72.65034367599992,23.49960105276479,3.456173415497676,-15.005355834960938,-0.10944578139399663,2.265136280092032,-0.02104542776942253,103.3397216796875
72.70071111200014,23.496514327477605,3.533383447954712,-15.00738525390625,-0.47761473059654236,1.660403847694397,-0.04203938692808151,103.58771514892578
72.75022090099992,23.487296596438885,3.701722401125833,-15.007049560546875,-0.2080711996173411,2.1694043526806364,-0.048447880893945694,103.969970703125
72.80025402699994,23.484748275283614,3.7801534740146576,-15.007339477539062,-0.5141571164131165,1.6792482137680054,-0.04728296026587486,104.22696685791016
72.85048941700006,23.470189491155374,3.9269557143480736,-15.00946044921875,-0.5142422914505005,1.6844836473464966,-0.031026488170027733,104.52855682373047
72.90113345500004,23.47215694710848,4.01641038964392,-15.010299682617188,-0.09617213690775478,2.43732344165736,-0.01696520484983921,104.94168853759766
72.95021155199993,23.447490002376536,4.1698718216781785,-15.014022827148438,-0.5829665660858154,1.653331995010376,0.00029441557126119733,105.1851806640625
73.00084687900016,23.4457743566141,4.255512153455315,-15.01641845703125,-0.2191353814679256,2.327972138531309,0.013511937111616135,105.58353424072266
73.05028137,23.436074207617224,4.328079185513241,-15.018508911132812,-0.643603503704071,1.6457204818725586,0.030512506142258644,105.79475402832031
73.10070844600023,23.41065489903307,4.475689920486367,-15.016677856445312,-0.30457872119894747,2.339746205857503,0.08565911650657654,106.20930480957031
73.15071742100008,23.392992833315322,4.570766807114749,-15.013259887695312,-0.7240775227546692,1.6492705345153809,0.0664900615811348,106.4890365600586
73.20030469299991,23.35663245851957,4.707896832235468,-15.008392333984375,-0.7179139852523804,1.6731770038604736,0.07483136653900146,106.72813415527344
73.25048310000011,23.34725807889999,4.794352846862158,-15.006546020507812,-0.7233800292015076,1.6835442781448364,0.0683189406991005,107.06563568115234
73.30117228300014,23.3100452092968,4.934026232573082,-15.00164794921875,-0.7742355465888977,1.6871516704559326,0.10282423347234726,107.28630828857422
73.35093201600012,23.293038333266775,5.0362805429505695,-14.998245239257812,-0.43114882248441827,2.4243610472634316,0.05991382151842117,107.65027618408203
73.40047587500021,23.251127850016356,5.1761424129950155,-14.994216918945312,-0.8641571998596191,1.6923847198486328,0.00283909123390913,107.85658264160156
73.45032547100027,23.237260595801175,5.260555136412616,-14.993820190429688,-0.6682212949672531,2.090632766880842,-0.016200486570596695,108.20558166503906
73.50029901200014,23.193952486768723,5.394990590610632,-14.994338989257812,-0.8846595287322998,1.7084906101226807,-0.020485470071434975,108.423828125
73.55036868700017,23.175010227241593,5.494303109014636,-14.99493408203125,-0.5693871376046566,2.3117607142593997,-0.01876174844801426,108.8065414428711
73.60044653000023,23.134514443555926,5.631155524485152,-14.997177124023438,-0.884648323059082,1.7188057899475098,-0.024294376373291016,109.0737075805664
73.6508694170002,23.122037718817886,5.71714405842276,-14.998916625976562,-0.5589233857138799,2.447830615932189,-0.026818322017788887,109.4665298461914
73.70048571999996,23.077021695065024,5.852096222402153,-15.00244140625,-0.6902911068065455,2.2360275834941232,-0.020097076892852783,109.70291900634766
73.75028524200025,23.05188005508919,5.945787884367652,-15.006698608398438,-0.9254069328308105,1.754806637763977,-0.034672778099775314,109.92405700683594
73.8006352110001,23.00949989135661,6.09462803023341,-15.013320922851562,-0.6281102448981974,2.4907061303452736,-0.02344263717532158,110.30963897705078
73.8508974780002,22.991645555353966,6.177058693903377,-15.017349243164062,-0.9701408743858337,1.7435699701309204,-0.028894981369376183,110.59896850585938
73.90062494500035,22.949974607380632,6.327344593199032,-15.02508544921875,-0.742186565916545,2.2754272844059913,0.008822561241686344,110.93467712402344
73.95014376000017,22.923096834206117,6.421026197496522,-15.02862548828125,-1.0102341175079346,1.713050365447998,0.012110492214560509,111.17931365966797
74.00058437999996,22.907247891325078,6.508085211167641,-15.030517578125,-0.7686048615175528,2.2846962963952366,0.0034786155447363853,111.55680084228516
74.05032091500016,22.859219535794843,6.644691937658795,-15.032867431640625,-1.0239218473434448,1.7054725885391235,0.0326424278318882,111.7990493774414
74.10037651500033,22.841772134363133,6.72878941256925,-15.032867431640625,-0.7051298593553835,2.4522800131978393,0.04900201037526131,112.17398071289062
74.15110604300025,22.788277005495708,6.884282369590439,-15.036376953125,-1.0797357559204102,1.682453989982605,0.04661417007446289,112.44113159179688
74.20063102099994,22.766679903608587,6.960703839791772,-15.037384033203125,-1.0753123760223389,1.6851673126220703,0.04372801631689072,112.6883544921875
74.25024770200025,22.71927996811098,7.100748382128717,-15.040969848632812,-1.1083844900131226,1.6917866468429565,0.012395313940942287,113.0007553100586
74.30104552900002,22.697574591059873,7.1762854696117895,-15.04388427734375,-1.090105414390564,1.7060009241104126,0.0069754538126289845,113.239990234375
74.35033980100025,22.64564033060291,7.332439992608663,-15.047027587890625,-0.8202664186781536,2.359086875673575,0.042336393147706985,113.5851058959961
74.40018874299994,22.62654066602186,7.408442637753181,-15.046173095703125,-1.0831869840621948,1.7081151008605957,0.04134729504585266,113.84347534179688
74.4503001410003,22.58263398012726,7.548650483586334,-15.043289184570312,-0.8742945513578562,2.2576703633269912,0.07827476412057877,114.2177734375
74.50110524000002,22.565369509970637,7.627238922436548,-15.045089721679688,-1.1017926931381226,1.692847490310669,0.10003886371850967,114.50544738769531
74.5506896730003,22.51732078582409,7.783356041705258,-15.0509033203125,-0.8825204525238117,2.2688299632812408,0.07234599441289902,114.86077117919922
74.6002457479999,22.496723840471066,7.857268441623596,-15.05352783203125,-1.0779768228530884,1.7175979614257812,0.0485830157995224,115.09007263183594
74.65048753500014,22.459750069470996,8.00389145280019,-15.05816650390625,-0.7957035260241527,2.4872818754361,0.03440568596124649,115.46855163574219
74.70063222399995,22.441441988817303,8.08014523073786,-15.060287475585938,-1.060505986213684,1.7463163137435913,0.02428654581308365,115.7068099975586
74.7504694600002,22.424098235808742,8.157710948436057,-15.062469482421875,-1.0593914985656738,1.750500202178955,0.044235050678253174,115.95381927490234
74.80068350500005,22.38820151711219,8.32523469731578,-15.068634033203125,-0.8244310916483419,2.413248104674907,0.03324759379029274,116.32720947265625
74.85081463699998,22.37245214534463,8.405624114574852,-15.070785522460938,-1.037899374961853,1.7716264724731445,0.06683752685785294,116.59453582763672
74.90115306500002,22.338582475077857,8.562951587608104,-15.074462890625,-0.8025111547719398,2.4706661888261356,0.06863531470298767,116.99519348144531
74.95034702400017,22.321088265495284,8.64266455024848,-15.076217651367188,-1.0177359580993652,1.7984133958816528,0.08223969489336014,117.20757293701172
75.00074240000004,22.276903977807862,8.807556642531413,-15.080581665039062,-0.8688420336852409,2.247235266524897,0.07605311274528503,117.49856567382812
75.05062279699996,22.259535301699515,8.886942237857971,-15.08428955078125,-1.0000556707382202,1.806384801864624,0.08439747244119644,117.71231842041016
75.10019310200005,22.219034955521536,9.037447616816298,-15.088760375976562,-0.8503905235119005,2.4210396884681415,0.10364338755607605,118.05612182617188
75.15102230599996,22.199718198803964,9.11706221418349,-15.094589233398438,-1.01488196849823,1.8163033723831177,0.11279620230197906,118.26296997070312
75.20018166099999,22.145976631959122,9.272941054350131,-15.104721069335938,-1.0778377056121826,1.7956955432891846,0.09485235810279846,118.44622802734375
75.25022502299998,22.127330552376094,9.368030332490715,-15.1083984375,-0.7805782962257442,2.9412850334545126,0.08963815122842789,118.90044403076172
75.30023363700002,22.075489340540948,9.513591981360566,-15.11285400390625,-1.1374541521072388,1.7703770399093628,0.09153737872838974,119.14037322998047
75.35112071899994,22.05267855480375,9.602841323167121,-15.114517211914062,-1.0108039274465468,2.36407774315699,0.09343931823968887,119.51632690429688
75.4004436539999,22.015685581798387,9.699003066892228,-15.117721557617188,-1.2479281425476074,1.7263233661651611,0.08112141489982605,119.80248260498047
75.45082096200031,21.948579858447268,9.845047508734249,-15.125259399414062,-1.1091845919267749,2.374260814510627,0.07266946136951447,120.18119049072266
75.50045049200025,21.914459259741733,9.9219909806429,-15.12811279296875,-1.3361215591430664,1.6862292289733887,0.0977068617939949,120.44800567626953
75.55026875500016,21.83867596709819,10.063950003149115,-15.1334228515625,-1.184877701697065,2.448289610216704,0.09216058254241943,120.81584930419922
75.60132624700009,21.789429177976352,10.151223984875903,-15.136154174804688,-1.4258379936218262,1.6351951360702515,0.09363558888435364,121.04946899414062
75.65045981399999,21.70632754078879,10.281981792753706,-15.139404296875,-1.457810640335083,1.6060316562652588,0.08345092833042145,121.28680419921875
75.70169960000021,21.6691724918659,10.36679318131965,-15.141342163085938,-1.302816583689788,2.3094184060919254,0.06815480440855026,121.66539001464844
75.75105179699995,21.58419291517431,10.495378090979258,-15.144485473632812,-1.5235388278961182,1.567156195640564,0.07795780152082443,121.89496612548828
75.80038670400018,21.537672183478655,10.59103277193145,-15.14788818359375,-1.3620095324492854,2.3110379439288877,0.0765034481883049,122.27876281738281
75.8505022610002,21.454968054942334,10.71637775646457,-15.150527954101562,-1.5260859727859497,1.5369179248809814,0.09955853968858719,122.55008697509766
75.90107611900021,21.41581139312092,10.794144679570792,-15.14892578125,-1.3826423287587206,2.1961258489376934,0.09393172711133957,122.89244842529297
75.95024385900024,21.329431475744244,10.916808981889492,-15.141815185546875,-1.4922255277633667,1.5531682968139648,0.078174889087677,123.11177825927734
76.00055823699995,21.2797567459679,11.011359596812088,-15.138046264648438,-1.3286929915592416,2.2998698565199995,0.07266449928283691,123.49642181396484
76.0504228499999,21.197606860009678,11.142911072416696,-15.134262084960938,-1.4945420026779175,1.5793871879577637,0.06735777109861374,123.72084045410156
76.10020552600008,21.15744897326614,11.216428072601758,-15.132415771484375,-1.4956716299057007,1.5861979722976685,0.05813783407211304,123.94718933105469
76.15053900400017,21.076990420851384,11.35724321799489,-15.129058837890625,-1.3548538144693911,2.323237981694748,0.09445884078741074,124.31777954101562
76.20013193800014,21.027276128533167,11.445228451052017,-15.126754760742188,-1.4914443492889404,1.589125394821167,0.08221632987260818,124.55046081542969
76.25032999800032,20.945500548922972,11.584221719780265,-15.123428344726562,-1.426602127101614,2.2161694660620896,0.09568698704242706,124.92994689941406
76.30067929300003,20.906408109560736,11.659426328466976,-15.124893188476562,-1.5288612842559814,1.5588550567626953,0.090435691177845,125.19522857666016
76.35010573,20.869197877646684,11.747507460725865,-15.126144409179688,-1.3744340714618954,2.416518282506744,0.08870873600244522,125.64518737792969
76.40063027700035,20.77595110031924,11.888132698411193,-15.127578735351562,-1.468220829963684,1.5753235816955566,0.11757807433605194,125.88349151611328
76.45058705600013,20.738001025791036,11.969063434408984,-15.12811279296875,-1.3989923431755515,2.2264462328349754,0.09509967267513275,126.23743438720703
76.5005457100001,20.65340700393377,12.09567994831085,-15.130035400390625,-1.5351274013519287,1.550804853439331,0.07236514985561371,126.49835968017578
76.55076458500025,20.613313030328328,12.169729146842108,-15.130020141601562,-1.5696324110031128,1.531522512435913,0.07079322636127472,126.77555847167969
76.60031205199994,20.518510774596567,12.317303018402617,-15.127639770507812,-1.5738617181777954,1.546915888786316,0.08020107448101044,127.15544128417969
76.6506308830003,20.47552640508018,12.385620989834973,-15.12652587890625,-1.5708093643188477,1.5658594369888306,0.07706400007009506,127.36677551269531
76.70057178600018,20.393989976595307,12.525854318400187,-15.120758056640625,-1.461323414586255,2.2098676264995536,0.06803057342767715,127.78694152832031
76.75066786000025,20.353055878979205,12.596856139735385,-15.116958618164062,-1.528918981552124,1.5636380910873413,0.110061414539814,128.02210998535156
76.80024893600012,20.256210750285092,12.74021756484644,-15.108306884765625,-1.5160505072550927,2.112342253834535,0.11093747615814209,128.3778533935547
76.85075206900001,20.21300948921886,12.80837836756576,-15.104400634765625,-1.5774301290512085,1.5241925716400146,0.089183010160923,128.6106719970703
76.90074543300034,20.124351235445708,12.933903856161658,-15.097869873046875,-1.5252497610896247,2.0628571458955216,0.08217824995517731,128.942138671875
76.95119377400033,20.080054256822876,13.001700461196133,-15.096084594726562,-1.6042273044586182,1.4799079895019531,0.06089784577488899,129.1728057861328
77.00057326700016,20.034810390906216,13.066965908841917,-15.094802856445312,-1.6125702857971191,1.4783871173858643,0.05052625760436058,129.3773651123047
77.05060987200022,19.92864759389266,13.206649884429744,-15.094131469726562,-1.6452975273132324,1.4654390811920166,0.012271340005099773,129.7566375732422
77.1008697000002,19.8816435105336,13.276837306525145,-15.094589233398438,-1.6323695182800293,1.4695327281951904,0.027439502999186516,130.03109741210938
77.15111372799993,19.78606927589609,13.406104270247932,-15.094482421875,-1.5817931127672564,2.1462697789733327,0.02172434888780117,130.44114685058594
77.20037232499999,19.740029038075797,13.47379119916816,-15.09716796875,-1.6303799152374268,1.4799398183822632,0.022097259759902954,130.65167236328125
77.25081797700022,19.632326193466437,13.61640158607021,-15.102127075195312,-1.6009882904101334,2.1514166247072533,0.03583800792694092,131.0294189453125
77.30087855800002,19.585040324295584,13.684526470313614,-15.10235595703125,-1.6181678771972656,1.4879825115203857,0.040962137281894684,131.26205444335938
77.35110504100021,19.49070515256267,13.815348415245559,-15.098052978515625,-1.6104080043361286,1.8984688563572039,0.07105416059494019,131.6230926513672
77.40067581500034,19.44240371716058,13.879920262187673,-15.09539794921875,-1.648371696472168,1.4484299421310425,0.07053981721401215,131.81117248535156
77.4507940440003,19.332201518879288,14.01387772561365,-15.090789794921875,-1.6649434566497803,1.4494092464447021,0.03554182127118111,132.05618286132812
77.50097729000026,19.2831671199107,14.09254365710543,-15.089691162109375,-1.646981946149642,2.208821325425567,0.03433137387037277,132.4238739013672
77.5503622010001,19.232938383767596,14.158690989639036,-15.088973999023438,-1.6750354766845703,1.4384855031967163,0.019442355260252953,132.63584899902344
77.60079200300015,19.139094343628184,14.285466956002086,-15.0853271484375,-1.6295667152751734,2.204984759931456,0.06094661355018616,132.97755432128906
77.65029694900022,19.031658155507,14.41297056205663,-15.079971313476562,-1.6544429063796997,1.427046775817871,0.043282825499773026,133.205322265625
77.70113560200025,18.986997417979858,14.48834389141937,-15.074966430664062,-1.6314430717653616,2.0595913477711227,0.08208326995372772,133.54600524902344
77.75040122300015,18.9415096432523,14.556404454138665,-15.069931030273438,-1.6369842290878296,1.4166233539581299,0.08781652897596359,133.7987060546875
77.80036134000011,18.850636331822734,14.681320733832282,-15.059814453125,-1.5945762516643618,2.288203808117041,0.09076306968927383,134.16064453125
77.85014239800012,18.79420849692744,14.763142790230031,-15.056182861328125,-1.603230595588684,1.4571077823638916,0.06668005883693695,134.4298858642578
77.90010880399996,18.702293905635766,14.880660501680165,-15.051925659179688,-1.5947476625442505,1.4523261785507202,0.05632934346795082,134.68869018554688
77.95104840600015,18.653947965425722,14.959547370030974,-15.049209594726562,-1.633461333634932,2.1679075707608835,0.04965929314494133,135.08641052246094
78.00048573599997,18.55181145815659,15.079004428165476,-15.043426513671875,-1.6688578128814697,1.4157932996749878,0.031377363950014114,135.36231994628906
78.05093271500027,18.48633713533485,15.166569042366792,-15.040573120117188,-1.6943218521790975,2.0606540146912184,0.04608526825904846,135.73068237304688
78.10058175600034,18.3820010554139,15.280958846720685,-15.039871215820312,-1.710952639579773,1.3777737617492676,0.07005015760660172,135.98550415039062
78.15020018800033,18.32820105802282,15.35445280272188,-15.039321899414062,-1.7421413208730674,2.037730331769398,0.06030399724841118,136.35415649414062
78.20028126100033,18.220879143692727,15.46425716967319,-15.037139892578125,-1.7449756860733032,1.359105110168457,0.04404022544622421,136.58523559570312
78.25033105700004,18.152393363769207,15.553764612157568,-15.03564453125,-1.7794533095972296,2.2676979925906613,0.044656652957201004,137.01548767089844
78.30052110900033,18.043375221641075,15.661678908123676,-15.03228759765625,-1.7205106019973755,1.3661730289459229,0.06267639994621277,137.24578857421875
78.35024107500021,17.98857687767713,15.723412981335557,-15.028091430664062,-1.7386698722839355,1.3556984663009644,0.05619126930832863,137.48043823242188
78.4011071949999,17.877275370237207,15.839136897615447,-15.021865844726562,-1.8012947357473048,2.1986727234128223,0.01323575247079134,137.85977172851562
78.45097519699993,17.806371136275907,15.914007247637416,-15.020462036132812,-1.7893304824829102,1.3262138366699219,0.0034503675997257233,138.1258087158203
78.50041319699994,17.69011989218803,16.032739158201263,-15.019882202148438,-1.8831565386869538,2.0667149398920714,-0.008537599816918373,138.53970336914062
78.55083546800006,17.63047086241744,16.09675582780294,-15.019622802734375,-1.8501133918762207,1.2946593761444092,0.0050323293544352055,138.82168579101562
78.60111294300032,17.568214200574943,16.16858970461961,-15.01910400390625,-1.9102003829729468,1.9991878668879095,0.005715172737836838,139.21531677246094
78.65030129300021,17.43160082164955,16.286373628668617,-15.017608642578125,-1.8302602767944336,1.3412902355194092,0.02347087673842907,139.48602294921875
78.70092393899995,17.369359091472116,16.35872079755344,-15.017013549804688,-1.904112566183977,2.097214019912943,0.03331122547388077,139.87738037109375
78.75055746499993,17.250035623691844,16.464779461351164,-15.011383056640625,-1.8456517457962036,1.3186143636703491,0.02426961064338684,140.1335906982422
78.80015080500016,17.189342455189326,16.526592528818437,-15.00909423828125,-1.83921480178833,1.3204303979873657,0.03325135260820389,140.38555908203125
78.85122862400021,17.051567321004594,16.648965484186753,-15.002670288085938,-1.900462078710827,1.8481062965766162,0.014894610270857811,140.76620483398438
78.90106692400013,16.989920487713206,16.7067642177825,-15.000244140625,-1.8352763652801514,1.3114763498306274,-0.0009411101927980781,140.9844207763672
78.95090632100028,16.86554620356433,16.815654389414604,-14.998428344726562,-1.931342915848234,1.9709220143226762,-0.037741340696811676,141.34072875976562
79.00015242200016,16.786286463301444,16.884360476841582,-14.998245239257812,-1.8741967678070068,1.2802313566207886,-0.020976930856704712,141.59140014648438
79.05062185299994,16.657807196762036,16.98784525166679,-14.997421264648438,-2.011533801879687,1.972935215625955,-0.0042862300761044025,141.94857788085938
79.10083886500024,16.5918348760881,17.04136680628852,-14.997512817382812,-1.9417632818222046,1.1886546611785889,0.01006285846233368,142.17300415039062
79.15146111700005,16.52482770570587,17.094984305678548,-14.99737548828125,-1.9612195491790771,1.165083408355713,0.027701444923877716,142.41375732421875
79.20049165799992,16.39117075208405,17.189111331404064,-14.996429443359375,-1.9986801147460938,1.1190284490585327,0.0016539957141503692,142.74176025390625
79.251169054,16.323934834808632,17.242870427378783,-14.996307373046875,-2.0116498470306396,1.1041243076324463,0.0024733461905270815,142.9931640625
79.30073707700012,16.174230216319835,17.342528362106425,-14.996322631835938,-2.1034063633670166,1.7201492027617673,0.006090759299695492,143.29202270507812
79.35121953399994,16.107671972558766,17.393571302830388,-14.996414184570312,-1.9749500751495361,1.132225513458252,-0.0019430414540693164,143.49725341796875
79.40067612300027,15.976908309846916,17.496305938273654,-14.99853515625,-2.0718091798330884,1.7677098173796275,-0.02425531856715679,143.8343505859375
79.45036644500033,15.910679773504853,17.550315290411387,-15.000106811523438,-1.9786980152130127,1.1372493505477905,-0.056664012372493744,144.04893493652344
79.50014658100008,15.764534414198415,17.66285156601878,-15.005386352539062,-2.1044862526182495,1.7610153875792387,-0.05472536385059357,144.40283203125
79.5505191340003,15.69816952241967,17.71744550599456,-15.0072021484375,-1.9917066097259521,1.0949286222457886,-0.02690332569181919,144.63888549804688
79.60060426500013,15.56846753443212,17.80612038916184,-15.009078979492188,-2.004155158996582,1.0867003202438354,-0.020108351483941078,144.86865234375
79.650711022,15.500264371746427,17.869257686779175,-15.010452270507812,-1.9964001178741455,1.1137723922729492,-0.04260776564478874,145.24850463867188
79.70071153700019,15.353896982979984,17.969279073005048,-15.013595581054688,-2.004974365234375,1.0791904926300049,-0.03737906366586685,145.53738403320312
79.75071795400027,15.285855320389443,18.03826433610691,-15.009475708007812,-2.1267467146914574,1.74705636532727,-0.028603240847587585,145.9502410888672
79.8002510260003,15.157495387567554,18.130886399635738,-15.002426147460938,-1.9899696111679077,1.0828608274459839,-0.02294089086353779,146.1787567138672
79.85061985199991,15.090154402789498,18.19607371700575,-14.998275756835938,-2.131103184008091,1.802393306474456,-0.011356006376445293,146.5531005859375
79.90027606600006,14.949312158184483,18.298806142978755,-14.984817504882812,-1.9725720882415771,1.0716402530670166,-0.012031139805912971,146.7957763671875
79.95024974700027,14.882604127379178,18.362062051881196,-14.979812622070312,-2.102270315672763,1.6836196942255657,-0.008174881339073181,147.15855407714844
80.00018780000028,14.816907472944258,18.41509546008932,-14.975341796875,-1.9792566299438477,1.0540666580200195,-0.01991390623152256,147.3760986328125
80.05114423400028,14.68622652350828,18.50700327574423,-14.96795654296875,-1.991180419921875,1.0351539850234985,-0.028101231902837753,147.6147918701172
80.10036063400003,14.599693702861913,18.58122909808073,-14.96441650390625,-2.164632973061598,1.7941287792798613,-0.04358764365315437,148.02442932128906
80.15025228700006,14.46878222707909,18.672280683934975,-14.95782470703125,-1.9984561204910278,1.011081576347351,-0.02911563217639923,148.29957580566406
80.20070312799999,14.400160096900416,18.730199489806296,-14.954971313476562,-2.1220547119071953,1.5829784233114457,-0.023093730211257935,148.61663818359375
80.25030321600025,14.270444657490362,18.817974050215724,-14.946731567382812,-1.9816064834594727,1.010094404220581,-0.03616698086261749,148.85919189453125
80.300081804,14.186312740190843,18.888211234646086,-14.940338134765625,-2.1119876946186107,1.5877395379552783,-0.040765926241874695,149.21310424804688
80.35011074600015,14.059087220056094,18.97606547951856,-14.933303833007812,-1.9665387868881226,1.0441279411315918,-0.07142636179924011,149.43402099609375
80.40033813500031,13.99578438428677,19.030938305949114,-14.931900024414062,-1.961991310119629,1.042698860168457,-0.06953614205121994,149.70809936523438
80.45047366500012,13.872005159711886,19.126398131720048,-14.930892944335938,-1.9551161527633667,1.0462008714675903,-0.0814114362001419,150.05963134765625
80.50073488199996,13.793874878876068,19.18651793793467,-14.932388305664062,-1.9614286422729492,1.0379239320755005,-0.09730265289545059,150.2954864501953
80.55130685099994,13.667836478422366,19.282982677372853,-14.938430786132812,-2.1278212695274172,1.6310236572000583,-0.09450242668390274,150.6874542236328
80.6000754669999,13.60318261403199,19.335295829896012,-14.941390991210938,-1.966588020324707,1.0134130716323853,-0.0922107994556427,150.94618225097656
80.65026545599994,13.474922588206933,19.432133601406907,-14.945159912109375,-2.2021899708168333,1.8178578782278239,-0.08822865039110184,151.3405303955078
80.70055714099999,13.3935008920277,19.494519371711952,-14.947311401367188,-1.9675790071487427,0.9977840781211853,-0.10345622152090073,151.6204071044922
80.75094063000006,13.324048096172849,19.554625561809594,-14.949615478515625,-2.2190834170349065,1.6988512569344012,-0.10499279946088791,152.00320434570312
80.8008178770001,13.194969340411205,19.641876714337364,-14.951095581054688,-2.0148425102233887,0.9436991214752197,-0.10762806981801987,152.24591064453125
80.85101904500016,13.111058171358101,19.70028386082183,-14.952560424804688,-2.0426464080810547,0.9338014721870422,-0.10872672498226166,152.47811889648438
80.90218538099998,13.057625347404679,19.74378870325752,-14.952728271484375,-2.0502402782440186,0.9199874401092529,-0.08388103544712067,152.74342346191406
80.95094293600005,12.909422363847174,19.832918432314223,-14.94952392578125,-2.213446055465256,1.3708704980514146,-0.0578882209956646,153.0009307861328
81.00082401300006,12.837130100650377,19.89022608162612,-14.947982788085938,-2.5306405052372667,2.309556843930224,-0.054896336048841476,153.37782287597656
81.0509731850002,12.707114028971244,19.972032144392557,-14.945526123046875,-2.0678203105926514,0.8706533312797546,-0.0491526797413826,153.64138793945312
81.10119108200024,12.562035393607761,20.061719077318575,-14.943069458007812,-2.0686302185058594,0.8629974722862244,-0.02918223664164543,153.90113830566406
81.15207020700018,12.494000669397527,20.110357540356134,-14.942169189453125,-2.089510917663574,0.8435120582580566,-0.06334342807531357,154.17462158203125
81.20043871500002,12.42256593785773,20.166181365325105,-14.94195556640625,-2.092111825942993,0.8417338132858276,-0.06574369221925735,154.56475830078125
81.25020459500001,12.286016886838736,20.255566852337104,-14.942825317382812,-2.0869219303131104,0.8445484638214111,-0.0857076495885849,155.03782653808594
81.30072023999992,12.221878766601845,20.29836344845116,-14.94110107421875,-2.0819995403289795,0.8482564091682434,-0.05770191177725792,155.2541046142578
81.35107688900007,12.078007160827397,20.380427925821706,-14.938735961914062,-2.291025031945636,1.2940136582018502,-0.061033423990011215,155.58157348632812
81.40314243700004,12.01154261207478,20.419740817965042,-14.938262939453125,-2.1148242950439453,0.7547358870506287,-0.07259725034236908,155.79879760742188
81.45047549800029,11.88537361765388,20.482358582364352,-14.94073486328125,-2.129030466079712,0.7462451457977295,-0.09171515703201294,156.0447998046875
81.50183986299999,11.817313148060473,20.522382933860058,-14.942474365234375,-2.1394238471984863,0.7316368818283081,-0.09835419058799744,156.29763793945312
81.55161690900013,11.677799930230497,20.591747487855617,-14.944564819335938,-2.1513078212738037,0.7001045942306519,-0.12187167257070541,156.56004333496094
81.60087923400033,11.612056382787612,20.63134422318647,-14.946701049804688,-2.1611745357513428,0.674720287322998,-0.14268895983695984,156.80938720703125
81.65125871200007,11.481115947091283,20.707307967308736,-14.94891357421875,-2.167163133621216,0.6692793965339661,-0.13594885170459747,157.24087524414062
81.7007952490003,11.412105626617915,20.755346873854062,-14.947616577148438,-2.450111109306734,1.329607231846099,-0.1158149242401123,157.59017944335938
81.75033908500018,11.2689624783862,20.824823293443213,-14.946212768554688,-2.1575376987457275,0.6426019668579102,-0.11870437860488892,157.83531188964844
81.80101956099998,11.201327329693617,20.870684798344044,-14.94659423828125,-2.415512845777762,1.2238664069181662,-0.09600551426410675,158.17510986328125
81.85039467800016,11.07488879405576,20.93028667321271,-14.947799682617188,-2.164358377456665,0.5852484107017517,-0.08089908957481384,158.42282104492188
81.90021512400017,11.005025780748802,20.974180143843853,-14.946975708007812,-2.4653938873665915,1.2443343141963414,-0.061398882418870926,158.75816345214844
81.95105723400002,10.864725711522924,21.04124092720812,-14.942062377929688,-2.1872425079345703,0.5536646246910095,-0.031233735382556915,159.00375366210938
82.0010875070002,10.792803272093403,21.086524449928564,-14.940155029296875,-2.4783935345472727,1.2059608868160077,-0.03552646189928055,159.3541717529297
82.0506736340003,10.72451060929734,21.12663896325043,-14.935516357421875,-2.1765873432159424,0.596609890460968,-0.028739083558321,159.61044311523438
82.10025763300018,10.59588665685904,21.188894887540197,-14.923263549804688,-2.192756175994873,0.5909233093261719,-0.027151864022016525,159.85450744628906
82.15059926699996,10.506317478748876,21.242764464175963,-14.916427612304688,-2.1834757328033447,0.5934467315673828,0.008264997974038124,160.2368621826172
82.20026719299995,10.37303967327192,21.309827061336403,-14.900970458984375,-2.1981136798858643,0.5714560151100159,0.006936653051525354,160.5147705078125
82.25027739699999,10.29839497660621,21.357076119557938,-14.893829345703125,-2.4549549707120097,1.102471810802487,0.019881293177604675,160.86415100097656
82.30064142600031,10.16267808211521,21.42069848794974,-14.88201904296875,-2.22683048248291,0.5737681984901428,-0.009160324931144714,161.10520935058594
82.3506841010003,10.067728043590387,21.476445596999568,-14.876190185546875,-2.591734066394944,1.2035606250379844,-0.035556431859731674,161.52085876464844
82.40078054700007,9.924578130686346,21.539541228460614,-14.869400024414062,-2.2815675735473633,0.5287163853645325,-0.041923217475414276,161.81216430664062
82.45102518300018,9.846459996028587,21.589187315439652,-14.864334106445312,-2.5720624726287626,1.0244461961998241,-0.04798022285103798,162.18612670898438
82.50089103800019,9.702418776022103,21.65554045065193,-14.855987548828125,-2.3117945194244385,0.49615100026130676,-0.045784126967191696,162.48040771484375
82.55027052000014,9.609431624869996,21.700769074985065,-14.851455688476562,-2.3287127017974854,0.48272818326950073,-0.07128109782934189,162.7251434326172
82.60031146900019,9.459039785615534,21.777335804926686,-14.845169067382812,-2.8063203175029012,1.3366792932583942,-0.0886540338397026,163.16403198242188
82.65059113300003,9.380159491741122,21.81828923029052,-14.843185424804688,-2.3507375717163086,0.48961007595062256,-0.09826797991991043,163.44384765625
82.70059623900033,9.23190939161557,21.897973812937465,-14.833572387695312,-2.702946101685329,1.142951675544999,-0.09398522228002548,163.8212127685547
82.75023425000018,9.137322512900724,21.946426120845103,-14.828826904296875,-2.3550596237182617,0.5038641691207886,-0.11550804227590561,164.06419372558594
82.80033896800023,9.052637470896478,21.998549177162715,-14.826034545898438,-2.840422858036605,1.365119667201731,-0.11136471480131149,164.47544860839844
82.8508765040001,8.90640772963977,22.071671237883937,-14.81561279296875,-2.3504550457000732,0.5224656462669373,-0.12254583090543747,164.72393798828125
82.90054039200004,8.822380948294255,22.123705382287305,-14.812026977539062,-2.7318672544766773,1.1809531614977298,-0.12817806005477905,165.11569213867188
82.95124949299998,8.664209266727847,22.198562797146263,-14.806381225585938,-2.3459298610687256,0.5169463157653809,-0.13648009300231934,165.32557678222656
83.00103574600007,8.589734561314142,22.239077766346508,-14.805343627929688,-2.340684175491333,0.531389057636261,-0.1359672099351883,165.54029846191406
83.05065644900014,8.445670996203829,22.30842171604923,-14.80450439453125,-2.3356211185455322,0.4815220534801483,-0.15410351753234863,165.80288696289062
83.10248076400012,8.370735464903921,22.35028213941752,-14.803558349609375,-2.3351242542266846,0.46809086203575134,-0.13868212699890137,166.0182647705078
83.15043082700004,8.287835905406471,22.401916459649204,-14.803436279296875,-3.2153106432445764,1.873756116346383,-0.1520044207572937,166.41714477539062
83.20179442200015,8.131682598259953,22.462936713711933,-14.804718017578125,-2.3442869186401367,0.40076744556427,-0.16093005239963531,166.5115509033203
83.25071765100029,7.973216285622721,22.54847417448972,-14.806610107421875,-2.766533369315004,1.057771508349433,-0.16762113571166992,167.1172637939453
83.3007956700003,7.89544171054017,22.584543110872108,-14.807891845703125,-2.351618766784668,0.3898645043373108,-0.17027664184570312,167.3482208251953
83.35151213900008,7.819052635633732,22.621101057504823,-14.807586669921875,-2.3623006343841553,0.36729273200035095,-0.18393130600452423,167.5928955078125
83.40036490900002,7.652802449614848,22.682254919872232,-14.80792236328125,-2.8238469591269646,1.0400039207953204,-0.15807804465293884,167.907470703125
83.45051351600023,7.574397463034307,22.713049156308212,-14.808059692382812,-2.3646347522735596,0.2992049753665924,-0.15605667233467102,168.14144897460938
83.50072685300029,7.424053752068367,22.766711054014948,-14.80560302734375,-2.808090537774687,0.924242844537352,-0.1584690362215042,168.5081787109375
83.55055540500007,7.345586453203307,22.794425984390948,-14.805206298828125,-2.352483034133911,0.24442216753959656,-0.13736221194267273,168.7413787841797
83.60026496,7.175757628167391,22.840890874739916,-14.798980712890625,-2.6730549124941847,0.727259692006136,-0.14365781843662262,169.06382751464844
83.65044509600011,7.095151693603553,22.86863771918929,-14.796615600585938,-2.344454526901245,0.2641648054122925,-0.1237105280160904,169.3160400390625
83.70076563800012,6.9418305058552345,22.914256516164443,-14.790924072265625,-2.7170577436476484,0.746821792104992,-0.138893723487854,169.65060424804688
83.75038781600006,6.861326251509501,22.943235227974334,-14.788345336914062,-2.367129325866699,0.21015256643295288,-0.16590848565101624,169.93157958984375
83.8003669740001,6.69416335639257,22.983405449795548,-14.785873413085938,-2.3661084175109863,0.2361840456724167,-0.1547817587852478,170.17202758789062
83.85080517999995,6.60842935858655,23.017933723268523,-14.784011840820312,-2.7956819516791143,0.7973427856156139,-0.15099585056304932,170.55731201171875
83.90058384500026,6.456827459086418,23.05312389484103,-14.781570434570312,-2.365370988845825,0.17400187253952026,-0.124219611287117,170.81605529785156
83.95070549899992,6.370669699042069,23.084300538598296,-14.780899047851562,-2.811719349827853,0.7680655486178848,-0.1338627189397812,171.18438720703125
84.00022066700012,6.205760956103102,23.123309728404127,-14.783645629882812,-2.3637895584106445,0.1476009488105774,-0.14525699615478516,171.45359802246094
84.05077283400033,6.119492229136124,23.15488599094706,-14.785476684570312,-2.7860326094977164,0.7117633797368171,-0.15145830810070038,171.83978271484375
84.10080994500004,6.040663418534086,23.176176933472178,-14.787017822265625,-2.3593335151672363,0.13364607095718384,-0.14171439409255981,172.06317138671875
84.15103142099997,5.888735623496861,23.207903570061752,-14.789840698242188,-2.6907490741111726,0.5073746231756079,-0.15678173303604126,172.36947631835938
84.20108073200026,5.7895876737363885,23.22843474530346,-14.792526245117188,-2.351821184158325,0.043746039271354675,-0.14001460373401642,172.6228485107422
84.25101638000024,5.643649012949826,23.25135931733149,-14.791259765625,-2.342233896255493,0.06370104104280472,-0.13771606981754303,172.8389434814453
84.30060010800025,5.558291746112383,23.277860813449028,-14.791030883789062,-2.761738754791141,0.5848328829350474,-0.14825458824634552,173.2075958251953
84.35041708000017,5.408943852199622,23.30737870958824,-14.792388916015625,-2.335172653198242,0.04567905142903328,-0.13833823800086975,173.50384521484375
84.40043274500022,5.309228152529574,23.33527154416056,-14.793060302734375,-2.7324629828491784,0.5496072865293609,-0.1237017810344696,173.8369903564453
84.45008180600007,5.161503734179228,23.36024041694249,-14.796127319335938,-2.353008508682251,0.030486969277262688,-0.1350645124912262,174.068115234375
84.50041463700018,5.073630758311102,23.39042975722456,-14.801040649414062,-2.9359589969683992,0.7321133862697635,-0.1390479952096939,174.4937286376953
84.55047881600012,4.92234144498534,23.415885025709784,-14.812255859375,-2.365844488143921,0.034849219024181366,-0.1547699272632599,174.7637176513672
84.60052310400033,4.815154299952878,23.445422415200984,-14.818572998046875,-2.870604097182894,0.6396713937915305,-0.11496459692716599,175.19715881347656
84.65062057900013,4.6654095141608085,23.465178963255102,-14.828369140625,-2.374699354171753,0.002863971283659339,-0.12319828569889069,175.44967651367188
84.70113388900018,4.582729476880353,23.48129895341498,-14.833663940429688,-2.382617712020874,0.013174830935895443,-0.14352664351463318,175.70506286621094
84.75025748600001,4.422304034242702,23.50640823830096,-14.843185424804688,-2.386815071105957,0.0003616553731262684,-0.1554461419582367,176.1136016845703
84.80031216099997,4.320233056143577,23.521207799743642,-14.848480224609375,-2.3874032497406006,-0.03262091428041458,-0.14919067919254303,176.38055419921875
84.85020372899999,4.1578778944850345,23.54286514377326,-14.853759765625,-3.0091785243073286,0.5849153269722117,-0.15832704305648804,176.7783660888672
84.90032756200026,4.074864893841183,23.556013013985094,-14.854629516601562,-2.38374662399292,-0.0777096152305603,-0.13272428512573242,177.0144500732422
84.95030019000023,3.913094605657264,23.574236174867266,-14.857467651367188,-2.8104747227154285,0.3585376273882616,-0.12063981592655182,177.37806701660156
85.00059329700025,3.8138348877343007,23.583302017157557,-14.85882568359375,-2.3841426372528076,-0.11549905687570572,-0.11019234359264374,177.5890350341797
85.0504827929999,3.723337072407202,23.600625482417705,-14.859771728515625,-2.838233660109143,0.33579584225896,-0.08769626170396805,177.96334838867188
85.10115659800022,3.564151191365368,23.60717557281667,-14.8612060546875,-2.4009809494018555,-0.1297064572572708,-0.09700562804937363,178.2250518798828
85.1503047240003,3.477862533195508,23.616652135668325,-14.862319946289062,-2.402925491333008,-0.13749319314956665,-0.09686622023582458,178.4522247314453
85.20013954000024,3.290097399193094,23.625416699743855,-14.866378784179688,-2.408334732055664,-0.1793326735496521,-0.11072150617837906,178.8074951171875
85.25023254300004,3.2044494151252416,23.630988261783045,-14.869110107421875,-2.4124953746795654,-0.1932714283466339,-0.10739249736070633,179.0201416015625
85.30039085199996,3.0355134340282297,23.636689678209606,-14.875732421875,-2.8645112059972524,0.23075746734353825,-0.10355474054813385,179.38719177246094
85.3502335170001,2.9496529842513834,23.639264046009743,-14.878952026367188,-2.410628318786621,-0.2548634111881256,-0.10345108807086945,179.5895233154297
85.40043019600034,2.759091788328525,23.64229456826293,-14.883560180664062,-2.9006486376732843,0.2155494583683552,-0.14168842136859894,179.9698944091797
85.45093298600023,2.668878478699873,23.647632602166137,-14.886688232421875,-2.416367530822754,-0.2627798616886139,-0.13313280045986176,-179.76722717285156
85.50054757499993,2.4988321765267494,23.65163373496039,-14.893630981445312,-2.8703280780437903,0.1693493584858805,-0.11970781534910202,-179.39859008789062
85.55018699600032,2.411224476194114,23.65623597563556,-14.897720336914062,-2.4090800285339355,-0.297457754611969,-0.14643967151641846,-179.15444946289062
85.60059220600033,2.232839415622782,23.64698698564066,-14.909332275390625,-2.4048800468444824,-0.3280908465385437,-0.15027083456516266,-178.96484375
85.65056539600027,2.140117016239108,23.657595140550356,-14.914825439453125,-2.3993077278137207,-0.33346864581108093,-0.1503029316663742,-178.60958862304688
85.70165371200028,2.052762957214003,23.662917110101034,-14.92034912109375,-2.4055252075195312,-0.31432265043258667,-0.15959671139717102,-178.36314392089844
85.75041633599994,1.8829228712044026,23.667932515056826,-14.929229736328125,-2.9416640082392345,0.19841205290896602,-0.13609693944454193,-177.97348022460938
85.80078471100023,1.7953695952988302,23.673905253992185,-14.93212890625,-2.3985557556152344,-0.29495272040367126,-0.12503460049629211,-177.72496032714844
85.85066684399999,1.6100921352254538,23.673857148110987,-14.936416625976562,-2.8985030756101486,0.18005972389218056,-0.06667589396238327,-177.3999786376953
85.9007415420001,1.5227838090310497,23.679033492573232,-14.932861328125,-2.4003536701202393,-0.25605353713035583,-0.06919382512569427,-177.1666717529297
85.95118065800034,1.353092875271567,23.683441620136524,-14.928375244140625,-3.024601883506625,0.28961735090131335,-0.08729294687509537,-176.80699157714844
86.00024715400014,1.2648514549088121,23.687355932677914,-14.927627563476562,-2.396254539489746,-0.2951640486717224,-0.09504137188196182,-176.56797790527344
86.05028710200031,1.0764862437524347,23.686061675916935,-14.9283447265625,-3.0268698192585743,0.3061385693770735,-0.10817687958478928,-176.1922149658203
86.10106199700022,0.9893535140119685,23.689490899427852,-14.929046630859375,-2.368445873260498,-0.2207353711128235,-0.07778922468423843,-175.9665069580078
86.15075842100032,0.8259633040056471,23.68707090581127,-14.928192138671875,-2.3648555278778076,-0.2377805858850479,-0.06647677719593048,-175.7360076904297
86.20031586599998,0.7274722354828143,23.698593633551347,-14.927703857421875,-2.3550827503204346,-0.27546489238739014,-0.05079056695103645,-175.3274688720703
86.25109821200022,0.546928475610128,23.688719016545846,-14.931320190429688,-2.356365203857422,-0.32038548588752747,-0.09777767956256866,-175.1143035888672
86.30047703300033,0.4515905248347103,23.695824719261324,-14.936065673828125,-2.8425821380554264,0.0785043421325411,-0.0836917832493782,-174.73838806152344
86.35076886100023,0.2902418369736348,23.683816634020832,-14.945175170898438,-2.3471150398254395,-0.3481192886829376,-0.08602308481931686,-174.5099334716797
86.40035247100013,0.1953196210166146,23.692589936457736,-14.951629638671875,-2.8894815478576255,0.0846889943062244,-0.09105805307626724,-174.11949157714844
86.45038022200015,0.017964729519847733,23.680245914340524,-14.966629028320312,-2.3157801628112793,-0.38566312193870544,-0.11613865196704865,-173.86871337890625
86.50059284999998,-0.07484603754394481,23.68564708939655,-14.973159790039062,-2.8807241306628857,0.06652029093769779,-0.11085941642522812,-173.507080078125
86.55104260500002,-0.160562782479313,23.686876554856404,-14.97967529296875,-2.287501573562622,-0.3743544816970825,-0.09455975890159607,-173.25889587402344
86.60184901699995,-0.31610701531234886,23.675369940621586,-14.991653442382812,-2.271077871322632,-0.3892109990119934,-0.10504858195781708,-173.03662109375
86.65037433299995,-0.42382550005701747,23.67767768468062,-14.999557495117188,-2.767565176791658,0.006391168650804191,-0.07190404832363129,-172.70590209960938
86.70111346700014,-0.5800461129220214,23.671678891581408,-15.012725830078125,-2.2567734718322754,-0.37416473031044006,-0.05785825476050377,-172.4358367919922
86.75100484800032,-0.6743190830701016,23.680573629579303,-15.017959594726562,-2.7365749484390363,-0.0016558332955444732,-0.052093517035245895,-172.0249786376953
86.80038334200026,-0.8259968269597371,23.67022353958807,-15.023727416992188,-2.2219653129577637,-0.4002474248409271,-0.043362561613321304,-171.78916931152344
86.8508742150002,-0.9352641593042046,23.67326606696107,-15.026260375976562,-2.771660815811515,0.011096710211914107,-0.03316385671496391,-171.39794921875
86.90020196000023,-1.089345921626931,23.66139947823529,-15.028915405273438,-2.2049717903137207,-0.43620336055755615,-0.02113666757941246,-171.14352416992188
86.95022092399995,-1.1812430529024165,23.66508520855492,-15.03021240234375,-2.7738109423205,-0.03240051306475589,0.011466113850474358,-170.78199768066406
87.00044614300032,-1.3350720695665617,23.650116289641517,-15.031524658203125,-2.1962075233459473,-0.4541283845901489,0.027146179229021072,-170.5418243408203
87.05023325000002,-1.4365248563397737,23.645562676171256,-15.033401489257812,-2.195178508758545,-0.4708358943462372,0.020427046343684196,-170.2705078125
87.10042797200003,-1.5945117189184623,23.634047873328164,-15.036575317382812,-2.6462861367959762,-0.14669050239090847,-0.001361954608000815,-169.92601013183594
87.15046795700027,-1.6772528467997199,23.632680727854147,-15.037979125976562,-2.1858460903167725,-0.48570990562438965,0.00665149325504899,-169.68167114257812
87.20098292900002,-1.8329538884888787,23.625506734903034,-15.038726806640625,-2.6663394966039915,-0.17107247974477024,0.016523510217666626,-169.33663940429688
87.25047105400017,-1.9294040579256855,23.617648955087443,-15.03997802734375,-2.1864843368530273,-0.5144288539886475,-0.007357434835284948,-169.14715576171875
87.3005619190003,-2.021865701505141,23.62159759967225,-15.039474487304688,-2.7867167527347414,-0.11114407873034116,-0.0014053757768124342,-168.77633666992188
87.35014466300026,-2.178896477697567,23.609940138758077,-15.036529541015625,-2.1913487911224365,-0.5180668830871582,0.04012298956513405,-168.51864624023438
87.40063867300023,-2.271759651766393,23.61219849337016,-15.033889770507812,-2.8011073267766236,-0.12095989434187765,0.07566576451063156,-168.15638732910156
87.45024055900012,-2.4463499553659256,23.59782921147966,-15.023086547851562,-2.1915791034698486,-0.4983081519603729,0.07605166733264923,-167.87171936035156
87.50123325599998,-2.532588446113444,23.5959954978514,-15.0189208984375,-2.1721487045288086,-0.5256792902946472,0.08040299266576767,-167.60606384277344
87.55032973700008,-2.693900859148699,23.58293768001508,-15.008544921875,-2.161193370819092,-0.5518159866333008,0.07265573740005493,-167.22946166992188
87.600831406,-2.7784309929550934,23.57789994218728,-15.003799438476562,-2.16037654876709,-0.5350990891456604,0.058124441653490067,-166.97369384765625
87.65079019700033,-2.9553250244105524,23.55608420932911,-14.993560791015625,-2.7592374940778153,-0.1836509730925125,0.05022641271352768,-166.60043334960938
87.70070711800008,-3.03829175554632,23.54814972722827,-14.988525390625,-2.136475086212158,-0.5740658640861511,0.060379914939403534,-166.3468475341797
87.7501569240003,-3.19701107733872,23.524831654425086,-14.980178833007812,-2.7636917977091366,-0.22959689793069538,0.03257569670677185,-165.962646484375
87.800312588,-3.280130887702265,23.516508528631153,-14.974349975585938,-2.141432523727417,-0.6212803721427917,0.013774734921753407,-165.7052764892578
87.85072467600003,-3.4519503146209827,23.48739296058911,-14.963516235351562,-2.802354802509883,-0.2667141144321316,-0.018633674830198288,-165.37466430664062
87.9005442900002,-3.5359088789738724,23.47722379564455,-14.959991455078125,-2.1427392959594727,-0.6846200227737427,-0.03141864016652107,-165.1165008544922
87.95067281399997,-3.691215033549735,23.441943425272832,-14.959121704101562,-2.1579372882843018,-0.6646098494529724,-0.02253086306154728,-164.8430938720703
88.00024072800034,-3.785506449013597,23.4339727365677,-14.95880126953125,-2.1566410064697266,-0.6601417064666748,-0.013150052167475224,-164.45323181152344
88.05024981299994,-3.873249645743426,23.42283190613308,-14.958663940429688,-2.1505935192108154,-0.647377073764801,0.001792113995179534,-164.1698455810547
88.100448572,-4.0562073975348305,23.39075229097846,-14.962112426757812,-2.743146556091057,-0.32021462337160916,0.00461188517510891,-163.78623962402344
88.15021796500014,-4.140687661620787,23.37778385744677,-14.963607788085938,-2.154782295227051,-0.6606869697570801,-0.006510111968964338,-163.56918334960938
88.20059538600026,-4.308787681241649,23.34874124313355,-14.96478271484375,-2.6719636970746667,-0.40300371207241537,-0.014088759198784828,-163.19810485839844
88.25086765700007,-4.396142185997302,23.334786006037533,-14.964614868164062,-2.1367690563201904,-0.7111428380012512,-0.008955622091889381,-162.95486450195312
88.30117451100023,-4.580581294362409,23.291108196063263,-14.967071533203125,-2.5736892075054225,-0.5371994312633608,-0.02521962672472,-162.62863159179688
88.351064297,-4.671163927845294,23.272724327867795,-14.97039794921875,-2.121617555618286,-0.7872103452682495,-0.050592828541994095,-162.3895263671875
88.40023744500013,-4.832851558370784,23.225838720863237,-14.977310180664062,-2.1094651222229004,-0.8280697464942932,-0.049270957708358765,-162.17782592773438
88.45060867300026,-4.931038867756262,23.206829653766082,-14.98004150390625,-2.873921219710154,-0.5014015178152988,-0.06955564022064209,-161.80764770507812
88.50054518300021,-5.109683173416277,23.1413547267315,-14.987472534179688,-2.08445143699646,-0.920880913734436,-0.07917290180921555,-161.57579040527344
88.550472765,-5.2061742722548425,23.12143260271281,-14.990814208984375,-2.580091778573309,-0.6946274955489309,-0.07342230528593063,-161.19708251953125
88.60065634600005,-5.38368008244902,23.0619530276282,-14.997451782226562,-2.092193365097046,-0.9174016714096069,-0.0706973746418953,-160.92706298828125
88.6508536020001,-5.460663605107876,23.051158602727384,-14.999771118164062,-2.83433651724656,-0.5627840389724854,-0.07602857798337936,-160.5659637451172
88.7009015120002,-5.564186941571498,23.021580209173294,-15.002349853515625,-2.0851101875305176,-0.8886693716049194,-0.07399839162826538,-160.34877014160156
88.75072803100011,-5.730451552432102,22.975146241144834,-15.004165649414062,-2.747546232162303,-0.5929449469167177,-0.07597183436155319,-160.0142822265625
88.800810275,-5.815660326764974,22.952380892276647,-15.005020141601562,-2.062828540802002,-0.9211640357971191,-0.07853645086288452,-159.7992706298828
88.85159646000011,-5.971889491810597,22.90216707298604,-14.999801635742188,-2.080601215362549,-0.8961760401725769,-0.11984413862228394,-159.5634765625
88.90134812800034,-6.086064401838045,22.878592517139797,-14.998687744140625,-2.9931315980653537,-0.5008719064719409,-0.12314226478338242,-159.16586303710938
88.9514759650001,-6.241462062032015,22.826628392266354,-14.99774169921875,-2.6554529662987307,-0.6971443557764685,-0.10936211049556732,-158.92774963378906
89.00144524400002,-6.326025225796665,22.802370150286457,-14.997543334960938,-2.0223288536071777,-0.986188530921936,-0.08515629172325134,-158.69790649414062
89.0516720380001,-6.480920775192711,22.747595791815684,-14.996688842773438,-2.5686204106878208,-0.7603115291621323,-0.08325668424367905,-158.4227752685547
89.10048089200018,-6.593672956063036,22.718963485911033,-14.99566650390625,-1.9898507595062256,-1.0363008975982666,-0.0994749367237091,-158.0197296142578
89.15128455700005,-6.753572261850105,22.662378780581374,-14.99603271484375,-1.9531826972961426,-1.0904234647750854,-0.11102896928787231,-157.6451873779297
89.20100080800012,-6.835357737202881,22.63576245635945,-14.997024536132812,-1.946689248085022,-1.0694828033447266,-0.10660430788993835,-157.42140197753906
89.25052951099997,-6.9900851290132255,22.58208868047583,-14.99957275390625,-1.9374170303344727,-1.0432456731796265,-0.09267281740903854,-157.1024169921875
89.30106146000026,-7.090197378411571,22.55025413051814,-15.001052856445312,-1.9157803058624268,-1.0579489469528198,-0.08203823864459991,-156.83425903320312
89.35028274000024,-7.249588808924477,22.502057859472554,-15.000701904296875,-2.4829877982149533,-0.8397398964378177,-0.08290290832519531,-156.4584197998047
89.40041220400008,-7.331547545597655,22.478932336371813,-15.001358032226562,-1.8891421556472778,-1.0612401962280273,-0.09729419648647308,-156.23284912109375
89.45043082000029,-7.423923623218884,22.45943620843379,-15.0028076171875,-2.5053224092287927,-0.8344206671634936,-0.10790923982858658,-155.8446502685547
89.50069679300032,-7.58651314090189,22.398283656626152,-15.006072998046875,-1.8593966960906982,-1.120654821395874,-0.10835433751344681,-155.62606811523438
89.55030751000004,-7.6757127041545825,22.376211157400256,-15.008590698242188,-2.5792305351798976,-0.8457611374222549,-0.11555217951536179,-155.2694549560547
89.60019315699992,-7.820536276187181,22.324085142804954,-15.009841918945312,-1.8561978340148926,-1.0985697507858276,-0.0786810889840126,-155.02987670898438
89.65074953700014,-7.8978659599967,22.301615391013353,-15.009124755859375,-1.8636265993118286,-1.074447512626648,-0.0582621730864048,-154.8370361328125
89.70029503200021,-8.063253518911576,22.247670612097686,-15.005523681640625,-1.8469706773757935,-1.0650618076324463,-0.0261930450797081,-154.49880981445312
89.75066027100002,-8.145365985530937,22.2263777497485,-15.002044677734375,-1.834551453590393,-1.0919846296310425,-0.02942797727882862,-154.19468688964844
89.80035990000033,-8.294167797193403,22.177042230212134,-14.995742797851562,-2.4972444761685866,-0.8568447309047654,-0.04193573072552681,-153.810302734375
89.85048811600018,-8.376689225236701,22.15568876448586,-14.994476318359375,-1.866473913192749,-1.0588322877883911,-0.01838790811598301,-153.51304626464844
89.90027471500025,-8.540267653976517,22.099408270482513,-14.992233276367188,-2.392378528693018,-0.9067857110445976,-0.02126426063477993,-153.1382598876953
89.95028736700033,-8.618447054454638,22.07476259802384,-14.991668701171875,-1.828839659690857,-1.0880591869354248,-0.025365686044096947,-152.8806915283203
90.00074424100012,-8.766621177108087,22.024241854098534,-14.988113403320312,-2.456891203291864,-0.8883325694907676,-0.048602305352687836,-152.5149383544922
90.05107515600002,-8.844765812240986,21.998944860089146,-14.987380981445312,-1.8305658102035522,-1.1064081192016602,-0.07485473155975342,-152.26742553710938
90.10047089699992,-9.00989345285618,21.935867909136586,-14.98333740234375,-2.5006129286567775,-0.9120194625133938,-0.056972749531269073,-151.90176391601562
90.15108304000023,-9.090404354454947,21.909751030913466,-14.98052978515625,-1.8420675992965698,-1.092086911201477,-0.04036843776702881,-151.64117431640625
90.20014182800014,-9.17147899415357,21.883862274513543,-14.977859497070312,-1.8353071212768555,-1.0920194387435913,-0.04707259684801102,-151.37257385253906
90.25034069200001,-9.320039589426191,21.832394242679662,-14.970626831054688,-2.4148489657834906,-0.926768230287999,-0.042842332273721695,-151.02755737304688
90.3004430230003,-9.40133490256444,21.808968621948786,-14.966033935546875,-1.821553111076355,-1.0802545547485352,0.011346136219799519,-150.7518768310547
90.35015799200028,-9.563522152825211,21.749711406095226,-14.954864501953125,-2.5031747932375357,-0.9259389159247653,-0.02679927460849285,-150.38485717773438
90.40030175099992,-9.642554896318725,21.726192611288504,-14.949874877929688,-1.8268882036209106,-1.0892406702041626,-0.025131288915872574,-150.11245727539062
90.45065151600011,-9.789998208990355,21.67380035600987,-14.94171142578125,-2.596606833944064,-0.9065224032922663,-0.035428550094366074,-149.71214294433594
90.50108103899993,-9.866869451432395,21.649661213474083,-14.93463134765625,-1.7797303199768066,-1.1493339538574219,-0.018888171762228012,-149.4633026123047
90.55047026300008,-10.017186959355985,21.585102606120234,-14.92138671875,-1.7861583232879639,-1.1652415990829468,-0.034077584743499756,-149.1959686279297
90.60085488000004,-10.099619726194835,21.55878139397001,-14.91656494140625,-1.7774860858917236,-1.196042537689209,-0.05732212960720062,-148.86134338378906
90.65028428899996,-10.230797277994565,21.493061143387756,-14.904876708984375,-1.7456083297729492,-1.2450944185256958,-0.05273663252592087,-148.64675903320312
90.70061047100035,-10.314706282213823,21.463476773757172,-14.900054931640625,-2.295122567076271,-1.1298741516170234,-0.05560718849301338,-148.2743682861328
90.75062129800017,-10.462058230139512,21.389074278024715,-14.8885498046875,-1.7250761985778809,-1.2822786569595337,-0.0835001990199089,-148.0535125732422
90.80149599200013,-10.545511198383478,21.359575478168278,-14.884201049804688,-2.3257195753151763,-1.1795846485216472,-0.08135414123535156,-147.70730590820312
90.85387867999998,-10.619652151725225,21.326702341941473,-14.880477905273438,-2.354713169391417,-1.1705726673666679,-0.07312826812267303,-147.48548889160156
90.90149271100017,-10.747732301557827,21.254158220918477,-14.873367309570312,-1.7223984003067017,-1.3382107019424438,-0.10332854837179184,-147.34832763671875
90.9516561710002,-10.835661173890314,21.20867237924898,-14.870346069335938,-1.7128955125808716,-1.3436771631240845,-0.10799472033977509,-147.13803100585938
91.00040050799998,-10.988352167605182,21.138947965388724,-14.868194580078125,-5.721857731631806,-0.5235620240560145,-0.1651829332113266,-146.66397094726562
91.05032009000024,-11.07557063300557,21.106712480679903,-14.867828369140625,-2.3712720993815313,-1.2088622598142034,-0.15015394985675812,-146.29269409179688
91.10109839200004,-11.211528463163551,21.03335870923918,-14.865997314453125,-1.7259687185287476,-1.3408927917480469,-0.14509892463684082,-146.04246520996094
91.1504630720001,-11.310992367876018,20.99151183058951,-14.86322021484375,-2.4755316751410454,-1.2157011270035656,-0.13541953265666962,-145.6307373046875
91.20041040100023,-11.440957055715929,20.916299017671715,-14.86065673828125,-1.6882137060165405,-1.3787378072738647,-0.1389664262533188,-145.35638427734375
91.25077401499993,-11.522442514266979,20.88068652083664,-14.858139038085938,-2.4081821836352915,-1.2718407790312285,-0.14700254797935486,-144.98977661132812
91.30040926099991,-11.649710242189483,20.800665965969547,-14.851669311523438,-1.6404906511306763,-1.4545702934265137,-0.14223302900791168,-144.7327117919922
91.35040925200019,-11.743741281621084,20.75068281813534,-14.849090576171875,-2.3971130968406476,-1.3522989719385443,-0.13509060442447662,-144.3502197265625
91.40050843400013,-11.86932691596666,20.668035517847535,-14.841339111328125,-1.6152368783950806,-1.4756687879562378,-0.14795604348182678,-144.09744262695312
91.45022043600011,-11.94032810730011,20.62732677849393,-14.838882446289062,-1.6060060262680054,-1.4855482578277588,-0.15940484404563904,-143.8566131591797
91.500393068,-12.071391426712605,20.54813741231371,-14.836151123046875,-1.6197130680084229,-1.4864696264266968,-0.16583609580993652,-143.489013671875
91.55050182000014,-12.152744370603866,20.501253013298694,-14.834991455078125,-1.6296216249465942,-1.4690220355987549,-0.1670682281255722,-143.2608642578125
91.60064413200007,-12.28830079517794,20.426460018494485,-14.836990356445312,-2.606191101104309,-1.3244532555052286,-0.18417277932167053,-142.8218994140625
91.65067552300025,-12.355310359744935,20.392037551616667,-14.838058471679688,-1.6079946756362915,-1.46799898147583,-0.15879100561141968,-142.60626220703125
91.70047173500006,-12.48287271911669,20.31848841768319,-14.838272094726562,-2.3785148597511183,-1.379564202842464,-0.11468979716300964,-142.2481689453125
91.7513063880001,-12.561973827542673,20.27096346834601,-14.838333129882812,-1.5875531435012817,-1.4954720735549927,-0.0982394739985466,-142.041015625
91.8016461760003,-12.62924910238978,20.233231840842883,-14.837081909179688,-2.128645890394486,-1.4095822314278514,-0.07145118713378906,-141.82533264160156
91.85132700500026,-12.750777279656393,20.15392255053728,-14.835113525390625,-2.7687784049911275,-1.3553032035179102,-0.09708784520626068,-141.57034301757812
91.90129421200027,-12.819635903871905,20.11352241679632,-14.833343505859375,-2.4913598540434023,-1.4127862585691537,-0.11732608824968338,-141.33934020996094
91.95071881800004,-12.971165292647946,20.01962280129578,-14.82965087890625,-3.761691507135151,-1.269658729845761,-0.1112201064825058,-140.86524963378906
92.00040338100007,-13.040350459929261,19.97769365247747,-14.828475952148438,-1.589532494544983,-1.4909048080444336,-0.0823867917060852,-140.6304168701172
92.05019891000029,-13.172362260964933,19.891048595924495,-14.817398071289062,-2.0361531496988166,-1.4737054226147903,-0.14059017598628998,-140.29795837402344
92.10114726700021,-13.24682216017694,19.847339123831844,-14.814315795898438,-1.6019070148468018,-1.5159035921096802,-0.14974215626716614,-140.0184326171875
92.15072307200035,-13.318732505839622,19.8033015517006,-14.812271118164062,-1.5978087186813354,-1.5292152166366577,-0.15214455127716064,-139.76573181152344
92.20084074000033,-13.458511845786884,19.702232849089615,-14.8115234375,-1.5902931690216064,-1.557281494140625,-0.18083438277244568,-139.44146728515625
92.25035415699995,-13.528101974750541,19.65663704111356,-14.813262939453125,-1.5897791385650635,-1.5721079111099243,-0.22041691839694977,-139.19757080078125
92.30130611899995,-13.660281576552068,19.56703042814216,-14.817947387695312,-2.159699762774604,-1.5150394334484771,-0.1922454833984375,-138.8015594482422
92.35033402499994,-13.728625944749249,19.521844066862165,-14.819992065429688,-1.6016168594360352,-1.572783350944519,-0.19014444947242737,-138.56878662109375
92.40134902999989,-13.870685576190933,19.417879485382976,-14.821380615234375,-2.3017368318940035,-1.6201182805918277,-0.16724301874637604,-138.15940856933594
92.4507304990002,-13.936079873063182,19.372334923265143,-14.81988525390625,-1.5263986587524414,-1.6817866563796997,-0.16500309109687805,-137.927490234375
92.5007810510001,-14.060562865040197,19.278267907151793,-14.819168090820312,-2.2799238153304247,-1.6420680317718852,-0.18655064702033997,-137.55113220214844
92.5504815080003,-14.128122461668081,19.231281365648552,-14.815383911132812,-1.5434229373931885,-1.6692501306533813,-0.17976972460746765,-137.27975463867188
92.6006574170001,-14.252958363829663,19.12131612342784,-14.809066772460938,-1.517179012298584,-1.6817786693572998,-0.15294626355171204,-137.02748107910156
92.65085364100014,-14.32933270760597,19.072226204234084,-14.807022094726562,-1.5175162553787231,-1.6856207847595215,-0.15592224895954132,-136.63198852539062
92.70089650199998,-14.443041610696675,18.973078698607903,-14.80291748046875,-1.5085958242416382,-1.7195924520492554,-0.17961275577545166,-136.39854431152344
92.75032900900032,-14.519596786968535,18.922043610239285,-14.80279541015625,-2.263036507262087,-1.7138529042969521,-0.18934139609336853,-136.00869750976562
92.80084490800027,-14.645542767678656,18.80558161960428,-14.799530029296875,-1.5466691255569458,-1.6932125091552734,-0.18058033287525177,-135.77183532714844
92.8504966810001,-14.72256516178676,18.753870454571867,-14.798446655273438,-2.2276977841635945,-1.7087925977040863,-0.18080981075763702,-135.39315795898438
92.90110642300033,-14.838830053534235,18.6487804343428,-14.796173095703125,-1.496630311012268,-1.7671160697937012,-0.19087594747543335,-135.13088989257812
92.95021249899992,-14.916423516105114,18.597166205473282,-14.794479370117188,-2.181397100895064,-1.7652056980230457,-0.18113872408866882,-134.7393035888672
93.0002503640003,-14.993658325183736,18.53123437742154,-14.793121337890625,-1.485173225402832,-1.787811517715454,-0.18524326384067535,-134.50865173339844
93.05014702900007,-15.114049742583417,18.42547772905072,-14.792236328125,-2.228894574401016,-1.8293413842000543,-0.18188945949077606,-134.14573669433594
93.10012967500006,-15.178422298355729,18.37285661328514,-14.791854858398438,-2.2938317826012056,-1.8199886585545135,-0.17954616248607635,-133.89407348632812
93.15075651699999,-15.289135509833018,18.266928479181157,-14.791900634765625,-1.463228702545166,-1.795906662940979,-0.18103007972240448,-133.63609313964844
93.20051302899992,-15.372875876351793,18.19888442796213,-14.789962768554688,-2.159342486595583,-1.8316399796962792,-0.17665691673755646,-133.2738494873047
93.25056415900008,-15.4826225084409,18.088162952175868,-14.7896728515625,-1.420216679573059,-1.833383560180664,-0.18315871059894562,-133.0131072998047
93.30041722600026,-15.555166448119415,18.031067056147933,-14.790786743164062,-2.152193565993233,-1.8885874141560988,-0.1906036138534546,-132.64259338378906
93.35060830200018,-15.663259989300128,17.91803058322672,-14.793426513671875,-1.4092704057693481,-1.8371672630310059,-0.16862328350543976,-132.4086151123047
93.40083037300019,-15.736967305002343,17.84601423238978,-14.796066284179688,-1.418156385421753,-1.8507335186004639,-0.1842900812625885,-132.1832275390625
93.45038795300025,-15.855522537108676,17.729744989776314,-14.797744750976562,-2.318504419154708,-1.9072799896651735,-0.17443279922008514,-131.814453125
93.50113600500026,-15.918511715661685,17.670453804030032,-14.798492431640625,-1.3927596807479858,-1.8671553134918213,-0.1606486439704895,-131.571044921875
93.55029506900019,-15.989317951574417,17.6106415577173,-14.799880981445312,-2.218095912064952,-1.8959550859648402,-0.17279523611068726,-131.22076416015625
93.60023807300013,-16.111827419476725,17.48031101672631,-14.80474853515625,-1.4349194765090942,-1.8475120067596436,-0.21722275018692017,-130.9950714111328
93.65106098600018,-16.17700756040797,17.42100283432984,-14.80859375,-1.4285314083099365,-1.8514609336853027,-0.2304946482181549,-130.74729919433594
93.70051586299996,-16.29738025969821,17.303703073332734,-14.813552856445312,-2.1023632921897573,-1.8973391020777837,-0.25349900126457214,-130.38516235351562
93.75107381299995,-16.363509518090606,17.243746242365734,-14.815170288085938,-1.4202030897140503,-1.8576587438583374,-0.2368873953819275,-130.10694885253906
93.80061084499994,-16.49217328209501,17.11044819377012,-14.819061279296875,-1.9717664251546159,-1.9165851250573513,-0.23339615762233734,-129.751953125
93.85081189500033,-16.553254811781205,17.0508396809283,-14.819976806640625,-1.3800480365753174,-1.9035769701004028,-0.2538069486618042,-129.5314178466797
93.900965498,-16.66663651242757,16.929784265599697,-14.821685791015625,-1.9097882997925832,-1.97886242548904,-0.1842794567346573,-129.1637420654297
93.95061783500023,-16.726079634444307,16.867244749916715,-14.820938110351562,-1.2989721298217773,-1.9320851564407349,-0.19185297191143036,-128.92681884765625
94.00089882100019,-16.84528120950857,16.725577775032097,-14.820587158203125,-1.816431714044047,-2.007529849363457,-0.208054780960083,-128.5644073486328
94.05042850400014,-16.901472880482928,16.661954536165425,-14.821578979492188,-1.269019365310669,-1.9455353021621704,-0.17960332334041595,-128.35479736328125
94.10110500600013,-16.960539067975013,16.597689528602064,-14.822189331054688,-1.3053804636001587,-1.9313709735870361,-0.19178816676139832,-128.12527465820312
94.15035441000009,-17.074034465732318,16.47033579692612,-14.823638916015625,-1.2848269939422607,-1.930037498474121,-0.14911150932312012,-127.73424530029297
94.20109154800002,-17.137888208325805,16.40586845943828,-14.823806762695312,-1.2917494773864746,-1.9275765419006348,-0.17057347297668457,-127.44800567626953
94.25028748900013,-17.268276214926466,16.262485718819505,-14.818695068359375,-2.0969939740575345,-2.063207709386099,-0.15436160564422607,-127.0080337524414
94.30034108400014,-17.326837662595697,16.198679145790074,-14.817245483398438,-1.3008869886398315,-1.9138308763504028,-0.1373930275440216,-126.80278015136719
94.35030415700021,-17.442467725375238,16.071685085429237,-14.808609008789062,-1.952013838497289,-1.9956024715384595,-0.10380463302135468,-126.4136962890625
94.40106321100029,-17.50609130370649,16.008487114698134,-14.803802490234375,-2.2928166139804085,-2.018571232108187,-0.10855373740196228,-126.15289306640625
94.45071820600015,-17.62233914250368,15.871223509697282,-14.792877197265625,-1.3214133977890015,-1.8907182216644287,-0.10792165249586105,-125.93087005615234
94.50312671500023,-17.68600131096044,15.808487488118697,-14.786575317382812,-1.3276665210723877,-1.8820102214813232,-0.09862950444221497,-125.65982055664062
94.55151310300016,-17.748434974932657,15.746198914945955,-14.781326293945312,-1.9297019176868542,-1.9838571066052408,-0.13062825798988342,-125.40841674804688
94.60012415200026,-17.8702167539783,15.620048113257386,-14.772872924804688,-3.755021911319484,-2.341263672247805,-0.12209701538085938,-124.94338989257812
94.6507520590003,-17.986028801962554,15.47812935428023,-14.766128540039062,-1.2300759553909302,-1.9382028579711914,-0.10766911506652832,-124.67890930175781
94.70093932000009,-18.051320676784638,15.411363685813827,-14.7633056640625,-1.8513386570535233,-2.05322901952528,-0.11252539604902267,-124.34371185302734
94.75062695399993,-18.144108439756998,15.282705344680066,-14.75665283203125,-1.1771138906478882,-1.964780569076538,-0.10013607889413834,-124.12158966064453
94.80062385500014,-18.20866866129275,15.214286877174462,-14.75457763671875,-2.027715315166132,-2.121141800330432,-0.12021079659461975,-123.75343322753906
94.85106956800018,-18.2708873712767,15.132320268897839,-14.752456665039062,-1.160746693611145,-1.9815165996551514,-0.1424257904291153,-123.55194091796875
94.9005204099999,-18.36720488843099,15.001795015456702,-14.750701904296875,-1.172314167022705,-1.9751731157302856,-0.16609688103199005,-123.28534698486328
94.95038832699993,-18.430233179904594,14.93322869746257,-14.750808715820312,-1.142472743988037,-1.992252230644226,-0.17459239065647125,-122.94286346435547
95.00043669000024,-18.52396228405126,14.799215605793027,-14.74908447265625,-1.107128620147705,-2.0132784843444824,-0.1960940659046173,-122.70061492919922
95.05109414300023,-18.59990991399274,14.711160836414653,-14.74981689453125,-1.691053463955189,-2.136347759933151,-0.1992742419242859,-122.29444885253906
95.1006804120002,-18.69011405365456,14.57960384678439,-14.753372192382812,-1.057926893234253,-2.0208094120025635,-0.26269739866256714,-122.0169677734375
95.15034017100015,-18.753183325388644,14.50991510909067,-14.756179809570312,-1.7044521862744668,-2.1872593061703887,-0.2443809062242508,-121.59457397460938
95.20052174800003,-18.834655836916216,14.37988412381414,-14.762313842773438,-1.016433835029602,-2.0169496536254883,-0.24636711180210114,-121.36019134521484
95.25012347600023,-18.902113510087478,14.28980923113587,-14.766159057617188,-1.776154112622366,-2.215081296376974,-0.2304641753435135,-120.96794128417969
95.3007941169999,-18.98129068840351,14.152486161101331,-14.771438598632812,-0.9760578870773315,-2.0208091735839844,-0.1960141807794571,-120.71746826171875
95.35063179400004,-19.029493711100685,14.081836591690685,-14.772552490234375,-0.9587591886520386,-2.02675461769104,-0.18322966992855072,-120.47159576416016
95.40120929900013,-19.116311826628568,13.942864825134013,-14.7740478515625,-1.5488953696893921,-2.200384998059935,-0.18496426939964294,-120.10731506347656
95.45076126499998,-19.172301116679755,13.855053595286169,-14.775482177734375,-1.7679537644786079,-2.2662867233713944,-0.16844719648361206,-119.84140014648438
95.50295701699997,-19.223141090997842,13.784411384769811,-14.779449462890625,-0.9193652868270874,-2.036748170852661,-0.18126444518566132,-119.57337951660156
95.55123651300028,-19.317926234032534,13.645327909017375,-14.79046630859375,-1.6493502914222438,-2.206199633514473,-0.20112232863903046,-119.16291809082031
95.6001503110001,-19.37500243241916,13.57367613215311,-14.797134399414062,-3.4710069305246094,-2.7387390680413373,-0.23372893035411835,-118.83926391601562
95.65120937700021,-19.472879373363018,13.429281035870549,-14.809707641601562,-1.0451087951660156,-1.983702540397644,-0.230946347117424,-118.60423278808594
95.7008796099999,-19.523732753030668,13.36265523841241,-14.815185546875,-1.0369268655776978,-1.9953685998916626,-0.21804077923297882,-118.39031219482422
95.75022403699995,-19.614867382686214,13.23369554363558,-14.825653076171875,-1.5343404189464853,-2.106533105795435,-0.21693585813045502,-118.09061431884766
95.80112016600015,-19.664126041602017,13.168335361954,-14.831405639648438,-1.0401031970977783,-1.9711233377456665,-0.24722567200660706,-117.88560485839844
95.85054459699995,-19.762458458346128,13.0224004812302,-14.846023559570312,-1.5362280652835123,-2.1370674539933296,-0.2549402713775635,-117.5662612915039
95.90020373900006,-19.812546834315796,12.955736873753585,-14.850936889648438,-1.0060417652130127,-1.973884105682373,-0.22972680628299713,-117.33187866210938
95.95030852700029,-19.904770060574158,12.822702841458023,-14.859344482421875,-1.6019033262461178,-2.210660315574747,-0.19413967430591583,-116.93657684326172
96.00024763400006,-19.94798207104541,12.75825106484058,-14.8616943359375,-0.9540278911590576,-1.9851142168045044,-0.18600448966026306,-116.75759887695312
96.05035648000012,-20.045841621091448,12.613698395525075,-14.865966796875,-1.6808936192792,-2.242164122927223,-0.16548743844032288,-116.33073425292969
96.10063141,-20.092619284730695,12.546917506947063,-14.867706298828125,-0.9076696038246155,-1.9858248233795166,-0.13734567165374756,-116.07755279541016
96.15148113100031,-20.140992255260155,12.479247413212642,-14.868515014648438,-0.8943232893943787,-1.9829797744750977,-0.11384185403585434,-115.81475830078125
96.20023544000014,-20.228135409448235,12.346718507761986,-14.869186401367188,-0.8657673001289368,-1.9774166345596313,-0.07908664643764496,-115.40872955322266
96.25024179599995,-20.275999502382483,12.278434136582842,-14.868438720703125,-0.8451923131942749,-1.9865586757659912,-0.06663694977760315,-115.13465881347656
96.30091981500027,-20.366058028252475,12.12983822717786,-14.86444091796875,-1.539318866932673,-2.242521314125503,-0.11632224172353745,-114.76348114013672
96.35013486700018,-20.411644865065636,12.061275405129916,-14.864410400390625,-0.8593717217445374,-2.010460138320923,-0.1380954086780548,-114.5248794555664
96.40030856600015,-20.50055169755084,11.92237612796822,-14.8648681640625,-1.6578391337106564,-2.335225287488691,-0.15711456537246704,-114.08914947509766
96.45025921800016,-20.54910130118092,11.851471263981143,-14.865570068359375,-0.8448463678359985,-2.010913848876953,-0.14815647900104523,-113.8163833618164
96.50057731600009,-20.64021903474728,11.698673731001737,-14.866012573242188,-1.4996945671507367,-2.29206800237738,-0.12120314687490463,-113.44638061523438
96.55097319900005,-20.686441663327166,11.629008612717108,-14.865997314453125,-0.7953541874885559,-2.0240399837493896,-0.13878953456878662,-113.19635772705078
96.60057356800007,-20.75783493847524,11.495524205644163,-14.86749267578125,-0.7715120315551758,-2.046168088912964,-0.1229034885764122,-112.9649429321289
96.65089395099994,-20.808758490710858,11.423530700935569,-14.869049072265625,-1.5136215238716613,-2.3638786668655007,-0.1290246546268463,-112.6016845703125
96.70095828800004,-20.884578268678034,11.274805673549166,-14.875045776367188,-0.7380117177963257,-2.0689687728881836,-0.1664164662361145,-112.32982635498047
96.75018342200019,-20.93221366863851,11.200936372390249,-14.8790283203125,-1.2778992845100912,-2.3108243571886935,-0.16473685204982758,-111.99324035644531
96.80074875400032,-20.997832733187373,11.061052039049184,-14.88720703125,-0.7348161935806274,-2.0757205486297607,-0.13620850443840027,-111.74049377441406
96.85059269400017,-21.050121145785926,10.982580545770485,-14.891006469726562,-1.481945627444529,-2.4158624720001027,-0.1306510716676712,-111.33009338378906
96.90058679100002,-21.09916834048693,10.891907922721277,-14.893539428710938,-0.7092652320861816,-2.092594861984253,-0.1123724952340126,-111.07025146484375
96.95048498799997,-21.17533576897695,10.74634640020448,-14.8961181640625,-1.2636105012642753,-2.37547267662477,-0.1404636800289154,-110.69188690185547
97.00089960300011,-21.216829889204526,10.671386876121343,-14.898101806640625,-0.7090122699737549,-2.1185314655303955,-0.15613678097724915,-110.44623565673828
97.05083164400003,-21.278556699783092,10.528925827553177,-14.89971923828125,-0.6702482104301453,-2.1409614086151123,-0.1560828983783722,-110.21764373779297
97.10128128299993,-21.330767470180284,10.432293154310251,-14.901138305664062,-1.3425332069474853,-2.4574157809680295,-0.14185188710689545,-109.85545349121094
97.15087974400012,-21.390393436893387,10.289485643080699,-14.902908325195312,-0.6641672253608704,-2.1255390644073486,-0.11631810665130615,-109.60912322998047
97.20115064900028,-21.43791164725294,10.209985931428871,-14.9039306640625,-1.3079314597237324,-2.433386830150668,-0.13365411758422852,-109.2155990600586
97.25120061899997,-21.50107040210155,10.050887592014934,-14.905288696289062,-0.626282274723053,-2.1272616386413574,-0.09385336935520172,-108.96143341064453
97.30035396600033,-21.546665398595657,9.97259175955907,-14.903518676757812,-1.3590464895292045,-2.4837356759362934,-0.08833018690347672,-108.5899658203125
97.3504124760002,-21.601686918426708,9.831711612107323,-14.900894165039062,-0.6106262803077698,-2.1389381885528564,-0.08878815919160843,-108.36579132080078
97.4003632910003,-21.644448446013133,9.751429790530802,-14.90118408203125,-1.3390391627871758,-2.496647647794764,-0.10276380926370621,-108.01616668701172
97.450240012,-21.696602389203775,9.604154920812741,-14.90228271484375,-0.5645797252655029,-2.1394433975219727,-0.08264431357383728,-107.79106903076172
97.50062491000017,-21.731836017514603,9.508292973134003,-14.903656005859375,-0.5129213929176331,-2.1665735244750977,-0.09958582371473312,-107.56029510498047
97.55087063200017,-21.771921504938838,9.42619937826542,-14.904327392578125,-1.0650803857975721,-2.451732800697469,-0.1022401824593544,-107.21843719482422
97.60110127400003,-21.81719909981885,9.281037089171031,-14.906021118164062,-0.5171108245849609,-2.1888701915740967,-0.09295567870140076,-107.08951568603516
97.65063298199993,-21.884318371529684,9.125812734509816,-14.906967163085938,-1.2818774766249887,-2.5900700219150905,-0.08434877544641495,-106.65850830078125
97.70046711100031,-21.925315328903984,9.031024009740273,-14.905899047851562,-0.4949246346950531,-2.180849552154541,-0.08034385740756989,-106.4273681640625
97.75102674100026,-21.97070183950812,8.947164462175857,-14.906112670898438,-1.2603474436348439,-2.624251615870858,-0.09772644937038422,-106.02875518798828
97.80103614600011,-22.02037449243162,8.801107580302455,-14.9063720703125,-0.46595048904418945,-2.183974027633667,-0.08340040594339371,-105.8224868774414
97.85064914900022,-22.05310565038613,8.723769782008725,-14.9063720703125,-0.4730125963687897,-2.1778171062469482,-0.09886101633310318,-105.58914184570312
97.90014472600024,-22.112980083477794,8.558105435410763,-14.908401489257812,-0.43652772903442383,-2.1736514568328857,-0.1174318939447403,-105.25726318359375
97.95017989000007,-22.146882155405276,8.482702186385465,-14.908340454101562,-0.4030580222606659,-2.173977851867676,-0.10239162296056747,-104.9994125366211
98.0003696900003,-22.204147868209738,8.33639401855645,-14.910064697265625,-1.0023625645480776,-2.5164785113091814,-0.13410145044326782,-104.6247787475586
98.05069446800007,-22.23573007663374,8.26171797485891,-14.909942626953125,-0.4090052545070648,-2.161883592605591,-0.11466296017169952,-104.39762878417969
98.10145041600026,-22.297024458323673,8.098731584160237,-14.910064697265625,-1.0771724626825607,-2.5586343799680913,-0.12595751881599426,-104.04183959960938
98.15099148900026,-22.32997729019272,8.022252331084086,-14.910614013671875,-0.8207609655863433,-2.3904330995935883,-0.10397899150848389,-103.78218078613281
98.20334784600027,-22.362547637489595,7.944422387506023,-14.911422729492188,-1.5874769521446592,-2.865284085172945,-0.0843873918056488,-103.52574920654297
98.25074808799991,-22.417288657362295,7.794802957864183,-14.911666870117188,-0.43420374393463135,-2.133021593093872,-0.06043006479740143,-103.16492462158203
98.30135995899991,-22.451642713918524,7.715622491539866,-14.911636352539062,-0.3888731896877289,-2.1478071212768555,-0.05177398771047592,-102.85811614990234
98.35093840900026,-22.50145873194138,7.55398220734836,-14.91253662109375,-0.7157996840933196,-2.395891703860025,-0.08455551415681839,-102.51203155517578
98.4011131000002,-22.52689056536443,7.478323484399885,-14.914199829101562,-0.3267116844654083,-2.1663663387298584,-0.09688973426818848,-102.2877426147461
98.45035534599992,-22.57173868436939,7.331539638835703,-14.912261962890625,-0.8489234679500229,-2.536298086257279,-0.08799275010824203,-101.92326354980469
98.5004192360002,-22.594960372798525,7.257002786891887,-14.9111328125,-0.2962609827518463,-2.170820951461792,-0.10036423057317734,-101.72221374511719
98.55022992100021,-22.64183900230061,7.091853359140632,-14.913619995117188,-0.8362586385215374,-2.520781909040985,-0.13652825355529785,-101.35662078857422
98.60062926899991,-22.66817382138679,7.014635097984531,-14.917037963867188,-0.29863426089286804,-2.1608779430389404,-0.14701223373413086,-101.10954284667969
98.65070027000002,-22.715525607843873,6.862327231753765,-14.923934936523438,-0.9839239405529713,-2.6316130488776173,-0.13157331943511963,-100.69524383544922
98.70113091600024,-22.743683735717337,6.7853152146252205,-14.9263916015625,-0.33323702216148376,-2.1572370529174805,-0.11209148913621902,-100.45639038085938
98.75076788300021,-22.78865289731075,6.624289230731776,-14.931060791015625,-0.3289387822151184,-2.1502935886383057,-0.11293116956949234,-100.21215057373047
98.80028559500033,-22.822738455959886,6.543470406093831,-14.932830810546875,-0.7661229885624177,-2.4588097628406613,-0.11177153140306473,-99.87603759765625
98.85084123200022,-22.86686286159141,6.403433848403983,-14.931015014648438,-0.29202836751937866,-2.1502578258514404,-0.08099713176488876,-99.62247467041016
98.90019208300009,-22.904079829983907,6.320581882604099,-14.930435180664062,-0.846557373371665,-2.5841265441737398,-0.08898088335990906,-99.21614837646484
98.95072245200026,-22.943942330722216,6.1608368249091034,-14.926498413085938,-0.21337927877902985,-2.166980743408203,-0.0441729798913002,-98.93054962158203
99.00076707300013,-22.972388811805992,6.080279181192967,-14.924484252929688,-0.802791213765988,-2.588095149656021,-0.05227270349860191,-98.6037368774414
99.05020228500007,-23.0054032140712,5.933877526355312,-14.921401977539062,-0.23716719448566437,-2.1903886795043945,-0.0846862718462944,-98.36611938476562
99.10041742600015,-23.037545725067957,5.846690316376309,-14.919876098632812,-0.7693899528076843,-2.6260987218578524,-0.09226382523775101,-97.97857666015625
99.15061442600017,-23.063297573455756,5.7462310857042596,-14.918670654296875,-0.16691812872886658,-2.225022554397583,-0.10915757715702057,-97.70507049560547
99.20039921300031,-23.096688140379513,5.590321543047633,-14.918899536132812,-0.18369314074516296,-2.2369537353515625,-0.11728188395500183,-97.41935729980469
99.2506306969999,-23.129679758710335,5.499074105564066,-14.918853759765625,-0.1407119333744049,-2.2438838481903076,-0.10564421862363815,-96.99992370605469
99.30054325099991,-23.161972320504102,5.341019176210322,-14.917724609375,-0.1847359985113144,-2.242227792739868,-0.07112228125333786,-96.72074127197266
99.35023260700018,-23.196621464362597,5.227658218635112,-14.912887573242188,-0.8202410769820911,-2.749369202999863,-0.06411167979240417,-96.29782104492188
99.40022370499992,-23.227298656901702,5.063439837489059,-14.90838623046875,-0.12334319949150085,-2.270447254180908,-0.09124696254730225,-96.00128173828125
99.45041813700027,-23.25497200669321,4.970367403052401,-14.905563354492188,-0.7054467057388869,-2.7562669316667834,-0.08402538299560547,-95.61699676513672
99.50082497700032,-23.282076549544147,4.807728016672058,-14.900421142578125,-0.10848557949066162,-2.2889182567596436,-0.12738841772079468,-95.34728240966797
99.55028078100031,-23.310194859655137,4.696084513632128,-14.899215698242188,-0.7378739124908331,-2.828620830322507,-0.1251564621925354,-94.96953582763672
99.60008577600001,-23.331728829438685,4.5385027592804015,-14.900177001953125,-0.0787973627448082,-2.3060131072998047,-0.1588273048400879,-94.73725891113281
99.65061127200033,-23.353697413048973,4.449235824261389,-14.901901245117188,-0.6462586899032335,-2.808621320411788,-0.15416528284549713,-94.40154266357422
99.70085348900011,-23.369916298843073,4.273688672761461,-14.903518676757812,0.023504918441176414,-2.3027830123901367,-0.1314847767353058,-94.13738250732422
99.75020973200026,-23.38340216065299,4.188428605060063,-14.903549194335938,0.03711875528097153,-2.3062422275543213,-0.13064835965633392,-93.86408996582031
99.8002988610001,-23.401200212370405,4.027442501507959,-14.903396606445312,-0.5328740573017485,-2.790810091417308,-0.11196387559175491,-93.50432586669922
99.85047558700035,-23.41483791175135,3.9479725684659495,-14.9012451171875,-0.0033813079353421926,-2.28753924369812,-0.1027691438794136,-93.2648696899414
99.90014174299995,-23.432742248368974,3.865267259515034,-14.899688720703125,-0.5216123990319931,-2.725522755873666,-0.10519350320100784,-92.96680450439453
99.95046112,-23.449050391309463,3.701848080265865,-14.8963623046875,-0.8199363210246444,-2.9903453370366604,-0.0868573784828186,-92.73677062988281
100.00185601600015,-23.463220305672678,3.625291898147841,-14.895309448242188,-0.018355408683419228,-2.2805919647216797,-0.1027524396777153,-92.51913452148438
100.05067785400024,-23.477709153225042,3.546536757510124,-14.895294189453125,0.014810653403401375,-2.2767999172210693,-0.12222553789615631,-92.27507019042969
100.10058259800007,-23.498967038450076,3.3938092216462943,-14.897628784179688,0.009538483805954456,-2.2730443477630615,-0.15136288106441498,-91.8922119140625
100.15200144300024,-23.511992029397874,3.3151859685149843,-14.899978637695312,-0.0010055394377559423,-2.269836664199829,-0.14285987615585327,-91.65721130371094
100.20035592100021,-23.525537765839545,3.1502282270854334,-14.905059814453125,-0.612914934594486,-2.895711206281219,-0.13522601127624512,-91.39800262451172
100.25040270699992,-23.52921433888311,3.079854928039735,-14.905990600585938,0.0366174578666687,-2.2591917514801025,-0.11084535717964172,-91.30154418945312
100.30048942600024,-23.543868053249902,2.9138480381508036,-14.909027099609375,0.04490751400589943,-2.256459951400757,-0.1075635552406311,-90.97438049316406
100.35044150300018,-23.55802098615091,2.849066451824806,-14.908798217773438,-0.1920415966508995,-2.505128304279549,-0.12119225412607193,-90.68795013427734
100.40069951300029,-23.570382489906585,2.6875546678423685,-14.90277099609375,0.00855700857937336,-2.25663685798645,-0.12685759365558624,-90.44886779785156
100.45123447900005,-23.59238138165906,2.597962956151976,-14.90118408203125,-0.5331791479181645,-2.836692349187852,-0.12098861485719681,-90.01382446289062
100.50062000300022,-23.60515028705523,2.516365239487196,-14.898880004882812,0.03519340604543686,-2.2524564266204834,-0.12064830958843231,-89.73715209960938
100.55063485000028,-23.619489600420934,2.362925826224402,-14.892623901367188,-0.39299250672019936,-2.666023086215408,-0.08434893935918808,-89.39180755615234
100.60064998500002,-23.631238396091874,2.2639105970832754,-14.889541625976562,0.026600230485200882,-2.243640184402466,-0.08984235674142838,-89.13129425048828
100.65068113400002,-23.639586647280236,2.1121489923467265,-14.884811401367188,0.11047046631574631,-2.245729923248291,-0.05392071604728699,-88.86564636230469
100.70031228300013,-23.654348326669783,2.022354141779274,-14.882904052734375,0.14462615549564362,-2.247347593307495,-0.07607046514749527,-88.48580932617188
100.75039222600026,-23.652410321043206,1.8734674529313042,-14.884979248046875,0.19452255964279175,-2.2679800987243652,-0.11892526596784592,-88.29488372802734
100.80072131599991,-23.66481474039142,1.7648204269170824,-14.889511108398438,-0.2908199326709978,-2.7813025124510533,-0.1274663209915161,-87.88758087158203
100.85110484000006,-23.665433709361217,1.6098877159205909,-14.897445678710938,0.15570954978466034,-2.292032480239868,-0.15177497267723083,-87.61997985839844
100.90090691200021,-23.676136265825107,1.5179008336300726,-14.899612426757812,-0.3051245407861072,-2.8331248512183755,-0.13797521591186523,-87.2244644165039
100.95094541300023,-23.67085598942128,1.3627667841153648,-14.903274536132812,0.16907517611980438,-2.3003716468811035,-0.12300552427768707,-86.9759750366211
101.00048447200015,-23.68204972343903,1.2493969200636252,-14.904464721679688,-0.487893503540497,-3.059162204680872,-0.11551888287067413,-86.531005859375
101.05029368100031,-23.677605780626937,1.0923418897163457,-14.90533447265625,0.18901310861110687,-2.3045480251312256,-0.11543925106525421,-86.26070404052734
101.10072691000005,-23.68078572505168,1.0073936989006658,-14.905746459960938,0.18866805732250214,-2.3114075660705566,-0.11002242565155029,-86.01669311523438
101.15076679899994,-23.68815451744123,0.9177018543483166,-14.908004760742188,-0.6683141563518638,-3.266304734404687,-0.11060600727796555,-85.65161895751953
101.20307918100025,-23.68110294885536,0.7456766903329699,-14.914642333984375,0.1580180525779724,-2.3277194499969482,-0.10217977315187454,-85.36901092529297
101.25012703099992,-23.672620788716223,0.5902198979331676,-14.914703369140625,0.17764557898044586,-2.339669704437256,-0.116042859852314,-85.1383285522461
101.3009117470001,-23.68193919585235,0.49383412046608344,-14.913436889648438,0.19074200093746185,-2.3362388610839844,-0.12436780333518982,-84.71654510498047
101.35097057300027,-23.691045524038994,0.39721630850537615,-14.912887573242188,-0.32961927476608766,-2.9892899686245857,-0.11981089413166046,-84.29742431640625
101.40052941000022,-23.669667202540055,0.22488393164540366,-14.912109375,0.25280889868736267,-2.33526611328125,-0.11175410449504852,-84.10920715332031
101.45059216400023,-23.670670556923888,0.13401206466414362,-14.912216186523438,-0.14115249937086216,-2.8519738467768754,-0.09255026280879974,-83.77837371826172
101.50022038599991,-23.64978624613066,-0.02412873089500467,-14.911087036132812,0.3276972472667694,-2.3381614685058594,-0.09136922657489777,-83.52877044677734
101.55069843699994,-23.63922250878413,-0.1061893898463695,-14.908493041992188,0.33629149198532104,-2.3326611518859863,-0.08440079540014267,-83.3333969116211
101.60039555999992,-23.61517679163445,-0.29050866124865093,-14.905380249023438,0.3999144434928894,-2.318279504776001,-0.11651401221752167,-82.91386413574219
101.65041186000008,-23.604746806851296,-0.372787988089053,-14.903121948242188,0.40140214562416077,-2.31587290763855,-0.1047312319278717,-82.6801528930664
101.70078411800023,-23.579314857856318,-0.5302474736638638,-14.89862060546875,-0.017915939456854435,-2.8619826799352204,-0.09033617377281189,-82.3270263671875
101.75058964900018,-23.57112053535711,-0.6147316448793152,-14.896759033203125,0.4085155129432678,-2.309187173843384,-0.071137435734272,-82.06533813476562
101.80061178300002,-23.542221774975626,-0.7906572052286958,-14.88568115234375,0.08655734203971516,-2.7707502570914273,-0.04020695760846138,-81.68843841552734
101.8502244880001,-23.533037916738955,-0.874051703627897,-14.881576538085938,0.4325462281703949,-2.2969460487365723,-0.05154227837920189,-81.44207000732422
101.90017992599996,-23.507974254572453,-1.0341537569337325,-14.876800537109375,-0.00619766766366181,-2.9330909770059237,-0.06458510458469391,-81.07730865478516
101.95040476400027,-23.497009174014238,-1.1179106453565373,-14.8751220703125,0.49882739782333374,-2.279677391052246,-0.05755448713898659,-80.83541107177734
102.0012355429999,-23.48651336566414,-1.2024325823563653,-14.8731689453125,0.5084040760993958,-2.2707014083862305,-0.024366701021790504,-80.58235168457031
102.05070526100008,-23.45020634358551,-1.371247028882335,-14.867050170898438,0.46882501244544983,-2.2791123390197754,-0.0590752549469471,-80.30457305908203
102.1018987780003,-23.441077902026674,-1.4554124061253888,-14.865097045898438,0.4555746614933014,-2.2853071689605713,-0.0890047624707222,-80.03195190429688
102.15076809500033,-23.413225840221138,-1.6050866717695333,-14.864349365234375,0.1692114906335454,-2.6524373084596595,-0.09305036813020706,-79.79398345947266
102.20189315100015,-23.410508527751453,-1.6934737018619175,-14.864456176757812,-0.006747512416921286,-2.8842460830209746,-0.08252185583114624,-79.43893432617188
102.25046883699997,-23.384710933739534,-1.8596130747407411,-14.864578247070312,-0.5123497375188382,-3.5502871616779643,-0.08262118697166443,-79.20060729980469
102.30038881700011,-23.387368266962024,-1.9528948517963647,-14.861328125,0.30681586265563965,-2.289029836654663,-0.07646544277667999,-78.75592803955078
102.35114637700008,-23.36591271165599,-2.099225305627333,-14.857315063476562,0.34577280282974243,-2.2814314365386963,-0.08192602545022964,-78.55564880371094
102.40044837599999,-23.36458193363401,-2.1871187542485897,-14.855941772460938,0.3542705178260803,-2.279547691345215,-0.08979085087776184,-78.20902252197266
102.45114152700035,-23.33609172454877,-2.343598593344932,-14.85418701171875,0.3769510090351105,-2.270974636077881,-0.10649959743022919,-78.02095031738281
102.50063806600019,-23.33199793500424,-2.427488423152039,-14.855087280273438,0.03729233864512471,-2.8118598069211274,-0.13551779091358185,-77.72369384765625
102.55118987800006,-23.30791791056789,-2.571425741133066,-14.854644775390625,0.42331138253211975,-2.2410686016082764,-0.15289397537708282,-77.48577117919922
102.60036727200031,-23.305012897591116,-2.6597180325945926,-14.85400390625,0.09202990423093416,-2.8059427896078923,-0.14307105541229248,-77.10704040527344
102.65024243300013,-23.26910500046613,-2.818280477394959,-14.85455322265625,0.4817706346511841,-2.2346558570861816,-0.15057817101478577,-76.91329956054688
102.70097850399998,-23.258366934003188,-2.8989904381694824,-14.85504150390625,0.4721423089504242,-2.2289347648620605,-0.13744543492794037,-76.66244506835938
102.75100547300008,-23.251920642082535,-2.987082771118533,-14.855758666992188,0.49994492530822754,-2.2257020473480225,-0.12448597699403763,-76.30509948730469
102.80036491300007,-23.2176171720547,-3.1344444549413,-14.855606079101562,0.544295072555542,-2.216423511505127,-0.12924498319625854,-76.02556610107422
102.8504079090003,-23.20298883827806,-3.2408994815422982,-14.854904174804688,0.1458556815927906,-2.884600178136563,-0.1115899384021759,-75.61802673339844
102.9001945340001,-23.164334018919153,-3.3871846347685723,-14.85345458984375,0.5724847912788391,-2.206744432449341,-0.10621427744626999,-75.37379455566406
102.95031799800017,-23.154004869258046,-3.4778902128406215,-14.850784301757812,0.2711205852761303,-2.7538743782379393,-0.09370338171720505,-74.9927978515625
103.00048250300006,-23.113823657999998,-3.626969948607754,-14.848175048828125,0.5895637273788452,-2.209212064743042,-0.12095262855291367,-74.75748443603516
103.05068466000012,-23.099804059953534,-3.7363188466071824,-14.848098754882812,0.17960511388280892,-2.9368227604374013,-0.14228546619415283,-74.35704803466797
103.10047417500027,-23.063842866195568,-3.886299467983271,-14.848846435546875,0.6027311682701111,-2.221623420715332,-0.11617812514305115,-74.06888580322266
103.15099878699993,-23.055563769859344,-3.9790609906810124,-14.84906005859375,0.2452923632597538,-2.8622483967210752,-0.1106221005320549,-73.66593933105469
103.20027476399991,-23.019432379278825,-4.132708195145209,-14.847198486328125,0.6011282801628113,-2.2254815101623535,-0.12031111866235733,-73.3672103881836
103.25066449499991,-23.000248440174335,-4.235970018611987,-14.846786499023438,0.6159638166427612,-2.2318263053894043,-0.12735901772975922,-73.0807113647461
103.30037660000016,-22.96831664131002,-4.399160443646169,-14.846145629882812,0.6081470251083374,-2.2537550926208496,-0.1441575288772583,-72.69480895996094
103.35065780800005,-22.95472353400341,-4.4854224169253545,-14.845352172851562,0.6096563339233398,-2.253175735473633,-0.1237415298819542,-72.44786834716797
103.40018502400017,-22.92289911192464,-4.648553374151277,-14.845077514648438,0.27800183610909174,-2.9116178839789675,-0.12418042123317719,-72.10649108886719
103.45128389499996,-22.900778085471266,-4.749220174098781,-14.84454345703125,0.6187692880630493,-2.255026340484619,-0.11130283027887344,-71.8777084350586
103.50032625299991,-22.89035348944506,-4.8443363325433735,-14.844131469726562,0.28938129648780786,-2.9523178183791825,-0.09556970000267029,-71.48143768310547
103.5507473900002,-22.851776699586065,-4.997499146521111,-14.843460083007812,0.6038457155227661,-2.2677392959594727,-0.12296504527330399,-71.25801086425781
103.60078251999994,-22.839533291988637,-5.0880372912955485,-14.842575073242188,0.3232789016761985,-2.884848405764733,-0.11751973628997803,-70.92111206054688
103.65064374200028,-22.79530403433987,-5.258673428298128,-14.841506958007812,0.6276423335075378,-2.2599334716796875,-0.11502940207719803,-70.67761993408203
103.70125793600027,-22.780662424668463,-5.341787188577497,-14.841552734375,0.6300413012504578,-2.264007329940796,-0.10520881414413452,-70.4391860961914
103.75020077799991,-22.750339235021006,-5.504918130203569,-14.84295654296875,0.6200420260429382,-2.267878770828247,-0.11593861132860184,-70.01779174804688
103.8006049720002,-22.736626580192645,-5.589832012828826,-14.844390869140625,0.6189493536949158,-2.271132469177246,-0.11092272400856018,-69.77256774902344
103.85030620099997,-22.69965582090635,-5.773282360348322,-14.848007202148438,0.2771305850005769,-2.9603441356139584,-0.09603961557149887,-69.36470031738281
103.90070647099992,-22.685434882139685,-5.858560277372973,-14.849456787109375,0.5933650135993958,-2.267971992492676,-0.09967435151338577,-69.13591003417969
103.95084769200002,-22.65117007330518,-6.022507212785788,-14.849563598632812,0.2715626483552136,-2.9999052857758057,-0.12803535163402557,-68.7535629272461
104.00026065600014,-22.63456959132733,-6.108572389292524,-14.849746704101562,0.6170421242713928,-2.230344295501709,-0.12388816475868225,-68.49209594726562
104.05223901599993,-22.61815321017872,-6.1949785117022484,-14.850631713867188,0.6231656074523926,-2.23162579536438,-0.1354278028011322,-68.22958374023438
104.10250741100026,-22.570292230551615,-6.364932427708176,-14.853851318359375,0.6595267057418823,-2.2191460132598877,-0.13707758486270905,-67.9701156616211
104.15057889700029,-22.555297125659816,-6.457019921314958,-14.85540771484375,0.39779498357361043,-2.910478290691755,-0.12593159079551697,-67.60746765136719
104.20105265600023,-22.51179968986856,-6.607976998652588,-14.858810424804688,0.41440476009926924,-2.9181469582545883,-0.12490539997816086,-67.36048889160156
104.25084786800016,-22.496225825043428,-6.698543712094654,-14.861358642578125,0.7335666418075562,-2.200040578842163,-0.13051263988018036,-67.0085678100586
104.30093574700004,-22.44925701780213,-6.875450071314428,-14.8671875,0.4486375003254534,-2.8839304649327975,-0.09960508346557617,-66.63263702392578
104.35054352900033,-22.42662158283862,-6.953706651696411,-14.870651245117188,0.7460946440696716,-2.189702272415161,-0.1025218740105629,-66.40522003173828
104.40200743600008,-22.378345438458837,-7.098078724690817,-14.876739501953125,0.7170944809913635,-2.180891513824463,-0.07533440738916397,-66.15451049804688
104.45089429200016,-22.358526196517875,-7.182216222540769,-14.8792724609375,0.31022432787837334,-3.2446563093540393,-0.07029770314693451,-65.86844635009766
104.50164336300031,-22.299992671396843,-7.344389058453714,-14.884140014648438,0.4599061001537717,-2.874682821163822,-0.0777120292186737,-65.65476989746094
104.55132317700009,-22.275433825796384,-7.420341862942527,-14.886810302734375,0.748623788356781,-2.1698174476623535,-0.093842513859272,-65.5108642578125
104.60068118100025,-22.253978487225073,-7.509983622803107,-14.888931274414062,0.2619155417190578,-3.4670985548655797,-0.09720221906900406,-65.15808868408203
104.65045523400022,-22.201176983941004,-7.671662081388213,-14.890655517578125,0.5717560157214971,-2.6635788075552145,-0.06391607969999313,-64.67935943603516
104.70138899800031,-22.133538545671186,-7.8316312549329545,-14.8922119140625,0.7392556071281433,-2.149885416030884,-0.07664482295513153,-64.46104431152344
104.75073591199998,-22.10741260503032,-7.918457958244377,-14.89208984375,0.534431964995477,-2.7679219867768046,-0.0982770323753357,-64.1301040649414
104.80185741000014,-22.080002416857578,-7.999783147472119,-14.892562866210938,0.7555171847343445,-2.1389896869659424,-0.09212786704301834,-63.885555267333984
104.85108332300024,-22.01568286949735,-8.144601636631487,-14.891616821289062,0.7506707906723022,-2.120007038116455,-0.04362064599990845,-63.61833190917969
104.90046615400024,-21.9788967740467,-8.251127675475406,-14.889556884765625,0.460159190060637,-3.121725196678968,-0.0203627310693264,-63.20555114746094
104.95154765000007,-21.910437235007937,-8.39418803515344,-14.885818481445312,0.8152112364768982,-2.0776970386505127,-0.015016846358776093,-62.93830490112305
105.00130075100014,-21.87406371839658,-8.473382769146358,-14.882980346679688,0.8560888171195984,-2.066159248352051,-0.03434423357248306,-62.69146728515625
105.05021902699991,-21.798153710841845,-8.61529295372144,-14.879043579101562,0.8962591290473938,-2.037621021270752,-0.028538376092910767,-62.43364334106445
105.10144373599996,-21.749128017907672,-8.701964281668054,-14.87713623046875,0.8687280416488647,-2.0359344482421875,-0.0344940610229969,-62.30261993408203
105.1514254130002,-21.669018835365527,-8.846178355970046,-14.877639770507812,0.9128875732421875,-2.032219171524048,-0.0800657868385315,-62.03264236450195
105.20334102400011,-21.631720323985228,-8.924365987865368,-14.879104614257812,0.9507879018783569,-2.0091986656188965,-0.10810559242963791,-61.81177520751953
105.25022569200019,-21.546699932843886,-9.066205174185212,-14.880645751953125,0.9743204116821289,-1.9879757165908813,-0.11492770165205002,-61.584896087646484
105.30062086199996,-21.506936174923716,-9.195739792573598,-14.882339477539062,0.9643726348876953,-1.984192967414856,-0.11130650341510773,-60.866939544677734
105.35089629100003,-21.423238524221034,-9.348932754971884,-14.8839111328125,0.7811984637999791,-2.8787893971590512,-0.12812753021717072,-60.4434700012207
105.40034619700009,-21.38020954997252,-9.427339823198427,-14.884368896484375,1.0540088415145874,-1.926407814025879,-0.10912606865167618,-60.19707107543945
105.45048158200007,-21.29194711126126,-9.572402507671173,-14.885818481445312,0.9160243416814238,-2.5276256774770567,-0.10626962780952454,-59.85880661010742
105.50113710000005,-21.231306913918342,-9.662385398096875,-14.885986328125,1.0742498636245728,-1.9053884744644165,-0.10717184841632843,-59.6624641418457
105.55096643900015,-21.187903926737633,-9.745626007303247,-14.887115478515625,0.9055357008328428,-2.5297758760712954,-0.11550336331129074,-59.35563278198242
105.60024808700018,-21.097102101269208,-9.887501886789426,-14.890640258789062,1.0594061613082886,-1.902682900428772,-0.09822740405797958,-59.08661651611328
105.65023738400032,-21.055626994077112,-9.9768105110372,-14.893203735351562,0.878399723465652,-2.6599326716392016,-0.10400385409593582,-58.703575134277344
105.70047119900028,-20.95614529589991,-10.131007723882613,-14.898239135742188,1.0492863655090332,-1.8917315006256104,-0.03301459178328514,-58.490142822265625
105.75084413000013,-20.915305065424306,-10.2122828107833,-14.900604248046875,1.0751625299453735,-1.867699384689331,-0.02387516386806965,-58.23030471801758
105.80101985400006,-20.83166326054107,-10.36303396565977,-14.905914306640625,1.080191969871521,-1.8724582195281982,-0.00633904617279768,-57.86860275268555
105.85108107900032,-20.793043469892172,-10.444696167808583,-14.908096313476562,1.0631734132766724,-1.8719325065612793,-0.014114134013652802,-57.59970474243164
105.90033869700028,-20.69663681067062,-10.614083941682047,-14.907089233398438,0.9028530645767288,-2.564649592804744,-0.002944608684629202,-57.211570739746094
105.95055179300016,-20.656732925831477,-10.694814995359298,-14.906387329101562,1.0632102489471436,-1.8624286651611328,-0.007494680117815733,-56.952293395996094
106.0006098480003,-20.57003329189922,-10.847509194706797,-14.907882690429688,0.9047337787258254,-2.6062118247144905,-0.004997790791094303,-56.603057861328125
106.05111191000015,-20.527055451729915,-10.927565215101218,-14.909286499023438,1.0734440088272095,-1.8360295295715332,0.0033921992871910334,-56.38077926635742
106.10120218800012,-20.42916969034475,-11.093476167821496,-14.913711547851562,0.9791982131823511,-2.4457625452788596,-0.07192587107419968,-56.0491943359375
106.1508852930001,-20.38586684149535,-11.173727923372002,-14.916168212890625,1.121166467666626,-1.8106956481933594,-0.08676404505968094,-55.822879791259766
106.20147931800011,-20.343390091132658,-11.253926565113394,-14.918807983398438,1.1364569664001465,-1.8004733324050903,-0.06338198482990265,-55.59065246582031
106.2512458619999,-20.25937893849393,-11.411240224758961,-14.924423217773438,0.9926653829337851,-2.4839280084058055,-0.05705925449728966,-55.19091796875
106.30017930500026,-20.219532314421468,-11.498305028436423,-14.9281005859375,1.123316764831543,-1.79525887966156,-0.061113808304071426,-54.90870666503906
106.35100073000012,-20.128844513898798,-11.673404928790857,-14.936904907226562,1.0056683075971053,-2.4928805322831615,-0.06187727302312851,-54.51873016357422
106.40063352000016,-20.090171895834434,-11.7588394283373,-14.941314697265625,1.15595543384552,-1.7577505111694336,-0.05843424052000046,-54.2231559753418
106.45102888400015,-20.01349669289925,-11.915656643480451,-14.949813842773438,0.9867764504688963,-2.6464792134070887,-0.06871792674064636,-53.80548095703125
106.50024230000008,-19.9763260218246,-11.99666887805598,-14.953353881835938,1.092078447341919,-1.7889453172683716,-0.05952909216284752,-53.55789566040039
106.55141011600017,-19.88550442542133,-12.156633784301185,-14.956893920898438,1.1108863353729248,-1.756259560585022,-0.07445277273654938,-53.26061248779297
106.60105568300014,-19.84967810023301,-12.248484627110866,-14.958984375,0.9595463477650785,-2.770156080063729,-0.07403663545846939,-52.83312225341797
106.65110905700021,-19.770808275069427,-12.389654305223962,-14.968505859375,1.1193698644638062,-1.7324061393737793,-0.07860865443944931,-52.55971908569336
106.70024409100006,-19.73337719992426,-12.475577312566465,-14.973556518554688,1.0109968913639515,-2.483226477721592,-0.062118083238601685,-52.199989318847656
106.75089618700031,-19.644809365341594,-12.626889536052932,-14.9842529296875,1.1009151935577393,-1.70695161819458,-0.04085559770464897,-51.9517936706543
106.8003815510001,-19.607273346152894,-12.714554343106114,-14.989669799804688,1.0132470046603597,-2.374203196381744,-0.03842409327626228,-51.57126998901367
106.85026469500008,-19.53062445188231,-12.850785054729998,-14.999099731445312,1.0850939750671387,-1.6841648817062378,-0.013480321504175663,-51.32402038574219
106.90041732000009,-19.481525022738808,-12.952764787760746,-15.004257202148438,1.0123070539984658,-2.532806323024785,-0.037305910140275955,-50.916500091552734
106.95094307099998,-19.441754182805454,-13.023674818756154,-15.008468627929688,1.1080303192138672,-1.633660912513733,-0.03351067751646042,-50.72108840942383
107.00028980100024,-19.364109324167075,-13.160001280769707,-15.01519775390625,1.0145860663679198,-2.346550080391774,-0.029705524444580078,-50.3798828125
107.05107925600032,-19.32737218046323,-13.232659077539093,-15.018890380859375,1.0347141564520923,-2.249504710111582,-0.04656756669282913,-50.13528060913086
107.10024776399996,-19.254175778180397,-13.359247132288305,-15.0260009765625,1.0684689283370972,-1.6364575624465942,-0.03573957830667496,-49.897403717041016
107.15062147500021,-19.209542990180992,-13.454819818151888,-15.029342651367188,1.0278337462296743,-2.3361468235627454,-0.008424106985330582,-49.53523635864258
107.20030315000031,-19.133154157820158,-13.580843028981256,-15.03204345703125,1.11435866355896,-1.5714306831359863,0.0005143299931660295,-49.31224060058594
107.25084067700027,-19.096907625701917,-13.662357554987713,-15.033370971679688,1.0614769924213958,-2.247734009800449,0.012420658022165298,-48.937721252441406
107.30070493700032,-19.01873873453729,-13.790381599882778,-15.03546142578125,1.1226316690444946,-1.556573510169983,0.021817326545715332,-48.677852630615234
107.35056703700002,-18.969955051321342,-13.875738047625097,-15.03692626953125,1.1406408548355103,-1.5391088724136353,0.027409415692090988,-48.42705535888672
107.40083591800021,-18.888846224762375,-14.010781411162384,-15.0408935546875,1.1768869161605835,-1.5103646516799927,0.044131454080343246,-48.02878952026367
107.450159084,-18.84693466245473,-14.077725171449892,-15.044631958007812,1.1856863498687744,-1.5129458904266357,0.02009267359972,-47.836063385009766
107.50085447300035,-18.76253897352802,-14.207308695530756,-15.053314208984375,1.2000832953823575,-2.199784726051889,0.0008274339488707483,-47.51058578491211
107.55072999000004,-18.706148082924596,-14.293043601377484,-15.059585571289062,1.268684983253479,-1.4733482599258423,0.03854137659072876,-47.28659439086914
107.60049898000034,-18.616200730660914,-14.426562824615532,-15.065200805664062,1.2519996371840274,-2.2732424033440966,0.08170313388109207,-46.92970275878906
107.65044248499999,-18.570756365656763,-14.49822741946302,-15.066543579101562,1.3151521682739258,-1.439716100692749,0.08859739452600479,-46.68548583984375
107.70085765300018,-18.52484950063814,-14.579051010987815,-15.067001342773438,1.2892728140701786,-2.076816873793084,0.10288051515817642,-46.327274322509766
107.75104010900031,-18.421862236015592,-14.717185646762053,-15.066909790039062,1.3392215967178345,-1.4154950380325317,0.09470702707767487,-46.07539749145508
107.80040303900023,-18.376145375862592,-14.785455770106882,-15.067001342773438,1.3250383138656616,-1.4366686344146729,0.10452406853437424,-45.872825622558594
107.85054363200015,-18.284995788005304,-14.919949544714637,-15.066146850585938,1.3474847078323364,-1.4065929651260376,0.11189199984073639,-45.477447509765625
107.9009047720001,-18.23921715752507,-14.98822943935182,-15.065567016601562,1.3792251348495483,-1.3773133754730225,0.09309714287519455,-45.242454528808594
107.95021745000031,-18.127042926037976,-15.124602437847452,-15.066390991210938,1.404431277426813,-1.9127952663414698,0.05710895359516144,-44.91377258300781
108.00033832700001,-18.077688925969984,-15.193947232955582,-15.0675048828125,1.417235255241394,-1.3447917699813843,0.036152392625808716,-44.63664627075195
108.05027142900008,-17.97716079361975,-15.320757537906008,-15.066497802734375,1.4380860640560316,-1.9868277182857508,0.0231464896351099,-44.286598205566406
108.10030726000014,-17.92668150002246,-15.39211068950797,-15.064376831054688,1.4224464893341064,-1.3471133708953857,0.03245951607823372,-44.00989532470703
108.15096115200004,-17.818174797273183,-15.53281332672207,-15.060760498046875,1.4126385068842708,-2.0232607418719213,0.020070359110832214,-43.67042922973633
108.20073055800003,-17.771391871713682,-15.603817184270387,-15.060699462890625,1.410690188407898,-1.375549554824829,0.04326027259230614,-43.417762756347656
108.25134941900023,-17.72429582016713,-15.67430203865319,-15.05999755859375,1.4198740720748901,-1.3682290315628052,0.057949360460042953,-43.158329010009766
108.30015626900013,-17.627902273656172,-15.805926003460646,-15.058151245117188,1.4634395837783813,-1.3152681589126587,0.06706014275550842,-42.74111557006836
108.35060495700009,-17.57791167246344,-15.875238563711811,-15.057113647460938,1.4735220670700073,-1.299858808517456,0.08130919188261032,-42.483612060546875
108.40009466099991,-17.466606827879733,-16.011716285330145,-15.053619384765625,1.5154292142919439,-1.958010691618608,0.08972778171300888,-42.11039352416992
108.45066997599997,-17.415725088822004,-16.079226373018912,-15.052780151367188,1.4782493114471436,-1.2724393606185913,0.08249948918819427,-41.866390228271484
108.50086702499993,-17.315163124547023,-16.20154595826991,-15.0517578125,1.5472924949332671,-1.9869980277515387,0.08273488283157349,-41.50867462158203
108.550205689,-17.26387503047375,-16.26916695551951,-15.050857543945312,1.5250651836395264,-1.2101777791976929,0.07717952132225037,-41.22466278076172
108.60031419799998,-17.149828685766817,-16.407785156023188,-15.048171997070312,1.6046803794648927,-1.8082089973900326,0.08804339915513992,-40.83013153076172
108.65110525099999,-17.097926938407053,-16.471565966843126,-15.047134399414062,1.583624243736267,-1.1579351425170898,0.075400210916996,-40.58761978149414
108.70125096099991,-16.97935932280954,-16.595848060410205,-15.050491333007812,1.6220921277999878,-1.1550681591033936,0.04327424615621567,-40.33373260498047
108.75047519200007,-16.937625313562627,-16.658817783161737,-15.051925659179688,1.620589017868042,-1.1678733825683594,0.04764357954263687,-39.951904296875
108.80068835200018,-16.81884621889258,-16.780890830538194,-15.054885864257812,1.6600170135498047,-1.1250685453414917,0.05139480531215668,-39.68634796142578
108.85100925300003,-16.766052374987765,-16.85320872785029,-15.05596923828125,1.7223527713916393,-1.8115994094532148,0.06040644645690918,-39.33425521850586
108.90123339799993,-16.662211155965952,-16.95847060696611,-15.057540893554688,1.6758469343185425,-1.1325984001159668,0.057184673845767975,-39.11433410644531
108.9515328550001,-16.606834148356906,-17.028826754831023,-15.064666748046875,1.762521212322905,-1.5477108774757915,0.03756960108876228,-38.81555938720703
109.00055227700022,-16.5372762247573,-17.106996657189164,-15.073928833007812,1.7406471967697144,-1.1082046031951904,-0.0019596051424741745,-38.546566009521484
109.0507635910003,-16.42588035887942,-17.221920092497907,-15.086990356445312,1.8094973558635694,-1.7555596680364478,0.02139861136674881,-38.22574996948242
109.10110790099998,-16.37108464470406,-17.288911269631594,-15.093658447265625,1.7342487573623657,-1.1122848987579346,0.04045843705534935,-37.99180603027344
109.1506091199999,-16.263093763843173,-17.404952106590724,-15.103012084960938,1.7255454063415527,-1.1171129941940308,0.06442578881978989,-37.72549057006836
109.20057482400034,-16.194170043931777,-17.489232361132135,-15.107803344726562,1.8030321478037084,-1.7129027261889376,0.058433033525943756,-37.38905715942383
109.25084318800009,-16.08808794044106,-17.603852468849762,-15.114639282226562,1.7101842164993286,-1.1273198127746582,0.03652331978082657,-37.15354919433594
109.30026568199992,-16.032784291632407,-17.677905623036626,-15.1177978515625,1.7768792149920485,-1.6158719848867633,0.05059773847460747,-36.788578033447266
109.35118262900005,-15.92477512943649,-17.79255283079203,-15.12591552734375,1.725658893585205,-1.1024277210235596,0.05343789979815483,-36.549747467041016
109.40038101300024,-15.853746835663804,-17.881590919058173,-15.130874633789062,1.8479108947072653,-2.014618846539905,0.04040471091866493,-36.14009475708008
109.4506868960002,-15.7473774558506,-17.991148801061644,-15.137435913085938,1.7368431091308594,-1.0990173816680908,0.03493016958236694,-35.93242263793945
109.50088355000025,-15.678723213647634,-18.075755530744907,-15.140853881835938,1.8488907916299144,-1.8295802621211616,0.0440606027841568,-35.571773529052734
109.5504628650001,-15.585570953745867,-18.172689796075367,-15.145355224609375,1.8494147707994844,-1.754094544237124,0.013768811710178852,-35.328006744384766
109.6006965040001,-15.520886331966437,-18.249007045678702,-15.149185180664062,1.7363327741622925,-1.080180287361145,0.05144955962896347,-35.094032287597656
109.65042005600026,-15.415494976743929,-18.368763795057852,-15.151275634765625,1.8829496651992268,-1.8646371978746807,0.08622017502784729,-34.687042236328125
109.70044256000028,-15.361814969650428,-18.430009348297936,-15.1519775390625,1.7400524616241455,-1.0426759719848633,0.09547027945518494,-34.45456314086914
109.75021499600007,-15.305801150269055,-18.501509088604383,-15.152191162109375,1.9058719524478298,-1.7924675981485243,0.10007841885089874,-34.07804870605469
109.80025244400031,-15.184079178793251,-18.61453165842306,-15.149948120117188,1.7972062826156616,-0.9801525473594666,0.14264394342899323,-33.79901885986328
109.85039947199994,-15.125536853068386,-18.680936813683157,-15.147354125976562,1.9221009645721543,-1.6498335833835296,0.1400829255580902,-33.44974136352539
109.90060489000007,-15.013002219844893,-18.779436770679013,-15.142044067382812,1.8296343088150024,-0.9484707713127136,0.10816044360399246,-33.18583297729492
109.9510922899999,-14.953678630557743,-18.836360413443828,-15.139602661132812,1.8457568883895874,-0.9264165759086609,0.12051714211702347,-32.918060302734375
110.00044621500001,-14.822944092938705,-18.948456312329974,-15.142837524414062,1.8918253183364868,-0.8779011368751526,0.11612629890441895,-32.56520080566406
110.05014994700014,-14.761495279691555,-19.00567591567698,-15.143753051757812,1.900328516960144,-0.8679643869400024,0.11205317825078964,-32.27487564086914
110.10059090799996,-14.640942931308116,-19.10874063743906,-15.145904541015625,2.0967990747662513,-1.6081102987906535,0.13725683093070984,-31.83165168762207
110.15086023100002,-14.58076218780565,-19.159770920389278,-15.146514892578125,1.912209391593933,-0.8302696943283081,0.1448991596698761,-31.60744285583496
110.20089057599989,-14.448771433745378,-19.264461862608606,-15.14501953125,2.039229382255177,-1.4346352041758772,0.17457924783229828,-31.22348403930664
110.25100278500031,-14.390410424690609,-19.317281461369287,-15.143585205078125,1.9194246530532837,-0.8050102591514587,0.1564134806394577,-30.9818115234375
110.30036064500018,-14.271602352691433,-19.40813188005386,-15.140884399414062,2.130326364862209,-1.41524609664159,0.1408277153968811,-30.626102447509766
110.35103942400019,-14.211394821825202,-19.455978089188854,-15.140548706054688,1.9685946702957153,-0.7463274598121643,0.1648179590702057,-30.417768478393555
110.40039496899999,-14.14968999373516,-19.5047600188697,-15.139968872070312,1.9975922107696533,-0.7112892866134644,0.15225248038768768,-30.17818260192871
110.45047887700002,-14.01232751286115,-19.59857718216959,-15.1383056640625,2.1701717881960083,-1.4084680317269243,0.13628222048282623,-29.8170223236084
110.50031946200033,-13.951195539419317,-19.650296319667444,-15.141555786132812,2.0095345973968506,-0.699183464050293,0.12371224910020828,-29.55498504638672
110.55053933699992,-13.828007047671642,-19.73837671802243,-15.147003173828125,2.2579818174175124,-1.4676673353229455,0.09995071589946747,-29.175899505615234
110.60169645800033,-13.76388102692816,-19.788242549085485,-15.150039672851562,2.447729986951529,-2.0248683710316437,0.07135152071714401,-28.893272399902344
110.65023638599996,-13.627117863913897,-19.88954981950208,-15.159530639648438,2.3018353184680738,-1.503930616342739,0.10947488248348236,-28.48728370666504
110.70040266100023,-13.564356544356933,-19.935574411836953,-15.16131591796875,2.067096710205078,-0.6491447687149048,0.11793895810842514,-28.268383026123047
110.75085646000025,-13.441204535874679,-20.02318274991175,-15.161834716796875,2.2380435645514574,-1.1513264894992077,0.11832378059625626,-27.93394660949707
110.80083969299994,-13.377635213497465,-20.069883009394005,-15.160675048828125,2.0884199142456055,-0.6388072371482849,0.13979727029800415,-27.715124130249023
110.85123757200017,-13.240442577829485,-20.150049331126198,-15.157608032226562,2.0902774333953857,-0.5980432033538818,0.16230270266532898,-27.52494239807129
110.90032434500017,-13.174130816265397,-20.202324581468254,-15.156051635742188,2.100815534591675,-0.566896378993988,0.17916694283485413,-27.192445755004883
110.95096248600021,-13.048197024476206,-20.27129720181437,-15.151580810546875,2.130631446838379,-0.5270262956619263,0.16490595042705536,-26.948368072509766
111.00107376000005,-12.982758901773957,-20.326273547042316,-15.15179443359375,2.3681977175429774,-1.2379526046003435,0.1567065715789795,-26.580142974853516
111.05039708899994,-12.844534164211657,-20.407971340519335,-15.150375366210938,2.153316020965576,-0.5455348491668701,0.14975011348724365,-26.303508758544922
111.10036296199996,-12.77618577801467,-20.46146562268319,-15.149139404296875,2.3925592706442904,-1.310440671559781,0.1442756950855255,-25.935142517089844
111.15086707799992,-12.651957058719477,-20.5395313455064,-15.144561767578125,2.143479108810425,-0.5793406367301941,0.13654184341430664,-25.683242797851562
111.20029443000021,-12.583413717178649,-20.590918762429226,-15.142288208007812,2.3285134626678525,-1.0864143161650806,0.11775730550289154,-25.356172561645508
111.25055954100026,-12.501439224249296,-20.64599459342067,-15.141357421875,2.168250560760498,-0.5571110248565674,0.11371853947639465,-25.0917911529541
111.3005998210001,-12.371856663497084,-20.728232941305592,-15.14263916015625,2.1830132007598877,-0.5429812669754028,0.11507545411586761,-24.764141082763672
111.35030623900002,-12.300673034487879,-20.781113465935302,-15.143157958984375,2.184936285018921,-0.5601211190223694,0.10182031989097595,-24.40839385986328
111.40038093000021,-12.17885925426262,-20.859207452158362,-15.146240234375,2.1949124336242676,-0.5523200631141663,0.09384958446025848,-24.162399291992188
111.45067558100027,-12.092139278403732,-20.926996672379477,-15.148452758789062,2.5953443168680623,-1.51544639461058,0.07466614991426468,-23.688451766967773
111.50095714999998,-11.966466104196677,-20.996999731791472,-15.150924682617188,2.221388578414917,-0.5033323168754578,0.09023764729499817,-23.470062255859375
111.55115523299992,-11.896047762463628,-21.05040611095469,-15.152114868164062,2.501039390174519,-1.2092201089134036,0.07699082791805267,-23.096498489379883
111.60035997800014,-11.7668232008626,-21.119628026021505,-15.154495239257812,2.21999192237854,-0.5400709509849548,0.06949086487293243,-22.861539840698242
111.65114354100024,-11.684240352717419,-21.177268353080176,-15.158660888671875,2.439025212006754,-1.0930661182892885,0.10396736115217209,-22.541290283203125
111.70192336700029,-11.557512616989156,-21.24316991298541,-15.16082763671875,2.2205638885498047,-0.5035465359687805,0.12584368884563446,-22.342100143432617
111.750959728,-11.489047802844505,-21.287867050852395,-15.162109375,2.22672963142395,-0.5113422870635986,0.11913937330245972,-22.068082809448242
111.80106378500022,-11.356202697156565,-21.368284797076896,-15.16424560546875,2.2363030910491943,-0.5132845640182495,0.11839717626571655,-21.668291091918945
111.85008711799992,-11.270756095613269,-21.414883961926527,-15.164779663085938,2.2529938220977783,-0.4805591106414795,0.11737676709890366,-21.426727294921875
111.90111899200019,-11.139405903479428,-21.497503571836372,-15.163619995117188,2.503390066400205,-1.0869533795097723,0.12905031442642212,-21.102418899536133
111.95088695899994,-11.071742971798686,-21.538996037917748,-15.162109375,2.266446828842163,-0.49714431166648865,0.14919699728488922,-20.922264099121094
112.00052556500032,-10.99578908670173,-21.593005564103233,-15.160247802734375,2.6072002048585423,-1.1740266842327587,0.12477626651525497,-20.524389266967773
112.05027629899996,-10.845763881395069,-21.664298437707444,-15.154891967773438,2.3091604709625244,-0.4345933496952057,0.13861533999443054,-20.31231689453125
112.10098043900007,-10.768075127060907,-21.712351454139505,-15.152145385742188,2.6550400994002783,-1.0744891016103195,0.14876334369182587,-19.930240631103516
112.15038733000029,-10.630193995023795,-21.769171480930353,-15.148910522460938,2.34266996383667,-0.3458649218082428,0.16563744843006134,-19.73306655883789
112.20104282200009,-10.55619198510369,-21.807691028989495,-15.147109985351562,2.337512254714966,-0.35804933309555054,0.16811639070510864,-19.477519989013672
112.2501143630002,-10.393897680020196,-21.87991606722744,-15.144058227539062,2.350768566131592,-0.3174990117549896,0.17485494911670685,-19.088529586791992
112.3007333710002,-10.321901444009082,-21.91479754191009,-15.145065307617188,2.355050563812256,-0.33063775300979614,0.14358599483966827,-18.887556076049805
112.35035954900013,-10.17625376334733,-21.978317483340927,-15.146881103515625,2.662553022278723,-0.9311676440873597,0.15095047652721405,-18.520978927612305
112.40060996700004,-10.10348926814964,-22.016201698110255,-15.148895263671875,2.36431884765625,-0.3057907521724701,0.12255679816007614,-18.28749656677246
112.4501188510003,-9.94319003005712,-22.08877007376678,-15.154525756835938,2.728835671937608,-1.0213026856218423,0.10955376923084259,-17.937213897705078
112.50063573500029,-9.865329314535668,-22.127678945507682,-15.156112670898438,2.3777449131011963,-0.27709245681762695,0.11065222322940826,-17.636377334594727
112.5503022580001,-9.791832764323175,-22.16466508223513,-15.159393310546875,2.379117965698242,-0.2678905427455902,0.10823771357536316,-17.37790298461914
112.60061719800024,-9.6457755549599,-22.22387857488691,-15.164154052734375,2.391533136367798,-0.22313223779201508,0.11505743861198425,-17.0035457611084
112.65110739200009,-9.569918733715738,-22.256008836240046,-15.165557861328125,2.4052250385284424,-0.2307870090007782,0.10349384695291519,-16.760953903198242
112.70079081600034,-9.40465132235995,-22.321190354098345,-15.167236328125,2.839843652166152,-0.9400866040866537,0.12418989837169647,-16.335948944091797
112.7505912659999,-9.326980756888238,-22.350545298026486,-15.167266845703125,2.4347946643829346,-0.16560131311416626,0.10938217490911484,-16.093027114868164
112.80028538400029,-9.178675194196883,-22.40147194235437,-15.166717529296875,2.7979530096955263,-0.7814027876993331,0.13213971257209778,-15.711653709411621
112.85117249399991,-9.101920380698896,-22.42917578969452,-15.1649169921875,2.4376847743988037,-0.1130661815404892,0.1489618867635727,-15.461202621459961
112.90114360799998,-8.936187531072793,-22.47409703095598,-15.161087036132812,2.820190047069696,-0.7516998632328107,0.1256576031446457,-15.110921859741211
112.9507370350002,-8.860108100466363,-22.499113880059134,-15.159637451171875,2.4434256553649902,-0.06603135913610458,0.15174300968647003,-14.859554290771484
113.00036147300034,-8.712534266716332,-22.530097500822198,-15.153839111328125,2.445253610610962,-0.025555074214935303,0.16965079307556152,-14.581104278564453
113.05020764400024,-8.633272710256342,-22.563537287016892,-15.152389526367188,2.4416210651397705,-0.025692712515592575,0.1608358770608902,-14.197921752929688
113.10107380699992,-8.472528312981995,-22.59651777013408,-15.147933959960938,2.4593095779418945,0.00023272295948117971,0.1459357589483261,-13.931636810302734
113.15098665400001,-8.390342950485625,-22.6266750752997,-15.145523071289062,2.7286231750850285,-0.43834443509833937,0.1424996703863144,-13.567513465881348
113.20023702100025,-8.247511775767926,-22.657555551241593,-15.137893676757812,2.476778030395508,0.03828679770231247,0.13527895510196686,-13.345297813415527
113.25022726199995,-8.164371605904847,-22.68690623044333,-15.13421630859375,2.9247999472149813,-0.6703183861803315,0.1257065236568451,-12.987682342529297
113.30083258800005,-8.002473827257312,-22.720684729851566,-15.126480102539062,2.4899237155914307,0.10418317466974258,0.13229216635227203,-12.716991424560547
113.35029264100012,-7.921341936635143,-22.748664368991463,-15.122283935546875,2.8334411695366755,-0.4437269133982039,0.14585067331790924,-12.369433403015137
113.40183794800032,-7.8429834400506095,-22.76885711510341,-15.11810302734375,2.487081289291382,0.10851799696683884,0.13515633344650269,-12.124907493591309
113.45079032500007,-7.700512243099455,-22.800531569769884,-15.1114501953125,2.488420009613037,0.1300247609615326,0.12539081275463104,-11.926787376403809
113.50038110800006,-7.598291997953004,-22.834191343402424,-15.1080322265625,2.5131142139434814,0.10932555794715881,0.08868621289730072,-11.542837142944336
113.55091116600033,-7.448097732956925,-22.86801160615564,-15.10247802734375,2.530691385269165,0.16970738768577576,0.10071162134408951,-11.242541313171387
113.60046549000026,-7.365730145140241,-22.89644909847783,-15.099655151367188,2.9440056088474327,-0.41626497904714566,0.09207630157470703,-10.905990600585938
113.65041255599999,-7.216767771245434,-22.921260773373398,-15.094314575195312,2.530573844909668,0.19055485725402832,0.0887485221028328,-10.68802547454834
113.70039794800005,-7.116739792169067,-22.953604447463547,-15.090667724609375,2.895148214002913,-0.34876385086570827,0.08745305240154266,-10.335409164428711
113.75027264800019,-6.9678615544126945,-22.981245959303962,-15.084686279296875,2.5175106525421143,0.14473463594913483,0.08985830098390579,-10.12923812866211
113.80008214500003,-6.866050801979142,-23.0163621423705,-15.080657958984375,2.965279441357031,-0.46210921486914547,0.09125819802284241,-9.752032279968262
113.85027871800003,-6.737031911842681,-23.046848472442864,-15.073074340820312,2.5096099376678467,0.13618700206279755,0.12588952481746674,-9.530797958374023
113.90119548200028,-6.6381885846848885,-23.072289882693084,-15.0679931640625,2.512660264968872,0.13810226321220398,0.1104453057050705,-9.273075103759766
113.95036355999991,-6.485903009561182,-23.116277506426357,-15.064132690429688,2.5132455825805664,0.16052250564098358,0.0926075205206871,-8.922956466674805
114.00017676800007,-6.405489770111761,-23.140072754719302,-15.06304931640625,2.5224173069000244,0.1670195609331131,0.08299604803323746,-8.686776161193848
114.05106423400002,-6.2481656096391855,-23.187037396784625,-15.06439208984375,3.0215695827539477,-0.4841733912983728,0.02638884447515011,-8.28777027130127
114.10041814400029,-6.149927575288897,-23.21824340518959,-15.066146850585938,2.5382819175720215,0.17834845185279846,0.0503125861287117,-8.039539337158203
114.15074613300021,-6.062054951725805,-23.250561807872682,-15.067672729492188,2.9477882425329587,-0.3263121677202465,0.003787699155509472,-7.674777507781982
114.20061079800007,-5.906028679623945,-23.293429494856074,-15.0723876953125,2.5622942447662354,0.17694014310836792,-0.010114182718098164,-7.3849897384643555
114.2508204640003,-5.819462510286484,-23.32519501568548,-15.074111938476562,3.0143755972010333,-0.3840898886698858,-0.00739034591242671,-7.057160377502441
114.30093079800008,-5.644528847703761,-23.36955122333908,-15.0772705078125,2.556706666946411,0.11416740715503693,-0.030471021309494972,-6.788956165313721
114.35108068399995,-5.562585960166515,-23.4017681449878,-15.076309204101562,2.5429108142852783,0.11095564067363739,-0.00013041526835877448,-6.540403842926025
114.40015851099997,-5.402008397304923,-23.454113500751138,-15.073837280273438,2.5353827476501465,0.09878198802471161,0.010205338709056377,-6.170303821563721
114.45105697899999,-5.323150473110426,-23.484226725457987,-15.072463989257812,2.5333759784698486,0.10159952193498611,-0.004688664339482784,-5.941155910491943
114.50032277800028,-5.148804021927754,-23.53899037908381,-15.07110595703125,3.0465561347675387,-0.468446626445327,-0.03368275240063667,-5.539757251739502
114.55098048700029,-5.063911869717387,-23.565733914899926,-15.071029663085938,2.5317957401275635,0.18048009276390076,-0.011282224208116531,-5.249719142913818
114.60063150900032,-4.911236124291335,-23.611087539336353,-15.069046020507812,3.004431907827489,-0.3265727158543825,0.06064051762223244,-4.863001346588135
114.65079945100024,-4.829354481462378,-23.63441523901738,-15.0667724609375,2.5210351943969727,0.2683488428592682,0.05994297191500664,-4.595004558563232
114.7005831649999,-4.6612842209123375,-23.671670929603987,-15.062225341796875,2.9558400657520107,-0.18228319176035956,0.06567390263080597,-4.24477481842041
114.75019137500021,-4.580597203333745,-23.692295684594185,-15.059890747070312,2.5143167972564697,0.3186609447002411,0.08308619260787964,-3.9775664806365967
114.80029163300014,-4.4984220925235086,-23.71090988048747,-15.057174682617188,2.511960744857788,0.3271557688713074,0.08353719115257263,-3.7089991569519043
114.85035889100027,-4.343550507022231,-23.742607459591408,-15.050811767578125,2.4953763484954834,0.39450803399086,0.07274704426527023,-3.3378803730010986
114.90066230499997,-4.264059177522174,-23.758330678959968,-15.048126220703125,2.5009727478027344,0.3791435956954956,0.05006768926978111,-3.133009433746338
114.95032296699992,-4.0901767575863754,-23.788984732119587,-15.044891357421875,3.0126038576312606,-0.22570969016126718,0.05203624814748764,-2.784245014190674
115.00056900800018,-4.0112233406008855,-23.80936736133273,-15.04473876953125,2.4915385246276855,0.3192463219165802,0.0436958372592926,-2.568474769592285
115.05034131799994,-3.8542728033224356,-23.83812828359355,-15.045059204101562,2.9199509814316564,-0.10405449112285148,0.028140956535935402,-2.233245611190796
115.10049559100025,-3.774888485569124,-23.861816093089256,-15.04534912109375,2.4875972270965576,0.3478673994541168,0.02212854102253914,-1.992457389831543
115.15054488500027,-3.6035546546190704,-23.897331072095156,-15.045150756835938,2.8305355408139934,-0.06255764194580532,0.03993116319179535,-1.6764886379241943
115.20099353700016,-3.520956570387873,-23.91766885683144,-15.044723510742188,2.4738714694976807,0.32584136724472046,0.0671306774020195,-1.4262522459030151
115.25049415100011,-3.3650012729018117,-23.95195800002998,-15.046478271484375,2.9543449411902367,-0.1636036536822939,0.049407362937927246,-1.0759373903274536
115.30025541100031,-3.2815679358183636,-23.97103306826858,-15.046630859375,2.4676408767700195,0.31229346990585327,0.06427318602800369,-0.8242505788803101
115.35057109099989,-3.1106713172135207,-23.9998481711241,-15.047454833984375,2.459078550338745,0.34628134965896606,0.06748872995376587,-0.5969956517219543
115.40063267000005,-3.0179038875973996,-24.027286021098988,-15.04779052734375,2.9826266877157375,-0.18732871874670276,0.07333838939666748,-0.1896301507949829
115.45025369099994,-2.8635164684120498,-24.048329972835305,-15.046783447265625,2.4597010612487793,0.3843683898448944,0.06698404252529144,0.04499947279691696
115.50099688099999,-2.77481415976446,-24.069710757969666,-15.046340942382812,3.011193906919919,-0.11138445283036424,0.060930151492357254,0.4033850133419037
115.55108948900033,-2.6018867748271854,-24.080555771882292,-15.045791625976562,2.4662883281707764,0.3912001848220825,0.04021691903471947,0.6233815550804138
115.60069236800018,-2.5141998381073214,-24.10318401589097,-15.047454833984375,2.9820567863576217,-0.09619894581094968,0.037239838391542435,0.9614658355712891
115.65073955900016,-2.4331618316766055,-24.116248945619493,-15.04901123046875,2.452223300933838,0.4108944237232208,0.05164129659533501,1.15585458278656
115.70057948300018,-2.2766986281475785,-24.131248820149256,-15.050552368164062,2.451594352722168,0.4319785237312317,0.07288604974746704,1.4016884565353394
115.75022497300006,-2.167868474573325,-24.156747021386934,-15.052200317382812,2.964024475916498,-0.022264236701154072,0.061754241585731506,1.8008595705032349
115.80106161899994,-2.0098413091810645,-24.171941321357544,-15.05511474609375,2.452540397644043,0.4938149154186249,0.04589042067527771,2.0738420486450195
115.85071360300026,-1.919794647120085,-24.190678573341266,-15.05694580078125,3.0948740477443355,-0.15328245897046988,0.03752395883202553,2.436638355255127
115.90054117399995,-1.7663050727425142,-24.20514801193632,-15.062362670898438,2.4504635334014893,0.48408961296081543,0.021609019488096237,2.7020161151885986
115.95040194000012,-1.654280947307127,-24.222153639054003,-15.065048217773438,3.093806036975711,-0.06996058620201462,0.012544327415525913,3.123821973800659
116.000232891,-1.4988076489393762,-24.22579740300102,-15.067901611328125,2.4413554668426514,0.5356072783470154,0.051653556525707245,3.377755641937256
116.05040805199997,-1.4089374545196454,-24.235369656045883,-15.068008422851562,2.968319696585697,0.05355614539489412,0.06538710743188858,3.7078213691711426
116.1009905410001,-1.2521669910961428,-24.236945841252655,-15.067123413085938,2.4453072547912598,0.5415277481079102,0.04791286960244179,3.9783647060394287
116.15064858999995,-1.1521878019702552,-24.23921469263499,-15.066650390625,2.4421451091766357,0.545197069644928,0.0456986241042614,4.18709659576416
116.20026784900028,-0.986878477760802,-24.240306821137008,-15.064300537109375,2.989892664980241,0.14824013525177288,0.054192543029785156,4.585431098937988
116.25069233900012,-0.9013479508897708,-24.24435726840309,-15.062728881835938,2.4500176906585693,0.6208934187889099,0.0502767413854599,4.869087219238281
116.30011050800022,-0.7369610634010808,-24.23761469815867,-15.059982299804688,3.0264951794652415,0.18842645407314373,0.04419638216495514,5.265801906585693
116.35030231600012,-0.6339776857700898,-24.233255507107852,-15.058364868164062,2.427993059158325,0.7019751071929932,0.054544221609830856,5.524622917175293
116.40056744499998,-0.5415248804793569,-24.239786677927718,-15.057510375976562,2.96061524235943,0.3130589308142646,0.05296603962779045,5.92391300201416
116.45022286700032,-0.3838449839524669,-24.221953258989537,-15.055923461914062,2.4346015453338623,0.7672922015190125,0.03797343745827675,6.192431449890137
116.5007253419999,-0.29563068324752084,-24.21964425056207,-15.054153442382812,2.4282946586608887,0.7717015147209167,0.0227111354470253,6.470059871673584
116.55063764400029,-0.11040326339793172,-24.198710482771073,-15.050796508789062,2.4084959030151367,0.8166981339454651,0.010491017252206802,6.830853462219238
116.6011351279999,-0.02374726084541745,-24.188934977679665,-15.0491943359375,2.4148685932159424,0.8362513184547424,0.024606972932815552,7.053892135620117
116.65046363600004,0.1437017444056523,-24.163572958260154,-15.031463623046875,2.9500941817669757,0.44057720250656734,0.04615543782711029,7.357951641082764
116.70017873500001,0.2335267757978503,-24.15344273533562,-15.023300170898438,2.4023947715759277,0.8661175966262817,0.04417527839541435,7.604691982269287
116.75041399800011,0.4240344415465178,-24.122832791699636,-15.004776000976562,2.909273509855597,0.4971758217760712,0.031237244606018066,7.9924421310424805
116.8003431709999,0.5118021584953376,-24.111067646544196,-14.99761962890625,2.410183906555176,0.8531883358955383,0.033295515924692154,8.206283569335938
116.8509365130003,0.6861865374157041,-24.088256405484522,-14.9859619140625,3.1948566434850045,0.25379408864997,0.014041678979992867,8.585795402526855
116.90074296000012,0.7760619963688633,-24.083068154759523,-14.980667114257812,2.4261322021484375,0.7953981757164001,0.01620403304696083,8.815305709838867
116.95022211200012,0.9713144613930518,-24.060968057849237,-14.969970703125,3.2125302779839506,0.23088454741465692,0.013113865628838539,9.195656776428223
117.00115629600032,1.0608880079651497,-24.055356384658047,-14.966629028320312,2.4147415161132812,0.8027902841567993,0.02058851718902588,9.431044578552246
117.05078210200008,1.1511205995091403,-24.050349111108527,-14.964126586914062,2.406454563140869,0.7960706949234009,-0.013395448215305805,9.684181213378906
117.10080226900027,1.3255741870036397,-24.031776683665257,-14.960723876953125,3.0673953593909538,0.33412735263839555,-0.016426943242549896,10.067801475524902
117.15095932900022,1.4186457932403505,-24.02707727454635,-14.957550048828125,2.4118854999542236,0.7809268236160278,-0.006642528343945742,10.33310604095459
117.20061069300027,1.6136121864821842,-24.000298578386353,-14.950515747070312,3.009169975136145,0.4054661229076131,0.002823437564074993,10.691540718078613
117.25073294999993,1.705516966283875,-23.990177122389444,-14.947311401367188,2.4108595848083496,0.814193069934845,-0.0108870230615139,10.932039260864258
117.300736529,1.883752532254598,-23.96289965943725,-14.940536499023438,3.1582121021989606,0.33938675422110554,-0.02608770690858364,11.32315444946289
117.35080510000034,1.976846540689873,-23.950758030935997,-14.938079833984375,2.4065053462982178,0.8387479782104492,-0.02754165418446064,11.577553749084473
117.40107787900024,2.165319739449513,-23.909505711111795,-14.933914184570312,2.390015125274658,0.8565031290054321,-0.020295051857829094,11.8726167678833
117.45111244400005,2.264468945839389,-23.900167607639723,-14.9329833984375,3.0205107027420146,0.4610244374265162,-0.017742300406098366,12.262897491455078
117.50081426499992,2.428675392796417,-23.860571944062425,-14.927200317382812,2.388873815536499,0.8688144683837891,-0.0220075361430645,12.49979019165039
117.55022502100019,2.5251565385570363,-23.851446124460516,-14.92218017578125,3.1396118858407687,0.38548821312293163,-0.0247904434800148,12.857230186462402
117.60107629100003,2.702715765692066,-23.802893669320074,-14.913619995117188,2.3805363178253174,0.8832975625991821,-0.06624995917081833,13.009358406066895
117.65072891499995,2.796643200978503,-23.792657382160645,-14.912185668945312,2.8797589867973636,0.5556917246071578,-0.05874001607298851,13.343791007995605
117.70066763500017,2.8836481357196346,-23.77707180177002,-14.911331176757812,2.34785532951355,0.9071018099784851,-0.057694874703884125,13.565478324890137
117.75098426800014,3.053407256193643,-23.74048648918993,-14.910324096679688,3.0541306726127,0.4795552066780898,-0.07864318042993546,13.941421508789062
117.80099552699994,3.1591386330169833,-23.72121564466155,-14.907943725585938,2.3536479473114014,0.8709906935691833,-0.08326724171638489,14.194459915161133
117.85038346200008,3.318010254280243,-23.68238898983408,-14.906585693359375,2.3540124893188477,0.8797943592071533,-0.11271597445011139,14.409281730651855
117.90036610700008,3.411970886418084,-23.672061078947607,-14.906997680664062,2.876775231848343,0.5698754500893627,-0.08715702593326569,14.751614570617676
117.95114442400018,3.5722146306914118,-23.63625599965284,-14.909408569335938,2.3346402645111084,0.8902707695960999,-0.09339103102684021,15.005526542663574
118.00021147000007,3.6890144997945993,-23.621207902020764,-14.910781860351562,2.964904724260651,0.5454162217996732,-0.0892479345202446,15.416338920593262
118.05109696,3.849076676748937,-23.578231814559462,-14.915390014648438,2.3226633071899414,0.9110426306724548,-0.09571423381567001,15.651723861694336
118.10117340900024,3.9477020708693873,-23.565919409820992,-14.9176025390625,2.857106703319576,0.6185620038315507,-0.09939547628164291,16.050235748291016
118.15105125400032,4.110035536851711,-23.521445038406256,-14.921798706054688,2.3127591609954834,0.9249270558357239,-0.11984872072935104,16.300945281982422
118.20026444900031,4.225066553340199,-23.500131248098523,-14.924911499023438,3.3621282202522567,0.36766929594521336,-0.12421432882547379,16.66743278503418
118.25035343200034,4.385076747361763,-23.452434041692516,-14.93017578125,2.295506000518799,0.9381274580955505,-0.12804248929023743,16.90093421936035
118.30056527900024,4.47129208192417,-23.43563387211938,-14.931900024414062,2.292644500732422,0.9348903298377991,-0.1561194360256195,17.15850257873535
118.350675744,4.638316910928015,-23.396167658844703,-14.935073852539062,2.798761221740376,0.6908561953363759,-0.10399316251277924,17.58505630493164
118.40079188500022,4.740852733859505,-23.36871806646876,-14.935653686523438,2.257476806640625,0.9866271018981934,-0.11485683917999268,17.851961135864258
118.45024845200032,4.898107436694394,-23.32127966061721,-14.934906005859375,2.9022283244671327,0.6329760431638778,-0.12169340252876282,18.227027893066406
118.50017936199993,4.982739137902849,-23.30021413862773,-14.9351806640625,2.2397947311401367,0.9561895132064819,-0.11401243507862091,18.491657257080078
118.55037684800027,5.0759560335488025,-23.283716336181282,-14.933090209960938,2.92147883200087,0.6299220150926932,-0.12769468128681183,18.902191162109375
118.60080027699996,5.236073758094324,-23.21967094648861,-14.925765991210938,2.1812357902526855,1.005998969078064,-0.05587959289550781,19.100086212158203
118.65030852000018,5.326044561773292,-23.199305392517054,-14.923080444335938,2.89140638554703,0.683722753145205,-0.08096514642238617,19.46345329284668
118.70042106100027,5.474966575789265,-23.14480422177428,-14.912750244140625,2.181993246078491,1.0088297128677368,-0.0877828374505043,19.69734764099121
118.75055409800007,5.55801069020769,-23.121349358733852,-14.90875244140625,2.176546096801758,1.0075763463974,-0.07471634447574615,19.933656692504883
118.80021462400009,5.726598062090257,-23.060916255104242,-14.901824951171875,2.7278363907000727,0.7092720222994457,-0.0907278060913086,20.25327491760254
118.85022159000027,5.807499006296251,-23.03672231117524,-14.899749755859375,2.1534576416015625,0.9824665784835815,-0.08009328693151474,20.492517471313477
118.90089258300031,5.955079775992907,-22.979129190409687,-14.894256591796875,2.598936243701338,0.7972938586713326,-0.06596028804779053,20.763898849487305
118.95047435100014,6.0350792103968285,-22.950466619768953,-14.889129638671875,2.120504856109619,1.0114747285842896,-0.06184057891368866,21.003999710083008
119.00113129800002,6.121325880076984,-22.92395326496621,-14.885086059570312,3.4040790286331264,0.4746018638524162,-0.09865094721317291,21.334259033203125
119.05120680900018,6.282247944735236,-22.845685365548434,-14.878646850585938,2.655749768540524,0.7934321374503772,-0.10866791009902954,21.552560806274414
119.10298499600003,6.365539444342495,-22.81415627305023,-14.875518798828125,2.7052856533729353,0.7658421449038928,-0.12640097737312317,21.80237579345703
119.15069975699998,6.5174751163389715,-22.744956003361622,-14.872360229492188,3.1274780892539438,0.6109687380284312,-0.1449485719203949,22.068998336791992
119.20157359800032,6.596052069773437,-22.713059718861416,-14.872360229492188,2.6331688841155696,0.8268356236520638,-0.13616116344928741,22.288232803344727
119.2513495359999,6.755218482485211,-22.633126893874955,-14.873458862304688,2.611462836044412,0.8655006786791508,-0.13527654111385345,22.525253295898438
119.30375700600007,6.835454638632805,-22.600913197860926,-14.873092651367188,2.7082727919043643,0.8399718307269683,-0.11237656325101852,22.781661987304688
119.35087655200005,6.975167980155502,-22.525719632889665,-14.867111206054688,2.7756075787916648,0.8250938902156902,-0.10051899403333664,23.071182250976562
119.40126864400008,7.045807834242616,-22.488833626669493,-14.86468505859375,2.5372900811778107,0.9109151276252112,-0.07360194623470306,23.211910247802734
119.45033365000018,7.198477776495409,-22.403885719421908,-14.8587646484375,2.0505683422088623,1.1117738485336304,-0.09861806780099869,23.437578201293945
119.5026421120001,7.268445229849014,-22.36667601957724,-14.85772705078125,2.0429205894470215,1.1240681409835815,-0.09675769507884979,23.561580657958984
119.5507419720002,7.414090737541068,-22.29513829063477,-14.856124877929688,2.025613307952881,1.1246291399002075,-0.10526412725448608,23.926111221313477
119.60064347100024,7.535923649787847,-22.27827029333197,-14.855545043945312,4.627701636325687,0.16177836088645436,-0.11482391506433487,24.833982467651367
119.6501525890003,7.694398000876223,-22.198747684292844,-14.856246948242188,2.044881582260132,1.0639508962631226,-0.10729485750198364,25.171443939208984
119.70026086000007,7.778841658799578,-22.167318466373317,-14.851058959960938,2.8076521954971954,0.79502127946939,-0.10268919169902802,25.556699752807617
119.75049750200014,7.913192304969801,-22.093095726332443,-14.843475341796875,2.0401880741119385,1.0515875816345215,-0.12731625139713287,25.79942512512207
119.80059712899993,7.994928680012698,-22.06245266137452,-14.841339111328125,2.6276976894400867,0.8265474470331694,-0.14429505169391632,26.11992645263672
119.85084723,8.08343285729269,-22.021718561123503,-14.839340209960938,2.046236991882324,1.0113309621810913,-0.15375062823295593,26.35195541381836
119.90058351100015,8.216295019796487,-21.954596220647783,-14.839065551757812,2.0676016807556152,0.9849262237548828,-0.15980497002601624,26.564794540405273
119.95045613000002,8.29823345966553,-21.926284455717898,-14.838821411132812,2.6748881762051395,0.7949378786746369,-0.17059341073036194,26.891820907592773
120.00092937,8.434723306103653,-21.861123997863668,-14.838088989257812,2.0785624980926514,0.978961706161499,-0.16699707508087158,27.150278091430664
120.05022151499998,8.53769869580903,-21.826587289723456,-14.838546752929688,2.875839457979738,0.6940028747915354,-0.15728139877319336,27.538040161132812
120.10021093700016,8.676430816361338,-21.762304622983,-14.839645385742188,2.079828977584839,0.9495083093643188,-0.15170660614967346,27.790842056274414
120.15060587800008,8.76612574552725,-21.7363676121169,-14.841232299804688,2.8851117600689986,0.691597499191372,-0.16988970339298248,28.19083595275879
120.20076160200006,8.903838593312312,-21.674219498569016,-14.839691162109375,2.0694010257720947,0.9397158026695251,-0.1733570396900177,28.43623161315918
120.25071542100022,9.00413163696147,-21.640278060339188,-14.836685180664062,2.7905277857848585,0.7183992080846082,-0.1763555109500885,28.81162452697754
120.30062982200025,9.14020428647477,-21.57850768662219,-14.833267211914062,2.07356333732605,0.9245384335517883,-0.1435680240392685,29.042030334472656
120.35028846100022,9.21743916693817,-21.547020982897767,-14.832046508789062,2.0690290927886963,0.9446963667869568,-0.14376035332679749,29.30829620361328
120.4002394879999,9.363152478877897,-21.481517889064595,-14.830490112304688,2.681530439862696,0.7811900194451648,-0.12115957587957382,29.693140029907227
120.45082496100031,9.453819436050981,-21.43959743561766,-14.829025268554688,2.062445640563965,0.9477162957191467,-0.1405504196882248,29.935890197753906
120.50065690200017,9.598345299948328,-21.370050008290594,-14.82696533203125,2.7734158956681174,0.7868551980497871,-0.15652267634868622,30.334009170532227
120.55088735200025,9.676629309089876,-21.336693943198156,-14.826797485351562,2.045778751373291,0.9998829960823059,-0.1464870721101761,30.602230072021484
120.60120434400005,9.760511339278983,-21.303108631634696,-14.823165893554688,2.7554563856760876,0.8307061236193348,-0.13191165030002594,30.981037139892578
120.650100544,9.907511681249733,-21.216713998653105,-14.813507080078125,2.034058094024658,1.0422022342681885,-0.11554114520549774,31.23079490661621
120.70047226299994,9.987504358116558,-21.181416764206226,-14.811080932617188,2.549095289626261,0.9429650545093909,-0.15399344265460968,31.531641006469727
120.7503306460003,10.125175233255467,-21.092767594404023,-14.804458618164062,2.000725507736206,1.134619951248169,-0.14429205656051636,31.817214965820312
120.80014173900008,10.20093162703113,-21.05004530558277,-14.802459716796875,2.0067760944366455,1.1538465023040771,-0.16465997695922852,32.04805374145508
120.85089472500022,10.360317474685136,-20.947026002310487,-14.79888916015625,2.6501547967938968,1.0004121643264685,-0.17201252281665802,32.43780517578125
120.90152782800033,10.439057588854897,-20.90343611080057,-14.798080444335938,2.6122027062270625,1.0123011824117398,-0.183598592877388,32.711509704589844
120.95036948100005,10.574540593146622,-20.81154646067589,-14.799179077148438,2.0058915615081787,1.1489710807800293,-0.20127275586128235,32.97391128540039
121.00038795299997,10.656593142833174,-20.767274328818303,-14.799240112304688,1.9798747301101685,1.1695432662963867,-0.17800505459308624,33.343162536621094
121.05120208300013,10.808777433254555,-20.662856678691426,-14.801742553710938,2.6929465750154846,1.039602712250883,-0.19860289990901947,33.70516586303711
121.10029694900004,10.883196853914683,-20.616338594366482,-14.803634643554688,1.9538439512252808,1.1918585300445557,-0.2152552753686905,33.97925567626953
121.15049715100031,10.956060781303051,-20.569624155654232,-14.8062744140625,1.9522720575332642,1.1949920654296875,-0.23922176659107208,34.23168182373047
121.200477159,11.093433053822412,-20.477119606268104,-14.813980102539062,2.6864263644347695,1.0463756894163752,-0.2382529228925705,34.588382720947266
121.25068108999994,11.16532551428538,-20.430097634569634,-14.814102172851562,1.9512149095535278,1.1752431392669678,-0.2295166701078415,34.84886932373047
121.30117249600016,11.317207457701787,-20.326027200228655,-14.815948486328125,2.73956586841726,1.0205432136524997,-0.22593683004379272,35.25139236450195
121.35027396900023,11.38763956060658,-20.281024711386017,-14.8175048828125,1.9580672979354858,1.1350334882736206,-0.22634585201740265,35.47087860107422
121.40088826200008,11.513748146174384,-20.185432190511314,-14.819427490234375,2.6379058878609403,1.0000616744822208,-0.2214631736278534,35.792659759521484
121.45022817500012,11.585145949059562,-20.140704869790966,-14.821945190429688,1.937966227531433,1.123848557472229,-0.23819154500961304,36.04695129394531
121.50048727700005,11.71615158177945,-20.034094681307334,-14.82391357421875,1.900300145149231,1.149977445602417,-0.1813221573829651,36.27120590209961
121.55044134200034,11.79258616920503,-19.989238063705265,-14.823959350585938,1.8818782567977905,1.1606385707855225,-0.16858385503292084,36.62910842895508
121.60030118000032,11.915004349309202,-19.892722868004505,-14.823043823242188,1.88137686252594,1.167418122291565,-0.17136511206626892,36.905818939208984
121.65033121100032,11.992926267580758,-19.84481278961125,-14.8218994140625,2.610547177998302,1.0815022894406838,-0.17951548099517822,37.264949798583984
121.70091658599995,12.128440811371828,-19.732845506823182,-14.821548461914062,1.833505630493164,1.2298862934112549,-0.1557609587907791,37.51071548461914
121.75029388300027,12.206582397080599,-19.681783230312504,-14.816680908203125,2.5339490216646077,1.152137032977843,-0.18527324497699738,37.897132873535156
121.80102208400012,12.273422291812551,-19.63066836740348,-14.81268310546875,1.831468939781189,1.2263530492782593,-0.16310405731201172,38.11547088623047
121.85159353300014,12.404116328513782,-19.531217977742834,-14.80682373046875,3.9150659157340013,0.9832507271500748,-0.13943228125572205,38.48094940185547
121.90039568600014,12.482761608950689,-19.46692014619159,-14.803726196289062,3.5097540595998327,1.0445512203275968,-0.1755174696445465,38.683021545410156
121.95048882600031,12.597538088016778,-19.365781257225386,-14.804000854492188,1.8332672119140625,1.245561957359314,-0.19300173223018646,38.813255310058594
122.00072746100022,12.668335400743812,-19.316020219203352,-14.803115844726562,2.2903688497738157,1.1814141950931392,-0.1970495879650116,39.07346725463867
122.052092163,12.788281911099725,-19.2138798362882,-14.800247192382812,2.884186761812803,1.1266486157873103,-0.20544806122779846,39.31395721435547
122.10140666799998,12.863153431491412,-19.152753956960623,-14.80023193359375,1.8557050228118896,1.200640082359314,-0.19307173788547516,39.42857360839844
122.15079751400026,12.994537210748295,-19.054714530928813,-14.797439575195312,1.8157180547714233,1.220911979675293,-0.18530815839767456,39.889923095703125
122.20072937500026,13.087434658524302,-19.00886232828121,-14.796707153320312,2.5283113185617734,1.1636937014556428,-0.17790471017360687,40.48747253417969
122.25015223200035,13.20365246993834,-18.909777469921153,-14.79345703125,1.775857925415039,1.2400507926940918,-0.1667415201663971,40.739898681640625
122.3011211070002,13.28266988780598,-18.848367139539768,-14.791519165039062,1.7995315790176392,1.2110695838928223,-0.16916856169700623,40.966556549072266
122.35052043900032,13.414124186981635,-18.75478614125995,-14.790115356445312,2.7395488081058326,1.1091817541368205,-0.19110573828220367,41.34988784790039
122.40027732499993,13.484019701212146,-18.707429852002754,-14.787582397460938,1.8144060373306274,1.1594775915145874,-0.1918693333864212,41.613773345947266
122.45059728600017,13.615456843933911,-18.615977382587047,-14.785675048828125,2.482484337256647,1.114918389437807,-0.21360783278942108,41.996490478515625
122.50022221800009,13.696475469370782,-18.55858804089278,-14.786590576171875,1.819341778755188,1.1417709589004517,-0.2269391417503357,42.239559173583984
122.55087662899996,13.770629183987122,-18.5121240944299,-14.787811279296875,2.4057389279096486,1.134577521044484,-0.22929860651493073,42.589298248291016
122.60039896800026,13.888623831754485,-18.41938624644505,-14.79296875,1.812251091003418,1.1749175786972046,-0.24218474328517914,42.83695983886719
122.65092181799992,13.968206016678106,-18.37003304178114,-14.79583740234375,2.6101167516169537,1.1611076467086083,-0.26393160223960876,43.23885726928711
122.70022816100027,14.098233131347943,-18.257742086949982,-14.803253173828125,2.337021376660026,1.1706285475942253,-0.22016115486621857,43.45465087890625
122.75075736500003,14.171878445844957,-18.210004345709283,-14.806121826171875,1.8253957033157349,1.1892814636230469,-0.19702596962451935,43.74058532714844
122.80021697200027,14.301431838308952,-18.110217191384148,-14.805984497070312,2.401003613959598,1.2138343298786314,-0.17491981387138367,44.13916778564453
122.85085512100022,14.373287749955876,-18.06142385719813,-14.806320190429688,1.7984510660171509,1.2154309749603271,-0.17436622083187103,44.42423629760742
122.90098070600015,14.520062201964382,-17.94751608643653,-14.799102783203125,2.51349755831784,1.1768997782188977,-0.12243673950433731,44.84839630126953
122.95035669500021,14.5900524274723,-17.897266968673623,-14.794723510742188,1.811670184135437,1.1783372163772583,-0.13179191946983337,45.09084701538086
123.00076385000011,14.725718241643984,-17.796555849733053,-14.789505004882812,2.671451374480704,1.2221044950404494,-0.15658456087112427,45.50067901611328
123.05083793500035,14.795414721858101,-17.74411086786097,-14.787551879882812,1.7649815082550049,1.2306222915649414,-0.14531728625297546,45.72830581665039
123.10078734300032,14.944007191454574,-17.629075857873353,-14.784774780273438,2.610497624304478,1.2623594360247412,-0.12713134288787842,46.12750244140625
123.15059401000008,15.013844239891647,-17.57583360393539,-14.782577514648438,1.7283769845962524,1.2389992475509644,-0.13072654604911804,46.39889907836914
123.20398676200011,15.079772084798153,-17.522890075568156,-14.78118896484375,1.7328026294708252,1.2487592697143555,-0.1615796536207199,46.61958694458008
123.2519692169999,15.199542925827814,-17.419783392712585,-14.78314208984375,1.7059457302093506,1.2639440298080444,-0.21975275874137878,46.88892364501953
123.30050770600019,15.275275805221463,-17.365790609509382,-14.783233642578125,3.558023048320296,1.337463762877762,-0.21869315207004547,47.257904052734375
123.35064260900026,15.401713856162328,-17.24970095634583,-14.785171508789062,2.440651776631083,1.3205751322444337,-0.20546595752239227,47.46538162231445
123.40049776700016,15.460868930637922,-17.19801241666444,-14.786514282226562,1.6718617677688599,1.3036079406738281,-0.20345835387706757,47.5989990234375
123.45275145599999,15.577959309570481,-17.09307742877054,-14.788619995117188,1.6604121923446655,1.308508038520813,-0.22319021821022034,47.84894561767578
123.50036652100016,15.678506406095535,-17.027854744890355,-14.791183471679688,1.6505708694458008,1.302260160446167,-0.19673974812030792,48.36833190917969
123.55092567500014,15.789130344434033,-16.92037584789471,-14.791107177734375,1.601218819618225,1.329230546951294,-0.1993110030889511,48.57790756225586
123.60022441799993,15.860966947487048,-16.865468370568045,-14.7913818359375,1.6043996810913086,1.3353792428970337,-0.21217326819896698,48.91263198852539
123.65039970099997,15.972958041232252,-16.755150864041116,-14.79254150390625,1.585595965385437,1.36507248878479,-0.2120451182126999,49.15846252441406
123.70035732499991,16.04435913764114,-16.695327172789774,-14.793106079101562,2.407294287642446,1.4519299624238082,-0.20589803159236908,49.506866455078125
123.75032953300024,16.167257258278653,-16.567041914121805,-14.798080444335938,1.5350322723388672,1.4089560508728027,-0.2578209638595581,49.779537200927734
123.80079039600014,16.242429317298573,-16.50280990864014,-14.802383422851562,2.4121122087229194,1.5003360141126376,-0.2664510905742645,50.2070426940918
123.85085519099994,16.34816704299187,-16.382406310653504,-14.811843872070312,1.4939171075820923,1.4168226718902588,-0.2509698271751404,50.453857421875
123.90068638100001,16.418794763174123,-16.321472529081635,-14.8153076171875,2.167381334199332,1.4894668870960015,-0.1964808702468872,50.82447814941406
123.95073783399994,16.489624663381463,-16.24524232461496,-14.815704345703125,1.471015453338623,1.4003568887710571,-0.16113503277301788,51.075836181640625
124.00007860400001,16.604943310531215,-16.129051496222434,-14.8173828125,2.5215967547515614,1.5002547758745997,-0.16948725283145905,51.473873138427734
124.05061391300023,16.667150663420884,-16.07078811652942,-14.817596435546875,1.438034176826477,1.4107877016067505,-0.1995806097984314,51.7269401550293
124.10048526300034,16.776165156321717,-15.958038956139017,-14.817520141601562,1.4490094184875488,1.3890095949172974,-0.18686561286449432,51.9923210144043
124.15084045999993,16.859703653334265,-15.888447446852481,-14.818222045898438,2.099356114832734,1.485618132083493,-0.1909218430519104,52.35685348510742
124.20087370800002,16.96649604462013,-15.776229698621783,-14.815933227539062,1.4458718299865723,1.3906010389328003,-0.1929997354745865,52.58788299560547
124.25091978899991,17.036625080509403,-15.718794766999926,-14.815933227539062,2.108252802630256,1.5007075546168318,-0.22086571156978607,52.92772674560547
124.30061031700006,17.145334037066025,-15.607010366267374,-14.81695556640625,1.439509630203247,1.4105396270751953,-0.22244666516780853,53.18914794921875
124.3503781280001,17.23077194588426,-15.53422298564337,-14.8177490234375,2.4336273603019336,1.543780425634718,-0.20606260001659393,53.590431213378906
124.40125380600011,17.34023968144118,-15.424552014516605,-14.8199462890625,1.4478759765625,1.4185447692871094,-0.19887223839759827,53.84160614013672
124.4504793000001,17.41424574563728,-15.364311198201095,-14.818161010742188,2.2964499557109552,1.562582758987657,-0.1880623698234558,54.25837326049805
124.50067207100028,17.520156397901783,-15.2531021302014,-14.818450927734375,1.4365214109420776,1.4370280504226685,-0.23179347813129425,54.49724578857422
124.55017334900003,17.589216879957814,-15.182038343541784,-14.820648193359375,1.3987529277801514,1.459425449371338,-0.22618094086647034,54.69883346557617
124.60058593600024,17.70186462457938,-15.065012030136973,-14.826324462890625,2.1182829935645375,1.5915321092189898,-0.20918671786785126,55.07926559448242
124.65019942300023,17.76147021711623,-15.008195884605001,-14.829391479492188,1.4115486145019531,1.426092505455017,-0.20973043143749237,55.30317306518555
124.70092218500031,17.874474986576892,-14.894013752745288,-14.831893920898438,2.128134445789597,1.5845474336610246,-0.21246542036533356,55.696311950683594
124.75015297100026,17.94256941222624,-14.823571689540492,-14.833847045898438,1.3371319770812988,1.4573734998703003,-0.17618247866630554,55.918636322021484
124.80104296200034,18.01114869097305,-14.765003118360056,-14.83502197265625,1.953799398328052,1.5905522358015005,-0.1625293493270874,56.29908752441406
124.85012337200033,18.10970754382463,-14.647784567801311,-14.831619262695312,1.3236401081085205,1.4908546209335327,-0.18982626497745514,56.55158233642578
124.90032997900016,18.174847144550398,-14.587083871355421,-14.831558227539062,2.1399342503881646,1.6623125787362953,-0.18278785049915314,56.885963439941406
124.95065538900008,18.287392027984414,-14.45382919745259,-14.822311401367188,1.2959033250808716,1.5221635103225708,-0.14404654502868652,57.15935516357422
125.00065346700012,18.345226558679737,-14.392451721229122,-14.817123413085938,1.2920783758163452,1.519842267036438,-0.12536422908306122,57.395259857177734
125.05034979900029,18.45211103221976,-14.27248795672439,-14.807220458984375,1.2639464139938354,1.545753002166748,-0.12157313525676727,57.74185562133789
125.10024425000029,18.510524144184057,-14.209381938858906,-14.802520751953125,1.2357473373413086,1.5702849626541138,-0.12478740513324738,57.98084259033203
125.150520357,18.628056707857496,-14.071637014608765,-14.79534912109375,1.8956202945347116,1.793489946045918,-0.13761667907238007,58.35460662841797
125.2008703219999,18.685422885111436,-14.004360820004564,-14.792877197265625,1.1508516073226929,1.6509844064712524,-0.15192271769046783,58.6131706237793
125.25056128100005,18.785136700113213,-13.87130899398471,-14.78936767578125,1.6838245176795925,1.8317103246360116,-0.1478334218263626,58.95975875854492
125.30024788800029,18.84014370814445,-13.804412349636365,-14.788299560546875,1.1143697500228882,1.6906095743179321,-0.12437243014574051,59.211875915527344
125.35220711900001,18.943388411069428,-13.65673764294518,-14.783935546875,1.0618979930877686,1.7121282815933228,-0.10700345784425735,59.47216033935547
125.40048629500006,18.996370790646363,-13.589560535222688,-14.782394409179688,1.022657871246338,1.7357786893844604,-0.11142059415578842,59.7147216796875
125.45072802999994,19.052030005590364,-13.520848847464363,-14.780441284179688,1.4613566471663253,1.8535092199765584,-0.11922666430473328,60.00481414794922
125.50175575899993,19.13933367491887,-13.385471768509364,-14.773239135742188,1.7326388578566472,1.9660554106523536,-0.15427806973457336,60.27529525756836
125.5516916470001,19.191834241745443,-13.316207026892949,-14.771987915039062,3.353107718887829,2.4298111880157958,-0.19187051057815552,60.541236877441406
125.60036896400015,19.285752516467618,-13.161910042882289,-14.768463134765625,1.5947549405370411,1.9516987302588351,-0.19811265170574188,60.7654914855957
125.65095861400005,19.364796060524885,-13.082681717382872,-14.767959594726562,0.979804515838623,1.7721985578536987,-0.19903945922851562,61.38210678100586
125.70060339400015,19.459629905575248,-12.944267916688812,-14.7691650390625,1.5714866818660065,1.9537962348986064,-0.22207728028297424,61.715641021728516
125.75067359200011,19.512530779049946,-12.873381534569159,-14.770767211914062,0.995514452457428,1.7834458351135254,-0.22852709889411926,61.94913101196289
125.80140688200026,19.60791729364158,-12.725689006592942,-14.774658203125,0.9965964555740356,1.7526904344558716,-0.1826818883419037,62.143489837646484
125.85073352000018,19.67053892182499,-12.654234978604949,-14.776611328125,2.1377980898879887,2.109761693479898,-0.19298303127288818,62.48981475830078
125.90112768800009,19.763881043885245,-12.523555517137689,-14.782424926757812,1.9279185068056366,2.040142009130085,-0.22120769321918488,62.753597259521484
125.95236606900016,19.819523296792514,-12.456169049874802,-14.786270141601562,1.016201138496399,1.7358657121658325,-0.22588153183460236,63.01211929321289
126.00142269700018,19.886388547638834,-12.371679891435225,-14.7900390625,1.0086344480514526,1.7397078275680542,-0.223570317029953,63.28732681274414
126.05208227899993,19.975712537612107,-12.242883481963114,-14.79833984375,1.0156484842300415,1.7457280158996582,-0.23852263391017914,63.51335906982422
126.10103686599996,20.03229305445932,-12.174539978670726,-14.800521850585938,1.0402621030807495,1.7343871593475342,-0.2479180097579956,63.77943420410156
126.15054532800013,20.131197157167332,-12.042199944700132,-14.80126953125,0.9987234473228455,1.7485079765319824,-0.2390328049659729,64.10310363769531
126.2005072400002,20.209572113734303,-11.953597401697795,-14.802963256835938,1.5916040200532588,1.9758577127610335,-0.23477916419506073,64.58023834228516
126.25062739500027,20.294981558114173,-11.826841239501016,-14.8070068359375,0.9463781714439392,1.7571053504943848,-0.1921750158071518,64.7854995727539
126.30069542899992,20.362081940350844,-11.74304225894421,-14.808914184570312,1.5920331665139553,1.9923258812570517,-0.17437265813350677,65.1378402709961
126.35029372100007,20.43335123429712,-11.635139843087394,-14.810501098632812,0.9185763001441956,1.761094570159912,-0.159316748380661,65.36299133300781
126.40085749900027,20.4943586108138,-11.555056257016968,-14.811630249023438,1.600288165368322,2.0277744388674064,-0.18118424713611603,65.69573211669922
126.45118695100018,20.571838935472922,-11.434831689578356,-14.81524658203125,0.9256205558776855,1.7397130727767944,-0.17364759743213654,65.94005584716797
126.50063203500031,20.615646979516566,-11.370035898621278,-14.816085815429688,0.9067193865776062,1.751692295074463,-0.17478834092617035,66.14878845214844
126.5512067919999,20.697542380068466,-11.242038439621016,-14.818984985351562,0.8656453490257263,1.7691868543624878,-0.15742172300815582,66.51861572265625
126.60026149400028,20.74882183483955,-11.158694445152648,-14.819061279296875,0.8104200959205627,1.797889232635498,-0.164824977517128,66.80545043945312
126.65096492300017,20.81721171331485,-11.022155762619715,-14.816299438476562,1.5018944843605437,2.1296999793896987,-0.15237340331077576,67.19491577148438
126.70114843800002,20.85599663758132,-10.952991117471377,-14.815719604492188,0.7503445744514465,1.8067079782485962,-0.14868095517158508,67.45528411865234
126.75022193199993,20.919525357236964,-10.816058738869188,-14.814041137695312,1.4492039568345647,2.159984439032189,-0.13623064756393433,67.85887908935547
126.80072776599991,20.962216987868423,-10.730211567883089,-14.813796997070312,0.7105672955513,1.8191242218017578,-0.1321634203195572,68.14698791503906
126.85021228799997,21.00535548638275,-10.658574977198763,-14.814620971679688,1.3495456717329881,2.108588690182744,-0.15555304288864136,68.49800872802734
126.90043637600002,21.06013351068195,-10.527935425769535,-14.81195068359375,0.7176277041435242,1.834706425666809,-0.15776152908802032,68.70938110351562
126.95106533200033,21.09901433161275,-10.458163104474822,-14.811935424804688,0.6949923634529114,1.8575409650802612,-0.168995201587677,68.98094177246094
127.00126908500033,21.16706348914817,-10.307128377580376,-14.809127807617188,1.8416920624995645,2.359566673555123,-0.18122488260269165,69.31000518798828
127.05182145900017,21.206440793298324,-10.23647942643833,-14.808303833007812,1.2633271115883218,2.114701651303063,-0.18088491261005402,69.58206176757812
127.10026960999994,21.268415843641048,-10.101690718244688,-14.807861328125,1.3629120961760008,2.192513711734599,-0.19340796768665314,69.88797760009766
127.15081210000017,21.29905843802699,-10.034450846880631,-14.806854248046875,0.6853087544441223,1.8754862546920776,-0.18065260350704193,70.01603698730469
127.20028855500004,21.38606851982478,-9.876050282588814,-14.807769775390625,0.6909579634666443,1.8793538808822632,-0.1922370344400406,70.56951141357422
127.251001438,21.434283674690825,-9.800359654422945,-14.806747436523438,0.6660371422767639,1.8806259632110596,-0.1932670623064041,70.95217895507812
127.30109849600012,21.50378452234339,-9.661270176590529,-14.804794311523438,1.3540486409243842,2.23877284862534,-0.17157180607318878,71.33534240722656
127.35035841200033,21.54245583976697,-9.590007714973808,-14.804107666015625,0.6248990893363953,1.8966692686080933,-0.14853671193122864,71.5948486328125
127.40159852200031,21.58105734036662,-9.517313109482613,-14.79962158203125,0.6038089990615845,1.91183602809906,-0.17347083985805511,71.8538589477539
127.45038933400019,21.652327309284605,-9.361546857157423,-14.793609619140625,0.5965699553489685,1.9134478569030762,-0.16612181067466736,72.22949981689453
127.50034276099996,21.692310193946426,-9.289122547567356,-14.792266845703125,0.5960766077041626,1.9132133722305298,-0.177214577794075,72.51963806152344
127.55174228000033,21.753006990935152,-9.159286429739826,-14.78973388671875,1.6462563215713046,2.4587605075665415,-0.13821224868297577,72.77403259277344
127.60227932499993,21.78590397301707,-9.092860838097845,-14.78857421875,0.7697412889113483,2.0186486838673567,-0.12702873349189758,72.9569091796875
127.65113300400026,21.864729559000086,-8.940385435655642,-14.787017822265625,1.3335054606742993,2.3177183207328134,-0.14457936584949493,73.39107513427734
127.70059005800022,21.903711194209134,-8.870653163821054,-14.7867431640625,0.5886346101760864,1.90884530544281,-0.13142448663711548,73.63777160644531
127.75040436200015,21.96448544524322,-8.738781694263862,-14.786148071289062,1.1313279603668378,2.260308766498845,-0.12081048637628555,73.92437744140625
127.80183891000024,21.99726811838842,-8.670887378023396,-14.785491943359375,0.5182653665542603,1.9325586557388306,-0.12539972364902496,74.13204956054688
127.85056031300019,22.054350312675318,-8.526204803754494,-14.786087036132812,0.4965576231479645,1.9481375217437744,-0.1383734494447708,74.367919921875
127.90042420000009,22.09393643308398,-8.450302320154567,-14.786224365234375,0.49334535002708435,1.9655964374542236,-0.1586310863494873,74.72724151611328
127.95112230399991,22.14228424210977,-8.314566916957116,-14.789794921875,0.5044513940811157,1.986796498298645,-0.1917562484741211,74.9744873046875
128.0003586820003,22.181221692112615,-8.238195168684456,-14.792526245117188,1.1030988000482171,2.3542428140420255,-0.17634908854961395,75.32257080078125
128.050250367,22.21801734524424,-8.148629976318073,-14.796768188476562,0.4704577922821045,2.0026965141296387,-0.18726664781570435,75.57123565673828
128.10183310599996,22.265071733652572,-8.012212225975626,-14.805953979492188,0.48757368326187134,2.00358510017395,-0.21232329308986664,75.78888702392578
128.15149836799992,22.299112684745854,-7.936644096185685,-14.811691284179688,0.44558367133140564,2.028549909591675,-0.2271280586719513,76.0953140258789
128.201799855,22.337630167921546,-7.801576374606711,-14.82415771484375,0.45120885968208313,2.027132511138916,-0.21463903784751892,76.28929901123047
128.25134438800023,22.369021911333657,-7.7125625515298,-14.832412719726562,1.0223836792651562,2.372869803616637,-0.21647028625011444,76.52637481689453
128.30059058999996,22.40850864051001,-7.576587338571214,-14.84552001953125,0.42201781272888184,2.0346434116363525,-0.22312688827514648,76.75421142578125
128.3512889120002,22.439828303579002,-7.50103928762999,-14.851898193359375,0.42528975009918213,2.0428359508514404,-0.2144351303577423,77.0569839477539
128.4008512270002,22.48267868708905,-7.362264690380352,-14.863204956054688,0.39486661553382874,2.0636045932769775,-0.22199687361717224,77.35543823242188
128.45031035300008,22.514046742341545,-7.272735798124152,-14.869384765625,0.7774996735497695,2.3145220487748017,-0.21044228971004486,77.6134033203125
128.50131951499998,22.554012595846523,-7.135322412108353,-14.8780517578125,1.5457839974328218,2.8120566704342016,-0.16356471180915833,77.8712158203125
128.5511917560002,22.5797719657801,-7.061055392677947,-14.881103515625,1.1961543599418885,2.6058944775792514,-0.15532386302947998,78.12254333496094
128.60168326500025,22.618458137821364,-6.9779291034029125,-14.884567260742188,1.4593851977276469,2.7949013271642484,-0.16035646200180054,78.58636474609375
128.650976936,22.68653254262262,-6.802871943272578,-14.891326904296875,0.3483129143714905,2.043597459793091,-0.13189375400543213,79.32852935791016
128.70020821100024,22.729621452025942,-6.657978946603999,-14.895538330078125,0.8640069562640578,2.4480736925814734,-0.11889715492725372,79.73374938964844
128.75093224800003,22.75318388132126,-6.583479602943798,-14.897552490234375,0.30739155411720276,2.0433177947998047,-0.11043311655521393,79.98461151123047
128.800575965,22.78252939197164,-6.5031846148897925,-14.898223876953125,0.8109558161915389,2.422376305530621,-0.12309110909700394,80.3572769165039
128.85028905100035,22.809368708951236,-6.34870115393235,-14.89990234375,0.2968352437019348,2.061171770095825,-0.09094419330358505,80.56522369384766
128.90145675700023,22.827804954279195,-6.275005901875154,-14.900314331054688,0.2742641568183899,2.081479072570801,-0.08723323047161102,80.76318359375
128.95157082600008,22.861824452495814,-6.125281678665307,-14.899368286132812,1.2095313681707767,2.7343272035034367,-0.10546640306711197,81.1255111694336
129.0012975720001,22.880512243770365,-6.050100083328432,-14.899871826171875,1.115879231809478,2.67143151176438,-0.08767677843570709,81.3155746459961
129.0520017470003,22.91315566316493,-5.889377518134523,-14.90155029296875,0.3276721239089966,2.101433277130127,-0.10217024385929108,81.54257202148438
129.10205390600004,22.928847855644673,-5.817826326284015,-14.903213500976562,0.33678901195526123,2.1067543029785156,-0.11435142159461975,81.642578125
129.15215615000034,22.96044819951173,-5.7343259424172315,-14.90570068359375,1.446031873088424,2.9511805366495647,-0.11402665078639984,82.00944519042969
129.20045116500023,22.99275740004876,-5.589827885423521,-14.907440185546875,0.31803005933761597,2.1056485176086426,-0.11457505822181702,82.26008605957031
129.25156185600008,23.017226762023217,-5.511145272894838,-14.909103393554688,0.30741164088249207,2.1109981536865234,-0.12181001901626587,82.52493286132812
129.30159321600013,23.053559308682722,-5.345584157459083,-14.9129638671875,0.7040296541722648,2.4616775071350645,-0.11738519370555878,82.85205078125
129.35059817899992,23.073100613233258,-5.2676072800211085,-14.914443969726562,0.7898240136136953,2.5520574789563115,-0.11034919321537018,83.08489227294922
129.4014629090002,23.09862461865924,-5.121298509185377,-14.917098999023438,0.5679097822147773,2.3866825621832084,-0.07531475275754929,83.3373794555664
129.45236951000015,23.115505319620237,-5.042200442725202,-14.914642333984375,0.2145295888185501,2.1124889850616455,-0.06489060819149017,83.59689331054688
129.50054596500013,23.138534019355326,-4.875903944639888,-14.910552978515625,0.17836952209472656,2.129815101623535,-0.04185856878757477,83.91583251953125
129.55027663500005,23.183527818214092,-4.772884049928126,-14.909469604492188,0.1355423480272293,2.138225793838501,-0.055066075176000595,84.68025970458984
129.60026626700028,23.1974136768019,-4.628928685260583,-14.911041259765625,0.10708963125944138,2.1534829139709473,-0.061583321541547775,84.92505645751953
129.65028781799992,23.21961240743366,-4.543666225889586,-14.912643432617188,0.09264698624610901,2.1569197177886963,-0.07587911933660507,85.31419372558594
129.70048519500006,23.2293674445076,-4.379707674890022,-14.91552734375,0.10600561648607254,2.167461395263672,-0.09335486590862274,85.5354995727539
129.75065914300012,23.24585468140954,-4.295264515799756,-14.91790771484375,0.5452016887230557,2.544822282113162,-0.10080965608358383,85.85498809814453
129.8008997500001,23.26023157401366,-4.143188654044459,-14.92291259765625,0.11978887766599655,2.17128849029541,-0.09441875666379929,86.106201171875
129.85100708900018,23.28311146444051,-4.052823083096725,-14.925827026367188,0.8126635305842683,2.7786926992797842,-0.11111468076705933,86.49011993408203
129.9009167930003,23.301498509357053,-3.8808960047609444,-14.933944702148438,0.15279607474803925,2.1877353191375732,-0.11374024301767349,86.71495819091797
129.9502404929999,23.323302497603123,-3.792325749776844,-14.934356689453125,0.9312592293790276,2.8778444208689344,-0.1093287244439125,87.04398345947266
