t,px,py,pz,vx,vy,vz,yaw_deg
0.007400494000194158,20.0,0.0,-15.0,0.0,0.0,0.0,90.0
0.0501820930003305,20.0,0.0,-15.0,0.0,0.0,0.0,90.0
0.10097844000028999,20.0,0.0,-15.0,0.0,0.0,0.0,90.0
0.15118519499992544,20.0,0.0,-15.0,0.0,0.0,0.0,90.0
0.2002302169998984,20.0,0.0,-15.0,0.0,0.0,0.0,90.0
0.25086051000016596,20.0,0.0,-15.0,0.0,0.0,0.0,90.0
0.3010007160000896,20.0,0.0,-15.0,0.0,0.0,0.0,90.0
0.35034221400019305,20.0,0.0,-15.0,0.0,0.0,0.0,90.0
0.40064468099990336,20.0,0.0,-15.0,0.0,0.0,0.0,90.0
0.4505895320003219,20.0,0.0,-15.0,0.0,0.0,0.0,90.0
0.5008119940002871,20.0,0.0,-15.0,0.0,0.0,0.0,90.0
0.550692958000127,20.0,0.0,-15.0,0.0,0.0,0.0,90.0
0.600640205000218,20.0,0.0,-15.0,0.0,0.0,0.0,90.0
0.651435193999987,20.0,0.0,-15.0,0.0,0.0,0.0,90.0
0.7007985170002939,20.0,0.0,-15.0,0.0,0.0,0.0,90.0
0.7507378720001725,20.0,0.0,-15.0,0.0,0.0,0.0,90.0
0.8001332450003247,20.0,0.0,-15.0,0.0,0.0,0.0,90.0
0.8503399940000236,20.0,0.0,-15.0,0.0,0.0,0.0,90.0
0.9010609040001327,20.0,0.0,-15.0,0.0,0.0,0.0,90.0
0.9508264999999483,20.0,0.0,-15.0,0.0,0.0,0.0,90.0
1.0008574749999752,20.0,0.0,-15.0,0.0,0.0,0.0,90.0
1.0502323380001144,20.0,0.0,-15.0,0.0,0.0,0.0,90.0
1.1011303029999908,20.0,0.0,-15.0,0.0,0.0,0.0,90.0
1.1502780340001664,20.0,0.0,-15.0,0.0,0.0,0.0,90.0
1.2009871660002318,20.0,0.0,-15.0,0.0,0.0,0.0,90.0
1.2502457240002514,20.0,0.0,-15.0,0.0,0.0,0.0,90.0
1.3007697420002842,20.0,0.0,-15.0,0.0,0.0,0.0,90.0
1.350425161000203,20.0,0.0,-15.0,0.0,0.0,0.0,90.0
1.400997524000104,20.0,0.0,-15.0,0.0,0.0,0.0,90.0
1.450209126000118,20.0,0.0,-15.0,0.0,0.0,0.0,90.0
1.5005809790000058,20.0,0.0,-15.0,0.0,0.0,0.0,90.0
1.5507714760001363,20.0,0.0,-15.0,0.0,0.0,0.0,90.0
1.6004291409999496,20.0,0.0,-15.0,0.0,0.0,0.0,90.0
1.650555754999914,20.0,0.0,-15.0,0.0,0.0,0.0,90.0
1.700614534000124,20.0,0.0,-15.0,0.0,0.0,0.0,90.0
1.7508543880003344,20.0,0.0,-15.0,0.0,0.0,0.0,90.0
1.8002685890000976,20.0,0.0,-15.0,0.0,0.0,0.0,90.0
1.851111463000052,20.0,0.0,-15.0,0.0,0.0,0.0,90.0
1.9005844670000442,20.0,0.0,-15.0,0.0,0.0,0.0,90.0
1.9505167600000277,20.0,0.0,-15.0,0.0,0.0,0.0,90.0
2.0008200740003304,20.0,0.0,-15.0,0.0,0.0,0.0,90.0
2.0503630910002357,20.0,0.0,-15.0,0.0,0.0,0.0,90.0
2.1006961910002246,20.0,0.0,-15.0,0.0,0.0,0.0,90.0
2.1503856520002955,20.0,0.0,-15.0,0.0,0.0,0.0,90.0
2.2007912770000075,20.0,0.0,-15.0,0.0,0.0,0.0,90.0
2.250637009000002,20.0,0.0,-15.0,0.0,0.0,0.0,90.0
2.3005925880001996,20.0,0.0,-15.0,0.0,0.0,0.0,90.0
2.350755328000105,20.0,0.0,-15.0,0.0,0.0,0.0,90.0
2.4003416710002057,20.0,0.0,-15.0,0.0,0.0,0.0,90.0
2.4505606460002127,20.0,0.0,-15.0,0.0,0.0,0.0,90.0
2.500321711000197,20.0,0.0,-15.0,0.0,0.0,0.0,90.0
2.5504349590000857,20.0,0.0,-15.0,0.0,0.0,0.0,90.0
2.601149861000067,20.0,0.0,-15.0,0.0,0.0,0.0,90.0
2.6506060930000785,20.0,0.0,-15.0,0.0,0.0,0.0,90.0
2.7014427210001486,20.0,0.0,-15.0,0.0,0.0,0.0,90.0
2.750331219000145,20.0,0.0,-15.0,0.0,0.0,0.0,90.0
2.8003205300001355,20.0,0.0,-15.0,0.0,0.0,0.0,90.0
2.850328379000075,20.0,0.0,-15.0,0.0,0.0,0.0,90.0
2.900310177999927,20.0,0.0,-15.0,0.0,0.0,0.0,90.0
2.9504720710001493,20.0,0.0,-15.0,0.0,0.0,0.0,90.0
3.000388337000004,20.0,0.0,-15.0,0.0,0.0,0.0,90.0
3.050131228000282,20.0,0.0,-15.0,0.0,0.0,0.0,90.0
3.100257600000077,20.0,0.0,-15.0,0.0,0.0,0.0,90.0
3.1502790130002722,20.0,0.0,-15.0,0.0,0.0,0.0,90.0
3.200529906000156,20.0,0.0,-15.0,0.0,0.0,0.0,90.0
3.2511159450000378,20.0,0.0,-15.0,0.0,0.0,0.0,90.0
3.3014601600002607,20.0,0.0,-15.0,0.0,0.0,0.0,90.0
3.3517794009999307,20.0,0.0,-15.0,0.0,0.0,0.0,90.0
3.4005157260003216,20.0,0.0,-15.0,0.0,0.0,0.0,90.0
3.4513922510000157,20.0,0.0,-15.0,0.0,0.0,0.0,90.0
3.5017377859999215,20.0,0.0,-15.0,0.0,0.0,0.0,90.0
3.550675811000019,20.0,0.0,-15.0,0.0,0.0,0.0,90.0
3.6010744730001534,20.0,0.0,-15.0,0.0,0.0,0.0,90.0
3.6509547539999403,20.0,0.0,-15.0,0.0,0.0,0.0,90.0
3.7007926139999654,20.0,0.0,-15.0,0.0,0.0,0.0,90.0
3.7511218340000596,20.0,0.0,-15.0,0.0,0.0,0.0,90.0
3.80028653699992,20.0,0.0,-15.0,0.0,0.0,0.0,90.0
3.8502802530001645,20.0,0.0,-15.0,0.0,0.0,0.0,90.0
3.900356749999901,20.0,0.0,-15.0,0.0,0.0,0.0,90.0
3.950622943000326,20.0,0.0,-15.0,0.0,0.0,0.0,90.0
4.000451942999916,20.0,0.0,-15.0,0.0,0.0,0.0,90.0
4.050814381000237,20.0,0.0,-15.0,0.0,0.0,0.0,90.0
4.10029529700023,20.0,0.0,-15.0,0.0,0.0,0.0,90.0
4.150635139000315,20.0,0.0,-15.0,0.0,0.0,0.0,90.0
4.20026368400022,20.0,0.0,-15.0,0.0,0.0,0.0,90.0
4.250857599000028,20.0,0.0,-15.0,0.0,0.0,0.0,90.0
4.300953378000031,20.0,0.0,-15.0,0.0,0.0,0.0,90.0
4.350803117999931,20.0,0.0,-15.0,0.0,0.0,0.0,90.0
4.400365596000029,20.0,0.0,-15.0,0.0,0.0,0.0,90.0
4.451585596000314,20.0,0.0,-15.0,0.0,0.0,0.0,90.0
4.502640402999987,20.0,0.0,-15.0,0.0,0.0,0.0,90.0
4.553371960000277,20.0,0.0,-15.0,0.0,0.0,0.0,90.0
4.600360447000185,20.0,0.0,-15.0,0.0,0.0,0.0,90.0
4.650145858000087,20.0,0.0,-15.0,0.0,0.0,0.0,90.0
4.700223111000014,20.0,0.0,-15.0,0.0,0.0,0.0,90.0
4.7505550260002565,20.0,0.0,-15.0,0.0,0.0,0.0,90.0
4.800424616000328,20.0,0.0,-15.0,0.0,0.0,0.0,90.0
4.850552912000239,20.0,0.0,-15.0,0.0,0.0,0.0,90.0
4.900333142999898,20.0,0.0,-15.0,0.0,0.0,0.0,90.0
4.950598987999911,20.0,0.0,-15.0,0.0,0.0,0.0,90.0
5.000736287000109,20.0,0.0,-15.0,0.0,0.0,0.0,90.0
5.052694872000302,20.0,0.0,-15.0,0.0,0.0,0.0,90.0
5.100708850000046,20.0,0.0,-15.0,0.0,0.0,0.0,90.0
5.152708930000244,20.0,0.0,-15.0,0.0,0.0,0.0,90.0
5.2012782690003405,20.0,0.0,-15.0,0.0,0.0,0.0,90.0
5.251334609999958,20.0,0.0,-15.0,0.0,0.0,0.0,90.0
5.3023500369999965,20.0,0.0,-15.0,0.0,0.0,0.0,90.0
5.352477120999993,20.0,0.0,-15.0,0.0,0.0,0.0,90.0
5.40267255200024,20.0,0.0,-15.0,0.0,0.0,0.0,90.0
5.452045519999956,20.0,0.0,-15.0,0.0,0.0,0.0,90.0
5.502332347999982,20.0,0.0,-15.0,0.0,0.0,0.0,90.0
5.552602055000079,20.0,0.0,-15.0,0.0,0.0,0.0,90.0
5.600175383000078,20.0,0.0,-15.0,0.0,0.0,0.0,90.0
5.650344895000217,20.0,0.0,-15.0,0.0,0.0,0.0,90.0
5.700194476999968,20.0,0.0,-15.0,0.0,0.0,0.0,90.0
5.75042817800022,20.0,0.0,-15.0,0.0,0.0,0.0,90.0
5.800323503000072,20.0,0.0,-15.0,0.0,0.0,0.0,90.0
5.851598307000131,20.0,0.0,-15.0,0.0,0.0,0.0,90.0
5.900478176999968,20.0,0.0,-15.0,0.0,0.0,0.0,90.0
5.952032729000166,20.0,0.0,-15.0,0.0,0.0,0.0,90.0
6.002522752999994,20.0,0.0,-15.0,0.0,0.0,0.0,90.0
6.05227749200003,20.0,0.0,-15.0,0.0,0.0,0.0,90.0
6.101440091000313,20.0,0.0,-15.0,0.0,0.0,0.0,90.0
6.158216564000213,20.0,0.0,-15.0,0.0,0.0,0.0,90.0
6.20053136200022,20.0,0.0,-15.0,0.0,0.0,0.0,90.0
6.2519459620002635,20.0,0.0,-15.0,0.0,0.0,0.0,90.0
6.302242997000121,20.0,0.0,-15.0,0.0,0.0,0.0,90.0
6.353855260000273,20.0,0.0,-15.0,0.0,0.0,0.0,90.0
6.4047302809999564,20.0,0.0,-15.0,0.0,0.0,0.0,90.0
6.451671718999933,20.0,0.0,-15.0,0.0,0.0,0.0,90.0
6.502261806000206,20.0,0.0,-15.0,0.0,0.0,0.0,90.0
6.551467371999934,20.0,0.0,-15.0,0.0,0.0,0.0,90.0
6.600214552000125,20.0,0.0,-15.0,0.0,0.0,0.0,90.0
6.650654515000042,20.0,0.0,-15.0,0.0,0.0,0.0,90.0
6.700626576000104,20.0,0.0,-15.0,0.0,0.0,0.0,90.0
6.750271862000318,20.0,0.0,-15.0,0.0,0.0,0.0,90.0
6.80056837400025,20.0,0.0,-15.0,0.0,0.0,0.0,90.0
6.851012697999977,20.0,0.0,-15.0,0.0,0.0,0.0,90.0
6.901279752999926,20.0,0.0,-15.0,0.0,0.0,0.0,90.0
6.950454703000105,20.0,0.0,-15.0,0.0,0.0,0.0,90.0
7.001761128999988,20.0,0.0,-15.0,0.0,0.0,0.0,90.0
7.050609036999958,20.0,0.0,-15.0,0.0,0.0,0.0,90.0
7.102402285000153,20.0,0.0,-15.0,0.0,0.0,0.0,90.0
7.150314762000107,20.0,0.0,-15.0,0.0,0.0,0.0,90.0
7.202285028000006,20.0,0.0,-15.0,0.0,0.0,0.0,90.0
7.250826988999961,20.0,0.0,-15.0,0.0,0.0,0.0,90.0
7.301762899000096,20.0,0.0,-15.0,0.0,0.0,0.0,90.0
7.351624904000346,20.0,0.0,-15.0,0.0,0.0,0.0,90.0
7.400870878000205,20.0,0.0,-15.0,0.0,0.0,0.0,90.0
7.451591995999934,20.0,0.0,-15.0,0.0,0.0,0.0,90.0
7.500707723000232,20.0,0.0,-15.0,0.0,0.0,0.0,90.0
7.55201904400019,20.0,0.0,-15.0,0.0,0.0,0.0,90.0
7.600530538999919,20.0,0.0,-15.0,0.0,0.0,0.0,90.0
7.650525764000122,20.0,0.0,-15.0,0.0,0.0,0.0,90.0
7.701017718000003,20.0,0.0,-15.0,0.0,0.0,0.0,90.0
7.75151893400016,20.0,0.0,-15.0,0.0,0.0,0.0,90.0
7.801613634000205,20.0,0.0,-15.0,0.0,0.0,0.0,90.0
7.850352334000036,20.0,0.0,-15.0,0.0,0.0,0.0,90.0
7.900995046999924,20.0,0.0,-15.0,0.0,0.0,0.0,90.0
7.952348568000161,20.0,0.0,-15.0,0.0,0.0,0.0,90.0
8.001530986000034,20.0,0.0,-15.0,0.0,0.0,0.0,90.0
8.052242624999963,20.0,0.0,-15.0,0.0,0.0,0.0,90.0
8.101554085000316,20.0,0.0,-15.0,0.0,0.0,0.0,90.0
8.150153384000077,20.0,0.0,-15.0,0.0,0.0,0.0,90.0
8.201002950000202,20.0,0.0,-15.0,0.0,0.0,0.0,90.0
8.251257984999938,20.0,0.0,-15.0,0.0,0.0,0.0,90.0
8.30107841400013,20.0,0.0,-15.0,0.0,0.0,0.0,90.0
8.351201756000137,20.0,0.0,-15.0,0.0,0.0,0.0,90.0
8.400527619000059,20.0,0.0,-15.0,0.0,0.0,0.0,90.0
8.451004499000192,20.0,0.0,-15.0,0.0,0.0,0.0,90.0
8.500506900000346,20.0,0.0,-15.0,0.0,0.0,0.0,90.0
8.5503023629999,20.0,0.0,-15.0,0.0,0.0,0.0,90.0
8.601102107000315,20.0,0.0,-15.0,0.0,0.0,0.0,90.0
8.650997339000241,20.0,0.0,-15.0,0.0,0.0,0.0,90.0
8.700219414000003,20.0,0.0,-15.0,0.0,0.0,0.0,90.0
8.750742798999909,20.0,0.0,-15.0,0.0,0.0,0.0,90.0
8.800948865999999,20.0,0.0,-15.0,0.0,0.0,0.0,90.0
8.851932495000256,20.0,0.0,-15.0,0.0,0.0,0.0,90.0
8.900594189000003,20.0,0.0,-15.0,0.0,0.0,0.0,90.0
8.950774650000312,20.0,0.0,-15.0,0.0,0.0,0.0,90.0
9.001139746000263,20.0,0.0,-15.0,0.0,0.0,0.0,90.0
9.050894313000299,20.0,0.0,-15.0,0.0,0.0,0.0,90.0
9.100558444999933,20.0,0.0,-15.0,0.0,0.0,0.0,90.0
9.150720138999986,20.0,0.0,-15.0,0.0,0.0,0.0,90.0
9.20022028600033,20.0,0.0,-15.0,0.0,0.0,0.0,90.0
9.250304204000258,20.0,0.0,-15.0,0.0,0.0,0.0,90.0
9.300913590000164,20.0,0.0,-15.0,0.0,0.0,0.0,90.0
9.350827261000177,20.0,0.0,-15.0,0.0,0.0,0.0,90.0
9.400555639000231,20.0,0.0,-15.0,0.0,0.0,0.0,90.0
9.450488788000257,20.0,0.0,-15.0,0.0,0.0,0.0,90.0
9.500110663000214,20.0,0.0,-15.0,-5.975802011562563e-06,0.00023172832244836171,0.0,90.0
9.550106884000343,20.0,0.0,-15.0,-0.0027057717360186077,0.10492381509671758,0.0,90.0
9.601343090000228,20.0,0.0,-15.0,-0.0054725268600125014,0.21221243046047675,0.0,90.0
9.650710058000186,20.0,0.0,-15.0,-0.008138343132010359,0.3155868614523897,0.0,90.0
9.702490063999903,20.0,0.0,-15.0,-0.010934463455995188,0.4240141940157973,0.0,90.0
9.751042710000092,20.0,0.0,-15.0,-0.013556306340005507,0.5256834347401936,0.0,90.0
9.800152609000179,20.0,0.0,-15.0,-0.016208240886010278,0.6285195632463746,0.0,90.0
9.850879975000225,20.0,0.0,-15.0,-0.018947518650012887,0.7347426676504719,0.0,90.0
9.900313405999896,20.0,0.0,-15.0,-0.021616923923995182,0.8382562721637814,0.0,90.0
9.95361001800029,20.0,0.0,-15.0,-0.024494940972016613,0.9498593776926081,0.0,90.0
10.000515548000294,19.999972160407985,0.0010795575126157928,-15.0,-0.02708558096804984,1.0480764642246139,0.0,90.00309328800176
10.051050917000339,19.997243250481983,0.10690062019870947,-15.0,-0.035474452222057105,1.1535943146967074,0.0,90.30630550200203
10.100431821000257,19.994576681665986,0.2103042331745373,-15.0,-0.043671682286043303,1.2567016422485358,0.0,90.60259092600154
10.150904441999955,19.991851160132,0.3159939015479067,-15.0,-0.05205013737199315,1.362088474895907,0.0,90.90542665199973
10.20099660599999,19.989146183276,0.4208868929639784,-15.0,-0.060365436595998676,1.4666809133279786,0.0,91.20597963599994
10.250589063000007,19.986468190598,0.5247334979220141,-15.0,-0.06859778445800134,1.5702299635440142,0.0,91.50353437800004
10.300809961000141,19.98375626210599,0.629896058334295,-15.0,-0.07693445352602346,1.6750911985682944,0.0,91.80485976600085
10.350828328000262,19.981055270287985,0.7346345188325476,-15.0,-0.08523750244804332,1.7795295488645462,0.0,92.10496996800157
10.400336479000089,19.978381830133994,0.8383045870261857,-15.0,-0.09345585551401447,1.8829025681521854,0.0,92.40201887400053
10.45030634800014,19.975683457207992,0.9429414927122933,-15.0,-0.10175085376802286,1.9872396546242928,0.0,92.70183808800084
10.50028552699996,19.972952602518006,1.0475961803759164,-15.0,-0.1100622448859907,2.0909948605140007,0.0,93.00171316199976
10.550775490999968,19.964571268494005,1.1530192252079323,-15.0,-0.12106905703799219,2.090086041162001,0.0,93.3046529459998
10.600976675000311,19.95623787194995,1.2578392974006491,-15.0,-0.13201291515006686,2.0891824198499944,0.0,93.60586005000187
10.650640636999924,19.947993654258013,1.3615376500558414,-15.0,-0.14283965886598232,2.0882884685340013,0.0,93.90384382199954
10.700267736000114,19.939755555823982,1.465159032768239,-15.0,-0.15365836644802366,2.087395180751998,0.0,94.20160641600069
10.751196863000132,19.931301320741976,1.5714990499442756,-15.0,-0.16476091613402732,2.0864784564659975,0.0,94.50718117800079
10.800263759000245,19.92315621600596,1.6739507287925117,-15.0,-0.17545749946205177,2.0855952523379955,0.0,94.80158255400148
10.851005972000166,19.91473300864797,1.7799004695363476,-15.0,-0.18651930189603444,2.084681892503997,0.0,95.10603583200101
10.900968595999984,19.906439213064004,1.8842224284479672,-15.0,-0.19741115392799458,2.083782565272,0.0,95.40581157599992
10.950356864000241,19.89824076057596,1.987345132032504,-15.0,-0.20817779635205041,2.0828935764479954,0.0,95.70214118400146
11.000875695000104,19.88976181095997,2.0928179428202167,-15.0,-0.2191891501200202,2.081973729149997,0.0,96.00525417000064
11.050794938000308,19.87618377686392,2.1964502912886403,-15.0,-0.22997170660806465,2.080476151859991,0.0,96.30476962800186
11.100529060000099,19.862656095679974,2.2996983285602055,-15.0,-0.24071427696001985,2.078984128199997,0.0,96.60317436000061
11.15074622200018,19.84899702761595,2.4039491568723736,-15.0,-0.25156118395203775,2.0774776133399944,0.0,96.9044773320011
11.200139746000332,19.83556198908791,2.5064901126966888,-15.0,-0.26223018513607094,2.07599580761999,0.0,97.200838476002
11.250906034000309,19.82175355875192,2.611880926584641,-15.0,-0.2731957033440664,2.0744728189799906,0.0,97.50543620400185
11.300826492999931,19.80817519390402,2.7155157994678576,-15.0,-0.2839785224879853,2.072975205210002,0.0,97.80495895799959
11.350611200000003,19.7946337536,2.818868851200006,-15.0,-0.29473201920000114,2.071481664,0.0,98.10366720000002
11.400207773000147,19.78114348574396,2.921831336748306,-15.0,-0.30544487896803274,2.0699937668099957,0.0,98.40124663800088
11.450304362000225,19.76751721353594,3.0258318555124664,-15.0,-0.31626574219204984,2.0684908691399935,0.0,98.70182617200135
11.500851393000175,19.753674767873935,3.130752166794361,-15.0,-0.3271839008880396,2.066965944279993,0.0,99.00510835800105
11.551103964000049,19.734478285751983,3.234171957912101,-15.0,-0.33803845622401235,2.064955841439998,0.0,99.3066237840003
11.600987701000122,19.715422698217953,3.336832688658251,-15.0,-0.34881334341602815,2.0629604919599953,0.0,99.60592620600073
11.65099056300005,19.69632160493398,3.4397385786541035,-15.0,-0.3596139616080128,2.060960377479998,0.0,99.9059433780003
11.700831348000065,19.677282425063975,3.5423109141841342,-15.0,-0.370379571168016,2.0589667460799976,0.0,100.20498808800039
11.750734034000288,19.65821959901189,3.6450106419725934,-15.0,-0.3811585513440643,2.0569706386399886,0.0,100.50440420400173
11.80041643100003,19.63924092335799,3.747257014998063,-15.0,-0.39188994909600866,2.054983342759999,0.0,100.80249858600018
11.850321733000328,19.620177097993874,3.8499621265146757,-15.0,-0.402669494328073,2.052987130679987,0.0,101.10193039800197
11.900544921000346,19.600991840177866,3.9533214474187126,-15.0,-0.4135177029360769,2.0509782031599864,0.0,101.40326952600208
11.950836983000045,19.581780272493983,4.056822511014092,-15.0,-0.42438078832801185,2.0489665206799983,0.0,101.70502189800027
12.000359604000096,19.562824513247953,4.158732153744195,-15.0,-0.43507695525602275,2.0469820197999953,0.0,102.00215762400057
12.050895648000278,19.538162923775864,4.261623539328566,-15.0,-0.4458916686720613,2.044455217599986,0.0,102.30537388800167
12.100205034000282,19.51409994340786,4.362017449224576,-15.0,-0.4564438772760619,2.041989748299986,0.0,102.6012302040017
12.150777960000141,19.48942035551993,4.464983926560288,-15.0,-0.46726648344003124,2.0394611019999926,0.0,102.90466776000085
12.200235425000301,19.46528511259985,4.5656793253006125,-15.0,-0.477850380950065,2.0369882287499848,0.0,103.2014125500018
12.250847131000228,19.44058660007189,4.668724758716464,-15.0,-0.4886812860340489,2.034457643449988,0.0,103.50508278600137
12.300940278000326,19.41614114433584,4.770714406008663,-15.0,-0.4994012194920694,2.0319529860999834,0.0,103.80564166800197
12.350886487000025,19.391767394343987,4.872404887532052,-15.0,-0.5100897082180047,2.029455675649998,0.0,104.10531892200017
12.4008815090001,19.367369823607948,4.974194752324205,-15.0,-0.5207886429260205,2.0269559245499944,0.0,104.40528905400062
12.451005928000086,19.342909107135956,5.076248069408175,-15.0,-0.5315152685920168,2.0244497035999953,0.0,104.70603556800053
12.50074748399993,19.31855449953604,5.17750094787186,-15.0,-0.5421569716399834,2.0219536559920037,0.0,105.0044849039996
12.551184797000133,19.28849386098792,5.278779072376267,-15.0,-0.552748807370026,2.018826542585991,0.0,105.30710878200081
12.60104340199996,19.258778132408025,5.378895151215918,-15.0,-0.5632191144199896,2.015735309076002,0.0,105.60626041199977
12.650353228000313,19.229389476111812,5.477909281824628,-15.0,-0.5735741778800638,2.01267809986398,0.0,105.90211936800189
12.70039781100013,19.199562904643923,5.578398804488261,-15.0,-0.5840835403100255,2.0095753357179915,0.0,106.2023868660008
12.750451308000265,19.169731020431843,5.678906226464533,-15.0,-0.594594774680054,2.006472018903983,0.0,106.50270784800159
12.800236934000168,19.1400587873359,5.778875763472337,-15.0,-0.6050497561400335,2.003385310091989,0.0,106.801421604001
12.850108580000324,19.110335286319806,5.87901802864065,-15.0,-0.6155228018000664,2.0002932680399796,0.0,107.10065148000194
12.900918183000158,19.080052762931906,5.981043711464317,-15.0,-0.6261928184300316,1.9971430726539898,0.0,107.40550909800095
12.950099400999989,19.050740757004007,6.079799597207977,-15.0,-0.636520874209996,1.9940938371380004,0.0,107.70059640599993
13.000352280000243,19.02075410855983,6.180695400720479,-15.0,-0.6470725696800484,1.9909746358399822,0.0,108.00211368000146
13.050446815000214,18.98578812312985,6.2795820128104225,-15.0,-0.6573920438900427,1.9873678293199843,0.0,108.30268089000128
13.101800304000335,18.949943387807767,6.380953800096661,-15.0,-0.6679708626240678,1.9836703781119756,0.0,108.61080182400201
13.161365441000271,18.908366922181813,6.498535380534535,-15.0,-0.6802412808460547,1.9793816882479802,0.0,108.96819264600163
13.27357361300028,18.830045618125805,6.720034312062554,-15.0,-0.7033561642780571,1.9713026998639798,0.0,109.64144167800168
13.346997203000228,18.778795952305842,6.86497247872245,-15.0,-0.7184814238180466,1.9660162013839835,0.0,110.08198321800137
13.36108617300033,18.76896185124577,6.892784105502653,-15.0,-0.7213837516380677,1.9650017955439762,0.0,110.16651703800198
13.37021086499999,18.762592816230008,6.91079624750998,-15.0,-0.7232634381899975,1.9643448177200007,0.0,110.22126518999994
13.401050916000258,18.74106646063182,6.97167450818451,-15.0,-0.7296164886960529,1.9621243340479815,0.0,110.40630549600155
13.45065050600033,18.706445946811773,7.06958409884465,-15.0,-0.7398340042360676,1.9585531635679763,0.0,110.70390303600198
13.500392146000195,18.671685498907845,7.167759194656377,-15.0,-0.7500799977840398,1.9549670597359836,0.0,111.00235287600117
13.550631307000003,18.631393691786,7.265022210352006,-15.0,-0.7603287866280007,1.9507469702119997,0.0,111.30378784200002
13.600967282000056,18.591024239835956,7.362472657952108,-15.0,-0.7705973255280115,1.9465187483119955,0.0,111.60580369200034
13.65044805100024,18.551340663097807,7.458267426736463,-15.0,-0.780691402404049,1.94236236371598,0.0,111.90268830600144
13.700586208000004,18.511129861183996,7.555334898688008,-15.0,-0.790919586432001,1.9381507585279998,0.0,112.20351724800003
13.751127359000293,18.470595858081765,7.653182567024567,-15.0,-0.8012299812360599,1.9339053018439756,0.0,112.50676415400176
13.800743632999911,18.430803606334074,7.7492396734878275,-15.0,-0.811351701131982,1.9297375348280077,0.0,112.80446179799948
13.850939199000095,18.390546762401925,7.846418289264184,-15.0,-0.8215915965960195,1.9255211072839922,0.0,113.10563519400058
13.900307722999969,18.350953206154024,7.94199575172794,-15.0,-0.831662775491994,1.921374151268003,0.0,113.40184633799983
13.950323580000259,18.310840488839794,8.0388264508805,-15.0,-0.841866010320053,1.9171728192799786,0.0,113.70194148000157
14.000349126999936,18.270685087446058,8.135659850029878,-15.0,-0.8520684288919878,1.9129664838080065,0.0,114.00209476199963
14.05085512300002,18.225128679053984,8.231116182470036,-15.0,-0.861967604108004,1.9081179081919983,0.0,114.30513073800013
14.100626435000322,18.18023495562971,8.325183962150609,-15.0,-0.8717227812600632,1.9033398622399693,0.0,114.60375861000195
14.150536226999975,18.135216323246024,8.419513469029953,-15.0,-0.8815051004919952,1.8985485222080027,0.0,114.90321736199986
14.200393400999928,18.090245152298063,8.513743527889865,-15.0,-0.8912771065959859,1.8937622335040072,0.0,115.20236040599958
14.250300727000194,18.045228744245826,8.608068374030367,-15.0,-0.9010589424920379,1.8889711302079815,0.0,115.50180436200117
14.300229407000188,18.000193074885832,8.702433579230355,-15.0,-0.9108449637720366,1.8841779769279823,0.0,115.80137644200113
14.35100329900024,17.954395024301785,8.798396235110454,-15.0,-0.9207966466040467,1.879303683295977,0.0,116.10601979400144
14.400578543999927,17.909678153312065,8.892093448159862,-15.0,-0.9305133946239852,1.8745444597760073,0.0,116.40347126399956
14.450157897000281,17.86495757690575,8.98579842533053,-15.0,-0.9402309478120545,1.8697848418879732,0.0,116.70094738200169
14.500138014000186,17.819862262027815,9.080253945760342,-15.0,-0.9500267747160354,1.864985646543981,0.0,117.00082808400111
14.550112871000238,17.76998735474176,9.172207682640437,-15.0,-0.9597218969740455,1.8597882614159755,0.0,117.30067722600143
14.601049890000013,17.71915220977999,9.265931797600024,-15.0,-0.9696036786600021,1.854490811439999,0.0,117.60629934000008
14.650445776000197,17.669855115551805,9.356820227840362,-15.0,-0.9791864805440379,1.84935363929598,0.0,117.90267465600118
14.700799783000093,17.619601816565908,9.449471600720171,-15.0,-0.9889551579020179,1.8441168225679907,0.0,118.20479869800056
14.750347627000338,17.570153068253664,9.540639633680621,-15.0,-0.9985674396380654,1.8389638467919653,0.0,118.50208576200203
14.800451778000024,17.520149125555978,9.632831271520045,-15.0,-1.0082876449320048,1.833753015087998,0.0,118.80271066800013
14.851091893000103,17.469610290785898,9.72600908312019,-15.0,-1.0181118272420202,1.82848644312799,0.0,119.1065513580006
14.90024329300013,17.42055719358587,9.81644765912024,-15.0,-1.0276471988420257,1.823374697527987,0.0,119.40145975800077
14.950252779000039,17.370647726557962,9.908465113360071,-15.0,-1.037349039126008,1.8181737109839966,0.0,119.70151667400022
15.000247497000146,17.32072874328784,10.00044202964226,-15.0,-1.047046529436028,1.812971785341984,0.0,120.00148498200086
15.05107477599995,17.265022045504054,10.09121954993591,-15.0,-1.0566020578879913,1.8071774755360062,0.0,120.30644865599969
15.100862689000223,17.210454492855757,10.1801407625544,-15.0,-1.065962185532043,1.8015016534539752,0.0,120.60517613400133
15.150791969000238,17.15573200197574,10.269314456634426,-15.0,-1.0753488901720458,1.7958097155339734,0.0,120.90475181400143
15.200201578999895,17.101579069416115,10.357560020093812,-15.0,-1.0846378968519814,1.7901770199940124,0.0,121.20120947399937
15.25047243300014,17.046482213431847,10.447343765338251,-15.0,-1.0940888174040277,1.7844461426379843,0.0,121.50283459800085
15.300224105000325,16.991954380919644,10.53620025153058,-15.0,-1.1034421317400624,1.7787744520299633,0.0,121.80134463000195
15.351176601000134,16.936110445303854,10.62720140938624,-15.0,-1.1130212009880265,1.7729658674859852,0.0,122.1070596060008
15.40021763599998,16.882361470944023,10.714788697895964,-15.0,-1.1222409155679978,1.7673751894960026,0.0,122.40130581599989
15.451079977000063,16.82661634520793,10.805628838922113,-15.0,-1.1318030356760136,1.761576882621993,0.0,122.70647986200039
15.500840879999942,16.77200271632007,10.8944513588799,-15.0,-1.1411496766399913,1.7558940491200077,0.0,123.00504527999966
15.55111093000005,16.71238243701994,10.981217465180087,-15.0,-1.1500977455400105,1.749560022819994,0.0,123.30666558000031
15.600142197999958,16.65423135317205,11.065845433747928,-15.0,-1.158825311243994,1.7433820830520055,0.0,123.60085318799976
15.650747417000275,16.594213563437673,11.153190041742475,-15.0,-1.1678330402260504,1.7370058254579654,0.0,123.90448450200167
15.700853727000322,16.53478747977762,11.239673532802556,-15.0,-1.1767519634060586,1.7306924303979594,0.0,124.20512236200194
15.750299189000089,16.476145161845896,11.325016400214153,-15.0,-1.185553255642017,1.7244623021859888,0.0,124.50179513400053
15.800921070000186,16.41610761097978,11.412389766820322,-15.0,-1.194563950460034,1.7180839451799765,0.0,124.80552642000112
15.851087775999986,16.356609897664015,11.498977501375975,-15.0,-1.2034936241279983,1.7117629402240016,0.0,125.10652665599991
15.9004679210002,16.298045045693762,11.584207631646345,-15.0,-1.2122832899380362,1.7055410419539745,0.0,125.4028075260012
15.950931539000067,16.23819519474592,11.671307836314115,-15.0,-1.2212658139420125,1.6991826260859912,0.0,125.7055892340004
16.000538427000265,16.17931404400166,11.75689378882044,-15.0,-1.2300936862980465,1.6929289276359647,0.0,126.00323056200159
16.050656732000334,16.115463323431573,11.840090175120555,-15.0,-1.2388142713680586,1.6863133113759554,0.0,126.303940392002
16.100457714000186,16.05201687236376,11.92275980524031,-15.0,-1.2474796422360326,1.679739581751975,0.0,126.60274628400111
16.15034669600027,15.988458309295655,12.005575515360448,-15.0,-1.2561603251040472,1.6731542361279639,0.0,126.90208017600162
16.20022398900028,15.924914638013645,12.088371821740463,-15.0,-1.2648389740860488,1.6665704334519627,0.0,127.20134393400167
16.250879368999904,15.860379683894122,12.17245975253984,-15.0,-1.2736530102059835,1.659883923292012,0.0,127.50527621399942
16.300811567999972,15.796766062368036,12.255347202879953,-15.0,-1.2823412128319953,1.6532928730240029,0.0,127.80486940799983
16.35104719400033,15.73276587484358,12.338738342040548,-15.0,-1.2910822117560576,1.6466617703919555,0.0,128.10628316400198
16.400587304000055,15.66965177470393,12.420974924640092,-15.0,-1.2997021908960098,1.6401224758719917,0.0,128.40352382400033
16.450368423000327,15.606230629097583,12.503611582180543,-15.0,-1.3083641056020572,1.6335513681639557,0.0,128.70221053800196
16.500866017000135,15.541822216879815,12.587380431098214,-15.0,-1.3171454908560227,1.6268770255859797,0.0,129.0051961020008
16.550346265999906,15.474529078240128,12.66625194800385,-15.0,-1.3254581726879844,1.6198508302280124,0.0,129.30207759599944
16.600079697000183,15.40689161207975,12.745527037018292,-15.0,-1.3338133890960309,1.612788683025973,0.0,129.6004781820011
16.650893870000345,15.33778433679953,12.826524828780551,-15.0,-1.3423501701600582,1.60557307045995,0.0,129.90536322000207
16.700324391000322,15.270558828239562,12.905317079254512,-15.0,-1.3506544976880541,1.5985539364779533,0.0,130.20194634600193
16.7507642999999,15.201960552000134,12.985718294199842,-15.0,-1.3591284023999832,1.591391469400013,0.0,130.5045857999994
16.8006322680003,15.134140115519592,13.065207835192478,-15.0,-1.3675062210240503,1.5843102179439565,0.0,130.8037936080018
16.850289959000293,15.066605655759602,13.144362194646465,-15.0,-1.3758487131120491,1.5772588258219575,0.0,131.10173975400176
16.900243090000004,14.998669397599995,13.223987485460006,-15.0,-1.3842408391200005,1.5701654812199985,0.0,131.40145854000002
16.95015704100024,14.930786424239676,13.30355032335438,-15.0,-1.3926263828880399,1.5630777001779652,0.0,131.70094224600143
17.000358341000265,14.862483272277618,13.3835439616384,-15.0,-1.4010566178780417,1.555945532167959,0.0,132.0021500460016
17.05062916199995,14.789992748396072,13.459855067915923,-15.0,-1.408999407595992,1.5483043673760069,0.0,132.3037749719997
17.100202276000346,14.718508318007501,13.535107054968524,-15.0,-1.4168319596080545,1.540769254047947,0.0,132.60121365600207
17.150473821000105,14.646016750117848,13.611419260278158,-15.0,-1.4247748637180166,1.5331279792079835,0.0,132.90284292600063
17.200280035000105,14.574196189529848,13.68702509313016,-15.0,-1.4326442455300168,1.5255574346799836,0.0,133.20168021000063
17.250943801000176,14.501139038957746,13.763932689918267,-15.0,-1.4406491205580279,1.517856542247973,0.0,133.50566280600106
17.300350118000097,14.42989512984386,13.838931479124145,-15.0,-1.4484553186440154,1.5103467820639853,0.0,133.80210070800058
17.350380874000166,14.35775077969176,13.914878166732251,-15.0,-1.4563601780920266,1.5027421071519749,0.0,134.102285244001
17.400835021000148,14.284995899717785,13.991467561878224,-15.0,-1.4643319333180238,1.4950730768079776,0.0,134.4050101260009
17.45069783000008,14.213093729139883,14.067159305940123,-15.0,-1.472210257140013,1.487493929839988,0.0,134.7041869800005
17.500915936000183,14.14060960915172,14.143320779712264,-15.0,-1.4801392222720282,1.4798552821119715,0.0,135.0054956160011
17.550522556000033,14.06530675999195,14.214853525752046,-15.0,-1.4876794285120052,1.472017436151995,0.0,135.3031353360002
17.600441434000004,13.989529903187993,14.286836547828004,-15.0,-1.4952670979680007,1.4641302534279996,0.0,135.60264860400002
17.65079187800029,13.913097929195558,14.35944188807642,-15.0,-1.5029203654560443,1.4561748832759542,0.0,135.90475126800175
17.700240954000037,13.838034231827942,14.430747455668053,-15.0,-1.5104366250080055,1.4483619292679943,0.0,136.20144572400022
17.75020565800014,13.762187811155785,14.502796558836202,-15.0,-1.5180312600160213,1.440467506035978,0.0,136.50123394800084
17.800500620000093,13.685840058839858,14.575321894040135,-15.0,-1.5256760942400138,1.4325209020399852,0.0,136.80300372000056
17.85028753100005,13.610263527941925,14.64711461970207,-15.0,-1.533243704712007,1.4246545701019921,0.0,137.1017251860003
17.900439710000228,13.534132520219654,14.719434061820328,-15.0,-1.5408668359200342,1.4167305258199638,0.0,137.40263826000137
17.950381388000096,13.458321053015853,14.791449961496138,-15.0,-1.548457970976014,1.4088397406959847,0.0,137.70228832800058
18.000716411000212,13.38185804086566,14.863974318960288,-15.0,-1.5561017303620293,1.400879642951964,0.0,138.00429846600127
18.050717372000236,13.302156509031624,14.93197562592032,-15.0,-1.5632018668240326,1.3924794815039603,0.0,138.3043042320014
18.100964440000098,13.222062682639843,15.000311638400133,-15.0,-1.570336950480013,1.3840379740799835,0.0,138.6057866400006
18.150818510000136,13.142595295059783,15.068113173600183,-15.0,-1.5774162284200184,1.3756624903199772,0.0,138.9049110600008
18.201154017000135,13.062360496901784,15.136569463120184,-15.0,-1.5845638704140184,1.3672061251439773,0.0,139.2069241020008
18.25068067700022,12.983415000861651,15.203925720720296,-15.0,-1.59159665613403,1.3588856462639634,0.0,139.5040840620013
18.300725628000237,12.903643348967623,15.271986854080321,-15.0,-1.5987030391760326,1.3504780944959602,0.0,139.80435376800142
18.350239938999948,12.824717537234083,15.339326317039928,-15.0,-1.6057340713379915,1.3421596902480089,0.0,140.1014396339997
18.400836375999916,12.744066816656135,15.408137471359884,-15.0,-1.612918765391987,1.3336594888320144,0.0,140.4050182559995
18.450613483000325,12.664722108097482,15.47583433688044,-15.0,-1.619987114586045,1.3252969348559456,0.0,140.70368089800195
18.500842030000058,12.584602230199904,15.544072746220072,-15.0,-1.6271111479600064,1.3168534867799901,0.0,141.00505218000035
18.5503000409999,12.502501931940166,15.607082252233873,-15.0,-1.6336396054119857,1.3082477928660174,0.0,141.3018002459994
18.600286820000292,12.419523878799515,15.670765408680372,-15.0,-1.6402378602400376,1.2995500933199493,0.0,141.60172092000175
18.65067153500013,12.335885251899787,15.734955535590164,-15.0,-1.646888642620016,1.2907831529099778,0.0,141.90402921000077
18.70060172400008,12.253001138159867,15.798566596376102,-15.0,-1.6534794275680098,1.2820953000239863,0.0,142.20361034400048
18.75022485799991,12.170626735720148,15.861786469091886,-15.0,-1.6600296812559874,1.2734608747080158,0.0,142.50134914799946
18.800331222000295,12.08745017147951,15.925621976828376,-15.0,-1.6666437213040384,1.264742367371949,0.0,142.80198733200177
18.85089633000007,12.003512092199886,15.990041924420087,-15.0,-1.6733183155600084,1.2559440385799885,0.0,143.1053779800004
18.900582501999907,11.921033046680156,16.05334210754788,-15.0,-1.6798768902639871,1.2472986446520167,0.0,143.40349501199944
18.950681284999973,11.837869066900044,16.117167957089965,-15.0,-1.686489929619996,1.238581456410005,0.0,143.70408770999984
19.000229891000345,11.755603208133405,16.18027265072641,-15.0,-1.693028966266043,1.229959079401939,0.0,144.00137934600207
19.05106899900011,11.667854907725813,16.24056783281413,-15.0,-1.6994346938740132,1.2209097181779813,0.0,144.30641399400065
19.10095642000033,11.58174921907943,16.29973431412039,-15.0,-1.7057205089200413,1.212029757239942,0.0,144.60573852000198
19.153910505000113,11.490350468369806,16.362537858930132,-15.0,-1.712392723630014,1.202603930109981,0.0,144.92346303000068
19.237107756000114,11.346752013143803,16.461209798616135,-15.0,-1.7228755772560143,1.1877948194319807,0.0,145.42264653600068
19.3530167859999,11.146693027364176,16.598677908195878,-15.0,-1.7374801150359873,1.1671630120920196,0.0,146.1181007159994
19.43064666500004,11.012703856209932,16.690746944690048,-15.0,-1.7472614797900052,1.1533448936299944,0.0,146.58387999000024
19.485321302000102,10.918335432747824,16.755591064172123,-15.0,-1.754150484052013,1.1436128082439836,0.0,146.9119278120006
19.49810030100025,10.89627888047357,16.770746956986297,-15.0,-1.7557606379260318,1.1413381464219574,0.0,146.9886018060015
19.508259599000212,10.878248356185622,16.782052520504234,-15.0,-1.7569415942860245,1.139447195387962,0.0,147.04955759400127
19.518075565000345,10.860717040909385,16.792810819240376,-15.0,-1.7580606144100395,1.137601793779937,0.0,147.10845339000207
19.550389139000345,10.803004997745385,16.828226496344378,-15.0,-1.7617443618460396,1.131526841867937,0.0,147.30233483400207
19.6015077940001,10.711707079915824,16.884252542224107,-15.0,-1.7675718885160117,1.121916534727983,0.0,147.6090467640006
19.650795241000196,10.62367969957365,16.938271584136217,-15.0,-1.7731906574740228,1.1126504946919646,0.0,147.90477144600118
19.701044377000017,10.533934742677971,16.993344637192017,-15.0,-1.7789190589780022,1.1032036571239983,0.0,148.2062662620001
19.750693288000093,10.445261787631834,17.0477598436481,-15.0,-1.784579034832011,1.0938696618559838,0.0,148.50415972800056
19.801158689000204,10.355130581445637,17.103069923144226,-15.0,-1.7903320905460236,1.0843821664679627,0.0,148.80695213400122
19.85046255599991,10.267073874984158,17.157106961375902,-15.0,-1.7959527313839905,1.0751130394720176,0.0,149.10277533599947
19.900753219000308,10.177254750865451,17.212225528024337,-15.0,-1.8016858669660356,1.065658394827943,0.0,149.40451931400185
19.950312895000025,10.088741169529957,17.26654293292003,-15.0,-1.8073356700300034,1.056341175739996,0.0,149.70187737000015
20.001312473000326,9.997585049679401,17.322309848054328,-15.0,-1.8131364971920345,1.0467453802379374,0.0,150.00787483800195
20.050324215000273,9.907403444399497,17.371223566570276,-15.0,-1.818233718360029,1.0372371022899474,0.0,150.30194529000164
20.100286012000197,9.815473737919637,17.4210854399762,-15.0,-1.823429745248021,1.027544513671962,0.0,150.60171607200118
20.150460295999892,9.723153055360198,17.471159375407893,-15.0,-1.8286478707839893,1.0178107025760212,0.0,150.90276177599935
20.200500047000332,9.631079913519388,17.521099046906333,-15.0,-1.8338520048880351,1.0081029908819357,0.0,151.203000282002
20.250346246999925,9.539362905520138,17.570845554505926,-15.0,-1.8390360096879925,0.9984328280820145,0.0,151.50207748199955
20.30100418200027,9.446152305119504,17.62140217363627,-15.0,-1.8443044349280284,0.9886051886919475,0.0,151.80602509200162
20.351535324999986,9.353175002000025,17.671832254349987,-15.0,-1.8495596737999989,0.9788021469500023,0.0,152.10921194999992
20.400230787000055,9.263575351919899,17.720430325426054,-15.0,-1.854624001848006,0.9693552273219889,0.0,152.40138472200033
20.45019034300003,9.171649768879943,17.77028996231403,-15.0,-1.8598197956720035,0.9596630734579934,0.0,152.7011420580002
20.500944718000028,9.078214482979947,17.820852135636027,-15.0,-1.865090692928003,0.9498148352719938,0.0,153.00566830800017
20.550881027000287,8.983834858969457,17.86589468635426,-15.0,-1.8698845785920277,0.9400273187079432,0.0,153.30528616200172
20.601056747000257,8.889002748169514,17.911153185794234,-15.0,-1.874701447712025,0.9301928775879491,0.0,153.60634048200154
20.651208431000214,8.794216065409596,17.956390004762195,-15.0,-1.8795160093760208,0.9203631475239578,0.0,153.90725058600128
20.70166467900026,8.698853756689509,18.001901540458235,-15.0,-1.8843598091840252,0.9104737229159489,0.0,154.20998807400156
20.7502280220001,8.607069038419809,18.045705675844093,-15.0,-1.88902189011201,0.9009553076879799,0.0,154.5013681320006
20.801087496000036,8.51094463255993,18.091580921392033,-15.0,-1.8939043996160037,0.8909868507839928,0.0,154.80652497600022
20.850243245,8.418040266949998,18.135919406990002,-15.0,-1.8986233515200004,0.8813523239799997,0.0,155.10145947
20.90030469300018,8.32342413022966,18.181074833086164,-15.0,-1.9034292505280175,0.8715402801719648,0.0,155.40182815800108
20.950402188000226,8.228739864679573,18.226262773576206,-15.0,-1.908238610048022,0.861721171151956,0.0,155.70241312800135
21.000461800000267,8.134105955199484,18.271370363600216,-15.0,-1.9130387912000226,0.8519057927999459,0.0,156.0027708000016
21.051313058000233,8.03565791971155,18.31215307251619,-15.0,-1.9173102968720197,0.8415321361679529,0.0,156.3078783480014
21.100676104000286,7.940091062655447,18.35174223540823,-15.0,-1.9214567927360242,0.831462074783942,0.0,156.60405662400171
21.15061872000024,7.843402158079538,18.39179621344019,-15.0,-1.9256519724800203,0.8212737811199515,0.0,156.90371232000143
21.200665782000215,7.746511046047584,18.431933957164173,-15.0,-1.9298559256880181,0.8110641804719564,0.0,157.2039946920013
21.250885896,7.649284905344,18.472210488592,-15.0,-1.9340744152640001,0.8008192772160002,0.0,157.505315376
21.300939690000178,7.552380760159656,18.512353631380144,-15.0,-1.938278933960015,0.7906083032399639,0.0,157.80563814000107
21.35062494800013,7.456190100671745,18.552201208296108,-15.0,-1.9424524956320113,0.7804725106079733,0.0,158.1037496880008
21.40083542399998,7.35898261913604,18.592470010047982,-15.0,-1.9466701756159983,0.7702295735040043,0.0,158.40501254399987
21.451097245000255,7.261675733679505,18.632779990490207,-15.0,-1.9508921685800216,0.7599761620199479,0.0,158.70658347000153
21.500112183000056,7.16677855075789,18.67207830373404,-15.0,-1.955008077176004,0.7499768903019886,0.0,159.00067309800033
21.550365072000204,7.067579347871597,18.707154820256143,-15.0,-1.9586262851840148,0.7396247951679578,0.0,159.30219043200123
21.600050037000074,6.969501226961855,18.74183492582605,-15.0,-1.9622036026640053,0.7293896923779846,0.0,159.60030022200044
21.650746415999947,6.869426574816104,18.777220998367962,-15.0,-1.9658537419519961,0.7189462383040104,0.0,159.90447849599968
21.700920064,6.770383793663997,18.812242204672003,-15.0,-1.969466244608,0.708610466815999,0.0,160.205520384
21.750396229000216,6.672717843953572,18.846776567842152,-15.0,-1.9730285284880154,0.6984183768259546,0.0,160.5023773740013
21.800777586000095,6.573265045235813,18.881942755028067,-15.0,-1.9766559861920066,0.6880398172839796,0.0,160.80466551600057
21.851237048000257,6.4736580672474915,18.91716345950418,-15.0,-1.9802890674560183,0.6776451681119459,0.0,161.10742228800154
21.901811784000074,6.373823538383854,18.952464625232054,-15.0,-1.9839304484480051,0.6672267724959835,0.0,161.41087070400044
21.95089544700022,6.276932387621564,18.986725022006155,-15.0,-1.9874644721840156,0.6571155379179531,0.0,161.70537268200133
22.000443269000243,6.179109915847511,19.021264188324146,-15.0,-1.9910274826780148,0.6469069135099474,0.0,162.00265961400146
22.050921130000006,6.077750370959987,19.051348993480005,-15.0,-1.99415711006,0.6363065626999972,0.0,162.30552678000004
22.105951410000216,5.9672495687195655,19.08414704036013,-15.0,-1.997568987420013,0.624750203899953,0.0,162.6357084600013
22.151197380000212,5.876395660959573,19.111113638480127,-15.0,-2.000374237560013,0.6152485501999537,0.0,162.90718428000127
22.200433125000018,5.777530284999965,19.140458142500012,-15.0,-2.0034268537500006,0.6049090437499945,0.0,163.2025987500001
22.25035168500017,5.677293816519661,19.1702096042601,-15.0,-2.00652180447001,0.5944261461499628,0.0,163.502110110001
22.301543791000313,5.574500067671371,19.200720099436186,-15.0,-2.0096957150420187,0.5836758038899325,0.0,163.80926274600188
22.35055213700025,5.476091308903499,19.229929073652148,-15.0,-2.0127342324940147,0.5733840512299457,0.0,164.1033128220015
22.40049745200031,5.37580111638338,19.259696481392183,-15.0,-2.0158308420240187,0.5628955350799333,0.0,164.40298471200185
22.450356877000104,5.275683390983792,19.28941269869206,-15.0,-2.018922126374006,0.5524250558299763,0.0,164.70214126200062
22.50077606600007,5.174419929623855,19.319378720208032,-15.0,-2.0220388033000027,0.5418339218759828,0.0,165.00465639600043
22.55041957000003,5.073345755479937,19.343604750160015,-15.0,-2.024520978500001,0.5312102120199919,0.0,165.30251742000019
22.600948725000308,4.970468395899374,19.36826297780015,-15.0,-2.027047436250015,0.520396972849933,0.0,165.60569235000185
22.65032615700011,4.8699359443477785,19.392359164616053,-15.0,-2.029516307850005,0.5098302024019761,0.0,165.90195694200065
22.700382033000096,4.768022180811804,19.416786432104047,-15.0,-2.0320191016500044,0.4991182449379791,0.0,166.20229219800058
22.750298219000342,4.666392826115303,19.441145530872166,-15.0,-2.034514910950017,0.48843618113392695,0.0,166.50178931400205
22.8003157940002,4.564557043415596,19.465554107472094,-15.0,-2.0370157897000096,0.4777324200839581,0.0,166.8018947640012
22.851173714000197,4.4610103182956,19.490372772432096,-15.0,-2.0395586857000096,0.4668488252039589,0.0,167.10704228400118
22.90085131600017,4.359866720623652,19.514615442208083,-15.0,-2.0420425658000085,0.4562178183759648,0.0,167.40510789600103
22.951345817999936,4.25705991455213,19.539256759183967,-15.0,-2.044567290899997,0.44541199494801553,0.0,167.70807490799962
23.00109226700033,4.155752114513319,19.563417245994124,-15.0,-2.0470436906800136,0.43476407032793074,0.0,168.006553602002
23.05241144499996,4.050137246190079,19.583021171989984,-15.0,-2.049096457799999,0.42367912788001055,0.0,168.31446866999977
23.10097050100012,3.9502027089417537,19.601570731382044,-15.0,-2.051038820040005,0.4131903717839763,0.0,168.60582300600072
23.152405397000166,3.8443496929736587,19.621218861654064,-15.0,-2.053096215880007,0.40208043424796625,0.0,168.914432382001
23.201754587000323,3.742789059953335,19.640070252234125,-15.0,-2.055070183480013,0.3914210092079322,0.0,169.21052752200194
23.250989672000287,3.6414632550234094,19.65887805470411,-15.0,-2.0570395868800118,0.38078623084794,0.0,169.50593803200172
23.301198315999955,3.5381338656720938,19.678057756711983,-15.0,-2.059047932639998,0.36994116374401176,0.0,169.80718989599973
23.35058981300017,3.436486164845651,19.696925308566065,-15.0,-2.061023592520007,0.35927260039196524,0.0,170.10353887800102
23.401448853000147,3.331818260525697,19.716353461846058,-15.0,-2.0630579541200063,0.34828704775197006,0.0,170.40869311800088
23.450739426999917,3.2303782592341714,19.73518246111397,-15.0,-2.0650295770799967,0.3376402837680198,0.0,170.7044365619995
23.50059632400007,3.1277620313758527,19.75416220012802,-15.0,-2.0670178897200024,0.3268711940159864,0.0,171.00357794400043
23.550447937000172,3.0242700827876434,19.76772183886405,-15.0,-2.0685134381100054,0.3161032456079642,0.0,171.30268762200103
23.600204444000155,2.920975574255677,19.781255608768042,-15.0,-2.0700061333200046,0.30535584009596733,0.0,171.60122666400093
23.65113387700012,2.8152460713477505,19.795108414544035,-15.0,-2.071534016310004,0.2943550825679745,0.0,171.90680326200072
23.70093357700034,2.7118618941472907,19.808653932944093,-15.0,-2.0730280073100102,0.2835983473679263,0.0,172.20560146200205
23.75046419199998,2.609036337408039,19.822126260223996,-15.0,-2.0745139257599994,0.27289973452800376,0.0,172.5027851519999
23.801282922000155,2.5035366539276787,19.835948954784044,-15.0,-2.0760384876600044,0.2619228888479658,0.0,172.80769753200093
23.851421804999973,2.399448332820057,19.84958673095999,-15.0,-2.0775426541499993,0.25109289012000474,0.0,173.10853082999984
23.900315141000192,2.2979457672836014,19.862885718352054,-15.0,-2.0790094542300057,0.240531929543957,0.0,173.40189084600115
23.95042875800027,2.1939098983914374,19.876516622176073,-15.0,-2.080512862740008,0.22970738827193948,0.0,173.70257254800163
24.001221908999923,2.08844865400816,19.890202836893987,-15.0,-2.0820219943619986,0.21873362383801434,0.0,174.00733145399954
24.051707157000237,1.9830354561835049,19.89858338806204,-15.0,-2.082930728826004,0.20772783977394613,0.0,174.31024294200142
24.101025525000296,1.880058703799383,19.90677023715005,-15.0,-2.083818459450005,0.19697643554993355,0.0,174.60615315000177
24.150997851000284,1.7757164871114075,19.915065643266047,-15.0,-2.084717961318005,0.1860824684819363,0.0,174.9059871060017
24.20107667299999,1.6711519067760237,19.923378727718,-15.0,-2.0856193801139997,0.17516528528600084,0.0,175.20646003799993
24.252876541000205,1.5629937823915716,19.931977505806035,-15.0,-2.086551777738004,0.1638729140619538,0.0,175.51725924600123
24.30033606799998,1.4638982900160444,19.939855787287996,-15.0,-2.0874060492239996,0.15352673717600335,0.0,175.80201640799987
24.350328453000202,1.3595141901355783,19.94815452319803,-15.0,-2.0883059121540035,0.14262839724595486,0.0,176.1019707180012
24.400559961,1.254630801432002,19.956492953526,-15.0,-2.089210079298,0.13167792850199928,0.0,176.403359766
24.450509758999942,1.1503356232081203,19.96478461999399,-15.0,-2.090109175661999,0.12078887253801183,0.0,176.70305855399965
24.500504470000124,1.0459436398197413,19.973027241380006,-15.0,-2.091003026820001,0.10988901659997226,0.0,177.00302682000074
24.550401867000346,0.9414584905012752,19.975721700818017,-15.0,-2.0913024112020024,0.09891158925992334,0.0,177.30241120200208
24.600397966999935,0.8367666571021354,19.978421490217997,-15.0,-2.091602387802,0.08791244726001378,0.0,177.6023878019996
24.650403971000287,0.7320540847253987,19.981121814434015,-15.0,-2.091902423826002,0.07691112637993644,0.0,177.90242382600172
24.700891870000305,0.6263324242193611,19.983848160980017,-15.0,-2.092205351220002,0.06580378859993255,0.0,178.20535122000183
24.750276060000033,0.5229219303599311,19.98651490724,-15.0,-2.09250165636,0.05493926679999248,0.0,178.5016563600002
24.801200810999944,0.4162855017661168,19.989264843793997,-15.0,-2.092807204866,0.043735821580012046,0.0,178.80720486599967
24.85061365799993,0.3128150001481481,19.991933137531994,-15.0,-2.0931036819479996,0.03286499524001539,0.0,179.10368194799958
24.900318797000182,0.20873243908161931,19.99461721503801,-15.0,-2.093401912782001,0.021929864659959886,0.0,179.4019127820011
24.9504393860002,0.10377992571558481,19.997323726844012,-15.0,-2.093702636316001,0.01090333507995632,0.0,179.7026363160012
25.00036226500015,-0.0007585829103118158,19.99998043768999,-15.0,-2.093997826409999,-7.96983000327596e-05,0.0,180.0021735900009
25.05019607300028,-0.10511057686258482,19.997289412057984,-15.0,-2.0936988235619984,-0.011043136060061385,0.0,180.30117643800168
25.101095133999934,-0.21169321059586127,19.994540862764005,-15.0,-2.0933934291960004,-0.02224092947998531,0.0,180.6065708039996
25.150221461,-0.31456373933400206,19.991888041105998,-15.0,-2.093098671234,-0.03304872142000005,0.0,180.901328766
25.200399799000024,-0.419637179106051,19.989178410854,-15.0,-2.0927976012059997,-0.04408795578000513,0.0,181.20239879400015
25.25092639400009,-0.5254398690361868,19.986449974723996,-15.0,-2.0924944416359996,-0.05520380668001934,0.0,181.50555836400054
25.300964424000085,-0.6302195038561785,19.983747921103994,-15.0,-2.0921942134559997,-0.06621217328001842,0.0,181.8057865440005
25.35144630800005,-0.7359285689521038,19.981021899367995,-15.0,-2.0918913221519997,-0.07731818776001051,0.0,182.1086778480003
25.400580653999896,-0.8388158894757816,19.978368644684004,-15.0,-2.0915965160760006,-0.0881277438799766,0.0,182.40348392399937
25.451147239999955,-0.9447023205599052,19.97563804904,-15.0,-2.0912931165600006,-0.09925239279998954,0.0,182.70688343999973
25.50021869400007,-1.0474566330721427,19.972963696795986,-15.0,-2.090996063507999,-0.11004767529201433,0.0,183.0013121640004
25.550468348000322,-1.152377910624673,19.964622254231944,-15.0,-2.0900915697359945,-0.12100209986406951,0.0,183.30281008800193
25.600944433000222,-1.2577719761044646,19.956243224121962,-15.0,-2.089183000205996,-0.13200588639404756,0.0,183.60566659800133
25.6504208450001,-1.3610787243602063,19.948030139729983,-15.0,-2.0882924247899983,-0.14279174421002044,0.0,183.9025250700006
25.700538738999967,-1.4657248870319308,19.939710569326007,-15.0,-2.0873903026980005,-0.15371744510199148,0.0,184.2032324339998
25.751152691000243,-1.5714068188085077,19.93130865329396,-15.0,-2.0864792515619954,-0.16475128663805153,0.0,184.50691614600146
25.800114438000037,-1.673638946544077,19.923181003291994,-15.0,-2.085597940115999,-0.1754249474840064,0.0,184.80068662800022
25.850208767999902,-1.778235907583796,19.914865344512016,-15.0,-2.0846962421760016,-0.18634551142397687,0.0,185.1012526079994
25.900292684000306,-1.8828111241926382,19.90655141445595,-15.0,-2.0837947316879943,-0.19726380511206462,0.0,185.40175610400183
25.95085186999995,-1.9883787045598984,19.89815858958001,-15.0,-2.082884666340001,-0.20828570765998722,0.0,185.7051112199997
26.00019668799996,-2.091408324287917,19.88994650086401,-15.0,-2.081994099360001,-0.219042484607989,0.0,186.00118012799976
26.050596594000126,-2.196038529144262,19.876237726431967,-15.0,-2.080482102179996,-0.2299288643040253,0.0,186.30357956400076
26.100993431000006,-2.300662362756013,19.862529786768,-15.0,-2.07897019707,-0.24081458109599982,0.0,186.60596058600004
26.150682189000236,-2.4038162243644896,19.849014444591937,-15.0,-2.077479534329993,-0.2515473528240498,0.0,186.9040931340014
26.200418433000323,-2.50706866690867,19.835486186223914,-15.0,-2.0759874470099904,-0.262290381528069,0.0,187.20251059800194
26.250936035999985,-2.6119432107359684,19.821745398208005,-15.0,-2.0744719189200005,-0.27320218377599637,0.0,187.5056162159999
26.30028897400007,-2.7143999100241416,19.808321399071982,-15.0,-2.072991330779998,-0.2838624183840148,0.0,187.8017338440004
26.350800484000047,-2.819261804784097,19.794582268351988,-15.0,-2.071475985479999,-0.2947729045440106,0.0,188.10480290400028
26.400570233000053,-2.92258380370811,19.781044896623985,-15.0,-2.0699828930099984,-0.3055231703280124,0.0,188.40342139800032
26.45087028600028,-3.027006713736584,19.767363282207924,-15.0,-2.0684738914199916,-0.3163879817760621,0.0,188.7052217160017
26.500399602000016,-3.129822380916033,19.753847352035994,-15.0,-2.0669840159199997,-0.32708631403200517,0.0,189.0023976120001
26.55062445900012,-3.2331851366222444,19.734661456661957,-15.0,-2.0649750216399956,-0.3379348831440275,0.0,189.3037467540007
26.600972096000078,-3.33680057356816,19.715428659327973,-15.0,-2.062961116159997,-0.34880997273601866,0.0,189.60583257600047
26.650439503000143,-3.438604497174295,19.696532109853944,-15.0,-2.0609824198799944,-0.35949493264803284,0.0,189.90263701800086
26.700975282999934,-3.542607132413865,19.677227441894026,-15.0,-2.0589609886800027,-0.37041066112798776,0.0,190.2058516979996
26.750168653999935,-3.6438470899318673,19.658435574172024,-15.0,-2.0569932538400026,-0.38103642926398806,0.0,190.5010119239996
26.80036004600015,-3.7471409746683104,19.639262462427943,-15.0,-2.0549855981599943,-0.3918777699360346,0.0,190.80216027600093
26.850545667999995,-3.8504229847439904,19.620091554824,-15.0,-2.0529781732800005,-0.40271786428800105,0.0,191.103274008
26.901612888000273,-3.955519323504561,19.600583876783894,-15.0,-2.0509354844799894,-0.413748383808061,0.0,191.40967732800166
26.950433141000303,-4.0559914041786245,19.581934540137883,-15.0,-2.048982674359988,-0.42429355845606775,0.0,191.70259884600185
27.001117220000197,-4.1602746599204,19.5624547966399,-15.0,-2.0469441389999905,-0.43523908508004433,0.0,192.0067033200012
27.05106485200031,-4.261968038672629,19.538080352223847,-15.0,-2.0444467573999847,-0.4459278783280679,0.0,192.30638911200188
27.100510230000054,-4.362638828280111,19.51395100775997,-15.0,-2.041974488499997,-0.45650918922001305,0.0,192.60306138000036
27.150236247000066,-4.463880998892135,19.489684711463966,-15.0,-2.0394881876499964,-0.46715055685801515,0.0,192.90141748200043
27.201127263000217,-4.567495107468441,19.46484989565589,-15.0,-2.036943636849989,-0.478041234282047,0.0,193.20676357800133
27.250445279999894,-4.667906590079785,19.44078270336005,-15.0,-2.034477736000005,-0.4885952899199776,0.0,193.50267167999937
27.300786182000138,-4.770400666552281,19.416216343183933,-15.0,-2.031960690899993,-0.4993682429480293,0.0,193.80471709200083
27.350471602000198,-4.871560181672403,19.391969858223902,-15.0,-2.0294764198999897,-0.5100009228280417,0.0,194.1028296120012
27.400939593000203,-4.974313011348413,19.3673414786159,-15.0,-2.0269530203499895,-0.5208010729020423,0.0,194.40563755800122
27.450791037000272,-5.0758105513325535,19.343013973943865,-15.0,-2.024460448149986,-0.5314692819180566,0.0,194.70474622200163
27.50036351300014,-5.176729934104278,19.318783346251916,-15.0,-2.0219774621939908,-0.5420763377300272,0.0,195.00218107800083
27.550414069,-5.277231450551997,19.288953214876,-15.0,-2.0188743277219996,-0.5525869544899977,0.0,195.302484414
27.60073203999991,-5.378269936319823,19.258963704160053,-15.0,-2.015754613520005,-0.5631537283999796,0.0,195.60439223999947
27.65034372700029,-5.4778902038165835,19.229395138707826,-15.0,-2.0126786889259813,-0.5735721826700592,0.0,195.90206236200174
27.700326034000227,-5.578254676272456,19.199605683735864,-15.0,-2.0095797858919853,-0.5840684671400459,0.0,196.20195620400136
27.750838683999973,-5.679684077471945,19.169500144336016,-15.0,-2.006448001592001,-0.5946761236399926,0.0,196.50503210399984
27.80019555400031,-5.778792672432624,19.140083449815815,-15.0,-2.0033878756519803,-0.6050410663400636,0.0,196.80117332400187
27.851344528000027,-5.881499812224054,19.109598661311985,-15.0,-2.0002166392639977,-0.615782350880004,0.0,197.10806716800016
27.90034137700013,-5.979885485016264,19.080396539307923,-15.0,-1.9971788346259913,-0.626071689170026,0.0,197.4020482620008
27.950593617000322,-6.080791982936647,19.050446204267807,-15.0,-1.9940631957459796,-0.6366246595700661,0.0,197.70356170200193
28.00020022300032,-6.180395240202631,19.020860244345776,-15.0,-1.9909855839439765,-0.6470412459380643,0.0,198.00120133800192
28.05095914100002,-6.280593344334042,18.985430519581985,-15.0,-1.987330941847998,-0.657497583046003,0.0,198.30575484600013
28.100236470000254,-6.377866791780502,18.951034943939824,-15.0,-1.9837829741599815,-0.6676487128200512,0.0,198.60141882000153
28.150748273000318,-6.477577090902627,18.91577770544578,-15.0,-1.9801461243439769,-0.6780541442380643,0.0,198.9044896380019
28.200345535999986,-6.575482088063972,18.88115881587201,-15.0,-1.9765751214080007,-0.6882711804159962,0.0,199.20207321599992
28.2504694700001,-6.6744267337801935,18.84617230993993,-15.0,-1.9729661981599929,-0.6985967108200195,0.0,199.5028168200006
28.300282971000343,-6.772758584754676,18.81140248624176,-15.0,-1.9693796260879752,-0.70885829202607,0.0,199.80169782600208
28.35096254300015,-6.872800059882297,18.776028144985897,-15.0,-1.9657306969039892,-0.7192982838580306,0.0,200.10577525800093
28.400712067000313,-6.971005620258618,18.741302977233783,-15.0,-1.9621487311759775,-0.7295466858020643,0.0,200.4042724020019
28.451015371000267,-7.070304342354527,18.706191271041813,-15.0,-1.958526893287981,-0.7399091664260549,0.0,200.70609222600163
28.50590001899991,-7.1784224367838245,18.667268184762072,-15.0,-1.9545043984040076,-0.7512036038759816,0.0,201.0354001139995
28.640542628000276,-7.439090527808534,18.55928481234378,-15.0,-1.9431944192479769,-0.7786706961120563,0.0,201.84325576800168
28.663290768000024,-7.483130926848047,18.541040804063982,-15.0,-1.941283575487998,-0.783311316672005,0.0,201.97974460800017
28.67496290600002,-7.505728186016036,18.531679749387987,-15.0,-1.9403031158959985,-0.7856924328240039,0.0,202.04977743600014
28.700120376000086,-7.5544330479361665,18.511503458447933,-15.0,-1.938189888415993,-0.7908245567040177,0.0,202.20072225600055
28.75020663000032,-7.651400035680621,18.471334282739743,-15.0,-1.9339826430799731,-0.8010421525200656,0.0,202.50123978000192
28.802140705000056,-7.751944404880109,18.429683154589956,-15.0,-1.9296201807799955,-0.8116367038200116,0.0,202.81284423000034
28.853052652000315,-7.850509934272609,18.388851773095748,-15.0,-1.9253435772319738,-0.8220227410080645,0.0,203.1183159120019
28.900517172000036,-7.94240124499207,18.350785228055972,-15.0,-1.921356557551997,-0.8317055030880076,0.0,203.40310303200022
28.950718449000306,-8.039590917264592,18.310523803901756,-15.0,-1.9171396502839746,-0.8419465635960626,0.0,203.70431069400183
29.001095713000268,-8.137070897570506,18.27001166687376,-15.0,-1.9128948115519746,-0.8522147597480528,0.0,204.0065742780016
29.05220489300018,-8.23366724777034,18.22391118651384,-15.0,-1.907988330271983,-0.8622321590280355,0.0,204.31322935800108
29.10052386899997,-8.324990112409946,18.180327470162027,-15.0,-1.903349708576003,-0.8717026783239945,0.0,204.60314321399983
29.1507010600003,-8.41982500340057,18.13506764387973,-15.0,-1.8985326982399713,-0.8815374077600591,0.0,204.9042063600018
29.200759652000215,-8.514435742280407,18.089914793895808,-15.0,-1.8937270734079796,-0.8913488917920421,0.0,205.2045579120013
29.251474302000133,-8.610286430780253,18.04417017959588,-15.0,-1.8888584670079875,-0.9012889631920259,0.0,205.5088458120008
29.300380123000195,-8.70271843247037,18.000057129053825,-15.0,-1.8841635081919814,-0.910874504108038,0.0,205.80228073800117
29.35052451899992,-8.797491340909847,17.954826883862072,-15.0,-1.879349646176008,-0.9207028057239837,0.0,206.1031471139995
29.400477795999905,-8.891903034439819,17.909769028008085,-15.0,-1.8745541315840093,-0.9304936480159808,0.0,206.40286677599943
29.451260463999915,-8.98788227695984,17.863963061472077,-15.0,-1.8696789954560082,-0.9404470509439828,0.0,206.7075627839995
29.5009962070003,-9.081833020880548,17.8190057854137,-15.0,-1.8648963944719692,-0.9501932641580572,0.0,207.0059772420018
29.55041452000023,-9.172762716800426,17.76968630903977,-15.0,-1.8597568899199761,-0.9597804168800443,0.0,207.3024871200014
29.600739455000166,-9.265360597200306,17.719462023909834,-15.0,-1.854523096679983,-0.9695434542700319,0.0,207.604436730001
29.651143705000322,-9.358104417200593,17.66915858240968,-15.0,-1.8492810546799667,-0.9793218787700623,0.0,207.90686223000193
29.701648329999898,-9.451032927199812,17.618754966660102,-15.0,-1.844028573680011,-0.98911977601998,0.0,208.2098899799994
29.750513115000103,-9.54094413160019,17.569987911229898,-15.0,-1.8389466360399898,-0.99859954431002,0.0,208.50307869000062
29.80081273399992,-9.63349543055985,17.51978889146808,-15.0,-1.8337154756640088,-1.0083576703959845,0.0,208.80487640399954
29.85026976600011,-9.724496369440203,17.47043077353189,-15.0,-1.828571944335989,-1.0179523346040216,0.0,209.1016185960007
29.900914255000316,-9.817682229200582,17.419887573509687,-15.0,-1.8233049174799676,-1.0277773654700617,0.0,209.40548553000193
29.95134688600001,-9.910478270240018,17.36955580777199,-15.0,-1.8180599238559996,-1.0375612958840024,0.0,209.7080813160001
30.001694262,-10.003025951932,17.319143088848,-15.0,-1.8128068541320006,-1.0473185212560008,0.0,210.01016557200003
30.050868917000116,-10.090851885762207,17.265247666967873,-15.0,-1.8072009434619873,-1.0565633563960226,0.0,210.30521350200073
30.101121309000064,-10.180602657874115,17.21017104533593,-15.0,-1.8014721707739934,-1.0660108060920128,0.0,210.6067278540004
30.15123742500009,-10.270110041050161,17.155243782199904,-15.0,-1.7957589335499902,-1.075432635900018,0.0,210.90742455000057
30.20112284200013,-10.359205395812236,17.100569365167857,-15.0,-1.7900719960119855,-1.0848110942960258,0.0,211.20673705200082
30.252327741000045,-10.45065734542608,17.04444879586395,-15.0,-1.7842346375259954,-1.0944376153080095,0.0,211.51396644600027
30.30062035600031,-10.536907955816552,16.991520089823663,-15.0,-1.7787292794159653,-1.1035166269280594,0.0,211.80372213600185
30.35079224099991,-10.626514942425837,16.9365317038641,-15.0,-1.7730096845260108,-1.1129489413079843,0.0,212.10475344599945
30.400149022000278,-10.714666153292496,16.882436671887696,-15.0,-1.7673830114919686,-1.1222280161360538,0.0,212.40089413200167
30.451312299000165,-10.806043766014295,16.826361720295818,-15.0,-1.7615503979139815,-1.1318467122120326,0.0,212.707873794001
30.500895825000043,-10.894546193950076,16.77193755154995,-15.0,-1.7558871260499949,-1.1411594568500094,0.0,213.00537495000026
30.55100607600025,-10.98103648717643,16.712506793863703,-15.0,-1.7495732344239687,-1.150079081528046,0.0,213.3060364560015
30.601135397000235,-11.067559695222405,16.65305341915772,-15.0,-1.7432569399779705,-1.1590021006660434,0.0,213.6068123820014
30.651335616000324,-11.15420527321656,16.593515959423616,-15.0,-1.7369317123839592,-1.167937739648059,0.0,213.90801369600194
30.70059256500008,-11.239222767190137,16.535097217909907,-15.0,-1.73072533680999,-1.1767054765700153,0.0,214.20355539000047
30.750864569999976,-11.32599224781996,16.475474619980027,-15.0,-1.7243910641800029,-1.185653893459997,0.0,214.50518741999986
30.800414918000115,-11.411516148468198,16.416707907251862,-15.0,-1.7181477203319853,-1.1944738554040215,0.0,214.8024895080007
30.850971114999993,-11.498776144489987,16.356748257610008,-15.0,-1.7117776395100006,-1.2034728584699996,0.0,215.10582668999996
30.9006188379999,-11.584468114387828,16.29786605813212,-15.0,-1.7055220264120123,-1.212310153163983,0.0,215.4037130279994
30.950710522999998,-11.670926362697998,16.238457319722002,-15.0,-1.699210474102,-1.2212264730940001,0.0,215.704263138
31.000944965000144,-11.75756864190024,16.178796114589815,-15.0,-1.6928752646199805,-1.2301644239100256,0.0,216.00566979000087
31.050814295000237,-11.840351729700393,16.1152625881697,-15.0,-1.6862925130599684,-1.2388416873300416,0.0,216.30488577000142
31.100558268999976,-11.92292672653996,16.05188876529403,-15.0,-1.6797263084920027,-1.247497138805996,0.0,216.60334961399985
31.150418818000162,-12.00569523788027,15.988366425867794,-15.0,-1.673144716023978,-1.2561728743320286,0.0,216.90251290800097
31.200391307000245,-12.088649569620408,15.924701474881687,-15.0,-1.666548347475967,-1.2648680874180431,0.0,217.20234784200147
31.250184163000085,-12.171305710580143,15.86126537633789,-15.0,-1.659975690483988,-1.273532044362015,0.0,217.5011049780005
31.300465237000026,-12.254772293420043,15.797207288061967,-15.0,-1.6533385887159957,-1.2822809512380047,0.0,217.80279142200018
31.351032599000064,-12.338714114340107,15.732784468873918,-15.0,-1.6466636969319908,-1.2910796722260114,0.0,218.1061955940004
31.401703445000294,-12.422827718700487,15.668229811069626,-15.0,-1.6399751452599602,-1.2998963994300514,0.0,218.4102206700018
31.451203595000152,-12.504997967700252,15.605166619969806,-15.0,-1.633441125459979,-1.3085094255300267,0.0,218.70722157000094
31.500904766000076,-12.58744219700412,15.541769518239896,-15.0,-1.626871523227988,-1.3171520006880129,0.0,219.00542859600048
31.550971937000213,-12.66724926757834,15.47367816567971,-15.0,-1.6197619849459686,-1.325563285416036,0.0,219.3058316220013
31.60101955400023,-12.74702516907637,15.405613406559684,-15.0,-1.612655223331966,-1.3339712850720389,0.0,219.60611732400142
31.650174646000323,-12.825378385724516,15.33876248143956,-15.0,-1.605675200267953,-1.3422293405280543,0.0,219.90104787600197
31.70077456900026,-12.906034662986412,15.269946586159646,-15.0,-1.5984900112019622,-1.3507301275920436,0.0,220.20464741400158
31.750268767000307,-12.984928414598489,15.202634476879583,-15.0,-1.5914618350859555,-1.3590451528560517,0.0,220.50161260200184
31.8007272509999,-13.065359238093837,15.134010938640138,-15.0,-1.5842967303580135,-1.367522178167983,0.0,220.8043635059994
31.850084075000268,-13.144034015550426,15.066885657999634,-15.0,-1.577288061349961,-1.375814124600045,0.0,221.1005044500016
31.900178416000017,-13.223884395104026,14.998757354239977,-15.0,-1.5701746649279966,-1.3842299738880026,0.0,221.4010704960001
31.951248677999956,-13.30529039273193,14.92930179792006,-15.0,-1.5629226877240054,-1.3928097779039925,0.0,221.70749206799974
32.000408104000144,-13.383619501872218,14.862411514031793,-15.0,-1.5559379681919774,-1.4010644804320225,0.0,222.00244862400086
32.050427823000064,-13.459549435314095,14.790283079233907,-15.0,-1.5483349709039895,-1.40896759603401,0.0,222.30256693800038
32.10052636099999,-13.535599015997988,14.718040987438009,-15.0,-1.5407199931280005,-1.4168831650379987,0.0,222.60315816599996
32.15040697199993,-13.61131778349589,14.646113146376104,-15.0,-1.5331381402560105,-1.4247643015759885,0.0,222.90244183199957
32.20085123600029,-13.68789217624844,14.573372517687583,-15.0,-1.5254706121279555,-1.4327344952880459,0.0,223.20510741600174
32.25018771300029,-13.762784948334435,14.502229317853587,-15.0,-1.5179714676239562,-1.4405296586540455,0.0,223.50112627800172
32.30105985,-13.840008852300002,14.428871696299998,-15.0,-1.5102389027999996,-1.4485674563000004,0.0,223.8063591
32.35017964300005,-13.914572698074071,14.358040954793932,-15.0,-1.502772694263993,-1.4563283835940077,0.0,224.10107785800028
32.40086680100012,-13.991515803918182,14.284950072957827,-15.0,-1.4950682462479818,-1.4643369545580194,0.0,224.40520080600072
32.45131792000029,-14.068100602560444,14.212199559359577,-15.0,-1.487399676159956,-1.4723082313600466,0.0,224.70790752000175
32.50248486600003,-14.145583176772044,14.13822797341195,-15.0,-1.4796073911719954,-1.4803776996320053,0.0,225.0149091960002
32.58429334099992,-14.263550997721884,14.01404270836212,-15.0,-1.466681652122013,-1.4928125878319882,0.0,225.50576004599952
32.60504642400019,-14.293476943408278,13.982539528367706,-15.0,-1.46340266500797,-1.4959670564480294,0.0,225.63027854400116
32.65069396300032,-14.359300694646464,13.913246564165512,-15.0,-1.4561903538459493,-1.502905482376049,0.0,225.90416377800193
32.7019309530001,-14.433184434226145,13.835468813345846,-15.0,-1.4480949094259843,-1.5106935048560153,0.0,226.2115857180006
32.75068057699991,-14.503481392033873,13.761466884114133,-15.0,-1.440392468834014,-1.5181034477039863,0.0,226.50408346199947
32.801994383999954,-14.577475901727933,13.683572525088069,-15.0,-1.4322848873280072,-1.5259031463679926,0.0,226.81196630399975
32.85057287900008,-14.647526091518118,13.609830369677873,-15.0,-1.424609485117987,-1.533287077608012,0.0,227.10343727400053
32.90104019799992,-14.720299965515883,13.533220979436123,-15.0,-1.4166356487160128,-1.540958110095987,0.0,227.40624118799954
32.951876576999894,-14.793606024033846,13.45605135611416,-15.0,-1.4086035008340168,-1.5486852397039832,0.0,227.7112594619994
33.00109097099994,-14.864483720559917,13.381260992226096,-15.0,-1.40081671687201,-1.5561549178819907,0.0,228.00654582599967
33.050662752000335,-14.931901342720455,13.302243573311465,-15.0,-1.3924886576639435,-1.5631941107840466,0.0,228.30397651200204
33.10069007600032,-14.999938503360433,13.222500018855492,-15.0,-1.3840840672319463,-1.5702979907920445,0.0,228.60414045600194
33.151327134999974,-15.068804903599965,13.14178454681004,-15.0,-1.3755770413200044,-1.5774884531699953,0.0,228.90796280999984
33.20144635900033,-15.136967048240447,13.061894503753475,-15.0,-1.3671570116879448,-1.5846053829780458,0.0,229.20867815400197
33.252914751999924,-15.206964062719896,12.97985388531212,-15.0,-1.3585103216640126,-1.5919138947839881,0.0,229.51748851199955
33.30061506700031,-15.271836491120418,12.903819583201509,-15.0,-1.3504966687439484,-1.5986873395140428,0.0,229.80369040200185
33.35124945200005,-15.340699254720064,12.823108373511925,-15.0,-1.341990092063992,-1.6058774221840058,0.0,230.10749671200028
33.401269947999936,-15.408727129279912,12.743375702888104,-15.0,-1.3335866487360108,-1.6129803326159897,0.0,230.40761968799958
33.45085116900009,-15.47615758984012,12.664343236613858,-15.0,-1.3252570036079852,-1.6200208659980115,0.0,230.7051070140005
33.50075872300022,-15.543966613102276,12.58474051981964,-15.0,-1.3168679821979623,-1.6271001514360275,0.0,231.00455233800128
33.551134593999905,-15.608145472755877,12.501116573960159,-15.0,-1.3081025806440167,-1.6337497664079863,0.0,231.3068075639994
33.60019052300004,-15.670642726302047,12.419683731819939,-15.0,-1.2995668489979937,-1.640225149036004,0.0,231.6011431380002
33.65050750799992,-15.734746565191896,12.336157536720135,-15.0,-1.2908116936080143,-1.6468669910559883,0.0,231.90304504799948
33.70251320000034,-15.801001816800433,12.249828087999436,-15.0,-1.2817627031999412,-1.653731742400044,0.0,232.215079200002
33.750646576000236,-15.8623237378243,12.16992668383961,-15.0,-1.2733874957759592,-1.6600853480320303,0.0,232.5038794560014
33.801340124000035,-15.926907317976044,12.085775394159942,-15.0,-1.2645668184239942,-1.6667768963680039,0.0,232.8080407440002
33.85228645799998,-15.991812947491974,12.001204479720032,-15.0,-1.2557021563080037,-1.6735018124559968,0.0,233.11371874799988
33.90058383299993,-16.05334380324191,11.92103083722012,-15.0,-1.247298413058013,-1.6798770659559898,0.0,233.40350299799957
33.95145895099995,-16.118158703573936,11.836578141340084,-15.0,-1.2384461425260092,-1.6865925815319929,0.0,233.7087537059997
34.00165078200007,-16.18195782745208,11.75315075026788,-15.0,-1.229706160803988,-1.6932079985320083,0.0,234.00990469200042
34.05063592700026,-16.240054209422304,11.668602389997556,-15.0,-1.2209868049939547,-1.699380126802032,0.0,234.30381556200155
34.100506099000086,-16.2992002334141,11.582526473125853,-15.0,-1.2121099143779854,-1.7056637684740106,0.0,234.6030365940005
34.15020490699999,-16.358143019701988,11.49674633051802,-15.0,-1.2032635265540028,-1.7119258182819983,0.0,234.90122944199993
34.200805370000126,-16.41815516882015,11.409409931379784,-15.0,-1.1942566441399787,-1.7183014766200158,0.0,235.20483222000075
34.25091954200025,-16.477590576812293,11.322912870507574,-15.0,-1.1853363215239572,-1.7246158622920311,0.0,235.50551725200148
34.30137245500009,-16.537427731630107,11.235831142669843,-15.0,-1.176355703009985,-1.7309729293300116,0.0,235.80823473000058
34.351141117000225,-16.596453364762265,11.149930432057612,-15.0,-1.1674968811739614,-1.7372437807420285,0.0,236.10684670200138
34.40095694999991,-16.65553494269989,11.063948304300158,-15.0,-1.1586296629000177,-1.7435205756999885,0.0,236.40574169999948
34.45073180999998,-16.714567926659974,10.978036895940036,-15.0,-1.1497697378200054,-1.7497922080599975,0.0,236.7043908599999
34.501519656000255,-16.77466554297628,10.890285894383545,-15.0,-1.140714304671954,-1.7561732407840294,0.0,237.00911793600156
34.551127754999925,-16.82903601947992,10.801685829570134,-15.0,-1.1313879820600157,-1.7618285640699918,0.0,237.30676652999958
34.600205647000166,-16.88282538911218,10.714032714457703,-15.0,-1.1221613383639704,-1.7674234437580192,0.0,237.60123388200103
34.65038073100004,-16.937817281176045,10.624420014433927,-15.0,-1.1127284225719938,-1.773143403334005,0.0,237.90228438600025
34.700406318000205,-16.992645324528226,10.535074316051634,-15.0,-1.1033236122159629,-1.7788463202520237,0.0,238.20243790800123
34.75112866900008,-17.04823702122409,10.444484197165854,-15.0,-1.0937878102279859,-1.7846286682660097,0.0,238.5067720140005
34.80072709700016,-17.10259689831218,10.35590140475771,-15.0,-1.0844633057639705,-1.790282889058019,0.0,238.80436258200098
34.85098397399997,-17.15767843550397,10.266142622436048,-15.0,-1.075015012888006,-1.7960121730359975,0.0,239.10590384399984
34.9020841800002,-17.21368426128022,10.17487765451964,-15.0,-1.0654081741599628,-1.8018375965200235,0.0,239.41250508000118
34.95162829600031,-17.26798461241634,10.086391863343449,-15.0,-1.0560938803519428,-1.8074856257440357,0.0,239.70976977600182
35.00040942100031,-17.321408602158314,9.999246665359424,-15.0,-1.0469205723259398,-1.8130425797840333,0.0,240.00245652600185
35.0509295249999,-17.3718276659499,9.906289674000181,-15.0,-1.0371196721500195,-1.8182966705999903,0.0,240.30557714999938
35.100764172000254,-17.421562643656255,9.814593923519533,-15.0,-1.0274517506319512,-1.823479473888027,0.0,240.6045850320015
35.15183002599997,-17.47252636594797,9.720632752160054,-15.0,-1.017544974956006,-1.8287903227039974,0.0,240.9109801559998
35.20092337799997,-17.521521531243973,9.630300984480055,-15.0,-1.0080208646680058,-1.8338960313119974,0.0,241.2055402679998
35.250705222000306,-17.571203811556305,9.538702391519436,-15.0,-0.9983631869319406,-1.8390733430880322,0.0,241.50423133200184
35.3013499650001,-17.6217472650701,9.445516064399817,-15.0,-0.9885381067899806,-1.8443403963600107,0.0,241.8080997900006
35.35083216000021,-17.67113049568021,9.354468825599616,-15.0,-0.9789385609599591,-1.8494865446400222,0.0,242.10499296000125
35.40084424900033,-17.72104256050233,9.262446581839395,-15.0,-0.9692362156939357,-1.8546878018960344,0.0,242.40506549400197
35.450870785000006,-17.770969043430007,9.17039775559999,-15.0,-0.9595310677099982,-1.859890561640001,0.0,242.70522471000004
35.50163915200028,-17.821478515104253,9.076902002719471,-15.0,-0.9496787262079445,-1.8651573585920271,0.0,243.00983491200168
35.550333071000296,-17.865400430042268,8.98487049580944,-15.0,-0.9401347180839414,-1.8698319748160286,0.0,243.30199842600177
35.60028137300014,-17.91045379844613,8.890468205029729,-15.0,-0.9303448508919714,-1.874627011808014,0.0,243.60168823800086
35.65056415400022,-17.9558088669082,8.795433748939582,-15.0,-0.9204894258159562,-1.8794541587840214,0.0,243.90338492400133
35.70125322900003,-18.00153041255803,8.699631397189941,-15.0,-0.9105543671159937,-1.8843203099840031,0.0,244.20751937400019
35.75152893299992,-18.046879097565927,8.604610316630156,-15.0,-0.9007003291320159,-1.8891467775679924,0.0,244.5091735979995
35.80144683100025,-18.091905041562224,8.51026548940953,-15.0,-0.8909164211239512,-1.8939388957760241,0.0,244.80868098600152
35.85094393899999,-18.136551432977992,8.41671595529002,-15.0,-0.8812149879560021,-1.8986906181439993,0.0,245.10566363399997
35.90136001300016,-18.182026731726143,8.321429575429702,-15.0,-0.8713334374519692,-1.9035305612480153,0.0,245.40816007800098
35.95052654600022,-18.2263749444922,8.228504828059586,-15.0,-0.8616967969839573,-1.9082505484160213,0.0,245.70315927600134
36.00050542400004,-18.27140535004803,8.134021499135924,-15.0,-0.8518968935039923,-1.9130424556160035,0.0,246.00303254400026
36.05089759400016,-18.31181987038813,8.036462258015685,-15.0,-0.8416168908239673,-1.9172753978960138,0.0,246.305385564001
36.10072193099995,-18.351778988661962,7.9400023415840915,-15.0,-0.8314527260760098,-1.9214606422039961,0.0,246.60433158599974
36.151029821000066,-18.392125916442055,7.842606266543873,-15.0,-0.8211899165159868,-1.9256865049640057,0.0,246.9061789260004
36.200458806999904,-18.431767963213925,7.746911749648184,-15.0,-0.8111064033720197,-1.9298385397879922,0.0,247.20275284199943
36.25109407800028,-18.472377450556223,7.648881864991461,-15.0,-0.8007768080879434,-1.9340919025520236,0.0,247.50656446800167
36.300895652000236,-18.51231831290419,7.552466017727544,-15.0,-0.790617286991952,-1.9382752347680199,0.0,247.80537391200141
36.35050778799996,-18.552107245975968,7.456416922432079,-15.0,-0.7804964112480085,-1.9424426541919966,0.0,248.10304672799975
36.400942341000246,-18.5925557574822,7.358775627823524,-15.0,-0.77020776243595,-1.9466791566440207,0.0,248.40565404600144
36.45131580599991,-18.63295527641193,7.2612525995841715,-15.0,-0.7599315755760181,-1.9509105277039926,0.0,248.70789483599944
36.50055293500009,-18.672385948630062,7.165908506309828,-15.0,-0.7498860953899821,-1.9550398113200063,0.0,249.0033176100005
36.550939649000156,-18.70755587500211,7.0664451328736915,-15.0,-0.7395064323059677,-1.9586676547280113,0.0,249.3056378940009
36.600676553000085,-18.74227223399406,6.9682644843778325,-15.0,-0.7292606300819822,-1.9622487118160061,0.0,249.60405931800048
36.6505427269999,-18.777078823445933,6.869828656902194,-15.0,-0.7189881982380197,-1.9658390763439928,0.0,249.90325636199938
36.70058691200029,-18.812009664576202,6.771041435711427,-15.0,-0.7086790961279397,-1.9694422576640207,0.0,250.2035214720017
36.75067338100007,-18.84697001993805,6.672170745905862,-15.0,-0.6983612835139849,-1.9730484834320048,0.0,250.50404028600042
36.800776620000306,-18.881942080760215,6.573266952119395,-15.0,-0.688040016279936,-1.976655916640022,0.0,250.80465972000184
36.85143153700028,-18.917299212826197,6.473274145961446,-15.0,-0.6776051033779411,-1.98030307066402,0.0,251.10858922200168
36.90120252299994,-18.95203936105396,6.375026219598122,-15.0,-0.6673522802620115,-1.9838865816559952,0.0,251.40721513799963
36.950986285,-18.98678842693,6.276753073410002,-15.0,-0.6570968252899988,-1.9874710125199997,0.0,251.70591771
37.00172877100022,-19.02203034751613,6.176528627831565,-15.0,-0.646636958089953,-1.9911071838020131,0.0,252.0103726260013
37.05085690500027,-19.051310715380165,6.077879334759451,-15.0,-0.636320049949941,-1.9941531281100167,0.0,252.30514143000164
37.10129610000013,-19.081372475600077,5.976597431199745,-15.0,-0.6257278189999718,-1.9972803582000074,0.0,252.60777660000076
37.150687265000215,-19.11080960994013,5.877419971879568,-15.0,-0.6153556743499532,-2.000342610430013,0.0,252.9041235900013
37.201125031000174,-19.140870518476103,5.77614093775165,-15.0,-0.6047637434899618,-2.0034697519220104,0.0,253.20675018600105
37.25070063200019,-19.17041757667211,5.67659313094362,-15.0,-0.5943528672799585,-2.006543439184011,0.0,253.50420379200114
37.300828234000164,-19.2002936274641,5.57593690612767,-15.0,-0.5838260708599637,-2.0096513505080096,0.0,253.804969404001
37.35187125500033,-19.230715267980198,5.473442519959332,-15.0,-0.5731070364499282,-2.01281601781002,0.0,254.11122753000203
37.40062366400025,-19.25977170374415,5.375547682687499,-15.0,-0.5628690305599456,-2.015838667168015,0.0,254.40374198400153
37.45139197300023,-19.290029615908136,5.273604918215544,-15.0,-0.5522076856699504,-2.0189863023260135,0.0,254.7083518380014
37.50085180299993,-19.319415679863965,5.174265729092138,-15.0,-0.5418177141580125,-2.022042590149996,0.0,255.00511081799962
37.55080540800009,-19.343793039104042,5.072560189311822,-15.0,-0.5311276426879797,-2.0245402704000037,0.0,255.30483244800055
37.60054806900007,-19.368067457672034,4.9712841315158585,-15.0,-0.520482713233984,-2.027027403450003,0.0,255.60328841400045
37.65028641500021,-19.392339770520103,4.870016859059573,-15.0,-0.5098387071899544,-2.02951432075001,0.0,255.9017184900013
37.70101840699999,-19.417096982615995,4.766726523348016,-15.0,-0.49898206090200137,-2.0320509203499992,0.0,256.20611044199995
37.75165215600009,-19.441806252128043,4.663636210383815,-15.0,-0.48814643861598067,-2.0345826078000044,0.0,256.50991293600055
37.803051014000175,-19.466888894832085,4.558988135495643,-15.0,-0.47714708300396314,-2.0371525507000086,0.0,256.81830608400105
37.85214231400005,-19.490845449232022,4.459038248695903,-15.0,-0.4666415448039908,-2.039607115700002,0.0,257.1128538840003
37.9011521780003,-19.514762262864146,4.359254165591385,-15.0,-0.4561534339079368,-2.042057608900015,0.0,257.4069130680018
37.951066140999956,-19.539120276807978,4.257629336924091,-15.0,-0.44547184582601135,-2.044553307049998,0.0,257.70639684599973
38.002027762000125,-19.563774605084046,4.153826865803743,-15.0,-0.43456200340797524,-2.047081110480005,0.0,258.01216657200075
38.05333435300008,-19.58337372284603,4.048237901525831,-15.0,-0.4234797797519845,-2.0491333741200033,0.0,258.3200061180005
38.10178961500014,-19.601883632930054,3.9485169723297053,-15.0,-0.4130134431599712,-2.051071584600006,0.0,258.61073769000086
38.15087523400007,-19.620634339388026,3.84749876842786,-15.0,-0.4024109494559874,-2.053035009360003,0.0,258.9052514040004
38.20137283300028,-19.639924422206107,3.7435747096854284,-15.0,-0.3915034680719421,-2.0550549133200113,0.0,259.20823699800167
38.25097126400033,-19.658871022848125,3.641501138687327,-15.0,-0.38079020697593136,-2.0570388505600135,0.0,259.50582758400196
38.3014950390002,-19.678171104898077,3.5375232097375857,-15.0,-0.36987707157595845,-2.059059801560008,0.0,259.8089702340012
38.35105212999997,-19.69710191365999,3.43553471646006,-15.0,-0.3591727399200082,-2.061042085199999,0.0,260.1063127799998
38.40101790200015,-19.716188838564058,3.332705157683694,-15.0,-0.34838013316796973,-2.063040716080006,0.0,260.4061074120009
38.45225917000016,-19.73576300294006,3.227250628139668,-15.0,-0.33731201927996696,-2.0650903668000065,0.0,260.71355502000097
38.50203912200004,-19.75455464118401,3.124766782727913,-15.0,-0.32655954964799266,-2.0670611736600013,0.0,261.01223473200025
38.551322626,-19.767959754272002,3.0224542284239977,-15.0,-0.31591431278400106,-2.06853967878,0.0,261.307935756
38.60100523300025,-19.78147342337607,2.9193131362914793,-15.0,-0.30518286967194674,-2.0700301569900077,0.0,261.6060313980015
38.650364235000325,-19.79489907192009,2.816843848139326,-15.0,-0.29452132523993035,-2.0715109270500096,0.0,261.90218541000195
38.70066838299999,-19.808581800176,2.7124124368920146,-15.0,-0.2836556292720016,-2.07302005149,0.0,262.20401029799996
38.751315989999966,-19.822357949279994,2.60726800476007,-15.0,-0.27271574616000693,-2.074539479699999,0.0,262.5078959399998
38.80113576800022,-19.83590892889606,2.5038421456315394,-15.0,-0.2619546741119513,-2.0760340730400064,0.0,262.80681460800133
38.8508758400003,-19.849438228480082,2.4005817561593794,-15.0,-0.2512108185599343,-2.0775262752000088,0.0,263.1052550400018
38.901821956000276,-19.863295572032076,2.2948176193434264,-15.0,-0.24020645750393876,-2.079054658680008,0.0,263.41093173600166
38.9513928209999,-19.87677884731197,2.1919085036042087,-15.0,-0.22949915066401977,-2.0805417846299967,0.0,263.7083569259994
39.000977118000264,-19.890162201588044,2.088959777615448,-15.0,-0.21878698827593998,-2.0820175881240046,0.0,264.0058627080016
39.051003691000005,-19.898466612706002,1.984504293191989,-15.0,-0.20788119536199665,-2.082918066438,0.0,264.30602214600003
39.10090755100009,-19.906750653466016,1.8803050335118097,-15.0,-0.19700215388197811,-2.0838163359180015,0.0,264.60544530600055
39.15110080000022,-19.915082732800037,1.7755015295995364,-15.0,-0.18606002559994977,-2.084719814400004,0.0,264.90660480000133
39.201737271000184,-19.92348838698603,1.6697725781516166,-15.0,-0.17502127492195832,-2.0856312708780034,0.0,265.2104236260011
39.25112834900028,-19.931687305934048,1.5666440072874104,-15.0,-0.16425401991793698,-2.086520310282005,0.0,265.5067700940017
39.3045752160001,-19.940559485856017,1.455046948991785,-15.0,-0.1526026029119763,-2.087482353888002,0.0,265.8274512960006
39.352019247000044,-19.948435195002006,1.3559838122639085,-15.0,-0.14225980415398937,-2.0883363464460007,0.0,266.11211548200026
39.400571579999905,-19.956494882279983,1.2546065409601979,-15.0,-0.13167539556001973,-2.0892102884399986,0.0,266.40342947999943
39.45107030700001,-19.964877670962,1.149165198983981,-15.0,-0.12066667307399728,-2.0901192655260004,0.0,266.70642184200005
39.50214156099992,-19.973115644293994,1.0425155712661744,-15.0,-0.10952885658001776,-2.091012849366,0.0,267.0128493659995
39.55099778600015,-19.975753880444007,0.9402106361156801,-15.0,-0.0987804870799659,-2.091305986716001,0.0,267.3059867160009
39.60065417600026,-19.978435325504012,0.8362301554554514,-15.0,-0.08785608127994192,-2.0916039250560017,0.0,267.6039250560016
39.650541131999944,-19.981129221127997,0.7317668695921173,-15.0,-0.07688095096001193,-2.0919032467919996,0.0,267.90324679199966
39.701058769000156,-19.983857173526008,0.6259829377136739,-15.0,-0.0657670708199654,-2.092206352614001,0.0,268.20635261400093
39.750748750000184,-19.98654043250001,0.5219321174996139,-15.0,-0.054835274999959153,-2.092504492500001,0.0,268.5044925000011
39.80156714600025,-19.989284625884014,0.4155183962754717,-15.0,-0.043655227879944275,-2.0928094028760014,0.0,268.8094028760015
39.85042740200015,-19.99192307970801,0.31320502021168517,-15.0,-0.03290597155996676,-2.0931025644120007,0.0,269.1025644120009
39.900186576000124,-19.994610075104006,0.20900930985574084,-15.0,-0.02195895327997266,-2.0934011194560007,0.0,269.40111945600074
39.95010254099998,-19.997305537214,0.10448527914604533,-15.0,-0.010977440980004707,-2.0937006152459996,0.0,269.70061524599987
40.000444975999926,-19.999975971296003,-0.0009317797438452544,-15.0,9.789471998374161e-05,-2.0939973301440005,0.0,270.00266985599956
40.05145344700031,-19.997221513861984,-0.10774351801865487,-15.0,0.011319758340068743,-2.093691279317998,0.0,270.3087206820019
40.10201360500014,-19.99449126532999,-0.21361648887028967,-15.0,0.02244299310003032,-2.093387918369999,0.0,270.61208163000083
40.15099975500016,-19.991846013229992,-0.31619348697032906,-15.0,0.033219946100034405,-2.093094001469999,0.0,270.90599853000094
40.201275868000266,-19.989131103127985,-0.4214716675925574,-15.0,0.044280690960058336,-2.0927923447919983,0.0,271.2076552080016
40.25069929200026,-19.986462238231987,-0.5249643174485509,-15.0,0.05515384424005759,-2.0924958042479984,0.0,271.5041957520016
40.3009712840003,-19.983747550663985,-0.6302338686966231,-15.0,0.06621368248006514,-2.0921941722959985,0.0,271.8058277040018
40.351268662000166,-19.98103149225199,-0.7355565782283474,-15.0,0.07727910564003611,-2.091892388027999,0.0,272.107611972001
40.400623386999996,-19.978366337102,-0.8389053723779916,-15.0,0.08813714513999867,-2.091596259678,0.0,272.403740322
40.450726911999936,-19.975660746752002,-0.9438221537278668,-15.0,0.0991599206399855,-2.0912956385280004,0.0,272.7043614719996
40.50035003700032,-19.972941893857946,-1.0477308772566611,-15.0,0.11007630806606847,-2.0909936993339944,0.0,273.0021002220019
40.55074596200029,-19.96457617030795,-1.1529575686566094,-15.0,0.12106261971606289,-2.090086572683995,0.0,273.30447577200175
40.60061849800013,-19.956297329331978,-1.257091423824273,-15.0,0.13193483256402758,-2.0891888670359977,0.0,273.6037109880008
40.65019608600005,-19.94806744972399,-1.3606094275681062,-15.0,0.14274274674800996,-2.0882964704519993,0.0,273.9011765160003
40.70028996000019,-19.939751866639966,-1.465205436480399,-15.0,0.15366321128004037,-2.0873947807199964,0.0,274.20173976000115
40.75115426699995,-19.93130839167801,-1.5714101094958897,-15.0,0.16475163020598702,-2.086479223194001,0.0,274.5069256019997
40.800840990000324,-19.923060395659945,-1.6751559871206774,-15.0,0.17558333582006908,-2.085584862179994,0.0,274.80504594000195
40.85110448100022,-19.914716656153963,-1.7801061563284604,-15.0,0.1865407768580462,-2.084680119341996,0.0,275.1066268860013
40.90074834300003,-19.906475775061995,-1.8837625401840672,-15.0,0.19736313877400496,-2.0837865298259994,0.0,275.4044900580002
40.95124640499989,-19.89809309677002,-1.9892024936397759,-15.0,0.2083717162899744,-2.0828775647100017,0.0,275.70747842999936
41.00137447499992,-19.889626142800022,-2.093853410099835,-15.0,0.21929688659998048,-2.0819587657500023,0.0,276.0082468499995
41.050886107000224,-19.87615897889594,-2.1966395581324654,-15.0,0.22999139911204644,-2.080473416789993,0.0,276.30531664200134
41.10053548099995,-19.862654349168015,-2.2997116585559,-15.0,0.24071566389598803,-2.0789839355700015,0.0,276.6032128859997
41.15038248100018,-19.84909596516795,-2.4031940305563713,-15.0,0.2514826158960375,-2.0774885255699944,0.0,276.9022948860011
41.200972406000346,-19.835335505567908,-2.508218714856719,-15.0,0.2624100396960741,-2.0759708278199898,0.0,277.2058344360021
41.25122047600007,-19.82166803052798,-2.6125337081761484,-15.0,0.27326362281601513,-2.074463385719998,0.0,277.5073228560004
41.30156951800018,-19.807973091103953,-2.7170583193683706,-15.0,0.2841390158880387,-2.0729529144599947,0.0,277.80941710800107
41.351057955000215,-19.794512236239942,-2.8197963145804463,-15.0,0.2948285182800469,-2.0714682613499935,0.0,278.1063477300013
41.401375414000086,-19.780825887391977,-2.9242553594641776,-15.0,0.3056970894240194,-2.0699587375799977,0.0,278.4082524840005
41.45200535999993,-19.76705454208002,-3.029363127359855,-15.0,0.31663315775998624,-2.068439839200002,0.0,278.7120321599996
41.50090813099996,-19.753653093958018,-3.130868933597918,-15.0,0.32719615629599313,-2.066963674760002,0.0,279.00544878599976
41.552568135,-19.73391897243,-3.237185221830003,-15.0,0.3383547171600021,-2.0648972746000003,0.0,279.31540881
41.600420359000054,-19.71563942286198,-3.335665098822112,-15.0,0.34869079754401355,-2.062983185639998,0.0,279.6025221540003
41.65078293500028,-19.696400918829895,-3.439311280230575,-15.0,0.35956911396006225,-2.060968682599989,0.0,279.9046976100017
41.70031998000013,-19.67747776763995,-3.5412585188402703,-15.0,0.3702691156800303,-2.058987200799995,0.0,280.2019198800008
41.7509558910001,-19.65813484963796,-3.645467223678213,-15.0,0.3812064724560243,-2.056961764359996,0.0,280.5057353460006
41.801351631000216,-19.638883676957917,-3.7491816565984446,-15.0,0.3920919522960487,-2.0549459347599917,0.0,280.8081097860013
41.8505195140001,-19.620101545651963,-3.8503691598122014,-15.0,0.4027122150240232,-2.052979219439996,0.0,281.1031170840006
41.90090413899998,-19.60085461890201,-3.9540607180619523,-15.0,0.4135952940239971,-2.050963834440001,0.0,281.40542483399986
41.95095395299995,-19.581735589954018,-4.057063235273903,-15.0,0.424406053847992,-2.048961841880002,0.0,281.7057237179997
42.00076448300024,-19.56262693229588,-4.159556487388487,-15.0,0.43516359936205345,-2.0469617758499883,0.0,282.00458689800143
42.051112626000304,-19.53805703851185,-4.262065306536619,-15.0,0.44593810196406686,-2.0444443686999847,0.0,282.3066757560018
42.10145957800023,-19.513487725935885,-4.364571700808471,-15.0,0.4567123496920508,-2.0419270210999882,0.0,282.6087574680014
42.151952559000165,-19.488847151207917,-4.467375410124336,-15.0,0.46751784762603626,-2.0394023720499916,0.0,282.911715354001
42.20106520900026,-19.46488017800787,-4.5673687655245345,-15.0,0.4780279547260567,-2.0369467395499865,0.0,283.2063912540016
42.251688378999916,-19.44017607104804,-4.670437539643828,-15.0,0.4888613131059821,-2.0344155810500038,0.0,283.5101302739995
42.301344813000014,-19.415943731255993,-4.771538039268029,-15.0,0.49948778998200277,-2.031932759349999,0.0,283.8080688780001
42.350752015000126,-19.39183301667994,-4.872131102540256,-15.0,0.5100609312100262,-2.029462399249993,0.0,284.10451209000075
42.4007831670001,-19.367417814503952,-4.973994528012203,-15.0,0.5207675977380202,-2.0269608416499945,0.0,284.4046990020006
42.45135048800012,-19.34274096185594,-5.076949593568237,-15.0,0.5315890044320234,-2.0244324755999936,0.0,284.7081029280007
42.50145386300028,-19.318133497651832,-5.178919356904561,-15.0,0.5423053112300567,-2.0219098604939822,0.0,285.0087231780017
42.55124522300002,-19.288457847091987,-5.278900407784048,-15.0,0.552761496830003,-2.018822796173998,0.0,285.30747133800014
42.60067252199997,-19.258999176888018,-5.378150424175936,-15.0,0.5631412296199914,-2.0157583036360016,0.0,285.6040351319998
42.65068732200007,-19.22919035608796,-5.478580142576135,-15.0,0.5736443376200122,-2.012657386035995,0.0,285.9041239320004
42.70036546600022,-19.199582182263867,-5.578333855728444,-15.0,0.5840767478600447,-2.0095773411079856,0.0,286.2021927960013
42.751689910000096,-19.168992813639942,-5.681393339280191,-15.0,0.5948548811000183,-2.0063952255799937,0.0,286.5101394600006
42.80119473900004,-19.139487935555977,-5.780799035912078,-15.0,0.6052508951900064,-2.003325926181997,0.0,286.80716843400023
42.851010686000336,-19.1097976311438,-5.880829457488675,-15.0,0.615712244060069,-2.0002373374679787,0.0,287.106064116002
42.900709646999985,-19.08017705038801,-5.98062497117597,-15.0,0.6261490258699952,-1.9971560018860006,0.0,287.4042578819999
42.9512931080003,-19.05002930763182,-6.0821965608646025,-15.0,0.6367715526800615,-1.994019827303981,0.0,287.7077586480018
43.001079742,-19.020246340084,-6.182131410708003,-15.0,0.6472224268519988,-1.9909222585759996,0.0,288.006478452
43.05091168200033,-18.98546364596377,-6.2804996602686565,-15.0,0.6574878064920672,-1.9873343588959758,0.0,288.305470092002
43.10149987300019,-18.950153088645866,-6.3803607493023815,-15.0,0.6679089738380386,-1.9836920091439858,0.0,288.60899923800116
43.151095462000285,-18.915535367523802,-6.478262441988562,-15.0,0.6781256651720576,-1.9801211267359793,0.0,288.9065727720017
43.201400090000334,-18.880422737179767,-6.577563777660659,-15.0,0.6884884185400678,-1.9764991935199758,0.0,289.208400540002
43.251395679000325,-18.845525816057773,-6.676255070346641,-15.0,0.6987875098740661,-1.9728995111119765,0.0,289.50837407400195
43.30089151099992,-18.810977725322058,-6.773959842713838,-15.0,0.7089836512659825,-1.9693358112080057,0.0,289.8053490659995
43.35058294300006,-18.776293105785957,-6.872050729482124,-15.0,0.7192200862580125,-1.9657580281039955,0.0,290.1034976580004
43.40091908600016,-18.74115847797189,-6.971414275764312,-15.0,0.7295893317160322,-1.9621338258079886,0.0,290.40551451600095
43.45051791200012,-18.706538497423914,-7.069322358288242,-15.0,0.7398066898720252,-1.9585627103359913,0.0,290.70310747200074
43.50135114600016,-18.670916380907872,-7.169615818656311,-15.0,0.7502756337840328,-1.9548865037359866,0.0,291.00810687600097
43.551303885999914,-18.630854283428068,-7.266324323295834,-15.0,0.7604659927439825,-1.9506904735760073,0.0,291.3078233159995
43.6005159209999,-18.591386231358083,-7.361598823055799,-15.0,0.7705052478839789,-1.946556662636009,0.0,291.6030955259994
43.6510438360001,-18.55086284352792,-7.459420866496192,-15.0,0.7808129425440202,-1.9423123177759918,0.0,291.9062630160006
43.7012063279999,-18.510632524944082,-7.556535451007803,-15.0,0.7910460909119794,-1.9380986684480086,0.0,292.2072379679994
43.75125005600012,-18.470497455087905,-7.653420108416227,-15.0,0.8012550114240241,-1.9338949952959903,0.0,292.5075003360007
43.80057581000028,-18.430938200379774,-7.748914768160546,-15.0,0.8113174652400578,-1.9297516319599766,0.0,292.8034548600017
43.850351157000205,-18.391018372085835,-7.845279839952396,-15.0,0.821471636028042,-1.925570502811983,0.0,293.1021069420012
43.90119189799998,-18.35024409780402,-7.94370751452796,-15.0,0.831843147191996,-1.921299880568002,0.0,293.4071513879999
43.95302750000019,-18.308671944999848,-8.044061240000365,-15.0,0.8424176100000389,-1.9169456899999844,0.0,293.71816500000114
44.00326872400001,-18.268051610951993,-8.141177888360016,-15.0,0.852640669904002,-1.9126862024959994,0.0,294.01961234400005
44.055375178000304,-18.221051589443725,-8.239659086420575,-15.0,0.8628535348880598,-1.9076839829119712,0.0,294.3322510680018
44.10048636600004,-18.180361297867965,-8.324919231740077,-15.0,0.8716953277360081,-1.9033533088639962,0.0,294.60291819600025
44.15072544500026,-18.135045648609765,-8.419871091050496,-15.0,0.8815421872200514,-1.898530357279975,0.0,294.9043526700016
44.200765090999994,-18.089909887918004,-8.514446021989988,-15.0,0.8913499578359987,-1.893726551264001,0.0,295.20459054599996
44.25130359400009,-18.044324158211918,-8.609963792660173,-15.0,0.9012555044240178,-1.8888748549759915,0.0,295.50782156400055
44.3032051160003,-17.99750898536773,-8.708057669240565,-15.0,0.9114282027360584,-1.8838923088639714,0.0,295.8192306960018
44.35276997000028,-17.952801487059748,-8.801735243300532,-15.0,0.9211429141200547,-1.8791340828799732,0.0,296.1166198200017
44.407684731000245,-17.90326837263778,-8.905524141590464,-15.0,0.9319062072760474,-1.8738622658239767,0.0,296.44610838600147
44.454839472,-17.860734796255997,-8.994646602080007,-15.0,0.941148536512,-1.8693354106879998,0.0,296.729036832
44.5008539280002,-17.819147779855804,-9.081571227520362,-15.0,0.9501656620320375,-1.8649111914879797,0.0,297.0051235680012
44.553795083000296,-17.766312507165704,-9.178982952720544,-15.0,0.9604362461020568,-1.8594053113679696,0.0,297.3227704980018
44.60077017799995,-17.71943136235605,-9.265417127519905,-15.0,0.9695494145319894,-1.8545199014880056,0.0,297.6046210679997
44.650215800000296,-17.670084631599703,-9.356397072000545,-15.0,0.9791418652000572,-1.8493775567999695,0.0,297.9012948000018
44.70070114800001,-17.619700254295992,-9.449290112320014,-15.0,0.9889360227120012,-1.8441270806079997,0.0,298.20420688800004
44.750814954999896,-17.569686674910105,-9.541499517199808,-15.0,0.9986581012699798,-1.8389152446800112,0.0,298.5048897299994
44.800687712000126,-17.519913663423875,-9.633265390080233,-15.0,1.0083334161280246,-1.8337284779519873,0.0,298.80412627200076
44.85079205000011,-17.46990953409989,-9.7254573720002,-15.0,1.0180536577000214,-1.8285176267999892,0.0,299.10475230000065
44.9009337790003,-17.419868088557706,-9.817718153360547,-15.0,1.0277811531260581,-1.8233028869839696,0.0,299.4056026740018
44.95084853100025,-17.370053166061755,-9.909561297040455,-15.0,1.0374646150140483,-1.818111752775975,0.0,299.7050911860015
45.00352251300001,-17.317139325751995,-10.006291208218013,-15.0,1.047662232444002,-1.8125984335179999,0.0,300.02113507800004
45.05309437000005,-17.262808570479944,-10.094826544820096,-15.0,1.0569817415600107,-1.8069472418199946,0.0,300.3185662200003
45.10582560000012,-17.205015142399873,-10.189004521600209,-15.0,1.0668952128000229,-1.8009358815999872,0.0,300.6349536000007
45.15193111899998,-17.15448349357602,-10.271348978533968,-15.0,1.0755630503719977,-1.7956798524340025,0.0,300.9115867139999
45.20208179700012,-17.09951835048787,-10.360918089442213,-15.0,1.0849913778360234,-1.7899626751419868,0.0,301.2124907820007
45.25545383899998,-17.04102259245602,-10.45624055645397,-15.0,1.095025321731998,-1.7838782623540024,0.0,301.5327230339999
45.30057199200019,-16.991573096767794,-10.536821577712333,-15.0,1.1035075344960363,-1.7787347929119792,0.0,301.8034319520011
45.353893509000045,-16.93313271413595,-10.632053807074081,-15.0,1.1135319796920098,-1.7726561399739953,0.0,302.12336105400027
45.40353253000012,-16.878728347119868,-10.720709098580215,-15.0,1.1228641156400243,-1.7669972915799865,0.0,302.4211951800007
45.451354273000106,-16.826315716791882,-10.80611873157819,-15.0,1.1318546033240218,-1.761545612877988,0.0,302.70812563800064
45.50148061500022,-16.77124399060974,-10.895555541490378,-15.0,1.1412635494700407,-1.7558134425099727,0.0,303.0088836900013
45.55301316300029,-16.71012638868166,-10.984500719338495,-15.0,1.1504363430140527,-1.749320341461964,0.0,303.3180789780017
45.600696795000204,-16.653573601129757,-11.066802668170352,-15.0,1.1589240295100378,-1.7433122038299744,0.0,303.6041807700012
45.65020843499997,-16.594852796090038,-11.152259758809945,-15.0,1.1677371014299955,-1.737073737190004,0.0,303.9012506099998
45.70108375400014,-16.534514667755836,-11.240070559404238,-15.0,1.1767929082120256,-1.7306634469959827,0.0,304.2065025240008
45.750957565000135,-16.47536432790984,-11.326152757190235,-15.0,1.1856704465700252,-1.7243793468099828,0.0,304.5057453900008
45.80138586000021,-16.415556370039752,-11.413191994360362,-15.0,1.1946466830800382,-1.7180253816399735,0.0,304.80831516000126
45.851001732999976,-16.356711944662027,-11.498828991157959,-15.0,1.2034783084739964,-1.711773781642003,0.0,305.10601039799985
45.901000258000295,-16.29741369401165,-11.585126445308509,-15.0,1.2123780459240532,-1.7054739674919626,0.0,305.40600154800177
45.95040714000015,-16.23881713195982,-11.670402723640263,-15.0,1.2211724709200276,-1.6992487003599805,0.0,305.7024428400009
46.000828058000025,-16.178945054107967,-11.757374576280041,-15.0,1.2301440820920047,-1.6928906963439965,0.0,306.00496834800015
46.051048894999894,-16.114963707770134,-11.840741165699825,-15.0,1.238882507729982,-1.6862615458600134,0.0,306.30629336999937
46.10107525400008,-16.051230126403897,-11.923784921640133,-15.0,1.247587094196014,-1.679658066471989,0.0,306.6064515240005
46.15046791500026,-15.988303876289665,-12.005776738900437,-15.0,1.256181417210046,-1.6731382352199646,0.0,306.9028074900016
46.20068366100031,-15.924329015885602,-12.089134877260518,-15.0,1.2649189570140547,-1.666509756747958,0.0,307.2041019660019
46.25082312199993,-15.860451342572091,-12.172366382519883,-15.0,1.273643223227988,-1.6598913478960087,0.0,307.5049387319996
46.300474167000175,-15.797195911241776,-12.25478711722029,-15.0,1.2822825050580307,-1.6533374099559761,0.0,307.80284500200105
46.3510457780003,-15.732767678827619,-12.338735991480496,-15.0,1.291081965372052,-1.6466619573039598,0.0,308.1062746680018
46.40128153000023,-15.668767330779703,-12.422127339800387,-15.0,1.2998229862200408,-1.6400308380399682,0.0,308.4076891800014
46.45068772200011,-15.605823842171857,-12.504141618520185,-15.0,1.3084196636280196,-1.6335092206959843,0.0,308.70412633200067
46.50080029300034,-15.541911601519539,-12.58727566704254,-15.0,1.317134449224057,-1.6268863583939508,0.0,309.00480175800203
46.55310214300016,-15.470781085519782,-12.670644815942255,-15.0,1.325921160024027,-1.619459495693976,0.0,309.31861285800096
46.60022801100013,-15.406689905039828,-12.745763449534202,-15.0,1.3338383058480214,-1.612767622437981,0.0,309.60136806600076
46.65100841799995,-15.337628551520071,-12.826707418291916,-15.0,1.342369414223991,-1.6055568046440065,0.0,309.9060505079997
46.70101804900014,-15.269615453359808,-12.906422770106223,-15.0,1.3507710322320237,-1.598455437041979,0.0,310.20610829400084
46.75054761899992,-15.202255238160111,-12.985372904685867,-15.0,1.3590919999919862,-1.5914222381020109,0.0,310.5032857139995
46.80081678200031,-15.133889176479576,-13.065501950508494,-15.0,1.3675372193760522,-1.5842840169559549,0.0,310.80490069200187
46.850456453000334,-15.066379223919546,-13.144627586082532,-15.0,1.375876684104056,-1.5772351836739518,0.0,311.102738718002
46.90086408700017,-14.997824841679765,-13.224977354678275,-15.0,1.384345166616029,-1.5700772996459746,0.0,311.40518452200104
46.95068458200012,-14.930068968479834,-13.304391223708194,-15.0,1.3927150097760204,-1.563002789355982,0.0,311.70410749200073
47.000359389000096,-14.862481761061861,-13.383545552502145,-15.0,1.401056783462015,-1.5559453728719845,0.0,312.0021563340006
47.05080867000015,-14.789733897859781,-13.46012756106023,-15.0,1.4090277698600238,-1.5482770821599763,0.0,312.3048520200009
47.10101310800019,-14.717339098263729,-13.536337897944286,-15.0,1.4169600710640298,-1.5406460075839707,0.0,312.60607864800113
47.151270335999925,-14.644868175488108,-13.612628370047885,-15.0,1.424900713087988,-1.533006908928011,0.0,312.90762201599955
47.20140876400001,-14.57256856231199,-13.68873850375201,-15.0,1.432822584712001,-1.5253858678719987,0.0,313.20845258400004
47.252013552000335,-14.499596458015516,-13.765556571936507,-15.0,1.440818141216053,-1.5176939400959488,0.0,313.512081312002
47.30262872000003,-14.426609385759956,-13.842390396960045,-15.0,1.4488153377600048,-1.5100004345599953,0.0,313.8157723200002
47.352046021000206,-14.355349637717703,-13.917405859878311,-15.0,1.4566232713180327,-1.5024890048079689,0.0,314.11227612600123
47.40150877199994,-14.284024350776082,-13.992490315895912,-15.0,1.4644383859759913,-1.494970666656009,0.0,314.40905263199966
47.45052690800003,-14.213340198663957,-14.066899846344043,-15.0,1.472183251464005,-1.487519909983996,0.0,314.7031614480002
47.50287794199994,-14.137631284044089,-14.146149992363915,-15.0,1.4804374471839914,-1.4795452851640098,0.0,315.01726765199965
47.55189154000027,-14.06322864227959,-14.21682760068039,-15.0,1.4878875140800414,-1.4718011366799577,0.0,315.3113492400016
47.601342624000154,-13.988161896767766,-14.28813606380822,-15.0,1.4954040788480236,-1.463987865407976,0.0,315.6080557440009
47.65081700200017,-13.913059790963747,-14.35947811688424,-15.0,1.5029241843040255,-1.4561709136839738,0.0,315.904902012001
47.700504336999984,-13.837634416434025,-14.431127253953976,-15.0,1.5104766592239975,-1.4483203147540027,0.0,316.2030260219999
47.750422656999945,-13.761858406674083,-14.50310947139392,-15.0,1.5180642438639913,-1.4404332201940089,0.0,316.50253594199967
47.800523781000265,-13.685804900441596,-14.575355292202381,-15.0,1.52567961471204,-1.4325172426019581,0.0,316.8031426860016
47.85050679799997,-13.609930680636046,-14.647430802715956,-15.0,1.5332770332959949,-1.4246199259160048,0.0,317.1030407879998
47.90132049000022,-13.53279549617967,-14.720704146580312,-15.0,1.5410007144800324,-1.4165913625799658,0.0,317.4079229400013
47.95112473400013,-13.457192653787798,-14.79252186642819,-15.0,1.5485709595680193,-1.408722292027979,0.0,317.7067484040008
48.00079009499996,-13.381740588570068,-14.864074529199941,-15.0,1.556112193489993,-1.400867264040007,0.0,318.00474056999974
48.05084108000028,-13.30195931847955,-14.932143868800383,-15.0,1.563219433360039,-1.3924586985599525,0.0,318.3050464800017
48.1004769770002,-13.222839698661684,-14.999648688720269,-15.0,1.5702677307340274,-1.3841198678639666,0.0,318.6028618620012
48.15043622500025,-13.143204657349603,-15.067593266000337,-15.0,1.5773619439500344,-1.375726714199958,0.0,318.9026173500015
48.20057284099994,-13.063286891446097,-15.135779063759916,-15.0,1.5844813434219904,-1.3673037627120102,0.0,319.20343704599964
48.250674892999996,-12.983424220558007,-15.203917854479993,-15.0,1.5915958348059984,-1.3588866179760006,0.0,319.504049358
48.3014227890003,-12.902532074333523,-15.272934993040405,-15.0,1.5988020360380415,-1.3503609714479499,0.0,319.8085367340018
48.350864037000065,-12.823722725021897,-15.340175090320088,-15.0,1.6058226932540083,-1.3420548417839893,0.0,320.1051842220004
48.40117906700016,-12.743520567201749,-15.408603531120214,-15.0,1.6129674275140213,-1.3336019167439737,0.0,320.40707440200094
48.45052464700029,-12.664863712681534,-15.475713519920397,-15.0,1.6199744998740406,-1.3253118593039508,0.0,320.70314788200176
48.50070682900014,-12.584826663859772,-15.543900500146174,-15.0,1.627093301428017,-1.3168770117539763,0.0,321.0042409740008
48.55066512100029,-12.501895899139514,-15.607547364154373,-15.0,1.6336877959720377,-1.3081842689459493,0.0,321.30399072600176
48.60061720900012,-12.418975433059801,-15.671186324266152,-15.0,1.640281471588015,-1.2994926056339793,0.0,321.6037032540007
48.65089114300008,-12.335520702619867,-15.735235316182102,-15.0,1.6469176308760098,-1.290744941117986,0.0,321.9053468580005
48.70044353200001,-12.253263736879987,-15.79836505976801,-15.0,1.6534585462240003,-1.2821228254319987,0.0,322.20266119200005
48.75108158000012,-12.169204577199803,-15.86287793292015,-15.0,1.660142768560015,-1.2733118050799797,0.0,322.5064894800007
48.80139233,-12.085688732200003,-15.926973828419998,-15.0,1.6667837875599991,-1.2645577345800005,0.0,322.80835398
48.85097142600034,-12.003387432839432,-15.990137596724436,-15.0,1.6733282282320445,-1.2559309718759408,0.0,323.10582855600205
48.90063727300003,-11.920942126819952,-16.05341188580204,-15.0,1.6798841200360033,-1.2472891144979952,0.0,323.4038236380002
48.95077330799995,-11.83771630872008,-16.11728519439194,-15.0,1.6865020766559933,-1.2385654444080088,0.0,323.7046398479997
49.00037406899992,-11.755354356906142,-16.1804436458339,-15.0,1.6930471326939893,-1.229933415718015,0.0,324.0022444139995
49.05034039500015,-11.669112478229744,-16.239703708470177,-15.0,1.6993428897700185,-1.2210394096899742,0.0,324.3020423700009
49.10074658600024,-11.582111392563585,-16.299485450996286,-15.0,1.7056940698360301,-1.2120671076919578,0.0,324.60447951600145
49.15136475700001,-11.494744429417983,-16.359518601802012,-15.0,1.712071959382001,-1.203057073253999,0.0,324.90818854200006
49.200549405999936,-11.40985172524411,-16.417851595515923,-15.0,1.718269225155992,-1.1943022057320123,0.0,325.2032964359996
49.25040281500014,-11.323804741309754,-16.47697773859017,-15.0,1.724550754690018,-1.1854282989299756,0.0,325.50241689000086
49.30123444400033,-11.236069349655432,-16.53726405058439,-15.0,1.7309555399440415,-1.1763802689679428,0.0,325.807406664002
49.351198620000105,-11.14983118187982,-16.596521563320124,-15.0,1.7372510261200131,-1.1674866456399828,0.0,326.1071917200006
49.40067688199997,-11.06443170166805,-16.655202782051965,-15.0,1.7434852871319964,-1.1586795150040068,0.0,326.4040612919998
49.45121885400022,-10.977196257995626,-16.715145560844256,-15.0,1.7498535756040274,-1.149683043987963,0.0,326.7073131240013
49.50062084299998,-10.891891174402039,-16.773680443927976,-15.0,1.7560707761019978,-1.1408832815160057,0.0,327.0037250579999
49.55040063200022,-10.80298447124761,-16.82823909267224,-15.0,1.7617456720480253,-1.1315246811839605,0.0,327.3024037920013
49.60050808200003,-10.713492565547941,-16.883156857872038,-15.0,1.7674579213480042,-1.1221044805839953,0.0,327.6030484920002
49.65050156799998,-10.624204199552034,-16.93794971852798,-15.0,1.7731571787519982,-1.112705705216005,0.0,327.9030094079999
49.70029337599999,-10.535276030464017,-16.99252154009599,-15.0,1.7788334448639993,-1.1033448453120032,0.0,328.20176025599994
49.75112897700001,-10.444483647077988,-17.048237358792008,-15.0,1.7846287033780013,-1.0937877523239998,0.0,328.50677386200005
49.8004853450002,-10.356333173829647,-17.102331938120216,-15.0,1.790255329330023,-1.084508755139964,0.0,328.8029120700012
49.85058200699996,-10.266860535498077,-17.157237879671953,-15.0,1.7959663487979955,-1.075090582684009,0.0,329.10349204199974
49.90086958500024,-10.177046921189577,-17.21235306516026,-15.0,1.8016991326900276,-1.0656365180199563,0.0,329.4052175100014
49.951236935,-10.087090834090006,-17.267555680759997,-15.0,1.8074410105900003,-1.0561674562200012,0.0,329.70742161
50.00294612300013,-9.994579133679762,-17.32394023075413,-15.0,1.813306396792014,-1.0464284521379756,0.0,330.0176767380008
50.052813013000105,-9.902824056079808,-17.373707386974107,-15.0,1.8184925533520115,-1.0367542754779802,0.0,330.3168780780006
50.10251661700022,-9.811369424719596,-17.42331158376622,-15.0,1.8236617281680234,-1.0271117763019577,0.0,330.6150997020013
50.151754857000014,-9.720771063119974,-17.472451347286015,-15.0,1.828782505128002,-1.0175595577419974,0.0,330.9105291420001
50.2009725339999,-9.63021053744018,-17.521570588931905,-15.0,1.8339011435359902,-1.008011328404019,0.0,331.2058352039994
50.251701463000245,-9.536869308079549,-17.572198060074246,-15.0,1.8391769521520258,-0.9981699161779524,0.0,331.51020877800147
50.300570635999975,-9.446950029760046,-17.620969494727976,-15.0,1.8442593461439978,-0.9886892966160047,0.0,331.80342381599985
50.35086776800017,-9.354403306879686,-17.67116603246417,-15.0,1.849490247872018,-0.9789316530079665,0.0,332.105206608001
50.40089535700008,-9.262352543119851,-17.721093566286083,-15.0,1.8546931171280088,-0.9692263007419838,0.0,332.4053721420005
50.45098370400001,-9.170189984639983,-17.77108173659201,-15.0,1.8599023052160013,-0.9595091614239977,0.0,332.70590222400006
50.501549375000195,-9.077071681249631,-17.821397536250178,-15.0,1.8651487400000188,-0.949696322499961,0.0,333.00929625000117
50.551131236999936,-8.983361962070122,-17.866120375773942,-15.0,1.869908598751994,-0.939978277548012,0.0,333.3067874219996
50.60149746500019,-8.888169791149634,-17.911550713430174,-15.0,1.8747437566400187,-0.9301064968599616,0.0,333.60898479000116
50.650223663999896,-8.796077275040197,-17.955501744927908,-15.0,1.87942147174399,-0.9205561618560201,0.0,333.9013419839994
50.700800529999924,-8.700486998300143,-18.001122078059932,-15.0,1.884276850879993,-0.9106430961200146,0.0,334.20480317999954
50.750938788999974,-8.605725688790049,-18.046346787677976,-15.0,1.8890901237439979,-0.9008159973560048,0.0,334.50563273399985
50.800325405999956,-8.512384982660082,-18.09089351621196,-15.0,1.8938312389759961,-0.8911362204240085,0.0,334.80195243599974
50.850437431000046,-8.417673255409913,-18.136094562762043,-15.0,1.8986419933760046,-0.881314263523991,0.0,335.1026245860003
50.901007258999925,-8.322096280490141,-18.181708547617934,-15.0,1.903496696863993,-0.8714025772360148,0.0,335.40604355399955
50.95337900300001,-8.223113684329983,-18.228947860706008,-15.0,1.908524384288001,-0.8611377154119985,0.0,335.72027401800005
51.00244872400026,-8.130259270335497,-18.27296387664821,-15.0,1.9132056928160222,-0.8515004603039473,0.0,336.01469234400156
51.05244861100027,-8.033459489103471,-18.31306378602222,-15.0,1.9174056833240232,-0.8413004833559447,0.0,336.31469166600164
51.10130741800003,-7.938868838751936,-18.352248549236027,-15.0,1.921509823112003,-0.8313332867279934,0.0,336.6078445080002
51.15060928699995,-7.843420420368092,-18.39178864817396,-15.0,1.925651180107996,-0.82127570545201,0.0,336.9036557219997
51.201002847999916,-7.745858486272161,-18.432204284095935,-15.0,1.9298842392319933,-0.8109954190080172,0.0,337.2060170879995
51.25049384000022,-7.6500439257595785,-18.471896059680176,-15.0,1.9340414825600185,-0.8008992566399558,0.0,337.5029630400013
51.30065970900023,-7.552922803375557,-18.512129086618184,-15.0,1.9382554155560194,-0.7906654193639535,0.0,337.8039582540014
51.3504058540002,-7.4566142666556114,-18.55202549490816,-15.0,1.942434091736017,-0.7805172057839591,0.0,338.1024351240012
51.401975938000305,-7.356774584031409,-18.593384702276246,-15.0,1.9467659787920257,-0.7699969086479378,0.0,338.41185562800183
51.45121203300005,-7.261453504111909,-18.632872050466037,-15.0,1.950901810772004,-0.7599527452679904,0.0,338.7072721980003
51.50108390000014,-7.164860381399724,-18.6727565622001,-15.0,1.9550780408000101,-0.7497767165999712,0.0,339.00650340000084
51.550957859999926,-7.066409184360146,-18.707568586279947,-15.0,1.9586689659199947,-0.7395026808400151,0.0,339.30574715999956
51.60041821999994,-6.968774433720123,-18.742091917559957,-15.0,1.9622301118399954,-0.7293138466800125,0.0,339.6025093199996
51.65061782800012,-6.869680407527759,-18.777131243944087,-15.0,1.9658444836160087,-0.7189727274319744,0.0,339.90370696800073
51.700545287000296,-6.771123603461416,-18.811980610326206,-15.0,1.9694392606640212,-0.7086876708779385,0.0,340.2032717220018
51.75074933700034,-6.672020808761323,-18.84702303722624,-15.0,1.9730539522640245,-0.6983456365779286,0.0,340.50449602200206
51.80092463200026,-6.572974776431486,-18.88204539313618,-15.0,1.9766665735040185,-0.6880095258079455,0.0,340.80554779200156
51.85034254500033,-6.475423816169347,-18.916539096410233,-15.0,1.9802246632400236,-0.6778294357299308,0.0,341.102055270002
51.901555485000245,-6.374329472609517,-18.95228572853017,-15.0,1.9839119949200172,-0.6672795700899484,0.0,341.40933291000147
51.954808561999926,-6.269207898612146,-18.98945637627595,-15.0,1.9877462164639943,-0.656309436228014,0.0,341.72885137199955
52.00165274000028,-6.176681298079434,-19.021985033040167,-15.0,1.991102469880017,-0.6466529245999394,0.0,342.0099164400017
52.0530324020001,-6.073510936783801,-19.05260731159206,-15.0,1.9942880089240058,-0.6358631955799776,0.0,342.3181944120006
52.10135177100028,-5.976485643831435,-19.081405655516168,-15.0,1.9972838098020171,-0.6257161280899393,0.0,342.6081106260017
52.15924930100027,-5.860227403591452,-19.115912583396163,-15.0,2.0008734566620165,-0.6135576467899411,0.0,342.95549580600164
52.20035895000001,-5.777679228399982,-19.140413934200005,-15.0,2.0034222549000003,-0.6049246204999964,0.0,343.20215370000005
52.250212807000025,-5.677572683543949,-19.170126832972016,-15.0,2.006513194034001,-0.5944553105299929,0.0,343.50127684200015
52.30047182299995,-5.576652579416095,-19.20008120650797,-15.0,2.0096292530259965,-0.5839009171700081,0.0,343.8028309379997
52.35032490799995,-5.476547584736105,-19.22979364516797,-15.0,2.0127201442959963,-0.5734317693200092,0.0,344.1019494479997
52.40077241200015,-5.3752489967036965,-19.25986035755209,-15.0,2.0158478895440086,-0.5628377934799663,0.0,344.4046344720009
52.45088602400028,-5.2746208638074314,-19.289728070304168,-15.0,2.018954933488017,-0.5523139349599386,0.0,344.7053161440017
52.50027991500019,-5.175430093059609,-19.319136598520092,-15.0,2.022013995750009,-0.5419400981899569,0.0,345.00167949000115
52.55083761300011,-5.0724946199317715,-19.343808755144053,-15.0,2.024541880650005,-0.5311207508179744,0.0,345.3050256780007
52.600283407000006,-4.9718229833479874,-19.367938302616,-15.0,2.0270141703499998,-0.5205393509019975,0.0,345.60170044200004
52.650884883000344,-4.868798378211299,-19.392631822904168,-15.0,2.0295442441500167,-0.5097106350379256,0.0,345.90530929800207
52.70055251800022,-4.767675073351548,-19.416869628784106,-15.0,2.0320276259000107,-0.49908176114795216,0.0,346.20331510800133
52.751269328000035,-4.664415648191929,-19.441619432064016,-15.0,2.0345634664000016,-0.4882283638079927,0.0,346.5076159680002
52.80030171499993,-4.564585708260138,-19.465547236919967,-15.0,2.0370150857499962,-0.4777354329900151,0.0,346.8018102899996
52.8505443490003,-4.462291705435386,-19.490065642312146,-15.0,2.039527217450015,-0.46698350931393645,0.0,347.1032660940018
52.90075789599996,-4.360056923744083,-19.51456985324798,-15.0,2.0420378947999978,-0.4562378102560102,0.0,347.40454737599975
52.950106857000264,-4.2595824391474615,-19.538652146216126,-15.0,2.0445053428500133,-0.44567713260194525,0.0,347.7006411420016
53.00060145799989,-4.156762199436223,-19.56322975695596,-15.0,2.047024058319996,-0.4348700850720256,0.0,348.00360874799935
53.05028851199995,-4.054506242304099,-19.58221021158398,-15.0,2.0490115404799982,-0.4241376814080126,0.0,348.3017310719997
53.10033056300017,-3.9515197013456493,-19.601326275066064,-15.0,2.051013222520007,-0.41332859839196534,0.0,348.601983378001
53.15083470500031,-3.847582177109369,-19.620618857310117,-15.0,2.0530333882000122,-0.40241970371993585,0.0,348.90500823000184
53.20084482099992,-3.7446613583821673,-19.63972272162197,-15.0,2.055033792839997,-0.3916175186640196,0.0,349.2050689259995
53.250729714000045,-3.6419982485879085,-19.658778750748017,-15.0,2.057029188560002,-0.3808423817759924,0.0,349.50437828400027
53.30031536300021,-3.5399509829455704,-19.67772046866608,-15.0,2.0590126145200087,-0.3701318815919568,0.0,349.80189217800125
53.35094263400015,-3.435760059227695,-19.697060086188056,-15.0,2.061037705360006,-0.3591963910559699,0.0,350.1056558040009
53.40120359399998,-3.3323230035480402,-19.716259772907993,-15.0,2.0630481437599992,-0.34834002369600603,0.0,350.4072215639999
53.45141368800023,-3.2289906300955273,-19.73544002881609,-15.0,2.0650565475200096,-0.3374946433919522,0.0,350.7084821280014
53.500692964000336,-3.127561406735302,-19.754188486208093,-15.0,2.06702078892001,-0.3268503197759291,0.0,351.004157784002
53.55099254200013,-3.023139482807728,-19.767869971424037,-15.0,2.068529776260004,-0.31598561092797306,0.0,351.3059552520008
53.60154240300017,-2.918197971371654,-19.78161953361605,-15.0,2.0700462720900052,-0.30506684095196485,0.0,351.609254418001
53.651042856000004,-2.8154350309439926,-19.795083656832002,-15.0,2.0715312856800003,-0.2943747431039997,0.0,351.906257136
53.70107542200003,-2.711567423927936,-19.80869251478401,-15.0,2.073032262660001,-0.2835677088479934,0.0,352.2064525320002
53.75084280500005,-2.6082503368199017,-19.822229242960013,-15.0,2.0745252841500013,-0.27281795411998944,0.0,352.5050568300003
53.80073104600024,-2.5046823485035077,-19.835798844512066,-15.0,2.0760219313800072,-0.262042094063948,0.0,352.8043862760014
53.85035008500017,-2.401673223539641,-19.84929522312005,-15.0,2.077510502550005,-0.2513243816399615,0.0,353.10210051000104
53.90097407300027,-2.2965778244514388,-19.863064947856074,-15.0,2.079029222190008,-0.24038960023194003,0.0,353.4058444380016
53.951785825000115,-2.1910926272997604,-19.87688574440003,-15.0,2.0805535747500032,-0.2294142617999731,0.0,353.7107149500007
54.00061080200021,-2.089724645423561,-19.890101393132035,-15.0,2.0820109944360037,-0.2188668451639518,0.0,354.00366481200126
54.050476663000154,-1.9856047276556785,-19.898379126058025,-15.0,2.082908579934003,-0.20799608746596424,0.0,354.3028599780009
54.10082699400027,-1.8804732365274324,-19.906737281004045,-15.0,2.083814885892005,-0.19701971530793871,0.0,354.60496196400163
54.15012899500016,-1.7775306584396677,-19.914921413170028,-15.0,2.0847023219100027,-0.18627187908996348,0.0,354.90077397000096
54.20060981200004,-1.672126712543919,-19.923301228792006,-15.0,2.0856109766160005,-0.1752670609839899,0.0,355.20365887200023
54.250770797000314,-1.5673905758633446,-19.93162795230205,-15.0,2.086513874346006,-0.1643319662539301,0.0,355.5046247820019
54.30088484299995,-1.462752447816107,-19.939946883937992,-15.0,2.087415927173999,-0.15340710422600987,0.0,355.8053090579997
54.350333392000266,-1.3595038775034447,-19.948155343072045,-15.0,2.088306001056005,-0.1426273205439409,0.0,356.1020003520016
54.40088562300025,-1.2539508191754793,-19.956547013418042,-15.0,2.089215941214005,-0.1316069341859447,0.0,356.4053137380015
54.45032237600026,-1.1507268789114606,-19.964753514416042,-15.0,2.090105802768005,-0.12082972203194293,0.0,356.70193425600155
54.50062122300005,-1.0456991590378892,-19.973033546042,-15.0,2.0910037273380007,-0.1098633309399878,0.0,357.0037273380003
54.551542427000186,-0.9390701578616107,-19.975783291058008,-15.0,2.091309254562001,-0.0986606660599586,0.0,357.3092545620011
54.60036145799995,-0.8368431069481003,-19.978419518731997,-15.0,2.091602168748,-0.08792047924001008,0.0,357.6021687479997
54.6515346770002,-0.7296863863615817,-19.98118287255801,-15.0,2.091909208062001,-0.07666237105995566,0.0,357.9092080620012
54.70034952600008,-0.6274680925558287,-19.983818874404005,-15.0,2.0922020971560005,-0.06592310427998166,0.0,358.2020971560005
54.75033847600025,-0.5227912312554727,-19.986518277704015,-15.0,2.0925020308560014,-0.054925535279944315,0.0,358.5020308560015
54.800756666000325,-0.4172155413953196,-19.989240859964017,-15.0,2.092804539996002,-0.0438335334799283,0.0,358.80453999600195
54.85062567600016,-0.3127898344556579,-19.99193378650401,-15.0,2.093103754056001,-0.03286235127996388,0.0,359.103754056001
54.900478938000106,-0.20839710382777865,-19.994625862652004,-15.0,2.0934028736280004,-0.021894633639976638,0.0,359.40287362800063
54.95130242899995,-0.10197271367410032,-19.997370331165996,-15.0,2.0937078145739996,-0.010713465620010479,0.0,359.7078145739997
55.00027328100032,0.0005722504146660867,-19.999985242825982,-15.0,2.0939983603139978,6.012182006998015e-05,0.0,360.0016396860019
55.05066942700023,0.10610178013848144,-19.997263850941987,-15.0,2.0936959834379985,0.011147273940050524,0.0,360.3040165620014
55.10029136999992,0.21001012877983793,-19.994584266020006,-15.0,2.0933982517800005,0.02206410139998286,0.0,360.60174821999954
55.15126590099999,0.3167507966939747,-19.991831641346,-15.0,2.093092404594,0.03327849821999718,0.0,360.9075954059999
55.200808053999936,0.42049206507586495,-19.989156365084003,-15.0,2.0927951516760004,0.04417777187998558,0.0,361.2048483239996
55.25352637600008,0.530884231344171,-19.986309575695994,-15.0,2.0924788417439997,0.05577580272001768,0.0,361.5211582560005
55.301942513000085,0.6322676222221789,-19.983695104297993,-15.0,2.0921883449219996,0.06642735286001845,0.0,361.8116550780005
55.353084110000054,0.7393581263401138,-19.980933458059997,-15.0,2.0918814953399996,0.07767850420001156,0.0,362.1185046600003
55.401691803000176,0.8411426354823688,-19.97830864263799,-15.0,2.091589849181999,0.0883721966600383,0.0,362.41015081800106
55.45045013100025,0.9432425743145285,-19.975675692925986,-15.0,2.0912972992139984,0.09909902882005503,0.0,362.7027007860015
55.500711590000265,1.0484857999205524,-19.972881876059954,-15.0,2.0909871913799956,0.1101551266200571,0.0,363.0042695400016
55.5504914359999,1.1524261183677953,-19.964618421624014,-15.0,2.090091154152002,0.12100713304797789,0.0,363.3029486159994
55.60071211600007,1.2572868982081418,-19.956281788743986,-15.0,2.0891871819119987,0.13195524128801386,0.0,363.6042726960004
55.65075113700004,1.3617683740560897,-19.94797531125799,-15.0,2.0882864795339993,0.14286374786600825,0.0,363.90450682200026
55.70070116800025,1.4660640387845234,-19.93968360611196,-15.0,2.0873873789759956,0.15375285462405336,0.0,364.2042070080015
55.75045633700029,1.5699528316565994,-19.93142424805795,-15.0,2.086491785933995,0.1645994814660611,0.0,364.5027380220017
55.800411032000284,1.6742582348165924,-19.923131768687952,-15.0,2.0855926014239947,0.1754896049760602,0.0,364.8024661920017
55.850603627000055,1.7790603731761148,-19.91479979791799,-15.0,2.084689134713999,0.18643159068601017,0.0,365.10362176200033
55.900994137,1.8842757580559957,-19.906434973258,-15.0,2.083782105534,0.1974167218659975,0.0,365.405964822
55.95109292500001,1.9888820274000247,-19.89811857445,-15.0,2.08288032735,0.20833825765000036,0.0,365.70655755000007
56.00045213500016,2.0919386322603315,-19.889877019279957,-15.0,2.081986435949995,0.21909766116003213,0.0,366.00271281000096
56.05021701800024,2.195250529368497,-19.876340971103936,-15.0,2.0804934894599927,0.22984687588804978,0.0,366.30130210800144
56.10044576400014,2.2995254060642947,-19.86267875219196,-15.0,2.0789866270799955,0.24069628502402912,0.0,366.60267458400085
56.15040016700004,2.40323074669209,-19.84909115457599,-15.0,2.0774879949899985,0.25148643607200827,0.0,366.90240100200026
56.20029120700019,2.506804545732397,-19.83552079169595,-15.0,2.0759912637899944,0.26226290071204056,0.0,367.20174724200115
56.25139161800007,2.6128889989681467,-19.821621479903982,-15.0,2.074458251459998,0.27330058948801494,0.0,367.5083497080004
56.30078708700012,2.715433992612243,-19.80818591233597,-15.0,2.0729763873899967,0.2839700107920254,0.0,367.8047225220007
56.3504309570003,2.8184946667326205,-19.79468277969592,-15.0,2.071487071289991,0.29469308671206507,0.0,368.1025857420018
56.40085214700002,2.923169057172048,-19.780968216015996,-15.0,2.0699744355899994,0.305584063752006,0.0,368.40511288200014
56.450704764999955,3.0266630921399065,-19.767408303920014,-15.0,2.0684788570500015,0.3163522292399916,0.0,368.70422858999973
56.50039796500005,3.1298190119700977,-19.753847977369983,-15.0,2.0669840813999985,0.327085960440012,0.0,369.0023877900003
56.5504820430001,3.2328920444942097,-19.734715859573964,-15.0,2.064980718279996,0.3379041212880238,0.0,369.3028922580006
56.60101819300007,3.3368954411941494,-19.715411050273975,-15.0,2.0629592722799974,0.34881992968801756,0.0,369.60610915800044
56.65070433100027,3.4391495131985557,-19.696430945557896,-15.0,2.0609718267599892,0.35955213549606024,0.0,369.9042259860016
56.701559030000226,3.543808483740465,-19.677004450539915,-15.0,2.058937638799991,0.37053675048005075,0.0,370.20935418000136
56.750747348000004,3.645038042184009,-19.658214513064,-15.0,2.05697010608,0.38116142716800294,0.0,370.504484088
56.800262528000076,3.746940282624156,-19.63929971430397,-15.0,2.0549894988799973,0.3918567060480184,0.0,370.80157516800045
56.85053859000027,3.8504084182205545,-19.620094258619897,-15.0,2.0529784563999893,0.4027163354400603,0.0,371.1032315400016
56.90030758800003,3.952833016104067,-19.60108250138399,-15.0,2.0509876964799987,0.41346643900800917,0.0,371.4018455280002
56.9504044790001,4.055932417782204,-19.58194548902196,-15.0,2.048983820839996,0.4242873674640236,0.0,371.7024268740006
57.00212164200002,4.162319663112041,-19.56196463870399,-15.0,2.046893917899999,0.43545403138800653,0.0,372.0127298520001
57.051133030000074,4.26210684908015,-19.538047081359963,-15.0,2.044443348499996,0.4459424684200176,0.0,372.30679818000044
57.10071317000029,4.363052014120591,-19.513851973039856,-15.0,2.0419643414999853,0.4565526183800635,0.0,372.60427902000174
57.151357207000274,4.466163273452557,-19.489137682983866,-15.0,2.0394321396499864,0.4673904422980596,0.0,372.90814324200164
57.20066284299992,4.566549548347834,-19.465076532616038,-15.0,2.036966857850004,0.47794184840198306,0.0,373.2039770579995
57.25092873800031,4.668890910568635,-19.440546775855847,-15.0,2.034453563099984,0.4886987499320668,0.0,373.50557242800187
57.30010498499996,4.769013749459923,-19.416548767320016,-15.0,2.031994750750002,0.49922246678999155,0.0,373.80062990999977
57.3508887779999,4.8724095520077935,-19.39176627633605,-15.0,2.0294555611000047,0.5100901984919776,0.0,374.1053326679994
57.40057071499996,4.973561975739915,-19.36752149108002,-15.0,2.0269714642500016,0.5207221330099899,0.0,374.40342428999975
57.45034616300018,5.07490478786836,-19.343231072455914,-15.0,2.0244826918499905,0.5313740788820362,0.0,374.70207697800106
57.50030127300033,5.176604956184667,-19.318820441291802,-15.0,2.0219813210739788,0.5420632673300677,0.0,375.001807638002
57.550349017999906,5.277100828143812,-19.288991985272055,-15.0,2.0188783608840053,0.5525732937799784,0.0,375.30209410799944
57.60089776199993,5.3786027060958626,-19.25886493384804,-15.0,2.0157443387560035,0.5631885300199837,0.0,375.6053865719996
57.65035753600023,5.4779179322884595,-19.229386908543862,-15.0,2.0126778327679853,0.5735750825600462,0.0,375.9021452160014
57.700338364000345,5.578279434912693,-19.199598335055793,-15.0,2.009579021431978,0.5840710564400706,0.0,376.20203018400207
57.75104103900003,5.680090406312058,-19.169379540755983,-15.0,2.0064354555819977,0.5947186181900043,0.0,376.5062462340002
57.801436858000216,5.781285210864433,-19.13934363263187,-15.0,2.0033109148039863,0.6053017401800436,0.0,376.8086211480013
57.851221801000065,5.8812533764081305,-19.109671806603963,-15.0,2.0002242483379957,0.6157565782100121,0.0,377.1073308060004
57.90027174500028,5.979745663960566,-19.080438039979832,-15.0,1.997183151809982,0.6260570664500575,0.0,377.4016304700017
57.95020301400018,6.0800076521123625,-19.050679003655894,-15.0,1.9940874131319883,0.6365426329400363,0.0,377.7012180840011
58.00021584900014,6.18042608592628,-19.0208493373979,-15.0,1.9909844588719894,0.6470444648940278,0.0,378.00129509400085
58.05067107600007,6.280024704024141,-18.98563158895195,-15.0,1.9873516825279947,0.6574382416560134,0.0,378.30402645600043
58.10032177700032,6.378035187798626,-18.950975399653778,-15.0,1.9837768320559768,0.6676662860620641,0.0,378.6019306620019
58.15094783199993,6.4779710203678595,-18.915638413264052,-15.0,1.980131756096005,0.6780952533919843,0.0,378.9056869919996
58.20130636600015,6.577378766484303,-18.880488156531893,-15.0,1.9765059416479889,0.6884691113960307,0.0,379.2078381960009
58.25031113100022,6.674114172594428,-18.84628283056185,-15.0,1.9729775985679843,0.6985640929860439,0.0,379.5018667860013
58.300901031000194,6.773978635194383,-18.810971080361867,-15.0,1.9693351257679859,0.7089856123860394,0.0,379.80540618600116
58.35023686600016,6.8713675734843145,-18.77653466753189,-15.0,1.9657829456479885,0.7191487943960324,0.0,380.10142119600096
58.400819141000284,6.97121698433456,-18.7412282395818,-15.0,1.9621410218479796,0.7295687430460581,0.0,380.4049148460017
58.45013629999994,7.068569056199881,-18.70680486260004,-15.0,1.9585901864000044,0.7397280777999875,0.0,380.70081779999964
58.50059726900008,7.168156312784158,-18.671520990261936,-15.0,1.9549498294039933,0.7501218428760167,0.0,381.0035836140005
58.550385904999985,7.2645471120799705,-18.63159050419001,-15.0,1.9507675839800014,0.7602787246199969,0.0,381.3023154299999
58.600791196000046,7.362131755456088,-18.591165460807964,-15.0,1.9465335395359962,0.7705614039840094,0.0,381.6047471760003
58.65050621599994,7.4583800341758835,-18.55129401476805,-15.0,1.942357477856005,0.7807032680639878,0.0,381.90303729599964
58.701082665000285,7.556296039440553,-18.510731702669773,-15.0,1.938109056139976,0.7910208636600584,0.0,382.2064959900017
58.75140973099997,7.653729239215936,-18.47036939573803,-15.0,1.933881582596003,0.8012875851239935,0.0,382.50845838599986
58.801148682000075,7.750023848352146,-18.43047875703594,-15.0,1.9297035107119938,0.8114343311280156,0.0,382.8068920920005
58.85039483900027,7.845364408304529,-18.39098333912178,-15.0,1.9255668335239773,0.821480547156056,0.0,383.1023690340017
58.90115103700009,7.9436284076321755,-18.350276868325928,-15.0,1.9213033128919925,0.8318348115480187,0.0,383.4069062220006
58.950755369000035,8.039662394384067,-18.310494194061974,-15.0,1.9171365490039973,0.8419540952760074,0.0,383.70453221400027
59.00144287000012,8.137727024300224,-18.269698531259895,-15.0,1.912861484479989,0.8522828025200236,0.0,384.00865722000077
59.05210054100007,8.233470022490136,-18.224005312017937,-15.0,1.9079983480639933,0.8622117060360144,0.0,384.3126032460005
59.10254989900022,8.328819309110422,-18.1784999911018,-15.0,1.9031552096959787,0.8720997802040439,0.0,384.6152993940014
59.15223639500027,8.422726786550516,-18.133682771709754,-15.0,1.898385306079974,0.8818383334200535,0.0,384.9134183700017
59.20169281900007,8.516199427910138,-18.089073077261936,-15.0,1.8936374893759933,0.8915317925240142,0.0,385.2101569140005
59.25298930100007,8.613149778890133,-18.042803650497937,-15.0,1.8887130271039934,0.9015859029960136,0.0,385.5179358060004
59.30024150899999,8.702456452009978,-18.000182158882012,-15.0,1.8841768151360014,0.9108473357639975,0.0,385.80144905399993
59.35079359200017,8.797999888880327,-17.954584180015843,-15.0,1.8793238151679836,0.9207555440320334,0.0,386.10476155200104
59.4004698130002,8.891887946570378,-17.90977622867382,-15.0,1.874554897951981,0.9304920833480387,0.0,386.4028188780012
59.45076852200009,8.986952506580169,-17.86440679315592,-15.0,1.8697262218879915,0.9403506303120169,0.0,386.70461113200054
59.50078453700007,9.081443548080133,-17.81921703207393,-15.0,1.8649184081519927,0.9501522001780133,0.0,387.00470722200043
59.551125072000104,9.174070132480193,-17.768977178143896,-15.0,1.8596829925119893,0.9599182639680197,0.0,387.3067504320006
59.60134708800024,9.26647864192044,-17.71885560617576,-15.0,1.8544599028479756,0.9696613350720459,0.0,387.60808252800143
59.65093385799992,9.357718298719847,-17.669368009716084,-15.0,1.849302878768009,0.9792811684519835,0.0,387.9056031479995
59.700942080999994,9.449733429039988,-17.619459803162005,-15.0,1.844102023576001,0.9889827637139986,0.0,388.20565248599996
59.75025498600007,9.540469174240133,-17.570245523971927,-15.0,1.8389734814559928,0.9985494672840141,0.0,388.50152991600044
59.80050830600021,9.632935283040387,-17.52009271061179,-15.0,1.8337471361759785,1.0082986113640409,0.0,388.80304983600126
59.85074514400003,9.725371064960054,-17.469956346287972,-15.0,1.8285225050239975,1.018044557936006,0.0,389.1044708640002
59.901855695999984,9.81941448063997,-17.41894801539202,-15.0,1.823207007616002,1.0279600050239972,0.0,389.4111341759999
59.95087116000013,9.909602934400246,-17.370030582319867,-15.0,1.8181093993599866,1.0374690050400264,0.0,389.7052269600008
60.00056775300027,10.00101400685848,-17.320377742711706,-15.0,1.81293527615797,1.047106737564051,0.0,390.0034065180016
60.05082861300025,10.090779902818445,-17.26529184015173,-15.0,1.8072055381179721,1.0565557792440474,0.0,390.3049716780015
60.10067516800018,10.179805850048322,-17.210660015871802,-15.0,1.80152303084798,1.0659269315840347,0.0,390.6040510080011
60.15123125500031,10.270099021430557,-17.15525054451966,-15.0,1.7957596369299649,1.0754314759400596,0.0,390.90738753000187
60.20091707700021,10.358837899522381,-17.10079488360777,-15.0,1.7900954532219762,1.084772410476041,0.0,391.2055024620013
60.25037029300029,10.447161343298514,-17.046594158871684,-15.0,1.7844577865979676,1.0940696150840552,0.0,391.5022217580017
60.301869586000066,10.539139080596119,-16.990150933743926,-15.0,1.7785868671959928,1.1037514821680137,0.0,391.81121751600045
60.350909353000134,10.626724104458239,-16.936403349111853,-15.0,1.772996333757985,1.1129709583640266,0.0,392.10545611800086
60.400823127999956,10.715870106607923,-16.881697851712048,-15.0,1.7673061634080054,1.1223547480639933,0.0,392.4049387679998
60.4507770160003,10.80508775057654,-16.82694839046367,-15.0,1.7616114201759658,1.1317460790080585,0.0,392.70466209600187
60.50133914300022,10.895311360818386,-16.771411776401735,-15.0,1.755831267981972,1.1412383674540414,0.0,393.0080348580014
60.55082516099992,10.980724227885863,-16.712721359054093,-15.0,1.74959602971401,1.1500468786579876,0.0,393.3049509659996
60.601027307000095,11.067373131882164,-16.653181613897885,-15.0,1.7432705593179882,1.1589828606460184,0.0,393.6061638420006
60.6505743040002,11.152891248704348,-16.594418875455762,-15.0,1.7370276376959746,1.1678022261120373,0.0,393.90344582400127
60.70092489200033,11.23979636359257,-16.53470307808761,-15.0,1.7306834636079584,1.17676463077606,0.0,394.20554935200204
60.7509077120003,11.326066710912515,-16.475423453567647,-15.0,1.7243856282879624,1.1856615727360542,0.0,394.5054462720018
60.800214806999975,11.411170756881956,-16.41694523889803,-15.0,1.718172934318003,1.1944382356459964,0.0,394.80128884199985
60.8506918930002,11.49829420731835,-16.357079414901758,-15.0,1.7118128214819741,1.203423156954037,0.0,395.1041513580012
60.900496974999896,11.584257778849821,-16.298010587650122,-15.0,1.7055373811500127,1.2122884615499823,0.0,395.4029818499994
60.95112906400027,11.671648764464466,-16.237960930095678,-15.0,1.6991577379359657,1.2213009733920486,0.0,395.7067743840016
61.00029723500029,11.75649341010048,-16.17962132260963,-15.0,1.6929607649799614,1.2300517188900508,0.0,396.00178341000174
61.05048290400009,11.839801620640152,-16.115684780303884,-15.0,1.6863362566719875,1.2387840252960163,0.0,396.30289742400055
61.10075152800027,11.923247536480455,-16.05164255332765,-15.0,1.6797007983039633,1.247530765872048,0.0,396.60450916800164
61.15110319700034,12.006831307020562,-15.987494527021568,-15.0,1.6730543779959546,1.2562919562780592,0.0,396.90661918200203
61.20046679899997,12.088774886339948,-15.92460529807404,-15.0,1.6665383825320035,1.264881223025995,0.0,397.2028007939998
61.250725281000086,12.172203966460144,-15.86057599200589,-15.0,1.6599042629079879,1.2736261988940154,0.0,397.5043516860005
61.30031174700025,12.254517500020416,-15.79740283432168,-15.0,1.6533588493959661,1.282254243978044,0.0,397.8018704820015
61.35085861300013,12.338425297580212,-15.733006127037836,-15.0,1.6466866630839823,1.2910493986620224,0.0,398.10515167800077
61.40034252000032,12.420568583200534,-15.66996362951959,-15.0,1.6401547873599565,1.2996595984800563,0.0,398.40205512000193
61.451112318000014,12.504846447880023,-15.60528290686798,-15.0,1.633453174023997,1.3084935433320026,0.0,398.7066739080001
61.50048777700022,12.586777516538346,-15.542336623279704,-15.0,1.6269307356659681,1.3170819465360366,0.0,399.0029266620013
61.55050015500001,12.666497247070014,-15.474319789199987,-15.0,1.6198289779899977,1.3254840260400016,0.0,399.30300093000005
61.60050887100033,12.746211140374525,-15.406307935439552,-15.0,1.6127277403179523,1.3338854903280555,0.0,399.603053226002
61.650753372000054,12.826300874968085,-15.337975414079926,-15.0,1.6055930211759912,1.3423265664960091,0.0,399.9045202320003
61.70024630500029,12.905192610170465,-15.270665025199603,-15.0,1.5985650246899576,1.3506413792400491,0.0,400.20147783000175
61.75078140000005,12.98574555160008,-15.20193729599993,-15.0,1.5913890411999918,1.3591312752000084,0.0,400.5046884000003
61.801038659999904,13.065855624039846,-15.13358742240013,-15.0,1.5842525102800127,1.3675744948799837,0.0,400.8062319599995
61.850807669000005,13.145187424386007,-15.065901570159992,-15.0,1.5771853110019984,1.3759356883920009,0.0,401.1048460140001
61.900951935000194,13.225117384390309,-14.997705368399735,-15.0,1.5700648252299716,1.3843599250800325,0.0,401.4057116100012
61.95144277300005,13.305599780162085,-14.929037828719927,-15.0,1.5628951262339916,1.3928423858640089,0.0,401.7086566380004
62.000145514999986,13.383220891769977,-14.86279016737002,-15.0,1.5559778817200014,1.4010229913699974,0.0,402.00087308999997
62.050531737000256,13.459707176766388,-14.79013323524563,-15.0,1.5483191759759605,1.4089840144460404,0.0,402.3031904220016
62.10115819700013,13.536558143046198,-14.71712987992581,-15.0,1.5406239540559794,1.4169829951260207,0.0,402.60694918200085
62.150485848000244,13.61143751726437,-14.645999407183648,-15.0,1.5331261511039624,1.4247767639840385,0.0,402.9029150880015
62.20121128500023,13.688438730630343,-14.572853327029673,-15.0,1.5254158846799653,1.4327913830300358,0.0,403.2072677100014
62.2513839799999,13.764600881639849,-14.500504300840143,-15.0,1.5177896350400149,1.4407186688399845,0.0,403.5083038799994
62.30167581600017,13.840943888688258,-14.427983473327755,-15.0,1.510145275967974,1.4486647789280271,0.0,403.810054896001
62.3514468430003,13.91649630767446,-14.356213652393562,-15.0,1.502580079863954,1.4565286011940481,0.0,404.1086810580018
62.40261655700033,13.994171933526498,-14.282426924805526,-15.0,1.4948022833359502,1.4646134160060522,0.0,404.415699342002
62.45065216800003,14.06708999102405,-14.213159573743951,-15.0,1.4875008704639952,1.4722030425440056,0.0,404.7039130080002
62.502968734000206,14.146280914428296,-14.137493461787688,-15.0,1.479530940027968,1.4804512475680316,0.0,405.01781240400123
62.55329052500019,14.218844937050278,-14.061104983049706,-15.0,1.47158009704997,1.4881001598000296,0.0,405.31974315000116
62.600196073000006,14.28648273726601,-13.98990236118599,-15.0,1.4641690204659992,1.4952298030960012,0.0,405.60117643800004
62.650529172999995,14.359063067465993,-13.913496715386007,-15.0,1.456216390666001,1.5028804342959994,0.0,405.903175038
62.70064693600034,14.431332881712489,-13.837417951151485,-15.0,1.4482977841119467,1.5104983342720515,0.0,406.20388161600204
62.751516851999895,14.504687300583848,-13.76019741866416,-15.0,1.4402603373840166,1.518230561503984,0.0,406.50910111199937
62.80057487900012,14.575428975518177,-13.685727333677812,-15.0,1.4325091691179805,1.5256873816080185,0.0,406.80344927400074
62.8513728920002,14.648679710264288,-13.608615949943696,-15.0,1.4244830830639685,1.5334086795840298,0.0,407.1082373520012
62.90094401400029,14.720161268188415,-13.533366986747563,-15.0,1.4166508457879545,1.5409434901280432,0.0,407.4056640840017
62.95102931600013,14.792384273672189,-13.4573374983118,-15.0,1.4087373680719792,1.5485564560320193,0.0,407.7061758960008
63.001301826000145,14.864770483360196,-13.380924889355768,-15.0,1.4007812932319754,1.5561848592920198,0.0,408.00781095600087
63.05201681000017,14.933742861600228,-13.30008520485973,-15.0,1.3922611759199714,1.563386387020023,0.0,408.312100860001
63.10602433400027,15.007193094240362,-13.213997211603573,-15.0,1.383187911887955,1.571055455428037,0.0,408.6361460040016
63.15297003900014,15.071039253040187,-13.13916575783378,-15.0,1.3753010334479767,1.5777217455380186,0.0,408.9178202340008
63.20198216300014,15.137695741680188,-13.061040432177778,-15.0,1.3670669966159765,1.5846814671460188,0.0,409.21189297800083
63.25030503100015,15.203414842160207,-12.984013780585757,-15.0,1.3589487547919743,1.5915433144020208,0.0,409.5018301860009
63.30050136299997,15.271681853679954,-12.904000827378052,-15.0,1.3505157710160056,1.5986711935459943,0.0,409.80300817799986
63.35061651600017,15.339838461760234,-12.824117273495725,-15.0,1.342096425311971,1.6057875452720236,0.0,410.1036990960011
63.401120021000224,15.408523228560304,-12.743614686525643,-15.0,1.3336118364719625,1.6129590429820309,0.0,410.4067201260014
63.45165209200013,15.477246845120177,-12.66306656535179,-15.0,1.325122448543978,1.6201345970640175,0.0,410.70991255200084
63.50134420199993,15.544712513347907,-12.58376862468012,-15.0,1.3167661088520128,1.6271774346639893,0.0,411.0080652119996
63.550124359000165,15.60685843336621,-12.502793564059726,-15.0,1.3082783615339715,1.6336164153880208,0.0,411.30074615400105
63.600482645000284,15.67101488973036,-12.419198809299528,-15.0,1.299516019769951,1.6402637091400365,0.0,411.60289587000176
63.65090122099991,15.735248155553888,-12.335503973140145,-15.0,1.2907431875460154,1.6469189611719877,0.0,411.90540732599953
63.700923599999896,15.798976666399868,-12.252466824000173,-15.0,1.2820392936000182,1.6535219151999856,0.0,412.20554159999944
63.750531071000296,15.862176584454376,-12.17011842213951,-15.0,1.2734075936459488,1.6600701013720383,0.0,412.5031864260018
63.800555223000174,15.925907354102222,-12.087078329819711,-15.0,1.2647033911979702,1.6666732894360223,0.0,412.80333133800104
63.8507114060003,15.989806331244383,-12.003819066039501,-15.0,1.2559762153559482,1.673293905592039,0.0,413.1042684360018
63.90081562600017,16.053639107524212,-11.920646060839722,-15.0,1.2472580810759712,1.6799076626320215,0.0,413.404893756001
63.95049588400025,16.116931756216314,-11.83817683255959,-15.0,1.2386137161839574,1.6864654566880322,0.0,413.7029753040015
64.00107285000013,16.181272400100152,-11.754148260899779,-15.0,1.2298090326999778,1.6931351791000158,0.0,414.00643710000077
64.05048147900015,16.239871034094183,-11.668868967245734,-15.0,1.2210142967379731,1.699360666354019,0.0,414.3028888740009
64.10114360700027,16.299956317902318,-11.581426134317539,-15.0,1.2119964379539532,1.7057440944820335,0.0,414.6068616420016
64.15098785000009,16.359071590100108,-11.495394970899842,-15.0,1.2031241626999845,1.7120244691000115,0.0,414.90592710000055
64.20038841099995,16.41766065544594,-11.410129602614088,-15.0,1.19433086284201,1.7182489397859935,0.0,415.2023304659997
64.25166622100005,16.47847613810606,-11.321624102553914,-15.0,1.1852034126619921,1.7247099438460063,0.0,415.5099973260003
64.30097247399999,16.536953354163987,-11.236521509876017,-15.0,1.176426899628003,1.730922531723999,0.0,415.80583484399995
64.3504168290001,16.595594359194113,-11.151180553145835,-15.0,1.1676258044379844,1.7371525204540121,0.0,416.1025009740006
64.40079606000018,16.65534412716021,-11.064226000439698,-15.0,1.1586583013199703,1.7435003035600223,0.0,416.40477636000105
64.45142545899989,16.715390594373872,-10.976839657766186,-15.0,1.1496462682980209,1.7498796078339867,0.0,416.70855275399936
64.5010607029999,16.77416253048788,-10.89110558444219,-15.0,1.1408005878360217,1.756120920141988,0.0,417.00636421799936
64.550854953,16.828737028487996,-10.802173053942004,-15.0,1.131439268836002,1.761797464642,0.0,417.305129718
64.60040280200019,16.883041470992207,-10.713680595627661,-15.0,1.1221242732239658,1.7674459194280219,0.0,417.60241681200114
64.65093452700012,16.93842424159213,-10.62343093477779,-15.0,1.1126243089239793,1.7732065360780138,0.0,417.9056071620007
64.7003732799999,16.992609114879883,-10.535133321920188,-15.0,1.1033298233600213,1.7788425539199884,0.0,418.20223967999937
64.75050815600025,17.047556938976275,-10.445592433383553,-15.0,1.093904466671954,1.784557929784029,0.0,418.5030489360015
64.80075585300028,17.10262841488831,-10.355850046541496,-15.0,1.084457899635948,1.7902861672420327,0.0,418.80453511800175
64.85243481399993,17.159268556143928,-10.263551422196116,-15.0,1.0747422549680132,1.796177568795993,0.0,419.11460888399967
64.90163578200008,17.213192817072095,-10.17567849334785,-15.0,1.065492472983985,1.8017864791480103,0.0,419.40981469200057
64.95490712300034,17.271578206808375,-10.080535878321394,-15.0,1.055477460875937,1.8078594120220393,0.0,419.7294427380021
65.00119999400022,17.322197594012216,-9.9977920110396,-15.0,1.0467672011639586,1.813124799376023,0.0,420.00719996400136
65.05262611600028,17.373520863768285,-9.90316794655948,-15.0,1.0367905334959455,1.81847311606403,0.0,420.31575669600176
65.10194378899996,17.422739901421963,-9.812423428240072,-15.0,1.027222904934008,1.8236021540559963,0.0,420.6116627339998
65.1504223259999,17.4711214813479,-9.723222920160188,-15.0,1.01781806875602,1.8286439219039898,0.0,420.90253395599944
65.20025254800021,17.52085204290421,-9.631535311679619,-15.0,1.0081510056879597,1.833826264992022,0.0,421.2015152880013
65.25029339599996,17.570792809207962,-9.539460151360071,-15.0,0.9984430811760076,1.8390305131839964,0.0,421.50176037599977
65.30099074000009,17.62138875852009,-9.446177038399837,-15.0,0.9886077964399826,1.8443030369600095,0.0,421.80594444000053
65.35102695500018,17.67132490109018,-9.35411040279967,-15.0,0.9789007707299648,1.849506803320019,0.0,422.1061617300011
65.4007688810002,17.720967343238204,-9.262585258959625,-15.0,0.96925083708596,1.8546799636240214,0.0,422.4046132860012
65.45046208900021,17.77056116482221,-9.171149756239611,-15.0,0.9596103547339584,1.8598480572560223,0.0,422.70277253400127
65.50124386800007,17.82112196893607,-9.07764908947986,-15.0,0.9497562018719847,1.8651194113280074,0.0,423.00746320800044
65.55088319200013,17.865896639184115,-8.983830767119757,-15.0,0.9400268943679743,1.8698847864320125,0.0,423.30529915200077
65.60056100100019,17.91070602290217,-8.889939708109646,-15.0,0.9302900438039627,1.8746538560960182,0.0,423.6033660060011
65.65050581800006,17.95575624783605,-8.795544003979893,-15.0,0.9205008596719886,1.8794485585280056,0.0,423.90303490800034
65.70145214700005,18.00170983659405,-8.699255442169896,-15.0,0.910515379187989,1.8843394061120056,0.0,424.2087128820003
65.7508095600001,18.046230223120098,-8.605969931599798,-15.0,0.9008413262399788,1.8890777177600104,0.0,424.50485736000064
65.8011910590003,18.091674335218272,-8.510748898489428,-15.0,0.8909665524359406,1.8939143416640294,0.0,424.8071463540018
65.85066164399996,18.136296802887962,-8.417249492840083,-15.0,0.8812703177760086,1.8986635178239961,0.0,425.10396986399974
65.90028925700017,18.181060909814153,-8.323453304269682,-15.0,0.8715433056279672,1.9034277686720162,0.0,425.401735542001
65.95049210200023,18.226343876004204,-8.228569927219572,-15.0,0.861703548007956,1.908247241792022,0.0,425.70295261200135
66.00049779300025,18.2713992299862,-8.134036272751516,-15.0,0.8518984502279494,1.9130418146120212,0.0,426.0029867580015
66.05045164600006,18.311462220092046,-8.037325613343892,-15.0,0.8417078642159889,1.917237938264005,0.0,426.30270987600034
66.1006234460001,18.35170000369208,-7.940193008543807,-15.0,0.83147281701598,1.9214523694640087,0.0,426.6037406760006
66.15054643300027,18.391738239266218,-7.843542105711473,-15.0,0.8212885276679447,1.925645900372023,0.0,426.90327859800163
66.20084468599998,18.432077438171987,-7.7461646879040345,-15.0,0.8110276840560038,1.9298709536239986,0.0,427.2050681159999
66.25057013800006,18.471957250676045,-7.649896212831889,-15.0,0.8008836918479885,1.934047891592005,0.0,427.50342082800034
66.30071595400022,18.51217419510818,-7.552813913055564,-15.0,0.7906539453839543,1.938260140136019,0.0,427.8042957240014
66.35034535100021,18.55197697150217,-7.4567314004635845,-15.0,0.7805295483959563,1.9424290094840182,0.0,428.10207210600134
66.40069813800028,18.592359906676226,-7.359248404831458,-15.0,0.770257579847943,1.9466586435920237,0.0,428.40418882800174
66.4507829170002,18.63252789943416,-7.2622842726876184,-15.0,0.7600402849319599,1.9508657650280166,0.0,428.70469750200124
66.50075838300017,18.672529351334124,-7.165502951957654,-15.0,0.7498437731019639,1.9550546035760126,0.0,429.0045502980011
66.55641138100009,18.711375143938064,-7.055643933905824,-15.0,0.7383792555139815,1.9590616194320065,0.0,429.3384682860006
66.60089956999991,18.742427899859937,-6.967824248820176,-15.0,0.7292146885800181,1.9622647690399935,0.0,429.6053974199995
66.6504247769999,18.77699649434593,-6.8700614902022,-15.0,0.7190124959380205,1.9658305839439927,0.0,429.90254866199945
66.70032147200027,18.811824387456188,-6.771565414271469,-15.0,0.708733776767944,1.9694231459840192,0.0,430.20192883200167
66.75055628900009,18.846888289722063,-6.672401885513827,-15.0,0.6983854044659812,1.973040052808006,0.0,430.5033377340005
66.80042590099993,18.88169727889795,-6.573959271426146,-15.0,0.6881122643940143,1.9766306648719945,0.0,430.80255540599956
66.85065277900003,18.91675563974202,-6.474811414253942,-15.0,0.677765527525993,1.980247000088002,0.0,431.1039166740002
66.90087601100004,18.951811455678026,-6.375670754285927,-15.0,0.6674195417339912,1.9838630727920024,0.0,431.4052560660002
66.95030208300022,18.986310853934157,-6.278103688157557,-15.0,0.6572377709019525,1.9874217499760158,0.0,431.70181249800135
67.000695834,19.021414717064,-6.178602765328003,-15.0,0.6468538748599988,1.9910431417079995,0.0,432.004175004
67.05097024099996,19.051378263635975,-6.077651756072082,-15.0,0.6362962493900071,1.9941601549419972,0.0,432.30582144599975
67.10052808799992,19.08091474044795,-5.978139599296163,-15.0,0.6258891015200154,1.9972327414559945,0.0,432.6031685279995
67.1512200000002,19.111127120000116,-5.87635023999961,-15.0,0.6152437999999576,2.0003756400000117,0.0,432.90732000000116
67.2007199059999,19.140629063975943,-5.776954428752193,-15.0,0.6048488197400185,2.0034446341719936,0.0,433.2043194359994
67.25166600600005,19.17099293957603,-5.674654659951899,-15.0,0.5941501387399877,2.0066032923720027,0.0,433.5099960360003
67.30018609200033,19.199910910832198,-5.577226327263335,-15.0,0.5839609206799287,2.00961153770402,0.0,433.801116552002
67.35049602200024,19.229895629112143,-5.476203987823512,-15.0,0.5733958353799471,2.0127307533640146,0.0,434.10297613200146
67.40061907300014,19.259768967508084,-5.375556901415711,-15.0,0.562869994669968,2.015838382526008,0.0,434.40371443800086
67.45030934900024,19.28938437200414,-5.275778827207527,-15.0,0.5524350367099486,2.018919179638014,0.0,434.7018560940014
67.50103378500035,19.319504487080167,-5.173895213739297,-15.0,0.5417787700099241,2.0220516892500164,0.0,435.00620271000207
67.55159165300029,19.344176726664138,-5.070959394491416,-15.0,0.530959386257937,2.0245795826500137,0.0,435.3095499180017
67.60070111899995,19.368142146071975,-4.970972521716101,-15.0,0.5204499605340095,2.0270350559499972,0.0,435.6042067139997
67.65056142100002,19.39247397344801,-4.869456946843959,-15.0,0.509779855905995,2.0295280710500005,0.0,435.9033685260001
67.70040011600031,19.41679525660815,-4.767985363823369,-15.0,0.49911437517593343,2.0320200058000153,0.0,436.20240069600186
67.75049859299997,19.441243313383985,-4.665984864652051,-15.0,0.48839330109800555,2.0345249296499985,0.0,436.50299155799985
67.80042799500006,19.46560886156003,-4.564328602179871,-15.0,0.47770840906998696,2.037021399750003,0.0,436.80256797000044
67.85019808800007,19.489896666944034,-4.462996692831857,-15.0,0.467057609167986,2.0395099044000036,0.0,437.1011885280005
67.90101507500003,19.514695356600015,-4.359533307299935,-15.0,0.45618277394999457,2.0420507537500017,0.0,437.40609045000025
67.95078729800025,19.53898420142412,-4.258197061271491,-15.0,0.4455315182279483,2.0445393649000128,0.0,437.70472378800156
68.00090158700004,19.563344406234016,-4.15614453395391,-15.0,0.4348052572079928,2.047036063480002,0.0,438.0054095220003
68.05132399500008,19.582605766090026,-4.052375218289845,-15.0,0.423914017079986,2.049052959800003,0.0,438.3079439700005
68.10010680200003,19.60124079836401,-3.9519802014839436,-15.0,0.4133769307679962,2.0510042720800015,0.0,438.6006408120002
68.15046307900002,19.62047689617801,-3.8483469834179607,-15.0,0.402499974935998,2.053018523160001,0.0,438.9027784740002
68.20154433800008,19.639989937116027,-3.7432217523958435,-15.0,0.39146642299198564,2.0550617735200034,0.0,439.2092660280005
68.25099080200016,19.65887848636406,-3.64146092948367,-15.0,0.3807859867679674,2.0570396320800066,0.0,439.50594481200096
68.30239590300016,19.67851523494606,-3.5356692316256697,-15.0,0.36968248495196726,2.0590958361200067,0.0,439.81437541800096
68.35115021699994,19.697139382893976,-3.435332853414123,-15.0,0.3591515531280148,2.0610460086799978,0.0,440.10690130199964
68.40069734600002,19.716066386172006,-3.3333648619319685,-15.0,0.3484493732639985,2.0630278938400006,0.0,440.4041840760001
68.452823222,19.735978470804003,-3.226089809123987,-15.0,0.3371901840480004,2.0651129288800005,0.0,440.71693933200004
68.50090755600013,19.754246855232036,-3.1271159137437317,-15.0,0.3268039679039738,2.067027226680004,0.0,441.0054453360008
68.55091552900012,19.767849023888033,-3.0232993617957473,-15.0,0.316002245735975,2.068527465870004,0.0,441.30549317400073
68.60052769000004,19.78134353168001,-2.9203045155599265,-15.0,0.3052860189599933,2.070015830700001,0.0,441.6031661400002
68.65062693900018,19.79497052740805,-2.816298474635634,-15.0,0.2944645811759624,2.0715188081700053,0.0,441.90376163400106
68.70140022500027,19.808780861200074,-2.7108931328994386,-15.0,0.28349755139994165,2.073042006750008,0.0,442.2084013500016
68.75145468400024,19.822395674048064,-2.6069800760155086,-15.0,0.2726857882559485,2.074543640520007,0.0,442.5087281040014
68.80066597099994,19.835781144111987,-2.5048174442041162,-15.0,0.26205615026401136,2.0760199791299985,0.0,442.80399582599966
68.85058341600006,19.84935868915202,-2.401188828383869,-15.0,0.2512739821439852,2.077517502480002,0.0,443.1035004960004
68.9003597169999,19.862897843023973,-2.2978532275082055,-15.0,0.2405223011280198,2.079010791509997,0.0,443.4021583019994
68.95048239300013,19.876531210896037,-2.1937985521317316,-15.0,0.2296958031119701,2.080514471790004,0.0,443.7028943580008
69.0002853599999,19.890047369759984,-2.090404168320194,-15.0,0.2189377915200179,2.082005136479998,0.0,444.00171215999944
69.05053648600006,19.89838905667601,-1.9854798172318844,-15.0,0.20798304605198573,2.0829096567480008,0.0,444.30321891600033
69.10034427500023,19.906657149650037,-1.8814811537995304,-15.0,0.19712494804994896,2.083806196950004,0.0,444.60206565000135
69.15082091500017,19.915036271890028,-1.7760859294796503,-15.0,0.18612104052996165,2.084714776470003,0.0,444.904925490001
69.200512333,19.923285047278,-1.6723302486959875,-15.0,0.17528831140599704,2.085609221994,0.0,445.20307399800004
69.25085877600031,19.93164255681605,-1.5672068757113449,-15.0,0.16431278683193012,2.0865154579680056,0.0,445.5051526560019
69.30050813900016,19.939884351074024,-1.4635390057676705,-15.0,0.1534892256979643,2.087409146502003,0.0,445.803048834001
69.35107534000008,19.948278506440012,-1.357954690079834,-15.0,0.1424655758799816,2.0883193561200013,0.0,446.10645204000053
69.40057096800001,19.956494780688,-1.2546078188159773,-15.0,0.13167552897599671,2.0892102774240002,0.0,446.4034258080001
69.45079694700007,19.96483229320201,-1.1497359746638502,-15.0,0.12072626555398364,2.0901143450460014,0.0,446.7047816820005
69.5035415299999,19.973191242619993,-1.0395840361802238,-15.0,0.10922086340002295,2.0910212491799998,0.0,447.0212491799994
69.55171096000004,19.975792391840002,-0.938717249759923,-15.0,0.09862358879999142,2.0913102657600002,0.0,447.3102657600003
69.60031855000034,19.97841720170002,-0.8369329562992915,-15.0,0.08792991899992512,2.091601911300002,0.0,447.6019113000021
69.65074953900012,19.981140475106006,-0.7313304653337553,-15.0,0.0768351014199739,2.0919044972340006,0.0,447.90449723400076
69.70087438600012,19.983847216844005,-0.626369035715742,-15.0,0.06580763507997256,2.092205246316001,0.0,448.2052463160008
69.75039414899993,19.986521284045995,-0.5226746519941452,-15.0,0.05491328722001498,2.0925023648939995,0.0,448.5023648939996
69.80072449299996,19.989239122622,-0.4172829116580805,-15.0,0.043840611540008234,2.0928043469579998,0.0,448.80434695799977
69.85025337700017,19.99191368235801,-0.31356942856164005,-15.0,0.03294425705996201,2.093101520262001,0.0,449.10152026200103
69.90045863200021,19.994624766128013,-0.2084396245915623,-15.0,0.0218991009599539,2.0934027517920013,0.0,449.40275179200125
69.95039573400027,19.997321369636015,-0.10387133300344065,-15.0,0.010912938519941184,2.0937023744040015,0.0,449.7023744040016
70.00024430400026,19.999986807583987,0.0005115725765481329,-15.0,-5.374688005758771e-05,2.093998534175998,0.0,450.00146582400157
70.05069330100014,19.99726256174599,0.10615177229428809,-15.0,-0.01115252622003021,2.093695840193999,0.0,450.3041598060008
70.10089819399991,19.994551497524004,0.21128081823581213,-15.0,-0.02219760267998015,2.0933946108360004,0.0,450.60538916399946
70.15168226800006,19.991809157527996,0.31762266919212284,-15.0,-0.03337009896001274,2.0930899063919997,0.0,450.91009360800035
70.2023185400003,19.989074798839983,0.4236550227606403,-15.0,-0.04451007880006705,2.0927860887599983,0.0,451.21391124000183
70.2527808750001,19.986349832749994,0.5293231522502064,-15.0,-0.055611792500021406,2.0924833147499995,0.0,451.5166852500006
70.30343371800018,19.98361457922799,0.6353902054923737,-15.0,-0.06675541796003892,2.092179397691999,0.0,451.82060230800107
70.35215727900004,19.980983506934,0.7374173422260819,-15.0,-0.07747460138000821,2.0918870563259997,0.0,452.11294367400023
70.4015776199999,19.978314808520004,0.8409035362797866,-15.0,-0.08834707639997715,2.0915905342800007,0.0,452.4094657199994
70.45142988499992,19.975622786210003,0.9452941791898428,-15.0,-0.09931457469998298,2.0912914206900006,0.0,452.70857930999955
70.50093266600015,19.972845177443972,1.0489474066083202,-15.0,-0.11020332118803287,2.0909832120119973,0.0,453.0055959960009
70.55094798500022,19.964542634489963,1.153379392680461,-15.0,-0.12110666073004739,2.090082936269996,0.0,453.3056879100013
70.6003175410001,19.956347288193985,1.2564630256081981,-15.0,-0.13186922393801975,2.0891942842619984,0.0,453.60190524600057
70.65036583600022,19.948039271223962,1.3609638655684575,-15.0,-0.14277975224804668,2.088293414951996,0.0,453.9021950160013
70.70109176300002,19.939618767341997,1.4668796011440464,-15.0,-0.15383800433400355,2.0873803482659996,0.0,454.20655057800013
70.75031468599991,19.931447762124016,1.5696570643678134,-15.0,-0.16456860154797903,2.086494335652002,0.0,454.50188811599946
70.80049068700009,19.923118545957983,1.6744245544561926,-15.0,-0.17550696976601848,2.085591167633998,0.0,454.8029441220006
70.85054862700008,19.91480892791799,1.7789455331761674,-15.0,-0.18641960068601565,2.0846901247139984,0.0,455.10329176200054
70.90055408700027,19.906508021557954,1.8833569336565708,-15.0,-0.1973207909660576,2.083790026433995,0.0,455.4033245220017
70.95090435400016,19.898149877235973,1.988488291152331,-15.0,-0.20829714917203235,2.082883721627997,0.0,455.705426124001
71.00045794400012,19.889875439231968,2.091950691744245,-15.0,-0.21909891590402314,2.0819862616799965,0.0,456.00274766400076
71.05107139100028,19.876108581647927,2.1970242077165767,-15.0,-0.23003142045605807,2.0804678582699916,0.0,456.3064283460017
71.10047411000005,19.862671042079988,2.299584252360104,-15.0,-0.24070240776000928,2.0789857766999984,0.0,456.60284466000036
71.15027390500018,19.849125497839953,2.4029686267803663,-15.0,-0.251459163480037,2.077491782849995,0.0,456.9016434300011
71.20119953500034,19.835273726479908,2.5086902346607096,-15.0,-0.2624590995600731,2.0759640139499895,0.0,457.2071972100021
71.25080137500026,19.82178202599993,2.61166365450055,-15.0,-0.2731730970000569,2.074475958749992,0.0,457.50480825000164
71.30077147300017,19.808190159343955,2.7154015779483487,-15.0,-0.2839666381680364,2.072976855809995,0.0,457.80462883800107
71.3502359160002,19.794735830847948,2.8180897616164184,-15.0,-0.29465095785604406,2.071492922519994,0.0,458.10141549600127
71.40063197000018,19.781028104159954,2.922711969720367,-15.0,-0.3055365055200391,2.069981040899995,0.0,458.4037918200011
71.45087433800018,19.76736218006395,3.0270151256883655,-15.0,-0.31638885700803937,2.068473769859995,0.0,458.7052460280011
71.50073536700029,19.75371908980589,3.130513385286594,-15.0,-0.3271588392720641,2.0669705853199885,0.0,459.0044122020018
71.55029701100011,19.73478654179796,3.2325112486382297,-15.0,-0.3378641543760259,2.0649881195599957,0.0,459.3017820660007
71.60037915400017,19.715655163171938,3.3355802989323413,-15.0,-0.34868189726403764,2.0629848338399936,0.0,459.60227492400105
71.6503219629999,19.69657701013404,3.4383625998537872,-15.0,-0.3594695440079796,2.060987121480004,0.0,459.9019317779994
71.70029978299999,19.677485482894003,3.5412169534139823,-15.0,-0.37026475312800006,2.0589880086800005,0.0,460.20179869799995
71.75062471199999,19.658261360016002,3.644785657295979,-15.0,-0.3811349377919998,2.0569750115200005,0.0,460.50374827199994
71.8006478010002,19.639152540017925,3.7477331744584026,-15.0,-0.3919399250160443,2.0549740879599923,0.0,460.8038868060012
71.85046331400008,19.62012301405197,3.8502535002121663,-15.0,-0.4027000758240195,2.052981467439997,0.0,461.1027798840005
71.90015903600033,19.601139248247872,3.9525272960886833,-15.0,-0.4134343517760739,2.0509936385599867,0.0,461.40095421600194
71.95104375200026,19.5817012867359,4.057248041616535,-15.0,-0.4244254504320583,2.04895824991999,0.0,461.7062625120015
72.0006684519999,19.562673795424047,4.1593609682717965,-15.0,-0.4351430487279808,2.046966577400005,0.0,462.00401071199934
72.05034410000007,19.53843207919996,4.260500587600153,-15.0,-0.44577363740001785,2.0444827949999964,0.0,462.3020646000004
72.1001588009999,19.514122505112045,4.36192331883581,-15.0,-0.4564339834139815,2.0419920599500045,0.0,462.6009528059994
72.15030431700006,19.489651493303967,4.46401958941213,-15.0,-0.4671651238380147,2.039484784149997,0.0,462.9018259020003
72.20011287100033,19.46534491895184,4.565429805356669,-15.0,-0.4778241543940709,2.0369943564499833,0.0,463.2006772260019
72.25072842400004,19.440644529087976,4.668483071264091,-15.0,-0.4886558827360097,2.0344635787999974,0.0,463.50437054400027
72.30102124700034,19.416101631463835,4.770879258892683,-15.0,-0.49941854685807147,2.031948937649983,0.0,463.806127482002
72.35053177100008,19.39194049575196,4.871682685756159,-15.0,-0.510013798994016,2.0294734114499957,0.0,464.10319062600047
72.40018544600025,19.367709502351875,4.97277756805651,-15.0,-0.5206396854440525,2.026990727699987,0.0,464.4011126760015
72.45094250200009,19.342940059023956,5.0761189340721815,-15.0,-0.5315016954280175,2.024452874899995,0.0,464.70565501200053
72.50077892400031,19.318535761295813,5.177564079392632,-15.0,-0.5421635740400642,2.0219517067119797,0.0,465.0046735440019
72.55058336699994,19.28885231326803,5.277571400935889,-15.0,-0.5526225070699865,2.0188638312460028,0.0,465.30350020199967
72.60064189900004,19.25901742819598,5.378088933192077,-15.0,-0.5631347987900062,2.015760202261997,0.0,465.60385139400023
72.65034367599992,19.22939516910405,5.47789010140784,-15.0,-0.5735721719599814,2.0126786920880044,0.0,465.9020620559995
72.70071111200014,19.19937617724792,5.579027912896272,-15.0,-0.5841493335200266,2.0095559110559913,0.0,466.2042666720008
72.75022090099992,19.169868343004048,5.6784435692078405,-15.0,-0.5945463892099816,2.0064863041380043,0.0,466.5013254059995
72.80025402699994,19.140048599908038,5.778910086215873,-15.0,-0.6050533456699851,2.0033842503260035,0.0,466.8015241619996
72.85048941700006,19.110108307467964,5.879782749336125,-15.0,-0.6156027775700115,2.0002696561459956,0.0,467.1029365020004
72.90113345500004,19.079924460819978,5.981475977640072,-15.0,-0.6262380255500059,1.9971297257899974,0.0,467.4068007300002
72.95021155199993,19.050673915008044,6.080024796415855,-15.0,-0.6365444259199833,1.9940868837760042,0.0,467.70126931199957
73.00084687900016,19.020408878457886,6.181671739146324,-15.0,-0.6471744570740323,1.9909390247119878,0.0,468.005081274001
73.05028137,18.985903603740006,6.279255424379986,-15.0,-0.6573579622199972,1.9873797413600003,0.0,468.30168821999996
73.10070844600023,18.950705504691843,6.378798472404446,-15.0,-0.6677459398760454,1.9837489918879834,0.0,468.60425067600136
73.15071742100008,18.915799240141943,6.47751618905416,-15.0,-0.6780477887260157,1.980148345687994,0.0,468.9043045260005
73.20030469299991,18.881187324286067,6.575401463981817,-15.0,-0.6882627667579799,1.9765780621040066,0.0,469.20182815799944
73.25048310000011,18.846162796199923,6.674453639400218,-15.0,-0.698599518600022,1.9729652167999918,0.0,469.50289860000066
73.30117228300014,18.810781746465903,6.77451408664228,-15.0,-0.7090414902980285,1.9693155956239896,0.0,469.80703369800085
73.35093201600012,18.77604945283192,6.872739799584227,-15.0,-0.7192919952960233,1.9657328948479917,0.0,470.1055920960007
73.40047587500021,18.741467839249854,6.970539377250416,-15.0,-0.7294980302500431,1.9621657369999848,0.0,470.40285525000127
73.45032547100027,18.706672821241813,7.068942479754531,-15.0,-0.7397670470260553,1.9585765660879806,0.0,470.7019528260016
73.50029901200014,18.67176019237589,7.167578887232273,-15.0,-0.7500609984480289,1.9549748829919882,0.0,471.00179407200085
73.55036868700017,18.63160431302586,7.264513778032335,-15.0,-0.7602752121480353,1.9507690302919856,0.0,471.30221212200104
73.60044653000023,18.59144188293982,7.3614644820804385,-15.0,-0.7704910921200463,1.946562491479981,0.0,471.60267918000136
73.6508694170002,18.551002727565844,7.459083191312376,-15.0,-0.7807773610680397,1.9423269689719838,0.0,471.90521650200117
73.70048571999996,18.511210452560032,7.555140353919923,-15.0,-0.7908990868799921,1.9381591995200034,0.0,472.20291431999976
73.75028524200025,18.471271235915804,7.651552228512475,-15.0,-0.8010581893680502,1.9339760396719796,0.0,472.5017114520015
73.8006352110001,18.43089056077792,7.749029768496191,-15.0,-0.8113295830440204,1.929746642275992,0.0,472.80381126600065
73.8508974780002,18.390580222643834,7.846337517408399,-15.0,-0.8215830855120423,1.925524611847983,0.0,473.1053848680013
73.90062494500035,18.350698794109725,7.942609893520668,-15.0,-0.8317274887800706,1.9213475046199713,0.0,473.4037496700021
73.95014376000017,18.31098470447986,8.038478319360337,-15.0,-0.8418293270400357,1.9171879241599856,0.0,473.7008625600011
74.00058437999996,18.270472889240033,8.13610447819993,-15.0,-0.8521145384799932,1.9129438995200037,0.0,474.00350627999984
74.05032091500016,18.22561053466986,8.230106529350296,-15.0,-0.8618628993400309,1.9081691921599853,0.0,474.301925490001
74.10037651500033,18.1804603834697,8.324711613350633,-15.0,-0.8716737969400656,1.903363854559968,0.0,474.60225909000206
74.15110604300025,18.13470234921377,8.42059042127048,-15.0,-0.8816167844280499,1.8984938198719759,0.0,474.9066362580016
74.20063102099994,18.090030819058057,8.514192629689878,-15.0,-0.8913236801159873,1.8937394219840065,0.0,475.20378612599967
74.25024770200025,18.045276572795775,8.607968156780476,-15.0,-0.9010485495920492,1.888976220607976,0.0,475.50148621200157
74.30104552900002,17.99945693284198,8.70397604981004,-15.0,-0.9110049236840038,1.8840996292159982,0.0,475.8062731740002
74.35033980100025,17.95499349949778,8.797142223890464,-15.0,-0.9206666009960478,1.8793673791039767,0.0,476.10203880600153
74.40018874299994,17.91002975381405,8.891356724269894,-15.0,-0.9304369936279886,1.8745818806720056,0.0,476.4011324579997
74.4503001410003,17.864829272817733,8.986067266490563,-15.0,-0.9402588276360578,1.8697711864639717,0.0,476.70180084600185
74.50110524000002,17.818896970479987,9.08203364160003,-15.0,-0.9502144165600023,1.8648850550399987,0.0,477.00663144000015
74.5506896730003,17.769411706345693,9.173268998320564,-15.0,-0.9598337965620588,1.8597282740079684,0.0,477.3041380380019
74.6002457479999,17.719954743496093,9.264452176319828,-15.0,-0.9694476751119814,1.85457444220801,0.0,477.6014744879995
74.65048753500014,17.669813440069863,9.356897064400254,-15.0,-0.9791945817900265,1.849349296359986,0.0,477.90292521000083
74.70063222399995,17.619769040448055,9.449163292159902,-15.0,-0.9889226514559893,1.844134248704006,0.0,478.2037933439997
74.7504694600002,17.570031478919798,9.540863806400376,-15.0,-0.9985910752400395,1.8389511761599793,0.0,478.5028167600012
74.80068350500005,17.51991786200995,9.633257649200095,-15.0,-1.0083325999700101,1.8337289154799952,0.0,478.8041010300003
74.85081463699998,17.469886992274017,9.725498932079972,-15.0,-1.0180580395779972,1.828515277752002,0.0,479.1048878219999
74.90115306500002,17.419649241129985,9.818121639600031,-15.0,-1.0278236946100037,1.8232800812399987,0.0,479.40691839000004
74.95034702400017,17.370553670047837,9.908638524160306,-15.0,-1.0373673226560327,1.8181639095039832,0.0,479.70208214400094
75.00074240000004,17.320186329599963,10.001325926400064,-15.0,-1.0471395712000073,1.8129153663999966,0.0,480.00445440000016
75.05062279699996,17.265517414488045,10.09041231544193,-15.0,-1.0565170858359931,1.8072290011420051,0.0,480.3037367819997
75.10019310200005,17.21118836020795,10.178944880172086,-15.0,-1.0658363031760099,1.801577986371995,0.0,480.60115861200023
75.15102230599996,17.155479552624048,10.269725838515926,-15.0,-1.0753921935279933,1.7957834571160052,0.0,480.9061338359997
75.20018166099999,17.101600899544014,10.357524446545979,-15.0,-1.0846341522679988,1.790179290646002,0.0,481.20108996599987
75.25022502299998,17.04675337479202,10.446901891077973,-15.0,-1.0940423043239982,1.7844743473780023,0.0,481.5013501379999
75.30023363700002,16.991943933847978,10.536217275682034,-15.0,-1.103443923756005,1.7787733653819982,0.0,481.8014018220001
75.35112071899994,16.93617169197607,10.627101604133887,-15.0,-1.1130106951719896,1.7729722380340076,0.0,482.1067243139996
75.4004436539999,16.88211375521611,10.715192366043823,-15.0,-1.122283406951983,1.7673494234440117,0.0,482.4026619239994
75.45082096200031,16.826900225647663,10.80516623813255,-15.0,-1.1317543408560595,1.7616064103319653,0.0,482.70492577200184
75.50045049200025,16.772465716487698,10.893777549192441,-15.0,-1.141080187576047,1.7559432380079683,0.0,483.0027029520015
75.55026875500016,16.713381256569807,10.97976387113028,-15.0,-1.1499478383900303,1.74966613686998,0.0,483.30161253000097
75.60132624700009,16.652827071057896,11.067889102322154,-15.0,-1.159036071966017,1.743232892877989,0.0,483.60795748200053
75.65045981399999,16.594554660596014,11.152693638963978,-15.0,-1.1677818468919992,1.7370420634360018,0.0,483.9027588839999
75.70169960000021,16.53378427439975,11.241133509600365,-15.0,-1.1769025288000388,1.7305858503999734,0.0,484.21019760000127
75.75105179699995,16.475252568758066,11.326315401621907,-15.0,-1.1856872198659913,1.7243674735780068,0.0,484.5063107819997
75.80038670400018,16.416741369055792,11.411467451104302,-15.0,-1.1944688333120321,1.7181512752959778,0.0,484.80232022400105
75.8505022610002,16.35730431845376,11.497966902486349,-15.0,-1.2033894024580367,1.7118367151139744,0.0,485.1030135660012
75.90107611900021,16.29732372286575,11.58525738139436,-15.0,-1.2123915491820378,1.7054644090059734,0.0,485.40645671400125
75.95024385900024,16.239010783225716,11.670120900634412,-15.0,-1.221143406902043,1.6992692737659696,0.0,485.70146315400143
76.00055823699995,16.179288806062065,11.756926673419917,-15.0,-1.2300971332379917,1.6929263127160061,0.0,486.0033494219997
76.0504228499999,16.11576128910012,11.839701930999842,-15.0,-1.2387735758999838,1.6863441838000122,0.0,486.3025370999994
76.10020552600008,16.052338159875895,11.922341173160136,-15.0,-1.2474357615240146,1.6797728705679886,0.0,486.6012331560005
76.15053900400017,15.988213308903788,12.005894746640275,-15.0,-1.256193786696029,1.6731288514719775,0.0,486.903234024001
76.20013193800014,15.925031910987821,12.088219017080233,-15.0,-1.2648229572120249,1.6665825841839808,0.0,487.20079162800084
76.25032999800032,15.861079582547585,12.171547796680539,-15.0,-1.273557419652057,1.6599564402639564,0.0,487.50197998800195
76.30067929300003,15.796934580717961,12.25512762638005,-15.0,-1.2823181969820054,1.6533103333239951,0.0,487.8040757580002
76.35010573,15.733965299980005,12.337175511799993,-15.0,-1.2909183970199996,1.6467860436399997,0.0,488.10063438
76.40063027700035,15.66959702710156,12.421046259820574,-15.0,-1.2997096681980604,1.6401168034359535,0.0,488.4037816620021
76.45058705600013,15.605952090655832,12.503974512960218,-15.0,-1.308402147744023,1.6335225086079816,0.0,488.7035223360008
76.5005457100001,15.542257834399868,12.586869861740155,-15.0,-1.3170916792800165,1.6269225091799853,0.0,489.0032742600006
76.55076458500025,15.473960164399656,12.666918748490401,-15.0,-1.3255284502800424,1.619791428929963,0.0,489.3045875100015
76.60031205199994,15.406575609280086,12.745897410887897,-15.0,-1.3338524247359893,1.6127556886160082,0.0,489.6018723119996
76.6506308830003,15.338141999119587,12.826105627502484,-15.0,-1.3423059883440511,1.6056104146139558,0.0,489.9037852980018
76.70057178600018,15.270222371039752,12.90571142688429,-15.0,-1.3506960600480307,1.5985188063879732,0.0,490.2034307160011
76.75066786000025,15.20209171039966,12.985564568840395,-15.0,-1.3591122004800418,1.5914051638799638,0.0,490.5040071600015
76.80024893600012,15.134661447039841,13.064596803984186,-15.0,-1.3674418212480195,1.5843646510879825,0.0,490.80149361600076
76.85075206900001,15.065977186159987,13.145098797986014,-15.0,-1.3759263475920014,1.5771932062019978,0.0,491.1045124140001
76.90074543300034,14.997986211119539,13.224788220202539,-15.0,-1.3843252327440567,1.570094148513951,0.0,491.4044725980021
76.95119377400033,14.92937646735955,13.305202875756526,-15.0,-1.3928005540320554,1.5629304840919522,0.0,491.70716264400204
77.00057326700016,14.862173348985763,13.383870219306248,-15.0,-1.4010905761860257,1.5559128634159742,0.0,492.00343960200104
77.05060987200022,14.790020564575679,13.459825785696337,-15.0,-1.408996359776035,1.5483072994559655,0.0,492.3036592320014
77.1008697000002,14.717545892599707,13.536120204600307,-15.0,-1.416937412600032,1.5406678055999685,0.0,492.6052182000013
77.15111372799993,14.645094004224104,13.61239063910389,-15.0,-1.4248759690239885,1.5330307133440106,0.0,492.9066823679996
77.20037232499999,14.574063107350014,13.687165189349983,-15.0,-1.4326588273499983,1.5255434066000013,0.0,493.20223395
77.25081797700022,14.501320477165676,13.76374168908634,-15.0,-1.4406292403660355,1.5178756674959657,0.0,493.5049078620014
77.30087855800002,14.429133119363968,13.839733651044034,-15.0,-1.4485388121640037,1.5102664591839965,0.0,493.8052713480002
77.35110504100021,14.356706530877696,13.915977452238318,-15.0,-1.4564745964780335,1.5026320337679682,0.0,494.1066302460013
77.40067581500034,14.285225474769508,13.991225887170517,-15.0,-1.464306778770054,1.4950972761199484,0.0,494.4040548900021
77.4507940440003,14.21295498855156,14.067305358792462,-15.0,-1.4722254589520485,1.4874793053119542,0.0,494.7047642640019
77.50097729000026,14.140516473779599,14.143409252180382,-15.0,-1.4801485480800407,1.4798455881799586,0.0,495.00586374000164
77.5503622010001,14.06555017888185,14.21462229384214,-15.0,-1.4876550545520153,1.4720427722419849,0.0,495.30217320600065
77.60079200300015,13.98899773944577,14.287342068326218,-15.0,-1.4953203844560232,1.4640748635259764,0.0,495.60475201800097
77.65029694900022,13.913849231417663,14.35872820045832,-15.0,-1.5028451362480337,1.4562530820579653,0.0,495.90178169400133
77.70113560200025,13.836676156163621,14.432037538084359,-15.0,-1.5105726115040379,1.4482205748839607,0.0,496.2068136120015
77.75040122300015,13.761890943485767,14.503078563566222,-15.0,-1.5180609858960232,1.440436606765976,0.0,496.5024073380009
77.80036134000011,13.686051485879835,14.575121052280156,-15.0,-1.525654923680016,1.432542908279983,0.0,496.80216804000065
77.85014239800012,13.610483839835823,14.646905337916166,-15.0,-1.5332216444960172,1.4246775011159816,0.0,497.1008543880007
77.90010880399996,13.534634835528067,14.718956895367937,-15.0,-1.5408165382079928,1.4167828089680068,0.0,497.4006528239997
77.95104840600015,13.457308519691765,14.792411801452221,-15.0,-1.5485593577120227,1.4087343518519755,0.0,497.70629043600087
78.00048573599997,13.382225736816041,14.863660600959964,-15.0,-1.5560689745119953,1.4009183963520042,0.0,498.0029144159998
78.05093271500027,13.301813252289566,14.93226849240037,-15.0,-1.5632324455300377,1.3924433038799542,0.0,498.3055962900016
78.10058175600034,13.22267268093546,14.99979118816046,-15.0,-1.570282609352047,1.384102264991943,0.0,498.60349053600197
78.15020018800033,13.14358090032748,15.067272255680443,-15.0,-1.5773284266960454,1.3757663684159451,0.0,498.9012011280019
78.20028126100033,13.063751669965477,15.135382514960444,-15.0,-1.5844399390620456,1.367352748151945,0.0,499.2016875660019
78.25033105700004,12.983972295141937,15.203450237520054,-15.0,-1.5915470100940046,1.3589443824239933,0.0,499.50198634200024
78.30052110900033,12.903969352253476,15.271708708240446,-15.0,-1.5986739974780457,1.350512453687945,0.0,499.80312665400197
78.35024107500021,12.82471572644966,15.339327862000289,-15.0,-1.6057342326500292,1.3421594993999644,0.0,500.1014464500013
78.4011071949999,12.743635131170167,15.408505785199857,-15.0,-1.6129572216899841,1.3336139912400178,0.0,500.40664316999937
78.45097519699993,12.664145535982104,15.47632626791991,-15.0,-1.6200384779739896,1.3252361669040111,0.0,500.7058511819996
78.50041319699994,12.585314092980093,15.543526412977927,-15.0,-1.6270545420039915,1.31692810372201,0.0,501.00247918199966
78.55083546800006,12.501613123119903,15.607764386232075,-15.0,-1.6337102817760067,1.30815462856799,0.0,501.30501280800036
78.60111294300032,12.418152514619475,15.671817889382403,-15.0,-1.640346908476041,1.2994063479179452,0.0,501.6066776580019
78.65030129300021,12.33649985361965,15.734483847282268,-15.0,-1.646839770676027,1.2908475750179635,0.0,501.90180775800127
78.70092393899995,12.252466261260084,15.798977098285935,-15.0,-1.6535219599479924,1.282039234614009,0.0,502.2055436339997
78.75055746499993,12.170074608100117,15.86221021040991,-15.0,-1.66007358537999,1.2734030010900126,0.0,502.5033447899996
78.80015080500016,12.08774966369974,15.9253921255702,-15.0,-1.6666199062600202,1.2647737599299729,0.0,502.80090483000095
78.85122862400021,12.002960484159646,15.990465266976273,-15.0,-1.6733621783680277,1.255886219423963,0.0,503.1073717440013
78.90106692400013,11.920228906159778,16.05395926117617,-15.0,-1.679940833968017,1.2472143552239772,0.0,503.4064015440008
78.95090632100028,11.837495507139543,16.11745465295435,-15.0,-1.686519634372036,1.2385423001459526,0.0,503.70543792600165
79.00015242200016,11.755736919627731,16.180180772492186,-15.0,-1.6930192051720192,1.2299728688839726,0.0,504.00091453200093
79.05062185299994,11.668626681722106,16.240037517657928,-15.0,-1.699378353477992,1.2209893101660114,0.0,504.30373111799963
79.10083886500024,11.581952119009584,16.299594893890287,-15.0,-1.7057056969900302,1.2120506820299577,0.0,504.60503319000145
79.15146111700005,11.494578112057908,16.359632884762064,-15.0,-1.7120841007420065,1.2030399211739913,0.0,504.9087667020003
79.20049165799992,11.40995139829214,16.417783106387905,-15.0,-1.7182619489079896,1.1943124848760154,0.0,505.2029499479995
79.251169054,11.322482212795997,16.477886498044,-15.0,-1.7246473008040002,1.1852919083880007,0.0,505.507014324
79.30073707700012,11.23692780509779,16.536674173322144,-15.0,-1.7308928717020153,1.1764688002939796,0.0,505.80442246200073
79.35121953399994,11.149795084316107,16.596546367323928,-15.0,-1.7372536612839922,1.1674829229480124,0.0,506.1073172039996
79.40067612300027,11.06443301170154,16.655201881878316,-15.0,-1.7434851914980336,1.158679650105954,0.0,506.4040567380016
79.45036644500033,10.978667515929436,16.714134603770386,-15.0,-1.7497461720700414,1.1498347727899434,0.0,506.70219867000196
79.50014658100008,10.892738206333856,16.773160652776088,-15.0,-1.7560167102340094,1.1409724427719865,0.0,507.0008794860005
79.5505191340003,10.80277282667547,16.828368970864325,-15.0,-1.761759181276034,1.131502402807946,0.0,507.3031148040018
79.60060426500013,10.71332078270977,16.883262274440142,-15.0,-1.767468886210015,1.1220863981799774,0.0,507.6036255900008
79.650711022,10.623830114708008,16.938179280111996,-15.0,-1.773181056508,1.112666327864002,0.0,507.904266132
79.70071153700019,10.534529194917663,16.992979844552206,-15.0,-1.778881115218022,1.1032662310439658,0.0,508.20426922200113
79.75071795400027,10.445217734155527,17.04778687758429,-15.0,-1.7845818467560306,1.0938650246479513,0.0,508.5043077240016
79.8002510260003,10.35675166756347,17.102075124496327,-15.0,-1.7902286169640342,1.0845528071119452,0.0,508.80150615600184
79.85061985199991,10.266792944328163,17.1572793577919,-15.0,-1.7959706631279901,1.075083467824018,0.0,509.1037191119995
79.90027606600006,10.178106946123892,17.21170256833607,-15.0,-1.8016314715240074,1.0657480995919895,0.0,509.4016563960004
79.95024974700027,10.088853951857516,17.2664737227123,-15.0,-1.8073284711580315,1.0563530475639498,0.0,509.7014984820017
80.00018780000028,9.999654447999491,17.32118742440028,-15.0,-1.8130195312000292,1.046963566799947,0.0,510.0011268000017
80.05114423400028,9.905894609439493,17.372041945532278,-15.0,-1.8183190003360292,1.037078018603947,0.0,510.3068654040017
80.10036063400003,9.815336433439953,17.421159912732026,-15.0,-1.8234375059360033,1.0275300370039953,0.0,510.6021638040002
80.15025228700006,9.723535791919893,17.47095178242606,-15.0,-1.8286262378480065,1.0178510563219891,0.0,510.9015137220004
80.20070312799999,9.630706244480026,17.52130172174399,-15.0,-1.833873125311999,1.0080635931680026,0.0,511.204218768
80.25030321600025,9.539442082559544,17.570802609568247,-15.0,-1.8390315344640262,0.998441176095952,0.0,511.5018192960015
80.300081804,9.447849480639997,17.620481640392,-15.0,-1.8442085076160004,0.9887841300239996,0.0,511.800490824
80.35011074600015,9.355796227359715,17.670410524508156,-15.0,-1.8494115175840165,0.9790785152759697,0.0,512.1006644760009
80.40033813500031,9.263377831599428,17.720537458730313,-15.0,-1.8546351660400326,0.9693344018099392,0.0,512.4020288100019
80.45047366500012,9.171128456399783,17.770572717670117,-15.0,-1.8598492611600126,0.9596081089899766,0.0,512.7028419900007
80.50073488199996,9.078611073020074,17.820662863563964,-15.0,-1.8650705486719965,0.949855963128007,0.0,513.0044092919998
80.55130685099994,8.983030051610122,17.86627877960194,-15.0,-1.869925457695994,0.939943857204012,0.0,513.3078411059996
80.6000754669999,8.890857367370195,17.910268071233908,-15.0,-1.8746072448319904,0.9303852084680198,0.0,513.6004528019994
80.65026545599994,8.795998288160108,17.95553944131195,-15.0,-1.8794254837759947,0.9205479706240108,0.0,513.9015927359997
80.70055714099999,8.700947003510018,18.000902541181993,-15.0,-1.8842534855359994,0.9106908003640016,0.0,514.2033428459999
80.75094063000006,8.605722209299888,18.046348448260055,-15.0,-1.889090300480006,0.9008156365199882,0.0,514.5056437800004
80.8008178770001,8.511454212469811,18.09133772505409,-15.0,-1.8938785161920098,0.8910396961079804,0.0,514.8049072620006
80.85101904500016,8.416574004949702,18.13661917859014,-15.0,-1.8986978283200153,0.8812002671799691,0.0,515.106114270001
80.90218538099998,8.319869629910036,18.182771213661983,-15.0,-1.9036097965759984,0.8711716653240038,0.0,515.4131122859999
80.95094293600005,8.22771785095991,18.226750528272042,-15.0,-1.9082905218560047,0.861615184543991,0.0,515.7056576160003
81.00082401300006,8.133404710831892,18.271660858426046,-15.0,-1.913069217092005,0.8518319013479889,0.0,516.0049440780003
81.0509731850002,8.036315913839607,18.311880494370165,-15.0,-1.9172817475400172,0.8416014702599589,0.0,516.3058391100012
81.10119108200024,7.939094065247533,18.352155247764195,-15.0,-1.9215000508880204,0.831357019271951,0.0,516.6071464920014
81.15207020700018,7.840592079247654,18.392960306014146,-15.0,-1.9257738973880152,0.8209776777719637,0.0,516.9124212420011
81.20043871500002,7.746950647759964,18.431751849430015,-15.0,-1.9298368520600018,0.8111105021399965,0.0,517.2026322900001
81.25020459500001,7.650603904079973,18.47166408519001,-15.0,-1.9340171859800013,0.8009582626199974,0.0,517.5012275700001
81.30072023999992,7.552805615360157,18.512177632479936,-15.0,-1.9382605001599933,0.7906530710400167,0.0,517.8043214399995
81.35107688900007,7.455315142895866,18.552563664978056,-15.0,-1.942490458676006,0.780380314643986,0.0,518.1064613340004
81.40314243700004,7.354516241967918,18.594320234474033,-15.0,-1.9468639647080037,0.7697589428519914,0.0,518.4188546220003
81.45047549800029,7.262879435871444,18.63228134939623,-15.0,-1.9508399418320241,0.7601029984079415,0.0,518.7028529880017
81.50183986299999,7.163368110438026,18.67328422437399,-15.0,-1.9551324701359991,0.7496209882220027,0.0,519.0110391779999
81.55161690900013,7.065108221633741,18.70802860248209,-15.0,-1.9587164174480094,0.7393669167459728,0.0,519.3097014540008
81.60087923400033,6.967864392083346,18.742413705332233,-15.0,-1.9622633048480238,0.7292188777959315,0.0,519.605275404002
81.65125871200007,6.868415302511858,18.77757858097605,-15.0,-1.965890627264005,0.7188407053279847,0.0,519.9075522720004
81.7007952490003,6.770630178473421,18.812155083802207,-15.0,-1.969457257928021,0.7086361787059389,0.0,520.2047714940018
81.75033908500018,6.672830646209649,18.846736681330125,-15.0,-1.9730244141200126,0.6984301484899625,0.0,520.5020345100011
81.80101956099998,6.572787386586048,18.882111653577983,-15.0,-1.9766734083919981,0.6879899704340041,0.0,520.8061173659999
81.85039467800016,6.47532090562769,18.91657548524411,-15.0,-1.9802284168160111,0.6778186963319666,0.0,521.1023680680009
81.90021512400017,6.3769753452236655,18.95135015655212,-15.0,-1.983815488928012,0.6675556844559638,0.0,521.401290744001
81.95105723400002,6.276613020083964,18.986837949332013,-15.0,-1.987476120848001,0.6570822097959949,0.0,521.7063434040001
82.0010875070002,6.177816285943612,19.021648154172116,-15.0,-1.9910674254340117,0.646771623529958,0.0,522.0065250420012
82.0506736340003,6.078247342927388,19.051201485864183,-15.0,-1.9941417653080185,0.6363585368599345,0.0,522.3040418040018
82.10025763300018,5.978682672935633,19.08075354926811,-15.0,-1.9972159732460109,0.62594589706996,0.0,522.6015457980011
82.15059926699996,5.877596671864078,19.11075716313198,-15.0,-2.000337154553997,0.6153741539300064,0.0,522.9035956019998
82.20026719299995,5.77786347645611,19.140359247027966,-15.0,-2.003416565965996,0.6049438894700099,0.0,523.2016031579997
82.25027739699999,5.677442986824018,19.170165328611994,-15.0,-2.006517198613999,0.5944417466300002,0.0,523.501664382
82.30064142600031,5.576312016591375,19.200182289896187,-15.0,-2.009639768412019,0.5838653005399329,0.0,523.8038485560019
82.3506841010003,5.475826325191403,19.230007724196177,-15.0,-2.012742414262018,0.5733563387899357,0.0,524.1041046060018
82.40078054700007,5.375232661623865,19.25986520601204,-15.0,-2.0158483939140037,0.562836085129984,0.0,524.4046832820004
82.45102518300018,5.274341432535632,19.28981100906811,-15.0,-2.018963561346011,0.5522847115699595,0.0,524.7061510980011
82.50089103800019,5.1741858466316115,19.319434826544093,-15.0,-2.022044551900009,0.5418093178679573,0.0,525.0053462280011
82.55027052000014,5.073649221279715,19.34353201376007,-15.0,-2.0245135260000064,0.5312421087199685,0.0,525.3016231200008
82.60031146900019,4.971765849115615,19.36795199687209,-15.0,-2.027015573450009,0.5205333456339584,0.0,525.6018688140011
82.65059113300003,4.86939645321193,19.392488472904017,-15.0,-2.0295295566500013,0.509773497537992,0.0,525.9035467980002
82.70059623900033,4.767586057395322,19.416890964632163,-15.0,-2.032029811950016,0.4990724048539284,0.0,526.203577434002
82.75023425000018,4.666523066999642,19.441114314000085,-15.0,-2.0345117125000085,0.4884498704999625,0.0,526.501405500001
82.80033896800023,4.564509861151526,19.465565416384113,-15.0,-2.0370169484000114,0.47772746084795076,0.0,526.8020338080014
82.8508765040001,4.461615437855801,19.490227733952047,-15.0,-2.039543825200005,0.46691242814398004,0.0,527.1052590240006
82.90054039200004,4.360499761887921,19.514463711296017,-15.0,-2.042027019600002,0.4562843561119931,0.0,527.4032423520002
82.95124949299998,4.257256032252046,19.53920975258399,-15.0,-2.044562474649999,0.4454326084980067,0.0,527.7074969579999
83.00103574600007,4.155868434731855,19.563395654972027,-15.0,-2.047041429840003,0.43477627886398706,0.0,528.0062144760004
83.05065644900014,4.053749027957704,19.582350763518054,-15.0,-2.049026257960006,0.4240582070159712,0.0,528.3039386940009
83.10248076400012,3.9470945876877535,19.602147651848046,-15.0,-2.051099230560005,0.4128641549759762,0.0,528.6148845840007
83.15043082700004,3.848413358033925,19.620464575914013,-15.0,-2.0530172330800016,0.40250694136799425,0.0,528.9025849620002
83.20179442200015,3.7427070795236954,19.640085469204056,-15.0,-2.055071776880006,0.39141240484797,0.0,529.2107665320009
83.25071765100029,3.642023074241411,19.65877414268211,-15.0,-2.0570287060400116,0.3808449873839401,0.0,529.5043059060017
83.3007956700003,3.5389625111393874,19.677903945940113,-15.0,-2.059031826800012,0.3700281352799376,0.0,529.8047740200018
83.35151213900008,3.4345880179378385,19.69727763709803,-15.0,-2.061060485560003,0.35907337797598493,0.0,530.1090728340005
83.40036490900002,3.334049017277963,19.715939395238006,-15.0,-2.063014596360001,0.34852117965599794,0.0,530.4021894540001
83.45051351600023,3.23084318407153,19.73509616311209,-15.0,-2.0650205406400093,0.33768908054395247,0.0,530.7030810960014
83.50072685300029,3.1274910531714033,19.75419770401608,-15.0,-2.067021805590009,0.32684299975193964,0.0,531.0043611180017
83.55055540500007,3.0240469792198583,19.76775107016002,-15.0,-2.068516662150002,0.31608003251998656,0.0,531.3033324300004
83.60026496,2.9208499430399915,19.781272069120003,-15.0,-2.0700079488000003,0.30534276864000004,0.0,531.60158976
83.65044509600011,2.816675980703767,19.794921066112032,-15.0,-2.0715133528800034,0.29450385926397626,0.0,531.9026705760007
83.70076563800012,2.7122105355117494,19.808608253536033,-15.0,-2.0730229691400037,0.283634622191974,0.0,532.2045938280007
83.75038781600006,2.609194893983882,19.822105485952015,-15.0,-2.0745116344800016,0.27291623174398744,0.0,532.5023268960003
83.8003669740001,2.5054381619757953,19.835699816928027,-15.0,-2.076011009220003,0.262120733615978,0.0,532.8022018440006
83.85080517999995,2.4007284463200995,19.849419008959988,-15.0,-2.0775241553999986,0.2512260811200092,0.0,533.1048310799997
83.90058384500026,2.2973879377794693,19.86295880584007,-15.0,-2.0790175153500075,0.24047388947994325,0.0,533.4035030700015
83.95070549899992,2.1933353840761596,19.87659189572798,-15.0,-2.0805211649699977,0.2296476122160146,0.0,533.7042329939995
84.00022066700012,2.0905392473037465,19.890036630722022,-15.0,-2.082003972006002,0.21895189459397116,0.0,534.0013240020007
84.05077283400033,1.9849863226073177,19.898428290444055,-15.0,-2.082913911012006,0.20793152218792657,0.0,534.304637004002
84.10080994500004,1.8805088348399224,19.906734450870008,-15.0,-2.0838145790100007,0.1970234319899899,0.0,534.6048596700002
84.15103142099997,1.7756463929520616,19.915071215885995,-15.0,-2.0847185655779996,0.1860751502220046,0.0,534.9061885259998
84.20108073200026,1.6711434315834486,19.923379401512044,-15.0,-2.0856194531760046,0.17516440042394077,0.0,535.2064843920016
84.25101638000024,1.5668777985595044,19.93166871908004,-15.0,-2.0865182948400043,0.16427842915994678,0.0,535.5060982800014
84.30060010800025,1.463346974495471,19.93989961792804,-15.0,-2.0874108019440047,0.1534691764559435,0.0,535.8036006480015
84.35041708000017,1.3593291369596445,19.948169235280027,-15.0,-2.0883075074400033,0.1426090765599618,0.0,536.102502480001
84.40043274500022,1.2548964284395479,19.956471835670037,-15.0,-2.089207789410004,0.13170566158995187,0.0,536.4025964700013
84.45008180600007,1.1512291890718516,19.964713579796012,-15.0,-2.0901014725080014,0.12088216629198376,0.0,536.7004908360004
84.50041463700018,1.0461317501216307,19.973022390398008,-15.0,-2.091002487822001,0.10990877985996064,0.0,537.0024878220011
84.55047881600012,0.9412973592957432,19.975725856064006,-15.0,-2.091302872896001,0.09889466047997252,0.0,537.3028728960007
84.60052310400033,0.836504620223307,19.978428247616016,-15.0,-2.091603138624002,0.08788491711992674,0.0,537.603138624002
84.65062057900013,0.7316005075737211,19.981133511266005,-15.0,-2.091903723474001,0.07686347261997031,0.0,537.9037234740008
84.70113388900018,0.625825636433633,19.98386123000601,-15.0,-2.092206803334001,0.0657505444199611,0.0,538.206803334001
84.75025748600001,0.52296082431598,19.986513904244,-15.0,-2.0925015449160003,0.05494335307999762,0.0,538.5015449160001
84.80031216099997,0.41814633486607267,19.989216856693997,-15.0,-2.0928018729659996,0.04393132458000741,0.0,538.8018729659998
84.85020372899999,0.31367339147402884,19.991911001366,-15.0,-2.093101222374,0.03295517962000287,0.0,539.1012223739999
84.90032756200026,0.20871408517146206,19.994617688348015,-15.0,-2.0934019653720015,0.021927936359943376,0.0,539.4019653720015
84.95030019000023,0.10407140213950883,19.997316210260013,-15.0,-2.0937018011400013,0.01093395819994833,0.0,539.7018011400014
85.00059329700025,-0.001242363918524461,19.999967961961985,-15.0,-2.0939964402179982,-0.0001305253400551003,0.0,540.0035597820015
85.0504827929999,-0.10571096854179267,19.997273929178004,-15.0,-2.0936971032420004,-0.011106214459978161,0.0,540.3028967579994
85.10115659800022,-0.21182191621245236,19.994537543707988,-15.0,-2.093393060411999,-0.022254451560047413,0.0,540.6069395880013
85.1503047240003,-0.3147380920566429,19.991883544903985,-15.0,-2.093098171655998,-0.03306703928006738,0.0,540.9018283440018
85.20013954000024,-0.4190921967604954,19.989192464839988,-15.0,-2.0927991627599987,-0.04403069880005182,0.0,541.2008372400014
85.25023254300004,-0.5239869450420801,19.986487442677998,-15.0,-2.092498604742,-0.05505115946000814,0.0,541.5013952580002
85.30039085199996,-0.6290184440879247,19.983778893992,-15.0,-2.0921976548880004,-0.06608598743999175,0.0,541.8023451119998
85.3502335170001,-0.7333889845982221,19.981087390081992,-15.0,-2.0918985988979997,-0.07705137374002294,0.0,542.1014011020006
85.40043019600034,-0.8385008304247185,19.97837676941598,-15.0,-2.091597418823998,-0.08809464312007503,0.0,542.4025811760021
85.45093298600023,-0.9442536726844718,19.975649618755988,-15.0,-2.091294402083999,-0.09920525692004907,0.0,542.7055979160014
85.50054757499993,-1.0481433365998492,19.972909102550013,-15.0,-2.0909901436500014,-0.11011937134998367,0.0,543.0032854499996
85.55018699600032,-1.1517904476486691,19.964668958663946,-15.0,-2.0900966340719944,-0.12094076512806912,0.0,543.3011219760019
85.60059220600033,-1.257036526128686,19.956301693803944,-15.0,-2.0891893402919943,-0.1319291009080707,0.0,543.603553236002
85.65056539600027,-1.3613805468485736,19.948006144263953,-15.0,-2.088289822871995,-0.14282325632805876,0.0,543.9033923760016
85.70165371200028,-1.4680529506565836,19.93952548380795,-15.0,-2.087370233183995,-0.15396050921605964,0.0,544.2099222720017
85.75041633599994,-1.5698693095678828,19.93143088822401,-15.0,-2.086492505952001,-0.1645907612479863,0.0,544.5024980159997
85.80078471100023,-1.6750384765684867,19.92306973797396,-15.0,-2.085585875201996,-0.17557106699804917,0.0,544.8047082660014
85.85066684399999,-1.779192370271976,19.914789303896,-15.0,-2.0846879968080003,-0.18644537199199568,0.0,545.1040010639999
85.9007415420001,-1.8837483396962198,19.906476904027983,-15.0,-2.083786652243998,-0.19736165615602094,0.0,545.4044492520006
85.95118065800034,-1.989065213904709,19.898104010771945,-15.0,-2.0828787481559936,-0.20835738344407181,0.0,545.707083948002
86.00024715400014,-2.091513091704281,19.889932774111962,-15.0,-2.0819925853799957,-0.21905338526402685,0.0,546.0014829240008
86.05028710200031,-2.195396023752646,19.876321908255917,-15.0,-2.0804913869399906,-0.2298620140320653,0.0,546.3017226120019
86.10106199700022,-2.300804705772447,19.862511136815943,-15.0,-2.0789681400899935,-0.24082939135204498,0.0,546.6063719820013
86.15075842100032,-2.403974481996662,19.848993709487914,-15.0,-2.0774772473699903,-0.2515638189360677,0.0,546.9045505260019
86.20031586599998,-2.506855737815964,19.835514084448004,-15.0,-2.0759905240200003,-0.2622682270559955,0.0,547.2018951959999
86.25109821200022,-2.612279888112447,19.82170128633594,-15.0,-2.0744670536399936,-0.27323721379204624,0.0,547.5065892720013
86.30047703300033,-2.714790320508693,19.80827024702391,-15.0,-2.07298568900999,-0.28390303912807224,0.0,547.802862198002
86.35076886100023,-2.8191961554364844,19.794590869807937,-15.0,-2.071476934169993,-0.2947660739760509,0.0,548.1046131660014
86.40035247100013,-2.922131729796276,19.781104127887964,-15.0,-2.0699894258699962,-0.30547613373602966,0.0,548.4021148260008
86.45038022200015,-3.025989340872309,19.767496579615962,-15.0,-2.0684885933399957,-0.3162821279520335,0.0,548.7022813320009
86.50059284999998,-3.1302200852999493,19.75377353130001,-15.0,-2.066976286000001,-0.3271280555999964,0.0,549.0035570999999
86.55104260500002,-3.234045681090042,19.734501724889995,-15.0,-2.0649582957999995,-0.33802520268000624,0.0,549.3062556300001
86.60184901699995,-3.3386052769858963,19.71509367550602,-15.0,-2.0629260393200024,-0.34899938767199096,0.0,549.6110941019997
86.65037433299995,-3.4384703773138874,19.696557004794023,-15.0,-2.0609850266800023,-0.35948085592799006,0.0,549.9022459979997
86.70111346700014,-3.5428915150862905,19.677174655605945,-15.0,-2.0589554613199947,-0.37044050887203245,0.0,550.2066808020008
86.75100484800032,-3.64556797718466,19.65811614806388,-15.0,-2.056959806079987,-0.38121704716807125,0.0,550.5060290880019
86.80038334200026,-3.747188917836534,19.6392535633559,-15.0,-2.05498466631999,-0.39188280187205804,0.0,550.8023000520016
86.8508742150002,-3.8510991344704193,19.619966049869923,-15.0,-2.052965031399992,-0.4027888304400461,0.0,551.1052452900012
86.90020196000023,-3.9526156336804763,19.60112285127991,-15.0,-2.0509919215999908,-0.41344362336005214,0.0,551.4012117600014
86.95022092399995,-4.055554661591898,19.58201560703202,-15.0,-2.048991163040002,-0.42424771958399143,0.0,551.7013255439997
87.00044614300032,-4.158908347148647,19.562782282215842,-15.0,-2.046977692849984,-0.4350954746020702,0.0,552.0026768580019
87.05023325000002,-4.2602748970000395,19.53848617399999,-15.0,-2.044488337499999,-0.445749915500006,0.0,552.3013995000001
87.10042797200003,-4.362471350992069,19.513991149663983,-15.0,-2.041978601399998,-0.4564915860080087,0.0,552.6025678320002
87.15046795700027,-4.464352760452558,19.489571636983865,-15.0,-2.0394766021499864,-0.46720014279805955,0.0,552.9028077420016
87.20098292900002,-4.567201243444041,19.46492033064799,-15.0,-2.0369508535499987,-0.4780103468060048,0.0,553.2058975740001
87.25047105400017,-4.667959065944351,19.440770125647916,-15.0,-2.034476447299991,-0.4886008055560371,0.0,553.502826324001
87.3005619190003,-4.769944067084614,19.416325783527853,-15.0,-2.0319719040499846,-0.4993202506660643,0.0,553.8033715140018
87.35014466300026,-4.870894533868539,19.39212940445587,-15.0,-2.0294927668499865,-0.509930957882056,0.0,554.1008679780016
87.40063867300023,-4.973700338228469,19.367488327575888,-15.0,-2.026968066349988,-0.5207366760220482,0.0,554.4038320380014
87.45024055900012,-5.074689778124248,19.34328260720794,-15.0,-2.0244879720499935,-0.5313514796260245,0.0,554.7014433540007
87.50123325599998,-5.1784763780479555,19.31826497942401,-15.0,-2.0219235381280005,-0.5422589837599934,0.0,555.0073995359999
87.55032973700008,-5.277062111896168,19.28900347674795,-15.0,-2.0188795563059942,-0.5525692447700157,0.0,555.3019784220005
87.600831406,-5.3784694632479955,19.258904482024,-15.0,-2.0157484528279994,-0.5631745952599976,0.0,555.604988436
87.65079019700033,-5.478786715576669,19.2291290425878,-15.0,-2.012651007785979,-0.5736659413700681,0.0,555.904741182002
87.70070711800008,-5.579019892944165,19.199378557671952,-15.0,-2.0095561586839943,-0.5841484947800154,0.0,556.2042427080005
87.7501569240003,-5.67831510339259,19.169906473295825,-15.0,-2.006490270711981,-0.5945329540400599,0.0,556.5009415440018
87.800312588,-5.779027676703994,19.140013697552003,-15.0,-2.0033806195439996,-0.6050656434799977,0.0,556.801875528
87.85072467600003,-5.880255149408054,19.109968093103983,-15.0,-2.0002550700879977,-0.615652181960004,0.0,557.1043480560002
87.9005442900002,-5.980292934320397,19.080275603159883,-15.0,-1.9971662540199873,-0.6261143009000399,0.0,557.4032657400012
87.95067281399997,-6.080951010511944,19.050399002856018,-15.0,-1.9940582855320013,-0.6366412909399926,0.0,557.7040368839998
88.00024072800034,-6.180475197072662,19.020831971855767,-15.0,-1.9909826675839755,-0.6470495899680676,0.0,558.001444368002
88.05024981299994,-6.2791931308618745,18.985925630526044,-15.0,-1.9873820134640043,-0.6573514614779856,0.0,558.3014988779996
88.100448572,-6.378285481128009,18.950886896744,-15.0,-1.9837677028159995,-0.6676924058319997,0.0,558.602691432
88.15021796500014,-6.476530262910273,18.916147860429906,-15.0,-1.9801843065199898,-0.6779449007900273,0.0,558.9013077900008
88.20059538600026,-6.575975291964511,18.88098442057182,-15.0,-1.9765571322079811,-0.6883226495160525,0.0,559.2035723160016
88.25086765700007,-6.6752127549181415,18.845894375413952,-15.0,-1.9729375286959947,-0.698678737342014,0.0,559.5052059420004
88.30117451100023,-6.774518484714447,18.810780191321843,-15.0,-1.9693154352079836,-0.709041949266046,0.0,559.8070470660014
88.351064297,-6.873000922277987,18.775957120694006,-15.0,-1.9657233706160004,-0.7193192451819982,0.0,560.106385782
88.40023744500013,-6.970068716430256,18.74163426338991,-15.0,-1.9621829039599907,-0.7294489136700264,0.0,560.4014246700008
88.45060867300026,-7.069501520502515,18.70647514624582,-15.0,-1.9585561755439813,-0.7398253866380535,0.0,560.7036520380016
88.50054518300021,-7.168055474288412,18.67156276323383,-15.0,-1.9549542046279822,-0.7501112173320434,0.0,561.0032710980013
88.550472765,-7.26471527303999,18.631520842470003,-15.0,-1.9507602877400005,-0.760296444059999,0.0,561.30283659
88.60065634600005,-7.361870685856098,18.59127361050796,-15.0,-1.946544866935996,-0.7705338945840104,0.0,561.6039380760003
88.6508536020001,-7.459052573472189,18.551015411195923,-15.0,-1.942328297431992,-0.7807741348080199,0.0,561.9051216120006
88.7009015120002,-7.555945327232388,18.51087698737584,-15.0,-1.9381242729919832,-0.790983908448041,0.0,562.2054090720012
88.75072803100011,-7.6524094680162085,18.470916119137915,-15.0,-1.9339388453959911,-0.8011485183240221,0.0,562.5043681860006
88.800810275,-7.749368692400006,18.43075015945,-15.0,-1.9297319369,-0.8113652961000009,0.0,562.80486165
88.85159646000011,-7.847690746560213,18.390019639079913,-15.0,-1.925465897359991,-0.8217256778400226,0.0,563.1095787600007
88.90134812800034,-7.94400997580865,18.350118801343733,-15.0,-1.921286757247972,-0.8318750181120689,0.0,563.408088768002
88.9514759650001,-8.041057468240194,18.30991627606992,-15.0,-1.9170760189399918,-0.8421010968600207,0.0,563.7088557900006
89.00144524400002,-8.137731511160045,18.269696389911978,-15.0,-1.912861256575998,-0.852283267824005,0.0,564.0086714640001
89.0516720380001,-8.2326601518202,18.224391821723906,-15.0,-1.9080394843519901,-0.862127719448021,0.0,564.3100322280006
89.10048089200018,-8.324908885880337,18.18036623541584,-15.0,-1.9033538343679832,-0.871694254832035,0.0,564.6028853520011
89.15128455700005,-8.4209278127301,18.134541329585954,-15.0,-1.898476682527995,-0.8816517731720105,0.0,564.9077073420003
89.20100080800012,-8.514891527120222,18.089697271183894,-15.0,-1.893703922431989,-0.8913961583680229,0.0,565.2060048480007
89.25052951099997,-8.60850077578994,18.04502238107803,-15.0,-1.8889491669440033,-0.9011037841559935,0.0,565.5031770659998
89.30106146000026,-8.704006159400484,17.99944256307977,-15.0,-1.8840980998399757,-0.9110080461600498,0.0,565.8063687600015
89.35028274000024,-8.79703437860045,17.955044968519786,-15.0,-1.8793728569599772,-0.9206554170400464,0.0,566.1016964400014
89.40041220400008,-8.891779065560145,17.90982819199193,-15.0,-1.874560428415993,-0.9304807919840146,0.0,566.4024732240005
89.45043082000029,-8.986314249800552,17.864711400359738,-15.0,-1.869758641279972,-0.9402844407200567,0.0,566.7025849200018
89.50069679300032,-9.08128209912058,17.819304600585685,-15.0,-1.8649275335279674,-0.9501351778420606,0.0,567.0041807580019
89.55030751000004,-9.172565818400072,17.76979310501996,-15.0,-1.8597680189599963,-0.959759656940007,0.0,567.3018450600002
89.60019315699992,-9.264355408879856,17.720007229314078,-15.0,-1.8545799116720085,-0.9694374724579843,0.0,567.6011589419995
89.65074953700014,-9.357379148080254,17.669551962073864,-15.0,-1.849322048151986,-0.9792454101780265,0.0,567.9044972220008
89.70029503200021,-9.448542858880392,17.620105558063788,-15.0,-1.8441693166719781,-0.9888572362080411,0.0,568.2017701920013
89.75066027100002,-9.541214898640028,17.569841049541985,-15.0,-1.8389313318159988,-0.9986280925740029,0.0,568.5039616260001
89.80035990000033,-9.632662216000607,17.52024081979967,-15.0,-1.833762570399966,-1.0082698206000642,0.0,568.802159400002
89.85048811600018,-9.724898133440329,17.470212860231822,-15.0,-1.8285492359359818,-1.0179946945040348,0.0,569.1029286960011
89.90027471500025,-9.816505475600461,17.42052583442975,-15.0,-1.8233714296399746,-1.027653294710049,0.0,569.4016482900015
89.95028736700033,-9.908528755280605,17.370613207733673,-15.0,-1.8181701138319664,-1.037355749198064,0.0,569.701724202002
90.00074424100012,-10.001329214426216,17.32018431186387,-15.0,-1.812915156525987,-1.0471399173080231,0.0,570.0044654460007
90.05107515600002,-10.091220228616043,17.265021629023973,-15.0,-1.8071774322159977,-1.0566021293280052,0.0,570.3064509360001
90.10047089699992,-10.179441022041862,17.210883896888085,-15.0,-1.8015463177420092,-1.0658885286359863,0.0,570.6028253819995
90.15108304000023,-10.269834309440412,17.15541298815975,-15.0,-1.7957765334399742,-1.0754036115200443,0.0,570.9064982400014
90.20014182800014,-10.357453304808253,17.101644556511847,-15.0,-1.7901838316079843,-1.0846266636640278,0.0,571.2008509680009
90.25034069200001,-10.447108475912016,17.04662660156799,-15.0,-1.7844611611119994,-1.0940640500960028,0.0,571.502044152
90.3004430230003,-10.536591239078533,16.991714446791672,-15.0,-1.7787494953779663,-1.1034832883240573,0.0,571.8026581380018
90.35015799200028,-10.625382173712495,16.937226840767696,-15.0,-1.7730819889119689,-1.1128297024960534,0.0,572.1009479520017
90.40030175099992,-10.71493892728585,16.882269280904094,-15.0,-1.7673656003860099,-1.1222567291879857,0.0,572.4018105059995
90.45065151600011,-10.804863607576191,16.82708593846388,-15.0,-1.761625727175988,-1.1317224850080219,0.0,572.7039090960006
90.50108103899993,-10.894865873313876,16.771717887746085,-15.0,-1.7558637890860094,-1.141192424941989,0.0,573.0064862339996
90.55047026300008,-10.980111673938138,16.713142268081906,-15.0,-1.7496407468619901,-1.1499837068140157,0.0,573.3028215780005
90.60085488000004,-11.067075522880074,16.65338611231995,-15.0,-1.7432922851199948,-1.158952168640009,0.0,573.6051292800003
90.65028428899996,-11.152390682813923,16.59476283324605,-15.0,-1.7370641795860056,-1.1677506034419936,0.0,573.9017057339997
90.70061047100035,-11.239253672946598,16.53507598139359,-15.0,-1.7307230806539564,-1.1767086638380628,0.0,574.2036628260021
90.75062129800017,-11.325572360348293,16.4757631405718,-15.0,-1.7244217164519786,-1.1856105910440313,0.0,574.503727788001
90.80149599200013,-11.41338208219222,16.41542575348785,-15.0,-1.7180115050079838,-1.1946662865760236,0.0,574.8089759520008
90.85387867999998,-11.503794601679965,16.353299885520023,-15.0,-1.7114112863200024,-1.2039904050399972,0.0,575.1232720799999
90.90149271100017,-11.5859764191863,16.296829644753792,-15.0,-1.7054119184139778,-1.2124657025580317,0.0,575.408956266001
90.9516561710002,-11.672558551146338,16.237335781193767,-15.0,-1.699091322453975,-1.2213947984380353,0.0,575.7099370260012
91.00040050799998,-11.756664843279975,16.17948975280802,-15.0,-1.6929471329440018,-1.2300696883919977,0.0,576.0024030479999
91.05032009000024,-11.839531349400401,16.11589220533969,-15.0,-1.6863577481199676,-1.2387556956600423,0.0,576.3019205400014
91.10109839200004,-11.923823330720067,16.051200648591948,-15.0,-1.6796550122559941,-1.2475911202080072,0.0,576.6065903520002
91.1504630720001,-12.005768699520155,15.98831004627188,-15.0,-1.6731388744959872,-1.2561805745280166,0.0,576.9027784320006
91.20041040100023,-12.088681265660377,15.924677149125712,-15.0,-1.6665458270679694,-1.2648714097740397,0.0,577.2024624060014
91.25077401499993,-12.17228486489989,15.860513904890084,-15.0,-1.659897830020008,-1.2736346786099888,0.0,577.5046440899996
91.30040926099991,-12.254679373259856,15.79727860148611,-15.0,-1.6533459775480106,-1.2822712114139851,0.0,577.8024555659995
91.35040925200019,-12.337679358320317,15.733578612951757,-15.0,-1.646745978735974,-1.2909712098480335,0.0,578.1024555120011
91.40050843400013,-12.420844000440217,15.669752255083834,-15.0,-1.6401328867119818,-1.299688467516023,0.0,578.4030506040008
91.45022043600011,-12.503365923760182,15.606419164535861,-15.0,-1.6335709024479845,-1.3083383558640191,0.0,578.7013226160007
91.500393068,-12.58662655039199,15.542465427520007,-15.0,-1.6269441843439998,-1.3170660354239991,0.0,579.002358408
91.55050182000014,-12.666499901080217,15.474317524799815,-15.0,-1.6198287415599797,-1.325484305760023,0.0,579.3030109200008
91.60064413200007,-12.746426746408112,15.406123980479904,-15.0,-1.612708533255989,-1.333908214176012,0.0,579.6038647920004
91.65067552300025,-12.82617678366239,15.338081288719666,-15.0,-1.605604075733964,-1.3423134878640413,0.0,579.9040531380015
91.70047173500006,-12.905551945590103,15.270358440399912,-15.0,-1.5985330136299898,-1.3506792514800108,0.0,580.2028304100004
91.7513063880001,-12.986582382472163,15.20122331231986,-15.0,-1.5913144929039844,-1.3592194731840173,0.0,580.5078383280006
91.8016461760003,-13.066824004544484,15.132761200639585,-15.0,-1.584166243007956,-1.367676557568051,0.0,580.8098770560018
91.85132700500026,-13.14601524597041,15.065195273199649,-15.0,-1.5771115652899625,-1.3760229368400432,0.0,581.1079620300015
91.90129421200027,-13.225662973928424,14.997239871679637,-15.0,-1.5700162218959612,-1.3844174276160446,0.0,581.4077652720016
91.95071881800004,-13.304445795892065,14.930022407519944,-15.0,-1.5629979278439934,-1.3927207614240067,0.0,581.7043129080002
92.00040338100007,-13.383612332358105,14.8624183245979,-15.0,-1.5559386860879887,-1.4010637341980108,0.0,582.0024202860004
92.05019891000029,-13.459201945380439,14.790613171779581,-15.0,-1.548369765679955,-1.4089314277800458,0.0,582.3011934600017
92.10114726700021,-13.536541551306325,14.71714564098569,-15.0,-1.5406256154159668,-1.4169812681860339,0.0,582.6068836020013
92.15072307200035,-13.611797623296525,14.6456573301755,-15.0,-1.533090093055947,-1.4248142453760546,0.0,582.9043384320021
92.20084074000033,-13.6878762433205,14.573387652919523,-15.0,-1.5254722075199494,-1.4327328369200523,0.0,583.205044440002
92.25035415699995,-13.763037610325918,14.501989305606076,-15.0,-1.5179461681360078,-1.4405559568059918,0.0,583.5021249419997
92.30130611899995,-13.840382688641917,14.428516576402076,-15.0,-1.510201469912008,-1.4486063668019917,0.0,583.8078367139997
92.35033402499994,-13.914807049949905,14.357818335950089,-15.0,-1.5027492282000094,-1.4563527759499906,0.0,584.1020041499996
92.40134902999989,-13.992247827539835,14.284254698740154,-15.0,-1.4949949474400166,-1.4644131467399832,0.0,584.4080941799994
92.4507304990002,-14.067208897482304,14.213046620441709,-15.0,-1.4874889641519697,-1.4722154188420322,0.0,584.7043829940012
92.5007810510001,-14.14312627554215,14.140814364581843,-15.0,-1.479876593941984,-1.4801187197520163,0.0,585.0046863060006
92.5504815080003,-14.214794334536435,14.06536907085554,-15.0,-1.4720239217359525,-1.4876731892160464,0.0,585.3028890480018
92.6006574170001,-14.287147995314134,13.989202040993858,-15.0,-1.4640961281139855,-1.4952999273840144,0.0,585.6039445020006
92.65085364100014,-14.3595309503222,13.913004172961788,-15.0,-1.4561651247219782,-1.5029297534320212,0.0,585.9051218460008
92.70089650199998,-14.431692755883967,13.837039109964033,-15.0,-1.4482583526840036,-1.5105362683039965,0.0,586.2053790119999
92.75032900900032,-14.502974430978467,13.762000564337507,-15.0,-1.4404480165779487,-1.5180500093680491,0.0,586.501974054002
92.80084490800027,-14.575818357336392,13.685317429655587,-15.0,-1.432466504535957,-1.525728426016041,0.0,586.8050694480016
92.8504966810001,-14.647416214002137,13.609946038241855,-15.0,-1.4246215244019849,-1.533275495512014,0.0,587.1029800860006
92.90110642300033,-14.720395461966474,13.5331204498855,-15.0,-1.416625185165948,-1.5409681762960494,0.0,587.406638538002
92.95021249899992,-14.791206423557881,13.458577426518124,-15.0,-1.408866425158013,-1.5484322998479867,0.0,587.7012749939995
93.0002503640003,-14.863340495040399,13.38260091978353,-15.0,-1.4009579388479503,-1.5560355516880409,0.0,588.0015021840018
93.05014702900007,-14.931199959440098,13.303065635773883,-15.0,-1.3925752991279876,-1.5631208781180095,0.0,588.3008821740004
93.10012967500006,-14.999176358000083,13.223393298049901,-15.0,-1.3841782145999895,-1.570218413850008,0.0,588.6007780500004
93.15075651699999,-15.068028863119986,13.142694111902014,-15.0,-1.3756729051440015,-1.5774074254139978,0.0,588.904539102
93.20051302899992,-15.135697719439893,13.063382231774124,-15.0,-1.3673138111280132,-1.5844728501179879,0.0,589.2030781739995
93.25056415900008,-15.203767256240106,12.983600730553876,-15.0,-1.3589052212879869,-1.59158011057801,0.0,589.5033849540005
93.30041722600026,-15.271567427360358,12.90413494175558,-15.0,-1.3505299060319558,-1.5986592460920364,0.0,589.8025033560016
93.35060830200018,-15.339827290720248,12.824130366611708,-15.0,-1.3420978052639694,-1.605786378884025,0.0,590.1036498120011
93.40083037300019,-15.408129307280257,12.744076385437697,-15.0,-1.3336604973359683,-1.6129179129660258,0.0,590.4049822380011
93.45038795300025,-15.475527616080333,12.66508160291761,-15.0,-1.325334823895959,-1.6199550893260337,0.0,590.7023277180015
93.50113600500026,-15.544447270370334,12.584114231699566,-15.0,-1.3168023351299545,-1.6271499526600335,0.0,591.0068160300016
93.55029506900019,-15.607075917906235,12.502510185459693,-15.0,-1.308248657993968,-1.6336389491080234,0.0,591.3017704140011
93.60023807300013,-15.670703305002162,12.419604798819789,-15.0,-1.299558575297978,-1.640231425636016,0.0,591.6014284380008
93.65106098600018,-15.735451696164223,12.33523876323971,-15.0,-1.29071538843597,-1.6469400501520222,0.0,591.906365916001
93.70051586299996,-15.798457209461954,12.25314366742006,-15.0,-1.2821102398380064,-1.6534680939159945,0.0,592.2030951779998
93.75107381299995,-15.862868037761933,12.169217470420087,-15.0,-1.2733131565380094,-1.6601417433159924,0.0,592.5064428779997
93.80061084499994,-15.92597821652992,12.086985997300104,-15.0,-1.2646937129700113,-1.6666806315399911,0.0,592.8036650699996
93.85081189500033,-15.989934354230424,12.003652254299446,-15.0,-1.2559587302699422,-1.6733071701400435,0.0,593.104871370002
93.900965498,-16.053830044452006,11.920397273319992,-15.0,-1.2472320033479996,-1.679927445736,0.0,593.405792988
93.95061783500023,-16.11708712179029,11.837974393899618,-15.0,-1.2385924967099604,-1.68648155422003,0.0,593.7037070100014
94.00089882100019,-16.181066001706228,11.75444863495367,-15.0,-1.2298400098619664,-1.6931132514460239,0.0,594.0053929260012
94.05042850400014,-16.239808205744165,11.668960402095763,-15.0,-1.221023726287976,-1.699353991504017,0.0,594.3025710240008
94.10110500600013,-16.299910537116148,11.581492759643783,-15.0,-1.2120033089319784,-1.7057392307560155,0.0,594.6066300360008
94.15035441000009,-16.358320330260106,11.496488288339844,-15.0,-1.2032369150199846,-1.7119446556600113,0.0,594.9021264600005
94.20109154800002,-16.418494575928026,11.408915988151962,-15.0,-1.194205704455997,-1.7183375350480026,0.0,595.2065492880001
94.25028748900013,-16.476840961954153,11.324003793985778,-15.0,-1.1854488269579782,-1.7245362236140163,0.0,595.5017249340008
94.30034108400014,-16.536204525624164,11.237611289015762,-15.0,-1.1765392870479767,-1.7308429765840174,0.0,595.8020465040008
94.35030415700021,-16.595460730202248,11.15137502501764,-15.0,-1.167645860053964,-1.7371383237820264,0.0,596.1018249420013
94.40106321100029,-16.655660968246345,11.063764897813497,-15.0,-1.1586107484419497,-1.7435339645860368,0.0,596.4063792660017
94.45071820600015,-16.714551792316175,10.978060376443747,-15.0,-1.1497721593319754,-1.7497904939560187,0.0,596.7043092360009
94.50312671500023,-16.77642687964026,10.88741568700958,-15.0,-1.1404121775799576,-1.7563564455100271,0.0,597.0187602900014
94.55151310300016,-16.829458360888175,10.800997598041713,-15.0,-1.1313155366359713,-1.7618724937420187,0.0,597.309078618001
94.60012415200026,-16.882736070592287,10.714178264527533,-15.0,-1.1221766594239522,-1.7674141533280303,0.0,597.6007449120016
94.6507520590003,-16.938224256664327,10.62375682262547,-15.0,-1.1126586129079457,-1.7731857347260342,0.0,597.9045123540018
94.70093932000009,-16.993229494720097,10.534122374479843,-15.0,-1.1032234078399847,-1.7789070824800104,0.0,598.2056359200005
94.75062695399993,-17.04768714158392,10.445380260156131,-15.0,-1.093882132648015,-1.784571472755992,0.0,598.5037617239996
94.80062385500014,-17.102483745080153,10.35608579496975,-15.0,-1.0844827152599747,-1.7902711194700165,0.0,598.8037431300008
94.85106956800018,-17.157772246528204,10.26598975155167,-15.0,-1.0749989212159663,-1.7960219307520215,0.0,599.1064174080011
94.9005204099999,-17.21197036935989,10.177670547740181,-15.0,-1.0657021629200198,-1.801659326739989,0.0,599.4031224599994
94.95038832699993,-17.266625606391923,10.08860644797813,-15.0,-1.0563269945240144,-1.8073442692779924,0.0,599.7023299619996
95.00043669000024,-17.321435816620244,9.999196490399553,-15.0,-1.0469152821399537,-1.8130454157600258,0.0,600.0026201400015
95.05109414300023,-17.37199195471423,9.905986776879582,-15.0,-1.0370877362579562,-1.8183137908720242,0.0,600.3065648580014
95.1006804120002,-17.421479051176203,9.814748041919628,-15.0,-1.0274680000719612,-1.8234707628480216,0.0,600.6040824720012
95.15034017100015,-17.471039490658153,9.723374085359719,-15.0,-1.0178340068259706,-1.8286353777840163,0.0,600.9020410260009
95.20052174800003,-17.52112070450403,9.631039983679948,-15.0,-1.0080987808879946,-1.8338542617920035,0.0,601.2031304880002
95.25012347600023,-17.570623229048227,9.539772804159584,-15.0,-0.998476045655956,-1.8390128415040239,0.0,601.5007408560014
95.3007941169999,-17.621192528765896,9.446538824720191,-15.0,-0.98864594130202,-1.8442825881679896,0.0,601.8047647019994
95.35063179400004,-17.670930530412036,9.354837499039931,-15.0,-0.9789774319639925,-1.8494657065760043,0.0,602.1037907640002
95.40120929900013,-17.721406880402128,9.261774889839762,-15.0,-0.9691653959939744,-1.8547257670960138,0.0,602.4072557940008
95.45076126499998,-17.770859742469984,9.170599272400032,-15.0,-0.9595523145900028,-1.8598791715599985,0.0,602.7045675899999
95.50295701699997,-17.822667229333973,9.074411237870054,-15.0,-0.9494204246680049,-1.8652838736319974,0.0,603.0177421019998
95.55123651300028,-17.86621533472625,8.983162990429477,-15.0,-0.9399576434519452,-1.8699187052480268,0.0,603.3074190780017
95.6001503110001,-17.910335580522098,8.890715912209798,-15.0,-0.9303705390439786,-1.8746144298560106,0.0,603.6009018660006
95.65120937700021,-17.956390858054192,8.794214277469596,-15.0,-0.9203629621079576,-1.8795161001920209,0.0,603.9072562620013
95.7008796099999,-18.001193408219912,8.700337537100186,-15.0,-0.910627596440019,-1.8842844425599907,0.0,604.2052776599994
95.75022403699995,-18.045702081373957,8.60707657007009,-15.0,-0.900956088748009,-1.8890215075519956,0.0,604.5013442219997
95.80112016600015,-18.091610389732132,8.510882886259724,-15.0,-0.8909804474639713,-1.8939075359360142,0.0,604.8067209960009
95.85054459699995,-18.13619122649396,8.41747071167009,-15.0,-0.8812932589880093,-1.8986522813119957,0.0,605.1032675819997
95.90020373900006,-18.180983772578056,8.323614933289882,-15.0,-0.8715600671559879,-1.9034195589440062,0.0,605.4012224340004
95.95030852700029,-18.226178291354262,8.228916883969454,-15.0,-0.8617395287079437,-1.908229618592028,0.0,605.7018511620017
96.00024763400006,-18.27119860246805,8.134520580575881,-15.0,-0.8519494826639878,-1.9130208012560055,0.0,606.0014858040004
96.05035648000012,-18.311385896960097,8.03750985471977,-15.0,-0.841727278079976,-1.9172299443200103,0.0,606.3021388800007
96.10063141,-18.351706390820006,7.94017759023999,-15.0,-0.8314711923599991,-1.9214530384400006,0.0,606.60378846
96.15148113100031,-18.39248786706225,7.8417325303834,-15.0,-0.8210978492759371,-1.9257244150040262,0.0,606.9088867860019
96.20023544000014,-18.431588822880116,7.747344188159724,-15.0,-0.8111519702399712,-1.929819776960012,0.0,607.2014126400009
96.25024179599995,-18.471693920391964,7.650531882944088,-15.0,-0.8009506736160094,-1.9340203108639964,0.0,607.5014507759997
96.30091981500027,-18.51233769163022,7.552419238159477,-15.0,-0.790612357739945,-1.9382772644600228,0.0,607.8055188900016
96.35013486700018,-18.551808163334144,7.457138897487654,-15.0,-0.7805724871319636,-1.9424113288280151,0.0,608.1008092020011
96.40030856600015,-18.59204746993212,7.360002616223712,-15.0,-0.7703370525359697,-1.9466259195440125,0.0,608.4018513960009
96.45025921800016,-18.632107892836125,7.263298153951698,-15.0,-0.7601471195279683,-1.950821774312013,0.0,608.7015553080009
96.50057731600009,-18.672402966568065,7.165860378215823,-15.0,-0.7498810729039814,-1.9550415667520065,0.0,609.0034638960005
96.55097319900005,-18.70757929290204,7.066378905173892,-15.0,-0.7394995210059886,-1.958670070328004,0.0,609.3058391940003
96.60057356800007,-18.742200350464053,6.968467776767857,-15.0,-0.7292818449919848,-1.9622412968960052,0.0,609.6034414080004
96.65089395099994,-18.777323977797963,6.869135340726111,-15.0,-0.7189158460940112,-1.965864364471996,0.0,609.9053637059997
96.70095828800004,-18.81226888502403,6.770308339487925,-15.0,-0.7086025926719915,-1.9694689967360026,0.0,610.2057497280002
96.75018342200019,-18.846628028556133,6.6731379249716225,-15.0,-0.6984622150679599,-1.9730132063840136,0.0,610.5011005320011
96.80074875400032,-18.881922630292227,6.57332195960336,-15.0,-0.6880457566759324,-1.9766539102880232,0.0,610.804492524002
96.85059269400017,-18.91671370041212,6.474930022043664,-15.0,-0.6777779050359639,-1.9802426739680121,0.0,611.103556164001
96.90058679100002,-18.951609580118017,6.376241674565954,-15.0,-0.667479121053994,-1.9838422489520013,0.0,611.4035207460001
96.95048498799997,-18.98643852162398,6.277742633688057,-15.0,-0.6572000924720046,-1.9874349191359977,0.0,611.7029099279998
97.00089960300011,-19.021536163388063,6.178193597175785,-15.0,-0.646811083369976,-1.9910557753860063,0.0,612.0053976180006
97.05083164400003,-19.051295659824017,6.0779300588479455,-15.0,-0.6363253547599927,-1.9941515619280012,0.0,612.3049898640002
97.10128128299993,-19.081363644667963,5.976627183736131,-15.0,-0.6257309305700121,-1.9972794395459956,0.0,612.6076876979996
97.15087974400012,-19.110924327424073,5.877033474047756,-15.0,-0.6153152537599728,-2.0003545441280073,0.0,612.9052784640007
97.20115064900028,-19.14088578680417,5.7760894968074314,-15.0,-0.6047583637099389,-2.003471340238017,0.0,613.2069038940017
97.25120061899997,-19.170715568923985,5.675589157048052,-15.0,-0.5942478700100038,-2.006574438377998,0.0,613.5072037139998
97.30035396600033,-19.200010963736197,5.576889236271338,-15.0,-0.583925667139929,-2.00962194589202,0.0,613.802123796002
97.3504124760002,-19.22984583569612,5.476371748191595,-15.0,-0.5734133800399559,-2.0127255735120118,0.0,614.1024748560012
97.4003632910003,-19.25961652143618,5.376070511671391,-15.0,-0.5629237088899344,-2.0158225240420182,0.0,614.4021797460018
97.450240012,-19.289343047151995,5.275918055904011,-15.0,-0.5524495974799992,-2.018914880743999,0.0,614.701440072
97.50062491000017,-19.31930495608008,5.174727683239655,-15.0,-0.5418662692599617,-2.022031245500008,0.0,615.003749460001
97.55087063200017,-19.343824868416082,5.072427393247655,-15.0,-0.5311136847519622,-2.024543531600008,0.0,615.305223792001
97.60110127400003,-19.368337421712013,4.97015780613594,-15.0,-0.5203643273639925,-2.027055063700001,0.0,615.6066076440002
97.65063298199993,-19.39250889521597,4.869311248648136,-15.0,-0.5097645418520135,-2.0295316490999964,0.0,615.9037978919996
97.70046711100031,-19.416827950168148,4.767848962003375,-15.0,-0.49910003824593396,-2.032023355550015,0.0,616.2028026660018
97.75102674100026,-19.441501049608124,4.664909555323471,-15.0,-0.4882802774259446,-2.034551337050013,0.0,616.5061604460016
97.80103614600011,-19.465905639248057,4.5630904067437665,-15.0,-0.477578264755976,-2.0370518073000055,0.0,616.8062168760007
97.85064914900022,-19.490116784712107,4.462078332635555,-15.0,-0.46696108211395415,-2.0395324574500107,0.0,617.1038948940013
97.90014472600024,-19.514270626288113,4.361305337863522,-15.0,-0.45636902863595113,-2.042007236300012,0.0,617.4008683560014
97.95017989000007,-19.538687786320033,4.259433743959853,-15.0,-0.4456615035399864,-2.0445089945000037,0.0,617.7010793400004
98.0003696900003,-19.563141221580114,4.157239177979387,-15.0,-0.4349201469599379,-2.047014787600012,0.0,618.0022181400018
98.05069446800007,-19.582365286776028,4.053670784855847,-15.0,-0.4240499949119862,-2.0490277787200033,0.0,618.3041668080004
98.10145041600026,-19.6017540589121,3.9492150438714617,-15.0,-0.41308671014394566,-2.0510580166400105,0.0,618.6087024960016
98.15099148900026,-19.6206787487981,3.8472595156374614,-15.0,-0.40238583837594555,-2.0530396595600107,0.0,618.9059489340016
98.20334784600027,-19.640678877172103,3.739510132931445,-15.0,-0.3910768652639438,-2.055133913840011,0.0,619.2200870760016
98.25074808799991,-19.658785769615964,3.6419604348961867,-15.0,-0.3808384129920216,-2.0570299235199965,0.0,619.5044885279995
98.30135995899991,-19.678119504337968,3.5378012043781846,-15.0,-0.3699062488560213,-2.0590543983599967,0.0,619.8081597539995
98.35093840900026,-19.6970584722381,3.435768754277457,-15.0,-0.3591973036559448,-2.061037536360011,0.0,620.1056304540016
98.4011131000002,-19.71622520420008,3.3325092401995837,-15.0,-0.34835957039995813,-2.0630445240000084,0.0,620.4066786000012
98.45035534599992,-19.735035742171974,3.2311686979321568,-15.0,-0.3377232452640182,-2.065014213839997,0.0,620.7021320759995
98.5004192360002,-19.754114032192057,3.128129666063589,-15.0,-0.32690944502395897,-2.067012577080006,0.0,621.0025154160012
98.55022992100021,-19.76766253851206,3.0247226840035655,-15.0,-0.3161503370639561,-2.0685068976300065,0.0,621.3013795260013
98.60062926899991,-19.781371161167975,2.920093637556187,-15.0,-0.30526407789602034,-2.0700188780699973,0.0,621.6037756139995
98.65070027000002,-19.794990473440006,2.8161462394799672,-15.0,-0.29444874167999713,-2.0715210081000004,0.0,621.9042016200001
98.70113091600024,-19.808707609152066,2.7114522183835055,-15.0,-0.2835557221439486,-2.073033927480007,0.0,622.2067854960014
98.75076788300021,-19.82220886417606,2.608405874891569,-15.0,-0.2728341372719548,-2.0745230364900062,0.0,622.5046072980012
98.80028559500033,-19.835677681840092,2.5056071047793105,-15.0,-0.2621383114799275,-2.07600856785001,0.0,622.801713570002
98.85084123200022,-19.849428815104062,2.4006536023675418,-15.0,-0.2512182938879512,-2.0775252369600063,0.0,623.1050473920013
98.90019208300009,-19.862852246576026,2.298201235691808,-15.0,-0.24055851007197843,-2.0790057624900027,0.0,623.4011524980006
98.95072245200026,-19.87659650694407,2.1933001896474527,-15.0,-0.22964395036794108,-2.080521673560008,0.0,623.7043347120016
99.00076707300013,-19.890127334118024,2.089398351575721,-15.0,-0.21883277808596852,-2.082013807314002,0.0,624.0046024380008
99.05020228500007,-19.898333579310012,1.9861776289198572,-15.0,-0.20805590186998288,-2.082903641130001,0.0,624.3012137100004
99.10041742600015,-19.906669292716025,1.8813284145116889,-15.0,-0.1971090011319655,-2.0838075136680025,0.0,624.6025045560009
99.15061442600017,-19.91500199471603,1.7765170785116353,-15.0,-0.1861660551319601,-2.084711059668003,0.0,624.903686556001
99.20039921300031,-19.923266269358052,1.672566443255353,-15.0,-0.17531297156593081,-2.0856071858340055,0.0,625.2023952780019
99.2506306969999,-19.931604695701985,1.5676831046641966,-15.0,-0.16436250805401906,-2.0865113525459984,0.0,625.5037841819994
99.30054325099991,-19.939890179665984,1.4634656919121918,-15.0,-0.15348157128201873,-2.0874097785179986,0.0,625.8032595059994
99.35023260700018,-19.94813861276203,1.359714316583624,-15.0,-0.14264929167395965,-2.0883041869260035,0.0,626.1013956420011
99.40022370499992,-19.956437135029987,1.255332903960174,-15.0,-0.13175123231001723,-2.0892040266899987,0.0,626.4013422299995
99.45041813700027,-19.964769410742043,1.1505269299434366,-15.0,-0.12080884613394044,-2.090107526466005,0.0,626.7025088220016
99.50082497700032,-19.973044548758015,1.045272498161329,-15.0,-0.10981850505992895,-2.0910049498620022,0.0,627.0049498620019
99.55028078100031,-19.975715162174016,0.9417120445853497,-15.0,-0.09893822817993117,-2.091301684686002,0.0,627.3016846860019
99.60008577600001,-19.978404631904,0.8374203850559697,-15.0,-0.08798112927999636,-2.091600514656,0.0,627.6005146560001
99.65061127200033,-19.98113300868802,0.7316199964313027,-15.0,-0.07686552015992634,-2.091903667632002,0.0,627.903667632002
99.70085348900011,-19.983846088406004,0.6264127940337694,-15.0,-0.06581223241997544,-2.092205120934001,0.0,628.2051209340007
99.75020973200026,-19.986511325528014,0.5230608211914605,-15.0,-0.054953858959943036,-2.0925012583920015,0.0,628.5012583920015
99.8002988610001,-19.989216138494005,0.4181741850657881,-15.0,-0.04393425057997752,-2.0928017931660006,0.0,628.8017931660006
99.85047558700035,-19.991925681698017,0.3131041208212746,-15.0,-0.03289537085992361,-2.093102853522002,0.0,629.1028535220021
99.90014174299995,-19.994607654121996,0.2091031901581064,-15.0,-0.021968816540011066,-2.0934008504579995,0.0,629.4008504579997
99.95046112,-19.99732490048,0.10373441472000011,-15.0,-0.010898553599999958,-2.09370276672,0.0,629.70276672
100.00185601600015,-19.999899775135994,-0.0038864975043079535,-15.0,0.0004083235200323522,-2.093988863903999,0.0,630.0111360960009
100.05067785400024,-19.997263395883987,-0.10611942627650568,-15.0,0.011149127880053072,-2.0936959328759985,0.0,630.3040671240014
100.10058259800007,-19.994568539707995,-0.21061996021215418,-15.0,0.022128171560016084,-2.0933965044119995,0.0,630.6034955880004
100.15200144300024,-19.991791922077986,-0.3182910216425125,-15.0,0.03344031746005367,-2.0930879913419984,0.0,630.9120086580015
100.20035592100021,-19.98918078026599,-0.4195452985744387,-15.0,0.04407830262004586,-2.0927978644739986,0.0,631.2021355260013
100.25040270699992,-19.986478253822003,-0.5243432684578346,-15.0,0.05508859553998235,-2.0924975837580004,0.0,631.5024162419995
100.30048942600024,-19.983773570995986,-0.6292248580445029,-15.0,0.06610767372005251,-2.0921970634439986,0.0,631.8029365560014
100.35044150300018,-19.98107615883799,-0.7338245072823847,-15.0,0.07709713066004002,-2.091897350981999,0.0,632.1026490180011
100.40069951300029,-19.978362226297982,-0.8390647802226084,-15.0,0.08815389286006348,-2.0915958029219985,0.0,632.4041970780017
100.45123447900005,-19.975633338133996,-0.9448849990261041,-15.0,0.09927158538001044,-2.091292593126,0.0,632.7074068740003
100.50062000300022,-19.972897079501962,-1.0482945662644634,-15.0,0.11013516065404781,-2.090988839945996,0.0,633.0037200180013
100.55063485000028,-19.96459461489995,-1.1527255668005818,-15.0,0.12103839730006,-2.090088572699995,0.0,633.3038091000017
100.60064998500002,-19.956292102489996,-1.257157168680038,-15.0,0.13194169673000306,-2.0891883002699996,0.0,633.6038999100001
100.65068113400002,-19.947986931755995,-1.3616222077920501,-15.0,0.14284848721200413,-2.0882877395879995,0.0,633.9040868040001
100.70031228300013,-19.939748161021978,-1.465252046904272,-15.0,0.15366807769402713,-2.087394378905998,0.0,634.2018736980008
100.75039222600026,-19.931434890483956,-1.5698189678885393,-15.0,0.16458550526805482,-2.0864929399319956,0.0,634.5023533560015
100.80072131599991,-19.923080261544015,-1.6749061078078085,-15.0,0.17555724688797836,-2.085587016312002,0.0,634.8043278959994
100.85110484000006,-19.91471659655999,-1.780106905920129,-15.0,0.18654085512001164,-2.0846801128799988,0.0,635.1066290400004
100.90090691200021,-19.906449452607966,-1.8840936322564377,-15.0,0.19739770681604368,-2.0837836755839962,0.0,635.4054414720013
100.95094541300023,-19.898143061441964,-1.9885740223444737,-15.0,0.20830610003404726,-2.082882982565996,0.0,635.7056724780014
101.00048447200015,-19.88986822361596,-2.0920057638723177,-15.0,0.21910464595203066,-2.0819854658399954,0.0,636.0029068320009
101.05029368100031,-19.876320118767914,-2.195409681756648,-15.0,0.22986343509606547,-2.0804911895699907,0.0,636.3017620860019
101.10072691000005,-19.862602280479987,-2.300109065160101,-15.0,0.24075701256000895,-2.0789781926999984,0.0,636.6043614600003
101.15076679899994,-19.84899143067202,-2.4039918747238738,-15.0,0.25156562858398573,-2.077476996030002,0.0,636.9046007939996
101.20307918100025,-19.834762462767934,-2.5125923797565157,-15.0,0.26286510309605293,-2.0759076245699926,0.0,637.2184750860015
101.25012703099992,-19.821965447568022,-2.610263716355834,-15.0,0.2730274386959824,-2.074496189070002,0.0,637.5007621859995
101.3009117470001,-19.808152004815973,-2.715692786772208,-15.0,0.28399693735202175,-2.072972647589997,0.0,637.8054704820006
101.35097057300027,-19.79453600414393,-2.819614909548556,-15.0,0.2948096437680584,-2.071470882809992,0.0,638.1058234380016
101.40052941000022,-19.781056000479943,-2.9224990551604515,-15.0,0.3055143525600479,-2.0699841176999936,0.0,638.4031764600013
101.45059216400023,-19.76743893139194,-3.0264293324644713,-15.0,0.31632790742405037,-2.068482235079993,0.0,638.7035529840014
101.50022038599991,-19.753915812548037,-3.1294535543878146,-15.0,0.32704760337598227,-2.066991184560004,0.0,639.0013223159995
101.55069843699994,-19.734633197066024,-3.2333373833458707,-15.0,0.33795086239198824,-2.0649720625200025,0.0,639.3041906219996
101.60039555999992,-19.71564889608003,-3.3356140624798445,-15.0,0.34868544095998555,-2.0629841776000033,0.0,639.6023733599995
101.65041186000008,-19.69654266947997,-3.4385476078801576,-15.0,0.35948896176001843,-2.060983525599997,0.0,639.9024711600005
101.70078411800023,-19.677300466923914,-3.542213714844471,-15.0,0.3703693694880514,-2.058968635279991,0.0,640.2047047080014
101.75058964900018,-19.658274754081933,-3.6447134976423623,-15.0,0.38112736418404003,-2.056976414039993,0.0,640.503537894001
101.80061178300002,-19.63916629889399,-3.747659049414046,-15.0,0.39193214512800684,-2.054975528679999,0.0,640.8036706980001
101.8502244880001,-19.620214245583963,-3.8497619963041947,-15.0,0.4026484894080225,-2.0529910204799964,0.0,641.1013469280006
101.90017992599996,-19.601131268268013,-3.952570287707927,-15.0,0.41343886401599445,-2.0509928029600015,0.0,641.4010795559998
101.95040476400027,-19.581945380151897,-4.0559330043125525,-15.0,0.42428742902406014,-2.0489838094399895,0.0,641.7024285840016
102.0012355429999,-19.56239705501605,-4.160515565547783,-15.0,0.4352644062019794,-2.0469382228500055,0.0,642.0074132579994
102.05070526100008,-19.53825583263196,-4.261235911396154,-15.0,0.44585092585401803,-2.044464736949996,0.0,642.3042315660005
102.1018987780003,-19.51327339633585,-4.36546591200862,-15.0,0.4568063384920666,-2.041905061099985,0.0,642.6113926680018
102.15076809500033,-19.489425169639837,-4.464963841420674,-15.0,0.46726437233007173,-2.0394615952499833,0.0,642.904608570002
102.20189315100015,-19.464476142311927,-4.569054455436304,-15.0,0.47820513431403255,-2.0369053424499923,0.0,643.2113589060009
102.25046883699997,-19.440771207544014,-4.667954552131942,-15.0,0.488600331117994,-2.034476558150001,0.0,643.5028130219998
102.30038881700011,-19.416410257303944,-4.769591631412228,-15.0,0.4992832068380237,-2.031980559149994,0.0,643.8023329020007
102.35114637700008,-19.391640568023963,-4.872934023572157,-15.0,0.5101453246780159,-2.029442681149996,0.0,644.1068782620005
102.40044837599999,-19.367581192512006,-4.973312893535971,-15.0,0.5206959524639958,-2.0269775812,0.0,644.4026902559999
102.45114152700035,-19.34284293482383,-5.0765241489727035,-15.0,0.5315442867780724,-2.0244429236499824,0.0,644.7068491620021
102.50063806600019,-19.318619712663885,-5.177281236528386,-15.0,0.5421339938600385,-2.0219604399079874,0.0,645.0038283960012
102.55118987800006,-19.288490832711965,-5.278789275024119,-15.0,0.5527498743800106,-2.018826227563996,0.0,645.3071392680004
102.60036727200031,-19.259181105887812,-5.377537482176628,-15.0,0.5630771271200637,-2.01577722913598,0.0,645.6022036320019
102.65024243300013,-19.22945550993192,-5.477686805464262,-15.0,0.5735509109300255,-2.0126849691539914,0.0,645.9014545980008
102.70097850399998,-19.199216811616015,-5.579564836031953,-15.0,0.5842054858399933,-2.009539332752001,0.0,646.2058710239999
102.75100547300008,-19.169400738091955,-5.6800189897841555,-15.0,0.5947111493300146,-2.0064376606739946,0.0,646.5060328380005
102.80036491300007,-19.13998251185196,-5.779132745304134,-15.0,0.6050766317300122,-2.0033773753939954,0.0,646.8021894780004
102.8504079090003,-19.110156886235824,-5.879619081272594,-15.0,0.6155856608900605,-2.0002747096419813,0.0,647.1024474540018
102.9001945340001,-19.080484057735944,-5.979590624272187,-15.0,0.6260408521400179,-1.9971879388919938,0.0,647.4011672040006
102.95031799800017,-19.0506104731919,-6.0802385399843475,-15.0,0.6365667795800348,-1.9940802841239889,0.0,647.701907988001
103.00048250300006,-19.020663212905962,-6.180952460922113,-15.0,0.6470993956180103,-1.9909652597839955,0.0,648.0028950180003
103.05068466000012,-18.98562210731992,-6.280051518840228,-15.0,0.6574410399600223,-1.9873507044799914,0.0,648.3041079600007
103.10047417500027,-18.950869025849812,-6.378336021450537,-15.0,0.6676976800500548,-1.98376585939998,0.0,648.6028450500016
103.15099878699993,-18.915602846674044,-6.478071605537871,-15.0,0.6781057501219855,-1.9801280873360045,0.0,648.9059927219996
103.20027476399991,-18.881208214728062,-6.575342384135831,-15.0,0.6882566013839815,-1.976580216992006,0.0,649.2016485839995
103.25066449499991,-18.846036182490064,-6.674811713129822,-15.0,0.6986368859699806,-1.9729521563600063,0.0,649.5039869699995
103.30037660000016,-18.81133713319989,-6.772943408400322,-15.0,0.7088775796000331,-1.969372884799988,0.0,649.802259600001
103.35065780800005,-18.776240850015967,-6.8721985129921,-15.0,0.71923550844801,-1.9657526378239962,0.0,650.1039468480003
103.40018502400017,-18.741670853247886,-6.969965237376327,-15.0,0.7294381149440339,-1.9621866782719881,0.0,650.401110144001
103.45128389499996,-18.706003841290027,-7.0708344087299215,-15.0,0.7399644823699917,-1.9585075595600028,0.0,650.7077033699998
103.50032625299991,-18.67173834509407,-7.16763162580783,-15.0,0.750066555611982,-1.9549725947480074,0.0,651.0019575179995
103.5507473900002,-18.631300593219844,-7.265246947040381,-15.0,0.7603524675600402,-1.9507372192399834,0.0,651.3044843400012
103.60078251999994,-18.59117241896005,-7.362114958719881,-15.0,0.7705596340799876,-1.9465342683200053,0.0,651.6046951199996
103.65064374200028,-18.551183718915773,-7.458646284512549,-15.0,0.7807313233680581,-1.9423459256719762,0.0,651.9038624520017
103.70125793600027,-18.51059113532778,-7.556635364096532,-15.0,0.7910566189440562,-1.938094333375977,0.0,652.2075476160016
103.75020077799991,-18.471338976044073,-7.651388706207821,-15.0,0.8010409587119813,-1.9339831346480079,0.0,652.5012046679994
103.8006049720002,-18.43091481245584,-7.748971225792389,-15.0,0.8113234142880412,-1.9297491823519832,0.0,652.8036298320012
103.85030620099997,-18.39105442679803,-7.845192805135936,-15.0,0.8214624650039934,-1.925574279116003,0.0,653.1018372059998
103.90070647099992,-18.350633410258062,-7.9427677278558475,-15.0,0.8317441200839842,-1.921340656436007,0.0,653.4042388259995
103.95084769200002,-18.310420151015983,-8.039841131712048,-15.0,0.8419729291680054,-1.917128793871998,0.0,653.7050861520001
104.00026065600014,-18.27076488828788,-8.135492639840258,-15.0,0.8520510885760271,-1.9129749770239872,0.0,654.0015639360008
104.05223901599993,-18.223880407568064,-8.233731740239868,-15.0,0.8622388471359865,-1.907985054464007,0.0,654.3134340959996
104.10250741100026,-18.178538315277766,-8.328739006790492,-15.0,0.8720914525560511,-1.9031592885439752,0.0,654.6150444660016
104.15057889700029,-18.135177834905743,-8.419594115330542,-15.0,0.8815134638120562,-1.8985444258879727,0.0,654.9034733820017
104.20105265600023,-18.089650504287793,-8.514989519840432,-15.0,0.8914063205760447,-1.8936989450239783,0.0,655.2063159360014
104.25084786800016,-18.044735223063853,-8.60910247052031,-15.0,0.901166182128032,-1.8889186046719844,0.0,655.505087208001
104.30093574700004,-17.999555956205963,-8.703768561830074,-15.0,0.9109834064120075,-1.8841101682879964,0.0,655.8056144820002
104.35054352900033,-17.9548097368417,-8.79752726981063,-15.0,0.9207065316840649,-1.8793478212159682,0.0,656.103261174002
104.40200743600008,-17.908389292727932,-8.894794054040144,-15.0,0.9307934574560144,-1.8744072861439929,0.0,656.4120446160005
104.45089429200016,-17.86429334861586,-8.987190211880296,-15.0,0.9403752812320302,-1.869714147967985,0.0,656.705365752001
104.50164336300031,-17.818359923725687,-9.083023787920574,-15.0,0.9503188124220598,-1.8648290902479678,0.0,657.0098601780019
104.55132317700009,-17.768779469353916,-9.174434645680158,-15.0,0.9599566963380161,-1.8596623895919913,0.0,657.3079390620005
104.60068118100025,-17.719520181361748,-9.26525337304047,-15.0,0.969532149114049,-1.8545291571759739,0.0,657.6040870860015
104.65045523400022,-17.669845676467784,-9.356837630560403,-15.0,0.9791883153960422,-1.8493526556639774,0.0,657.9027314040013
104.70138899800031,-17.61901377999569,-9.450555756320574,-15.0,0.9890694656120602,-1.844055544207968,0.0,658.2083339880019
104.75073591199998,-17.56976555982402,-9.541354078079967,-15.0,0.9986427669279965,-1.8389234651520023,0.0,658.5044154719999
104.80185741000014,-17.518746304819864,-9.635417634400255,-15.0,1.008560337540027,-1.833606829359986,0.0,658.8111444600008
104.85108332300024,-17.469618843645762,-9.72599331432044,-15.0,1.0181101646620465,-1.8284873344079757,0.0,659.1064999380014
104.90046615400024,-17.420334778307762,-9.816857723360444,-15.0,1.0276904338760473,-1.8233515199839754,0.0,659.4027969240014
104.95154765000007,-17.369355445299934,-9.910847676000122,-15.0,1.0376002441000132,-1.8180390443999936,0.0,659.7092859000004
105.00130075100014,-17.319574376903844,-10.002323141286258,-15.0,1.0472445411880278,-1.8128517143859841,0.0,660.0078045060009
105.05021902699991,-17.2659599464081,-10.089691182221843,-15.0,1.056441177075984,-1.8072750309220107,0.0,660.3013141619995
105.10144373599996,-17.20981766534404,-10.181178512495936,-15.0,1.0660714223679941,-1.8014354140960045,0.0,660.6086624159998
105.1514254130002,-17.155037747351784,-10.270445787618353,-15.0,1.0754679776440381,-1.795737502917978,0.0,660.9085524780012
105.20334102400011,-17.09813823769588,-10.363167068864197,-15.0,1.0852281125120218,-1.789819123263988,0.0,661.2200461440007
105.25022569200019,-17.046752641567796,-10.446903085912332,-15.0,1.094042430096036,-1.7844742711119792,0.0,661.5013541520011
105.30062086199996,-16.991519535248045,-10.536908859531929,-15.0,1.1035167220559938,-1.778729221732005,0.0,661.8037251719998
105.35089629100003,-16.93641766506397,-10.626700775726048,-15.0,1.1129685027080063,-1.7729978228259973,0.0,662.1053777460002
105.40034619700009,-16.882220568087902,-10.715018307842161,-15.0,1.1222650850360185,-1.76736053354199,0.0,662.4020771820005
105.45048158200007,-16.827272186127928,-10.804560105452119,-15.0,1.131690537416014,-1.7616450996519928,0.0,662.7028894920004
105.50113710000005,-16.77165139939994,-10.894962634600088,-15.0,1.1412024038000108,-1.7558567253999937,0.0,663.0068226000003
105.55096643900015,-16.712553803345823,-10.980968073714259,-15.0,1.150072026142028,-1.7495782286859813,0.0,663.3057986340009
105.60024808700018,-16.654105768817782,-11.066028198162314,-15.0,1.158844159486034,-1.7433687410379772,0.0,663.6014885220011
105.65023738400032,-16.59481846257562,-11.152309724784553,-15.0,1.1677422543520584,-1.7370700896159597,0.0,663.9014243040019
105.70047119900028,-16.535241157985674,-11.239013289474476,-15.0,1.1766838734220504,-1.7307406289259653,0.0,664.2028271940017
105.75084413000013,-16.475498861819844,-11.325956968380229,-15.0,1.1856502551400248,-1.7243936396199833,0.0,664.5050647800008
105.80101985400006,-16.415990453155928,-11.412560268004103,-15.0,1.1945815340120116,-1.7180714983959924,0.0,664.8061191240004
105.85108107900032,-16.356617840305617,-11.498965942354559,-15.0,1.2034924320620584,-1.711763784045959,0.0,665.1064864740019
105.90033869700028,-16.29819830535767,-11.583984591022482,-15.0,1.2122602880660505,-1.7055573241779645,0.0,665.4020321820017
105.95055179300016,-16.238645573501813,-11.670652394718275,-15.0,1.221198219154029,-1.6992304740819797,0.0,665.703310758001
106.0006098480003,-16.179223053647625,-11.75701234768049,-15.0,1.2301061135520517,-1.6929195000639607,0.0,666.0036590880018
106.05111191000015,-16.114883426659816,-11.840845770600241,-15.0,1.2388934723400256,-1.6862532278799804,0.0,666.3066714600009
106.10120218800012,-16.05106841248785,-11.923995632080192,-15.0,1.2476091807120204,-1.6796413111839843,0.0,666.6072131280007
106.1508852930001,-15.98777213671787,-12.006469586380168,-15.0,1.256254040982018,-1.673083141323986,0.0,666.9053117580006
106.20147931800011,-15.923315348867858,-12.090455667880184,-15.0,1.2650574013320195,-1.6664047300239848,0.0,667.2088759080007
106.2512458619999,-15.85991277181212,-12.173068130919843,-15.0,1.2737167799879838,-1.6598355462160117,0.0,667.5074751719994
106.30017930500026,-15.797571565429672,-12.254297646300426,-15.0,1.2822311990700448,-1.6533763317399655,0.0,667.8010758300015
106.35100073000012,-15.732825069979842,-12.338661211800206,-15.0,1.2910741270200217,-1.6466679036399827,0.0,668.1060043800007
106.40063352000016,-15.6695928955198,-12.42105164320026,-15.0,1.2997102324800274,-1.6401163753599786,0.0,668.4038011200009
106.45102888400015,-15.605389201783805,-12.504707947440252,-15.0,1.3084790258160266,-1.6334641873119788,0.0,668.7061733040009
106.50024230000008,-15.542670471999887,-12.58638622620013,-15.0,1.3170407064000138,-1.6269655933999874,0.0,669.0014538000005
106.55141011600017,-15.473082242239768,-12.667947724904272,-15.0,1.3256368994880288,-1.6196997635279748,0.0,669.308460696001
106.60105568300014,-15.405564271119808,-12.747082758702224,-15.0,1.3339773547440237,-1.6126500930139789,0.0,669.6063340980008
106.65110905700021,-15.33749168247971,-12.826867836858339,-15.0,1.3423863215760357,-1.6055425139059687,0.0,669.9066543420013
106.70024409100006,-15.27066803623992,-12.905189081054093,-15.0,1.35064100728801,-1.5985653390779906,0.0,670.2014645460004
106.75089618700031,-15.20178118567958,-12.98592852207849,-15.0,1.3591505594160518,-1.5913727414459553,0.0,670.5053771220018
106.8003815510001,-15.134481090639863,-13.06480819229416,-15.0,1.3674641005680168,-1.5843458197579847,0.0,670.8022893060006
106.85026469500008,-15.066640014799892,-13.144321923830123,-15.0,1.375844468760013,-1.577262413309988,0.0,671.1015881700005
106.90041732000009,-14.99843244479988,-13.224265208080139,-15.0,1.3842701097600145,-1.5701407405599865,0.0,671.4025039200005
106.95094307099998,-14.929717423440023,-13.304803255173972,-15.0,1.392758435927997,-1.5629660839180015,0.0,671.7056584259999
107.00028980100024,-14.86258210695766,-13.383439917918357,-15.0,1.401045788558037,-1.5559559502479634,0.0,672.0017388060014
107.05107925600032,-14.789343712847536,-13.460538310608486,-15.0,1.4090705224480506,-1.5482359530879506,0.0,672.3064755360019
107.10024776399996,-14.718442724312057,-13.535176105751939,-15.0,1.4168391467119936,-1.5407623398720056,0.0,672.6014865839998
107.15062147500021,-14.645803833049701,-13.611643399050314,-15.0,1.4247981930500326,-1.533105535799968,0.0,672.9037288500012
107.20030315000031,-14.574162857699553,-13.687060181700469,-15.0,1.432647897700049,-1.5255539211999527,0.0,673.2018189000019
107.25084067700027,-14.50128774376561,-13.763776147686409,-15.0,1.4406328269660427,-1.5178722170959589,0.0,673.5050440620016
107.30070493700032,-14.429383480845539,-13.839470094366483,-15.0,1.4485113800460505,-1.5102928495759516,0.0,673.8042296220019
107.35056703700002,-14.357482332645972,-13.915160762166028,-15.0,1.4563895918460033,-1.5027138103759972,0.0,674.1034022220001
107.40083591800021,-14.284994606243695,-13.991468923524321,-15.0,1.4643320750440338,-1.495072940463968,0.0,674.4050155080013
107.450159084,-14.21387060087199,-14.06634148951201,-15.0,1.4721251352720013,-1.4875758192319994,0.0,674.700954504
107.50085447300035,-14.140702909985476,-14.143232150066497,-15.0,1.480129879896053,-1.479864993265946,0.0,675.0051268380021
107.55072999000004,-14.064991875179944,-14.215152645580051,-15.0,1.487710958480006,-1.4719846615799947,0.0,675.3043799400002
107.60049898000034,-13.989442548359486,-14.286919529160487,-15.0,1.4952758449600516,-1.4641211611599467,0.0,675.602993880002
107.65044248499999,-13.913628307770022,-14.358938063369978,-15.0,1.5028672577199977,-1.4562300873700027,0.0,675.9026549099999
107.70085765300018,-13.837098082745719,-14.431636735626265,-15.0,1.510530363256028,-1.448264490825971,0.0,676.2051459180011
107.75104010900031,-13.760921114537522,-14.503999837178453,-15.0,1.5181580965680475,-1.4403356627779504,0.0,676.5062406540019
107.80040303900023,-13.685988186797651,-14.575181182238332,-15.0,1.5256612619280345,-1.4325363198379637,0.0,676.8024182340014
107.85054363200015,-13.609874766623767,-14.647483917344221,-15.0,1.533282632064023,-1.4246141061439757,0.0,677.1032617920009
107.9009047720001,-13.533426556103842,-14.720104681224148,-15.0,1.5409375253440152,-1.4166570460239836,0.0,677.4054286320006
107.95021745000031,-13.458569910899529,-14.791213562900445,-15.0,1.5484330524000463,-1.408865642899951,0.0,677.7013047000019
108.00033832700001,-13.382460706761986,-14.863460124720012,-15.0,1.5560480424340004,-1.4009431610639984,0.0,678.002029962
108.05027142900008,-13.302867342173878,-14.931369143440104,-15.0,1.56313854291801,-1.392554399927987,0.0,678.3016285740005
108.10030726000014,-13.223110227559783,-14.999417873600185,-15.0,1.5702436309200185,-1.384148380319977,0.0,678.6018435600008
108.15096115200004,-13.14236792371194,-15.068307166720048,-15.0,1.5774364835840042,-1.3756385264639939,0.0,678.9057669120002
108.20073055800003,-13.063035490547948,-15.135993558880044,-15.0,1.5845037392360035,-1.3672772662559947,0.0,679.2043833480002
108.25134941900023,-12.982349026113626,-15.204835209840319,-15.0,1.5916916174980325,-1.3587732976079605,0.0,679.5080965140014
108.30015626900013,-12.904550907213798,-15.271212525840172,-15.0,1.5986221901980169,-1.3505737468079788,0.0,679.8009376140008
108.35060495700009,-12.82413569854186,-15.339822741520118,-15.0,1.6057859038940112,-1.3420983672239855,0.0,680.1036297420005
108.40009466099991,-12.74524911036614,-15.40712873895988,-15.0,1.6128134418619864,-1.333784096952015,0.0,680.4005679659995
108.45066997599997,-12.664632058256045,-15.47591116735996,-15.0,1.619995136591995,-1.3252874440320048,0.0,680.7040198559998
108.50086702499993,-12.58456073850011,-15.544104589849915,-15.0,1.62711444729999,-1.3168491376500115,0.0,681.0052021499996
108.550205689,-12.502658556260009,-15.606962047785993,-15.0,1.6336271509479983,-1.3082642101140012,0.0,681.301234134
108.60031419799998,-12.419478431320037,-15.670800288251971,-15.0,1.640241474135996,-1.299545329548004,0.0,681.6018851879999
108.65110525099999,-12.335165283340016,-15.735508089773987,-15.0,1.6469458931319978,-1.290707686326002,0.0,681.9066315059999
108.70125096099991,-12.251923404740143,-15.79939372431389,-15.0,1.6535651268519878,-1.2819823327860151,0.0,682.2075057659995
108.75047519200007,-12.170211181279889,-15.862105394608085,-15.0,1.6600627253440081,-1.2734173165919886,0.0,682.5028511520004
108.80068835200018,-12.086857335679703,-15.926076960448228,-15.0,1.666690862464023,-1.2646802267519692,0.0,682.8041301120011
108.85100925300003,-12.003324640019951,-15.990185788322037,-15.0,1.6733332213960033,-1.2559243899779953,0.0,683.1060555180002
108.90123339799993,-11.919952559320114,-16.054171349051913,-15.0,1.6799628085359903,-1.2471853887480124,0.0,683.4074003879996
108.9515328550001,-11.836455460699842,-16.11825285727012,-15.0,1.6866023368600123,-1.2384332832299838,0.0,683.7091971300006
109.00055227700022,-11.755046769897612,-16.180655000522265,-15.0,1.6930695869020278,-1.2299016946939605,0.0,684.0033136620013
109.0507635910003,-11.668382041933475,-16.24020561892636,-15.0,1.699396212466038,-1.2209640808019464,0.0,684.3045815460018
109.10110790099998,-11.581487762874039,-16.299913970585973,-15.0,1.7057395955259969,-1.2120027936220046,0.0,684.6066474059999
109.1506091199999,-11.496048658880174,-16.35862241631988,-15.0,1.711976749119987,-1.2031915766400187,0.0,684.9036547199994
109.20057482400034,-11.409807853775412,-16.417881741264406,-15.0,1.7182724278240429,-1.1942976813279402,0.0,685.203448944002
109.25084318800009,-11.323044657511845,-16.477500020968105,-15.0,1.7246062416880112,-1.1853499125359852,0.0,685.5050591280005
109.30026568199992,-11.237741432868143,-16.5361150988519,-15.0,1.7308334759319897,-1.176552708604016,0.0,685.8015940919995
109.35118262900005,-11.149858782345914,-16.59650259799406,-15.0,1.7372490112540064,-1.1674894920379926,0.0,686.1070957740003
109.40038101300024,-11.064942371561584,-16.65485188141829,-15.0,1.7434480076380305,-1.1587321796859584,0.0,686.4022860780015
109.4506868960002,-10.978114417503644,-16.714514658656245,-15.0,1.7497865488960263,-1.149777732511965,0.0,686.7041213760012
109.50088355000025,-10.891421979699548,-16.773968370800276,-15.0,1.756100724700029,-1.1408338925999542,0.0,687.0053013000015
109.5504628650001,-10.802873323109823,-16.82830730004011,-15.0,1.7617527666100117,-1.131512981379983,0.0,687.3027771900006
109.6006965040001,-10.713156043855825,-16.883363368384106,-15.0,1.7674794014560113,-1.1220690572479832,0.0,687.6041790240006
109.65042005600026,-10.624349779983541,-16.937860381376282,-15.0,1.7731478863840298,-1.112721029471953,0.0,687.9025203360015
109.70044256000028,-10.535009587839495,-16.99268504576031,-15.0,1.7788504518400328,-1.1033167987199481,0.0,688.2026553600017
109.75021499600007,-10.44611601714388,-17.047235635616076,-15.0,1.784524509544008,-1.0939595807519884,0.0,688.5012899760004
109.80025244400031,-10.356749135015452,-17.102076678624336,-15.0,1.7902287786160356,-1.0845525405279433,0.0,688.8015146640018
109.85039947199994,-10.267186543008116,-17.15703782131193,-15.0,1.795945539807993,-1.075124899264013,0.0,689.1023968319996
109.90060489000007,-10.17751966645988,-17.212062959440075,-15.0,1.8016689574600082,-1.065686280679988,0.0,689.4036293400004
109.9510922899999,-10.087349170060168,-17.267397149839898,-15.0,1.8074245210599897,-1.0561946494800183,0.0,689.7065537399994
110.00044621500001,-9.99917896439998,-17.321445322570014,-15.0,1.8130464063600018,-1.0469134342899984,0.0,690.0026772900001
110.05014994700014,-9.907724097519749,-17.371049647106137,-15.0,1.8182155944880147,-1.037270910281974,0.0,690.3008996820008
110.10059090799996,-9.814912729280076,-17.42138972618396,-15.0,1.8234614544319963,-1.0274853638480084,0.0,690.6035454479997
110.15086023100002,-9.722417174959956,-17.471558510538024,-15.0,1.828689464024003,-1.0177331151859954,0.0,690.9051613860001
110.20089057599989,-9.630361340160198,-17.521488794847894,-15.0,1.8338926199039893,-1.008027228256021,0.0,691.2053434559994
110.25100278500031,-9.53815487559943,-17.57150077943031,-15.0,1.8391042896400327,-0.9983054597099399,0.0,691.5060167100019
110.30036064500018,-9.447336413199665,-17.62075992371018,-15.0,1.8442375070800194,-0.9887300348699644,0.0,691.8021638700011
110.35103942400019,-9.354087459839647,-17.671337345152192,-15.0,1.8495081000960203,-0.9788983517439626,0.0,692.1062365440011
110.40039496899999,-9.26327325704002,-17.72059417906199,-15.0,1.8546410767759993,-0.9693233760140015,0.0,692.4023698139999
110.45047887700002,-9.171118866319958,-17.770577919246023,-15.0,1.8598498032080026,-0.9596070978619949,0.0,692.7028732620001
110.50031946200033,-9.079396216819369,-17.820288154724302,-15.0,1.8650306683520324,-0.9499373854479338,0.0,693.001916772002
110.55053933699992,-8.984480653070154,-17.865586481973928,-15.0,1.8698517763519924,-0.9400942899480154,0.0,693.3032360219995
110.60169645800033,-8.88779369437937,-17.9117302051163,-15.0,1.8747628599680322,-0.9300674942319341,0.0,693.610178748002
110.65023638599996,-8.796053230460075,-17.955513220171966,-15.0,1.8794226930559965,-0.9205536683440073,0.0,693.9014183159998
110.70040266100023,-8.701238970709573,-18.000763200222202,-15.0,1.884238655456022,-0.9107210784439554,0.0,694.2024159660014
110.75085646000025,-8.605881290599527,-18.046272526920227,-15.0,1.8890822201600241,-0.9008321338399508,0.0,694.5051387600015
110.80083969299994,-8.511412980230107,-18.09135740308595,-15.0,1.8938806105279948,-0.891035420172011,0.0,694.8050381579997
110.85123757200017,-8.416160988919673,-18.136816289944157,-15.0,1.8987188069120169,-0.8811574358879661,0.0,695.107425432001
110.90032434500017,-8.323386987949675,-18.181092559190155,-15.0,1.9034311371200168,-0.8715364283799665,0.0,695.401946070001
110.95096248600021,-8.227680901459607,-18.22676816237219,-15.0,1.9082923986560203,-0.8616113527439595,0.0,695.7057749160012
111.00107376000005,-8.132921200639895,-18.271861155520043,-15.0,1.9130901958400048,-0.8517809529599893,0.0,696.0064425600003
111.05039708899994,-8.03743123569611,-18.311418465377955,-15.0,1.9172333554759955,-0.8417189938440117,0.0,696.3023825339997
111.10036296199996,-7.940697305568071,-18.351491095523972,-15.0,1.9214304888079972,-0.8315259557520078,0.0,696.6021777719998
111.15086707799992,-7.842921336992156,-18.391995396555934,-15.0,1.9256728345519933,-0.8212231160880167,0.0,696.9052024679995
111.20029443000021,-7.747229983519588,-18.43163613286017,-15.0,1.9298247321200181,-0.8111399362799567,0.0,697.2017665800013
111.25055954100026,-7.649916728623502,-18.471948751882206,-15.0,1.9340470014440219,-0.8008858536359478,0.0,697.5033572460015
111.3005998210001,-7.553038746543796,-18.512081056442085,-15.0,1.938250384964009,-0.7906776365159787,0.0,697.8035989260006
111.35030623900002,-7.456807121295962,-18.551945603678018,-15.0,1.9424257240760017,-0.780537527243996,0.0,698.1018374340001
111.40038093000021,-7.359862519519592,-18.592105505860168,-15.0,1.9466319981200177,-0.7703222902799571,0.0,698.4022855800013
111.45067558100027,-7.26249207518348,-18.632441815962217,-15.0,1.9508567488040227,-0.7600621814759452,0.0,698.7040534860016
111.50095714999998,-7.165110585900046,-18.672668090699982,-15.0,1.9550689147999984,-0.7498028271000048,0.0,699.0057428999999
111.55115523299992,-7.066019570058162,-18.70770635263394,-15.0,1.958683176775994,-0.7394620220020168,0.0,699.3069313979995
111.60035997800014,-6.968889403427719,-18.7420512646441,-15.0,1.9622259184160102,-0.7293258445319704,0.0,699.6021598680009
111.65114354100024,-6.868642650065531,-18.777498191618168,-15.0,1.9658823349520171,-0.7188644305539506,0.0,699.9068612460014
111.70192336700029,-6.768403273541426,-18.812942510166202,-15.0,1.9695384824240207,-0.7084037863979395,0.0,700.2115402020017
111.750959728,-6.671605496928004,-18.847169890144,-15.0,1.9730691004159997,-0.6983022960319997,0.0,700.505758368
111.80106378500022,-6.572700088409557,-18.882142521930156,-15.0,1.976676592520016,-0.687980860289953,0.0,700.8063827100013
111.85008711799992,-6.475928029068159,-18.916360808363944,-15.0,1.980206272495994,-0.6778820536920155,0.0,701.1005227079995
111.90111899200019,-6.375191109791619,-18.951981056416134,-15.0,1.9838805674240136,-0.6673694876479591,0.0,701.4067139520012
111.95088695899994,-6.276949142934108,-18.98671909738196,-15.0,1.9874638610479958,-0.65711728644601,0.0,701.7053217539997
112.00052556500032,-6.1789446654793645,-19.02131323674019,-15.0,1.9910325850300192,-0.646889631349932,0.0,702.0031533900019
112.05027629899996,-6.079045191608078,-19.05096467420398,-15.0,1.9941171305379972,-0.6364419772100066,0.0,702.3016577939998
112.10098043900007,-5.977231278487863,-19.08118434164404,-15.0,1.997260787218004,-0.625794107809984,0.0,702.6058826340004
112.15038733000029,-5.878022241359427,-19.11063084868017,-15.0,2.000324014460017,-0.6154186606999384,0.0,702.9023239800017
112.20104282200009,-5.776306013423818,-19.140821521912056,-15.0,2.003464654964005,-0.6047810073799793,0.0,703.2062569320005
112.2501143630002,-5.677770359095612,-19.170068160348116,-15.0,2.0065070905060116,-0.5944759837699576,0.0,703.5006861780012
112.3007333710002,-5.576127391031587,-19.200237089116122,-15.0,2.0096454690020122,-0.583845992089955,0.0,703.8044002260012
112.35035954900013,-5.476478025607736,-19.22981429120408,-15.0,2.0127222920380077,-0.5734244947099705,0.0,704.1021572940008
112.40060996700004,-5.3755751862639265,-19.25976354033202,-15.0,2.0158378179540017,-0.5628719069299905,0.0,704.4036598020002
112.4501188510003,-5.276161347191403,-19.289270835196177,-15.0,2.018907368762018,-0.5524750412899356,0.0,704.7007131060018
112.50063573500029,-5.174705643539415,-19.31931023868014,-15.0,2.0220317867500137,-0.5418639527099366,0.0,705.0038144100017
112.5503022580001,-5.073584602711794,-19.343547501904048,-15.0,2.0245151129000045,-0.5312353167879768,0.0,705.3018135480006
112.60061719800024,-4.971143384871519,-19.368101192624113,-15.0,2.0270308599000115,-0.5204679196279483,0.0,705.6037031880014
112.65110739200009,-4.868345349887826,-19.392740407296042,-15.0,2.0295553696000037,-0.509663018111981,0.0,705.9066443520005
112.70079081600034,-4.767189898623317,-19.416985918208162,-15.0,2.0320395408000165,-0.499030765375928,0.0,706.204744896002
112.7505912659999,-4.665796182424201,-19.44128853780795,-15.0,2.0345295632999947,-0.4883734690760213,0.0,706.5035475959994
112.80028538400029,-4.56461895817541,-19.465539267392142,-15.0,2.0370142692000144,-0.47773892782393856,0.0,706.8017123040017
112.85117249399991,-4.461012802216181,-19.490372177071954,-15.0,2.0395586246999953,-0.46684908628402,0.0,707.1070349639995
112.90114360799998,-4.359271614112033,-19.51475808070399,-15.0,2.042057180399999,-0.45615526788800487,0.0,707.4068616479999
112.9507370350002,-4.258299396739589,-19.538959673080097,-15.0,2.04453685175001,-0.44554227450995865,0.0,707.7044222100012
113.00036147300034,-4.157256088565302,-19.563138082686127,-15.0,2.047014458920014,-0.434921921831929,0.0,708.002168838002
113.05020764400024,-4.05467266864751,-19.58217932000809,-15.0,2.0490083057600095,-0.42415514889595074,0.0,708.3012458640014
113.10107380699992,-3.9499901051941637,-19.60161019427397,-15.0,2.051042952279997,-0.4131680576880193,0.0,708.6064428419995
113.15098665400001,-3.847269466067985,-19.620676901828002,-15.0,2.0530394661600004,-0.4023868827360005,0.0,708.905919924
113.20023702100025,-3.7459122107814893,-19.639490542022095,-15.0,2.05500948084001,-0.39174880346394847,0.0,709.2014221260015
113.25022726199995,-3.643032294804097,-19.658586814083982,-15.0,2.0570090904799985,-0.3809509114080121,0.0,709.5013635719997
113.30083258800005,-3.5388865338959006,-19.677918048616018,-15.0,2.059033303520002,-0.3700201609919915,0.0,709.8049955280003
113.35029264100012,-3.4370977448217457,-19.696811788862046,-15.0,2.0610117056400052,-0.3593367895439752,0.0,710.1017558460007
113.40183794800032,-3.3310175030153406,-19.716502096136125,-15.0,2.063073517920013,-0.34820300323193265,0.0,710.4110276880019
113.45079032500007,-3.2302735111498544,-19.735201904150028,-15.0,2.065031613000003,-0.33762928979998647,0.0,710.7047419500004
113.50038110800006,-3.1282088197918836,-19.754103661376018,-15.0,2.067011433240002,-0.3269176806719896,0.0,711.0022866480003
113.55091116600033,-3.023308419383309,-19.767847837152093,-15.0,2.06852733498001,-0.31600318814392947,0.0,711.305466996002
113.60046549000026,-2.920433642759459,-19.781326613280072,-15.0,2.0700139647000078,-0.30529945415994464,0.0,711.6027929400016
113.65041255599999,-2.8167435337440168,-19.794912215232,-15.0,2.07151237668,-0.2945108879040022,0.0,711.902475336
113.70039794800005,-2.712973859951906,-19.808508241856014,-15.0,2.0730119384400014,-0.2837140432319903,0.0,712.2023876880003
113.75027264800019,-2.6094339827516033,-19.822074160256054,-15.0,2.0745081794400058,-0.2729411080319584,0.0,712.5016358880011
113.80008214500003,-2.5060294669799315,-19.83562234344001,-15.0,2.076002464350001,-0.2621822566799921,0.0,712.8004928700002
113.85027871800003,-2.4018213814319442,-19.849275811296007,-15.0,2.077508361540001,-0.25133979691199304,0.0,713.1016723080002
113.90119548200028,-2.296118179367428,-19.863125171104077,-15.0,2.079035864460008,-0.24034177588793892,0.0,713.4071728920017
113.95036355999991,-2.194045249440178,-19.876498888319976,-15.0,2.080510906799997,-0.22972147104001656,0.0,713.7021813599995
114.00017676800007,-2.0906309084158456,-19.890029343488013,-15.0,2.082003181824001,-0.21896146457598153,0.0,714.0010606080004
114.05106423400002,-1.9843778794079519,-19.898476662844004,-15.0,2.082919156212,-0.20786799698799277,0.0,714.3063854040001
114.10041814400029,-1.8813269153274015,-19.906669411904048,-15.0,2.0838075265920053,-0.19710884460793549,0.0,714.6025088640017
114.15074613300021,-1.7762420742955585,-19.915023858078037,-15.0,2.084713430394004,-0.18613734300595206,0.0,714.9044767980013
114.20061079800007,-1.6721246537758525,-19.923301392468012,-15.0,2.0856109943640013,-0.17526684603598297,0.0,715.2036647880004
114.2508204640003,-1.5672868711673764,-19.931636197024048,-15.0,2.0865147683520053,-0.16432113884793342,0.0,715.5049227840018
114.30093079800008,-1.4626564937758304,-19.939954512468013,-15.0,2.0874167543640016,-0.153397086035981,0.0,715.8055847880005
114.35108068399995,-1.3579435318080977,-19.94827939354399,-15.0,2.0883194523119992,-0.1424644108880091,0.0,716.1064841039997
114.40015851099997,-1.2554690290320578,-19.956426312825993,-15.0,2.0892028531979996,-0.13176544460200512,0.0,716.4009510659998
114.45105697899999,-1.1491930278480287,-19.964875458513998,-15.0,2.0901190256219997,-0.12066957857800224,0.0,716.7063418739999
114.50032277800028,-1.0463241028674102,-19.973017430012014,-15.0,2.0910019366680017,-0.10992898883993746,0.0,717.0019366680017
114.55098048700029,-0.9402468602213966,-19.975752946298016,-15.0,2.091305882922002,-0.0987842928599361,0.0,717.3058829220017
114.60063150900032,-0.8362776201533242,-19.978434101486016,-15.0,2.0916037890540022,-0.08786106801992855,0.0,717.6037890540019
114.65079945100024,-0.7312259496054994,-19.981143170354013,-15.0,2.0919047967060016,-0.07682412077994702,0.0,717.9047967060014
114.7005831649999,-0.6269788524902132,-19.983831490909992,-15.0,2.0922034989899996,-0.06587170370002207,0.0,718.2034989899994
114.75019137500021,-0.5230992607495536,-19.98651033425001,-15.0,2.092501148250001,-0.05495789749995282,0.0,718.5011482500013
114.80029163300014,-0.4181893204977013,-19.98921574818201,-15.0,2.0928017497980007,-0.043935840739968396,0.0,718.8017497980009
114.85035889100027,-0.31334848224543654,-19.991919380114012,-15.0,2.0931021533460017,-0.03292104397994064,0.0,719.1021533460016
114.90066230499997,-0.2080131333300651,-19.994635764469997,-15.0,2.0934039738299997,-0.021854292900006733,0.0,719.4039738299998
114.95032296699992,-0.10402370710216746,-19.997317440217994,-15.0,2.0937019378019994,-0.010928947260017544,0.0,719.7019378019995
115.00056900800018,0.0011915027523855314,-19.99996927356799,-15.0,2.0939965859519987,0.0001251817600405041,0.0,720.0034140480011
115.05034131799994,0.10541471989186811,-19.997281568828004,-15.0,2.0936979520920005,0.011075089959986087,0.0,720.3020479079996
115.10049559100025,0.21043776755453109,-19.994573238085987,-15.0,2.0933970264539985,0.022109030020055685,0.0,720.6029735460015
115.15054488500027,0.3152409891905699,-19.991870576209983,-15.0,2.0930967306899984,0.03311987470005971,0.0,720.9032693100016
115.20099353700016,0.42088046647833194,-19.98914634900199,-15.0,2.092794038777999,0.04421857814003465,0.0,721.205961222001
115.25049415100011,0.524534752194234,-19.986473315845995,-15.0,2.0924970350939995,0.0551087132200243,0.0,721.5029649060007
115.30025541100031,0.6287348306346439,-19.983786207805984,-15.0,2.0921984675339984,0.06605619042006732,0.0,721.8015324660018
115.35057109099989,0.7340958645537748,-19.981069161086005,-15.0,2.091896573454001,0.07712564001997595,0.0,722.1034265459994
115.40063267000005,0.8389248109801046,-19.978365835819996,-15.0,2.09159620398,0.08813918740001055,0.0,722.4037960200003
115.45025369099994,0.9428312289538816,-19.975686300686004,-15.0,2.0912984778540005,0.09905581201998706,0.0,722.7015221459997
115.50099688099999,1.0490814875279828,-19.972834517754002,-15.0,2.0909820561420003,0.11021732005799766,0.0,723.005981286
115.55108948900033,1.153674853032695,-19.964519144825942,-15.0,2.090080389197994,0.12113750860207181,0.0,723.306536934002
115.60069236800018,1.2572456643843797,-19.95628506691197,-15.0,2.089187537375997,0.13195093622403872,0.0,723.6041542080011
115.65073955900016,1.3617441991923296,-19.94797723320597,-15.0,2.0882866879379973,0.14286122386203332,0.0,723.904437354001
115.70057948300018,1.4658099605043826,-19.93970380582197,-15.0,2.087389569305997,0.15372632729403865,0.0,724.2034768980011
115.75022497300006,1.5694697436241223,-19.93146265448199,-15.0,2.086495950485999,0.16454904411401128,0.0,724.5013498380004
115.80106161899994,1.6756166604718712,-19.92302377124601,-15.0,2.085580890858001,0.17563143294198488,0.0,724.8063697139996
115.85071360300026,1.7792900030645398,-19.914781541901956,-15.0,2.0846871551459953,0.1864555654540545,0.0,725.1042816180016
115.90054117399995,1.883329971311905,-19.906510165116007,-15.0,2.083790258868001,0.19731797593198808,0.0,725.4032470439997
115.95040194000012,1.9874392507202503,-19.89823327795998,-15.0,2.0828927650799978,0.20818762292002393,0.0,725.7024116400007
116.000232891,2.0914834817159917,-19.889936653648,-15.0,2.08199301327,0.21905030445599677,0.0,726.001397346
116.05040805199997,2.19564711595193,-19.87628900985601,-15.0,2.080487758440001,0.22988813923199072,0.0,726.3024483119998
116.1009905410001,2.30065636311621,-19.862530572847973,-15.0,2.078970283769997,0.2408139568560203,0.0,726.6059432460006
116.15064858999995,2.403746472839888,-19.849023583520015,-15.0,2.0774805423000013,0.25154009543998723,0.0,726.9038915399997
116.20026784900028,2.506756054524589,-19.835527145071925,-15.0,2.0759919645299916,0.26225785538406055,0.0,727.2016070940017
116.25069233900012,2.611437295764259,-19.821811683791967,-15.0,2.074479229829996,0.2731495452240266,0.0,727.5041540340007
116.30011050800022,2.714029414608449,-19.80836994182394,-15.0,2.0729966847599934,0.2838238697280468,0.0,727.8006630480013
116.35030231600012,2.8182276080162594,-19.794717770047967,-15.0,2.0714909305199964,0.2946653002560275,0.0,728.1018138960007
116.40056744499998,2.9225780158199557,-19.781045654960007,-15.0,2.069982976650001,0.30552256811999634,0.0,728.4034046699999
116.45022286700032,3.0256626718926656,-19.767539380175915,-15.0,2.0684933139899906,0.31624813927207057,0.0,728.7013372020019
116.5007253419999,3.130492753835786,-19.75372291935604,-15.0,2.0669709863200043,0.3271566738719793,0.0,729.0043520519994
116.55063764400029,3.233212271352596,-19.73465641999189,-15.0,2.064974494239989,0.33793773110406433,0.0,729.3038258640017
116.6011351279999,3.3371360934237866,-19.71536638110404,-15.0,2.0629545948800043,0.34884518764797945,0.0,729.6068107679994
116.65046363600004,3.438654162888083,-19.696522891047984,-15.0,2.0609814545599985,0.3595001453760106,0.0,729.9027818160002
116.70017873500001,3.540967836630018,-19.677531723229997,-15.0,2.0589928505999997,0.3702386067600038,0.0,730.20107241
116.75041399800011,3.6443520078842324,-19.658341852763957,-15.0,2.056983440079996,0.3810894235680264,0.0,730.5024839880007
116.8003431709999,3.747106245917784,-19.63926890867804,-15.0,2.0549862731600044,0.3918741249359794,0.0,730.8020590259994
116.8509365130003,3.8512273437546303,-19.619942252033884,-15.0,2.0529625394799877,0.40280228680806823,0.0,731.1056190780018
116.90074296000012,3.953729011680239,-19.600916189279953,-15.0,2.0509702815999957,0.4135604793600272,0.0,731.4044577600007
116.95022211200012,4.055557106496247,-19.582015153215952,-15.0,2.0489911155199954,0.42424797619202803,0.0,731.7013326720007
117.00115629600032,4.1603542186566465,-19.562435727551843,-15.0,2.0469421851999843,0.4352474473440702,0.0,732.0069377760019
117.05078210200008,4.261392359672173,-19.53821833422396,-15.0,2.044460894899996,0.44586736982801994,0.0,732.3046926120005
117.10080226900027,4.363233419684548,-19.51380849272787,-15.0,2.0419598865499866,0.456571685566059,0.0,732.6048136140016
117.15095932900022,4.4653531938444395,-19.489331847447893,-15.0,2.0394520335499893,0.4673052964060472,0.0,732.9057559740013
117.20061069300027,4.566443370948553,-19.465101981815867,-15.0,2.036969465349986,0.4779306883020587,0.0,733.2036641580016
117.25073294999993,4.6684922861998555,-19.440642320400034,-15.0,2.034463352500003,0.4886568512999849,0.0,733.5043976999996
117.300736529,4.770299573044011,-19.416240573847997,-15.0,2.0319631735499994,0.49935761720600086,0.0,733.804419174
117.35080510000034,4.8722391836006995,-19.39180711119983,-15.0,2.0294597449999823,0.5100722914000728,0.0,734.1048306000021
117.40107787900024,4.97459456164449,-19.36727399504788,-15.0,2.0269461060499876,0.5208306661060503,0.0,734.4064672740014
117.45111244400005,5.076464935984093,-19.342857127327978,-15.0,2.024444377799997,0.5315380630160083,0.0,734.7066746640003
117.50081426499992,5.1776350441198336,-19.31851469806005,-15.0,2.0219495155700047,0.5421709956499806,0.0,735.0048855899995
117.55022502100019,5.2768518421683765,-19.289065887483886,-15.0,2.0188860486979876,0.5525472544100375,0.0,735.3013501260011
117.60107629100003,5.378961192328053,-19.258758530563984,-15.0,2.0157332699579977,0.5632260211100037,0.0,735.6064577460002
117.65072891499995,5.47866366131989,-19.229165566660033,-15.0,2.012654807270003,0.5736530721499866,0.0,735.9043734899997
117.70066763500017,5.578940611080347,-19.1994020895399,-15.0,2.0095586066299886,0.5841402033500345,0.0,736.204005810001
117.75098426800014,5.679976410144278,-19.16941337627192,-15.0,2.006438975383991,0.5947066962800274,0.0,736.5059056080008
117.80099552699994,5.780399018215881,-19.139606665908037,-15.0,2.0033382773260033,0.6052090606699859,0.0,736.8059731619996
117.85038346200008,5.8795699916961635,-19.11017145664795,-15.0,2.0002762253559947,0.6155805270200154,0.0,737.1023007720005
117.90036610700008,5.979935142856164,-19.08038180022795,-15.0,1.9971773013659946,0.6260768824700156,0.0,737.4021966420005
117.95114442400018,6.081898003392354,-19.050117923295897,-15.0,1.9940290457119887,0.6367403290400355,0.0,737.7068665440011
118.00021147000007,6.180417441780133,-19.020852393939954,-15.0,1.9909847741599949,0.6470435628200124,0.0,738.0012688200004
118.05109696,6.280865399039991,-18.985334321920003,-15.0,1.9873210188800001,0.6575259737599977,0.0,738.30658176
118.10117340900024,6.379716309366472,-18.950380960517833,-15.0,1.9837155145519825,0.667841722254048,0.0,738.6070404540014
118.15105125400032,6.478175175396635,-18.915566224707774,-15.0,1.9801243097119765,0.6781165583240653,0.0,738.9063075240019
118.20026444900031,6.575322022326621,-18.88121541459778,-15.0,1.9765809596719772,0.6882544764940639,0.0,739.2015866940019
118.25035343200034,6.674197674768667,-18.846253304463765,-15.0,1.9729745528959755,0.6985728069920689,0.0,739.502120592002
118.30056527900024,6.773315860746471,-18.811205435257833,-15.0,1.9693592999119827,0.7089164474740486,0.0,739.8033916740014
118.350675744,6.872233918656,-18.776228330688,-15.0,1.965751346432,0.7192392032639996,0.0,740.104054464
118.40079188500022,6.971163180990429,-18.741247264269848,-15.0,1.9621429842799845,0.7295631283100444,0.0,740.4047513100013
118.45024845200032,7.068790444248639,-18.706726580503776,-15.0,1.9585821114559767,0.7397511811120665,0.0,740.7014907120019
118.50017936199993,7.1673472448318565,-18.67185615167606,-15.0,1.9549849335920062,0.7500365898479849,0.0,741.0010761719996
118.55037684800027,7.264529577728521,-18.631597767903784,-15.0,1.9507683447679776,0.7602768769920549,0.0,741.3022610880016
118.60080027699996,7.362149336271926,-18.59115817784603,-15.0,1.9465327767320033,0.7705632565079923,0.0,741.6048016619998
118.65030852000018,7.457997294720349,-18.551452566959856,-15.0,1.942374084319985,0.780662938080037,0.0,741.9018511200011
118.70042106100027,7.555015174096523,-18.511262309077782,-15.0,1.9381646308759775,0.7908858964440553,0.0,742.2025263660016
118.75055409800007,7.652072733728128,-18.471055613403948,-15.0,1.9339534557679947,0.8011130359920137,0.0,742.5033245880004
118.80021462400009,7.748215512064176,-18.43122787155193,-15.0,1.9297819715839926,0.8112437832960188,0.0,742.8012877440005
118.85022159000027,7.84502899824053,-18.39112228481978,-15.0,1.9255813864399771,0.8214452043600561,0.0,743.1013295400016
118.90089258300031,7.943128040688607,-18.35048414843375,-15.0,1.921325023027974,0.8317820869320642,0.0,743.4053554980019
118.95047435100014,8.039118343536268,-18.310719570497888,-15.0,1.9171601545159886,0.8418967676040287,0.0,743.7028461060008
119.00113129800002,8.137138153220034,-18.269979569203983,-15.0,1.9128913953919986,0.852221734408004,0.0,744.0067877880001
119.05120680900018,8.231780869010336,-18.22481145828184,-15.0,1.9080841463359832,0.8620365345640351,0.0,744.3072408540011
119.10298499600003,8.32964164244006,-18.17810753360797,-15.0,1.903113440383997,0.8721850592160064,0.0,744.6179099760002
119.15069975699998,8.41982254072997,-18.135068819186014,-15.0,1.8985328233280019,0.8815371523719968,0.0,744.9041985419999
119.20157359800032,8.51597410022061,-18.08918061460371,-15.0,1.8936489345919691,0.8915084252080632,0.0,745.2094415880019
119.2513495359999,8.610050623039823,-18.044282718528084,-15.0,1.8888704445440092,0.9012645090559815,0.0,745.5080972159994
119.30375700600007,8.70910074134013,-17.99701118058794,-15.0,1.8838393274239935,0.9115363731760132,0.0,745.8225420360004
119.35087655200005,8.798156683280085,-17.95450935009596,-15.0,1.879315851007996,0.9207718041920084,0.0,746.1052593120003
119.40126864400008,8.893397737160157,-17.909055683111927,-15.0,1.8744782101759923,0.9306486542240159,0.0,746.4076118640005
119.45033365000018,8.986130598500331,-17.864799047699844,-15.0,1.8697679695999834,0.9402653954000337,0.0,746.702001900001
119.5026421120001,9.08486148608019,-17.817363172223896,-15.0,1.8647252203519895,0.9505125697280193,0.0,747.0158526720006
119.5507419720002,9.17336522848036,-17.769359511943804,-15.0,1.8597228349119799,0.9598439425680375,0.0,747.3044518320012
119.60064347100024,9.26518398664044,-17.719557815941762,-15.0,1.8545330790159753,0.969524833374046,0.0,747.6038608260014
119.6501525890003,9.356280763760552,-17.670147716177702,-15.0,1.8493841307439691,0.9791296022660578,0.0,747.9009155340018
119.70026086000007,9.448479982400132,-17.62013966171993,-15.0,1.844172870559993,0.9888506068400136,0.0,748.2015651600004
119.75049750200014,9.540915403680264,-17.570003493003856,-15.0,1.8389482597919855,0.9985965153880278,0.0,748.5029850120009
119.80059712899993,9.633098717359863,-17.520004065258075,-15.0,1.8337378985840083,1.0083158430259855,0.0,748.8035827739996
119.85084723,9.7255589032,-17.469854464460003,-15.0,1.8285118880800006,1.01806436262,0.0,749.10508338
119.90058351100015,9.817073660240276,-17.42021765602185,-15.0,1.8233393148559849,1.0277132011340293,0.0,749.4035010660009
119.95045613000002,9.908839279200038,-17.37044478225998,-15.0,1.8181525624799983,1.0373884892200045,0.0,749.7027367800001
120.00092937,10.001659854819989,-17.319981410480008,-15.0,1.8128940518200012,1.0471747215599996,0.0,750.00557622
120.05022151499998,10.089695625789956,-17.26595721956003,-15.0,1.8072747472900033,1.056441644819996,0.0,750.3013290899999
120.10021093700016,10.17897673348228,-17.21116881304783,-15.0,1.8015759531819828,1.0658396561560302,0.0,750.6012656220009
120.15060587800008,10.26898209810814,-17.155935957711915,-15.0,1.7958309299079915,1.0753139050640157,0.0,750.9036352680005
120.20076160200006,10.358560221172102,-17.100965284207938,-15.0,1.790113177371994,1.0847431811760118,0.0,751.2045696120003
120.25071542100022,10.447777741906398,-17.046215898583757,-15.0,1.784418442005975,1.094134499148043,0.0,751.5042925260013
120.30062982200025,10.536924862092441,-16.99150971508773,-15.0,1.7787282002919722,1.1035184065360477,0.0,751.8037789320015
120.35028846100022,10.625615191346391,-16.93708384674376,-15.0,1.7730671154459754,1.1128542306680425,0.0,752.1017307660013
120.4002394879999,10.714827725567817,-16.882337521152113,-15.0,1.767372698368012,1.1222450237439823,0.0,752.4014369279994
120.45082496100031,10.80517338034655,-16.826895842743664,-15.0,1.7616059544459652,1.1317550926680595,0.0,752.7049497660018
120.50065690200017,10.8941338128523,-16.772220914227795,-15.0,1.7559172303479784,1.1411169285560328,0.0,753.003941412001
120.55088735200025,10.980831569552423,-16.71264760052771,-15.0,1.7495881936479694,1.1500579486560454,0.0,753.3053241120015
120.60120434400005,11.06767869774409,-16.65297164801594,-15.0,1.7432482526559936,1.1590143732320108,0.0,753.6072260640003
120.650100544,11.152073538943995,-16.594980754816003,-15.0,1.7370873314560005,1.1677178968320008,0.0,753.900603264
120.70047226299994,11.239015125937893,-16.535239896082075,-15.0,1.7307404948620078,1.17668406281399,0.0,754.2028335779996
120.7503306460003,11.325070694996507,-16.47610785384365,-15.0,1.724458338603963,1.1855588549880534,0.0,754.5019838760018
120.80014173900008,11.411044641514144,-16.4170318975459,-15.0,1.7181821408859894,1.1944252295420157,0.0,754.8008504340005
120.85089472500022,11.498644295350374,-16.356838856149743,-15.0,1.7117872646499726,1.2034592610500394,0.0,755.1053683500013
120.90152782800033,11.586037031128562,-16.296787995991615,-15.0,1.7054074936719588,1.2124719533840587,0.0,755.409166968002
120.95036948100005,11.67033772420609,-16.23886179553394,-15.0,1.6992534453939931,1.2211657676180099,0.0,755.7022168860003
121.00038795299997,11.756644001979954,-16.179505747878036,-15.0,1.6929487902040032,1.2300675038219955,0.0,756.0023277179998
121.05120208300013,11.840995457780224,-16.114768546257828,-15.0,1.6862413250439818,1.2389091624420239,0.0,756.3072124980008
121.10029694900004,11.922492935340067,-16.05222168697395,-15.0,1.6797608027319944,1.2474516691260074,0.0,756.6017816940002
121.15049715100031,12.005825270660512,-15.988266629625606,-15.0,1.6731343760679587,1.256186504274054,0.0,756.9029829060019
121.200477159,12.088792083940003,-15.924592099433998,-15.0,1.6665370150119991,1.2648830256660006,0.0,757.202862954
121.25068108999994,12.172130609399908,-15.860632291340071,-15.0,1.6599100961200066,1.2736185096599906,0.0,757.5040865399997
121.30117249600016,12.255946343360272,-15.796306240095792,-15.0,1.6532452305279777,1.2824040143040287,0.0,757.807034976001
121.35027396900023,12.337454788540377,-15.73375096349371,-15.0,1.6467638360919692,1.2909476706060399,0.0,758.1016438140014
121.40088826200008,12.421474514920133,-15.669268354211898,-15.0,1.6400827494159884,1.2997545575880143,0.0,758.4053295720005
121.45022817500012,12.5033787705002,-15.606409305049846,-15.0,1.633569880899983,1.3083397024500212,0.0,758.7013690500007
121.50048727700005,12.586776719538076,-15.542337303279934,-15.0,1.6269308066659922,1.3170818625360081,0.0,759.0029236620003
121.55044134200034,12.666403499148542,-15.474399774879537,-15.0,1.6198373294359507,1.3254741454560572,0.0,759.302648052002
121.60030118000032,12.745880080920502,-15.40659039519957,-15.0,1.6127572324399542,1.333850598240053,0.0,759.6018070800019
121.65033121100032,12.82562795033451,-15.338549553039563,-15.0,1.6056529680379534,1.342255643448054,0.0,759.9019872660019
121.70091658599995,12.906261038083917,-15.26975344304007,-15.0,1.5984698447880064,1.3507539864479914,0.0,760.2054995159997
121.75029388300027,12.984968449502427,-15.202600319119636,-15.0,1.5914582686139611,1.3590493723440449,0.0,760.5017632980016
121.80102208400012,13.065829201896197,-15.133609965759831,-15.0,1.5842548640719816,1.3675717101120208,0.0,760.8061325040007
121.85159353300014,13.146440091602225,-15.064832795119807,-15.0,1.5770737183139791,1.3760677135440236,0.0,761.1095611980008
121.90039568600014,13.224230723484219,-14.998461867039811,-15.0,1.5701438125879794,1.3842664752480232,0.0,761.4023741160008
121.95048882600031,13.304079188644494,-14.930335196639579,-15.0,1.563030586707955,1.392682122768052,0.0,761.7029329560019
122.00072746100022,13.384104285798339,-14.861951001237676,-15.0,1.5558894259279652,1.4011149388380353,0.0,762.0043647660013
122.052092163,13.462075903433995,-14.787883100954003,-15.0,1.5480819912239996,1.4092305617539995,0.0,762.312552978
122.10140666799998,13.536935322023972,-14.716771584744027,-15.0,1.5405861864640022,1.417022253543997,0.0,762.6084400079999
122.15079751400026,13.611910626252394,-14.645549984811625,-15.0,1.5330787778719601,1.4248260072120411,0.0,762.9047850840016
122.20072937500026,13.6877071912504,-14.573548241249618,-15.0,1.5254891349999595,1.432715241250042,0.0,763.2043762500016
122.25015223200035,13.762731088176524,-14.5022804814555,-15.0,1.5179768607359472,1.4405240526560548,0.0,763.5009133920021
122.3011211070002,13.840101840426302,-14.428783363705712,-15.0,1.5102295917359696,1.4485771349060317,0.0,763.8067266420012
122.35052043900032,13.915090026402485,-14.357549526961538,-15.0,1.5027208932719514,1.4563822293620508,0.0,764.1031226340019
122.40027732499993,13.990620979349899,-14.285800097350094,-15.0,1.4951578466000102,1.4642438173499899,0.0,764.4016639499996
122.45059728600017,14.067006680148264,-14.213238713587748,-15.0,1.4875092125279736,1.4721943711880279,0.0,764.703583716001
122.50022221800009,14.14232043835613,-14.141662673075864,-15.0,1.4799648895559863,1.4800337771360141,0.0,765.0013333080005
122.55087662899996,14.21536409901794,-14.064769277178062,-15.0,1.471961492618007,1.487733247607994,0.0,765.3052597739998
122.60039896800026,14.28677531185638,-13.9895943665756,-15.0,1.4641369630559586,1.4952606431360402,0.0,765.6023938080016
122.65092181799992,14.359629261555877,-13.912900680276127,-15.0,1.4561543527560137,1.5029401163359872,0.0,765.9055309079995
122.70022816100027,14.430729008162386,-13.838053651601593,-15.0,1.4483639505619579,1.5104346804720408,0.0,766.2013689660016
122.75075736500003,14.503592120330039,-13.761350319929958,-15.0,1.4403803363299958,1.5181151194800038,0.0,766.5045441900003
122.80021697200027,14.57491287362439,-13.686270636503588,-15.0,1.4325657184239573,1.5256329797440409,0.0,766.8013018320017
122.85085512100022,14.64793308448232,-13.609401926321661,-15.0,1.4245648908819648,1.5333299783920333,0.0,767.1051307260014
122.90098070600015,14.720214178052222,-13.533311288291763,-15.0,1.4166450484519755,1.540949067312023,0.0,767.405884236001
122.95035669500021,14.791414354190302,-13.458358536989682,-15.0,1.4088436421899668,1.548454217640031,0.0,767.7021401700014
123.00076385000011,14.864038836000152,-13.381782423099821,-15.0,1.400871673199981,1.5561084667000151,0.0,768.0045831000008
123.05083793500035,14.93213959160047,-13.30196433160945,-15.0,1.3924592269199418,1.5632189867700481,0.0,768.3050276100022
123.10078734300032,15.000070786480435,-13.222344975257489,-15.0,1.384067726375946,1.5703118027060445,0.0,768.604724058002
123.15059401000008,15.067807853600105,-13.142953148059876,-15.0,1.375700206319987,1.57738434942001,0.0,768.9035640600006
123.20398676200011,15.140421996320153,-13.05784510137182,-15.0,1.366730223983981,1.584966120204015,0.0,769.2239205720008
123.2519692169999,15.205678135119857,-12.981361068102165,-15.0,1.3586691715440173,1.5917796288139843,0.0,769.5118153019994
123.30050770600019,15.271690480160258,-12.903990716635697,-15.0,1.3505147053919682,1.5986720942520258,0.0,769.8030462360011
123.35064260900026,15.339873948240355,-12.824075681253584,-15.0,1.3420920416879563,1.605791250478036,0.0,770.1038556540016
123.40049776700016,15.407676963120219,-12.744606559401744,-15.0,1.3337163751439731,1.6128706829140218,0.0,770.402986602001
123.45275145599999,15.478741980159981,-12.66131417913602,-15.0,1.3249377553920023,1.6202907067519972,0.0,770.7165087359999
123.50036652100016,15.543466947754203,-12.585391575139734,-15.0,1.3169362253459724,1.62704838077202,0.0,771.002199126001
123.55092567500014,15.607879309950183,-12.50146337949976,-15.0,1.308138932549975,1.633722189100018,0.0,771.3055540500009
123.60022441799993,15.670685908531905,-12.419627466120124,-15.0,1.2995609512680133,1.6402296231759892,0.0,771.6013465079996
123.65039970099997,15.73460921907396,-12.336336496340051,-15.0,1.2908304520260057,1.6468527605319951,0.0,771.9023982059998
123.70035732499991,15.79825523204989,-12.253406840500144,-15.0,1.2821378254500153,1.6534471668999877,0.0,772.2021439499995
123.75032953300024,15.861919825042305,-12.170452975219602,-15.0,1.2734426612579586,1.660043498356031,0.0,772.5019771980014
123.80079039600014,15.926206964504177,-12.08668794263977,-15.0,1.2646624710959762,1.6667043322720176,0.0,772.8047423760008
123.85085519099994,15.989989513333919,-12.003580382940106,-15.0,1.2559511967660113,1.6733128852119912,0.0,773.1051311459996
123.90068638100001,16.053474449394017,-11.920860607539977,-15.0,1.2472805697059979,1.6798906022920013,0.0,773.4041182860001
123.95073783399994,16.11724000051592,-11.837775195560104,-15.0,1.2385716168840113,1.6864973940879913,0.0,773.7044270039996
124.00007860400001,16.18009322434401,-11.755864329495983,-15.0,1.2299860084879988,1.6930099041040008,0.0,774.000471624
124.05061391300023,16.24002810081828,-11.668640386161597,-15.0,1.220990723485959,1.6993773530380292,0.0,774.3036834780014
124.10048526300034,16.2991755219184,-11.58256243606142,-15.0,1.2121136231859406,1.7056611431380422,0.0,774.602911578002
124.15084045999993,16.358896785559914,-11.495649366040126,-15.0,1.2031503981200138,1.7120058979599906,0.0,774.9050427599996
124.20087370800002,16.41823621768802,-11.40929197999197,-15.0,1.194244479975998,1.7183100872080022,0.0,775.2052422480001
124.25091978899991,16.477590869753893,-11.322912444186159,-15.0,1.1853362775580174,1.7246158934139884,0.0,775.5055187339995
124.30061031700006,16.536523835962075,-11.23714659285789,-15.0,1.1764913635739898,1.730876899942008,0.0,775.8036619020004
124.3503781280001,16.59554845980812,-11.151247351071824,-15.0,1.1676326932159833,1.737147644128013,0.0,776.1022687680006
124.40125380600011,16.655887013916136,-11.063435930843806,-15.0,1.1585768225319812,1.7435579795560143,0.0,776.4075228360007
124.4504793000001,16.714268449800116,-10.978472728199833,-15.0,1.1498146845999844,1.7497603918000124,0.0,776.7028758000006
124.50067207100028,16.77373658981631,-10.891799681193499,-15.0,1.140873650651949,1.7560766160940322,0.0,777.0040324260017
124.55017334900003,16.827989990504037,-10.803390398685941,-15.0,1.1315674103879954,1.761719761786004,0.0,777.3010400940002
124.60058593600024,16.88324218585627,-10.713353518303567,-15.0,1.1220898440319558,1.767466796704028,0.0,777.6035156160015
124.65019942300023,16.937618567608254,-10.624743830521588,-15.0,1.112762508475958,1.7731227342220266,0.0,777.9011965380014
124.70092218500031,16.993210714760338,-10.53415297758945,-15.0,1.1032266292199433,1.7789051290900355,0.0,778.2055331100019
124.75015297100026,17.04716765621629,-10.446226793793533,-15.0,1.093971241451952,1.7845174386940301,0.0,778.5009178260016
124.80104296200034,17.102943086352372,-10.355337269867396,-15.0,1.0844039231439375,1.790318897668039,0.0,778.806257772002
124.85012337200033,17.15673521571236,-10.267679657607419,-15.0,1.0751768060639397,1.7959140644080376,0.0,779.100740232002
124.90032997900016,17.21176165698418,-10.17801065750571,-15.0,1.0657379639479703,1.801637617606019,0.0,779.401979874001
124.95065538900008,17.266918306344085,-10.088129475245864,-15.0,1.0562767868679863,1.8073747143460093,0.0,779.7039323340005
125.00065346700012,17.321652160066122,-9.99879762071978,-15.0,1.0468732274019772,1.8130679605680131,0.0,780.0039208020007
125.05034979900029,17.371249099402288,-9.907356369839471,-15.0,1.0372321389939447,1.8182363790960305,0.0,780.3020987940017
125.10024425000029,17.42104376150029,-9.815550579999472,-15.0,1.0275526154999446,1.8234254020000304,0.0,780.6014655000017
125.150520357,17.471219316286007,-9.723042543119991,-15.0,1.0177990507419992,1.828654117128001,0.0,780.903122142
125.2008703219999,17.5214685813559,-9.630398607520183,-15.0,1.0080311575320193,1.8338905134879901,0.0,781.2052219319994
125.25056128100005,17.571060158438048,-9.538967242959917,-15.0,0.998391111485991,1.8390583732240051,0.0,781.5033676860003
125.30024788800029,17.620647392224285,-9.447543886079474,-15.0,0.9887519097279445,1.84422578035203,0.0,781.8014873280017
125.35220711900001,17.672502704762014,-9.351938901039976,-15.0,0.9786718189139971,1.8496295403760017,0.0,782.1132427140001
125.40048629500006,17.720685322410066,-9.263105217199882,-15.0,0.9693056587699871,1.854650574680007,0.0,782.4029177700004
125.45072802999994,17.77082657393994,-9.170660424800117,-15.0,0.9595587621800117,1.8598757151199936,0.0,782.7043681799996
125.50175575899993,17.821583694617942,-9.076681615490125,-15.0,0.9496558712360121,1.8651685528639939,0.0,783.0105345539996
125.5516916470001,17.866625865594088,-8.982302787169814,-15.0,0.9398684371879802,1.8699623981120097,0.0,783.3101498820006
125.60036896400015,17.91053280552814,-8.890302658039708,-15.0,0.9303276830559694,1.874635420544015,0.0,783.6022137840009
125.65095861400005,17.95616466982804,-8.794688219539912,-15.0,0.9204121116559905,1.8794920269440047,0.0,783.9057516840003
125.70060339400015,18.00094426138814,-8.700859585339709,-15.0,0.9106817347759695,1.884257925824015,0.0,784.2036203640009
125.75067359200011,18.046107579984103,-8.606226911119789,-15.0,0.9008679759679779,1.889064664832011,0.0,784.5040415520008
125.80140688200026,18.091869007564238,-8.510340993019499,-15.0,0.890924251127948,1.8939350606720258,0.0,784.8084412920017
125.85073352000018,18.13636163504016,-8.417113647199667,-15.0,0.8812562300799655,1.8986704179200171,0.0,785.1044011200012
125.90112768800009,18.18181717457608,-8.321868669679834,-15.0,0.8713789731519829,1.9035082580480087,0.0,785.4067661280006
125.95236606900016,18.22803419423815,-8.225028129589692,-15.0,0.8613362504759682,1.908427142624016,0.0,785.7141964140011
126.00142269700018,18.272141002994147,-8.132245658607651,-15.0,0.8517097698119636,1.9131195065480153,0.0,786.0085361820012
126.05208227899993,18.312769987757946,-8.03416870785613,-15.0,0.8413752150840139,1.9173749114359946,0.0,786.3124936739997
126.10103686599996,18.352031566531966,-7.9393926274240805,-15.0,0.8313884793360087,1.9214870967439968,0.0,786.6062211959999
126.15054532800013,18.391737353056108,-7.8435442449917385,-15.0,0.8212887530879728,1.9256458075520115,0.0,786.9032719680009
126.2005072400002,18.431806806480168,-7.7468179833596,-15.0,0.811096523039958,1.9298426081600175,0.0,787.2030434400014
126.25062739500027,18.472003170790213,-7.649785363279486,-15.0,0.8008720114199461,1.9340527011800224,0.0,787.5037643700016
126.30069542899992,18.512157734057933,-7.552853649456162,-15.0,0.7906581324840173,1.938258416035993,0.0,787.8041725739995
126.35029372100007,18.551935564242058,-7.456831356143862,-15.0,0.7805400809159856,1.9424246725640062,0.0,788.1017623260004
126.40085749900027,18.592487714198214,-7.358939881935482,-15.0,0.7702250702039456,1.9466720299160225,0.0,788.4051449940016
126.45118695100018,18.632851934702146,-7.261502062863649,-15.0,0.759957861995963,1.9508997038840152,0.0,788.7071217060011
126.50063203500031,18.672441160430214,-7.165752362909392,-15.0,0.7498698007899366,1.9550455065200223,0.0,789.0037922100018
126.5512067919999,18.707742340815933,-7.065917792592192,-15.0,0.7394514008480199,1.958686889023993,0.0,789.3072407519994
126.60026149400028,18.741982522812194,-6.96908381084345,-15.0,0.7293461322359422,1.9622188275680201,0.0,789.6015689640017
126.65096492300017,18.777373516254123,-6.868995241997656,-15.0,0.7189012258619637,1.9658694744560126,0.0,789.905789538001
126.70114843800002,18.812401609724013,-6.769932983387964,-15.0,0.7085634217719956,1.9694826875360012,0.0,790.2068906280001
126.75022193199993,18.846654908535953,-6.673061906232135,-15.0,0.6984542820080134,1.973015979103995,0.0,790.5013315919996
126.80072776599991,18.881907980667936,-6.573363389916179,-15.0,0.6880500802040178,1.9766523991519933,0.0,790.8043665959995
126.85021228799997,18.916448177023977,-6.475680943488067,-15.0,0.6778562686720059,1.9802152847359973,0.0,791.1012737279998
126.90043637600002,18.95150459044801,-6.376538593775968,-15.0,0.6675101065439955,1.983831419072001,0.0,791.4026182560001
126.95106533200033,18.98684360173623,-6.276597034631357,-15.0,0.6570805416079315,1.987476703904023,0.0,791.706391992002
127.00126908500033,19.0217563746602,-6.177451677319335,-15.0,0.6467334921499289,1.9910786832700202,0.0,792.007614510002
127.05182145900017,19.0518855895641,-6.075942510327666,-15.0,0.6361174936099635,1.9942129304580098,0.0,792.310928754001
127.10026960999994,19.080760687559966,-5.9786586231201175,-15.0,0.6259433819000108,1.997216715819996,0.0,792.6016176599996
127.15081210000017,19.1108840116001,-5.877169303199666,-15.0,0.6153294589999634,2.00035035020001,0.0,792.904872600001
127.20028855500004,19.140371978780024,-5.777820581559914,-15.0,0.6049394034499893,2.0034178904100024,0.0,793.2017313300003
127.251001438,19.170596857048,-5.675989112495994,-15.0,0.5942896980199976,2.0065620891559997,0.0,793.506008628
127.30109849600012,19.200454703616074,-5.575394220031754,-15.0,0.5837693158399725,2.0096681067520072,0.0,793.8065909760007
127.35035841200033,19.2298136135522,-5.476480308703333,-15.0,0.5734247334799284,2.01272222154402,0.0,794.102150472002
127.40159852200031,19.260352719112188,-5.373590167823371,-15.0,0.5626643103799324,2.0158991083640188,0.0,794.4095911320019
127.45038933400019,19.289432043064114,-5.275618217327614,-15.0,0.5524182398599577,2.0189241387080115,0.0,794.7023360040012
127.50034276099996,19.319167267367977,-5.175302138604089,-15.0,0.5419266491460074,2.022017138049997,0.0,795.0020565659997
127.55174228000033,19.344250232640157,-5.070652717919336,-15.0,0.5309271520799287,2.0245871140000156,0.0,795.310453680002
127.60227932499993,19.368912310599963,-4.96775929430015,-15.0,0.5201122244500146,2.027113966249996,0.0,795.6136759499996
127.65113300400026,19.392752905952126,-4.868293203855476,-15.0,0.5096575371439442,2.0295566502000124,0.0,795.9067980240015
127.70059005800022,19.416887948304105,-4.76759864191156,-15.0,0.4990737275879535,2.0320295029000106,0.0,796.2035403480013
127.75040436200015,19.441197328656074,-4.666176718967687,-15.0,0.4884134665319672,2.0345202181000075,0.0,796.5024261720009
127.80183891000024,19.46629738808012,-4.561455979239507,-15.0,0.4774064732599487,2.037091945500012,0.0,796.8110334600015
127.85056031300019,19.49007343274409,-4.462259202731619,-15.0,0.46698009301796095,2.039528015650009,0.0,797.1033618780011
127.90042420000009,19.514407009600042,-4.3607363287998195,-15.0,0.45630922119998246,2.0420212100000046,0.0,797.4025452000005
127.95112230399991,19.539147684351956,-4.257514989056185,-15.0,0.4454598269440212,2.0445561151999954,0.0,797.7067338239995
128.0003586820003,19.563137016524113,-4.15726183244339,-15.0,0.43492252468793824,2.047014347280012,0.0,798.0021520920018
128.050250367,19.582195640193994,-4.054584744714021,-15.0,0.42414592072800444,2.04901001468,0.0,798.3015022019999
128.10183310599996,19.601900246491983,-3.948427467852086,-15.0,0.4130040491040112,2.0510733242399986,0.0,798.6109986359997
128.15149836799992,19.62087237657597,-3.846216358656164,-15.0,0.4022763525120193,2.053059934719997,0.0,798.9089902079995
128.201799855,19.640087544609997,-3.7426958984100205,-15.0,0.39141123132000416,2.0550719942,0.0,799.2107991299999
128.25134438800023,19.659013556216088,-3.6407332494955185,-15.0,0.38070961219195143,2.0570537755200093,0.0,799.5080663280014
128.30059058999996,19.677825605379983,-3.5393845657800904,-15.0,0.37007243256001143,2.0590236235999986,0.0,799.8035435399997
128.3512889120002,19.697192364384076,-3.4350474191035882,-15.0,0.3591215950079587,2.0610515564800083,0.0,800.1077334720012
128.4008512270002,19.71612516871408,-3.3330481748335825,-15.0,0.348416134967958,2.063034049080008,0.0,800.4051073620012
128.45031035300008,19.73501855484603,-3.2312612935258413,-15.0,0.33773296375198514,2.0650124141200035,0.0,800.7018621180005
128.50131951499998,19.754358908079997,-3.126260686860047,-15.0,0.3267149847600066,2.0670395854499994,0.0,801.0079170899999
128.5511917560002,19.76792415763206,-3.022725914543569,-15.0,0.3159425807039565,2.0685357526800066,0.0,801.3071505360012
128.60168326500025,19.78165784808007,-2.9179055418594873,-15.0,0.3050364147599475,2.0700504979500076,0.0,801.6100995900015
128.650976936,19.795065726592004,-2.815571880863987,-15.0,0.29438898182399914,2.07152930808,0.0,801.905861616
128.70020821100024,19.80845663339207,-2.713367753963492,-15.0,0.28375502642394723,2.0730062463300074,0.0,802.2012492660015
128.75093224800003,19.82225357145601,-2.608064653151945,-15.0,0.272798634431994,2.074527967440001,0.0,802.5055934880003
128.800575965,19.83575666248,-2.505004296659985,-15.0,0.2620755915599977,2.07601727895,0.0,802.8034557900002
128.85028905100035,19.849278621872095,-2.4017999301232833,-15.0,0.2513375649839243,2.07750867153001,0.0,803.1017343060022
128.90145675700023,19.863196237904063,-2.295575772467517,-15.0,0.24028534048794817,2.079043702710007,0.0,803.4087405420015
128.95157082600008,19.876827264672023,-2.1915389652238355,-15.0,0.2294607015839809,2.0805471247800025,0.0,803.7094249560006
129.0012975720001,19.89021539695202,-2.088290669663766,-15.0,0.21871712930397316,2.082023356296002,0.0,804.0077854320008
129.0520017470003,19.898632290002052,-1.9824203522633654,-15.0,0.20766361915393156,2.0829360314460055,0.0,804.3120104820019
129.10205390600004,19.906940948396006,-1.877911444271922,-15.0,0.19675224849198986,2.0838369703080004,0.0,804.6123234360003
129.15215615000034,19.915257920900057,-1.7732979587992959,-15.0,0.18582995929992469,2.084738810700006,0.0,804.9129369000021
129.20045116500023,19.923274893390037,-1.672457967479517,-15.0,0.1753016460299479,2.0856081209700044,0.0,805.2027069900015
129.25156185600008,19.931759268096013,-1.5657388446718326,-15.0,0.16415951539198104,2.0865281134080016,0.0,805.5093711360005
129.30159321600013,19.940064473856022,-1.4612733649917318,-15.0,0.15325267891197072,2.0874286778880022,0.0,805.8095592960008
129.35059817899992,19.948199297713984,-1.3589510022481737,-15.0,0.14256959697801702,2.0883107672219987,0.0,806.1035890739995
129.4014629090002,19.956642842894034,-1.2527454460075789,-15.0,0.1314810858379551,2.0892263323620037,0.0,806.4087774540012
129.45236951000015,19.965093338660026,-1.14645246311968,-15.0,0.12038344681996585,2.090142651180003,0.0,806.7142170600009
129.50054596500013,19.973029482110007,-1.0458567492897308,-15.0,0.10993885191998504,2.091003275790001,0.0,807.0032757900008
129.55027663500005,19.97571493829,-0.9417207263099043,-15.0,0.10436901687999459,2.0913016598100005,0.0,807.3016598100003
129.60026626700028,19.978414378418016,-0.8370424369014153,-15.0,0.09877017809596869,2.091601597602002,0.0,807.6015976020017
129.65028781799992,19.981115542171995,-0.7322973091081585,-15.0,0.0931677643840087,2.0919017269079996,0.0,807.9017269079995
129.70048519500006,19.983826200530004,-0.6271840016698833,-15.0,0.08754565815999424,2.0922029111700002,0.0,808.2029111700003
129.75065914300012,19.986535593722007,-0.522119754557747,-15.0,0.08192617598398722,2.092503954858001,0.0,808.5039548580007
129.8008997500001,19.989248586500004,-0.41691592349979323,-15.0,0.07629922799998995,2.092805398500001,0.0,808.8053985000006
129.85100708900018,19.99195438280601,-0.3119911556336292,-15.0,0.07068720603198143,2.093106042534001,0.0,809.1060425340011
129.9009167930003,19.994649506822018,-0.20748023545735939,-15.0,0.06509731918396727,2.093405500758002,0.0,809.4055007580018
129.9502404929999,19.997312986621996,-0.10419640765818805,-15.0,0.059573064784011844,2.0937014429579994,0.0,809.7014429579995
