t,px,py,pz,vx,vy,vz,yaw_deg
0.007400494000194158,-5.18460209665789,0.05665202325336381,-14.933212280273438,0.17420664244584413,-0.12509721208580296,-0.1467953622341156,0.1983175128698349
0.0501820930003305,-5.18871121639153,0.052610206303873974,-14.941543579101562,0.18200216909530467,-0.8869350288090462,-0.1134893000125885,0.2076508104801178
0.10097844000028999,-5.1895183670722105,0.051928673978126574,-14.945816040039062,0.18541988730430603,-0.08291684836149216,-0.14283795654773712,0.1876029521226883
0.15118519499992544,-5.190499590024554,0.027842049839756224,-14.954620361328125,0.20787567626600054,-0.982556447601703,-0.18613967299461365,0.41667452454566956
0.2002302169998984,-5.1885746674509825,-0.01681832026299833,-14.961532592773438,0.23966841399669647,-0.0599440298974514,-0.21990451216697693,0.8973219394683838
0.25086051000016596,-5.1751163957151745,-0.19858226200064294,-14.97515869140625,0.6977839391611842,-6.5548127396160325,-0.2090914249420166,2.9465742111206055
0.3010007160000896,-5.154086770596842,-0.39668906323971026,-14.982162475585938,0.46485036611557007,-0.07782275229692459,-0.18928328156471252,5.206740856170654
0.35034221400019305,-5.096651486036821,-0.6598121464207134,-14.993682861328125,0.7200963497161865,-0.10866666585206985,-0.13729730248451233,8.189854621887207
0.40064468099990336,-4.976108923920666,-1.1627927621208782,-14.997970581054688,0.9142969846725464,-0.14812181890010834,-0.1112428829073906,14.015807151794434
0.4505895320003219,-4.806776541601078,-1.5616669188638679,-15.001541137695312,1.2399656772613525,-0.2121070921421051,-0.017951535061001778,18.64777374267578
0.5008119940002871,-4.518267164583369,-2.1805737512359618,-15.000625610351562,9.243973029753324,-16.130709002035154,0.029055526480078697,26.24098014831543
0.550692958000127,-4.203403329605025,-2.611293308978752,-14.992141723632812,1.7680027484893799,-0.2489471137523651,0.12724296748638153,31.689863204956055
0.600640205000218,-3.7112556972216453,-3.209368976078471,-14.984542846679688,22.95699132971813,-25.190609829644742,0.16282042860984802,40.00801467895508
0.651435193999987,-3.327384164069072,-3.5680821078723515,-14.978134155273438,2.2503199577331543,-0.24182622134685516,0.14525097608566284,45.48422622680664
0.7007985170002939,-2.654116915227136,-4.039789889743732,-14.965911865234375,18.025544020419524,-11.572117451171815,0.15633659064769745,53.55995178222656
0.7507378720001725,-2.2077371079358694,-4.292730363281409,-14.960769653320312,2.91241192817688,-0.23809513449668884,0.10442551970481873,58.6058464050293
0.8001332450003247,-1.461557167868666,-4.595936895421543,-14.953872680664062,24.999467516309178,-10.000221635703905,0.013151661492884159,65.60150146484375
0.8503399940000236,-1.0044712642203668,-4.747433466951968,-14.952682495117188,3.7237889766693115,-0.2427651435136795,-0.00819470826536417,69.93878173828125
0.9010609040001327,-0.4358135352148387,-4.870267793554396,-14.954574584960938,4.120750904083252,-0.2012384682893753,-0.08820284903049469,73.95185089111328
0.9508264999999483,0.15146240691371804,-4.984990216709387,-14.957443237304688,15.67642858070263,-2.3183716339095164,-0.09136490523815155,79.3646240234375
1.0008574749999752,0.7418193844596203,-5.03847027522668,-14.9661865234375,4.780957221984863,-0.15822839736938477,-0.13659170269966125,82.58322143554688
1.0502323380001144,1.2670974590703448,-5.074155697253902,-14.9716796875,13.945071549288922,-0.6210098079446877,-0.14532071352005005,86.92549133300781
1.1011303029999908,1.8283780931646363,-5.080965597529735,-14.981552124023438,5.310894012451172,-0.08673501759767532,-0.12455560266971588,89.74605560302734
1.1502780340001664,2.258702363919896,-5.0742219972099605,-14.986648559570312,11.802680612352018,0.2479761583334809,-0.0967201367020607,92.78124237060547
1.2009871660002318,2.797275439370904,-5.061176412850334,-14.999481201171875,5.726918697357178,-0.031558696180582047,-0.13842488825321198,94.50991821289062
1.2502457240002514,3.1564223932077313,-5.041472586571453,-15.005661010742188,10.346121178407902,0.4972255274432351,-0.14189213514328003,96.57754516601562
1.3007697420002842,3.613837319655807,-5.030392362122917,-15.018417358398438,6.129876136779785,-0.005047919228672981,-0.12933021783828735,97.58798217773438
1.350425161000203,3.8673659113760497,-5.0210398807291465,-15.024993896484375,6.226360321044922,0.01076674833893776,-0.13342799246311188,98.302734375
1.400997524000104,4.115660782055175,-5.011505088737138,-15.031021118164062,7.650773334567486,0.23179908998078586,-0.10407349467277527,98.91094970703125
1.450209126000118,4.592576987749073,-4.997522818841302,-15.039382934570312,6.587882041931152,0.05751507729291916,-0.10254984349012375,99.20069885253906
1.5005809790000058,4.791443442385196,-4.994109977343265,-15.043106079101562,6.16092900844091,-0.023683590240813443,-0.10705357044935226,99.1081771850586
1.5507714760001363,5.178483781476759,-4.98905395417926,-15.054046630859375,6.842381477355957,0.06561440974473953,-0.08835920691490173,98.74040985107422
1.6004291409999496,5.331590637795956,-4.992599446181992,-15.060302734375,5.02657657846509,-0.20735304361834223,-0.08471421897411346,98.04592895507812
1.650555754999914,5.760189943180437,-4.987532923412732,-15.070083618164062,7.093724727630615,0.07597888261079788,-0.047422464936971664,97.31977081298828
1.700614534000124,5.875775287656231,-4.992749912417948,-15.073516845703125,3.75893200366409,-0.29006869368271687,-0.06581582129001617,96.08659362792969
1.7508543880003344,6.245464327212542,-4.987557434980651,-15.079818725585938,7.262513637542725,0.05841311439871788,-0.052617188543081284,95.1448745727539
1.8002685890000976,6.389671619133718,-4.986843248979799,-15.084609985351562,7.320385456085205,0.0595732182264328,-0.08279100805521011,94.18650817871094
1.851111463000052,6.79540041813749,-4.976927867346903,-15.095413208007812,7.453952312469482,0.05935470759868622,-0.04606461524963379,92.877197265625
1.9005844670000442,6.957341689402304,-4.973202922762667,-15.099166870117188,7.498328685760498,0.060059577226638794,-0.050175875425338745,92.03994750976562
1.9505167600000277,7.3084549665489655,-4.957537196307121,-15.111099243164062,3.7165974378677524,0.019160031846353426,-0.05409998074173927,90.59796905517578
2.0008200740003304,7.473036801012844,-4.949509769950537,-15.1165771484375,7.638681888580322,0.0511280819773674,-0.04691644757986069,89.72013092041016
2.0503630910002357,7.910826820112907,-4.930952120063025,-15.130340576171875,5.214011465005857,0.09645195679789915,-0.02248717099428177,88.48429870605469
2.1006961910002246,8.089723877726428,-4.922133432457516,-15.13592529296875,7.759060859680176,0.031372640281915665,-0.013818282634019852,87.73383331298828
2.1503856520002955,8.48498671717636,-4.904383288722622,-15.144500732421875,5.1736987056052115,0.18815271734499203,0.037446655333042145,86.6581039428711
2.2007912770000075,8.675119119266311,-4.893869413935111,-15.149032592773438,7.793253421783447,0.03619895502924919,0.05362795665860176,86.04940032958984
2.250637009000002,8.931592264961424,-4.882275253343633,-15.153594970703125,7.781777381896973,0.029754020273685455,0.05983193218708038,85.49390411376953
2.3005925880001996,9.35565328800944,-4.8644111206789455,-15.156997680664062,5.99780728009905,0.18949027067161858,0.0769941583275795,84.78335571289062
2.350755328000105,9.560756674707696,-4.854195483653651,-15.155868530273438,7.712831497192383,0.03806537017226219,0.06848686933517456,84.36669921875
2.4003416710002057,9.986772571220886,-4.835786523770803,-15.152496337890625,6.286140927727116,0.19039869920716748,0.1360306739807129,83.73304748535156
2.4505606460002127,10.264748675531855,-4.824400164624144,-15.147750854492188,7.614288806915283,0.05258053541183472,0.17446023225784302,83.48612976074219
2.500321711000197,10.715044015528857,-4.807908797757859,-15.139007568359375,7.002935029316347,0.11304203199986895,0.1498141586780548,83.21265411376953
2.5504349590000857,10.940927969516688,-4.800744887323941,-15.136062622070312,7.37662935256958,0.05954866111278534,0.11972023546695709,83.1213607788086
2.601149861000067,11.40010556069183,-4.7905183331350125,-15.133682250976562,7.468596540308008,0.022623378896364142,0.15169866383075714,83.13787841796875
2.6506060930000785,11.69051458687613,-4.78592698574985,-15.130599975585938,7.101321697235107,0.04441840574145317,0.17256948351860046,83.23762512207031
2.7014427210001486,12.15012830424898,-4.774534749385555,-15.121292114257812,6.927158832550049,0.04408969730138779,0.19111041724681854,83.42097473144531
2.750331219000145,12.401484587332824,-4.771517603192102,-15.116485595703125,7.8138238765624655,-0.06391384555657817,0.15875723958015442,83.80348205566406
2.8003205300001355,12.858214260075908,-4.760610645955345,-15.109756469726562,6.627715110778809,0.0373804047703743,0.12663963437080383,84.14746856689453
2.850328379000075,13.166820776875303,-4.755695047972921,-15.107376098632812,7.876781668364838,-0.0928274058311104,0.11126843839883804,84.6985092163086
2.900310177999927,13.610715405451318,-4.745740235553657,-15.103713989257812,6.263241291046143,0.02679133042693138,0.08339101821184158,85.13182067871094
2.9504720710001493,13.859641581943213,-4.747195742240242,-15.101150512695312,7.713945876225701,-0.09801195923893767,0.10323262214660645,85.6976547241211
3.000388337000004,14.089998015347597,-4.7477566600431444,-15.098342895507812,6.041845321655273,0.005406836047768593,0.10157894343137741,86.09298706054688
3.050131228000282,14.574995759632131,-4.74867334390024,-15.092147827148438,7.762213256033257,-0.11229744136995364,0.0841529592871666,86.74226379394531
3.100257600000077,14.792902381573661,-4.749513910186909,-15.090179443359375,5.699453353881836,-0.010551964864134789,0.08090861886739731,87.12808990478516
3.1502790130002722,15.188592363118671,-4.750883755655864,-15.08599853515625,5.472041606903076,-0.027078382670879364,0.0852762907743454,87.54497528076172
3.200529906000156,15.410172345675651,-4.7534956483964015,-15.083984375,6.675113113047677,-0.08510798743921752,0.0760173425078392,88.0937728881836
3.2511159450000378,15.814353956040177,-4.759337458892328,-15.082809448242188,5.060072422027588,-0.07055819034576416,0.03249088302254677,88.4225845336914
3.3014601600002607,16.0124678971581,-4.763129748853661,-15.082489013671875,5.616109644457195,-0.08848301034625733,0.01886298879981041,88.84674072265625
3.3517794009999307,16.183088396385145,-4.7652341862396295,-15.078659057617188,4.803839206695557,-0.07924823462963104,0.024155037477612495,88.97850036621094
3.4005157260003216,16.513336940457428,-4.7694425537137395,-15.068496704101562,4.923744823396996,-0.09478640779025009,0.043487340211868286,89.23428344726562
3.4513922510000157,16.672969535132925,-4.772180153952656,-15.06329345703125,4.4615559577941895,-0.09729433059692383,0.0825703889131546,89.36614227294922
3.5017377859999215,17.013569607160893,-4.785110661429053,-15.04534912109375,4.757030144272309,-0.11904555791290705,0.09705032408237457,89.55587768554688
3.550675811000019,17.164983732527205,-4.79110926398695,-15.03814697265625,4.510089946263459,-0.12318296449585117,0.08940338343381882,89.71466064453125
3.6010744730001534,17.430535762391607,-4.804101631693209,-15.029876708984375,3.827044725418091,-0.12699568271636963,0.045771289616823196,89.77371215820312
3.6509547539999403,17.572774527128065,-4.810756974626006,-15.027130126953125,3.661413164025247,-0.13274409864683068,0.041907403618097305,89.98439025878906
3.7007926139999654,17.838037999207966,-4.8251548041746055,-15.022232055664062,3.4357731342315674,-0.14553067088127136,0.021974559873342514,89.98638916015625
3.7511218340000596,17.947200493355147,-4.831180300584392,-15.021514892578125,3.1785298076575623,-0.14435022898899363,-0.00016005069483071566,89.93995666503906
3.80028653699992,18.157989299078306,-4.8434298353055665,-15.021469116210938,3.1763224601745605,-0.14245672523975372,0.0011365916579961777,89.86901092529297
3.8502802530001645,18.27831784111149,-4.851864222440303,-15.019577026367188,2.716146954520929,-0.15544977673186583,0.0011856022756546736,89.72309112548828
3.900356749999901,18.47178987521636,-4.866195380059803,-15.015396118164062,2.86575984954834,-0.15829437971115112,0.01874273270368576,89.6170425415039
3.950622943000326,18.55956321791042,-4.873189475890401,-15.013595581054688,2.7913331985473633,-0.15200142562389374,0.029466714709997177,89.516357421875
4.000451942999916,18.73997181564099,-4.886520538956789,-15.0072021484375,2.3349600887545505,-0.1397381772960248,0.03775906190276146,89.38418579101562
4.050814381000237,18.82107009264521,-4.892821004777164,-15.004638671875,2.4915976524353027,-0.14523395895957947,0.032164111733436584,89.27823638916016
4.10029529700023,18.999609233557347,-4.906386577412738,-14.998077392578125,2.1370860306476938,-0.1441198463596453,0.015619806945323944,89.1231689453125
4.150635139000315,19.07394394901402,-4.912279144273545,-14.995376586914062,2.212944746017456,-0.1393706053495407,0.012737750075757504,89.04444885253906
4.20026368400022,19.215233816500604,-4.923435355224816,-14.989715576171875,1.8157720593061748,-0.12153407914350796,-0.0021468589548021555,88.91008758544922
4.250857599000028,19.286400033300026,-4.929411083074809,-14.986480712890625,1.988969087600708,-0.12144944816827774,-0.014778800308704376,88.85599517822266
4.300953378000031,19.368909551704743,-4.93652971396984,-14.983108520507812,1.8738842010498047,-0.11213024705648422,-0.01883077621459961,88.7649154663086
4.350803117999931,19.501403165166376,-4.950134197934915,-14.979202270507812,1.5483946325321214,-0.10694508179736417,-0.023726947605609894,88.7318344116211
4.400365596000029,19.563132652108127,-4.959361303368655,-14.97711181640625,1.611499511427462,-0.12082664503631407,-0.019829964265227318,88.69429779052734
4.451585596000314,19.679321692097368,-4.977154782512719,-14.976272583007812,1.3932552833039296,-0.11909958980736304,-0.055144619196653366,88.66072845458984
4.502640402999987,19.749709622334013,-4.9911062442105605,-14.976531982421875,1.4362265034404877,-0.12440000802547976,-0.04037835821509361,88.64668273925781
4.553371960000277,19.852393642742843,-5.011693325146393,-14.976181030273438,1.1206635381689187,-0.1142136886729659,-0.022432589903473854,88.61642456054688
4.600360447000185,19.903270913509697,-5.0205932016973565,-14.976089477539062,1.1723971366882324,-0.11225380003452301,-0.021254366263747215,88.62716674804688
4.650145858000087,20.010161169230408,-5.033566875915278,-14.976211547851562,1.1599774463328594,-0.11511540678349934,-0.019668947905302048,88.73283386230469
4.700223111000014,20.067737766165216,-5.041415464744986,-14.976669311523438,1.0096549987792969,-0.11405060440301895,-0.033193111419677734,88.74992370605469
4.7505550260002565,20.15519435134161,-5.055441002660411,-14.972213745117188,0.9098614454269409,-0.10255809873342514,-0.0657772347331047,88.73128509521484
4.800424616000328,20.202617315060596,-5.0622476430555965,-14.96990966796875,0.9453678290237626,-0.09858718027367315,-0.08909459412097931,88.79219818115234
4.850552912000239,20.28832788191887,-5.074503768778447,-14.969085693359375,0.7919990420341492,-0.08564446866512299,-0.09175416827201843,88.84272003173828
4.900333142999898,20.346119137840766,-5.0816598405386655,-14.969528198242188,0.9515795211387257,-0.0875226526365265,-0.06429146975278854,88.93342590332031
4.950598987999911,20.421153346399773,-5.091678291385708,-14.968887329101562,0.6448963284492493,-0.06836363673210144,-0.018675142899155617,88.97814178466797
5.000736287000109,20.463781538932146,-5.099159518281928,-14.96588134765625,0.802921394798984,-0.073882258433958,-0.030081283301115036,89.0536117553711
5.052694872000302,20.50329774957368,-5.106212797003376,-14.963699340820312,0.5640272498130798,-0.06722266972064972,-0.02213406004011631,89.11968994140625
5.100708850000046,20.581736878127103,-5.120194631212427,-14.957794189453125,0.4854893684387207,-0.07055971771478653,-0.02335517108440399,89.21756744384766
5.152708930000244,20.62126159928058,-5.125393585826458,-14.952102661132812,0.7560334265625288,-0.07115163151187094,-0.0008576447144150734,89.30599212646484
5.2012782690003405,20.676556899462156,-5.134440976312206,-14.94171142578125,0.3088688254356384,-0.05545162409543991,0.006427623797208071,89.32817077636719
5.251334609999958,20.705749032422283,-5.138562033060643,-14.937850952148438,0.2828441560268402,-0.041510239243507385,-0.008396212011575699,89.35977935791016
5.3023500369999965,20.73818494791059,-5.142202332782293,-14.934829711914062,0.2484617531299591,-0.02524246834218502,-0.023030536249279976,89.41566467285156
5.352477120999993,20.787245258990307,-5.148465392113199,-14.93011474609375,0.03824211630014836,-0.01011095499087284,-0.03735871985554695,89.39579010009766
5.40267255200024,20.81076158107849,-5.151141510083455,-14.928268432617188,0.1126493491493543,-0.001639262487489709,-0.06058703362941742,89.40679168701172
5.452045519999956,20.849423780942903,-5.155582093325668,-14.92608642578125,0.18035965592140304,0.013574018286468006,-0.06151306629180908,89.40296936035156
5.502332347999982,20.8652766948683,-5.15710510873261,-14.925338745117188,-0.21006817349184112,0.022985219599604475,-0.07260692864656448,89.40142822265625
5.552602055000079,20.904326220135136,-5.160334797587602,-14.91595458984375,-0.01314406390499532,0.02890489275641059,-0.06271811574697495,89.40945434570312
5.600175383000078,20.931703376146757,-5.161521246362241,-14.91290283203125,-0.025960566475987434,0.0326792374253273,-0.05976632609963417,89.56664276123047
5.650344895000217,20.967131832478557,-5.166504330575469,-14.913421630859375,-0.08343751728534698,0.03485681489109993,-0.053461704403162,89.63572692871094
5.700194476999968,20.981690112450213,-5.169355948545888,-14.915298461914062,-0.015530225353749386,0.040345450210297805,-0.06032069772481918,89.65128326416016
5.75042817800022,21.008119914539375,-5.1767402236445905,-14.919906616210938,-0.16312585771083832,0.031811319291591644,-0.05746420472860336,89.68839263916016
5.800323503000072,21.01893206823924,-5.181593202724836,-14.923736572265625,-0.19911156594753265,0.02420414611697197,-0.08352197706699371,89.69422149658203
5.851598307000131,21.034973517584813,-5.189838833722506,-14.93060302734375,-0.19116780308667375,0.039285596984111805,-0.045311033725738525,89.70974731445312
5.900478176999968,21.050681655218895,-5.19435819664524,-14.930923461914062,-0.24901265054766006,0.04706529315413237,-0.05329793319106102,89.7147216796875
5.952032729000166,21.073098601441107,-5.200225752758501,-14.9312744140625,-0.17035857356366613,0.05030999790852512,-0.051144424825906754,89.73150634765625
6.002522752999994,21.0815327897526,-5.202422803089405,-14.931716918945312,-0.285297026623633,0.054641210536936276,-0.056479912251234055,89.73196411132812
6.05227749200003,21.093875305909044,-5.204940962224221,-14.93402099609375,-0.3340596406248911,0.05744928827166023,-0.06711318343877792,89.73860931396484
6.101440091000313,21.114959674974905,-5.208617550098231,-14.938385009765625,-0.2512427568435669,0.06616779416799545,-0.0597880519926548,89.77253723144531
6.158216564000213,21.124484858586154,-5.209288743330225,-14.94073486328125,-0.2201864868402481,0.06486321240663528,-0.06727253645658493,89.75634002685547
6.20053136200022,21.144111329313034,-5.20703337225139,-14.943496704101562,-0.38855968870239305,0.08549766415193652,-0.03917669877409935,89.75452423095703
6.2519459620002635,21.15060728063095,-5.205162309821109,-14.944564819335938,-0.2232076226906408,0.09359823335900992,-0.03133052960038185,89.74761199951172
6.302242997000121,21.166962935861157,-5.205301371568265,-14.94805908203125,-0.30729249119758606,0.08800415694713593,-0.06391871720552444,89.7453842163086
6.353855260000273,21.1734893235976,-5.205751666453314,-14.950668334960938,-0.29761851077874557,0.08237447017244241,-0.04765627533197403,89.73149871826172
6.4047302809999564,21.184716746447364,-5.20620901549275,-14.952926635742188,-0.3645452683423265,0.09398951512562853,-0.0762815847992897,89.72781372070312
6.451671718999933,21.191465984802647,-5.206240139882808,-14.952377319335938,-0.3078933656215668,0.09711605310440063,-0.059919435530900955,89.72419738769531
6.502261806000206,21.199931891228573,-5.205096213437879,-14.951004028320312,-0.33673590421676636,0.09550616890192032,-0.02493663690984249,89.72075653076172
6.551467371999934,21.207797082411826,-5.2072913865165855,-14.952804565429688,-0.4295316349287563,0.0889891098642951,-0.049060408025979996,89.71038818359375
6.600214552000125,21.212336550755726,-5.209533578994845,-14.957550048828125,-0.35199445486068726,0.09386960417032242,-0.05382753163576126,89.6727066040039
6.650654515000042,21.212677431277346,-5.210802803871349,-14.9603271484375,-0.633835370556387,0.09524257428814446,-0.054903410375118256,89.65672302246094
6.700626576000104,21.212987795500855,-5.216608724026752,-14.968780517578125,-0.408464640378952,0.08353471755981445,-0.058566268533468246,89.6646728515625
6.750271862000318,21.20859018964348,-5.2192458473948,-14.973983764648438,-0.4271445803659107,0.09267403406914072,-0.058578360825777054,89.64286804199219
6.80056837400025,21.207695326122376,-5.224571534710663,-14.981109619140625,-0.4107670187950134,0.09503941982984543,-0.08073056489229202,89.6211166381836
6.851012697999977,21.20938019610222,-5.22685456369434,-14.985397338867188,-0.2975093132325952,0.09807990380670735,-0.06794368475675583,89.64942932128906
6.901279752999926,21.207741538927927,-5.228417843936628,-14.988998413085938,-0.3124066859784919,0.10532934411141877,-0.06558208167552948,89.65939331054688
6.950454703000105,21.201263178112754,-5.233894424681272,-14.995193481445312,-0.4493545591831207,0.1119692251086235,-0.024045972153544426,89.6364974975586
7.001761128999988,21.198685822167874,-5.235494221747475,-14.997283935546875,-0.4559157192707062,0.11292718350887299,-0.015306851826608181,89.65496063232422
7.050609036999958,21.188394323284953,-5.239674949347597,-14.99822998046875,-0.49925437569618225,0.10748282074928284,-0.00577984843403101,89.67288970947266
7.102402285000153,21.18198328924456,-5.242418402578918,-14.99725341796875,-0.5312644243240356,0.1059223860502243,0.008390125818550587,89.68814086914062
7.150314762000107,21.17296955540852,-5.244425664306158,-14.99639892578125,-0.5281227231025696,0.10800439864397049,-0.002689568791538477,89.68807983398438
7.202285028000006,21.15641812475586,-5.251019683184065,-14.9981689453125,-0.47681254074128204,0.10576248722494291,-0.01567048951983452,89.68902587890625
7.250826988999961,21.14521181313535,-5.256380308885731,-15.00103759765625,-0.510235607624054,0.09129665046930313,-0.0029589186888188124,89.72750854492188
7.301762899000096,21.13876328534351,-5.258751530027551,-15.00457763671875,-0.5217697024345398,0.09732671082019806,-0.00956779159605503,89.72901916503906
7.351624904000346,21.13407559086231,-5.2607269563323005,-15.010208129882812,-0.19521998750256875,0.10053429711787103,-0.027214495465159416,89.74937438964844
7.400870878000205,21.112168644388046,-5.263078350861527,-15.021148681640625,-0.589525580406189,0.11086685955524445,-0.0048655192367732525,89.72048950195312
7.451591995999934,21.10472956235499,-5.263888317586011,-15.026092529296875,-0.47543241023444105,0.11654669040413108,0.00017605695757083595,89.75320434570312
7.500707723000232,21.08165859512526,-5.264146364892326,-15.034759521484375,-0.6215355396270752,0.12567560374736786,-1.5930389054119587e-05,89.7518310546875
7.55201904400019,21.067527679128975,-5.263542183345575,-15.038864135742188,-0.6406726837158203,0.1282210350036621,-0.014854222536087036,89.75199127197266
7.600530538999919,21.03911368360408,-5.263472424352975,-15.0531005859375,-0.6386207342147827,0.10761337727308273,0.011517621576786041,89.74724578857422
7.650525764000122,21.028405172176093,-5.263139236429598,-15.057754516601562,-0.5007487005370453,0.1087035446927462,0.017986904829740524,89.77650451660156
7.701017718000003,21.009436304483447,-5.263406742981547,-15.069503784179688,-0.6203011870384216,0.10941315442323685,0.03032524138689041,89.79890441894531
7.75151893400016,21.00058038544313,-5.26346174095608,-15.07537841796875,-0.6478861570358276,0.11482251435518265,0.024175716564059258,89.81359100341797
7.801613634000205,20.97641698216874,-5.262648464826841,-15.088043212890625,-0.6088041277738597,0.11497877778624545,-0.006003785412758589,89.79633331298828
7.850352334000036,20.97230004761897,-5.262486468265001,-15.095489501953125,-0.5632420572585688,0.11876808107931854,0.002157350070774555,89.82860565185547
7.900995046999924,20.95585836180719,-5.260199441656153,-15.1085205078125,-0.45270379403155114,0.13387359751848574,0.012268882244825363,89.84759521484375
7.952348568000161,20.94734207205987,-5.259931431052806,-15.113616943359375,-0.580415214700863,0.1324848894579868,0.04274754971265793,89.84954071044922
8.001530986000034,20.939288289334176,-5.259510675991091,-15.118270874023438,-0.6215469241142273,0.13184520602226257,0.05741871893405914,89.89116668701172
8.052242624999963,20.912964492292787,-5.258155711269218,-15.122467041015625,-1.0783847545549499,0.11684636137767812,0.10610105097293854,89.85160064697266
8.101554085000316,20.907676745276127,-5.255450720110485,-15.123992919921875,-0.6064148545265198,0.12379695475101471,0.1178172305226326,89.8687515258789
8.150153384000077,20.889579938744024,-5.248935070022541,-15.124618530273438,-0.5971507430076599,0.14444658160209656,0.14161327481269836,89.86457824707031
8.201002950000202,20.877541767342656,-5.243976914594321,-15.122604370117188,-0.5865120887756348,0.14447015523910522,0.16514688730239868,89.84963989257812
8.251257984999938,20.86403974693511,-5.23587097425708,-15.116104125976562,-0.41142539830244285,0.15048638136274942,0.15098132193088531,89.845947265625
8.30107841400013,20.851390077964997,-5.231746483603308,-15.113113403320312,-0.583331823348999,0.14596985280513763,0.1681482344865799,89.80452728271484
8.351201756000137,20.8391008387627,-5.227766695814509,-15.108444213867188,-0.40455178884713483,0.1336162526417827,0.13428543508052826,89.81757354736328
8.400527619000059,20.83433893422197,-5.2261518965146845,-15.106643676757812,-0.6015734672546387,0.13978677988052368,0.145169198513031,89.84007263183594
8.451004499000192,20.822505547400475,-5.221113601996767,-15.10333251953125,-0.6133871403094286,0.14513522303515955,0.12665018439292908,89.8030014038086
8.500506900000346,20.821144004771234,-5.217833304856841,-15.101760864257812,-0.5573163032531738,0.14209584891796112,0.13057734072208405,89.80210876464844
8.5503023629999,20.816074858671705,-5.210924119170029,-15.098190307617188,-0.5539342761039734,0.13393722474575043,0.1427183896303177,89.82731628417969
8.601102107000315,20.816000172861955,-5.208357406685348,-15.100738525390625,-0.43131005073067086,0.13480404191661696,0.11023528128862381,89.84001159667969
8.650997339000241,20.809244045813923,-5.203735658887529,-15.105148315429688,-0.5425258278846741,0.12952080368995667,0.07772988826036453,89.83476257324219
8.700219414000003,20.808687430080436,-5.201583130285136,-15.108291625976562,-0.33992280859806645,0.12416428505768977,0.04281551018357277,89.87332153320312
8.750742798999909,20.804134055810145,-5.198997698533225,-15.116531372070312,-0.5333303809165955,0.12761572003364563,0.06956052035093307,89.84133911132812
8.800948865999999,20.79667115737263,-5.196690726094348,-15.120208740234375,-0.8178954196190392,0.12496889109962195,0.06438081711530685,89.80268096923828
8.851932495000256,20.795865416984505,-5.194294983777729,-15.12286376953125,-0.5454445481300354,0.1222124770283699,0.07185307145118713,89.81604766845703
8.900594189000003,20.794842398022098,-5.1890071858004525,-15.1258544921875,-0.41788463622043365,0.1102281072658904,0.10067044943571091,89.8275146484375
8.950774650000312,20.788283835544345,-5.186360157913185,-15.12689208984375,-0.5027865767478943,0.10545291751623154,0.07518049329519272,89.78778839111328
9.001139746000263,20.78893669144747,-5.180983084337333,-15.126174926757812,-0.5054192543029785,0.08942882716655731,0.08305686712265015,89.79972839355469
9.050894313000299,20.787057743090802,-5.178861529042118,-15.126144409179688,-0.4751266740596575,0.08990058899025695,0.07731053978204727,89.80307006835938
9.100558444999933,20.78775710690054,-5.175517604269669,-15.128662109375,-0.49357134103775024,0.07569950073957443,0.0687774121761322,89.83023071289062
9.150720138999986,20.786781280760753,-5.174370099143725,-15.131484985351562,-0.4089370013646196,0.07566009888914313,0.07054239511489868,89.81037139892578
9.20022028600033,20.78631188784441,-5.17222669214746,-15.136184692382812,-0.4862099885940552,0.07643286138772964,0.07124926894903183,89.81727600097656
9.250304204000258,20.794342035348137,-5.1726744690316,-15.138885498046875,-0.32786718853164026,0.07276101300848085,0.07931527495384216,89.88571166992188
9.300913590000164,20.796393741904534,-5.1729030933995315,-15.1424560546875,-0.4733586013317108,0.06687216460704803,0.07325400412082672,89.9156265258789
9.350827261000177,20.797566588456746,-5.171058388995437,-15.142868041992188,-0.3079523811540474,0.06176753885771411,0.06301417201757431,89.91881561279297
9.400555639000231,20.801090007855535,-5.163043109989323,-15.139694213867188,-0.4491712152957916,0.07112854719161987,0.07584924250841141,89.89729309082031
9.450488788000257,20.80301518683168,-5.159464291187429,-15.138076782226562,-0.47747278213500977,0.07507400214672089,0.08169221878051758,89.92914581298828
9.500110663000214,20.804031629063456,-5.155671527678987,-15.1424560546875,-0.49580979347229004,0.07908622175455093,0.06588384509086609,89.93152618408203
9.550106884000343,20.80293787563817,-5.153693976833951,-15.144607543945312,-0.5132099986076355,0.07930216193199158,0.07036329805850983,89.94084930419922
9.601343090000228,20.79923214904217,-5.151549554223278,-15.145904541015625,-0.6291826040510713,0.07384651732531153,0.10367250442504883,89.93283081054688
9.650710058000186,20.805923130434454,-5.153101581882041,-15.145355224609375,-0.49240899085998535,0.06279151886701584,0.09739623963832855,89.9258804321289
9.702490063999903,20.80739544272536,-5.153608344527302,-15.144256591796875,-0.4708197740531297,0.05492546601755062,0.11079376935958862,89.95024871826172
9.751042710000092,20.80702037930437,-5.156368945793326,-15.140716552734375,-0.5545704364776611,0.051903389394283295,0.09644925594329834,89.95834350585938
9.800152609000179,20.807845949411835,-5.157903036668875,-15.13836669921875,-0.2707318976612466,0.05487052805804557,0.1058894470334053,89.9870376586914
9.850879975000225,20.80591090156019,-5.158315392702479,-15.132919311523438,-0.5471426844596863,0.07838766276836395,0.11619111150503159,90.03091430664062
9.900313405999896,20.80888037288927,-5.156330617392221,-15.129379272460938,-0.3690669526706366,0.09462657039795548,0.12791067361831665,90.0463638305664
9.95361001800029,20.80824072992428,-5.151149036290128,-15.122695922851562,-0.45575071986968,0.11533988645075892,0.09222370386123657,90.05540466308594
10.000515548000294,20.81179912073356,-5.146796257487211,-15.121841430664062,-0.5353031754493713,0.1472020447254181,0.10745835304260254,90.07849884033203
10.051050917000339,20.808975155310844,-5.133539831673741,-15.1197509765625,-0.5279937727999534,0.2000608861094982,0.10093037784099579,90.0423355102539
10.100431821000257,20.805074121472135,-5.126334332165225,-15.11846923828125,-0.49440187215805054,0.2234959900379181,0.09847462922334671,90.01795959472656
10.150904441999955,20.811796346150885,-5.109301248262105,-15.11529541015625,-0.716799291315348,0.28545019612441597,0.0991545245051384,89.97482299804688
10.20099660599999,20.807600332250804,-5.099030435168982,-15.11346435546875,-0.5309809446334839,0.3176709711551666,0.11079918593168259,89.91537475585938
10.250589063000007,20.80823633856638,-5.073267527909026,-15.11041259765625,-0.7298760479725224,0.39245305174180645,0.09297942370176315,89.85416412353516
10.300809961000141,20.810246043484486,-5.059950719270837,-15.109375,-0.5292935371398926,0.4361562132835388,0.0753103494644165,89.85771942138672
10.350828328000262,20.810458727396764,-5.027941024125028,-15.108489990234375,-0.5113411956633556,0.5288292512672346,0.08244550973176956,89.85602569580078
10.400336479000089,20.81567045934661,-5.007973324235476,-15.108627319335938,-0.5469583868980408,0.5887905955314636,0.06794828921556473,89.87806701660156
10.45030634800014,20.81519830561656,-4.957729357225702,-15.109420776367188,-0.5731394008929688,0.6919986686125376,0.05086733028292656,89.89720153808594
10.50028552699996,20.823191520254255,-4.935022844955933,-15.108413696289062,-0.5732688903808594,0.7479461431503296,0.057914890348911285,89.97030639648438
10.550775490999968,20.835231122549143,-4.91092229255802,-15.106964111328125,-0.5629150867462158,0.8098215460777283,0.0461370013654232,90.09019470214844
10.600976675000311,20.847533771110584,-4.857404454840472,-15.102584838867188,-0.1923114124026732,0.9151051655255862,0.07555889338254929,90.27617645263672
10.650640636999924,20.861940450767072,-4.819946633218786,-15.102767944335938,-0.6078466176986694,0.9919434785842896,0.07578935474157333,90.41973876953125
10.700267736000114,20.87798365146674,-4.752730521253383,-15.1024169921875,0.23795630472336204,1.1393860217372758,0.06601893156766891,90.66500854492188
10.751196863000132,20.889100875605216,-4.7154660637866295,-15.10302734375,-0.6715466380119324,1.1845208406448364,0.07272548973560333,90.84120178222656
10.800263759000245,20.915351082637173,-4.6325455677974725,-15.107070922851562,0.5042800115419499,1.340036813475054,0.09561628103256226,91.16268920898438
10.851005972000166,20.93096237464215,-4.57618199311976,-15.108779907226562,-0.6878848671913147,1.4061648845672607,0.08146356046199799,91.41326904296875
10.900968595999984,20.962143377533216,-4.477780918912144,-15.111907958984375,0.3842533879945931,1.5709393854590796,0.07201582193374634,91.76634216308594
10.950356864000241,20.98601074615025,-4.424963244134437,-15.113662719726562,-0.6539511680603027,1.6082122325897217,0.04043806344270706,92.03933715820312
11.000875695000104,21.02577225729538,-4.3144694124600695,-15.120147705078125,0.4324438188510966,1.7446682767022732,0.06531232595443726,92.500732421875
11.050794938000308,21.054911867150512,-4.242362354813725,-15.125701904296875,-0.6592217683792114,1.7599585056304932,0.055614810436964035,92.81549072265625
11.100529060000099,21.079600846657932,-4.123024099897777,-15.132797241210938,-0.6632483601570129,1.841019630432129,0.05990215763449669,93.15339660644531
11.15074622200018,21.129093644362552,-4.057636951815974,-15.135955810546875,0.5283947073944233,1.955229995656585,0.07372026890516281,93.6882095336914
11.200139746000332,21.153190177183834,-3.9283670262848602,-15.138900756835938,-0.6614441275596619,1.9426153898239136,0.10384826362133026,93.98925018310547
11.250906034000309,21.193514477935537,-3.8429885485315127,-15.138992309570312,0.8188414053019746,2.0955668886881393,0.1108693778514862,94.48933410644531
11.300826492999931,21.21657043473571,-3.7055233099902924,-15.135086059570312,-0.709272027015686,2.034674644470215,0.116834856569767,94.79984283447266
11.350611200000003,21.254400442125352,-3.633005682410923,-15.132827758789062,0.15302199081959833,2.1405652055208857,0.1210101917386055,95.29714965820312
11.400207773000147,21.27406707877101,-3.4918016887466754,-15.127944946289062,-0.7111693024635315,2.112041711807251,0.1342896819114685,95.57547760009766
11.450304362000225,21.309200838780967,-3.399282222423822,-15.124984741210938,0.4419219455169128,2.2744287571528528,0.09430602937936783,96.03804779052734
11.500851393000175,21.325107368132972,-3.325405375034035,-15.122756958007812,-0.7940382361412048,2.1663529872894287,0.12098013609647751,96.31242370605469
11.551103964000049,21.354587382046788,-3.177184319941234,-15.121627807617188,0.3472650743571557,2.335097988642681,0.12336423993110657,96.75210571289062
11.600987701000122,21.370561535648807,-3.101708890978742,-15.121551513671875,-0.8253747820854187,2.2129921913146973,0.10383965075016022,97.02003479003906
11.65099056300005,21.380897305368084,-2.9332439884845805,-15.119415283203125,-0.8351268172264099,2.2456111907958984,0.11746185272932053,97.3073959350586
11.700831348000065,21.402211737888166,-2.855250059197366,-15.1173095703125,0.08761165074412913,2.383362010771431,0.11970610171556473,97.63597869873047
11.750734034000288,21.40525444494123,-2.7020960423127516,-15.112503051757812,-0.8556153774261475,2.2947874069213867,0.09007352590560913,97.89120483398438
11.80041643100003,21.43036524856103,-2.6203185943175367,-15.1085205078125,-0.03876798146893612,2.4307927844948876,0.10627476871013641,98.24876403808594
11.850321733000328,21.427919020565906,-2.4430421950661083,-15.099090576171875,-0.8782709836959839,2.337951183319092,0.09126538038253784,98.47457122802734
11.900544921000346,21.45169343713468,-2.3593561146645463,-15.096908569335938,-0.040988841852128366,2.484887840531262,0.08299247920513153,98.86149597167969
11.950836983000045,21.453739055709597,-2.1971285495211363,-15.094802856445312,-0.8986995816230774,2.3726675510406494,0.061768222600221634,99.09537506103516
12.000359604000096,21.470491958584667,-2.1126261396386745,-15.094345092773438,-0.10906024298675931,2.522884183880976,0.043463218957185745,99.44453430175781
12.050895648000278,21.470056229988458,-1.9232474623110694,-15.089981079101562,-0.966666042804718,2.391573190689087,0.02475803904235363,99.6717529296875
12.100205034000282,21.480676754751677,-1.8370659943300147,-15.088226318359375,-0.9745192527770996,2.39259672164917,0.0296358410269022,99.93397521972656
12.150777960000141,21.496832528575773,-1.6660025219066181,-15.084564208984375,-0.9881680607795715,2.4047276973724365,0.054506491869688034,100.34609985351562
12.200235425000301,21.50810257482435,-1.5801388829029612,-15.082916259765625,-0.9662479758262634,2.4116761684417725,0.045354075729846954,100.56343841552734
12.250847131000228,21.52912337159891,-1.4924278501850123,-15.081253051757812,-0.04791550981073811,2.5832389372281765,0.05868713557720184,100.92478942871094
12.300940278000326,21.540101405941428,-1.3012067029121486,-15.077499389648438,-0.9444046020507812,2.4039924144744873,0.08442141115665436,101.1788558959961
12.350886487000025,21.567925290471255,-1.2117606169935558,-15.075836181640625,0.021691305719904408,2.59452885468941,0.06426781415939331,101.56206512451172
12.4008815090001,21.575147389373626,-1.0442827368426268,-15.073837280273438,-0.930505096912384,2.3910348415374756,0.04933572933077812,101.80664825439453
12.451005928000086,21.597459045617725,-0.9581313544585575,-15.07476806640625,-0.09986206905838757,2.5578612660950895,0.05980749428272247,102.12349700927734
12.50074748399993,21.592259888708927,-0.7763359450413851,-15.075515747070312,-1.007498860359192,2.350465774536133,0.0423780232667923,102.34654235839844
12.551184797000133,21.614711489831084,-0.6901637102087985,-15.07672119140625,-0.20835245406172664,2.514101661080381,0.04696076363325119,102.69825744628906
12.60104340199996,21.616265915719055,-0.5269486545586997,-15.080062866210938,-1.0186262130737305,2.3424184322357178,0.014881609939038754,102.95240783691406
12.650353228000313,21.63216870241469,-0.44135713032332724,-15.081283569335938,-0.1707304029067549,2.5461240701870573,0.023540467023849487,103.29251861572266
12.70039781100013,21.629644072228636,-0.2540734189551639,-15.083770751953125,-1.0933622121810913,2.3229103088378906,0.030958466231822968,103.5265884399414
12.750451308000265,21.632783358410997,-0.1696890456561171,-15.084609985351562,-1.1066970825195312,2.3249452114105225,0.00876485463231802,103.7461166381836
12.800236934000168,21.636203662872408,-0.002316822483810377,-15.08331298828125,-1.1451739072799683,2.311633825302124,0.005393526516854763,104.15782928466797
12.850108580000324,21.640059342926737,0.08146464366528505,-15.081558227539062,-1.1672391891479492,2.2946391105651855,0.009310434572398663,104.41028594970703
12.900918183000158,21.62224476231888,0.26418771388912443,-15.076278686523438,-0.27837403453673126,2.5185497767008056,0.021503278985619545,104.75071716308594
12.950099400999989,21.6211046271141,0.3479104036852174,-15.071090698242188,-1.2183459997177124,2.257594108581543,0.03982987254858017,104.97712707519531
13.000352280000243,21.60529372888321,0.5107136980624905,-15.059051513671875,-0.2772190615193303,2.501792919900787,0.07399448752403259,105.35848999023438
13.050446815000214,21.60182717937906,0.5941655535090931,-15.052383422851562,-1.2150321006774902,2.243035316467285,0.07315593212842941,105.55973815917969
13.101800304000335,21.585572669255793,0.7797045616334355,-15.037979125976562,-0.5705154607403352,2.425771127669728,0.0747164785861969,105.94898223876953
13.161365441000271,21.585572669255793,0.7797045616334355,-15.037979125976562,-1.250342845916748,2.2314887046813965,0.0747164785861969,105.94898223876953
13.27357361300028,21.515121284525765,1.0978237911795468,-15.021682739257812,-1.0379280281481154,2.2924517460039087,0.02137059159576893,106.22582244873047
13.346997203000228,21.4756898147729,1.2728671598124883,-15.018356323242188,-1.0534282332078186,2.2655113649226593,0.010930853895843029,106.34929656982422
13.36108617300033,21.466566343172538,1.3523106524326423,-15.017837524414062,0.5011114390264539,2.7153891173029274,0.024801772087812424,106.51103210449219
13.37021086499999,21.47751328763499,1.3555691844041515,-15.017837524414062,-1.3060696125030518,2.179699182510376,0.024801772087812424,106.64191436767578
13.401050916000258,21.549030955087733,1.4601885589874701,-15.016998291015625,9.191641846062518,5.546591551388451,0.027165105566382408,107.81050109863281
13.45065050600033,21.534362526621585,1.617703182534191,-15.015213012695312,-0.5182733572237326,2.409380334796025,0.05213700979948044,108.18183898925781
13.500392146000195,21.526182378878342,1.7157273164023064,-15.013275146484375,-1.265213131904602,2.1454479694366455,0.0731596127152443,108.43075561523438
13.550631307000003,21.496123263111755,1.8656666454127713,-15.010238647460938,-1.2822003364562988,2.1115872859954834,0.08434212952852249,108.65034484863281
13.600967282000056,21.500878203983724,1.946689513448705,-15.008590698242188,-1.2994838953018188,2.1045918464660645,0.09444107860326767,108.98432922363281
13.65044805100024,21.463660556863537,2.093282867033765,-15.004791259765625,-1.3233729600906372,2.0914156436920166,0.06410320103168488,109.17927551269531
13.700586208000004,21.46098153981204,2.192793770184779,-15.000839233398438,-0.5706066830641344,2.3559930849352475,0.045300208032131195,109.50455474853516
13.751127359000293,21.424206852383026,2.340996493466454,-14.995254516601562,-1.3434276580810547,2.068272590637207,0.04667868837714195,109.72738647460938
13.800743632999911,21.424750123622967,2.4210585890897907,-14.991912841796875,-0.5994969018718254,2.328329125401022,0.05449877306818962,110.07337951660156
13.850939199000095,21.387759242983275,2.584624948011025,-14.984725952148438,-1.3665783405303955,2.0539331436157227,0.022812455892562866,110.30889129638672
13.900307722999969,21.39351058639344,2.666121489443814,-14.982070922851562,-0.42708957236324896,2.398047372565533,0.02408277988433838,110.73689270019531
13.950323580000259,21.38504856191708,2.7426528176881746,-14.980484008789062,-1.4048418998718262,2.020432710647583,0.04318154603242874,110.9887924194336
14.000349126999936,21.3563181877428,2.8925594454972696,-14.980316162109375,-0.5411601345880955,2.354923071290877,0.013531111180782318,111.37210845947266
14.05085512300002,21.345918428232146,2.9693818744494713,-14.980560302734375,-1.4322290420532227,2.0129096508026123,-0.01302291452884674,111.65420532226562
14.100626435000322,21.29173155797313,3.1325872185639305,-14.975601196289062,-1.448144793510437,2.002551794052124,-0.02276175655424595,111.90575408935547
14.150536226999975,21.28756180060012,3.2135280182546415,-14.973785400390625,-1.471954107284546,1.9991432428359985,-0.034865811467170715,112.29937744140625
14.200393400999928,21.240845947566296,3.360697859406951,-14.970870971679688,-1.4964343309402466,2.007376194000244,-0.05991537496447563,112.59385681152344
14.250300727000194,21.244924033895575,3.445898613305621,-14.969284057617188,-0.49405105911100144,2.428511700793083,-0.04043964669108391,113.0721664428711
14.300229407000188,21.18479856747115,3.6089002433742863,-14.964553833007812,-1.4832772016525269,1.9910167455673218,0.002801996422931552,113.30335235595703
14.35100329900024,21.18230869579178,3.692639901798475,-14.962188720703125,-0.8649614871193975,2.268496660753023,-0.0004204937140457332,113.66571044921875
14.400578543999927,21.13590045641687,3.842224558320086,-14.95849609375,-1.4512861967086792,2.006582260131836,0.0025919193867594004,113.93755340576172
14.450157897000281,21.135280174460316,3.928187915155485,-14.956497192382812,-0.5138120194710626,2.4300799699990057,-0.010125348344445229,114.3459701538086
14.500138014000186,21.081029189119047,4.09966830842252,-14.951217651367188,-1.4576336145401,1.9984157085418701,0.00449105491861701,114.58775329589844
14.550112871000238,21.07627346484145,4.184630450805323,-14.949295043945312,-0.4311134065829654,2.4767586325997453,-0.007791292387992144,114.97860717773438
14.601049890000013,21.025024503348906,4.334385383911705,-14.944229125976562,-1.4373018741607666,1.9906160831451416,0.012051056139171124,115.2074203491211
14.650445776000197,21.008132348179448,4.413267414356395,-14.942276000976562,-1.4534944295883179,1.9905322790145874,-0.02822561003267765,115.458251953125
14.700799783000093,20.950102723403997,4.583680099521862,-14.939437866210938,-1.4572343826293945,1.9964522123336792,-0.009461544454097748,115.79782104492188
14.750347627000338,20.932016148136096,4.663670360814567,-14.938446044921875,-1.458444356918335,1.9969054460525513,-0.030126601457595825,116.0542221069336
14.800451778000024,20.92468272856285,4.748921264828256,-14.93792724609375,-0.7243063267249644,2.348257654765381,-0.02099541760981083,116.4713134765625
14.851091893000103,20.86101234867808,4.896951322638305,-14.938262939453125,-1.5342861413955688,1.942765712738037,-0.03613230958580971,116.73314666748047
14.90024329300013,20.846055874638353,4.979911413567892,-14.939041137695312,-0.8511845901300581,2.2812512863619867,-0.03129372373223305,117.10437774658203
14.950252779000039,20.768356369230393,5.143518259553738,-14.941680908203125,-1.5352967977523804,1.9337232112884521,-0.03299707546830177,117.3826675415039
15.000247497000146,20.75339048184895,5.226612004480427,-14.944259643554688,-0.7734168366274946,2.329592891611619,-0.039162829518318176,117.72797393798828
15.05107477599995,20.686966814845373,5.372746005580536,-14.949508666992188,-1.5151983499526978,1.9393657445907593,-0.06239328533411026,117.96757507324219
15.100862689000223,20.669722015299964,5.453859292609426,-14.95245361328125,-0.9660618596278822,2.2326684753864403,-0.06411009281873703,118.30020904541016
15.150791969000238,20.589935376225306,5.614069178865533,-14.958160400390625,-1.501983642578125,1.9365625381469727,-0.049009714275598526,118.5344009399414
15.200201578999895,20.56280187965917,5.6894229544816595,-14.960739135742188,-1.5293998718261719,1.9234787225723267,-0.06708467751741409,118.76366424560547
15.25047243300014,20.501982323728647,5.836200410303338,-14.958663940429688,-1.5063234567642212,1.9145283699035645,-0.06768212467432022,119.1229476928711
15.300224105000325,20.474816991338027,5.911208881192316,-14.958145141601562,-1.484217643737793,1.9199104309082031,-0.053895480930805206,119.34675598144531
15.351176601000134,20.404018294219856,6.072985880891429,-14.961105346679688,-0.9768430425145904,2.1989908030206733,-0.05098322033882141,119.68769073486328
15.40021763599998,20.377444995092254,6.1474148100766906,-14.963790893554688,-1.5111265182495117,1.8956600427627563,-0.04779912531375885,119.91543579101562
15.451079977000063,20.31532017212446,6.291234497437198,-14.96856689453125,-0.6338752981712775,2.396980055541374,-0.07102426141500473,120.2809066772461
15.500840879999942,20.286811866775377,6.364362307797066,-14.969436645507812,-1.490814447402954,1.8933221101760864,-0.0581316277384758,120.49461364746094
15.55111093000005,20.208217121281987,6.519970197986118,-14.969512939453125,-0.8296059014798473,2.2695788173906233,-0.02140580676496029,120.79666900634766
15.600142197999958,20.184634238315986,6.593998882869252,-14.968154907226562,-1.452578067779541,1.8803975582122803,0.003531938884407282,121.0273666381836
15.650747417000275,20.12869314750356,6.735379108787958,-14.964004516601562,-0.7146219264778018,2.3025334484447777,0.00965218897908926,121.36479187011719
15.700853727000322,20.101241582909523,6.806003955614694,-14.9622802734375,-1.4494719505310059,1.8519893884658813,0.00865294598042965,121.5611343383789
15.750299189000089,20.032269210665888,6.959995426865459,-14.951278686523438,-0.8606031712918839,2.2162561975519037,-0.0037106219679117203,121.8980941772461
15.800921070000186,20.006318800981013,7.031653547065896,-14.947479248046875,-1.4816228151321411,1.825698971748352,-0.012161270715296268,122.13236999511719
15.851087775999986,19.980806857380752,7.103009092063042,-14.944061279296875,-1.5007541179656982,1.8071285486221313,-0.0036867845337837934,122.38106536865234
15.9004679210002,19.921864332936792,7.239483454369461,-14.939361572265625,-0.7501510763542046,2.293859367850491,-0.018338115885853767,122.7748031616211
15.950931539000067,19.883789280269628,7.324417946477287,-14.936508178710938,-1.524391770362854,1.7896208763122559,-0.005437677726149559,123.02962493896484
16.000538427000265,19.823996082640917,7.457182553769174,-14.9281005859375,-0.65657076139249,2.3442930082343123,-0.02034064568579197,123.438232421875
16.050656732000334,19.798428507540052,7.526032947404458,-14.924118041992188,-1.517080545425415,1.771273136138916,-0.019721072167158127,123.7113265991211
16.100457714000186,19.73486386584571,7.655566484864686,-14.916519165039062,-0.7130362250416648,2.32077491588771,-0.07295133173465729,124.11023712158203
16.15034669600027,19.694740632950044,7.735787242141592,-14.910079956054688,-1.5252559185028076,1.7732707262039185,-0.06044498085975647,124.36189270019531
16.20022398900028,19.62679482123949,7.8632293975420895,-14.901321411132812,-0.7387781297212549,2.3149061673285694,-0.06613695621490479,124.72126770019531
16.250879368999904,19.599269634740526,7.930894777610308,-14.897796630859375,-1.5276505947113037,1.7650262117385864,-0.05168507248163223,125.0032730102539
16.300811567999972,19.51876170021153,8.049585702249793,-14.891860961914062,-1.517587661743164,1.7619085311889648,-0.057240236550569534,125.22621154785156
16.35104719400033,19.48957957050447,8.138455627677528,-14.889617919921875,-1.5407204627990723,1.750811219215393,-0.050919245928525925,125.65583038330078
16.400587304000055,19.411557323494794,8.258294061678935,-14.88861083984375,-1.5563914775848389,1.7600716352462769,-0.0729866772890091,125.89966583251953
16.450368423000327,19.389253297673786,8.331536238706295,-14.889144897460938,-0.898113012526419,2.2383587558563907,-0.0936477780342102,126.27420806884766
16.500866017000135,19.30354642619486,8.446877564091984,-14.896240234375,-1.6092660427093506,1.7059329748153687,-0.0956779420375824,126.49476623535156
16.550346265999906,19.262692133296685,8.528748533642606,-14.900787353515625,-1.0018128225543124,2.1614296379208744,-0.09044754505157471,126.84701538085938
16.600079697000183,19.176195692100123,8.642082303307424,-14.906570434570312,-1.6501922607421875,1.6626964807510376,-0.07639904320240021,127.10498046875
16.650893870000345,19.147005386775962,8.707743059351749,-14.908432006835938,-1.0302860045152102,2.1304144637195126,-0.06377508491277695,127.4331283569336
16.700324391000322,19.113858805911153,8.770701789767473,-14.91033935546875,-1.6264455318450928,1.6642861366271973,-0.07320161908864975,127.70384979248047
16.7507642999999,19.02647869432833,8.898093989404767,-14.91534423828125,-0.8589214957651395,2.2509031749015174,-0.06372169405221939,128.06248474121094
16.8006322680003,18.997294111033952,8.961480773670697,-14.917922973632812,-1.5625077486038208,1.6951773166656494,-0.06560646742582321,128.3416290283203
16.850289959000293,18.91605645497821,9.071334323252099,-14.92279052734375,-1.5761289596557617,1.657598614692688,-0.06917071342468262,128.5912322998047
16.900243090000004,18.88925816323461,9.137554082083955,-14.926376342773438,-1.5686521530151367,1.6473695039749146,-0.07038233429193497,128.9506378173828
16.95015704100024,18.789430112489107,9.256307036612508,-14.933258056640625,-1.5654881000518799,1.6403785943984985,-0.06528495997190475,129.18048095703125
17.000358341000265,18.764648024650306,9.324253421693175,-14.9351806640625,-0.7787280225168025,2.2751278763698166,-0.04588969796895981,129.5758514404297
17.05062916199995,18.671636173030933,9.423685243305165,-14.937850952148438,-1.6291096210479736,1.567413091659546,-0.0660310909152031,129.75033569335938
17.100202276000346,18.64233213254748,9.488824517895647,-14.940093994140625,-0.8334902770068942,2.2483143926950913,-0.06333915144205093,130.11117553710938
17.150473821000105,18.54398248677669,9.605606428861165,-14.947036743164062,-1.6057394742965698,1.5962492227554321,-0.04818616434931755,130.3638916015625
17.200280035000105,18.516769425452352,9.6726856458796,-14.95013427734375,-0.8372525046768353,2.26850266517272,-0.06364421546459198,130.72314453125
17.250943801000176,18.429325258972383,9.778951551935013,-14.958236694335938,-1.576293706893921,1.640815258026123,-0.05099303647875786,130.9429931640625
17.300350118000097,18.401583546216777,9.846724624950392,-14.963088989257812,-1.0295648012530019,2.111721810735566,-0.038348618894815445,131.29754638671875
17.350380874000166,18.301258118119947,9.966105107366264,-14.972137451171875,-1.567936897277832,1.6437352895736694,-0.08143648505210876,131.4998779296875
17.400835021000148,18.264801080959025,10.024542547900547,-14.973861694335938,-1.5582356452941895,1.6578586101531982,-0.06403203308582306,131.6879425048828
17.45069783000008,18.238648011638585,10.093140879198401,-14.975692749023438,-0.8833689656090004,2.264853456858039,-0.07754641771316528,132.0355987548828
17.500915936000183,18.152736717509114,10.201952165677255,-14.978851318359375,-1.5590016841888428,1.6566150188446045,-0.0626445785164833,132.25299072265625
17.550522556000033,18.122564704199196,10.268314685485901,-14.978836059570312,-0.9215661552376138,2.2274386363204743,-0.04146147891879082,132.62017822265625
17.600441434000004,18.015520303447158,10.384160280672385,-14.979049682617188,-1.6049609184265137,1.6151305437088013,-0.03963131457567215,132.85836791992188
17.65079187800029,17.98642708942504,10.454554380697619,-14.981399536132812,-0.7402508798138153,2.4231363608534258,-0.024563679471611977,133.27322387695312
17.700240954000037,17.891187480691382,10.561944439086751,-14.98590087890625,-1.5870779752731323,1.6186156272888184,-0.029411131516098976,133.52835083007812
17.75020565800014,17.858674650104682,10.630771476965496,-14.988723754882812,-1.0234616071048044,2.1854307696340025,-0.07110996544361115,133.89366149902344
17.800500620000093,17.7518894676923,10.748242538242147,-14.998855590820312,-1.5723406076431274,1.645440697669983,-0.043402303010225296,134.1152801513672
17.85028753100005,17.715177994918214,10.811444970186763,-15.001876831054688,-1.56454336643219,1.6467316150665283,-0.013524931855499744,134.37989807128906
17.900439710000228,17.627690314588374,10.92266376035623,-15.006973266601562,-1.5983293056488037,1.6314113140106201,-0.019096918404102325,134.72714233398438
17.950381388000096,17.587721850725142,10.982098751626243,-15.009201049804688,-1.5930355787277222,1.6304295063018799,-0.010911589488387108,134.968017578125
18.000716411000212,17.48544131905713,11.105093590498623,-15.013519287109375,-1.092405545572407,2.1198113608892437,-0.021729974076151848,135.31980895996094
18.050717372000236,17.44234337767648,11.163400987924676,-15.014938354492188,-1.563468098640442,1.6427927017211914,-0.003896778216585517,135.52537536621094
18.100964440000098,17.356277751737508,11.281139023608626,-15.016738891601562,-0.9543342922227346,2.2770522145726106,-0.006649513263255358,135.9017791748047
18.150818510000136,17.316757063048783,11.344969810026253,-15.015426635742188,-1.5339405536651611,1.6752219200134277,-0.008663969114422798,136.1877899169922
18.201154017000135,17.214067350464422,11.47571261284708,-15.011856079101562,-0.8820748041647675,2.380629167483097,-0.025986075401306152,136.57521057128906
18.25068067700022,17.17582089803139,11.541982295741434,-15.011016845703125,-1.482918620109558,1.7461309432983398,-0.03767203539609909,136.83349609375
18.300725628000237,17.091389656083987,11.66988158464866,-15.012557983398438,-0.7689516012416732,2.5080337455442336,-0.041954249143600464,137.2461395263672
18.350239938999948,17.053681898370684,11.738525531233165,-15.012832641601562,-1.4993507862091064,1.7234317064285278,-0.03673810511827469,137.51986694335938
18.400836375999916,16.996870067694974,11.813878148153307,-15.013412475585938,-1.4884122610092163,1.7108134031295776,-0.016226835548877716,137.7296905517578
18.450613483000325,16.903313448546825,11.931591177730184,-15.014755249023438,-0.8083028652870387,2.4545790567782837,0.009870716370642185,138.09677124023438
18.500842030000058,16.863164639165657,11.996940514714899,-15.01416015625,-1.476163625717163,1.704220175743103,0.020056968554854393,138.36441040039062
18.5503000409999,16.770513485059304,12.113013439953589,-15.006744384765625,-1.043693146873097,2.188409543884352,0.019808748736977577,138.75709533691406
18.600286820000292,16.71294356931281,12.185784258186818,-15.001251220703125,-1.5031415224075317,1.6766116619110107,0.027350254356861115,139.01039123535156
18.65067153500013,16.619366693634362,12.300711019045863,-14.993881225585938,-0.8159093613009034,2.4845550884009766,0.009742203168570995,139.40098571777344
18.70060172400008,16.570955442339326,12.355974866342837,-14.992691040039062,-1.5446070432662964,1.628969430923462,-0.024016939103603363,139.5913543701172
18.75022485799991,16.472794021576398,12.464756071337794,-14.990158081054688,-1.0219898990613643,2.2578033743833834,0.008199102245271206,139.9083709716797
18.800331222000295,16.40816026186476,12.528397065794627,-14.986114501953125,-1.5485223531723022,1.6298366785049438,-0.01041415985673666,140.12875366210938
18.85089633000007,16.30756097128291,12.63332917525641,-14.982315063476562,-0.9570339124381442,2.3308582854130693,-0.03777110576629639,140.47540283203125
18.900582501999907,16.26077255748979,12.690669689489056,-14.981201171875,-1.5331969261169434,1.6439062356948853,-0.05869574844837189,140.70848083496094
18.950681284999973,16.151652104558906,12.789066733779945,-14.978179931640625,-1.5529080629348755,1.5928430557250977,-0.033390019088983536,140.97659301757812
19.000229891000345,16.09435463010227,12.863349573487707,-14.976455688476562,-1.0927008709264545,2.1679084922434395,-0.022952035069465637,141.31777954101562
19.05106899900011,15.974644653233515,12.954598542700744,-14.965347290039062,-1.5826302766799927,1.5397095680236816,-0.011603722348809242,141.5244140625
19.10095642000033,15.928218045307093,13.017914269029832,-14.959335327148438,-1.0351582138253308,2.2548148996081467,-0.019315868616104126,141.88668823242188
19.153910505000113,15.876444438193158,13.074559732424479,-14.954315185546875,-1.6062508821487427,1.5368283987045288,-0.019731437787413597,142.1339111328125
19.237107756000114,15.728479574417275,13.168078196983267,-14.943740844726562,-1.6209917068481445,1.519713282585144,0.009082694537937641,142.2876739501953
19.3530167859999,15.527422229688902,13.283424931613437,-14.930191040039062,-1.6687860488891602,1.4489818811416626,-0.002904606983065605,142.39926147460938
19.43064666500004,15.402123923570219,13.368035984159228,-14.921859741210938,-1.5133988251189616,1.6296203504038276,-0.008345636539161205,142.6140899658203
19.485321302000102,15.185909429440752,13.487717378444906,-14.910873413085938,-1.040946766348081,2.2325391433392165,-0.006230351515114307,142.73745727539062
19.49810030100025,15.191499472340588,13.49507943174138,-14.910873413085938,-1.6568422317504883,1.4229633808135986,-0.006230351515114307,142.8433837890625
19.508259599000212,15.130959809477822,13.538530371161869,-14.908523559570312,-1.6688647270202637,1.4009208679199219,-0.011517558246850967,142.9605255126953
19.518075565000345,15.138598931768637,13.548680100513987,-14.908523559570312,-1.6688647270202637,1.4009208679199219,-0.011517558246850967,143.10609436035156
19.550389139000345,15.116956878605592,13.645378829035696,-14.906402587890625,3.8171690637125497,8.941232643757717,-0.025432460010051727,144.00262451171875
19.6015077940001,15.08714748294284,13.732819024270391,-14.90447998046875,-1.2804700737228158,1.9168124007378453,-0.01911970041692257,144.77134704589844
19.650795241000196,14.949680798695628,13.82681508518801,-14.901840209960938,-1.641547679901123,1.36918044090271,-0.027448121458292007,145.0004119873047
19.701044377000017,14.898972510417206,13.883936313610658,-14.900482177734375,-1.0829950904866745,2.1756149705066243,-0.04040416330099106,145.3394775390625
19.750693288000093,14.776855724100878,13.966828923329468,-14.899612426757812,-1.6604681015014648,1.316719651222229,-0.06036696210503578,145.57382202148438
19.801158689000204,14.72726720720605,14.023224816455114,-14.899826049804688,-1.2162163158256225,1.9673357460143404,-0.0662989616394043,145.8883056640625
19.85046255599991,14.588162360075314,14.111831326085387,-14.901580810546875,-1.6351048946380615,1.3542951345443726,-0.07124567031860352,146.11256408691406
19.900753219000308,14.534203819398893,14.161778254827073,-14.902145385742188,-1.65218186378479,1.3322144746780396,-0.048124007880687714,146.3440399169922
19.950312895000025,14.419055380221717,14.251063924494845,-14.90484619140625,-1.2084769617777313,2.0176046601679856,-0.07671845704317093,146.70379638671875
20.001312473000326,14.36472296079262,14.300240758532603,-14.90716552734375,-1.6706010103225708,1.3116936683654785,-0.06057235598564148,146.9457550048828
20.050324215000273,14.236687673024603,14.401240278158532,-14.912429809570312,-1.1523046889912822,2.101926050313823,-0.059455543756484985,147.3470001220703
20.100286012000197,14.17989893793695,14.44908939056819,-14.916748046875,-1.6816325187683105,1.2969520092010498,-0.0729779377579689,147.5742645263672
20.150460295999892,14.07007472265855,14.547590938927053,-14.925033569335938,-1.020726369154048,2.3298661243765393,-0.07251574844121933,148.01522827148438
20.200500047000332,14.015158844740256,14.598143921518421,-14.92852783203125,-1.6401524543762207,1.315305471420288,-0.06622784584760666,148.27261352539062
20.250346246999925,13.945384300085248,14.659065804599294,-14.932098388671875,-1.6223574876785278,1.331181287765503,-0.049448974430561066,148.55499267578125
20.30100418200027,13.836996613135023,14.758528966258481,-14.936431884765625,-1.158782602619264,2.115772716257896,-0.04688560217618942,148.97393798828125
20.351535324999986,13.782074706305304,14.811084207085553,-14.940460205078125,-1.622928500175476,1.3409919738769531,-0.04348824545741081,149.23532104492188
20.400230787000055,13.674267225167888,14.916772056934098,-14.948165893554688,-1.0237547986030267,2.365628951809815,-0.04415569081902504,149.71092224121094
20.45019034300003,13.60455417777575,14.977243933008797,-14.952316284179688,-1.6252516508102417,1.3340134620666504,-0.038397692143917084,149.94729614257812
20.500944718000028,13.492780354958324,15.072416118683925,-14.9576416015625,-1.1323582116660584,2.1993876822233887,-0.039139699190855026,150.3536834716797
20.550881027000287,13.442677821498515,15.129176489855029,-14.960403442382812,-1.6364198923110962,1.331861138343811,-0.05224084109067917,150.6620330810547
20.601056747000257,13.330629663686022,15.233948569164117,-14.961944580078125,-0.9873465314717894,2.5027534761607697,-0.05132342129945755,151.12379455566406
20.651208431000214,13.260361114089696,15.299164813349236,-14.962371826171875,-1.5943034887313843,1.4020205736160278,-0.03317548707127571,151.36764526367188
20.70166467900026,13.144886471727578,15.397617661475495,-14.964004516601562,-1.6006808280944824,1.4166266918182373,-0.054813235998153687,151.65078735351562
20.7502280220001,13.09622003340921,15.464933005729005,-14.965469360351562,-1.1646797789866565,2.230560338871305,-0.04344693571329117,152.03173828125
20.801087496000036,12.98319727585399,15.565778667875104,-14.968658447265625,-1.6347068548202515,1.3470818996429443,-0.06060296669602394,152.3535919189453
20.850243245,12.91214970881785,15.640832471727485,-14.968353271484375,-1.0522371517854165,2.4729291083450926,-0.044889185577631,152.76766967773438
20.90030469300018,12.788895272365385,15.733584634656754,-14.967254638671875,-1.6579428911209106,1.2752034664154053,-0.03931902348995209,153.06678771972656
20.950402188000226,12.737527286268405,15.799256030069618,-14.968048095703125,-1.1356852524383156,2.3018525396782965,-0.042326245456933975,153.46795654296875
21.000461800000267,12.677543768926656,15.851560620166147,-14.971221923828125,-1.6416476964950562,1.2652785778045654,-0.036877065896987915,153.6896514892578
21.051313058000233,12.541185247661266,15.95643760085941,-14.97747802734375,-1.2722595302555706,2.004515968877109,-0.03364777937531471,154.01165771484375
21.100676104000286,12.481701375777522,16.006676756236036,-14.980361938476562,-1.6400704383850098,1.2289702892303467,-0.02994571439921856,154.20912170410156
21.15061872000024,12.354580317519588,16.092983807479357,-14.986129760742188,-1.6445865631103516,1.2076503038406372,-0.015080763958394527,154.42263793945312
21.200665782000215,12.3011216319377,16.15306194547857,-14.9881591796875,-1.2911877926779511,1.9465424467397567,-0.013049340806901455,154.73663330078125
21.250885896,12.157985673028737,16.243134088801206,-14.9952392578125,-1.643183708190918,1.211026906967163,-0.04686909541487694,154.95578002929688
21.300939690000178,12.10410076728608,16.300827306308975,-14.99822998046875,-1.2486173468724053,2.0384305881702334,-0.009991778992116451,155.27487182617188
21.35062494800013,11.980103758795783,16.38028981007397,-14.999984741210938,-1.6203193664550781,1.1992590427398682,-0.0009412234066985548,155.4756622314453
21.40083542399998,11.927186971334798,16.439356023805335,-14.999282836914062,-1.2981344342878618,1.9123332475968944,0.0018020403804257512,155.81417846679688
21.451097245000255,11.790537122397412,16.530943252823548,-14.9993896484375,-1.6090716123580933,1.1947777271270752,-0.014646675437688828,156.0577392578125
21.500112183000056,11.733838608944385,16.585581139884926,-14.999435424804688,-1.2784721017110052,1.9519161684089084,-0.02617630362510681,156.391845703125
21.550365072000204,11.608420928941674,16.659196738114268,-14.999664306640625,-1.6313717365264893,1.1370761394500732,-0.020596666261553764,156.59762573242188
21.600050037000074,11.548698451120513,16.70494354047897,-14.99810791015625,-1.6215463876724243,1.115944504737854,0.020966265350580215,156.83755493164062
21.650746415999947,11.489639323311163,16.75520331938189,-14.995285034179688,-1.2700828161831608,1.9693710525303942,-0.015008107759058475,157.15895080566406
21.700920064,11.344759448300078,16.828537424868255,-14.99261474609375,-1.6412184238433838,1.0556437969207764,-0.03221582621335983,157.37322998046875
21.750396229000216,11.290130969902535,16.884996726068785,-14.990478515625,-1.246570581367675,2.0348942570539315,-0.02666602097451687,157.78399658203125
21.800777586000095,11.164574990287587,16.953336142298326,-14.986068725585938,-1.6632219552993774,0.9999887347221375,-0.010740508325397968,158.0615692138672
21.851237048000257,11.110710497270958,17.005477949812267,-14.983917236328125,-1.36076948338112,1.7400272414458242,-0.0015607791719958186,158.41213989257812
21.901811784000074,10.967275001061108,17.083473611571197,-14.979904174804688,-1.6372575759887695,1.0474814176559448,-0.015636928379535675,158.6787567138672
21.95089544700022,10.914123629071263,17.140425550201968,-14.9781494140625,-1.2277678896312292,2.1004917788251296,0.006609437987208366,159.04827880859375
22.000443269000243,10.785306585895086,17.212980263086163,-14.970260620117188,-1.6493834257125854,1.0130046606063843,0.005226212088018656,159.29705810546875
22.050921130000006,10.724370039185949,17.26018697011856,-14.965347290039062,-1.6617070436477661,0.9776626825332642,0.014955096878111362,159.56591796875
22.105951410000216,10.64389691425406,17.302659887359283,-14.959442138671875,-1.6645256280899048,0.9674436450004578,0.03609960526227951,159.6947784423828
22.151197380000212,10.518953950118702,17.3942393429081,-14.953567504882812,-1.6480348110198975,0.9641045331954956,0.013033241964876652,160.23570251464844
22.200433125000018,10.391882082188877,17.472665609371038,-14.951934814453125,-1.4047162474882138,1.7099699276902653,-0.05605597421526909,160.59356689453125
22.25035168500017,10.328276676080023,17.517487641802838,-14.953460693359375,-1.668211817741394,0.9677501916885376,-0.05444372445344925,160.8230438232422
22.301543791000313,10.24800836742832,17.57049008807266,-14.956039428710938,-1.6775072813034058,0.965013325214386,-0.056578584015369415,161.06195068359375
22.35055213700025,10.125541211633438,17.660929744838942,-14.959762573242188,-1.675257682800293,0.9732376337051392,-0.05241238325834274,161.4857940673828
22.40049745200031,10.064257364429814,17.709598188747634,-14.962203979492188,-1.6716632843017578,0.9796969294548035,-0.03858384117484093,161.74606323242188
22.450356877000104,9.9423049367092,17.796782395547094,-14.96771240234375,-1.3857957729185615,1.8563240223126518,-0.0553140826523304,162.1237335205078
22.50077606600007,9.866959019072286,17.85672911950154,-14.970947265625,-1.6778315305709839,0.9461778402328491,-0.06296943128108978,162.44125366210938
22.55041957000003,9.73697616982446,17.93110024780043,-14.9775390625,-1.5271541855296777,1.379245021542462,-0.08785953372716904,162.72808837890625
22.600948725000308,9.675601133044525,17.972938565664183,-14.981536865234375,-1.6855865716934204,0.8845100402832031,-0.11566881835460663,162.93130493164062
22.65032615700011,9.551389195661617,18.044834170495843,-14.98724365234375,-1.4352481307298912,1.706839037629012,-0.12463250011205673,163.31427001953125
22.700382033000096,9.475721982189707,18.089553094645563,-14.989852905273438,-1.694212555885315,0.7921356558799744,-0.0921948105096817,163.55674743652344
22.750298219000342,9.35196678548909,18.148925108878117,-14.99237060546875,-1.682328224182129,0.8124074935913086,-0.12129897624254227,163.790283203125
22.8003157940002,9.295495238251531,18.200966200938062,-14.993515014648438,-1.692160964012146,0.7587791085243225,-0.13000304996967316,164.17672729492188
22.851173714000197,9.173156019272582,18.26059262929678,-14.995346069335938,-1.6831107139587402,0.7589421272277832,-0.07839199900627136,164.4115447998047
22.90085131600017,9.098015984513104,18.31715859742722,-14.997634887695312,-1.4315723449187945,1.684556337074581,-0.06751149147748947,164.79750061035156
22.951345817999936,8.974297777127564,18.379303957366528,-15.001449584960938,-1.2621976604163583,2.291223635333046,-0.08459386229515076,165.07203674316406
23.00109226700033,8.918542392936528,18.429449212014912,-15.004501342773438,-1.313309969451531,2.118370538740203,-0.08688654005527496,165.43856811523438
23.05241144499996,8.85981093013023,18.4720737354756,-15.008758544921875,-1.4006024923935176,1.8213753379689783,-0.09378548711538315,165.70953369140625
23.10097050100012,8.723984229050796,18.541098572852135,-15.018356323242188,-1.3586876837091015,2.036937313891883,-0.08474382013082504,165.9597930908203
23.152405397000166,8.6657133345818,18.575423009027553,-15.019287109375,-1.6673046350479126,0.7594943046569824,-0.03435567766427994,166.11636352539062
23.201754587000323,8.536754044595618,18.649486282973868,-15.0152587890625,-1.4427128786458625,1.6063452905495013,-0.002963599981740117,166.4451904296875
23.250989672000287,8.482900586832965,18.690089187130297,-15.013687133789062,-1.6349382400512695,0.7555268406867981,-0.008436552248895168,166.67662048339844
23.301198315999955,8.362577730338728,18.749034555182146,-15.010696411132812,-1.640990138053894,0.7152624130249023,-0.006815358996391296,166.91249084472656
23.35058981300017,8.306569094086868,18.790208521514796,-15.009185791015625,-1.6453137397766113,0.6876660585403442,0.020199820399284363,167.17117309570312
23.401448853000147,8.187056698631375,18.841646385166086,-15.005126953125,-1.637596607208252,0.6720408797264099,0.0205196775496006,167.36285400390625
23.450739426999917,8.129261851111728,18.87645733598543,-15.00384521484375,-1.4909034890747555,1.324151659806037,0.02357354201376438,167.57034301757812
23.50059632400007,8.072953942349278,18.913996560114004,-15.00250244140625,-1.6343704462051392,0.6874364614486694,0.033122651278972626,167.80184936523438
23.550447937000172,7.94033925904095,18.970848435429566,-14.995330810546875,-1.4677997795824083,1.4306110953667925,0.024613946676254272,168.05393981933594
23.600204444000155,7.895474598128527,19.061925861019162,-14.992019653320312,0.10752332115558261,9.591065772143963,0.012351383455097675,168.94302368164062
23.65113387700012,7.777739222890107,19.114738378219958,-14.984878540039062,-1.630558729171753,0.6589881777763367,0.034788165241479874,169.19810485839844
23.70093357700034,7.718615965169687,19.16044302101722,-14.980804443359375,-1.509927960459228,1.3896446057765859,0.013805137947201729,169.5736541748047
23.75046419199998,7.578810560144708,19.212980977208975,-14.974822998046875,-1.678109049797058,0.5922901034355164,-0.025934239849448204,169.82803344726562
23.801282922000155,7.518633946634449,19.256612089005937,-14.971435546875,-1.5220979858731964,1.5072142496001413,-0.00922409351915121,170.19839477539062
23.851421804999973,7.390832862313149,19.298266359441318,-14.965438842773438,-1.7148048877716064,0.5122729539871216,-0.03626149147748947,170.4187469482422
23.900315141000192,7.331851314207752,19.34161088157185,-14.963363647460938,-1.62044437948753,1.1289223557295225,-0.04063083231449127,170.80381774902344
23.95042875800027,7.178636636896183,19.380457688266226,-14.959259033203125,-1.7356091737747192,0.4365655183792114,-0.0194522924721241,171.0612030029297
24.001221908999923,7.113885726194136,19.406158141313597,-14.957931518554688,-1.7493112087249756,0.3916534185409546,-0.02425304800271988,171.275146484375
24.051707157000237,6.978959890985936,19.45123257276154,-14.956802368164062,-1.6589664819350811,1.040794988802602,-0.04135093465447426,171.6420135498047
24.101025525000296,6.9121252126243755,19.480402233860893,-14.956695556640625,-1.7660168409347534,0.33887678384780884,-0.03767688199877739,171.90219116210938
24.150997851000284,6.7613236105157,19.52998566029911,-14.956146240234375,-1.630325491919176,1.422597655132748,-0.054564468562603,172.27496337890625
24.20107667299999,6.693783128288226,19.5612413592396,-14.953689575195312,-1.787550926208496,0.3405130207538605,-0.05679013580083847,172.54046630859375
24.252876541000205,6.627021894566798,19.59139215076288,-14.952163696289062,-1.8049970865249634,0.31382817029953003,-0.07543584704399109,172.79954528808594
24.30033606799998,6.488748604281329,19.639419911583765,-14.951583862304688,-1.8231405019760132,0.27969399094581604,-0.05168972536921501,173.19342041015625
24.350328453000202,6.398445428019917,19.669433476478215,-14.95343017578125,-1.8423289060592651,0.26443570852279663,-0.05600351095199585,173.46038818359375
24.400559961,6.2572138948118505,19.71239838213379,-14.955337524414062,-1.752696812759063,1.2301369192488534,-0.029261622577905655,173.8326416015625
24.450509758999942,6.186390572037941,19.74122158220918,-14.95074462890625,-1.8758443593978882,0.20371857285499573,-0.03656972572207451,174.13282775878906
24.500504470000124,6.045347662096633,19.779408599214822,-14.94451904296875,-1.810959237188783,1.0714110827369732,-0.05576327443122864,174.5121307373047
24.550401867000346,5.956995188038331,19.8011119600774,-14.940933227539062,-1.8948023319244385,0.16855767369270325,-0.06158951669931412,174.72149658203125
24.600397966999935,5.815455021662082,19.83890333225151,-14.933258056640625,-1.8114547519040702,1.022877875267706,-0.04066772013902664,175.0892791748047
24.650403971000287,5.747099661472887,19.86379439923794,-14.929901123046875,-1.8909008502960205,0.11061060428619385,-0.03825891390442848,175.35067749023438
24.700891870000305,5.607327646993773,19.89957313623898,-14.923294067382812,-1.8275985890054893,0.9632253346706938,-0.04134485870599747,175.67193603515625
24.750276060000033,5.521424747558969,19.924491835786064,-14.920989990234375,-1.877787709236145,0.1076209768652916,-0.04798268526792526,175.8882598876953
24.801200810999944,5.383979768707556,19.953723506801804,-14.918014526367188,-1.8716397285461426,0.12305784970521927,-0.066499263048172,176.11968994140625
24.85061365799993,5.3154445994594415,19.989500521002963,-14.916000366210938,-1.8169511718165015,0.9329724756171773,-0.04566672444343567,176.47824096679688
24.900318797000182,5.179326336658542,20.02015225896054,-14.912765502929688,-1.8651717901229858,0.15411964058876038,-0.04860664904117584,176.7112579345703
24.9504393860002,5.09411001968798,20.069306531566035,-14.907440185546875,-1.79434203718256,1.606479027687185,-0.07837413996458054,177.17149353027344
25.00036226500015,4.959311344730138,20.102449502616164,-14.902618408203125,-1.8570821285247803,0.17860403656959534,-0.10139308869838715,177.3813018798828
25.05019607300028,4.8940472874567025,20.14562175598078,-14.900619506835938,-1.8102171939474518,1.1498674506671671,-0.10215945541858673,177.7863311767578
25.101095133999934,4.7611131462953376,20.185837186280473,-14.891998291015625,-1.845951795578003,0.1970982849597931,-0.07322623580694199,178.03709411621094
25.150221461,4.68034979032406,20.229166760607317,-14.886947631835938,-1.8302852256742737,0.9902851093596963,-0.07145676016807556,178.39456176757812
25.200399799000024,4.549537494155761,20.268476983245165,-14.88372802734375,-1.8446520566940308,0.1879623383283615,-0.10191825777292252,178.65554809570312
25.25092639400009,4.4852524208980755,20.30863608642187,-14.883697509765625,-1.8323651525156146,1.1577864679638492,-0.1104295626282692,179.03225708007812
25.300964424000085,4.421156296996934,20.33865395397596,-14.883926391601562,-1.8661530017852783,0.15241114795207977,-0.11636937409639359,179.2952423095703
25.35144630800005,4.273156081483482,20.3723918420623,-14.882522583007812,-1.866673231124878,0.10329398512840271,-0.09828412532806396,179.5406036376953
25.400580653999896,4.208745961745666,20.410232339943214,-14.881729125976562,-1.8560153445180598,0.962492505571027,-0.08734598755836487,179.9265594482422
25.451147239999955,4.079436738272055,20.444879991848868,-14.87811279296875,-1.8510990142822266,0.04491959512233734,-0.0583050511777401,-179.7808380126953
25.50021869400007,4.014564847369622,20.483491204033736,-14.875350952148438,-1.8548067969822097,1.1049447328943431,-0.0752372071146965,-179.39682006835938
25.550468348000322,3.8695312212988497,20.515575095254466,-14.87158203125,-1.8590625524520874,0.015734625980257988,-0.09218981862068176,-179.14166259765625
25.600944433000222,3.802038506027711,20.54795636056526,-14.871231079101562,-1.8863042335071951,0.8161286331093048,-0.11681137979030609,-178.83242797851562
25.6504208450001,3.669873053614168,20.577331959880226,-14.873153686523438,-1.8675531148910522,0.003014588262885809,-0.1307244747877121,-178.60374450683594
25.700538738999967,3.602815365122593,20.614647070282924,-14.873733520507812,-1.9035800437773405,1.1520270188148396,-0.1195443719625473,-178.22850036621094
25.751152691000243,3.452421423227233,20.645091845478238,-14.874740600585938,-1.870671272277832,-0.030008720234036446,-0.08888577669858932,-177.98788452148438
25.800114438000037,3.386395242048028,20.667595129292042,-14.875167846679688,-1.8699729442596436,-0.04555128142237663,-0.09253879636526108,-177.76437377929688
25.850208767999902,3.2494173837768745,20.70333729626985,-14.873565673828125,-1.86864173412323,-0.05227457359433174,-0.0693344995379448,-177.38394165039062
25.900292684000306,3.1815371909291716,20.728031229704456,-14.872833251953125,-1.8581187725067139,-0.06138455122709274,-0.041393082588911057,-177.11416625976562
25.95085186999995,3.11452314601609,20.755572612562354,-14.871322631835938,-1.897535273249862,0.7812416166443727,-0.026947490870952606,-176.81068420410156
26.00019668799996,2.958177137716671,20.78427668958062,-14.87921142578125,-1.8969026803970337,-0.023408658802509308,-0.11786458641290665,-176.5516815185547
26.050596594000126,2.8881527886961287,20.819402052785218,-14.884231567382812,-1.96989911740377,1.0094627011839583,-0.13026872277259827,-176.17527770996094
26.100993431000006,2.7483332442797312,20.836970907506263,-14.891250610351562,-1.9126843214035034,-0.11787869036197662,-0.17850147187709808,-175.97142028808594
26.150682189000236,2.6762300617053514,20.869967898681736,-14.8946533203125,-1.983010450989504,0.8311036338530242,-0.1708044409751892,-175.56971740722656
26.200418433000323,2.5200918783299757,20.885409368737314,-14.90045166015625,-1.9112375974655151,-0.15179727971553802,-0.14030428230762482,-175.32928466796875
26.250936035999985,2.4470846633201466,20.914750287322406,-14.90374755859375,-1.9914985141293073,0.7117773745445515,-0.15668483078479767,-174.96022033691406
26.30028897400007,2.3078407232491926,20.926540603817948,-14.909011840820312,-1.8997085094451904,-0.2549254596233368,-0.10085339844226837,-174.7101593017578
26.350800484000047,2.237882975115509,20.939660358813452,-14.908828735351562,-1.8949546813964844,-0.2708398401737213,-0.0774037092924118,-174.4756317138672
26.400570233000053,2.085333520080808,20.947104424328934,-14.907119750976562,-1.8817404508590698,-0.32076579332351685,-0.08084698766469955,-174.16404724121094
26.45087028600028,2.0178380344481335,20.96004571667681,-14.907058715820312,-1.8728350400924683,-0.33126476407051086,-0.07351391017436981,-173.9051971435547
26.500399602000016,1.883066805488295,20.97573839075828,-14.898727416992188,-1.9626457599283096,0.4060803331073354,-0.043742235749959946,-173.5100860595703
26.55062445900012,1.8160002177147465,20.98402069422665,-14.895828247070312,-1.8879696130752563,-0.35587233304977417,-0.058812107890844345,-173.2982635498047
26.600972096000078,1.6638870310311944,20.99368130918729,-14.886947631835938,-2.0208463668797463,0.5705847760639248,-0.045790866017341614,-172.9449005126953
26.650439503000143,1.5952686407635124,21.00775672520047,-14.882705688476562,-1.9029723405838013,-0.3354189991950989,-0.02942361868917942,-172.677490234375
26.700975282999934,1.4602119811051413,21.018215512119347,-14.876388549804688,-2.005395670403594,0.4251284130502596,-0.06159710884094238,-172.35935974121094
26.750168653999935,1.3895489145485875,21.03059097150828,-14.874404907226562,-1.912896752357483,-0.36707910895347595,-0.06367604434490204,-172.12039184570312
26.80036004600015,1.2350665252666442,21.036233265997787,-14.8731689453125,-2.029344182414959,0.4072459111205875,-0.07824476063251495,-171.7902069091797
26.850545667999995,1.1626618388699086,21.04863980355026,-14.871292114257812,-1.904449462890625,-0.43549615144729614,-0.06951180100440979,-171.51339721679688
26.901612888000273,1.0904745069829804,21.056743671872653,-14.869461059570312,-1.913206696510315,-0.4799281358718872,-0.08200153708457947,-171.2763214111328
26.950433141000303,0.9496135268594994,21.059884013511557,-14.867630004882812,-1.9132161140441895,-0.527207612991333,-0.07549375295639038,-170.91793823242188
27.001117220000197,0.858946975071964,21.060574348001836,-14.863693237304688,-1.920303463935852,-0.5117366313934326,-0.1132832020521164,-170.69094848632812
27.05106485200031,0.7164273478668459,21.062650846175316,-14.860687255859375,-2.106481017798654,0.5364666790870756,-0.10667578876018524,-170.31460571289062
27.100510230000054,0.6443958530714129,21.06971409827641,-14.860153198242188,-1.920117735862732,-0.5388337969779968,-0.10738149285316467,-170.05763244628906
27.150236247000066,0.49962156539800784,21.07562257889306,-14.86248779296875,-2.094222792332603,0.39125492189757083,-0.09921848028898239,-169.65237426757812
27.201127263000217,0.4105576342085655,21.08026775199186,-14.863510131835938,-1.9002481698989868,-0.6192224025726318,-0.0746510773897171,-169.36215209960938
27.250445279999894,0.2669172506735906,21.080238767145588,-14.859588623046875,-2.0968738988647373,0.35247092818758985,-0.044702451676130295,-168.99490356445312
27.300786182000138,0.19420462991190846,21.085684747087207,-14.85711669921875,-1.9159904718399048,-0.624321460723877,-0.045875634998083115,-168.74951171875
27.350471602000198,0.04849301496736125,21.091700674381837,-14.85394287109375,-2.0956702059793844,0.2630249764410332,-0.04834095388650894,-168.34307861328125
27.400939593000203,-0.04477984795472967,21.097840800984006,-14.853790283203125,-1.9272559881210327,-0.6051870584487915,-0.064926877617836,-168.07232666015625
27.450791037000272,-0.18835196994357517,21.090315758833796,-14.855545043945312,-1.9373358488082886,-0.6014537215232849,-0.08034614473581314,-167.819091796875
27.50036351300014,-0.2685424327504009,21.11969955978525,-14.857177734375,-2.185889378393714,0.5135317340995516,-0.05634641647338867,-167.34625244140625
27.550414069,-0.4137243144183884,21.123814823955552,-14.859451293945312,-1.93034827709198,-0.5310482382774353,-0.05818541720509529,-167.05078125
27.60073203999991,-0.5068053516269622,21.14261432149288,-14.863235473632812,-2.1719504790261492,0.48446628700640115,-0.05818695202469826,-166.68649291992188
27.65034372700029,-0.6490612313206645,21.14994845356457,-14.87249755859375,-1.9659929275512695,-0.4707387089729309,-0.08352689445018768,-166.39833068847656
27.700326034000227,-0.7235905669717564,21.168797736979375,-14.8778076171875,-2.1471149847354534,0.22285511687881565,-0.11966975033283234,-166.07058715820312
27.750838683999973,-0.8684249723088602,21.170162678343747,-14.889678955078125,-1.9624923467636108,-0.5132010579109192,-0.12874291837215424,-165.82232666015625
27.80019555400031,-0.9615982735029744,21.182894266423684,-14.897354125976562,-2.1634494848410313,0.27936293614996577,-0.14070163667201996,-165.50697326660156
27.851344528000027,-1.0341786426445019,21.1889363587471,-14.903091430664062,-1.9490960836410522,-0.509784996509552,-0.13550899922847748,-165.29295349121094
27.90034137700013,-1.1787848129622098,21.17982476107828,-14.908660888671875,-1.9242981672286987,-0.5425005555152893,-0.1111956313252449,-165.087158203125
27.950593617000322,-1.254874972223643,21.191772728939483,-14.910781860351562,-1.9376970529556274,-0.5376180410385132,-0.08474469184875488,-164.773681640625
28.00020022300032,-1.4159057666052153,21.167701520582288,-14.914505004882812,-1.9139562845230103,-0.6259568333625793,-0.041081540286540985,-164.56130981445312
28.05095914100002,-1.4929195431176767,21.173693009062422,-14.916213989257812,-2.116534380431827,0.10237344454665842,-0.03556637465953827,-164.22666931152344
28.100236470000254,-1.6333346218172808,21.14599719516291,-14.919219970703125,-1.9075206518173218,-0.6653451919555664,-0.047219350934028625,-164.0053253173828
28.150748273000318,-1.7080215887993848,21.151164599443558,-14.920166015625,-2.216339281602237,0.3507190614098388,-0.03406929597258568,-163.64759826660156
28.200345535999986,-1.861888247145166,21.117574380531813,-14.923660278320312,-1.9359081983566284,-0.6928222179412842,-0.05822398141026497,-163.37379455566406
28.2504694700001,-1.9364612895608655,21.121972698203315,-14.92474365234375,-2.1439816336000073,0.01605947790745954,-0.06648939102888107,-163.0261688232422
28.300282971000343,-2.0738185544455394,21.091529940834008,-14.9248046875,-1.9219863414764404,-0.7169958353042603,-0.05044155567884445,-162.80372619628906
28.35096254300015,-2.1477862030576667,21.096883394461575,-14.924911499023438,-2.1777128165977184,0.14078759658401696,-0.03326008468866348,-162.43553161621094
28.400712067000313,-2.2982530299156423,21.0588024895245,-14.92047119140625,-1.8910542726516724,-0.6899064183235168,-0.021685950458049774,-162.1801300048828
28.451015371000267,-2.367904110371307,21.054089060371044,-14.91900634765625,-1.8925422430038452,-0.692307710647583,-0.01790335588157177,-161.93040466308594
28.50590001899991,-2.4367569626831482,21.047817700639932,-14.917678833007812,-1.974735371583415,-0.4632048940738683,-0.0366264171898365,-161.6923370361328
28.640542628000276,-2.627251200306267,20.9716252140275,-14.916976928710938,-1.8748183250427246,-0.7872980833053589,-0.06327076256275177,-161.58575439453125
28.663290768000024,-2.774503681549735,20.921740830190313,-14.92266845703125,-2.3036244869360067,0.4650044343073847,-0.06716736406087875,-161.35313415527344
28.67496290600002,-2.840760331570655,20.900665189820813,-14.926620483398438,-2.5946930572806544,1.2711306854845268,-0.08406395465135574,-161.23193359375
28.700120376000086,-2.8514909476804986,20.9319047356645,-14.926620483398438,-1.8879388570785522,-0.8087452054023743,-0.08406395465135574,-160.85342407226562
28.75020663000032,-2.998769547277198,20.93145233502827,-14.934844970703125,-1.8818248510360718,-0.8042645454406738,-0.05128515139222145,-160.13656616210938
28.802140705000056,-3.070425639410754,20.923389053753386,-14.938980102539062,-1.8766412734985352,-0.8110193610191345,-0.052769776433706284,-159.88888549804688
28.853052652000315,-3.2213227848705888,20.885098826118806,-14.94586181640625,-2.159984743159539,-0.011759501203955303,-0.01219345722347498,-159.58836364746094
28.900517172000036,-3.288578467974915,20.87186891481296,-14.948333740234375,-1.8524526357650757,-0.8432226777076721,-0.010654381476342678,-159.3804168701172
28.950718449000306,-3.4192212953974153,20.837774049757602,-14.952468872070312,-2.219290179133375,0.09233506297765037,0.0022799295838922262,-159.03443908691406
29.001095713000268,-3.4853028526755283,20.823511019793482,-14.954360961914062,-1.8458658456802368,-0.8855326771736145,-0.0010291676735505462,-158.82876586914062
29.05220489300018,-3.6361491264438914,20.78128461535845,-14.957839965820312,-2.136142389186263,-0.10827232903191764,0.004107301123440266,-158.45230102539062
29.10052386899997,-3.7037233443242545,20.766789356054087,-14.95880126953125,-1.8327672481536865,-0.897108793258667,0.0033892083447426558,-158.23916625976562
29.1507010600003,-3.838690502707119,20.7346733245623,-14.963348388671875,-2.1919176781667353,-0.06721408057022304,-0.02223323844373226,-157.84327697753906
29.200759652000215,-3.907603547526808,20.722464295775932,-14.966217041015625,-1.831972599029541,-0.9371877908706665,-0.02620541863143444,-157.5924530029297
29.251474302000133,-3.9897698225152904,20.699708048356595,-14.969985961914062,-1.8201731443405151,-0.956330418586731,-0.041675541549921036,-157.3691864013672
29.300380123000195,-4.124088606393883,20.666596801328808,-14.981765747070312,-1.8312735557556152,-0.960502564907074,-0.05323060229420662,-156.94683837890625
29.35052451899992,-4.1921681702778315,20.652242607687036,-14.988388061523438,-1.8303643465042114,-0.9745159149169922,-0.06973545998334885,-156.70701599121094
29.400477795999905,-4.325495230035077,20.61603570236167,-15.0029296875,-2.2029439290029513,-0.1429930792762104,-0.04761100932955742,-156.32675170898438
29.451260463999915,-4.410622720352037,20.597925420192926,-15.011276245117188,-1.820372462272644,-0.9553532600402832,-0.00017774914158508182,-156.02757263183594
29.5009962070003,-4.543798996943837,20.56501255409362,-15.022201538085938,-2.300899145269868,0.051450688087718355,-0.011637126095592976,-155.59971618652344
29.55041452000023,-4.611980259558843,20.551204756455668,-15.028396606445312,-1.8445322513580322,-0.9615820050239563,-0.018310898914933205,-155.3284912109375
29.600739455000166,-4.744948815072333,20.517425822171262,-15.038589477539062,-2.254718354418028,-0.08855872329302517,-0.01034481730312109,-154.90541076660156
29.651143705000322,-4.826110566565893,20.49009189310548,-15.046417236328125,-2.466736131875183,0.3101364076156117,-0.027620971202850342,-154.69677734375
29.701648329999898,-4.952980940739088,20.43542747679887,-15.061141967773438,-1.8482871055603027,-0.9937027096748352,-0.013747290708124638,-154.4404296875
29.750513115000103,-5.024462482167471,20.425620501641554,-15.066986083984375,-1.852806806564331,-0.9986814856529236,0.009206648916006088,-154.09341430664062
29.80081273399992,-5.148133682118842,20.3682405767098,-15.078506469726562,-1.8594648838043213,-1.0185102224349976,-0.0005088672041893005,-153.86399841308594
29.85026976600011,-5.23559693997456,20.352957682433605,-15.085357666015625,-2.3430912769024057,-0.05216285559814726,-0.009463327005505562,-153.46595764160156
29.900914255000316,-5.359401639004827,20.299596295847987,-15.09649658203125,-1.8549259901046753,-1.00852632522583,0.036520227789878845,-153.23074340820312
29.95134688600001,-5.430308026592419,20.293560767480056,-15.101531982421875,-2.351109645429287,-0.014374817980236987,0.06614867597818375,-152.85592651367188
30.001694262,-5.553175869243213,20.245216255932952,-15.109207153320312,-1.8471670150756836,-1.0067979097366333,0.05356966331601143,-152.58560180664062
30.050868917000116,-5.637428330390426,20.23110081877465,-15.118484497070312,-2.4047998507788164,0.06307394143112077,0.05763301998376846,-152.2288360595703
30.101121309000064,-5.703848020137897,20.21758135038793,-15.12542724609375,-1.864100456237793,-0.9667142629623413,0.03649450093507767,-151.9834442138672
30.15123742500009,-5.831189009750062,20.17977726728265,-15.136764526367188,-2.557240768439051,0.33144888099032643,0.06908498704433441,-151.6251983642578
30.20112284200013,-5.896036710308946,20.16438682394702,-15.141998291015625,-1.8638895750045776,-0.9583762288093567,0.07615085691213608,-151.3860321044922
30.252327741000045,-6.030081948563716,20.106159146825874,-15.150390625,-1.8458484411239624,-1.01394784450531,0.06318424642086029,-151.1446990966797
30.30062035600031,-6.100763306647687,20.100504655142526,-15.154159545898438,-1.844254732131958,-1.0129914283752441,0.04258045181632042,-150.75047302246094
30.35079224099991,-6.2191626264155335,20.048715822359874,-15.160446166992188,-1.8478927612304688,-1.0048868656158447,0.04538147896528244,-150.47512817382812
30.400149022000278,-6.288104753852013,20.03921682546096,-15.162826538085938,-2.2681772000299447,-0.280513490376714,0.06197280064225197,-150.12696838378906
30.451312299000165,-6.416902878821662,19.970000176770338,-15.161026000976562,-1.802432894706726,-1.0863341093063354,0.0853118970990181,-149.89266967773438
30.500895825000043,-6.487037178114003,19.960038622025962,-15.159652709960938,-2.5537906495468174,0.15894889958224967,0.09354567527770996,-149.50820922851562
30.55100607600025,-6.60527354039775,19.902773947259043,-15.157257080078125,-1.8078296184539795,-1.1149969100952148,0.07448029518127441,-149.24978637695312
30.601135397000235,-6.674314371734548,19.89098976644741,-15.156478881835938,-2.154407042813366,-0.5571910662064803,0.06432738155126572,-148.8777618408203
30.651335616000324,-6.804171288526727,19.820142352118147,-15.155975341796875,-1.7815499305725098,-1.1740169525146484,0.08924390375614166,-148.60501098632812
30.70059256500008,-6.873431801680651,19.808198655455506,-15.156875610351562,-2.192405859011279,-0.512159939246944,0.11724112927913666,-148.2081298828125
30.750864569999976,-6.988735072825812,19.745302144613447,-15.155105590820312,-1.7843440771102905,-1.1629468202590942,0.15460345149040222,-147.957763671875
30.800414918000115,-7.051872804764752,19.722482478064517,-15.15374755859375,-1.7790998220443726,-1.1620179414749146,0.16473358869552612,-147.71697998046875
30.850971114999993,-7.172497713618567,19.66769689259711,-15.149459838867188,-2.2022837048046293,-0.4880951018359261,0.19838730990886688,-147.35769653320312
30.9006188379999,-7.245655122555239,19.629436215221524,-15.145980834960938,-1.7481719255447388,-1.210881233215332,0.1933644562959671,-147.17578125
30.950710522999998,-7.312955784594063,19.613083106213566,-15.14306640625,-2.1975742192269534,-0.5263076340957846,0.20310230553150177,-146.8284149169922
31.000944965000144,-7.4261340877644475,19.546721402980314,-15.136093139648438,-1.732882022857666,-1.2447121143341064,0.20463930070400238,-146.5791778564453
31.050814295000237,-7.495943238923943,19.532393215183536,-15.132583618164062,-2.2085509078618513,-0.5484193199553423,0.19290180504322052,-146.1867218017578
31.100558268999976,-7.617068136445462,19.448367991411914,-15.12249755859375,-1.6869295835494995,-1.3458285331726074,0.17956918478012085,-145.93194580078125
31.150418818000162,-7.6832229138136965,19.427546484493163,-15.118423461914062,-2.2168270216074855,-0.5981286062403389,0.17618723213672638,-145.5821075439453
31.200391307000245,-7.793453431701813,19.352024458078454,-15.120132446289062,-1.7305411100387573,-1.3573830127716064,0.15565258264541626,-145.38584899902344
31.250184163000085,-7.855971077652991,19.32346107986608,-15.123916625976562,-1.7282036542892456,-1.3775595426559448,0.1356886774301529,-145.16322326660156
31.300465237000026,-7.9892461952866025,19.246205542957668,-15.131088256835938,-2.0236779639748796,-0.9592696217970709,0.15237528085708618,-144.8434295654297
31.351032599000064,-8.05232732216745,19.215768584327645,-15.135726928710938,-1.7461575269699097,-1.3729830980300903,0.14954179525375366,-144.65744018554688
31.401703445000294,-8.178753896502235,19.153771422234087,-15.142807006835938,-2.347806550703429,-0.5374650436123676,0.13381849229335785,-144.31051635742188
31.451203595000152,-8.248759582370788,19.13008911172118,-15.145797729492188,-1.7411432266235352,-1.3759437799453735,0.15702521800994873,-144.0423126220703
31.500904766000076,-8.39673570548133,19.063051065756014,-15.1492919921875,-2.321464884238157,-0.5827854300338361,0.15173405408859253,-143.66319274902344
31.550971937000213,-8.46845466139094,19.041031108080013,-15.14996337890625,-1.771974802017212,-1.3408255577087402,0.15716692805290222,-143.38555908203125
31.60101955400023,-8.5365377520161,19.01175559222317,-15.150772094726562,-1.7603272199630737,-1.3610111474990845,0.17476792633533478,-143.17636108398438
31.650174646000323,-8.667559648836175,18.946092598578776,-15.15167236328125,-1.7471438646316528,-1.4006600379943848,0.12614116072654724,-142.8343963623047
31.70077456900026,-8.738923209518834,18.92037803454957,-15.151870727539062,-1.7551255226135254,-1.411352276802063,0.1330060213804245,-142.55064392089844
31.750268767000307,-8.886281964077602,18.84362054204442,-15.150238037109375,-2.363681175766351,-0.648194544689763,0.1194344013929367,-142.1819610595703
31.8007272509999,-8.957138532453305,18.816017983428523,-15.149368286132812,-1.7598474025726318,-1.437713623046875,0.10719931870698929,-141.91629028320312
31.850084075000268,-9.09552303315372,18.755617584938282,-15.149658203125,-2.4969951153825307,-0.5297296886393991,0.10722967982292175,-141.48947143554688
31.900178416000017,-9.167703758664345,18.72895805175386,-15.149429321289062,-1.7781223058700562,-1.4350297451019287,0.10636710375547409,-141.22743225097656
31.951248677999956,-9.317440098698631,18.65457586461107,-15.152435302734375,-2.20207159480347,-0.918337108701257,0.08112404495477676,-140.88526916503906
32.000408104000144,-9.391218404938826,18.632091599902108,-15.154937744140625,-1.797985315322876,-1.4141254425048828,0.0947149470448494,-140.6134033203125
32.050427823000064,-9.525116146185153,18.56973278069461,-15.158050537109375,-1.8432316780090332,-1.3654589653015137,0.08922792226076126,-140.329833984375
32.10052636099999,-9.606901445164805,18.558475547375554,-15.1651611328125,-2.385896303852816,-0.7172349749890252,0.06321579217910767,-139.92933654785156
32.15040697199993,-9.753185796152952,18.486725740285053,-15.178268432617188,-1.8058366775512695,-1.3881632089614868,0.09741568565368652,-139.66966247558594
32.20085123600029,-9.831397628809711,18.471162575218713,-15.182266235351562,-2.349698162551437,-0.7373721514393006,0.12160217016935349,-139.31007385253906
32.25018771300029,-9.957993092388538,18.408105380161544,-15.189453125,-1.8017462491989136,-1.3875453472137451,0.13164915144443512,-139.07611083984375
32.30105985,-10.036601290583786,18.393520987744598,-15.191543579101562,-2.5504022361358434,-0.5162511142182926,0.1423587203025818,-138.68377685546875
32.35017964300005,-10.171273440743384,18.315759062507805,-15.1954345703125,-1.7496017217636108,-1.4096784591674805,0.1364256590604782,-138.43589782714844
32.40086680100012,-10.244340239611818,18.29644930255607,-15.19610595703125,-2.416161699250101,-0.6627978547293818,0.15614712238311768,-138.07888793945312
32.45131792000029,-10.311145093741933,18.269232476424328,-15.195785522460938,-1.7430331707000732,-1.4228051900863647,0.1725732386112213,-137.83546447753906
32.50248486600003,-10.426975194325419,18.20474645884625,-15.195144653320312,-1.7552911043167114,-1.4130762815475464,0.16747121512889862,-137.57672119140625
32.58429334099992,-10.555009908737123,18.126430926523017,-15.192153930664062,-1.9460609796396189,-1.202850029033502,0.19665588438510895,-137.32383728027344
32.60504642400019,-10.6101400741426,18.09209473882239,-15.1922607421875,-1.7127394676208496,-1.4563050270080566,0.216352179646492,-137.2031707763672
32.65069396300032,-10.684074570349553,18.07682206282204,-15.191024780273438,-1.6923768520355225,-1.4877797365188599,0.23755134642124176,-136.76817321777344
32.7019309530001,-10.752013966007144,18.053384463948227,-15.189117431640625,-2.169505597530249,-0.9870557535086428,0.23248529434204102,-136.43893432617188
32.75068057699991,-10.870909198621774,17.967175182817517,-15.188980102539062,-1.635535717010498,-1.5499885082244873,0.18432310223579407,-136.14820861816406
32.801994383999954,-10.934875038505995,17.939847172891874,-15.18988037109375,-2.1603128378843914,-1.0058070570054607,0.17087355256080627,-135.83126831054688
32.85057287900008,-11.038471576048515,17.859977968172977,-15.190933227539062,-1.593542218208313,-1.6036933660507202,0.15390054881572723,-135.58624267578125
32.90104019799992,-11.095091832163753,17.827124279175514,-15.192352294921875,-1.5943348407745361,-1.607909917831421,0.12925982475280762,-135.3512725830078
32.951876576999894,-11.212847693763194,17.739383585472844,-15.193588256835938,-2.0828796638062363,-1.1014183447118688,0.15803837776184082,-135.00953674316406
33.00109097099994,-11.270631479828197,17.70754569183257,-15.192245483398438,-1.5541255474090576,-1.6301716566085815,0.1684875637292862,-134.7470703125
33.050662752000335,-11.380297916851406,17.63666241135244,-15.188400268554688,-2.545855389199895,-0.6584998841630549,0.15707673132419586,-134.3000030517578
33.10069007600032,-11.440171264893829,17.604412662497374,-15.186065673828125,-1.5048296451568604,-1.6659045219421387,0.16891449689865112,-134.00526428222656
33.151327134999974,-11.550384235090561,17.51689302559541,-15.185012817382812,-2.12403378673987,-1.0830720171084613,0.1719372421503067,-133.6314239501953
33.20144635900033,-11.608361593844588,17.48419882058172,-15.183441162109375,-1.5211105346679688,-1.6763641834259033,0.17707419395446777,-133.34951782226562
33.252914751999924,-11.665532514169424,17.4497650030638,-15.182113647460938,-1.536087155342102,-1.6583354473114014,0.16102899610996246,-133.0943603515625
33.30061506700031,-11.775276296857118,17.37599362134614,-15.17987060546875,-1.5118718147277832,-1.6895915269851685,0.1740611493587494,-132.6781463623047
33.35124945200005,-11.834232792365773,17.340943910927066,-15.177841186523438,-1.5001660585403442,-1.7067049741744995,0.17558273673057556,-132.41004943847656
33.401269947999936,-11.947840677968745,17.246586053338817,-15.173187255859375,-1.9729589507070093,-1.2928228477533579,0.1555781215429306,-132.056884765625
33.45085116900009,-12.003246702066647,17.209135472749104,-15.170318603515625,-1.4519550800323486,-1.7598602771759033,0.1510114222764969,-131.80471801757812
33.50075872300022,-12.109402403587634,17.13014959848273,-15.167861938476562,-2.3803250134803857,-0.9594001946879523,0.12538553774356842,-131.3558349609375
33.551134593999905,-12.16172226227231,17.09093736057742,-15.16827392578125,-1.4718183279037476,-1.7683122158050537,0.14388737082481384,-131.13912963867188
33.60019052300004,-12.273298698963924,16.991794322519578,-15.168014526367188,-2.1875943494153987,-1.180778725260196,0.09808732569217682,-130.78517150878906
33.65050750799992,-12.327728553299535,16.950493856874367,-15.168502807617188,-1.4653847217559814,-1.7999472618103027,0.12419208884239197,-130.5336456298828
33.70251320000034,-12.425881245782374,16.855299279397514,-15.167404174804688,-1.5028382539749146,-1.7827026844024658,0.13124458491802216,-130.27345275878906
33.750646576000236,-12.49090926317893,16.819968820652328,-15.166152954101562,-1.5030250549316406,-1.794442892074585,0.13357692956924438,-129.91983032226562
33.801340124000035,-12.600681495169267,16.70872229645394,-15.160385131835938,-1.4980891942977905,-1.8133012056350708,0.1386837363243103,-129.6641845703125
33.85228645799998,-12.666731586865431,16.67206147399984,-15.157073974609375,-2.2439725015058016,-1.1994548931444537,0.15817587077617645,-129.32835388183594
33.90058383299993,-12.765490415201473,16.570678018594194,-15.150070190429688,-1.5314072370529175,-1.799818754196167,0.14805984497070312,-129.09674072265625
33.95145895099995,-12.834474387869559,16.53499684533456,-15.146484375,-2.4703947526389483,-1.040061018727629,0.14985865354537964,-128.69407653808594
34.00165078200007,-12.942042243964764,16.414092473546305,-15.137069702148438,-1.5276745557785034,-1.8115124702453613,0.1481442004442215,-128.49647521972656
34.05063592700026,-13.007547588017342,16.373167244755294,-15.13330078125,-2.3698708346957837,-1.1632544368848154,0.12833401560783386,-128.1456298828125
34.100506099000086,-13.076901706007867,16.311050010316535,-15.128738403320312,-1.5297999382019043,-1.821138620376587,0.1554633527994156,-127.91148376464844
34.15020490699999,-13.181317119879566,16.230157734189337,-15.123977661132812,-2.503074085471299,-1.0821867585030605,0.11497396975755692,-127.46053314208984
34.200805370000126,-13.249536318232046,16.16697464920146,-15.122406005859375,-1.5164533853530884,-1.8514256477355957,0.10597515106201172,-127.23180389404297
34.25091954200025,-13.353113975476314,16.06049565927855,-15.11944580078125,-1.5124115943908691,-1.8634802103042603,0.10397639125585556,-126.95561218261719
34.30137245500009,-13.419102565068753,16.020078228245886,-15.11859130859375,-2.1180482028771577,-1.4211399097095145,0.09858062118291855,-126.5787353515625
34.351141117000225,-13.514363171859037,15.909876796077898,-15.115631103515625,-1.4681596755981445,-1.896113395690918,0.11095211654901505,-126.36526489257812
34.40095694999991,-13.589072751078989,15.853856901133224,-15.113113403320312,-2.2674012210365513,-1.2935826790413807,0.1431078314781189,-125.99598693847656
34.45073180999998,-13.680324623594927,15.747661193559443,-15.108535766601562,-1.4061564207077026,-1.8984944820404053,0.19147637486457825,-125.75464630126953
34.501519656000255,-13.74422530643022,15.706884222600282,-15.105148315429688,-2.271128299257181,-1.292652265744019,0.1717657893896103,-125.38685607910156
34.551127754999925,-13.834134038372476,15.593427838394192,-15.093093872070312,-1.379164218902588,-1.9294853210449219,0.1609773486852646,-125.14793395996094
34.600205647000166,-13.904872764671149,15.531325089783774,-15.086212158203125,-1.9870157766110905,-1.5003461274749903,0.14337466657161713,-124.80970764160156
34.65038073100004,-13.99578792274141,15.417288456499733,-15.074615478515625,-1.376792550086975,-1.9256809949874878,0.15752017498016357,-124.57159423828125
34.700406318000205,-14.050625657574503,15.367002689851383,-15.0692138671875,-1.3666167259216309,-1.928070068359375,0.14331364631652832,-124.32473754882812
34.75112866900008,-14.154016231837932,15.2612782096199,-15.059310913085938,-1.373787760734558,-1.9200891256332397,0.14341327548027039,-123.93086242675781
34.80072709700016,-14.219496855664167,15.196777292924269,-15.056777954101562,-1.3568549156188965,-1.9455276727676392,0.1022597923874855,-123.64403533935547
34.85098397399997,-14.314493597292923,15.084974313279865,-15.053421020507812,-1.9512395515361458,-1.5478282041655647,0.1105383038520813,-123.34719848632812
34.9020841800002,-14.367509956290384,15.033257921062074,-15.053253173828125,-1.3511035442352295,-1.9309748411178589,0.12807117402553558,-123.1127700805664
34.95162829600031,-14.424443507990032,14.984639252004545,-15.05487060546875,-2.12777573854947,-1.4270006289282515,0.11315823346376419,-122.80350494384766
35.00040942100031,-14.51747066349646,14.851719532872874,-15.057144165039062,-1.3075007200241089,-1.9344956874847412,0.12132836133241653,-122.60075378417969
35.0509295249999,-14.575330029500703,14.80299520924025,-15.05938720703125,-1.9229913770520013,-1.5458632936718228,0.10083523392677307,-122.26074981689453
35.100764172000254,-14.659882402957066,14.684767872871447,-15.063323974609375,-1.300469160079956,-1.938043236732483,0.09577107429504395,-122.02165222167969
35.15183002599997,-14.713834573785128,14.632221695501933,-15.064743041992188,-1.2901699542999268,-1.9584330320358276,0.0904010757803917,-121.7529525756836
35.20092337799997,-14.814833904773078,14.504638146734505,-15.073532104492188,-2.1081512196138146,-1.4697103165680012,0.03924763202667236,-121.3695297241211
35.250705222000306,-14.86664212208983,14.451384715659712,-15.077606201171875,-1.2656457424163818,-1.9799576997756958,0.012995951808989048,-121.1157455444336
35.3013499650001,-14.966307797991833,14.340846651570478,-15.086074829101562,-2.3762845685959215,-1.3280958912552188,-0.007883729413151741,-120.68667602539062
35.35083216000021,-15.021817473505525,14.288045195917146,-15.091094970703125,-1.253528356552124,-1.9897260665893555,-0.022504772990942,-120.40177917480469
35.40084424900033,-15.126076515313322,14.156989247035227,-15.100494384765625,-2.0233206957655785,-1.536694943478466,-0.017412442713975906,-120.03045654296875
35.450870785000006,-15.176417560373519,14.101210656211547,-15.10443115234375,-1.2492231130599976,-1.9819025993347168,-0.023953041061758995,-119.81574249267578
35.50163915200028,-15.237466320626961,14.05147799071086,-15.107406616210938,-1.779569956148598,-1.6650322878994561,0.009445426054298878,-119.46571350097656
35.550333071000296,-15.32423229799736,13.933267569454191,-15.113174438476562,-1.2058758735656738,-1.9788812398910522,0.02121875435113907,-119.19950103759766
35.60028137300014,-15.374577137840735,13.878968757836432,-15.117172241210938,-1.1829075813293457,-1.9707608222961426,0.01579943485558033,-118.94914245605469
35.65056415400022,-15.475425234700888,13.749783959503736,-15.1243896484375,-1.1656086444854736,-1.9632471799850464,0.03467078134417534,-118.55396270751953
35.70125322900003,-15.525200464459346,13.696386417393672,-15.125350952148438,-1.1567052602767944,-1.9625844955444336,0.032140858471393585,-118.31258392333984
35.75152893299992,-15.617208897587965,13.585100788604858,-15.126190185546875,-1.8967048084538856,-1.5550411408790739,0.05528757721185684,-117.96778106689453
35.80144683100025,-15.671554936907569,13.533189153289086,-15.125823974609375,-1.2129409313201904,-1.9144963026046753,0.054187674075365067,-117.71222686767578
35.85094393899999,-15.781281487893896,13.405794056876884,-15.124618530273438,-2.5622755607468344,-1.2089064205234457,0.03814171254634857,-117.31687927246094
35.90136001300016,-15.832338552473725,13.350491699345065,-15.12347412109375,-1.2047674655914307,-1.9049818515777588,0.05150267481803894,-117.11901092529297
35.95052654600022,-15.928749382406728,13.237993579251574,-15.119964599609375,-2.0562557512338424,-1.4681175435452654,0.06291987001895905,-116.74478149414062
36.00050542400004,-15.98177845375325,13.184215458121837,-15.118087768554688,-1.1776715517044067,-1.9011489152908325,0.07120033353567123,-116.49178314208984
36.05089759400016,-16.07270822625562,13.050729304825214,-15.1109619140625,-1.1746692657470703,-1.8861737251281738,0.11753102391958237,-116.26841735839844
36.10072193099995,-16.130540663960772,13.000721756786543,-15.10736083984375,-1.9612382308319152,-1.4995260631349716,0.10776655375957489,-115.93791961669922
36.151029821000066,-16.21277898427216,12.883707375147115,-15.100982666015625,-1.1365886926651,-1.9018776416778564,0.1064651682972908,-115.70970916748047
36.200458806999904,-16.273843372651584,12.83444182956488,-15.10003662109375,-2.0087820017137688,-1.4938232997932124,0.07790610194206238,-115.33027648925781
36.25109407800028,-16.36232701359252,12.699905268380167,-15.098007202148438,-1.1032947301864624,-1.9169814586639404,0.1007564589381218,-115.1085433959961
36.300895652000236,-16.424941921403722,12.650166726727768,-15.095626831054688,-1.909099919149761,-1.5449490911994204,0.10176590085029602,-114.72128295898438
36.35050778799996,-16.474475419239134,12.592222578488453,-15.091903686523438,-1.1196938753128052,-1.9119058847427368,0.08914127200841904,-114.49929809570312
36.400942341000246,-16.566821179269176,12.473476676053009,-15.085769653320312,-1.7990270333036147,-1.622627290639917,0.06768064200878143,-114.15955352783203
36.45131580599991,-16.627270696503764,12.398620886755314,-15.081329345703125,-1.107211709022522,-1.9292019605636597,0.08801524341106415,-113.93175506591797
36.50055293500009,-16.714864788994444,12.271830778118758,-15.071487426757812,-1.0983409881591797,-1.9331748485565186,0.10397505015134811,-113.6925048828125
36.550939649000156,-16.777809071278803,12.217311541170796,-15.066329956054688,-1.8678917532230113,-1.6028246163436861,0.10364632308483124,-113.33853912353516
36.600676553000085,-16.86600037774372,12.090166979889423,-15.05950927734375,-1.1033669710159302,-1.9368888139724731,0.07696281373500824,-113.07821655273438
36.6505427269999,-16.93725665835442,12.018004925830738,-15.056411743164062,-2.006172871119876,-1.5654917694423753,0.06375116854906082,-112.71985626220703
36.70058691200029,-17.02114504935841,11.892731622376317,-15.052322387695312,-1.0644437074661255,-1.95182466506958,0.06578551232814789,-112.44387817382812
36.75067338100007,-17.07767061707326,11.837583322569149,-15.049850463867188,-2.0804274884958387,-1.5385133205071035,0.08593631535768509,-112.10643768310547
36.800776620000306,-17.157898992526135,11.714540448481902,-15.0445556640625,-1.0076502561569214,-1.9794025421142578,0.077988401055336,-111.81829071044922
36.85143153700028,-17.20753749741017,11.640696138048558,-15.038787841796875,-0.9518267512321472,-1.9899064302444458,0.08538351207971573,-111.58733367919922
36.90120252299994,-17.283721462514745,11.521096276389793,-15.030181884765625,-0.913318932056427,-1.9831461906433105,0.08339346200227737,-111.24649810791016
36.950986285,-17.329835036440414,11.463860816110973,-15.025741577148438,-0.8920865058898926,-1.9930899143218994,0.08669868111610413,-110.97702026367188
37.00172877100022,-17.408000509726296,11.343233434902537,-15.0159912109375,-1.7405837273795244,-1.6525134563038502,0.08741393685340881,-110.57418823242188
37.05085690500027,-17.45740754930085,11.268179881433019,-15.01104736328125,-0.8248822689056396,-2.011319875717163,0.051620110869407654,-110.32437133789062
37.10129610000013,-17.510005021912935,11.212334569053152,-15.008193969726562,-1.915364676091873,-1.6196399563691781,0.06225152313709259,-109.93872833251953
37.150687265000215,-17.572229154685836,11.084291857450548,-15.002899169921875,-0.8198183178901672,-2.0208895206451416,0.06048266217112541,-109.70011901855469
37.201125031000174,-17.624882373968532,11.028194602984282,-14.999984741210938,-1.7694804378842361,-1.6791558359187793,0.0757598802447319,-109.322998046875
37.25070063200019,-17.696393000553,10.88414514606805,-14.991348266601562,-0.8448157906532288,-2.020142078399658,0.02933749184012413,-109.04251861572266
37.300828234000164,-17.74030329981548,10.823905781806538,-14.988784790039062,-0.8563829064369202,-2.0234413146972656,0.02007339894771576,-108.78706359863281
37.35187125500033,-17.817103155475497,10.699512747278177,-14.982269287109375,-1.7748040140532944,-1.71109805102295,0.022314662113785744,-108.4088363647461
37.40062366400025,-17.862219334420566,10.639799365397712,-14.978546142578125,-0.8672311902046204,-2.0119383335113525,0.020874779671430588,-108.13776397705078
37.45139197300023,-17.94584449797547,10.499482816759897,-14.969696044921875,-1.657411345747494,-1.746773378063566,0.04851432517170906,-107.75047302246094
37.50085180299993,-17.987217157465402,10.438078837621863,-14.963836669921875,-0.8879873156547546,-1.9960895776748657,0.05605468526482582,-107.52809143066406
37.55080540800009,-18.06084783777277,10.312924873921695,-14.953292846679688,-2.12399202727812,-1.604772883929994,0.03656161203980446,-107.20645904541016
37.60054806900007,-18.107384779523755,10.250595119044714,-14.949722290039062,-0.874679446220398,-1.9855124950408936,0.020857451483607292,-106.94123840332031
37.65028641500021,-18.19205699571821,10.103317080421643,-14.943527221679688,-1.5846540076074713,-1.790508363907898,0.010189150460064411,-106.57869720458984
37.70101840699999,-18.233468265274492,10.039269270590339,-14.941116333007812,-0.8478448987007141,-2.003201484680176,0.021267807111144066,-106.38093566894531
37.75165215600009,-18.27876940616771,9.9766760383728,-14.942489624023438,-0.8523189425468445,-2.00185489654541,0.008984291926026344,-106.09833526611328
37.803051014000175,-18.359081195086397,9.82987219151843,-14.947647094726562,-0.8599535822868347,-1.9992533922195435,-0.027330078184604645,-105.73992156982422
37.85214231400005,-18.397148545664674,9.783697310994231,-14.949783325195312,-0.8479480147361755,-2.0003418922424316,-0.014638887718319893,-105.48934936523438
37.9011521780003,-18.46829753256287,9.630035435795651,-14.960098266601562,-0.8096171021461487,-2.0009474754333496,-0.04887125641107559,-105.23529052734375
37.951066140999956,-18.510371912779565,9.565298177304832,-14.96435546875,-1.1351227292780837,-1.926689704838089,-0.04425991326570511,-104.98783874511719
38.002027762000125,-18.568528394788196,9.424609211521208,-14.97088623046875,-1.864747364475291,-1.7385014415192372,-0.032454025000333786,-104.72483825683594
38.05333435300008,-18.604733553905273,9.356004138184279,-14.973403930664062,-1.6457588994468604,-1.8089068114356464,-0.03589411452412605,-104.49718475341797
38.10178961500014,-18.65097068266405,9.191693722299075,-14.983169555664062,-0.6649115681648254,-2.068241596221924,-0.0771859809756279,-104.37798309326172
38.15087523400007,-18.715406207194317,9.129076585383366,-14.988372802734375,-0.6225550174713135,-2.068197011947632,-0.05657349154353142,-103.78048706054688
38.20137283300028,-18.774317858972914,8.988577562185217,-14.997283935546875,-0.5908093452453613,-2.0656816959381104,-0.06228753551840782,-103.40058898925781
38.25097126400033,-18.819260793428406,8.921656743618732,-15.003982543945312,-1.7218467579643186,-1.7845494195604708,-0.031803108751773834,-103.01129913330078
38.3014950390002,-18.86700023618729,8.761143606927597,-15.016876220703125,-0.5601111650466919,-2.0625250339508057,-0.06382536143064499,-102.775146484375
38.35105212999997,-18.9079833871833,8.69398262538921,-15.022109985351562,-1.5269425622182258,-1.8393454256451516,-0.05398281291127205,-102.44105529785156
38.40101790200015,-18.940269384708845,8.622294684041087,-15.026931762695312,-0.5560203790664673,-2.0614302158355713,-0.08577810972929001,-102.19245910644531
38.45225917000016,-18.98475825341456,8.477040867398834,-15.036865234375,-0.557633101940155,-2.0501937866210938,-0.08038605004549026,-101.95189666748047
38.50203912200004,-19.034964051586606,8.390831717931214,-15.042999267578125,-1.5632984472550346,-1.8518393546207526,-0.06309982389211655,-101.5412368774414
38.551322626,-19.08169903505203,8.245096901903985,-15.053359985351562,-0.5563979744911194,-2.0406315326690674,-0.047729626297950745,-101.27789306640625
38.60100523300025,-19.125374298506266,8.177765388624831,-15.05731201171875,-1.3244992790281658,-1.8782336886473776,-0.021945927292108536,-100.91213989257812
38.650364235000325,-19.161566148168877,8.02998012981543,-15.062515258789062,-0.4975185990333557,-2.0196001529693604,0.012627605348825455,-100.68925476074219
38.70066838299999,-19.201124328963747,7.942653118858755,-15.0640869140625,-1.2953923492677433,-1.8604380196046686,0.02773686684668064,-100.35971069335938
38.751315989999966,-19.23183433922799,7.797394348282567,-15.063446044921875,-0.45485562086105347,-2.020963191986084,0.04734053835272789,-100.1690444946289
38.80113576800022,-19.26788148949021,7.728447280827465,-15.061981201171875,-1.1496881000180306,-1.8965766965342064,0.0708589106798172,-99.83291625976562
38.8508758400003,-19.30219433627788,7.585166226510476,-15.058029174804688,-0.43012481927871704,-2.019683837890625,0.06965985894203186,-99.60230255126953
38.901821956000276,-19.328545541992426,7.494990990009998,-15.054977416992188,-0.415937215089798,-2.0166444778442383,0.11450505256652832,-99.40592193603516
38.9513928209999,-19.37343384954436,7.353390739308027,-15.048980712890625,-1.1987265702671643,-1.9025411777785046,0.07949632406234741,-99.04560089111328
39.000977118000264,-19.403627035669746,7.282796311389093,-15.047393798828125,-0.3670582175254822,-2.0348565578460693,0.08347492665052414,-98.76386260986328
39.051003691000005,-19.44703634973579,7.119474846365364,-15.044113159179688,-1.281636368082681,-1.8861768083976875,0.08027701824903488,-98.41735076904297
39.10090755100009,-19.477610512290102,7.050486324878963,-15.041885375976562,-0.3789999485015869,-2.0051774978637695,0.12201675027608871,-98.14979553222656
39.15110080000022,-19.52186269432403,6.982617041973195,-15.03997802734375,-1.629773576500402,-1.8352535965265588,0.1212177649140358,-97.71559143066406
39.201737271000184,-19.557954933477845,6.841228703482346,-15.037139892578125,-0.38692915439605713,-1.9924654960632324,0.10010141879320145,-97.47269439697266
39.25112834900028,-19.597788881529866,6.774739302113004,-15.035675048828125,-2.201492180213614,-1.7555618602545853,0.10151733458042145,-97.11481475830078
39.3045752160001,-19.632434494536717,6.621516307637567,-15.031295776367188,-1.137116817821834,-1.8846708866379842,0.08116388320922852,-96.95880126953125
39.352019247000044,-19.65583785594707,6.555326924512485,-15.029586791992188,-0.4203238785266876,-1.9780933856964111,0.06370043009519577,-96.80462646484375
39.400571579999905,-19.732944566725823,6.4234849126891,-15.026565551757812,-2.5590997947832004,-1.746422558479808,0.03596106916666031,-96.15913391113281
39.45107030700001,-19.76485486344085,6.356680003219098,-15.024871826171875,-0.4142705202102661,-1.9702941179275513,0.018864212557673454,-95.89976501464844
39.50214156099992,-19.82414925517477,6.206320038387749,-15.02313232421875,-1.4385580160350762,-1.8623758529649062,0.0350513719022274,-95.49039459228516
39.55099778600015,-19.855982625695002,6.139768773496703,-15.02252197265625,-0.3738342225551605,-1.9628397226333618,0.0206415057182312,-95.23908233642578
39.60065417600026,-19.90844136984318,6.006908894642189,-15.023773193359375,-1.5015986763295193,-1.8750490531412525,-0.017506035044789314,-94.86748504638672
39.650541131999944,-19.94014213767506,5.939433064608029,-15.025100708007812,-0.36921972036361694,-1.9665849208831787,-0.01627582497894764,-94.62324523925781
39.701058769000156,-19.997655630240665,5.787053105330793,-15.028549194335938,-1.297132299306142,-1.8978637695616025,-0.0048605212941765785,-94.24974060058594
39.750748750000184,-20.030347705253664,5.720799456043947,-15.029556274414062,-0.3746354579925537,-1.9730579853057861,-0.025526398792862892,-94.00597381591797
39.80156714600025,-20.06384861717993,5.65264017454937,-15.031723022460938,-0.36802834272384644,-1.9689933061599731,-0.01822712831199169,-93.74315643310547
39.85042740200015,-20.11492890986765,5.5179070181535925,-15.034439086914062,-1.1130836864170044,-1.9029136169860519,0.013382216915488243,-93.39713287353516
39.900186576000124,-20.143489897329033,5.451211448819536,-15.035049438476562,-0.3112533688545227,-1.9633158445358276,0.01197382714599371,-93.16771697998047
39.95010254099998,-20.188271534847992,5.298058807748482,-15.035476684570312,-1.3049397628008688,-1.9345521654938054,-0.004531027749180794,-92.8024673461914
40.000444975999926,-20.212799294245258,5.230782614052166,-15.035202026367188,-0.30622968077659607,-1.9820035696029663,0.022163936868309975,-92.59880828857422
40.05145344700031,-20.25355264639114,5.093323210584437,-15.036178588867188,-1.2267085464228003,-1.9523133962598151,-0.0032714467961341143,-92.2214584350586
40.10201360500014,-20.27917966362669,5.025019395593102,-15.0364990234375,-0.2748747169971466,-1.9851027727127075,0.01704907976090908,-91.96552276611328
40.15099975500016,-20.317183270061626,4.871204869218495,-15.036422729492188,-1.3215562962299698,-1.9599094567021471,0.032146647572517395,-91.61326599121094
40.201275868000266,-20.337940638555473,4.802421158750574,-15.03704833984375,-0.26084357500076294,-1.9940637350082397,0.014052405953407288,-91.40206146240234
40.25069929200026,-20.370174636187482,4.666511736897316,-15.036941528320312,-1.02348793441743,-1.9716973329442589,0.03996160998940468,-91.06932830810547
40.3009712840003,-20.385360069787055,4.595584154124872,-15.034698486328125,-0.14147330820560455,-1.9823641777038574,0.044284638017416,-90.844970703125
40.351268662000166,-20.39938462804735,4.4386390799466895,-15.029434204101562,-0.10903617739677429,-1.9816874265670776,0.025769943371415138,-90.57718658447266
40.400623386999996,-20.42540670074966,4.3693071124534475,-15.028091430664062,-1.1167251140725856,-1.982090331248222,0.02394595928490162,-90.22827911376953
40.450726911999936,-20.43096967530662,4.227221525128823,-15.02728271484375,-0.038423772901296616,-2.0165164470672607,-0.008436390198767185,-90.00554656982422
40.50035003700032,-20.451890574850925,4.15686844761688,-15.027191162109375,-0.8760887360690831,-2.0154296713221087,0.003145716618746519,-89.69147491455078
40.55074596200029,-20.457152531832786,4.0020530777568375,-15.020538330078125,-0.03755997493863106,-2.011971950531006,0.01504893135279417,-89.40962982177734
40.60061849800013,-20.477120483734513,3.9340797185753225,-15.0167236328125,-0.7260791953729564,-2.020234736955547,0.012363013811409473,-89.07843017578125
40.65019608600005,-20.47780312610647,3.798190278316677,-15.008865356445312,-0.013126236386597157,-2.003319263458252,0.01690700091421604,-88.84874725341797
40.70028996000019,-20.498778126378564,3.7288564235064,-15.00341796875,-0.876214094748873,-2.0248179762667657,0.03886289894580841,-88.47894287109375
40.75115426699995,-20.507363112264763,3.643421424432357,-14.9969482421875,0.023614728823304176,-1.9925810098648071,0.044632039964199066,-88.23063659667969
40.800840990000324,-20.510312931905048,3.509611410492001,-14.982940673828125,-0.01454615592956543,-1.9948558807373047,0.05317943915724754,-87.96492004394531
40.85110448100022,-20.533929759844387,3.4427469984097367,-14.975051879882812,-0.864992585388138,-2.0278150155183026,0.049132224172353745,-87.58975219726562
40.90074834300003,-20.539042924388834,3.3102789057639948,-14.96209716796875,-0.012476852163672447,-2.0016987323760986,0.02054944820702076,-87.34432983398438
40.95124640499989,-20.55632838531348,3.2219893969318614,-14.95538330078125,-1.0122532154998074,-2.0588088712751187,0.020121872425079346,-86.98262786865234
41.00137447499992,-20.56283014394071,3.083062753677652,-14.948196411132812,0.02980480156838894,-2.0114200115203857,-0.03396444395184517,-86.6721420288086
41.050886107000224,-20.584609270258266,3.0116719067482567,-14.945510864257812,-0.9603322676721231,-2.075999986695604,-0.04439130052924156,-86.29651641845703
41.10053548099995,-20.583568263816016,2.870985234743193,-14.94024658203125,0.0446358323097229,-2.0084307193756104,-0.03884972631931305,-86.04503631591797
41.15038248100018,-20.605419695517245,2.782508264876877,-14.937820434570312,-0.9108828051072583,-2.0906321123445837,-0.05238375812768936,-85.66554260253906
41.200972406000346,-20.610182161049334,2.6385863403480574,-14.933822631835938,0.045325469225645065,-2.0433340072631836,-0.05646039918065071,-85.37740325927734
41.25122047600007,-20.62842734656125,2.5654414011713715,-14.932113647460938,0.06188637763261795,-2.0463309288024902,-0.05077404901385307,-85.05589294433594
41.30156951800018,-20.63940113263382,2.4208582234466487,-14.926177978515625,-1.1595028532428444,-2.1641223564830616,-0.04709172993898392,-84.66429901123047
41.351057955000215,-20.64474645183042,2.33072851987522,-14.921401977539062,0.05055900663137436,-2.046409845352173,-0.04496869072318077,-84.42628479003906
41.401375414000086,-20.654567779997883,2.1891875726885237,-14.915023803710938,-0.846991449270668,-2.1314504567387433,-0.06680507212877274,-84.05810546875
41.45200535999993,-20.663710693934924,2.1186713962215906,-14.912399291992188,0.09150976687669754,-2.0335354804992676,-0.07671313732862473,-83.79413604736328
41.50090813099996,-20.67634901423694,2.0483769119262423,-14.90997314453125,0.10037799924612045,-2.0266458988189697,-0.05687660351395607,-83.48930358886719
41.552568135,-20.678480029852636,1.8940880495589631,-14.907501220703125,0.13093405961990356,-2.0235440731048584,-0.08580170571804047,-83.11788940429688
41.600420359000054,-20.685443593878688,1.8247614941152364,-14.90960693359375,0.1668950915336609,-2.0195658206939697,-0.08500504493713379,-82.84123229980469
41.65078293500028,-20.675944414529273,1.6897121968825566,-14.914093017578125,0.24772541224956512,-2.020024299621582,-0.08866063505411148,-82.56930541992188
41.70031998000013,-20.676773763231274,1.6226991071798338,-14.917633056640625,0.2746043801307678,-2.013597249984741,-0.09096857160329819,-82.34998321533203
41.7509558910001,-20.663834681386696,1.475627038788403,-14.92681884765625,-0.3312481403523697,-2.094947069847055,-0.11140833050012589,-82.02803802490234
41.801351631000216,-20.663628555067586,1.4098586894058576,-14.931427001953125,0.31108373403549194,-2.0027167797088623,-0.1332056224346161,-81.8302230834961
41.8505195140001,-20.66037246286786,1.2769231166920143,-14.936126708984375,-0.3509707268820822,-2.0915115844089693,-0.09386087954044342,-81.43560028076172
41.90090413899998,-20.659363068190785,1.2111374505570947,-14.937362670898438,0.3729795515537262,-1.9706861972808838,-0.07315371185541153,-81.23660278320312
41.95095395299995,-20.664216063522964,1.1442812276942345,-14.937652587890625,0.36274072527885437,-1.971161961555481,-0.0542619563639164,-80.97264862060547
42.00076448300024,-20.65509393244377,0.9950324101122598,-14.93280029296875,-0.7313116605111716,-2.1535771665707464,-0.032134246081113815,-80.6402587890625
42.051112626000304,-20.658854388458806,0.9279758951708459,-14.93048095703125,0.32057735323905945,-1.9733141660690308,0.0006696478230878711,-80.42324829101562
42.10145957800023,-20.660763665248055,0.7943149557922489,-14.926956176757812,-0.5043608148308021,-2.125310307936013,-0.035877928137779236,-80.06887817382812
42.151952559000165,-20.667381101323176,0.7263342200255369,-14.926712036132812,-0.6168032143037931,-2.158990185749528,-0.05442645028233528,-79.81690216064453
42.20106520900026,-20.65552665966376,0.5800114600449993,-14.92633056640625,0.4100133180618286,-1.975589394569397,-0.03759453073143959,-79.57025146484375
42.251688378999916,-20.67797877246375,0.5107871497321925,-14.9256591796875,-0.5817087129636247,-2.180961046050228,-0.0527348555624485,-79.13385772705078
42.301344813000014,-20.685067756838954,0.4440189939975667,-14.92510986328125,0.3997284770011902,-1.9926756620407104,-0.03405162692070007,-78.88360595703125
42.350752015000126,-20.678672359724498,0.31433743649302315,-14.921951293945312,0.418326735496521,-1.9961432218551636,-0.01100954506546259,-78.65711975097656
42.4007831670001,-20.697974035127483,0.22782346232467354,-14.9200439453125,-0.669848725642384,-2.232128579059565,-0.029201271012425423,-78.26016235351562
42.45135048800012,-20.697235863100154,0.094612325546656,-14.917877197265625,0.3387332558631897,-2.042621374130249,-0.04880665987730026,-78.01563262939453
42.50145386300028,-20.722422401645662,0.02184714976302793,-14.915206909179688,-0.3641299455587962,-2.205811825462539,-0.045649658888578415,-77.58333587646484
42.55124522300002,-20.723369297416955,-0.11335976506012724,-14.9110107421875,0.3266090750694275,-2.0488088130950928,-0.028785310685634613,-77.31975555419922
42.60067252199997,-20.743252103931212,-0.20255050188875945,-14.908050537109375,-0.8022560325734289,-2.3102548513312087,-0.011032880283892155,-76.93724060058594
42.65068732200007,-20.742531167810736,-0.3393293394809058,-14.90386962890625,0.2962127923965454,-2.0710699558258057,-0.03115008771419525,-76.7149887084961
42.70036546600022,-20.75700865976481,-0.4114027840056478,-14.902542114257812,0.30495935678482056,-2.0790040493011475,-0.036159880459308624,-76.42854309082031
42.751689910000096,-20.770282675234462,-0.5548490036638363,-14.904281616210938,-0.47302822879467465,-2.277042693435543,-0.0346541553735733,-76.02283477783203
42.80119473900004,-20.778321790804377,-0.644201123160709,-14.905593872070312,0.34919917583465576,-2.0756587982177734,-0.054460786283016205,-75.76065063476562
42.851010686000336,-20.785701001057756,-0.7916360538506559,-14.90997314453125,-0.7838208615592244,-2.3836535843875177,-0.08878267556428909,-75.38231658935547
42.900709646999985,-20.791651331236864,-0.8684767618722171,-14.91278076171875,0.3949233889579773,-2.083677291870117,-0.08474010229110718,-75.15284729003906
42.9512931080003,-20.8118404308047,-0.9487396295615991,-14.915252685546875,-0.7139595351937105,-2.3872483914720264,-0.08308275043964386,-74.75077819824219
43.001079742,-20.79630370684004,-1.1122294119123497,-14.919647216796875,0.4364190101623535,-2.0799076557159424,-0.07037864625453949,-74.52054595947266
43.05091168200033,-20.80574678991281,-1.1889390390083268,-14.920867919921875,-0.22530063952810386,-2.261164393808984,-0.043821144849061966,-74.21717071533203
43.10149987300019,-20.794234766743518,-1.331227656219923,-14.922561645507812,0.4717259407043457,-2.0775809288024902,-0.0602358840405941,-73.97689819335938
43.151095462000285,-20.796958400474857,-1.420781189026128,-14.925857543945312,0.46738049387931824,-2.0881643295288086,-0.07050751894712448,-73.71045684814453
43.201400090000334,-20.79682007468617,-1.5625867724727556,-14.930099487304688,-0.28349184663448324,-2.302673922555212,-0.05353682488203049,-73.34150695800781
43.251395679000325,-20.803633844927585,-1.6387637713487502,-14.931961059570312,0.4901829957962036,-2.067403793334961,-0.059531427919864655,-73.08633422851562
43.30089151099992,-20.807391130231455,-1.7891355213162443,-14.93536376953125,-0.4728087084487984,-2.371670071775247,-0.04821368679404259,-72.69491577148438
43.35058294300006,-20.81094487377137,-1.8646496752270023,-14.93701171875,0.5232894420623779,-2.074188232421875,-0.04737348482012749,-72.4736557006836
43.40091908600016,-20.806224089858162,-2.030658352181515,-14.936080932617188,-0.17675125299138272,-2.3077682013974634,-0.04764290899038315,-72.06982421875
43.45051791200012,-20.80893631706379,-2.105834615107012,-14.936355590820312,0.5571070313453674,-2.0835883617401123,-0.0588705912232399,-71.82755279541016
43.50135114600016,-20.81192888455829,-2.1818511026684444,-14.93743896484375,0.5415335297584534,-2.0990686416625977,-0.06698212772607803,-71.58740997314453
43.551303885999914,-20.81336974280315,-2.3357355492780973,-14.943359375,0.5353986620903015,-2.1030004024505615,-0.05710037052631378,-71.19300842285156
43.6005159209999,-20.813875699360796,-2.4118576439708717,-14.945785522460938,0.5430029034614563,-2.0965464115142822,-0.058711208403110504,-70.99662780761719
43.6510438360001,-20.804392762411876,-2.581170719818533,-14.950698852539062,0.6238503456115723,-2.0677154064178467,-0.053489938378334045,-70.62428283691406
43.7012063279999,-20.80450541140981,-2.657883569367458,-14.952728271484375,0.6259896755218506,-2.0626325607299805,-0.0563339926302433,-70.38832092285156
43.75125005600012,-20.791809670801616,-2.8062066648532245,-14.95709228515625,-0.37172824093765566,-2.420329667418062,-0.07122664153575897,-70.05220794677734
43.80057581000028,-20.788540924007176,-2.8821724323714966,-14.960708618164062,0.6368028521537781,-2.0714781284332275,-0.11240307241678238,-69.82829284667969
43.850351157000205,-20.768897304895315,-3.0482048894445093,-14.969818115234375,-0.3355662061552003,-2.448770846690921,-0.09934206306934357,-69.45248413085938
43.90119189799998,-20.761850382580498,-3.123910659167538,-14.970733642578125,0.7459077835083008,-2.0520529747009277,-0.09881165623664856,-69.22395324707031
43.95302750000019,-20.728889060097938,-3.2661115643407754,-14.970870971679688,0.7189556956291199,-2.0411548614501953,-0.04915452003479004,-69.02470397949219
44.00326872400001,-20.73795490563583,-3.3466885094010728,-14.970596313476562,0.7294463515281677,-2.047912120819092,-0.029365649446845055,-68.60877227783203
44.055375178000304,-20.702244529274353,-3.5061193792884557,-14.969696044921875,-0.8126014343225105,-2.6606441103727163,-0.02296089567244053,-68.33110809326172
44.10048636600004,-20.685951255782935,-3.576544472342734,-14.969589233398438,0.7804664373397827,-2.0378851890563965,-0.019001955166459084,-68.2069320678711
44.15072544500026,-20.665760184120924,-3.7189713232219503,-14.9693603515625,-0.648353768892568,-2.626383313826861,-0.047952793538570404,-67.82105255126953
44.200765090999994,-20.650236770444987,-3.7874928822928684,-14.970306396484375,0.8306326270103455,-2.026812791824341,-0.06540314108133316,-67.69116973876953
44.25130359400009,-20.620540352704786,-3.9418769678905337,-14.972930908203125,0.12675174327370686,-2.3084213812648766,-0.036606837064027786,-67.30908966064453
44.3032051160003,-20.614907188717286,-4.012066814968072,-14.973358154296875,-0.16506770077406874,-2.433318171980838,-0.02947280928492546,-67.02774810791016
44.35276997000028,-20.59471027705253,-4.075992832876425,-14.973617553710938,0.8918470144271851,-1.9656322002410889,-0.006657208316028118,-66.91287231445312
44.407684731000245,-20.56696097838968,-4.206753500053956,-14.97509765625,-0.21928241151611294,-2.4526702230489974,0.018029319122433662,-66.52704620361328
44.454839472,-20.538856911534474,-4.282686596248212,-14.976043701171875,0.8928639888763428,-1.962647557258606,0.015846509486436844,-66.42801666259766
44.5008539280002,-20.501554183563602,-4.407225760076703,-14.977188110351562,0.4925997132604591,-2.122601165327423,0.014144184067845345,-66.18248748779297
44.553795083000296,-20.487836453477993,-4.47052295822666,-14.97821044921875,-0.4027213699776713,-2.531923027386323,0.011204065755009651,-65.98844146728516
44.60077017799995,-20.45676398244665,-4.597115823727741,-14.979995727539062,-1.6195326718393952,-3.0959295723462676,-0.0006617746548727155,-65.62574005126953
44.650215800000296,-20.49309768190551,-4.7033781245231285,-14.980667114257812,0.23828674559528962,-2.2816162248463314,-0.028274143114686012,-64.65746307373047
44.70070114800001,-20.44321742233179,-4.825189654129888,-14.982009887695312,1.0103946924209595,-1.9343098402023315,-0.08557500690221786,-64.41900634765625
44.750814954999896,-20.43741401643221,-4.8962688887078984,-14.983810424804688,0.35925632129966056,-2.2587014858969585,-0.06924069672822952,-64.04122924804688
44.800687712000126,-20.381721718869183,-5.01679524476228,-14.988754272460938,1.0973492860794067,-1.8919509649276733,-0.02772403508424759,-63.812129974365234
44.85079205000011,-20.35240285910839,-5.0954325582713125,-14.991546630859375,1.1241705417633057,-1.887004017829895,-0.03594783693552017,-63.59099197387695
44.9009337790003,-20.305120658694204,-5.222649250591229,-14.994033813476562,0.262271223158963,-2.3312913431711753,-0.006351083517074585,-63.21651077270508
44.95084853100025,-20.28183855448132,-5.28700651910829,-14.994232177734375,1.1849180459976196,-1.8678010702133179,-0.023950237780809402,-63.02421569824219
45.00352251300001,-20.26034162073647,-5.352653969871691,-14.995330810546875,1.1722221374511719,-1.8860276937484741,-0.028896568343043327,-62.809234619140625
45.05309437000005,-20.210551496888797,-5.493121900462,-14.993377685546875,-0.2039501353071942,-2.6010196694149603,-0.01580023020505905,-62.420249938964844
45.10582560000012,-20.195066449915128,-5.557544580947443,-14.990814208984375,0.6442282138820459,-2.1432064764533334,0.018096596002578735,-62.185855865478516
45.15193111899998,-20.149880814398504,-5.678847495822374,-14.986648559570312,0.18283345939078421,-2.39597043641633,0.017431098967790604,-61.88252258300781
45.20208179700012,-20.13459895743708,-5.74272684177857,-14.987213134765625,-0.11572877552668115,-2.565412681130425,0.002430203603580594,-61.628562927246094
45.25545383899998,-20.07549299143473,-5.874488215637141,-14.9884033203125,1.121099829673767,-1.8841384649276733,-0.0029970346949994564,-61.385284423828125
45.30057199200019,-20.062779901331226,-5.93997165382905,-14.990447998046875,0.5064480831446361,-2.2187134635756394,-0.017064569517970085,-61.125038146972656
45.353893509000045,-20.018029120720737,-6.06136099695864,-14.994354248046875,-0.3604041597379821,-2.703361270822822,-0.0008226674981415272,-60.86223602294922
45.40353253000012,-19.99600057752203,-6.122920217957142,-14.995712280273438,1.0868595838546753,-1.8955836296081543,-0.0005698551540262997,-60.73539733886719
45.451354273000106,-19.988080130375355,-6.18983509977619,-14.998245239257812,1.1206058263778687,-1.8803271055221558,-0.011227281764149666,-60.45768356323242
45.50148061500022,-19.93791270585551,-6.3257443747548106,-15.0037841796875,1.1271886825561523,-1.8894731998443604,0.0017798537155613303,-60.22208786010742
45.55301316300029,-19.935459150350585,-6.397760361570365,-15.005233764648438,-0.3981550131066447,-2.7706057126963257,0.008073829114437103,-59.85520553588867
45.600696795000204,-19.90121568273321,-6.52260718236775,-15.00970458984375,-3.9745829901253362,-4.889097122941746,-0.007710490841418505,-59.50735092163086
45.65020843499997,-19.924409774521173,-6.6105380210697495,-15.011962890625,1.090828537940979,-1.9204877614974976,-0.024109259247779846,-58.79148483276367
45.70108375400014,-19.878087603347183,-6.7511703287883735,-15.010162353515625,0.2767312701011131,-2.4237375236321412,0.007199778687208891,-58.452945709228516
45.750957565000135,-19.86640249634117,-6.820299429318145,-15.007736206054688,1.1337376832962036,-1.9084893465042114,0.01162269338965416,-58.16356658935547
45.80138586000021,-19.825193961219302,-6.948769535265543,-15.005722045898438,0.2711498371618737,-2.4564521347506654,0.00965153519064188,-57.80467224121094
45.851001732999976,-19.807829356874322,-7.015420085204733,-15.007080078125,1.1902698278427124,-1.8952255249023438,-0.03380140662193298,-57.562652587890625
45.901000258000295,-19.756770798884666,-7.161662910859286,-15.013534545898438,0.46928350390483986,-2.375956110454715,-0.07027425616979599,-57.161293029785156
45.95040714000015,-19.73895173123827,-7.230810397937192,-15.014129638671875,1.2191489934921265,-1.9003554582595825,-0.04636256769299507,-56.90318298339844
46.000828058000025,-19.68353273805187,-7.35846452365122,-15.014007568359375,1.2263665199279785,-1.9223040342330933,-0.03558642044663429,-56.640968322753906
46.051048894999894,-19.67633690443937,-7.436321392134623,-15.01483154296875,1.2436009645462036,-1.9171241521835327,-0.03266848623752594,-56.224937438964844
46.10107525400008,-19.606665362396015,-7.57416191974733,-15.019119262695312,1.2787432670593262,-1.920603632926941,-0.010961512103676796,-55.98052215576172
46.15046791500026,-19.59427757776781,-7.649756958509377,-15.020660400390625,0.5890379253706424,-2.404483404306415,-0.014339113608002663,-55.603721618652344
46.20068366100031,-19.526290873853046,-7.767022435064962,-15.0211181640625,1.3297779560089111,-1.9007654190063477,0.008530189283192158,-55.377037048339844
46.25082312199993,-19.509024953677706,-7.837663060676738,-15.0206298828125,0.4035166135695828,-2.561933333058325,0.020639266818761826,-55.01628875732422
46.300474167000175,-19.428693010095827,-7.9682148096653975,-15.021316528320312,1.3456836938858032,-1.907622218132019,-0.0128707867115736,-54.80438995361328
46.3510457780003,-19.414725720559424,-8.040378715324483,-15.022735595703125,0.6401483824273667,-2.406588844103603,-0.015062160789966583,-54.41722106933594
46.40128153000023,-19.389062532481432,-8.105448030009322,-15.024734497070312,1.376296043395996,-1.902010440826416,-0.05006527900695801,-54.18538284301758
46.45068772200011,-19.321794585898072,-8.227033846321618,-15.031097412109375,0.753395559277588,-2.3574413774569463,-0.04121571406722069,-53.9268798828125
46.50080029300034,-19.28346929595453,-8.30717619728921,-15.035446166992188,1.399405598640442,-1.8879673480987549,-0.038398101925849915,-53.70269775390625
46.55310214300016,-19.211358458232684,-8.428031657954552,-15.04168701171875,1.4068433046340942,-1.8717187643051147,-0.038720034062862396,-53.473445892333984
46.60022801100013,-19.184863415076762,-8.492126805398915,-15.045974731445312,1.414827823638916,-1.8685896396636963,-0.04094994068145752,-53.24357223510742
46.65100841799995,-19.13342267820774,-8.623825083062288,-15.052978515625,1.4138407707214355,-1.8635250329971313,-0.02322920598089695,-52.75406265258789
46.70101804900014,-19.10512122603167,-8.708484271505533,-15.055892944335938,0.8042478932858097,-2.3323896324928772,-0.03015456534922123,-52.39600372314453
46.75054761899992,-19.038016367275514,-8.824901590918358,-15.058425903320312,1.4019054174423218,-1.8571702241897583,-0.016323335468769073,-52.154788970947266
46.80081678200031,-19.02020096207646,-8.896560069554994,-15.059188842773438,0.7901658052126491,-2.3275215061777628,0.001392156584188342,-51.80714416503906
46.850456453000334,-18.95020490108859,-9.008259215757754,-15.062545776367188,1.4550036191940308,-1.8123825788497925,0.02258431725203991,-51.57746505737305
46.90086408700017,-18.910145742737026,-9.082749191554715,-15.063812255859375,1.4721157550811768,-1.7922905683517456,0.03217388689517975,-51.345680236816406
46.95068458200012,-18.846566941426715,-9.19886796827606,-15.060302734375,0.8039318638476559,-2.333007235323394,0.03602408617734909,-50.9796142578125
47.000359389000096,-18.822401644360166,-9.262056812647101,-15.05731201171875,1.4672149419784546,-1.8034967184066772,0.009215477854013443,-50.69160079956055
47.05080867000015,-18.7582957711406,-9.379153218992496,-15.052215576171875,0.9047378456030761,-2.2678938612204873,0.029190249741077423,-50.32776641845703
47.10101310800019,-18.71705869015133,-9.451524890181647,-15.047958374023438,1.4904478788375854,-1.782505989074707,0.010179649107158184,-50.10477066040039
47.151270335999925,-18.698877161386783,-9.522993370138845,-15.044921875,0.8057117661056691,-2.357060045476278,0.013850563205778599,-49.69501876831055
47.20140876400001,-18.60387095520537,-9.640100030301697,-15.037994384765625,1.508628487586975,-1.7641851902008057,0.0420515350997448,-49.54677200317383
47.252013552000335,-18.58559571768876,-9.690924043123788,-15.0361328125,1.5161912441253662,-1.7621259689331055,0.03904149681329727,-49.28324890136719
47.30262872000003,-18.496193423001255,-9.817436275964829,-15.032089233398438,1.5119595527648926,-1.77190363407135,0.031269270926713943,-48.999786376953125
47.352046021000206,-18.468852221993664,-9.88427687528699,-15.030670166015625,-0.3348692722337494,-3.399603046129948,0.026316972449421883,-48.696353912353516
47.40150877199994,-18.387017212045496,-9.996063763956226,-15.028030395507812,0.7483839513751454,-2.479022044266331,0.025140605866909027,-48.48350143432617
47.45052690800003,-18.356196727529568,-10.062856301793833,-15.027053833007812,-0.24013896116217648,-3.370721784567178,0.016610007733106613,-48.21687698364258
47.50287794199994,-18.324586846266442,-10.126379325151387,-15.028350830078125,0.6255621150950718,-2.6050658595886556,0.006851456593722105,-47.96001052856445
47.55189154000027,-18.22330206797888,-10.245858990256268,-15.031082153320312,1.5556131601333618,-1.7768155336380005,-0.001597365364432335,-47.842342376708984
47.601342624000154,-18.149582029276633,-10.364846086592573,-15.0357666015625,-0.22665347004572345,-3.4237433449035444,-0.006047186907380819,-47.46677780151367
47.65081700200017,-18.154890108647102,-10.463107019683445,-15.038070678710938,1.6056562662124634,-1.7171235084533691,0.008884457871317863,-46.61323928833008
47.700504336999984,-18.119690529784858,-10.524410053885411,-15.039840698242188,1.6296961307525635,-1.6914334297180176,0.011387603357434273,-46.3834114074707
47.750422656999945,-18.030653241855973,-10.651792913003737,-15.039779663085938,1.0289539150527274,-2.264237731101576,0.06571421772241592,-45.99015808105469
47.800523781000265,-17.995170136368284,-10.712564023672709,-15.037551879882812,1.613516926765442,-1.6875452995300293,0.103829026222229,-45.75868225097656
47.85050679799997,-17.91787994183247,-10.829777285121523,-15.032913208007812,0.8031999638971669,-2.4899767943732884,0.07231985032558441,-45.39102554321289
47.90132049000022,-17.88231621616606,-10.892517589994881,-15.032058715820312,1.6247222423553467,-1.680119514465332,0.05856843292713165,-45.145530700683594
47.95112473400013,-17.79138084401936,-11.02621853217351,-15.02911376953125,1.0054271706410143,-2.3353900955920963,0.06487071514129639,-44.765377044677734
48.00079009499996,-17.75732211917226,-11.08907991501489,-15.025588989257812,1.602804183959961,-1.731126308441162,0.0718403235077858,-44.532073974609375
48.05084108000028,-17.67655803786611,-11.205196534727524,-15.019119262695312,1.6085039377212524,-1.7244106531143188,0.06145668774843216,-44.271915435791016
48.1004769770002,-17.62953003144322,-11.28196243393363,-15.013107299804688,1.5943183898925781,-1.7250359058380127,0.06718501448631287,-44.04359436035156
48.15043622500025,-17.605831594713006,-11.357411355336946,-15.006027221679688,0.75260155469655,-2.592214648259902,0.06145382300019264,-43.63031768798828
48.20057284099994,-17.52144354703792,-11.472361698384683,-14.993728637695312,1.5823791027069092,-1.7404800653457642,0.05852067843079567,-43.40384292602539
48.250674892999996,-17.49512241358263,-11.54781850506522,-14.988052368164062,0.8618654805443097,-2.531345660549366,0.03163721039891243,-43.01129913330078
48.3014227890003,-17.407612350200093,-11.663772562564166,-14.978134155273438,1.6080387830734253,-1.74220609664917,0.00885829795151949,-42.76875686645508
48.350864037000065,-17.36686485981053,-11.753184652224448,-14.97332763671875,1.0672854295420482,-2.3484919032103084,-0.0003247296262998134,-42.374420166015625
48.40117906700016,-17.28069715768597,-11.87201607867048,-14.959915161132812,1.6511223316192627,-1.7134432792663574,-0.01482985820621252,-42.091392517089844
48.45052464700029,-17.248406043397026,-11.944540132299828,-14.954299926757812,1.666688084602356,-1.6970986127853394,-0.02100350335240364,-41.7492561340332
48.50070682900014,-17.160318618254124,-12.06561485864756,-14.9459228515625,1.0750028920677492,-2.3957615909477887,-0.046374715864658356,-41.408626556396484
48.55066512100029,-17.104287060471265,-12.141818828963642,-14.942779541015625,1.7308233976364136,-1.6561524868011475,-0.054375048726797104,-41.16081619262695
48.60061720900012,-17.00972469784532,-12.259572634703133,-14.938735961914062,1.0313502299708472,-2.454107277785467,-0.036235079169273376,-40.805320739746094
48.65089114300008,-16.96331711488397,-12.31893962177547,-14.937026977539062,-0.6251358871185038,-4.396695769920175,-0.03999250754714012,-40.579830169677734
48.70044353200001,-16.924843714663634,-12.38863922376111,-14.935897827148438,1.2902803681910666,-2.1800981544212807,-0.062413040548563004,-40.21609878540039
48.75108158000012,-16.80731464002368,-12.51011696110838,-14.935638427734375,1.7684333324432373,-1.6040886640548706,-0.045218389481306076,-39.93612289428711
48.80139233,-16.767473347523826,-12.577789205960176,-14.935104370117188,1.2100505117605134,-2.2925530297020575,-0.04304000735282898,-39.59501647949219
48.85097142600034,-16.66238546400285,-12.684456028849773,-14.934707641601562,1.80159330368042,-1.5762099027633667,-0.036094244569540024,-39.35402297973633
48.90063727300003,-16.623036847861187,-12.754233367624522,-14.93475341796875,1.3447210601107138,-2.1340297839027977,-0.04090248420834541,-38.99210739135742
48.95077330799995,-16.505088459846753,-12.877229141924015,-14.93841552734375,1.7854911088943481,-1.611035943031311,-0.10201925039291382,-38.74197006225586
49.00037406899992,-16.457404138042644,-12.938920287505141,-14.941009521484375,1.8077118396759033,-1.587998867034912,-0.10198546200990677,-38.53700256347656
49.05034039500015,-16.354554272197255,-13.057074152406399,-14.94451904296875,1.133112114352035,-2.4451495340480456,-0.10049941390752792,-38.194332122802734
49.10074658600024,-16.307390923033825,-13.121521258714674,-14.945907592773438,1.834010124206543,-1.535852313041687,-0.07766392827033997,-37.93834686279297
49.15136475700001,-16.18530860779675,-13.245888248885654,-14.948806762695312,1.3556677352065143,-2.1531814266595632,-0.06871366500854492,-37.56171417236328
49.200549405999936,-16.133294568331266,-13.304013917305172,-14.950149536132812,1.8214040994644165,-1.5287091732025146,-0.05149448662996292,-37.33753967285156
49.25040281500014,-16.025905434281686,-13.414441632915752,-14.951934814453125,1.2759987562985313,-2.2425379550764566,-0.028873415663838387,-36.991851806640625
49.30123444400033,-15.97688133481011,-13.474735956336662,-14.952789306640625,1.8104089498519897,-1.5321563482284546,-0.05373123288154602,-36.73853302001953
49.351198620000105,-15.926089366251944,-13.532973790888795,-14.954071044921875,1.8121141195297241,-1.5302815437316895,-0.04674364998936653,-36.528907775878906
49.40067688199997,-15.805240567343642,-13.654834885681138,-14.95672607421875,1.8155966997146606,-1.5072450637817383,-0.057803165167570114,-36.19944763183594
49.45121885400022,-15.755195197078347,-13.713112469586706,-14.958480834960938,1.8351194858551025,-1.483154058456421,-0.08044694364070892,-35.97890090942383
49.50062084299998,-15.65071933264316,-13.824600555053845,-14.963165283203125,1.2616990392520502,-2.274126787191934,-0.09223020821809769,-35.623104095458984
49.55040063200022,-15.601374039229349,-13.882744011169144,-14.962600708007812,1.8342260122299194,-1.4709930419921875,-0.07406345754861832,-35.358585357666016
49.60050808200003,-15.478813195478972,-13.997939949538242,-14.960357666015625,1.2993805021918954,-2.219762754823533,-0.04874914512038231,-35.010189056396484
49.65050156799998,-15.428148781289554,-14.054270778918147,-14.959732055664062,1.8528156280517578,-1.4110850095748901,-0.062152888625860214,-34.77615737915039
49.70029337599999,-15.31800313008871,-14.151587439763517,-14.957992553710938,1.459706054185209,-1.975850647223658,-0.07863526791334152,-34.44277572631836
49.75112897700001,-15.268059766284573,-14.20796170209929,-14.95806884765625,1.8763680458068848,-1.3531256914138794,-0.06913953274488449,-34.172054290771484
49.8004853450002,-15.13793344251437,-14.307353073915275,-14.956069946289062,1.8680479526519775,-1.3354504108428955,-0.06499478220939636,-33.92483901977539
49.85058200699996,-15.092887323511096,-14.369997368334017,-14.9547119140625,1.303044611909184,-2.167355689375354,-0.0573531873524189,-33.55810546875
49.90086958500024,-14.974978663014912,-14.455872685712027,-14.952056884765625,1.88484525680542,-1.3001124858856201,-0.06798698753118515,-33.353416442871094
49.951236935,-14.927891600170446,-14.518384895761677,-14.949432373046875,1.1733864577813609,-2.3806456973250762,-0.04160340502858162,-32.963951110839844
50.00294612300013,-14.795338761614834,-14.617816565788374,-14.9437255859375,1.872179388999939,-1.2998665571212769,-0.03908973187208176,-32.69417190551758
50.052813013000105,-14.747915854198826,-14.678368516081262,-14.941070556640625,1.0567259299220155,-2.596829217303517,-0.036896832287311554,-32.3172721862793
50.10251661700022,-14.687237937062477,-14.718433790555789,-14.938339233398438,1.92144775390625,-1.2357008457183838,-0.02166399545967579,-32.215152740478516
50.151754857000014,-14.567995078034686,-14.803742578308004,-14.934967041015625,1.9262033700942993,-1.1954387426376343,-0.05793221667408943,-31.943519592285156
50.2009725339999,-14.495086578829678,-14.863704638537358,-14.932647705078125,1.6666732413008096,-1.605659071957749,-0.04804924502968788,-31.676359176635742
50.251701463000245,-14.374913005496602,-14.952365834328907,-14.9288330078125,0.27736735697574866,-3.870727537043438,-0.018129976466298103,-31.400474548339844
50.300570635999975,-14.334205226378865,-15.02897404498089,-14.925369262695312,1.0821016039400522,-2.581962366469285,-0.027294255793094635,-30.81894874572754
50.35086776800017,-14.212268068877997,-15.114225666842833,-14.916275024414062,1.8762844800949097,-1.239400029182434,-0.021314898505806923,-30.56296730041504
50.40089535700008,-14.147988699677743,-15.186862522864203,-14.911361694335938,1.328140680086632,-2.1420875048738997,-0.009433417581021786,-30.162038803100586
50.45098370400001,-14.024801814503899,-15.276131783129046,-14.904571533203125,1.8606326580047607,-1.2463295459747314,-0.044182538986206055,-29.88557243347168
50.501549375000195,-13.968366781729204,-15.329329450157267,-14.902069091796875,1.8553698062896729,-1.246537685394287,-0.03121880069375038,-29.648691177368164
50.551131236999936,-13.849463464072219,-15.423536415265005,-14.89801025390625,0.8916192625928515,-2.95350884449353,-0.04908095300197601,-29.320884704589844
50.60149746500019,-13.775714474690073,-15.482481274234697,-14.896530151367188,1.0234432739261266,-2.743384384836295,-0.05363091081380844,-29.120359420776367
50.650223663999896,-13.659460353817172,-15.581469269582307,-14.895095825195312,1.8635156154632568,-1.2293208837509155,-0.05897590145468712,-28.740089416503906
50.700800529999924,-13.599364765689753,-15.63358590369871,-14.89306640625,1.8761711120605469,-1.2131731510162354,-0.04784904792904854,-28.514909744262695
50.750938788999974,-13.474943141896176,-15.728242721540926,-14.8896484375,1.5572094649687906,-1.8396856192202322,-0.053399424999952316,-28.195079803466797
50.800325405999956,-13.39652843006494,-15.78518750196451,-14.887969970703125,1.9166324138641357,-1.1424930095672607,-0.06044715642929077,-27.979557037353516
50.850437431000046,-13.342476222067019,-15.847368413389407,-14.886825561523438,1.425021398963798,-2.098511495849057,-0.07069721817970276,-27.56673812866211
50.901007258999925,-13.195855036811524,-15.935770654648628,-14.886566162109375,1.9330602884292603,-1.0921179056167603,-0.10169050097465515,-27.326379776000977
50.95337900300001,-13.150154258085296,-15.975623336876746,-14.886444091796875,1.9344065189361572,-1.0742273330688477,-0.0856957733631134,-27.092628479003906
51.00244872400026,-12.999204265063725,-16.06154648133542,-14.886505126953125,1.90572190284729,-1.0923951864242554,-0.10568110644817352,-26.842063903808594
51.05244861100027,-12.946241502147533,-16.125917588939934,-14.887847900390625,1.8946233987808228,-1.127567172050476,-0.14229132235050201,-26.423097610473633
51.10130741800003,-12.823388568000034,-16.215953434031274,-14.889755249023438,0.8534744314459242,-3.2301142847285447,-0.12323883920907974,-26.046201705932617
51.15060928699995,-12.766446194221132,-16.26846158329431,-14.890975952148438,1.8896161317825317,-1.097570776939392,-0.13213086128234863,-25.770837783813477
51.201002847999916,-12.629731977649136,-16.368317650303464,-14.889358520507812,1.3653510578473194,-2.167894835110384,-0.1020784005522728,-25.3621826171875
51.25049384000022,-12.573606057147177,-16.42114872918392,-14.886993408203125,1.8843979835510254,-1.059752345085144,-0.0692318007349968,-25.06989288330078
51.30065970900023,-12.455741890801047,-16.515300946896478,-14.8824462890625,1.4161779026773704,-2.068396300579451,-0.09794685244560242,-24.637115478515625
51.3504058540002,-12.397347901330392,-16.566228041833426,-14.880111694335938,1.8872066736221313,-1.0263478755950928,-0.09470312297344208,-24.3637638092041
51.401975938000305,-12.321658247847886,-16.622134160442993,-14.876998901367188,1.8779456615447998,-1.0290098190307617,-0.07015193998813629,-24.124849319458008
51.45121203300005,-12.201502028743462,-16.708841295017365,-14.873306274414062,1.8768819570541382,-1.0385280847549438,-0.09380172938108444,-23.76580238342285
51.50108390000014,-12.14272592187767,-16.75413187773759,-14.8721923828125,1.8728464841842651,-1.0487375259399414,-0.09341194480657578,-23.553014755249023
51.550957859999926,-12.025944828186336,-16.844683179770662,-14.871612548828125,1.4463673643766441,-2.0517261098026616,-0.09552838653326035,-23.142457962036133
51.60041821999994,-11.966259433072333,-16.89338166411611,-14.868698120117188,1.8725014925003052,-1.0682058334350586,-0.10058334469795227,-22.937816619873047
51.65061782800012,-11.83078454298736,-16.995529071557797,-14.864837646484375,1.489240815276787,-1.9592851866269854,-0.10481387376785278,-22.555757522583008
51.700545287000296,-11.772496151505486,-17.043615215140942,-14.863998413085938,1.881141185760498,-0.9947950839996338,-0.11497873067855835,-22.337743759155273
51.75074933700034,-11.651669378615317,-17.133325684953636,-14.864761352539062,1.5541610134031068,-1.786759367760947,-0.09566853940486908,-21.9438419342041
51.80092463200026,-11.592040327887982,-17.178127341509974,-14.865829467773438,1.8864825963974,-0.9678961038589478,-0.12276557832956314,-21.754209518432617
51.85034254500033,-11.447150307288481,-17.258962064058707,-14.86798095703125,1.8713390827178955,-0.975167453289032,-0.1057797372341156,-21.542720794677734
51.901555485000245,-11.391429412773103,-17.316777362100467,-14.86883544921875,1.6131100516184542,-1.6504587839253684,-0.12419462203979492,-21.17595672607422
51.954808561999926,-11.327609360737277,-17.352165151566577,-14.870590209960938,1.8791465759277344,-0.9408553242683411,-0.1462828516960144,-21.07530975341797
52.00165274000028,-11.195479574230081,-17.42065117083028,-14.87921142578125,1.664549589009281,-1.5095195947113982,-0.15764227509498596,-20.87151527404785
52.0530324020001,-11.05272828776398,-17.504556206356426,-14.887405395507812,1.4206180049008923,-2.0990750393183086,-0.09486264735460281,-20.555139541625977
52.10135177100028,-10.988626026574625,-17.54103184628885,-14.889236450195312,1.5590287126182134,-1.7164350061476379,-0.13006751239299774,-20.414243698120117
52.15924930100027,-10.924499848644263,-17.575653860186744,-14.892059326171875,1.8843947649002075,-0.8739275932312012,-0.15170732140541077,-20.294700622558594
52.20035895000001,-10.812490721986151,-17.687559155118027,-14.89892578125,1.8676707744598389,-0.8927494287490845,-0.13120396435260773,-19.561649322509766
52.250212807000025,-10.738907951170972,-17.749615413825534,-14.902053833007812,1.4754146691275005,-2.0165844634636803,-0.13037706911563873,-19.18195915222168
52.30047182299995,-10.612938642272198,-17.819572058198503,-14.908523559570312,1.8626441955566406,-0.8664126992225647,-0.1386096477508545,-18.935283660888672
52.35032490799995,-10.557396302967796,-17.877773699896338,-14.911209106445312,1.664195673529045,-1.411105193933464,-0.1356271505355835,-18.521865844726562
52.40077241200015,-10.428898862845232,-17.94430812867526,-14.914764404296875,1.8549238443374634,-0.8302903771400452,-0.11675503104925156,-18.29010581970215
52.45088602400028,-10.353170829904274,-17.99484125178257,-14.917282104492188,1.8503764867782593,-0.8162733912467957,-0.10633339732885361,-18.039398193359375
52.50027991500019,-10.231870062252064,-18.06667106655533,-14.92535400390625,1.8594205379486084,-0.7892886996269226,-0.12139870226383209,-17.684967041015625
52.55083761300011,-10.173803828135608,-18.109547602187295,-14.929946899414062,1.8708006143569946,-0.7769194841384888,-0.12111014872789383,-17.421165466308594
52.600283407000006,-10.053705928794637,-18.18322435731959,-14.9378662109375,1.8596996068954468,-0.7983477115631104,-0.119389109313488,-17.047082901000977
52.650884883000344,-9.97935746399243,-18.23042835115519,-14.941757202148438,1.8501948118209839,-0.8234283924102783,-0.0963435098528862,-16.811887741088867
52.70055251800022,-9.860206711205759,-18.30556320368785,-14.946868896484375,1.54758569604676,-1.8791643041169999,-0.09539704769849777,-16.44408416748047
52.751269328000035,-9.801097035127107,-18.34987085003746,-14.947769165039062,1.8728958368301392,-0.7788968682289124,-0.09415090829133987,-16.18455696105957
52.80030171499993,-9.744416732426206,-18.401872187839004,-14.94879150390625,1.6471656011424884,-1.5819498180290497,-0.07596414536237717,-15.836481094360352
52.8505443490003,-9.604670228948399,-18.47273303983396,-14.950729370117188,1.8756029605865479,-0.7480432391166687,-0.05902358144521713,-15.571490287780762
52.90075789599996,-9.54796796331403,-18.526893209510398,-14.952407836914062,1.6875998157811394,-1.448154882808454,-0.056168895214796066,-15.159960746765137
52.950106857000264,-9.422684824077301,-18.589485545195423,-14.954833984375,1.8988991975784302,-0.7149755358695984,-0.021138766780495644,-14.882486343383789
53.00060145799989,-9.364033096811811,-18.640474620031277,-14.954742431640625,1.7211415566401584,-1.427558496744099,-0.01287463866174221,-14.486967086791992
53.05028851199995,-9.21760073756471,-18.700728867543038,-14.954376220703125,1.9175677299499512,-0.6894667744636536,-0.018041083589196205,-14.237872123718262
53.10033056300017,-9.155590885550122,-18.735312893908425,-14.954345703125,1.912055253982544,-0.6729060411453247,-0.016765423119068146,-14.035492897033691
53.15083470500031,-9.024186635484384,-18.793602916163678,-14.954803466796875,1.611398797588781,-1.9010909631733888,-0.04680449515581131,-13.674479484558105
53.20084482099992,-8.960795252202551,-18.829002748554196,-14.955825805664062,1.9370306730270386,-0.6106165647506714,-0.05397055298089981,-13.425763130187988
53.250729714000045,-8.809460485745946,-18.881496045039,-14.951095581054688,1.9475769996643066,-0.5869481563568115,-0.05135735124349594,-13.137689590454102
53.30031536300021,-8.746577676439067,-18.923596106002222,-14.948211669921875,1.961621880531311,-0.5327140688896179,-0.06228816136717796,-12.780939102172852
53.35094263400015,-8.610933477584657,-18.965687430051062,-14.946060180664062,1.9724211692810059,-0.517228364944458,-0.07977309077978134,-12.551164627075195
53.40120359399998,-8.543889123093658,-18.99745964437144,-14.948089599609375,1.8072413847192865,-1.232102155276602,-0.08350547403097153,-12.2746000289917
53.45141368800023,-8.477486768517942,-19.02789199638899,-14.949981689453125,1.9571651220321655,-0.530995786190033,-0.08818114548921585,-12.029285430908203
53.500692964000336,-8.324230521197109,-19.08133436563295,-14.954345703125,1.7578239608546122,-1.503046860850143,-0.08388177305459976,-11.647588729858398
53.55099254200013,-8.256543208203741,-19.111424491715724,-14.955078125,1.9650897979736328,-0.47745853662490845,-0.08159108459949493,-11.38625717163086
53.60154240300017,-8.118529963810943,-19.151138502413538,-14.957855224609375,1.9883891344070435,-0.4826655685901642,-0.10970703512430191,-11.125996589660645
53.651042856000004,-8.049875308704774,-19.192191986360903,-14.9598388671875,1.9999911785125732,-0.4559454917907715,-0.09791325032711029,-10.721869468688965
53.70107542200003,-7.889623478222248,-19.238065921426816,-14.962890625,1.8694915731269672,-1.217840460433996,-0.07270285487174988,-10.353577613830566
53.75084280500005,-7.820191265245313,-19.26591208729602,-14.963592529296875,2.0258359909057617,-0.3900372087955475,-0.08250623196363449,-10.110037803649902
53.80073104600024,-7.679121927412374,-19.316163824528612,-14.962020874023438,1.8761255363074687,-1.1936196026213306,-0.05839542672038078,-9.714375495910645
53.85035008500017,-7.6107350036608725,-19.34622279777245,-14.96112060546875,1.8651042228018566,-1.3014476338812693,-0.0682423785328865,-9.464725494384766
53.90097407300027,-7.451528406970623,-19.386242253347632,-14.955123901367188,2.022386074066162,-0.4181278347969055,-0.07726757973432541,-9.217865943908691
53.951785825000115,-7.384652576118786,-19.42682324032778,-14.952499389648438,1.8807396336786546,-1.3461003053912024,-0.08832833170890808,-8.860395431518555
54.00061080200021,-7.2440037627625085,-19.464487626666017,-14.95135498046875,2.035531759262085,-0.43150249123573303,-0.11823201179504395,-8.642616271972656
54.050476663000154,-7.158817622405874,-19.508706026268488,-14.952682495117188,1.8766943760378842,-1.463373772537027,-0.11198531091213226,-8.245742797851562
54.10082699400027,-7.019902744379299,-19.545582526829573,-14.955337524414062,2.0303800106048584,-0.398897260427475,-0.11337343603372574,-8.013346672058105
54.15012899500016,-6.951725433061745,-19.586585212287503,-14.954421997070312,1.946854237160526,-1.0258567977831592,-0.1326267272233963,-7.62408447265625
54.20060981200004,-6.882554007693044,-19.616416465808637,-14.954452514648438,2.0249252319335938,-0.44811975955963135,-0.13109029829502106,-7.381890296936035
54.250770797000314,-6.74306280747701,-19.658092533638193,-14.955596923828125,2.022104263305664,-0.4626914858818054,-0.12569478154182434,-7.1321611404418945
54.30088484299995,-6.653774337456687,-19.69669546561884,-14.958953857421875,1.9286455256575015,-1.310173175086291,-0.12343259900808334,-6.807902812957764
54.350333392000266,-6.510908463695703,-19.741077970330515,-14.96337890625,2.0493431091308594,-0.41962385177612305,-0.08726866543292999,-6.503151893615723
54.40088562300025,-6.4414419443024675,-19.779135960559255,-14.962570190429688,1.9363612121341622,-1.4837090506943982,-0.06998995691537857,-6.135643005371094
54.45032237600026,-6.298971561286461,-19.813050254368942,-14.957305908203125,2.044434070587158,-0.463110089302063,-0.06770025938749313,-5.887212753295898
54.50062122300005,-6.213330962188462,-19.855853246806397,-14.9544677734375,1.9593655147162272,-1.4081193787128174,-0.0667736679315567,-5.505808353424072
54.551542427000186,-6.072857336493702,-19.878989538506996,-14.944580078125,2.0289533138275146,-0.38998356461524963,-0.04139133170247078,-5.31416654586792
54.60036145799995,-6.006239188307003,-19.912851856158856,-14.939208984375,1.923523873628847,-1.340775815916271,-0.01893860101699829,-4.948973178863525
54.6515346770002,-5.870779967555119,-19.935454542314748,-14.929183959960938,1.932115578491894,-1.277482424656052,-0.061242248862981796,-4.717621803283691
54.70034952600008,-5.787335553902681,-19.957337895715952,-14.92431640625,1.9363321721308182,-1.1386754577477727,-0.05047130584716797,-4.459077835083008
54.75033847600025,-5.654389080410734,-19.99102767380242,-14.916961669921875,2.007803440093994,-0.2758137583732605,-0.059400059282779694,-4.0727152824401855
54.800756666000325,-5.584927694122172,-20.006792095438406,-14.909637451171875,2.006032943725586,-0.2126884013414383,-0.04487524926662445,-3.8537325859069824
54.85062567600016,-5.516977533711435,-20.03684939911356,-14.903488159179688,1.9558594659713218,-1.011495209516125,-0.05614377558231354,-3.470290422439575
54.900478938000106,-5.362691588075478,-20.04834541494268,-14.89263916015625,2.0063765048980713,-0.21317870914936066,-0.10201994329690933,-3.2608001232147217
54.95130242899995,-5.295198436638104,-20.074092953032782,-14.887420654296875,1.9763545741496025,-0.8785233274412393,-0.10432654619216919,-2.907388210296631
55.00027328100032,-5.159416261428729,-20.08831788321578,-14.879714965820312,2.0202996730804443,-0.24840018153190613,-0.1300351321697235,-2.689284086227417
55.05066942700023,-5.092266774627467,-20.116859782925236,-14.876129150390625,1.9989483022389836,-1.0332151104203209,-0.14876601099967957,-2.32138729095459
55.10029136999992,-4.939258972361567,-20.13296694711904,-14.869384765625,2.010554852419236,-1.11742667223356,-0.1203383356332779,-2.0373780727386475
55.15126590099999,-4.872104275747998,-20.152056970666955,-14.8670654296875,2.0388004779815674,-0.11651840060949326,-0.10811284184455872,-1.7709589004516602
55.200808053999936,-4.737352564704948,-20.15548066390572,-14.855361938476562,2.033726215362549,-0.08473022282123566,-0.11861001700162888,-1.5241392850875854
55.25352637600008,-4.670471899989263,-20.16612825036199,-14.851730346679688,2.042330503463745,-0.07677754014730453,-0.14556849002838135,-1.3129745721817017
55.301942513000085,-4.60311395382489,-20.180771401150935,-14.849212646484375,2.054128885269165,-0.09063670784235,-0.18185392022132874,-1.0633569955825806
55.353084110000054,-4.448986939168519,-20.191763665487592,-14.841217041015625,2.0584373474121094,-0.10124357044696808,-0.17465020716190338,-0.7965811491012573
55.401691803000176,-4.381459047434958,-20.232263914453515,-14.839431762695312,2.054900884628296,-0.09407304227352142,-0.1891537606716156,-0.28006765246391296
55.45045013100025,-4.245547507272311,-20.257125865267987,-14.83026123046875,2.044475555419922,-0.12730984389781952,-0.1741042286157608,0.11850672215223312
55.500711590000265,-4.1783200329115795,-20.278015531575022,-14.82562255859375,2.041818380355835,-0.130594864487648,-0.18346449732780457,0.399808794260025
55.5504914359999,-4.0291411602593,-20.300857060250273,-14.815414428710938,2.035869905685728,-0.8181773325870894,-0.1494196206331253,0.7620474696159363
55.60071211600007,-3.963890342759256,-20.3203126417471,-14.809356689453125,2.027285575866699,-0.12632708251476288,-0.13558217883110046,1.0470787286758423
55.65075113700004,-3.83414502655219,-20.348724537567918,-14.799911499023438,2.043376436800652,-1.0700693842463802,-0.11655167490243912,1.4472817182540894
55.70070116800025,-3.768080511363322,-20.364472204755074,-14.7928466796875,2.019547939300537,-0.11217200011014938,-0.1145077645778656,1.7055567502975464
55.75045633700029,-3.620130694684713,-20.379692222291833,-14.781402587890625,2.0528246963144654,-0.7198209357039634,-0.13884904980659485,2.0098445415496826
55.800411032000284,-3.5535897643910914,-20.392709807339305,-14.777862548828125,2.0342042446136475,-0.11430931836366653,-0.15798015892505646,2.2182135581970215
55.850603627000055,-3.417630646164291,-20.40039691541676,-14.76849365234375,2.049318552017212,-0.07519764453172684,-0.1565442979335785,2.482644557952881
55.900994137,-3.349048509458079,-20.42403082737417,-14.7657470703125,2.0491745471954346,-0.0412222295999527,-0.17294959723949432,2.838897943496704
55.95109292500001,-3.1965700247083255,-20.41918731607489,-14.760726928710938,2.056030035018921,0.0213359035551548,-0.16503086686134338,3.0563881397247314
56.00045213500016,-3.1274272522030726,-20.437756581219364,-14.759765625,2.1293105074359566,-1.0216556785067328,-0.20574535429477692,3.4052422046661377
56.05021701800024,-2.9916305431868073,-20.431306170500097,-14.762847900390625,2.0751709938049316,0.043535832315683365,-0.22028671205043793,3.622427225112915
56.10044576400014,-2.922549215861408,-20.45035903006804,-14.766464233398438,2.134412961924846,-0.7819891111868157,-0.22426143288612366,3.9966132640838623
56.15040016700004,-2.8373210242426135,-20.45955056636554,-14.771713256835938,2.0795674324035645,0.008033040910959244,-0.2439257949590683,4.27097225189209
56.20029120700019,-2.7017705185930216,-20.46809155143347,-14.781814575195312,2.141293357470987,-0.6905941464203555,-0.22862358391284943,4.636621952056885
56.25139161800007,-2.6341633720899056,-20.476557073814543,-14.786422729492188,2.0806093215942383,0.052389081567525864,-0.24928218126296997,4.8881940841674805
56.30078708700012,-2.499081397528621,-20.48766929447488,-14.797561645507812,2.165799994468894,-0.8325895662115632,-0.2489195466041565,5.307753086090088
56.3504309570003,-2.4142607518071735,-20.48748612926231,-14.80242919921875,2.0849409103393555,0.07440590113401413,-0.26817241311073303,5.526552677154541
56.40085214700002,-2.279707855127226,-20.48544792025601,-14.812026977539062,2.071249008178711,0.055576205253601074,-0.24340035021305084,5.810072898864746
56.450704764999955,-2.2114685758282073,-20.504953882969776,-14.81573486328125,2.17255233776571,-0.9940550347370101,-0.22715288400650024,6.192490577697754
56.50039796500005,-2.0815994737032266,-20.49971347413835,-14.824264526367188,2.0650835037231445,0.021266059949994087,-0.2611320912837982,6.4439377784729
56.5504820430001,-1.997429527363173,-20.519236505676346,-14.8302001953125,2.145332050366298,-0.7109011168739202,-0.22738708555698395,6.819823265075684
56.60101819300007,-1.8650833120991184,-20.51421891793291,-14.830490112304688,2.04744029045105,-0.005342658143490553,-0.23033928871154785,7.011134624481201
56.65070433100027,-1.796369340934655,-20.534620208410963,-14.831405639648438,2.1245302379143474,-0.6865567249449862,-0.22486473619937897,7.352705001831055
56.701559030000226,-1.6611672719491093,-20.54045023697672,-14.833755493164062,2.056133270263672,-0.0806824192404747,-0.25163915753364563,7.621618270874023
56.750747348000004,-1.5720708538004562,-20.56840353921206,-14.835861206054688,2.1686987748542315,-0.9145846074658143,-0.26200923323631287,8.058961868286133
56.800262528000076,-1.4348923257491117,-20.576833456727574,-14.839599609375,2.062276840209961,-0.08827221393585205,-0.23598885536193848,8.325440406799316
56.85053859000027,-1.3635616277459066,-20.58637315236949,-14.83709716796875,2.06319260597229,-0.0888374075293541,-0.23079931735992432,8.574369430541992
56.90030758800003,-1.2229746927663712,-20.597971004973964,-14.83538818359375,2.2616778459155413,-1.2933343155795114,-0.2325800210237503,8.963830947875977
56.9504044790001,-1.1351723547165395,-20.60012576244438,-14.834686279296875,2.062957525253296,0.02541591040790081,-0.2482721209526062,9.18460750579834
57.00212164200002,-1.0618630453666675,-20.6118178336045,-14.833724975585938,2.234295384884718,-0.914336735279408,-0.24419301748275757,9.523011207580566
57.051133030000074,-0.9220366544014524,-20.602070738103258,-14.832717895507812,2.062621831893921,0.08418303728103638,-0.19713923335075378,9.7763671875
57.10071317000029,-0.8488035783750272,-20.605650844609187,-14.830825805664062,2.1492183861758485,-0.40039985743778617,-0.19467081129550934,10.038712501525879
57.151357207000274,-0.6890458531585626,-20.580070918442555,-14.828659057617188,2.17555219259045,-0.4088807367163204,-0.1936907321214676,10.24873161315918
57.20066284299992,-0.6123590212046137,-20.602773170100324,-14.828536987304688,2.232733442713623,-0.6363092249007297,-0.1657290905714035,10.722285270690918
57.25092873800031,-0.47720525889305776,-20.585865728583972,-14.82147216796875,2.078979969024658,0.18735238909721375,-0.17610861361026764,10.959235191345215
57.30010498499996,-0.4083877341549824,-20.58604419213746,-14.819534301757812,2.0830366611480713,0.1958189308643341,-0.193104550242424,11.159479141235352
57.3508887779999,-0.2585051131273497,-20.575428119419705,-14.811965942382812,2.2622616808899276,-0.6986301735561765,-0.17104914784431458,11.492371559143066
57.40057071499996,-0.19090412944842416,-20.579277747167918,-14.808670043945312,2.071167469024658,0.2178705632686615,-0.18517698347568512,11.735014915466309
57.45034616300018,-0.057021564525844504,-20.57767299582679,-14.803695678710938,2.2448746517720446,-0.5528531620710297,-0.19619359076023102,12.123372077941895
57.50030127300033,0.010775578681369247,-20.580954937099335,-14.80029296875,2.074291706085205,0.21764200925827026,-0.19774848222732544,12.398476600646973
57.550349017999906,0.15853828378337464,-20.568249745947583,-14.79620361328125,2.176243928986637,-0.29087409064331454,-0.21578282117843628,12.72105884552002
57.60089776199993,0.2236975420434728,-20.570234227348713,-14.794357299804688,2.0591745376586914,0.2509894073009491,-0.24736453592777252,12.959991455078125
57.65035753600023,0.35066107745544706,-20.566778571913247,-14.791641235351562,2.2346465000898967,-0.5830369805357075,-0.2243812382221222,13.335052490234375
57.700338364000345,0.4313812966494348,-20.568069481558464,-14.79046630859375,2.0486040115356445,0.2510407567024231,-0.21554727852344513,13.604296684265137
57.75104103900003,0.48075719067837674,-20.571002314869126,-14.787765502929688,2.0502567291259766,0.26278018951416016,-0.21071754395961761,13.819615364074707
57.801436858000216,0.6249020213237264,-20.560117204808602,-14.782485961914062,2.3142848921670662,-0.7705489836620805,-0.20299501717090607,14.201220512390137
57.851221801000065,0.6910167018333322,-20.562238316157472,-14.7799072265625,2.047360420227051,0.31189775466918945,-0.22102496027946472,14.452520370483398
57.90027174500028,0.8207602306662034,-20.55603035795321,-14.767745971679688,2.337905930837592,-0.7362124073279006,-0.2221757024526596,14.883577346801758
57.95020301400018,0.8870559128176714,-20.55538873227656,-14.763961791992188,2.051213026046753,0.3501424789428711,-0.2225004881620407,15.110701560974121
58.00021584900014,1.0387704668221582,-20.54382254895951,-14.754638671875,2.280102367990412,-0.4769723089400021,-0.21038804948329926,15.524276733398438
58.05067107600007,1.1094334410990516,-20.54744351450614,-14.7506103515625,2.0573039054870605,0.3470526933670044,-0.19557377696037292,15.809579849243164
58.10032177700032,1.250200024621023,-20.545249697006653,-14.745147705078125,2.285974386856051,-0.3630143835720856,-0.23740525543689728,16.25136375427246
58.15094783199993,1.3213510409576745,-20.544356413787224,-14.743133544921875,2.0810036659240723,0.32730767130851746,-0.24155253171920776,16.46438217163086
58.20130636600015,1.4754447535610966,-20.525880881239672,-14.740127563476562,2.0835139751434326,0.32906419038772583,-0.21283330023288727,16.707408905029297
58.25031113100022,1.5498222914536806,-20.535599909489502,-14.7357177734375,2.0843846797943115,0.34697645902633667,-0.21762974560260773,17.076757431030273
58.300901031000194,1.6866979233854993,-20.517978600591455,-14.729461669921875,2.08193039894104,0.3775586783885956,-0.2393513023853302,17.34337615966797
58.35023686600016,1.7614678907777606,-20.528252758198835,-14.728607177734375,2.3820375901411732,-0.5526812874948919,-0.25876322388648987,17.7138614654541
58.400819141000284,1.9120826903915962,-20.49346453762123,-14.726516723632812,2.070127487182617,0.45964929461479187,-0.26836591958999634,17.922822952270508
58.45013629999994,1.9858207500522749,-20.499336731500684,-14.727447509765625,2.2454351822478404,-0.09167326761574712,-0.2678009867668152,18.268783569335938
58.50059726900008,2.0546955010802126,-20.49257379982043,-14.726531982421875,2.050752639770508,0.5187124013900757,-0.2653745114803314,18.485305786132812
58.550385904999985,2.188301106718356,-20.46886657973659,-14.723846435546875,2.3136349658376463,-0.22192195493569378,-0.2833019495010376,18.821910858154297
58.600791196000046,2.2729432539142653,-20.457097847370857,-14.723861694335938,2.0438923835754395,0.5378760695457458,-0.269564688205719,19.047245025634766
58.65050621599994,2.4037989728123472,-20.426629418220752,-14.722930908203125,2.2944729618449804,-0.10463838104261525,-0.28303471207618713,19.34963607788086
58.701082665000285,2.472841403016689,-20.420334065281793,-14.723037719726562,2.358653002627211,-0.26510975624247346,-0.2666923999786377,19.60746955871582
58.75140973099997,2.6041514083739914,-20.386455244075957,-14.721771240234375,2.076575994491577,0.5867948532104492,-0.30391308665275574,19.848388671875
58.801148682000075,2.6940551997113937,-20.38550434981619,-14.720367431640625,2.4170297521165818,-0.31631663975313673,-0.2954414486885071,20.20651626586914
58.85039483900027,2.82967523025248,-20.358017272205117,-14.720748901367188,2.0942723751068115,0.5779086947441101,-0.2810898721218109,20.445302963256836
58.90115103700009,2.903861246985872,-20.360146091962946,-14.718734741210938,2.3251403392446397,-0.010552909130503774,-0.26341602206230164,20.785240173339844
58.950755369000035,3.040130613821799,-20.331514766448926,-14.718002319335938,2.0854079723358154,0.6231670379638672,-0.27119749784469604,21.0452880859375
59.00144287000012,3.132001361476548,-20.330719918843343,-14.7178955078125,2.4639308991367352,-0.3331935125063066,-0.29078224301338196,21.425634384155273
59.05210054100007,3.266542974970937,-20.296948232515728,-14.716964721679688,2.4759319913778146,-0.3660396034462641,-0.2612362802028656,21.658262252807617
59.10254989900022,3.3377894905465455,-20.290628090082794,-14.716644287109375,2.0481297969818115,0.7198435664176941,-0.2542617917060852,21.90296173095703
59.15223639500027,3.407905728336522,-20.28340966415927,-14.715316772460938,2.2005967248758895,0.34397866721796366,-0.25827541947364807,22.162761688232422
59.20169281900007,3.555807005973759,-20.244052437248197,-14.713973999023438,2.956677034712528,-1.4878417592999362,-0.26795482635498047,22.447895050048828
59.25298930100007,3.6240366414412355,-20.232452347029554,-14.715225219726562,2.3261871777022307,0.043787477826033094,-0.2719738185405731,22.6350154876709
59.30024150899999,3.764560394170105,-20.216824557074556,-14.719512939453125,2.0519540309906006,0.7032951712608337,-0.2836984395980835,23.10775375366211
59.35079359200017,3.8417152155993692,-20.22377881192337,-14.72265625,2.354439821393858,0.012021612477191024,-0.25956279039382935,23.511077880859375
59.4004698130002,3.994196345665757,-20.18731838985446,-14.722427368164062,2.068615198135376,0.6523691415786743,-0.28134140372276306,23.7557430267334
59.45076852200009,4.067760711018154,-20.18360860841657,-14.7220458984375,2.075648784637451,0.6397053003311157,-0.2613236606121063,24.011079788208008
59.50078453700007,4.210754699618167,-20.16792066900172,-14.720123291015625,2.5503280117411413,-0.39836285379223924,-0.2710925042629242,24.399959564208984
59.551125072000104,4.282925917602084,-20.16345952806314,-14.715469360351562,2.075490951538086,0.64079350233078,-0.2581416368484497,24.64370346069336
59.60134708800024,4.437778623154419,-20.135442119080757,-14.709487915039062,2.3710041690464867,0.015538004010882789,-0.2663763761520386,24.989347457885742
59.65093385799992,4.507860013592018,-20.12989386660164,-14.707168579101562,2.032477855682373,0.7079719305038452,-0.25879335403442383,25.24822235107422
59.700942080999994,4.642181178209444,-20.106997759937965,-14.70489501953125,2.351962284204796,0.06727325011714635,-0.2700068950653076,25.595535278320312
59.75025498600007,4.71333504307567,-20.102508665040286,-14.705368041992188,2.0378386974334717,0.7262528538703918,-0.2535082697868347,25.855894088745117
59.80050830600021,4.8614726479350665,-20.068289605439258,-14.701141357421875,2.3491557573890463,0.11145519409138649,-0.2796185612678528,26.201250076293945
59.85074514400003,4.932152412092683,-20.061556610846445,-14.701461791992188,2.025371551513672,0.7786726951599121,-0.2709507942199707,26.46302032470703
59.901855695999984,5.002864297436114,-20.053375574187783,-14.700851440429688,2.0264580249786377,0.7861367464065552,-0.27637290954589844,26.715839385986328
59.95087116000013,5.138010261817311,-20.019500981306553,-14.694869995117188,2.010589122772217,0.8254521489143372,-0.2752227783203125,27.077180862426758
60.00056775300027,5.208984388780029,-20.008652864656376,-14.6937255859375,2.009467363357544,0.8339072465896606,-0.2782045304775238,27.335874557495117
60.05082861300025,5.3618961668848835,-19.970967947470204,-14.685348510742188,2.494256634110566,-0.05198116935452257,-0.2559344172477722,27.737314224243164
60.10067516800018,5.434377307943314,-19.961799358747875,-14.680770874023438,2.0238230228424072,0.8758742809295654,-0.23553109169006348,28.014589309692383
60.15123125500031,5.576246685970165,-19.933845424363227,-14.67352294921875,2.531990147502497,-0.045180031625727146,-0.22409921884536743,28.462648391723633
60.20091707700021,5.648689584298017,-19.92050486428023,-14.670150756835938,2.0092599391937256,0.9269295930862427,-0.21724914014339447,28.708860397338867
60.25037029300029,5.800368296283331,-19.867537443455713,-14.66644287109375,2.0137360095977783,0.9744678139686584,-0.24811121821403503,28.98268699645996
60.301869586000066,5.873260691365102,-19.850334397335722,-14.661636352539062,2.0310137271881104,0.9559163451194763,-0.26661399006843567,29.179853439331055
60.350909353000134,6.0191979826423,-19.815299065590843,-14.657272338867188,2.0544164180755615,0.9467356204986572,-0.28443968296051025,29.540632247924805
60.400823127999956,6.100969843807494,-19.814190924841757,-14.655075073242188,2.5041787115102445,0.1328571807798451,-0.24884170293807983,29.927001953125
60.4507770160003,6.256970271428454,-19.767173361275916,-14.646820068359375,2.066646099090576,0.9095571637153625,-0.2953363358974457,30.168373107910156
60.50133914300022,6.342137249923782,-19.77259382899493,-14.646255493164062,2.7926582198910834,-0.31288230170256015,-0.30144938826560974,30.61094856262207
60.55082516099992,6.491185741918304,-19.723714098568458,-14.635574340820312,2.055023193359375,0.8849074840545654,-0.2610850930213928,30.793943405151367
60.601027307000095,6.554546697515084,-19.73084667160792,-14.632293701171875,2.627418692339101,-0.06977312656247125,-0.27290821075439453,31.167360305786133
60.6505743040002,6.707130196737949,-19.687553253707087,-14.621917724609375,2.04779052734375,0.8650725483894348,-0.2769721448421478,31.431640625
60.70092489200033,6.786465477882795,-19.685440859577874,-14.614883422851562,2.4445410304604227,0.22717495680658295,-0.2828339636325836,31.804691314697266
60.7509077120003,6.858572900862148,-19.670878286031268,-14.609695434570312,2.0206806659698486,0.9250676035881042,-0.31194522976875305,32.02229309082031
60.800214806999975,6.991679025937685,-19.6225441627547,-14.602401733398438,2.0169012546539307,0.9434751272201538,-0.3008110821247101,32.263336181640625
60.8506918930002,7.08710953974561,-19.610005432782447,-14.598846435546875,2.024782419204712,0.953559935092926,-0.31314802169799805,32.67278289794922
60.900496974999896,7.219681491735276,-19.55769524074269,-14.597091674804688,2.0050206184387207,0.963821291923523,-0.31889083981513977,32.8892936706543
60.95112906400027,7.298679222964444,-19.549675836377233,-14.594528198242188,2.581134965084602,0.08321321903109868,-0.30085375905036926,33.278587341308594
61.00029723500029,7.428857670247182,-19.491769471518587,-14.592041015625,1.9403752088546753,1.0361157655715942,-0.287870317697525,33.49028015136719
61.05048290400009,7.5197187727285115,-19.47107487790163,-14.59173583984375,2.4575328708179955,0.28702164041183076,-0.2967948913574219,33.8546028137207
61.10075152800027,7.644811713724698,-19.408856451388587,-14.593795776367188,2.1853171520529115,0.696696428824429,-0.3231728971004486,34.03411865234375
61.15110319700034,7.713354795419557,-19.38631379143723,-14.596527099609375,1.9397883415222168,1.0800001621246338,-0.3465590476989746,34.23216247558594
61.20046679899997,7.788378888170941,-19.37214517193443,-14.5994873046875,2.465343948199266,0.32242879293258875,-0.3413684070110321,34.576290130615234
61.250725281000086,7.929781197178504,-19.30004947746591,-14.60845947265625,1.8887642621994019,1.153274416923523,-0.3461216688156128,34.81834030151367
61.30031174700025,8.00606901319133,-19.287321636932365,-14.6136474609375,2.409512332448431,0.4101196841213687,-0.34445327520370483,35.20071029663086
61.35085861300013,8.131467479171668,-19.23028999999368,-14.622406005859375,1.8849740028381348,1.151366949081421,-0.34399446845054626,35.46653747558594
61.40034252000032,8.208646851640246,-19.221390306141675,-14.627578735351562,2.458457936716331,0.35657102864123247,-0.3342747092247009,35.87114334106445
61.451112318000014,8.34292565989573,-19.14749456129762,-14.638916015625,1.8576602935791016,1.1897028684616089,-0.3372475802898407,36.090606689453125
61.50048777700022,8.408693870871982,-19.122654672771624,-14.645263671875,1.8644918203353882,1.2056186199188232,-0.37200507521629333,36.32854461669922
61.55050015500001,8.539011355574425,-19.06924810493575,-14.6580810546875,2.6137221082890045,0.19499309255922137,-0.36756205558776855,36.758235931396484
61.60050887100033,8.604570761800076,-19.043010724621727,-14.662185668945312,1.8638602495193481,1.2083746194839478,-0.3730672597885132,36.99603271484375
61.650753372000054,8.744689810446289,-18.97144371991654,-14.674880981445312,2.1942915530347493,0.7863159416677481,-0.3454211950302124,37.313232421875
61.70024630500029,8.810145014488239,-18.94560012680488,-14.676498413085938,1.8955724239349365,1.1729493141174316,-0.3296278119087219,37.54795837402344
61.75078140000005,8.934865618569965,-18.88517348623515,-14.679412841796875,2.287669798353369,0.6592846625057555,-0.3183104991912842,37.891456604003906
61.801038659999904,9.002389199906116,-18.861122660260076,-14.68212890625,1.8351962566375732,1.2477760314941406,-0.3213469386100769,38.158870697021484
61.850807669000005,9.136912805868205,-18.793550405652915,-14.682586669921875,2.3200790279420356,0.628226137120717,-0.2969285845756531,38.549007415771484
61.900951935000194,9.20222697776812,-18.769393853414268,-14.68408203125,1.8127845525741577,1.255110740661621,-0.30523058772087097,38.8038330078125
61.95144277300005,9.265588106755223,-18.742213339798077,-14.685577392578125,1.817808985710144,1.2535874843597412,-0.2956787645816803,39.01913833618164
62.000145514999986,9.388285629312119,-18.68101500590236,-14.686813354492188,1.8239681720733643,1.2874538898468018,-0.3467787504196167,39.39024353027344
62.050531737000256,9.453481481676453,-18.65364548823356,-14.68994140625,1.8304015398025513,1.269842267036438,-0.3506873548030853,39.6230583190918
62.10115819700013,9.591857472772462,-18.584743241406386,-14.696151733398438,2.506256236619214,0.4448293815849269,-0.3113040626049042,40.025047302246094
62.150485848000244,9.659918961953402,-18.562088357322608,-14.699127197265625,1.8390254974365234,1.2316828966140747,-0.32625612616539,40.313358306884766
62.20121128500023,9.782602927448691,-18.499382054265748,-14.704925537109375,2.2909914771433906,0.7143077022849816,-0.33183225989341736,40.645755767822266
62.2513839799999,9.851452916078195,-18.476293771711674,-14.705886840820312,1.8046576976776123,1.2763768434524536,-0.30775076150894165,40.957969665527344
62.30167581600017,9.980745375439925,-18.392667206285342,-14.709503173828125,1.8001108169555664,1.301818609237671,-0.2925416827201843,41.193763732910156
62.3514468430003,10.04774531441553,-18.366826842323796,-14.7073974609375,2.236343383057455,0.8023653823648572,-0.28990229964256287,41.50289535522461
62.40261655700033,10.112224738266026,-18.337513758990454,-14.706344604492188,1.7773000001907349,1.3294241428375244,-0.28372693061828613,41.76142883300781
62.45065216800003,10.226518332494276,-18.259775647468068,-14.706832885742188,2.1166711878249203,0.9783224611557302,-0.288252592086792,41.99545669555664
62.502968734000206,10.306522386897065,-18.218975128960942,-14.705108642578125,1.7591159343719482,1.377083659172058,-0.28327512741088867,42.27130126953125
62.55329052500019,10.427150766841438,-18.144344654468075,-14.70562744140625,3.1290877945768267,-0.11859003308389249,-0.25673389434814453,42.563575744628906
62.600196073000006,10.556487400463936,-18.0743756614472,-14.703079223632812,8.582155755462324,-5.908112266825962,-0.24155715107917786,43.07329177856445
62.650529172999995,10.630388353291977,-18.04796173212486,-14.702606201171875,2.3869550986004926,0.7420407680865853,-0.2620662748813629,43.479244232177734
62.70064693600034,10.707254453682022,-17.99805882633084,-14.703323364257812,1.7464733123779297,1.4207725524902344,-0.25627997517585754,43.71126174926758
62.751516851999895,10.819714302414841,-17.905241264857835,-14.7010498046875,1.701159119606018,1.473630428314209,-0.25403866171836853,43.96895217895508
62.80057487900012,10.887161305346151,-17.8707025710576,-14.700454711914062,2.388627340064923,0.7661185529213217,-0.24694277346134186,44.29189682006836
62.8513728920002,10.996819483451565,-17.777050038150538,-14.7000732421875,1.7022907733917236,1.4814252853393555,-0.25855427980422974,44.53425216674805
62.90094401400029,11.071176862198174,-17.72504625929014,-14.70037841796875,1.7207189798355103,1.4724701642990112,-0.2670321762561798,44.78697967529297
62.95102931600013,11.181356262165874,-17.631033550787205,-14.703460693359375,1.7224600315093994,1.4970805644989014,-0.2916284501552582,45.01294708251953
63.001301826000145,11.24320459864299,-17.588714012384425,-14.704559326171875,1.7234090566635132,1.502896785736084,-0.29096806049346924,45.25095748901367
63.05201681000017,11.308500298520855,-17.54967593445472,-14.706695556640625,1.7165888547897339,1.5049470663070679,-0.2889484465122223,45.533164978027344
63.10602433400027,11.427903950847845,-17.435663752270116,-14.712326049804688,1.6676503419876099,1.5518914461135864,-0.2712596356868744,45.740516662597656
63.15297003900014,11.48527772437845,-17.389112275998585,-14.713943481445312,1.658536672592163,1.561164379119873,-0.2699253559112549,45.94139099121094
63.20198216300014,11.591993888898145,-17.28856271478156,-14.718414306640625,1.6409536600112915,1.570828914642334,-0.25974398851394653,46.18122482299805
63.25030503100015,11.658669604332783,-17.25101635964414,-14.720611572265625,5.213938597209456,-1.8285762490401258,-0.241140216588974,46.54181671142578
63.30050136299997,11.793257903842477,-17.151749958142393,-14.726318359375,1.6284717321395874,1.563447117805481,-0.24471746385097504,47.09052658081055
63.35061651600017,11.859292399460836,-17.113670533302418,-14.729766845703125,2.126891662503883,1.0929567848199997,-0.23677527904510498,47.40412521362305
63.401120021000224,11.959964116619549,-17.01421908098504,-14.731842041015625,1.6184852123260498,1.538499355316162,-0.20173947513103485,47.65107727050781
63.45165209200013,12.025978045543214,-16.978655303512713,-14.733795166015625,2.197862667338437,1.0137593981719317,-0.22515968978405,48.00665283203125
63.50134420199993,12.136526093316167,-16.868975890291992,-14.7413330078125,1.5890185832977295,1.5492695569992065,-0.25189366936683655,48.26301574707031
63.550124359000165,12.195455075650797,-16.829567214953943,-14.74578857421875,1.5729327201843262,1.5594207048416138,-0.24739035964012146,48.527687072753906
63.600482645000284,12.3026144230022,-16.742101589252393,-14.755889892578125,2.3065347230737645,0.9052800557457485,-0.25219786167144775,48.922122955322266
63.65090122099991,12.359105432212097,-16.702235933573466,-14.759613037109375,1.5155690908432007,1.5954313278198242,-0.2184961885213852,49.19151306152344
63.700923599999896,12.475505275470148,-16.60228962703752,-14.766952514648438,2.282047368839268,0.9378023951257477,-0.20282043516635895,49.58173370361328
63.750531071000296,12.531931209784915,-16.562616283331675,-14.77001953125,1.5069187879562378,1.6068118810653687,-0.23622579872608185,49.86845016479492
63.800555223000174,12.631285551746135,-16.47121080861478,-14.776962280273438,2.0643791609480506,1.1388976581681984,-0.2345828413963318,50.25126266479492
63.8507114060003,12.686807390702429,-16.429813928102412,-14.78076171875,1.4617817401885986,1.6416760683059692,-0.2097269743680954,50.51128005981445
63.90081562600017,12.79779401407361,-16.32263018585553,-14.781387329101562,2.228137313272704,1.0301226497504432,-0.23524940013885498,50.918025970458984
63.95049588400025,12.853156384927512,-16.279307371412866,-14.783050537109375,1.4884755611419678,1.6262086629867554,-0.21628721058368683,51.15989685058594
64.00107285000013,12.91100252104847,-16.238054639773726,-14.784133911132812,1.4692713022232056,1.6367743015289307,-0.2205357551574707,51.433597564697266
64.05048147900015,13.009004051992381,-16.14267357880929,-14.783111572265625,2.2713391838823234,0.9955868200389899,-0.21672740578651428,51.790382385253906
64.10114360700027,13.066263623085417,-16.10138987675203,-14.783432006835938,1.4552332162857056,1.6264270544052124,-0.21172094345092773,52.07207489013672
64.15098785000009,13.180606864435674,-15.996243975355803,-14.780792236328125,2.072097543391012,1.1272338864359348,-0.15368881821632385,52.46843719482422
64.20038841099995,13.23576550552124,-15.952600436635958,-14.778884887695312,1.4211264848709106,1.6280169486999512,-0.152409166097641,52.69085693359375
64.25166622100005,13.334015320212368,-15.852407000072684,-14.776260375976562,1.4470362663269043,1.6233404874801636,-0.17063021659851074,52.94741439819336
64.30097247399999,13.397413422666041,-15.810630173882284,-14.774688720703125,1.4563533067703247,1.614159107208252,-0.1438581347465515,53.267295837402344
64.3504168290001,13.518636251813694,-15.701649417853442,-14.77392578125,2.1046226235344987,1.1396668581000604,-0.17551328241825104,53.64768981933594
64.40079606000018,13.577859863129884,-15.655121315567818,-14.773727416992188,1.4554579257965088,1.6244962215423584,-0.1636909693479538,53.88941955566406
64.45142545899989,13.690205416085913,-15.535056401574954,-14.776138305664062,1.4816046953201294,1.6325114965438843,-0.18122488260269165,54.113014221191406
64.5010607029999,13.748061122564636,-15.5092841200304,-14.7774658203125,2.331659391486239,1.028237282297896,-0.20294176042079926,54.46518325805664
64.550854953,13.862011118377676,-15.386686373401087,-14.781021118164062,1.5155538320541382,1.6266738176345825,-0.21579886972904205,54.70260238647461
64.60040280200019,13.92907789170965,-15.344081576908804,-14.783645629882812,2.1468100655213753,1.18646929466655,-0.19404707849025726,55.025306701660156
64.65093452700012,14.034897882543088,-15.235528982622355,-14.785079956054688,1.483879566192627,1.6459946632385254,-0.19023238122463226,55.29722595214844
64.7003732799999,14.106157526166166,-15.193804871087327,-14.786270141601562,2.047468085709111,1.2663374521821353,-0.2101839780807495,55.684913635253906
64.75050815600025,14.22068794553677,-15.067605023112085,-14.789276123046875,1.4689371585845947,1.6506930589675903,-0.17312046885490417,55.92176055908203
64.80075585300028,14.282385183829753,-15.017659252353873,-14.790328979492188,1.45972740650177,1.651611566543579,-0.17446546256542206,56.18336868286133
64.85243481399993,14.343126613981681,-14.967525654897544,-14.792129516601562,1.4440778493881226,1.6721935272216797,-0.1789332628250122,56.42896270751953
64.90163578200008,14.454260237939614,-14.860263099025389,-14.7958984375,2.2245320001428603,1.1690938352797098,-0.18615442514419556,56.81406021118164
64.95490712300034,14.522282607281053,-14.792596564817323,-14.798629760742188,2.0345447004420447,1.2971444433888863,-0.2031358778476715,57.05434799194336
65.00119999400022,14.613493655139091,-14.674238491128126,-14.803909301757812,1.4117182493209839,1.6901829242706299,-0.17531953752040863,57.195369720458984
65.05262611600028,14.669909476687844,-14.621000941615574,-14.805221557617188,1.4085605144500732,1.676106572151184,-0.17898863554000854,57.443206787109375
65.10194378899996,14.769339869669604,-14.507724726750125,-14.810043334960938,2.249213089464952,1.1474598784984686,-0.18694019317626953,57.72345733642578
65.1504223259999,14.84765611623886,-14.447187400267401,-14.812347412109375,4.2624607592906365,-0.09829917865203397,-0.17903849482536316,58.13311004638672
65.20025254800021,14.955893653696291,-14.339926128067246,-14.811004638671875,1.377725601196289,1.678810954093933,-0.13581083714962006,58.60532760620117
65.25029339599996,15.011429526114163,-14.28828956951369,-14.81103515625,1.3548641204833984,1.679336428642273,-0.1249280795454979,58.85050582885742
65.30099074000009,15.100819057597215,-14.168433107011051,-14.810195922851562,2.1097984972335238,1.2260567068468646,-0.11471222341060638,59.1551513671875
65.35102695500018,15.161251343363357,-14.097428477452809,-14.810012817382812,1.271062970161438,1.7056025266647339,-0.08299587666988373,59.41758728027344
65.4007688810002,15.25527688370502,-13.981520807579171,-14.811859130859375,1.8792449111469924,1.3481614839848102,-0.1183016300201416,59.81666946411133
65.45046208900021,15.305841978293376,-13.925075823170896,-14.814666748046875,1.2068443298339844,1.7330368757247925,-0.14224790036678314,60.06817626953125
65.50124386800007,15.367721284882464,-13.875615375256881,-14.818740844726562,1.8713203403252259,1.367685014656617,-0.17264744639396667,60.457191467285156
65.55088319200013,15.44970039691186,-13.732371700948407,-14.8316650390625,1.1816413402557373,1.737795352935791,-0.1538420170545578,60.684391021728516
65.60056100100019,15.507793656658656,-13.682011939800088,-14.837112426757812,2.1286888722879915,1.2156335830482021,-0.14493916928768158,61.0885124206543
65.65050581800006,15.585286011672352,-13.55934001185126,-14.849700927734375,1.1787370443344116,1.7426235675811768,-0.13919572532176971,61.37040710449219
65.70145214700005,15.632305063580974,-13.500413320656982,-14.857452392578125,1.1618573665618896,1.7498427629470825,-0.14412283897399902,61.628055572509766
65.7508095600001,15.72321099984975,-13.36278122378215,-14.874038696289062,2.043409001161606,1.274751726838128,-0.14111065864562988,61.99416732788086
65.8011910590003,15.773050438316812,-13.303373649455459,-14.880279541015625,1.1691800355911255,1.7446556091308594,-0.16228865087032318,62.25794219970703
65.85066164399996,15.862478537854955,-13.178494944003248,-14.892196655273438,1.711068470994016,1.479060554351235,-0.15889164805412292,62.614013671875
65.90028925700017,15.918577167134288,-13.101353817909823,-14.8995361328125,1.1257318258285522,1.782291054725647,-0.1522669494152069,62.84299087524414
65.95049210200023,15.963371589960513,-13.0593762091681,-14.902603149414062,1.1029329299926758,1.788153052330017,-0.1380053013563156,63.12687301635742
66.00049779300025,16.057597011903393,-12.917077263445261,-14.91253662109375,2.159471748291958,1.2508729348440024,-0.15483932197093964,63.47240447998047
66.05045164600006,16.10813250905302,-12.858574262033235,-14.918014526367188,1.0677720308303833,1.786879301071167,-0.14256271719932556,63.732887268066406
66.1006234460001,16.19532517750826,-12.731096378873794,-14.933364868164062,1.887684939357769,1.3892325472640463,-0.1715916246175766,64.09721374511719
66.15054643300027,16.24483336897639,-12.671833469389966,-14.941268920898438,1.0197162628173828,1.807823657989502,-0.16878078877925873,64.3629150390625
66.20084468599998,16.335488314168252,-12.526812851447957,-14.954727172851562,1.6231708209384719,1.4994330551671016,-0.14056935906410217,64.75439453125
66.25057013800006,16.382022569882416,-12.466037082520868,-14.960189819335938,0.9727228879928589,1.8019243478775024,-0.12456768751144409,65.01953887939453
66.30071595400022,16.464745293224063,-12.33999175829268,-14.969467163085938,1.74095070906644,1.4486374172747174,-0.13831278681755066,65.43464660644531
66.35034535100021,16.507371018895697,-12.276894152554723,-14.97296142578125,0.9283366799354553,1.8239256143569946,-0.13282138109207153,65.67267608642578
66.40069813800028,16.584514997112944,-12.130231439884763,-14.981430053710938,0.9610558152198792,1.7993062734603882,-0.14045047760009766,65.939453125
66.4507829170002,16.638340084497646,-12.069678187197134,-14.984222412109375,1.6131841464604952,1.500569244832867,-0.11688604950904846,66.3021011352539
66.50075838300017,16.712012198526494,-11.938402410729642,-14.989852905273438,0.9700493216514587,1.7630577087402344,-0.1153780147433281,66.57582092285156
66.55641138100009,16.77172319414157,-11.883016642772041,-14.992218017578125,1.4789064493485125,1.5409890602735308,-0.09232037514448166,66.98958587646484
66.60089956999991,16.821972233506802,-11.79952612052145,-14.994522094726562,0.9799889326095581,1.750784158706665,-0.09257244318723679,67.2221908569336
66.6504247769999,16.894980475342734,-11.667571000134583,-14.99822998046875,1.0034393072128296,1.728601098060608,-0.05733947455883026,67.45992279052734
66.70032147200027,16.951294358632445,-11.6103184665775,-14.99755859375,2.3012183967216506,1.195878191974673,-0.01268602441996336,67.81957244873047
66.75055628900009,17.026190948670056,-11.481620806094742,-14.994903564453125,1.040985345840454,1.7084405422210693,-0.04955120384693146,68.05499267578125
66.80042590099993,17.09217649594891,-11.411020366444882,-14.995025634765625,1.800637346197199,1.4094850539242108,-0.05379673093557358,68.41155242919922
66.85065277900003,17.164056823561097,-11.278548715615162,-14.993133544921875,1.0355678796768188,1.7119934558868408,-0.0485772006213665,68.63339233398438
66.90087601100004,17.214596264729657,-11.219352108418143,-14.99224853515625,1.4683856193048168,1.5361980379210376,-0.040527183562517166,68.92874908447266
66.95030208300022,17.281256497464533,-11.084005705708915,-14.991012573242188,0.9853339791297913,1.7190930843353271,-0.019739430397748947,69.1115493774414
67.000695834,17.330808096045825,-11.00069425423845,-14.990264892578125,0.994735836982727,1.7091678380966187,0.0017330832779407501,69.31310272216797
67.05097024099996,17.41424914441481,-10.87191615804693,-14.989151000976562,0.9992260932922363,1.7062392234802246,-0.012921921908855438,69.66475677490234
67.10052808799992,17.45620127969759,-10.802737551417959,-14.989837646484375,0.9893432855606079,1.7069671154022217,-0.015412631444633007,69.84527587890625
67.1512200000002,17.54284358390127,-10.670472734834672,-14.990631103515625,0.9767587184906006,1.7073593139648438,0.02142268978059292,70.23503875732422
67.2007199059999,17.597006648938837,-10.587551168357422,-14.989959716796875,0.9568895101547241,1.7206635475158691,0.0032611729111522436,70.47980499267578
67.25166600600005,17.653113926475466,-10.523339457668378,-14.988876342773438,2.2314587410995896,1.2806290175936064,0.005053909029811621,70.84718322753906
67.30018609200033,17.72426637538332,-10.385737575784713,-14.986343383789062,0.9195519089698792,1.7366517782211304,0.033164601773023605,71.08203125
67.35049602200024,17.765441657053742,-10.31768084058566,-14.983108520507812,0.8868072628974915,1.7389380931854248,0.031095363199710846,71.29399108886719
67.40061907300014,17.853753204326946,-10.167109837219922,-14.975738525390625,0.8818008899688721,1.7369654178619385,0.032957494258880615,71.70899963378906
67.45030934900024,17.899002682251474,-10.104465419156774,-14.973281860351562,0.8927932381629944,1.7370445728302002,0.016667334362864494,71.95710754394531
67.50103378500035,17.96185923037819,-9.96230000514712,-14.97735595703125,0.8555416464805603,1.7462791204452515,-0.03700290620326996,72.16510772705078
67.55159165300029,18.00522184841,-9.897643297286177,-14.979949951171875,0.8519132733345032,1.7507100105285645,-0.04259349778294563,72.4144058227539
67.60070111899995,18.077397152790954,-9.741875196049723,-14.982208251953125,0.8226369619369507,1.7489194869995117,-0.0372454933822155,72.71256256103516
67.65056142100002,18.144626643429554,-9.684453661269027,-14.98272705078125,0.8258123993873596,1.7437540292739868,-0.057987913489341736,73.27086639404297
67.70040011600031,18.21365371389848,-9.550596722776827,-14.985687255859375,1.3226440173132565,1.590293763783956,-0.07119376957416534,73.60497283935547
67.75049859299997,18.256131699952306,-9.483421532094626,-14.98760986328125,0.7766243815422058,1.742709994316101,-0.06763435155153275,73.88786315917969
67.80042799500006,18.328218479741533,-9.33185769481275,-14.992294311523438,1.5976365782077324,1.4964819422560904,-0.06357461959123611,74.22126770019531
67.85019808800007,18.367124451545756,-9.26408019477819,-14.992340087890625,0.7450740933418274,1.7289152145385742,-0.05854770168662071,74.48397064208984
67.90101507500003,18.405676802205843,-9.196434465135992,-14.991409301757812,0.7519176006317139,1.7294255495071411,-0.05521175265312195,74.74191284179688
67.95078729800025,18.472722885998913,-9.063621627211933,-14.99066162109375,0.7429694533348083,1.7056270837783813,-0.04798603057861328,75.10545349121094
68.00090158700004,18.509311542433625,-8.992970709759643,-14.988632202148438,0.7352944016456604,1.7081941366195679,-0.062306832522153854,75.34688568115234
68.05132399500008,18.57894347460572,-8.838343034293501,-14.986602783203125,1.577932423486315,1.4695236129768092,-0.03962027281522751,75.69224548339844
68.10010680200003,18.617055807739835,-8.77349253320811,-14.985519409179688,0.7427369952201843,1.671303391456604,-0.030570248141884804,75.93303680419922
68.15046307900002,18.681471809604457,-8.639832977737866,-14.983383178710938,1.6210735172760562,1.4302612006439972,-0.02323424629867077,76.30615234375
68.20154433800008,18.721037859725556,-8.57757627097703,-14.98284912109375,0.7565746307373047,1.6392186880111694,-0.024466287344694138,76.56078338623047
68.25099080200016,18.77661593864078,-8.42578085323792,-14.979629516601562,0.71501225233078,1.6402723789215088,-0.03127412497997284,76.8199462890625
68.30239590300016,18.809014977391065,-8.361031014138256,-14.978500366210938,1.2216969755750795,1.5233783622210715,-0.03278832510113716,77.03495788574219
68.35115021699994,18.85903017849264,-8.22688227733661,-14.977645874023438,0.6968607902526855,1.620272159576416,-0.010837857611477375,77.29403686523438
68.40069734600002,18.892852821199973,-8.1594860372415,-14.97796630859375,1.2540349372230346,1.492991713797138,0.0012875765096396208,77.53685760498047
68.452823222,18.929708617935475,-8.077177032907404,-14.9783935546875,1.514425366039788,1.419862539567553,0.010724402032792568,77.76641845703125
68.50090755600013,19.012535077200422,-7.948511831792263,-14.97625732421875,1.4401394304759296,1.4287275419583558,0.010238797403872013,78.41797637939453
68.55091552900012,19.062809014088348,-7.812972852599921,-14.970626831054688,0.6791191101074219,1.5736111402511597,0.033623769879341125,78.65836334228516
68.60052769000004,19.11455790524323,-7.751239432000939,-14.967422485351562,1.7879904210273228,1.3561166925371304,0.03265077620744705,79.08307647705078
68.65062693900018,19.166245164739472,-7.592580718766557,-14.959564208984375,0.5963450074195862,1.5938935279846191,0.007905871607363224,79.33370208740234
68.70140022500027,19.20815853558821,-7.528564879684879,-14.957077026367188,1.061635265270794,1.5228789488931322,0.0036817153450101614,79.66857147216797
68.75145468400024,19.240204676828146,-7.459607348203506,-14.954193115234375,0.5641176700592041,1.6209959983825684,-0.008213247172534466,79.91455841064453
68.80066597099994,19.282369555074567,-7.314606846569759,-14.947219848632812,0.5832924842834473,1.6313201189041138,0.013688452541828156,80.16246795654297
68.85058341600006,19.328849887625267,-7.231394172640816,-14.943695068359375,1.4733440965054243,1.4819242341601915,0.004750070162117481,80.52908325195312
68.9003597169999,19.37323736993571,-7.082737876224592,-14.933792114257812,0.5811256170272827,1.6352614164352417,-0.029733503237366676,80.7773666381836
68.95048239300013,19.417350788082093,-7.014119398911962,-14.930404663085938,1.2824293976787318,1.522187322178957,-0.057136837393045425,81.14979553222656
69.0002853599999,19.461850760201393,-6.868317271545561,-14.925689697265625,0.5717679262161255,1.63127601146698,-0.06608832627534866,81.40043640136719
69.05053648600006,19.505501194352462,-6.778789663980034,-14.924346923828125,1.202539793159921,1.53869600196164,-0.08751025050878525,81.74948120117188
69.10034427500023,19.54754171523218,-6.637498291610743,-14.92315673828125,0.6027791500091553,1.6037490367889404,-0.05320073664188385,81.95652770996094
69.15082091500017,19.590719219629676,-6.565864980823194,-14.922744750976562,1.591683176987716,1.4699136575808815,-0.04469382017850876,82.32782745361328
69.200512333,19.63764344776856,-6.42356235377459,-14.922195434570312,0.5939239263534546,1.6109973192214966,-0.04954635351896286,82.59353637695312
69.25085877600031,19.671154794991438,-6.3344557995417805,-14.921859741210938,0.5388277173042297,1.6037356853485107,-0.018649615347385406,82.80773162841797
69.30050813900016,19.723572157872788,-6.188289788972491,-14.920654296875,1.9665374513712506,1.4290298163116593,-0.0454869382083416,83.1968765258789
69.35107534000008,19.750664040939352,-6.1190213098918225,-14.92108154296875,0.44150641560554504,1.603989601135254,-0.0445849671959877,83.40829467773438
69.40057096800001,19.78831250478781,-5.9651713602667655,-14.919036865234375,1.1009375509233745,1.5451765531957438,-0.09049789607524872,83.73906707763672
69.45079694700007,19.816435596574088,-5.872800876451587,-14.91876220703125,0.37947311997413635,1.6275873184204102,-0.07578723132610321,83.99308776855469
69.5035415299999,19.842195893518785,-5.801871591635947,-14.918472290039062,0.3391086161136627,1.6345051527023315,-0.06710049510002136,84.23445129394531
69.55171096000004,19.86462089858506,-5.654268335749883,-14.91815185546875,0.30389437079429626,1.6298072338104248,-0.012051062658429146,84.48590850830078
69.60031855000034,19.88513340376778,-5.584846900128227,-14.917861938476562,0.2704280912876129,1.634649634361267,-0.02389799989759922,84.71601867675781
69.65074953900012,19.920741096915027,-5.423318535189498,-14.92095947265625,0.24397864937782288,1.6362003087997437,-0.07764288038015366,85.21862030029297
69.70087438600012,19.937518945874174,-5.3527642001421185,-14.923553466796875,0.23276937007904053,1.6402491331100464,-0.07180409133434296,85.45471954345703
69.75039414899993,19.965941870177268,-5.213972024107844,-14.925537109375,0.19894134998321533,1.6342318058013916,-0.026311008259654045,85.86395263671875
69.80072449299996,19.984394155888435,-5.143005276988483,-14.923477172851562,0.20121824741363525,1.6366480588912964,-0.029920056462287903,86.12407684326172
69.85025337700017,20.011940040758223,-4.9895678225442825,-14.9212646484375,1.0118138839448911,1.58390836490565,-0.052448730915784836,86.49060821533203
69.90045863200021,20.03377757495862,-4.918556833586893,-14.919097900390625,0.2137918472290039,1.633370280265808,-0.0485709048807621,86.77677154541016
69.95039573400027,20.06446269206447,-4.778054722610968,-14.9151611328125,0.887608087510208,1.5986834970749255,-0.04463283345103264,87.19014739990234
70.00024430400026,20.083895610341578,-4.710850645046128,-14.913742065429688,0.16242074966430664,1.638182520866394,-0.04753958433866501,87.43675231933594
70.05069330100014,20.102654859777022,-4.6373310567646495,-14.911758422851562,0.14254827797412872,1.6487147808074951,-0.0685097947716713,87.68284606933594
70.10089819399991,20.128159272450805,-4.47889214588758,-14.910629272460938,0.1032571941614151,1.6441820859909058,-0.08778154850006104,88.04405212402344
70.15168226800006,20.149446541707494,-4.410580554760271,-14.9110107421875,0.1087108701467514,1.6443270444869995,-0.07599405199289322,88.31673431396484
70.2023185400003,20.163899977007336,-4.270574981129782,-14.914077758789062,0.10384193062782288,1.6335079669952393,-0.07722418010234833,88.56957244873047
70.2527808750001,20.19840323746517,-4.20410948497636,-14.915740966796875,2.2401831684685978,1.5943609387661153,-0.08061879128217697,88.99750518798828
70.30343371800018,20.203805323750977,-4.117357550288249,-14.917770385742188,0.11066879332065582,1.632583737373352,-0.05550069361925125,89.10042572021484
70.35215727900004,20.21514768558638,-3.9731184749260278,-14.920913696289062,0.49326822963235917,1.6307506793466542,-0.06625592708587646,89.3199234008789
70.4015776199999,20.2300544664463,-3.8315047316381516,-14.924957275390625,0.9371278836145713,1.6204600605096489,-0.07232602685689926,89.56465148925781
70.45142988499992,20.249089990362542,-3.75914942564839,-14.927383422851562,1.5137750714293146,1.619399399431534,-0.0769144743680954,89.81356048583984
70.50093266600015,20.269315210679018,-3.6043296601354946,-14.934921264648438,0.8149999635242854,1.6240348442496195,-0.10098836570978165,90.07649230957031
70.55094798500022,20.285954229592992,-3.5318174104893796,-14.939117431640625,0.674043007509774,1.6279232956373073,-0.11162672936916351,90.29133605957031
70.6003175410001,20.31736958886752,-3.3932974106224885,-14.947265625,5.603308644991422,1.6764801387761648,-0.0761493518948555,90.66959381103516
70.65036583600022,20.374253439554387,-3.3241690254710967,-14.950912475585938,0.7597308708929604,1.6309608079890727,-0.07883323729038239,91.32518768310547
70.70109176300002,20.394775515487943,-3.164776513049909,-14.959732055664062,0.023600028827786446,1.599979043006897,-0.06796848773956299,91.58690643310547
70.75031468599991,20.421762959105248,-3.09715101880039,-14.963577270507812,0.7217854466250221,1.6147714232213666,-0.0592321902513504,91.90861511230469
70.80049068700009,20.43448657748646,-2.957285541160031,-14.969985961914062,-0.0358799584209919,1.5981419086456299,-0.055331937968730927,92.16626739501953
70.85054862700008,20.45755068122417,-2.8876713016744615,-14.97259521484375,0.592702596014416,1.6324202840769895,-0.05659736320376396,92.48929595947266
70.90055408700027,20.47322633776316,-2.8036683268866183,-14.977020263671875,-0.08116263151168823,1.6022955179214478,-0.07491255551576614,92.7525405883789
70.95090435400016,20.48221322737309,-2.6580343612428736,-14.990676879882812,-0.048006802797317505,1.6124827861785889,-0.0937083289027214,92.9756851196289
71.00045794400012,20.508981741366785,-2.5861838636062755,-14.99761962890625,1.0866981080815847,1.674149643781647,-0.09891539812088013,93.33672332763672
71.05107139100028,20.518994043211613,-2.4436267803964986,-15.012557983398438,-0.09696099162101746,1.6113905906677246,-0.08398693054914474,93.58639526367188
71.10047411000005,20.54242803293126,-2.353345159992368,-15.021392822265625,0.8063678497063137,1.6648815831459067,-0.04212441295385361,93.95206451416016
71.15027390500018,20.551833894377104,-2.2160582173985572,-15.030853271484375,-0.13874311745166779,1.6076809167861938,-0.006674551870673895,94.21692657470703
71.20119953500034,20.57574359925939,-2.143693305670892,-15.03375244140625,0.7655267167731288,1.6827117020442133,0.0013392390683293343,94.59661865234375
71.25080137500026,20.579858868631963,-2.0085374762215533,-15.038925170898438,-0.19304093718528748,1.6008268594741821,-0.00988493487238884,94.84129333496094
71.30077147300017,20.607240182318126,-1.9225036046888873,-15.0416259765625,0.8786257137277758,1.7019462560604401,-0.019553281366825104,95.25592041015625
71.3502359160002,20.615882882579328,-1.7868562795989744,-15.042724609375,-0.1977839469909668,1.5998098850250244,0.0005897972150705755,95.4745101928711
71.40063197000018,20.646290740442524,-1.7191493600705874,-15.0428466796875,0.7219034441536011,1.6910437660432125,0.031136529520154,95.88037872314453
71.45087433800018,20.661879427734362,-1.583277369522996,-15.044097900390625,-0.15556448698043823,1.6073148250579834,0.008097711950540543,96.12346649169922
71.50073536700029,20.681329293314548,-1.5000864965954523,-15.046142578125,-0.16670095920562744,1.6017062664031982,-0.008190690539777279,96.3783950805664
71.55029701100011,20.704368226466908,-1.3716579307906205,-15.048019409179688,0.6141231512396964,1.6886873099330353,0.0005735710146836936,96.68834686279297
71.60037915400017,20.723377809798272,-1.307798603723148,-15.048446655273438,-0.21437250077724457,1.5961683988571167,0.0028239486273378134,96.93704986572266
71.6503219629999,20.752325622084342,-1.1830633163942252,-15.049789428710938,0.8730173011414879,1.726942566845095,-0.016564631834626198,97.32243347167969
71.70029978299999,20.77125897860634,-1.1011220866391245,-15.048065185546875,-0.1855122298002243,1.5956076383590698,0.007802402134984732,97.58135986328125
71.75062471199999,20.798397531465085,-1.0350827093625652,-15.04632568359375,0.5804421153822118,1.7137103938035332,0.021805621683597565,97.93313598632812
71.8006478010002,20.815366790059603,-0.9073230815208797,-15.041717529296875,-0.23486751317977905,1.5861880779266357,0.06556657701730728,98.22969818115234
71.85046331400008,20.840577470421547,-0.8365063954738954,-15.038787841796875,0.6395531559540796,1.7181262462547158,0.06798604130744934,98.6100082397461
71.90015903600033,20.842636100182386,-0.6909742959827581,-15.031982421875,-0.3068244159221649,1.5909056663513184,0.07531797140836716,98.84757232666016
71.95104375200026,20.858092380878855,-0.6222754616809185,-15.028213500976562,-0.29246842861175537,1.5899642705917358,0.07508020848035812,99.10990905761719
72.0006684519999,20.87306040048335,-0.48910451661465437,-15.021453857421875,0.3667338139952392,1.7182731317090767,0.06223590299487114,99.43630981445312
72.05034410000007,20.887341692245474,-0.4232654033369423,-15.018356323242188,-0.32296833395957947,1.6125130653381348,0.06311235576868057,99.69640350341797
72.1001588009999,20.90721489490774,-0.2706386040453843,-15.007827758789062,0.48772016872265056,1.7895970889727495,0.04053984954953194,100.10438537597656
72.15030431700006,20.9190448339582,-0.20386136186591308,-15.003997802734375,-0.32837286591529846,1.6540250778198242,0.041943930089473724,100.32905578613281
72.20011287100033,20.93420278110455,-0.07018575240218006,-14.9971923828125,0.3723146066987679,1.7843958506602764,0.0732249841094017,100.6673355102539
72.25072842400004,20.949077317089355,-0.0019017533517011742,-14.994644165039062,-0.3565274477005005,1.6550617218017578,0.047196485102176666,100.92572021484375
72.30102124700034,20.96430487608514,0.06545674702419202,-14.992538452148438,-0.34160974621772766,1.666994571685791,0.05029909312725067,101.19600677490234
72.35053177100008,20.986861560503964,0.21611937213519727,-14.9906005859375,-0.3545781672000885,1.6735652685165405,0.0630197674036026,101.61097717285156
72.40018544600025,21.00448572240986,0.283804863874181,-14.989700317382812,-0.3739109933376312,1.6662237644195557,0.05097316950559616,101.89213562011719
72.45094250200009,21.020043551551275,0.4137534496382864,-14.989028930664062,0.4962060491214688,1.8490743966044376,0.050694193691015244,102.24793243408203
72.50077892400031,21.029360065563882,0.47908289468139564,-14.990463256835938,-0.44166800379753113,1.6482373476028442,0.03970734030008316,102.45314025878906
72.55058336699994,21.036967939987303,0.6203002445615358,-14.9942626953125,0.2185523792444034,1.8165007438480594,-0.023397086188197136,102.79454803466797
72.60064189900004,21.04210012241822,0.6882250182225356,-14.998184204101562,-0.4863797426223755,1.6535240411758423,-0.04363756626844406,103.01677703857422
72.65034367599992,21.04199232167624,0.8179620280464484,-15.005355834960938,0.3347301595312683,1.8513670591153892,-0.02104542776942253,103.3397216796875
72.70071111200014,21.050347558475906,0.8845595319059711,-15.00738525390625,-0.47761473059654236,1.660403847694397,-0.04203938692808151,103.58771514892578
72.75022090099992,21.058856077504494,1.0366376658880094,-15.007049560546875,0.15460473084966164,1.8389319616368645,-0.048447880893945694,103.969970703125
72.80025402699994,21.06828619374608,1.104202987086457,-15.007339477539062,-0.5141571164131165,1.6792482137680054,-0.04728296026587486,104.22696685791016
72.85048941700006,21.06784632285911,1.2383227342371228,-15.00946044921875,-0.5142422914505005,1.6844836473464966,-0.031026488170027733,104.52855682373047
72.90113345500004,21.08926247255205,1.3105253360748614,-15.010299682617188,0.46401891750424884,1.9440001327113263,-0.01696520484983921,104.94168853759766
72.95021155199993,21.07611631712913,1.4538845527617452,-15.014022827148438,-0.5829665660858154,1.653331995010376,0.00029441557126119733,105.1851806640625
73.00084687900016,21.093340956038272,1.5231034915133908,-15.01641845703125,0.28465092092712263,1.8942435601478556,0.013511937111616135,105.58353424072266
73.05028137,21.09372974106087,1.5870169096805986,-15.018508911132812,-0.643603503704071,1.6457204818725586,0.030512506142258644,105.79475402832031
73.10070844600023,21.088203911362022,1.7177520296219306,-15.016677856445312,0.2072376254346605,1.9087472396796106,0.08565911650657654,106.20930480957031
73.15071742100008,21.08403438625622,1.801523067435192,-15.013259887695312,-0.7240775227546692,1.6492705345153809,0.0664900615811348,106.4890365600586
73.20030469299991,21.05925024794162,1.9290418560771299,-15.008392333984375,-0.7179139852523804,1.6731770038604736,0.07483136653900146,106.72813415527344
73.25048310000011,21.066284511957143,2.0020133999273773,-15.006546020507812,-0.7233800292015076,1.6835442781448364,0.0683189406991005,107.06563568115234
73.30117228300014,21.039843127115688,2.132922431201103,-15.00164794921875,-0.7742355465888977,1.6871516704559326,0.10282423347234726,107.28630828857422
73.35093201600012,21.040675775169117,2.220812037198858,-14.998245239257812,0.10968716089715846,1.9916946130440403,0.05991382151842117,107.65027618408203
73.40047587500021,21.008917604531774,2.3525820337851124,-14.994216918945312,-0.8641571998596191,1.6923847198486328,0.00283909123390913,107.85658264160156
73.45032547100027,21.012290659921813,2.423389511280206,-14.993820190429688,-0.36985279594003084,1.856645390793823,-0.016200486570596695,108.20558166503906
73.50029901200014,20.979805768574188,2.5493703927788207,-14.994338989257812,-0.8846595287322998,1.7084906101226807,-0.020485470071434975,108.423828125
73.55036868700017,20.979920387966004,2.633956871666948,-14.99493408203125,-0.12514967480156913,1.9708435455292102,-0.01876174844801426,108.8065414428711
73.60044653000023,20.95278601043116,2.760604872764307,-14.997177124023438,-0.884648323059082,1.7188057899475098,-0.024294376373291016,109.0737075805664
73.6508694170002,20.96004102329563,2.8317029676099796,-14.998916625976562,-0.014061659309551389,2.039577868803365,-0.026818322017788887,109.4665298461914
73.70048571999996,20.92694803033357,2.9577598155157236,-15.00244140625,-0.31179964798358817,1.9548631286626768,-0.020097076892852783,109.70291900634766
73.75028524200025,20.91299331767074,3.0431746609953985,-15.006698608398438,-0.9254069328308105,1.754806637763977,-0.034672778099775314,109.92405700683594
73.8006352110001,20.890195083228093,3.17768663036893,-15.013320922851562,-0.059438820140717,2.0775377050934614,-0.02344263717532158,110.30963897705078
73.8508974780002,20.887097539003108,3.249452564849527,-15.017349243164062,-0.9701408743858337,1.7435699701309204,-0.028894981369376183,110.59896850585938
73.90062494500035,20.86261610831183,3.387457776267939,-15.02508544921875,-0.3233204924020848,1.9780268356925677,0.008822561241686344,110.93467712402344
73.95014376000017,20.84830979672323,3.4722537835769645,-15.02862548828125,-1.0102341175079346,1.713050365447998,0.012110492214560509,111.17931365966797
74.00058437999996,20.851933418337033,3.545707379572578,-15.030517578125,-0.3379905482782508,1.9859336534814522,0.0034786155447363853,111.55680084228516
74.05032091500016,20.816448431959248,3.6736506694610087,-15.032867431640625,-1.0239218473434448,1.7054725885391235,0.0326424278318882,111.7990493774414
74.10037651500033,20.8184864875763,3.7444443937240104,-15.032867431640625,-0.12579054060339379,2.0595074212728885,0.04900201037526131,112.17398071289062
74.15110604300025,20.77892829520729,3.8905359273441587,-15.036376953125,-1.0797357559204102,1.682453989982605,0.04661417007446289,112.44113159179688
74.20063102099994,20.770267435804822,3.9583152476209165,-15.037384033203125,-1.0753123760223389,1.6851673126220703,0.04372801631689072,112.6883544921875
74.25024770200025,20.73926738689815,4.087519187686496,-15.040969848632812,-1.1083844900131226,1.6917866468429565,0.012395313940942287,113.0007553100586
74.30104552900002,20.73016078232038,4.154815147867563,-15.04388427734375,-1.090105414390564,1.7060009241104126,0.0069754538126289845,113.239990234375
74.35033980100025,20.696461640192588,4.299174024571851,-15.047027587890625,-0.3325771891956083,2.045697458567745,0.042336393147706985,113.5851058959961
74.40018874299994,20.69105994919079,4.366417918133847,-15.046173095703125,-1.0831869840621948,1.7081151008605957,0.04134729504585266,113.84347534179688
74.4503001410003,20.66706716046567,4.494046784346185,-15.043289184570312,-0.44575448798231465,1.9889294047201302,0.07827476412057877,114.2177734375
74.50110524000002,20.66516350080156,4.563055977063062,-15.045089721679688,-1.1017926931381226,1.692847490310669,0.10003886371850967,114.50544738769531
74.5506896730003,20.63615394044194,4.70744783438909,-15.0509033203125,-0.45441879308066224,2.007011146230061,0.07234599441289902,114.86077117919922
74.6002457479999,20.627882012676945,4.773856334446363,-15.05352783203125,-1.0779768228530884,1.7175979614257812,0.0485830157995224,115.09007263183594
74.65048753500014,20.61131697722835,4.908201690646642,-15.05816650390625,-0.2163606013353807,2.141356826084126,0.03440568596124649,115.46855163574219
74.70063222399995,20.605897935495598,4.9767957453728435,-15.060287475585938,-1.060505986213684,1.7463163137435913,0.02428654581308365,115.7068099975586
74.7504694600002,20.601950126631003,5.0464770664818275,-15.062469482421875,-1.0593914985656738,1.750500202178955,0.044235050678253174,115.95381927490234
74.80068350500005,20.586367521270134,5.20219223019692,-15.068634033203125,-0.3281866206714764,2.1269407081316682,0.03324759379029274,116.32720947265625
74.85081463699998,20.58520896619267,5.274208808587034,-15.070785522460938,-1.037899374961853,1.7716264724731445,0.06683752685785294,116.59453582763672
74.90115306500002,20.573280160677427,5.419115119409974,-15.074462890625,-0.28057028215057656,2.177590057246443,0.06863531470298767,116.99519348144531
74.95034702400017,20.56745137573984,5.492306212076637,-15.076217651367188,-1.0177359580993652,1.7984133958816528,0.08223969489336014,117.20757293701172
75.00074240000004,20.539289617087743,5.648332634421319,-15.080581665039062,-0.5162152349805231,2.0532859334509737,0.07605311274528503,117.49856567382812
75.05062279699996,20.53371908864898,5.721257730713915,-15.08428955078125,-1.0000556707382202,1.806384801864624,0.08439747244119644,117.71231842041016
75.10019310200005,20.512245392617956,5.861464400871446,-15.088760375976562,-0.36226149893350945,2.158716663485515,0.10364338755607605,118.05612182617188
75.15102230599996,20.50440560843844,5.934937888996283,-15.094589233398438,-1.01488196849823,1.8163033723831177,0.11279620230197906,118.26296997070312
75.20018166099999,20.460850581995178,6.0854106316352485,-15.104721069335938,-1.0778377056121826,1.7956955432891846,0.09485235810279846,118.44622802734375
75.25022502299998,20.46752654330738,6.167241265482481,-15.1083984375,0.12955602224381235,2.469324976430579,0.08963815122842789,118.90044403076172
75.30023363700002,20.429103323772907,6.3058804787795335,-15.11285400390625,-1.1374541521072388,1.7703770399093628,0.09153737872838974,119.14037322998047
75.35112071899994,20.427375643700906,6.384395976860831,-15.114517211914062,-0.5248397433102973,2.1186676403957803,0.09343931823968887,119.51632690429688
75.4004436539999,20.406476946266025,6.472480547626623,-15.117721557617188,-1.2479281425476074,1.7263233661651611,0.08112141489982605,119.80248260498047
75.45082096200031,20.360732563471576,6.607959161494034,-15.125259399414062,-0.5939059732976871,2.1215078238650205,0.07266946136951447,120.18119049072266
75.50045049200025,20.341703611422822,6.677543466707597,-15.12811279296875,-1.3361215591430664,1.6862292289733887,0.0977068617939949,120.44800567626953
75.55026875500016,20.28678220858418,6.80947220136812,-15.1334228515625,-0.5610561526712666,2.150821067696645,0.09216058254241943,120.81584930419922
75.60132624700009,20.25081819764055,6.890445511690381,-15.136154174804688,-1.4258379936218262,1.6351951360702515,0.09363558888435364,121.04946899414062
75.65045981399999,20.18123678185833,7.014857954111388,-15.139404296875,-1.457810640335083,1.6060316562652588,0.08345092833042145,121.28680419921875
75.70169960000021,20.165702614566655,7.0896635946151845,-15.141342163085938,-0.7454570630970452,2.0537149839761653,0.06815480440855026,121.66539001464844
75.75105179699995,20.093866068004356,7.212250635548314,-15.144485473632812,-1.5235388278961182,1.567156195640564,0.07795780152082443,121.89496612548828
75.80038670400018,20.06937068885494,7.297996069906136,-15.14788818359375,-0.7571495647465104,2.0413425609196976,0.0765034481883049,122.27876281738281
75.8505022610002,20.002277140253234,7.41642486189475,-15.150527954101562,-1.5260859727859497,1.5369179248809814,0.09955853968858719,122.55008697509766
75.90107611900021,19.982864617410332,7.485570434071589,-15.14892578125,-0.8565264378744868,1.9682645366161626,0.09393172711133957,122.89244842529297
75.95024385900024,19.909160482171178,7.602773631321399,-15.141815185546875,-1.4922255277633667,1.5531682968139648,0.078174889087677,123.11177825927734
76.00055823699995,19.881765691635504,7.687864296378131,-15.138046264648438,-0.7432907602365083,2.053626968055994,0.07266449928283691,123.49642181396484
76.0504228499999,19.81264410933806,7.813965566817047,-15.134262084960938,-1.4945420026779175,1.5793871879577637,0.06735777109861374,123.72084045410156
76.10020552600008,19.785648105341572,7.882037216873922,-15.132415771484375,-1.4956716299057007,1.5861979722976685,0.05813783407211304,123.94718933105469
76.15053900400017,19.7267850018238,8.014049336924193,-15.129058837890625,-0.7534633505086138,2.0803562667009103,0.09445884078741074,124.31777954101562
76.20013193800014,19.690658698116234,8.096578895678146,-15.126754760742188,-1.4914443492889404,1.589125394821167,0.08221632987260818,124.55046081542969
76.25032999800032,19.631091322603037,8.226792884232886,-15.123428344726562,-0.8932812317070805,2.007378173727372,0.09568698704242706,124.92994689941406
76.30067929300003,19.607557941825668,8.295947736031078,-15.124893188476562,-1.5288612842559814,1.5588550567626953,0.090435691177845,125.19522857666016
76.35010573,19.596801771234936,8.373932480324774,-15.126144409179688,-0.6882719050402932,2.1577215834578043,0.08870873600244522,125.64518737792969
76.40063027700035,19.517597304453503,8.50929477326144,-15.127578735351562,-1.468220829963684,1.5753235816955566,0.11757807433605194,125.88349151611328
76.45058705600013,19.500543771917577,8.58251658771751,-15.12811279296875,-0.860221354322815,2.0295772395760334,0.09509967267513275,126.23743438720703
76.5005457100001,19.43138488136677,8.70353285068126,-15.130035400390625,-1.5351274013519287,1.550804853439331,0.07236514985561371,126.49835968017578
76.55076458500025,19.407716460203066,8.771709589790941,-15.130020141601562,-1.5696324110031128,1.531522512435913,0.07079322636127472,126.77555847167969
76.60031205199994,19.335470107243786,8.911364854050614,-15.127639770507812,-1.5738617181777954,1.546915888786316,0.08020107448101044,127.15544128417969
76.6506308830003,19.305056485152683,8.975342384420905,-15.12652587890625,-1.5708093643188477,1.5658594369888306,0.07706400007009506,127.36677551269531
76.70057178600018,19.248559833740547,9.10708410268815,-15.120758056640625,-0.9383280312608092,2.0346424318135523,0.06803057342767715,127.78694152832031
76.75066786000025,19.221667563864127,9.173413357911645,-15.116958618164062,-1.528918981552124,1.5636380910873413,0.110061414539814,128.02210998535156
76.80024893600012,19.146099898789213,9.30981614556748,-15.108306884765625,-1.0331581120003976,1.956073636096571,0.11093747615814209,128.3778533935547
76.85075206900001,19.11684703295691,9.373494400168642,-15.104400634765625,-1.5774301290512085,1.5241925716400146,0.089183010160923,128.6106719970703
76.90074543300034,19.048078450312047,9.492735901530464,-15.097869873046875,-1.0666786820648286,1.9194327100903648,0.08217824995517731,128.942138671875
76.95119377400033,19.017643956503473,9.556227437970552,-15.096084594726562,-1.6042273044586182,1.4799079895019531,0.06089784577488899,129.1728057861328
77.00057326700016,18.984707979587473,9.617721799512662,-15.094802856445312,-1.6125702857971191,1.4783871173858643,0.05052625760436058,129.3773651123047
77.05060987200022,18.901400477591668,9.750530187131734,-15.094131469726562,-1.6452975273132324,1.4654390811920166,0.012271340005099773,129.7566375732422
77.1008697000002,18.87096371748304,9.815836532772087,-15.094589233398438,-1.6323695182800293,1.4695327281951904,0.027439502999186516,130.03109741210938
77.15111372799993,18.80018454259357,9.93795904655256,-15.094482421875,-1.0296935759038108,1.9893252251702789,0.02172434888780117,130.44114685058594
77.20037232499999,18.76689415700302,10.002046896481184,-15.09716796875,-1.6303799152374268,1.4799398183822632,0.022097259759902954,130.65167236328125
77.25081797700022,18.682101233923767,10.138316980103568,-15.102127075195312,-1.0287710896619666,1.9950848708741893,0.03583800792694092,131.0294189453125
77.30087855800002,18.6489450702859,10.202612388171357,-15.10235595703125,-1.6181678771972656,1.4879825115203857,0.040962137281894684,131.26205444335938
77.35110504100021,18.576568942004904,10.327604877003807,-15.098052978515625,-1.2572931480655265,1.8059175913162009,0.07105416059494019,131.6230926513672
77.40067581500034,18.539721321240325,10.38919476566182,-15.09539794921875,-1.648371696472168,1.4484299421310425,0.07053981721401215,131.81117248535156
77.4507940440003,18.444454502958795,10.519324072323395,-15.090789794921875,-1.6649434566497803,1.4494092464447021,0.03554182127118111,132.05618286132812
77.50097729000026,18.417864246146255,10.592364956430995,-15.089691162109375,-1.007124114860191,2.050637738939322,0.03433137387037277,132.4238739013672
77.5503622010001,18.380590885360427,10.655334921244183,-15.088973999023438,-1.6750354766845703,1.4384855031967163,0.019442355260252953,132.63584899902344
77.60079200300015,18.307655484931555,10.77708992035594,-15.0853271484375,-0.9901026474686414,2.0534402510851755,0.06094661355018616,132.97755432128906
77.65029694900022,18.214172682879767,10.901316037186135,-15.079971313476562,-1.6544429063796997,1.427046775817871,0.043282825499773026,133.205322265625
77.70113560200025,18.190406710978035,10.971890671835988,-15.074966430664062,-1.098116253486461,1.938775525490354,0.08208326995372772,133.54600524902344
77.75040122300015,18.1604358137336,11.03647211489676,-15.069931030273438,-1.6369842290878296,1.4166233539581299,0.08781652897596359,133.7987060546875
77.80036134000011,18.091813414952178,11.156524600602438,-15.059814453125,-0.8880497943282727,2.1361018291833753,0.09076306968927383,134.16064453125
77.85014239800012,18.051957435037636,11.234819766310103,-15.056182861328125,-1.603230595588684,1.4571077823638916,0.06668005883693695,134.4298858642578
77.90010880399996,17.975987752760023,11.349020744811575,-15.051925659179688,-1.5947476625442505,1.4523261785507202,0.05632934346795082,134.68869018554688
77.95104840600015,17.9521740952109,11.422951063540266,-15.049209594726562,-1.0168808519517727,2.045558274027305,0.04965929314494133,135.08641052246094
78.00048573599997,17.867076237055496,11.539069728628824,-15.043426513671875,-1.6688578128814697,1.4157932996749878,0.031377363950014114,135.36231994628906
78.05093271500027,17.824374634575587,11.622305275716721,-15.040573120117188,-1.1359117518756312,1.9563597040012746,0.04608526825904846,135.73068237304688
78.10058175600034,17.735808088255467,11.733786078276077,-15.039871215820312,-1.710952639579773,1.3777737617492676,0.07005015760660172,135.98550415039062
78.15020018800033,17.704844518251605,11.803195754249543,-15.039321899414062,-1.1721563397330992,1.937680163416247,0.06030399724841118,136.35415649414062
78.20028126100033,17.611850178181314,11.910514956291905,-15.037139892578125,-1.7449756860733032,1.359105110168457,0.04404022544622421,136.58523559570312
78.25033105700004,17.570067489755466,11.99554924817886,-15.03564453125,-1.0159931725545563,2.1427526067439473,0.044656652957201004,137.01548767089844
78.30052110900033,17.475356292066735,12.101151630367582,-15.03228759765625,-1.7205106019973755,1.3661730289459229,0.06267639994621277,137.24578857421875
78.35024107500021,17.435144486748445,12.160589299384545,-15.028091430664062,-1.7386698722839355,1.3556984663009644,0.05619126930832863,137.48043823242188
78.4011071949999,17.34744303240447,12.27272726133042,-15.021865844726562,-1.0849081708635033,2.092245025202663,0.01323575247079134,137.85977172851562
78.45097519699993,17.29310407979512,12.345175936307117,-15.020462036132812,-1.7893304824829102,1.3262138366699219,0.0034503675997257233,138.1258087158203
78.50041319699994,17.202646614409286,12.460293244901573,-15.019882202148438,-1.2336443987671077,1.9780866388658522,-0.008537599816918373,138.53970336914062
78.55083546800006,17.160585287352024,12.521954078566285,-15.019622802734375,-1.8501133918762207,1.2946593761444092,0.0050323293544352055,138.82168579101562
78.60111294300032,17.12289896940651,12.590644156558627,-15.01910400390625,-1.3187136134039434,1.9255707410860836,0.005715172737836838,139.21531677246094
78.65030129300021,17.00319526769068,12.70636403631594,-15.017608642578125,-1.8302602767944336,1.3412902355194092,0.02347087673842907,139.48602294921875
78.70092393899995,16.965416509083795,12.7758685273456,-15.017013549804688,-1.2507473032114471,2.0235514651482616,0.03331122547388077,139.87738037109375
78.75055746499993,16.862118516456327,12.880156703247595,-15.011383056640625,-1.8456517457962036,1.3186143636703491,0.02426961064338684,140.1335906982422
78.80015080500016,16.817193064523476,12.940298504198168,-15.00909423828125,-1.83921480178833,1.3204303979873657,0.03325135260820389,140.38555908203125
78.85122862400021,16.70325158972448,13.060278237944363,-15.002670288085938,-1.4279387327886919,1.802243477253442,0.014894610270857811,140.76620483398438
78.90106692400013,16.65527507603158,13.116776411613735,-15.000244140625,-1.8352763652801514,1.3114763498306274,-0.0009411101927980781,140.9844207763672
78.95090632100028,16.553232346362655,13.223654938607321,-14.998428344726562,-1.3563424803718436,1.9209274064849948,-0.037741340696811676,141.34072875976562
79.00015242200016,16.489690689967006,13.29102902159839,-14.998245239257812,-1.8741967678070068,1.2802313566207886,-0.020976930856704712,141.59140014648438
79.05062185299994,16.38361760915415,13.392734673388645,-14.997421264648438,-1.3572168756958591,1.923032191991803,-0.0042862300761044025,141.94857788085938
79.10083886500024,16.331729322512743,13.445209815694358,-14.997512817382812,-1.9417632818222046,1.1886546611785889,0.01006285846233368,142.17300415039062
79.15146111700005,16.279835223873,13.497766118822852,-14.99737548828125,-1.9612195491790771,1.165083408355713,0.027701444923877716,142.41375732421875
79.20049165799992,16.166775279025742,13.590549580972244,-14.996429443359375,-1.9986801147460938,1.1190284490585327,0.0016539957141503692,142.74176025390625
79.251169054,16.115331327600025,13.64335871371813,-14.996307373046875,-2.0116498470306396,1.1041243076324463,0.0024733461905270815,142.9931640625
79.30073707700012,15.984404757127677,13.74197752993609,-14.996322631835938,-1.557930239390381,1.6913910319877115,0.006090759299695492,143.29202270507812
79.35121953399994,15.930744702604976,13.792363624683139,-14.996414184570312,-1.9749500751495361,1.132225513458252,-0.0019430414540693164,143.49725341796875
79.40067612300027,15.821171524872202,13.894119650224999,-14.99853515625,-1.526589288778305,1.744137801346239,-0.02425531856715679,143.8343505859375
79.45036644500033,15.76843496969623,13.947571000874666,-15.000106811523438,-1.9786980152130127,1.1372493505477905,-0.056664012372493744,144.04893493652344
79.50014658100008,15.644545143121263,14.059297407299034,-15.005386352539062,-1.5347094184391863,1.7420432550682396,-0.05472536385059357,144.40283203125
79.5505191340003,15.593027547227923,14.113427586359203,-15.0072021484375,-1.9917066097259521,1.0949286222457886,-0.02690332569181919,144.63888549804688
79.60060426500013,15.477779155230888,14.201709810734647,-15.009078979492188,-2.004155158996582,1.0867003202438354,-0.020108351483941078,144.86865234375
79.650711022,15.433473874760104,14.264325089696072,-15.010452270507812,-1.9964001178741455,1.1137723922729492,-0.04260776564478874,145.24850463867188
79.70071153700019,15.305282955233704,14.364055546466606,-15.013595581054688,-2.004974365234375,1.0791904926300049,-0.03737906366586685,145.53738403320312
79.75071795400027,15.263220543011283,14.432784109167226,-15.009475708007812,-1.550407340347689,1.7434381750692662,-0.028603240847587585,145.9502410888672
79.8002510260003,15.149240669328751,14.525344573553728,-15.002426147460938,-1.9899696111679077,1.0828608274459839,-0.02294089086353779,146.1787567138672
79.85061985199991,15.105456620011664,14.590554913539583,-14.998275756835938,-1.5054803995646706,1.8050485181842064,-0.011356006376445293,146.5531005859375
79.90027606600006,14.97988533636772,14.693384492079131,-14.984817504882812,-1.9725720882415771,1.0716402530670166,-0.012031139805912971,146.7957763671875
79.95024974700027,14.93600486404429,14.756906249239151,-14.979812622070312,-1.5606770666715435,1.6916419490330616,-0.008174881339073181,147.15855407714844
80.00018780000028,14.88399609526683,14.810168398863965,-14.975341796875,-1.9792566299438477,1.0540666580200195,-0.01991390623152256,147.3760986328125
80.05114423400028,14.768332584683893,14.902386986217945,-14.96795654296875,-1.991180419921875,1.0351539850234985,-0.028101231902837753,147.6147918701172
80.10036063400003,14.707568730450657,14.97729194845912,-14.96441650390625,-1.4948567990453074,1.8141768878485347,-0.04358764365315437,148.02442932128906
80.15025228700006,14.593962814791588,15.068903126634055,-14.95782470703125,-1.9984561204910278,1.011081576347351,-0.02911563217639923,148.29957580566406
80.20070312799999,14.545278973571918,15.127569823627212,-14.954971313476562,-1.618539320143522,1.6032607156396086,-0.023093730211257935,148.61663818359375
80.25030321600025,14.430813419700955,15.215991004710506,-14.946731567382812,-1.9816064834594727,1.010094404220581,-0.03616698086261749,148.85919189453125
80.300081804,14.368927519670013,15.287287486173232,-14.940338134765625,-1.6270042738289916,1.6123346548266397,-0.040765926241874695,149.21310424804688
80.35011074600015,14.255584778077754,15.375872608339082,-14.933303833007812,-1.9665387868881226,1.0441279411315918,-0.07142636179924011,149.43402099609375
80.40033813500031,14.20950140288415,15.431726581701447,-14.931900024414062,-1.961991310119629,1.042698860168457,-0.06953614205121994,149.70809936523438
80.45047366500012,14.107800586793049,15.528565378996873,-14.930892944335938,-1.9551161527633667,1.0462008714675903,-0.0814114362001419,150.05963134765625
80.50073488199996,14.044478558127192,15.58968630496298,-14.932388305664062,-1.9614286422729492,1.0379239320755005,-0.09730265289545059,150.2954864501953
80.55130685099994,13.943040487851405,15.68794961032129,-14.938430786132812,-1.6064980849772872,1.6709315601096066,-0.09450242668390274,150.6874542236328
80.6000754669999,13.89461769487083,15.741542138606574,-14.941390991210938,-1.966588020324707,1.0134130716323853,-0.0922107994556427,150.94618225097656
80.65026545599994,13.79108520434739,15.840470866662006,-14.945159912109375,-1.479596472437074,1.8814654794214967,-0.08822865039110184,151.3405303955078
80.70055714099999,13.727204113063074,15.904443862719056,-14.947311401367188,-1.9675790071487427,0.9977840781211853,-0.10345622152090073,151.6204071044922
80.75094063000006,13.681729244862076,15.96685965586306,-14.949615478515625,-1.5678675234393658,1.7637740124798145,-0.10499279946088791,152.00320434570312
80.8008178770001,13.567845097147654,16.055658139007882,-14.951095581054688,-2.0148425102233887,0.9436991214752197,-0.10762806981801987,152.24591064453125
80.85101904500016,13.498465047466837,16.115605923775927,-14.952560424804688,-2.0426464080810547,0.9338014721870422,-0.10872672498226166,152.47811889648438
80.90218538099998,13.461626640627514,16.160943052789964,-14.952728271484375,-2.0502402782440186,0.9199874401092529,-0.08388103544712067,152.74342346191406
80.95094293600005,13.329522087316303,16.251924684436247,-14.94952392578125,-1.7904922427263072,1.4204887862366806,-0.0578882209956646,153.0009307861328
81.00082401300006,13.28077637051484,16.312073207972546,-14.947982788085938,-1.2688809106657455,2.4659992759232923,-0.054896336048841476,153.37782287597656
81.0509731850002,13.167215329711532,16.395957929131203,-14.945526123046875,-2.0678203105926514,0.8706533312797546,-0.0491526797413826,153.64138793945312
81.10119108200024,13.038344040001277,16.48776747253001,-14.943069458007812,-2.0686302185058594,0.8629974722862244,-0.02918223664164543,153.90113830566406
81.15207020700018,12.98736295235209,16.538720148660573,-14.942169189453125,-2.089510917663574,0.8435120582580566,-0.06334342807531357,154.17462158203125
81.20043871500002,12.940236482765075,16.597986134268467,-14.94195556640625,-2.092111825942993,0.8417338132858276,-0.06574369221925735,154.56475830078125
81.25020459500001,12.833130606722866,16.691767394242618,-14.942825317382812,-2.0869219303131104,0.8445484638214111,-0.0857076495885849,155.03782653808594
81.30072023999992,12.782441060456767,16.73665460090226,-14.94110107421875,-2.0819995403289795,0.8482564091682434,-0.05770191177725792,155.2541046142578
81.35107688900007,12.658916814659571,16.821981077253557,-14.938735961914062,-1.8319079663235058,1.3689636425654812,-0.061033423990011215,155.58157348632812
81.40314243700004,12.60593911324933,16.863521927149762,-14.938262939453125,-2.1148242950439453,0.7547358870506287,-0.07259725034236908,155.79879760742188
81.45047549800029,12.495033390813127,16.928724532410502,-14.94073486328125,-2.129030466079712,0.7462451457977295,-0.09171515703201294,156.0447998046875
81.50183986299999,12.442648616469624,16.97147381759849,-14.942474365234375,-2.1394238471984863,0.7316368818283081,-0.09835419058799744,156.29763793945312
81.55161690900013,12.319391372575016,17.043739536749776,-14.944564819335938,-2.1513078212738037,0.7001045942306519,-0.12187167257070541,156.56004333496094
81.60087923400033,12.269082175739511,17.086161984232326,-14.946701049804688,-2.1611745357513428,0.674720287322998,-0.14268895983695984,156.80938720703125
81.65125871200007,12.164821222993464,17.16717419925653,-14.94891357421875,-2.167163133621216,0.6692793965339661,-0.13594885170459747,157.24087524414062
81.7007952490003,12.117380518225755,17.219447083522393,-14.947616577148438,-1.8449473371602398,1.4503139371018987,-0.1158149242401123,157.59017944335938
81.75033908500018,11.989358750567275,17.291973280914007,-14.946212768554688,-2.1575376987457275,0.6426019668579102,-0.11870437860488892,157.83531188964844
81.80101956099998,11.942662707304335,17.34216926657962,-14.94659423828125,-1.8614821682561553,1.3402673516868637,-0.09600551426410675,158.17510986328125
81.85039467800016,11.83147229414503,17.40500917954038,-14.947799682617188,-2.164358377456665,0.5852484107017517,-0.08089908957481384,158.42282104492188
81.90021512400017,11.782229051260686,17.453391158927882,-14.946975708007812,-1.84812181234087,1.3805952141142321,-0.061398882418870926,158.75816345214844
81.95105723400002,11.657013157347077,17.523815646809194,-14.942062377929688,-2.1872425079345703,0.5536646246910095,-0.031233735382556915,159.00375366210938
82.0010875070002,11.606588161346838,17.574010513440516,-14.940155029296875,-1.8963759430467757,1.34080366034144,-0.03552646189928055,159.3541717529297
82.0506736340003,11.55399800474155,17.617800029814017,-14.935516357421875,-2.1765873432159424,0.596609890460968,-0.028739083558321,159.61044311523438
82.10025763300018,11.44031317448614,17.683621166940313,-14.923263549804688,-2.192756175994873,0.5909233093261719,-0.027151864022016525,159.85450744628906
82.15059926699996,11.374116935240709,17.743203905575427,-14.916427612304688,-2.1834757328033447,0.5934467315673828,0.008264997974038124,160.2368621826172
82.20026719299995,11.257803177125183,17.814516840161566,-14.900970458984375,-2.1981136798858643,0.5714560151100159,0.006936653051525354,160.5147705078125
82.25027739699999,11.204455741350984,17.867225995184384,-14.893829345703125,-1.9786820963106853,1.2261253057744859,0.019881293177604675,160.86415100097656
82.30064142600031,11.083413497871103,17.934691274220423,-14.88201904296875,-2.22683048248291,0.5737681984901428,-0.009160324931144714,161.10520935058594
82.3506841010003,11.013728077693981,17.997209483213094,-14.876190185546875,-1.9867611960127474,1.3680520068518118,-0.035556431859731674,161.52085876464844
82.40078054700007,10.888255136121817,18.065159754126668,-14.869400024414062,-2.2815675735473633,0.5287163853645325,-0.041923217475414276,161.81216430664062
82.45102518300018,10.832793168441551,18.12116960023147,-14.864334106445312,-2.0795408961556356,1.16452344173241,-0.04798022285103798,162.18612670898438
82.50089103800019,10.706551197424691,18.192634433982093,-14.855987548828125,-2.3117945194244385,0.49615100026130676,-0.045784126967191696,162.48040771484375
82.55027052000014,10.628346450369532,18.242183731469996,-14.851455688476562,-2.3287127017974854,0.48272818326950073,-0.07128109782934189,162.7251434326172
82.60031146900019,10.50441739656798,18.326656791961362,-14.845169067382812,-2.0125840160355635,1.5771404185721367,-0.0886540338397026,163.16403198242188
82.65059113300003,10.442376666985394,18.37275666294827,-14.843185424804688,-2.3507375717163086,0.48961007595062256,-0.09826797991991043,163.44384765625
82.70059623900033,10.316796550033413,18.459511968812965,-14.833572387695312,-2.095553842492519,1.334593197828188,-0.09398522228002548,163.8212127685547
82.75023425000018,10.236781761947206,18.51259599113773,-14.828826904296875,-2.3550596237182617,0.5038641691207886,-0.11550804227590561,164.06419372558594
82.80033896800023,10.176715366582327,18.572699080554504,-14.826034545898438,-2.048358057842945,1.6250091862235971,-0.11136471480131149,164.47544860839844
82.8508765040001,10.045332774678975,18.65072842313499,-14.81561279296875,-2.3504550457000732,0.5224656462669373,-0.12254583090543747,164.72393798828125
82.90054039200004,9.984669542452407,18.71062975700593,-14.812026977539062,-2.1156246431346677,1.3908083879953859,-0.12817806005477905,165.11569213867188
82.95124949299998,9.838992738444693,18.78976773223243,-14.806381225585938,-2.3459298610687256,0.5169463157653809,-0.13648009300231934,165.32557678222656
83.00103574600007,9.777284554870203,18.83470924739839,-14.805343627929688,-2.340684175491333,0.531389057636261,-0.1359672099351883,165.54029846191406
83.05065644900014,9.648810799792182,18.90953151290624,-14.80450439453125,-2.3356211185455322,0.4815220534801483,-0.15410351753234863,165.80288696289062
83.10248076400012,9.58664334254977,18.955938604493753,-14.803558349609375,-2.3351242542266846,0.46809086203575134,-0.13868212699890137,166.0182647705078
83.15043082700004,9.527344764026498,19.01611998180201,-14.803436279296875,-1.8767402506643933,2.36379438956964,-0.1520044207572937,166.41714477539062
83.20179442200015,9.376768541073986,19.079187166980248,-14.804718017578125,-2.3442869186401367,0.40076744556427,-0.16093005239963531,166.5115509033203
83.25071765100029,9.254003918888461,19.17807612107325,-14.806610107421875,-2.1447150376429835,1.2940691849802848,-0.16762113571166992,167.1172637939453
83.3007956700003,9.189804843344053,19.21933523015536,-14.807891845703125,-2.351618766784668,0.3898645043373108,-0.17027664184570312,167.3482208251953
83.35151213900008,9.127774635105494,19.26145126502665,-14.807586669921875,-2.3623006343841553,0.36729273200035095,-0.18393130600452423,167.5928955078125
83.40036490900002,8.979950361464251,19.32984109993983,-14.80792236328125,-2.151275185951902,1.3062604965888578,-0.15807804465293884,167.907470703125
83.45051351600023,8.91522449360188,19.3660829368642,-14.808059692382812,-2.3646347522735596,0.2992049753665924,-0.15605667233467102,168.14144897460938
83.50072685300029,8.786275901240998,19.428395488298683,-14.80560302734375,-2.172349262264595,1.183661353541397,-0.1584690362215042,168.5081787109375
83.55055540500007,8.721384590278333,19.461682447000033,-14.805206298828125,-2.352483034133911,0.24442216753959656,-0.13736221194267273,168.7413787841797
83.60026496,8.570289866594102,19.51594277950766,-14.798980712890625,-2.2173628139444004,0.9183836747038591,-0.14365781843662262,169.06382751464844
83.65044509600011,8.504306592391863,19.549860463750036,-14.796615600585938,-2.344454526901245,0.2641648054122925,-0.1237105280160904,169.3160400390625
83.70076563800012,8.370340430896526,19.60376419717947,-14.790924072265625,-2.2270927617945615,0.9582464903246249,-0.138893723487854,169.65060424804688
83.75038781600006,8.306053406326964,19.63978802117156,-14.788345336914062,-2.367129325866699,0.21015256643295288,-0.16590848565101624,169.93157958984375
83.8003669740001,8.152741025700182,19.68605026986768,-14.785873413085938,-2.3661084175109863,0.2361840456724167,-0.1547817587852478,170.17202758789062
83.85080517999995,8.089146888191912,19.73046119904579,-14.784011840820312,-2.229285470163187,1.0524546360441502,-0.15099585056304932,170.55731201171875
83.90058384500026,7.9523758100635416,19.772371674710772,-14.781570434570312,-2.365370988845825,0.17400187253952026,-0.124219611287117,170.81605529785156
83.95070549899992,7.887277660293565,19.813230332707175,-14.780899047851562,-2.238186260169779,1.033980003235847,-0.1338627189397812,171.18438720703125
84.00022066700012,7.737721619667891,19.85940156099345,-14.783645629882812,-2.3637895584106445,0.1476009488105774,-0.14525699615478516,171.45359802246094
84.05077283400033,7.673417303166348,19.901377597796653,-14.785476684570312,-2.240821632735542,0.9721644314786514,-0.15145830810070038,171.83978271484375
84.10080994500004,7.607261648929375,19.928751801999194,-14.787017822265625,-2.3593335151672363,0.13364607095718384,-0.14171439409255981,172.06317138671875
84.15103142099997,7.472672215322586,19.968899884809833,-14.789840698242188,-2.2822289850427397,0.7071489922254748,-0.15678173303604126,172.36947631835938
84.20108073200026,7.387832185480698,19.99646715872726,-14.792526245117188,-2.351821184158325,0.043746039271354675,-0.14001460373401642,172.6228485107422
84.25101638000024,7.254071716414341,20.025442592404133,-14.791259765625,-2.342233896255493,0.06370104104280472,-0.13771606981754303,172.8389434814453
84.30060010800025,7.1894371559577515,20.062372568727803,-14.791030883789062,-2.242621522337099,0.8481694671315956,-0.14825458824634552,173.2075958251953
84.35041708000017,7.056693153817867,20.100367290990455,-14.792388916015625,-2.335172653198242,0.04567905142903328,-0.13833823800086975,173.50384521484375
84.40043274500022,6.975596597954871,20.137895087737125,-14.793060302734375,-2.2500487250083676,0.8010258816948502,-0.1237017810344696,173.8369903564453
84.45008180600007,6.840756452088837,20.169611903719243,-14.796127319335938,-2.353008508682251,0.030486969277262688,-0.1350645124912262,174.068115234375
84.50041463700018,6.776538049489913,20.212363244759782,-14.801040649414062,-2.2599411198915504,1.0943448774378217,-0.1390479952096939,174.4937286376953
84.55047881600012,6.640205450642596,20.24587820267814,-14.812255859375,-2.365844488143921,0.034849219024181366,-0.1547699272632599,174.7637176513672
84.60052310400033,6.556949945027968,20.288501774640398,-14.818572998046875,-2.2827891674519,0.9639917050343739,-0.11496459692716599,175.19715881347656
84.65062057900013,6.421101584668849,20.315965513271887,-14.828369140625,-2.374699354171753,0.002863971283659339,-0.12319828569889069,175.44967651367188
84.70113388900018,6.352441152195421,20.33994246516766,-14.833663940429688,-2.382617712020874,0.013174830935895443,-0.14352664351463318,175.70506286621094
84.75025748600001,6.214369495626086,20.377750158210272,-14.843185424804688,-2.386815071105957,0.0003616553731262684,-0.1554461419582367,176.1136016845703
84.80031216099997,6.126856058361369,20.40093324005221,-14.848480224609375,-2.3874032497406006,-0.03262091428041458,-0.14919067919254303,176.38055419921875
84.85020372899999,5.986121640272719,20.43520930600933,-14.853759765625,-2.3361594206363896,0.980854591587619,-0.15832704305648804,176.7783660888672
84.90032756200026,5.9158980016524385,20.455916709683756,-14.854629516601562,-2.38374662399292,-0.0777096152305603,-0.13272428512573242,177.0144500732422
84.95030019000023,5.77376468818926,20.48588599330262,-14.857467651367188,-2.3541571307538187,0.6334599780220407,-0.12063981592655182,177.37806701660156
85.00059329700025,5.68586390390705,20.501823903880215,-14.85882568359375,-2.3841426372528076,-0.11549905687570572,-0.11019234359264374,177.5890350341797
85.0504827929999,5.615457294295693,20.531443007242817,-14.859771728515625,-2.3548697753072374,0.6337848306498021,-0.08769626170396805,177.96334838867188
85.10115659800022,5.470270386798336,20.546667508327705,-14.8612060546875,-2.4009809494018555,-0.1297064572572708,-0.09700562804937363,178.2250518798828
85.1503047240003,5.396101366216787,20.563725706897205,-14.862319946289062,-2.402925491333008,-0.13749319314956665,-0.09686622023582458,178.4522247314453
85.20013954000024,5.227229326412607,20.58444318842436,-14.866378784179688,-2.408334732055664,-0.1793326735496521,-0.11072150617837906,178.8074951171875
85.25023254300004,5.152854187291291,20.597225112853888,-14.869110107421875,-2.4124953746795654,-0.1932714283466339,-0.10739249736070633,179.0201416015625
85.30039085199996,5.0033130889313995,20.615470633161237,-14.875732421875,-2.399680543154523,0.5335139389173134,-0.10355474054813385,179.38719177246094
85.3502335170001,4.928109334050092,20.625012816941208,-14.878952026367188,-2.410628318786621,-0.2548634111881256,-0.10345108807086945,179.5895233154297
85.40043019600034,4.757515187262886,20.641244099078573,-14.883560180664062,-2.4207780367444713,0.5350991117993656,-0.14168842136859894,179.9698944091797
85.45093298600023,4.681049896780775,20.655782641981254,-14.886688232421875,-2.416367530822754,-0.2627798616886139,-0.13313280045986176,-179.76722717285156
85.50054757499993,4.5302111703980295,20.672791781573387,-14.893630981445312,-2.4178105239781975,0.4779372822734006,-0.11970781534910202,-179.39859008789062
85.55018699600032,4.455278007775747,20.686076862047763,-14.897720336914062,-2.4090800285339355,-0.297457754611969,-0.14643967151641846,-179.15444946289062
85.60059220600033,4.286710718100241,20.68360839476511,-14.909332275390625,-2.4048800468444824,-0.3280908465385437,-0.15027083456516266,-178.96484375
85.65056539600027,4.212322769576444,20.707008196256787,-14.914825439453125,-2.3993077278137207,-0.33346864581108093,-0.1503029316663742,-178.60958862304688
85.70165371200028,4.137640778036858,20.721270552092925,-14.92034912109375,-2.4055252075195312,-0.31432265043258667,-0.15959671139717102,-178.36314392089844
85.75041633599994,3.9877582093113704,20.740532952397825,-14.929229736328125,-2.4360215861101087,0.561975008960196,-0.13609693944454193,-177.97348022460938
85.80078471100023,3.9128826613189194,20.755662903666533,-14.93212890625,-2.3985557556152344,-0.29495272040367126,-0.12503460049629211,-177.72496032714844
85.85066684399999,3.744123322744204,20.767672210654784,-14.936416625976562,-2.4302768009670737,0.5238814332492783,-0.06667589396238327,-177.3999786376953
85.9007415420001,3.6686311792111477,20.781562342778784,-14.932861328125,-2.4003536701202393,-0.25605353713035583,-0.06919382512569427,-177.1666717529297
85.95118065800034,3.5170870185351637,20.799498252467725,-14.928375244140625,-2.4516012748171065,0.7195737693218692,-0.08729294687509537,-176.80699157714844
86.00024715400014,3.4408573219348115,20.81246489706136,-14.927627563476562,-2.396254539489746,-0.2951640486717224,-0.09504137188196182,-176.56797790527344
86.05028710200031,3.2712995786787893,20.825503264552214,-14.9283447265625,-2.449618963262037,0.7490443570391441,-0.10817687958478928,-176.1922149658203
86.10106199700022,3.1954185244775406,20.837600794672845,-14.929046630859375,-2.368445873260498,-0.2207353711128235,-0.07778922468423843,-175.9665069580078
86.15075842100032,3.0434835033361,20.84407879087999,-14.928192138671875,-2.3648555278778076,-0.2377805858850479,-0.06647677719593048,-175.7360076904297
86.20031586599998,2.9652074135846798,20.871485345443972,-14.927703857421875,-2.3550827503204346,-0.27546489238739014,-0.05079056695103645,-175.3274688720703
86.25109821200022,2.7951662180701433,20.869955625734498,-14.931320190429688,-2.356365203857422,-0.32038548588752747,-0.09777767956256866,-175.1143035888672
86.30047703300033,2.718273549869253,20.89187249712553,-14.936065673828125,-2.4195675960680925,0.4204644775784637,-0.0836917832493782,-174.73838806152344
86.35076886100023,2.56808697007616,20.88892458787645,-14.945175170898438,-2.3471150398254395,-0.3481192886829376,-0.08602308481931686,-174.5099334716797
86.40035247100013,2.49215750069477,20.91328503154436,-14.951629638671875,-2.428945780104569,0.4652791175603874,-0.09105805307626724,-174.11949157714844
86.45038022200015,2.3269453240208096,20.911020641052346,-14.966629028320312,-2.3157801628112793,-0.38566312193870544,-0.11613865196704865,-173.86871337890625
86.50059284999998,2.251566945511022,20.93105045245072,-14.973159790039062,-2.396324817692183,0.4756229651961751,-0.11085941642522812,-173.507080078125
86.55104260500002,2.177760235614839,20.94238289243868,-14.97967529296875,-2.287501573562622,-0.3743544816970825,-0.09455975890159607,-173.25889587402344
86.60184901699995,2.0328454424294318,20.939968260562726,-14.991653442382812,-2.271077871322632,-0.3892109990119934,-0.10504858195781708,-173.03662109375
86.65037433299995,1.9408768481762246,20.955879969151383,-14.999557495117188,-2.3623206490360134,0.3584682833184205,-0.07190404832363129,-172.70590209960938
86.70111346700014,1.7974591910962632,20.961057462948315,-15.012725830078125,-2.2567734718322754,-0.37416473031044006,-0.05785825476050377,-172.4358367919922
86.75100484800032,1.722562326876667,20.987070426193128,-15.017959594726562,-2.345319692443307,0.34651247348841197,-0.052093517035245895,-172.0249786376953
86.80038334200026,1.5819497660167743,20.9866078432983,-15.023727416992188,-2.2219653129577637,-0.4002474248409271,-0.043362561613321304,-171.78916931152344
86.8508742150002,1.4909500982945794,21.006154450207024,-15.026260375976562,-2.341184183035856,0.4026920740664347,-0.03316385671496391,-171.39794921875
86.90020196000023,1.3486878316991842,21.005087859158458,-15.028915405273438,-2.2049717903137207,-0.43620336055755615,-0.02113666757941246,-171.14352416992188
86.95022092399995,1.273502923810863,21.024209938912303,-15.03021240234375,-2.3295815005239247,0.3805195697285898,0.011466113850474358,-170.78199768066406
87.00044614300032,1.1307223702345803,21.019554034030413,-15.031524658203125,-2.1962075233459473,-0.4541283845901489,0.027146179229021072,-170.5418243408203
87.05023325000002,1.041698567841543,21.026706311297644,-15.033401489257812,-2.195178508758545,-0.4708358943462372,0.020427046343684196,-170.2705078125
87.10042797200003,0.8994129996667759,21.03013936916955,-15.036575317382812,-2.311657992928844,0.17380363102112462,-0.001361954608000815,-169.92601013183594
87.15046795700027,0.8277535802559282,21.039431260407966,-15.037979125976562,-2.1858460903167725,-0.48570990562438965,0.00665149325504899,-169.68167114257812
87.20098292900002,0.6876234161707311,21.04738919467433,-15.038726806640625,-2.3107793831919667,0.17655199366424468,0.016523510217666626,-169.33663940429688
87.25047105400017,0.5996855746001302,21.047881333170935,-15.03997802734375,-2.1864843368530273,-0.5144288539886475,-0.007357434835284948,-169.14715576171875
87.3005619190003,0.5238024193862874,21.068251986897298,-15.039474487304688,-2.359632119905416,0.31465638058728984,-0.0014053757768124342,-168.77633666992188
87.35014466300026,0.37822964822466165,21.06806957239834,-15.036529541015625,-2.1913487911224365,-0.5180668830871582,0.04012298956513405,-168.51864624023438
87.40063867300023,0.3013865143247516,21.086546338395042,-15.033889770507812,-2.3648700284572866,0.3234806947809028,0.07566576451063156,-168.15638732910156
87.45024055900012,0.13931283351478285,21.084992578867496,-15.023086547851562,-2.1915791034698486,-0.4983081519603729,0.07605166733264923,-167.87171936035156
87.50123325599998,0.06469743465040523,21.09517442196757,-15.0189208984375,-2.1721487045288086,-0.5256792902946472,0.08040299266576767,-167.60606384277344
87.55032973700008,-0.08023343604661282,21.09924232804155,-15.008544921875,-2.161193370819092,-0.5518159866333008,0.07265573740005493,-167.22946166992188
87.600831406,-0.1537024554331392,21.10589668484358,-15.003799438476562,-2.16037654876709,-0.5350990891456604,0.058124441653490067,-166.97369384765625
87.65079019700033,-0.3145481244046211,21.101232408426444,-14.993560791015625,-2.347264939428642,0.2595234805970865,0.05022641271352768,-166.60043334960938
87.70070711800008,-0.3866758088156601,21.105009765817204,-14.988525390625,-2.136475086212158,-0.5740658640861511,0.060379914939403534,-166.3468475341797
87.7501569240003,-0.5290722136188251,21.09952709221996,-14.980178833007812,-2.3446018893076834,0.23141994566128932,0.03257569670677185,-165.962646484375
87.800312588,-0.6013246208710266,21.10321265270013,-14.974349975585938,-2.141432523727417,-0.6212803721427917,0.013774734921753407,-165.7052764892578
87.85072467600003,-0.7592633502176032,21.08959461382762,-14.963516235351562,-2.370720701337965,0.218003676447722,-0.018633674830198288,-165.37466430664062
87.9005442900002,-0.8324452797072137,21.091582463121963,-14.959991455078125,-2.1427392959594727,-0.6846200227737427,-0.03141864016652107,-165.1165008544922
87.95067281399997,-0.9763983296716701,21.06922973324325,-14.959121704101562,-2.1579372882843018,-0.6646098494529724,-0.02253086306154728,-164.8430938720703
88.00024072800034,-1.0546078793697902,21.07978646477071,-14.95880126953125,-2.1566410064697266,-0.6601417064666748,-0.013150052167475224,-164.45323181152344
88.05024981299994,-1.1307406677640737,21.082181461127963,-14.958663940429688,-2.1505935192108154,-0.647377073764801,0.001792113995179534,-164.1698455810547
88.100448572,-1.29808891122536,21.06851577944955,-14.962112426757812,-2.3766706384152134,0.11504853708205853,0.00461188517510891,-163.78623962402344
88.15021796500014,-1.3737915510857697,21.066012693705385,-14.963607788085938,-2.154782295227051,-0.6606869697570801,-0.006510111968964338,-163.56918334960938
88.20059538600026,-1.526977422941238,21.054938355609295,-14.96478271484375,-2.3486486383388923,-0.01090326091947491,-0.014088759198784828,-163.19810485839844
88.25086765700007,-1.6046190402964724,21.052813498092586,-14.964614868164062,-2.1367690563201904,-0.7111428380012512,-0.008955622091889381,-162.95486450195312
88.30117451100023,-1.776110286332866,21.025067074388335,-14.967071533203125,-2.2997509660606505,-0.19817122529920272,-0.02521962672472,-162.62863159179688
88.351064297,-1.8572607850917224,21.018406448064333,-14.97039794921875,-2.121617555618286,-0.7872103452682495,-0.050592828541994095,-162.3895263671875
88.40023744500013,-2.0106382315177225,20.981933210880037,-14.977310180664062,-2.1094651222229004,-0.8280697464942932,-0.049270957708358765,-162.17782592773438
88.45060867300026,-2.0943870550544794,20.981204686819563,-14.98004150390625,-2.425910365441234,0.06960699473547893,-0.06955564022064209,-161.80764770507812
88.50054518300021,-2.2640482340740666,20.927226954448507,-14.987472534179688,-2.08445143699646,-0.920880913734436,-0.07917290180921555,-161.57579040527344
88.550472765,-2.3459668802274907,20.92616185071157,-14.990814208984375,-2.2913024724181508,-0.3183653386143285,-0.07342230528593063,-161.19708251953125
88.60065634600005,-2.5131587729738536,20.880185988769792,-14.997451782226562,-2.092193365097046,-0.9174016714096069,-0.0706973746418953,-160.92706298828125
88.6508536020001,-2.5764490901439405,20.88752586317306,-14.999771118164062,-2.410675850993746,0.001973657972587084,-0.07602857798337936,-160.5659637451172
88.7009015120002,-2.671791392192188,20.868896306244032,-15.002349853515625,-2.0851101875305176,-0.8886693716049194,-0.07399839162826538,-160.34877014160156
88.75072803100011,-2.8255381759709985,20.83938448587873,-15.004165649414062,-2.374628348027836,-0.08572819051927338,-0.07597183436155319,-160.0142822265625
88.800810275,-2.9027526349211,20.827535302875667,-15.005020141601562,-2.062828540802002,-0.9211640357971191,-0.07853645086288452,-159.7992706298828
88.85159646000011,-3.050261938604815,20.789327173621015,-14.999801635742188,-2.080601215362549,-0.8961760401725769,-0.11984413862228394,-159.5634765625
88.90134812800034,-3.1498449158424933,20.786078447877653,-14.998687744140625,-2.4901195516377275,0.20495549708386562,-0.12314226478338242,-159.16586303710938
88.9514759650001,-3.2965717554952283,20.746334883535994,-14.99774169921875,-2.323850156539539,-0.22772314382633208,-0.10936211049556732,-158.92774963378906
89.00144524400002,-3.3728134985432563,20.733906833228854,-14.997543334960938,-2.0223288536071777,-0.986188530921936,-0.08515629172325134,-158.69790649414062
89.0516720380001,-3.517810485974591,20.69333743076912,-14.996688842773438,-2.268555393028342,-0.3274907320700643,-0.08325668424367905,-158.4227752685547
89.10048089200018,-3.6161854723088798,20.685599700434526,-14.99566650390625,-1.9898507595062256,-1.0363008975982666,-0.0994749367237091,-158.0197296142578
89.15128455700005,-3.7628564006605476,20.648522122914496,-14.99603271484375,-1.9531826972961426,-1.0904234647750854,-0.11102896928787231,-157.6451873779297
89.20100080800012,-3.8367990026519125,20.633602244126653,-14.997024536132812,-1.946689248085022,-1.0694828033447266,-0.10660430788993835,-157.42140197753906
89.25052951099997,-3.980426219321526,20.596653401421545,-14.99957275390625,-1.9374170303344727,-1.0432456731796265,-0.09267281740903854,-157.1024169921875
89.30106146000026,-4.071279153111062,20.578926469029966,-15.001052856445312,-1.9157803058624268,-1.0579489469528198,-0.08203823864459991,-156.83425903320312
89.35028274000024,-4.217804442129531,20.55057546056198,-15.000701904296875,-2.1946706494873554,-0.39181609006415874,-0.08290290832519531,-156.4584197998047
89.40041220400008,-4.292103803657848,20.53940101680439,-15.001358032226562,-1.8891421556472778,-1.0612401962280273,-0.09729419648647308,-156.23284912109375
89.45043082000029,-4.371408745007273,20.54054253803494,-15.0028076171875,-2.2037154524096794,-0.35463393522273445,-0.10790923982858658,-155.8446502685547
89.50069679300032,-4.526699956022833,20.491049199712087,-15.006072998046875,-1.8593966960906982,-1.120654821395874,-0.10835433751344681,-155.62606811523438
89.55030751000004,-4.604088094941349,20.488058022700727,-15.008590698242188,-2.2423314397259353,-0.29769777677606113,-0.11555217951536179,-155.2694549560547
89.60019315699992,-4.741043363918783,20.44879225813635,-15.009841918945312,-1.8561978340148926,-1.0985697507858276,-0.0786810889840126,-155.02987670898438
89.65074953700014,-4.8120788229483615,20.436697766873614,-15.009124755859375,-1.8636265993118286,-1.074447512626648,-0.0582621730864048,-154.8370361328125
89.70029503200021,-4.966511298891132,20.401001279828684,-15.005523681640625,-1.8469706773757935,-1.0650618076324463,-0.0261930450797081,-154.49880981445312
89.75066027100002,-5.038865413923108,20.39617169615775,-15.002044677734375,-1.834551453590393,-1.0919846296310425,-0.02942797727882862,-154.19468688964844
89.80035990000033,-5.175458795645197,20.367718001760473,-14.995742797851562,-2.211433366454559,-0.36419578131854025,-0.04193573072552681,-153.810302734375
89.85048811600018,-5.248635275469044,20.362569000682296,-14.994476318359375,-1.866473913192749,-1.0588322877883911,-0.01838790811598301,-153.51304626464844
89.90027471500025,-5.4005514533572265,20.326788125169717,-14.992233276367188,-2.145898633676458,-0.47021337401190555,-0.02126426063477993,-153.1382598876953
89.95028736700033,-5.470793940692248,20.316274646566132,-14.991668701171875,-1.828839659690857,-1.0880591869354248,-0.025365686044096947,-152.8806915283203
90.00074424100012,-5.607806794646633,20.285882944910142,-14.988113403320312,-2.188934952234682,-0.40142272870014606,-0.048602305352687836,-152.5149383544922
90.05107515600002,-5.678471367139473,20.274247933983197,-14.987380981445312,-1.8305658102035522,-1.1064081192016602,-0.07485473155975342,-152.26742553710938
90.10047089699992,-5.832656549240204,20.231413257847567,-14.98333740234375,-2.2169296520580084,-0.38321162672458886,-0.056972749531269073,-151.90176391601562
90.15108304000023,-5.905448229619529,20.219764497572637,-14.98052978515625,-1.8420675992965698,-1.092086911201477,-0.04036843776702881,-151.64117431640625
90.20014182800014,-5.9786353027131245,20.208825211631368,-14.977859497070312,-1.8353071212768555,-1.0920194387435913,-0.04707259684801102,-151.37257385253906
90.25034069200001,-6.117167319544227,20.176613694774492,-14.970626831054688,-2.177186145772821,-0.46704326446619004,-0.042842332273721695,-151.02755737304688
90.3004430230003,-6.190532894979191,20.168617906983677,-14.966033935546875,-1.821553111076355,-1.0802545547485352,0.011346136219799519,-150.7518768310547
90.35015799200028,-6.342278494487714,20.12996164344037,-14.954864501953125,-2.2255961987960884,-0.37391025838127523,-0.02679927460849285,-150.38485717773438
90.40030175099992,-6.413646935930134,20.121775775382325,-14.949874877929688,-1.8268882036209106,-1.0892406702041626,-0.025131288915872574,-150.11245727539062
90.45065151600011,-6.549959405173353,20.091982240751328,-14.94171142578125,-2.2923215572550473,-0.2832547251739984,-0.035428550094366074,-149.71214294433594
90.50108103899993,-6.619991259038746,20.081929730164987,-14.93463134765625,-1.7797303199768066,-1.1493339538574219,-0.018888171762228012,-149.4633026123047
90.55047026300008,-6.763029323242927,20.03253760608736,-14.92138671875,-1.7861583232879639,-1.1652415990829468,-0.034077584743499756,-149.1959686279297
90.60085488000004,-6.836450175484801,20.025248061003662,-14.91656494140625,-1.7774860858917236,-1.196042537689209,-0.05732212960720062,-148.86134338378906
90.65028428899996,-6.961907231872454,19.971759770758464,-14.904876708984375,-1.7456083297729492,-1.2450944185256958,-0.05273663252592087,-148.64675903320312
90.70061047100035,-7.035997734911792,19.963453353323814,-14.900054931640625,-2.0914334927404243,-0.6846563637347256,-0.05560718849301338,-148.2743682861328
90.75062129800017,-7.17759197598515,19.901700274849585,-14.8885498046875,-1.7250761985778809,-1.2822786569595337,-0.0835001990199089,-148.0535125732422
90.80149599200013,-7.252117581177055,19.892074717642416,-14.884201049804688,-2.107834364425279,-0.6906024400413421,-0.08135414123535156,-147.70730590820312
90.85387867999998,-7.3206018922677085,19.87196271383846,-14.880477905273438,-2.1330317231531506,-0.6678447436880242,-0.07312826812267303,-147.48548889160156
90.90149271100017,-7.445208974822749,19.807320401268097,-14.873367309570312,-1.7223984003067017,-1.3382107019424438,-0.10332854837179184,-147.34832763671875
90.9516561710002,-7.527849676076436,19.773965755952666,-14.870346069335938,-1.7128955125808716,-1.3436771631240845,-0.10799472033977509,-147.13803100585938
91.00040050799998,-7.668783395086389,19.7316586687201,-14.868194580078125,-4.367266031694501,2.671701606009,-0.1651829332113266,-146.66397094726562
91.05032009000024,-7.74695237949136,19.72096339719761,-14.867828369140625,-2.1545942948881995,-0.6883945187456206,-0.15015394985675812,-146.29269409179688
91.10109839200004,-7.876889966242313,19.662159929028647,-14.865997314453125,-1.7259687185287476,-1.3408927917480469,-0.14509892463684082,-146.04246520996094
91.1504630720001,-7.966586608780016,19.6443109849375,-14.86322021484375,-2.2252596233221595,-0.594404537007168,-0.13541953265666962,-145.6307373046875
91.20041040100023,-8.090138774633605,19.585127786325234,-14.86065673828125,-1.6882137060165405,-1.3787378072738647,-0.1389664262533188,-145.35638427734375
91.25077401499993,-8.163175370349258,19.570982639879233,-14.858139038085938,-2.1786411866355015,-0.6830897333827736,-0.14700254797935486,-144.98977661132812
91.30040926099991,-8.284600775227226,19.506046996789426,-14.851669311523438,-1.6404906511306763,-1.4545702934265137,-0.14223302900791168,-144.7327117919922
91.35040925200019,-8.370064315325443,19.47855714545742,-14.849090576171875,-2.157464332924056,-0.7167505098713655,-0.13509060442447662,-144.3502197265625
91.40050843400013,-8.490070445596501,19.41080614042215,-14.841339111328125,-1.6152368783950806,-1.4756687879562378,-0.14795604348182678,-144.09744262695312
91.45022043600011,-8.555817032936627,19.384312382957432,-14.838882446289062,-1.6060060262680054,-1.4855482578277588,-0.15940484404563904,-143.8566131591797
91.500393068,-8.67897510640012,19.326862869191853,-14.836151123046875,-1.6197130680084229,-1.4864696264266968,-0.16583609580993652,-143.489013671875
91.55050182000014,-8.755491893671056,19.293496577599058,-14.834991455078125,-1.6296216249465942,-1.4690220355987549,-0.1670682281255722,-143.2608642578125
91.60064413200007,-8.88189502895008,19.24476642207891,-14.836990356445312,-2.328715115289849,-0.5245878750587293,-0.18417277932167053,-142.8218994140625
91.65067552300025,-8.944481331551797,19.223172572059553,-14.838058471679688,-1.6079946756362915,-1.46799898147583,-0.15879100561141968,-142.60626220703125
91.70047173500006,-9.064805057255372,19.17096349031216,-14.838272094726562,-2.1652914970224124,-0.7444478201717941,-0.11468979716300964,-142.2481689453125
91.7513063880001,-9.1397796300292,19.135804063458263,-14.838333129882812,-1.5875531435012817,-1.4954720735549927,-0.0982394739985466,-142.041015625
91.8016461760003,-9.202805992797055,19.11096288166931,-14.837081909179688,-1.9897824256165657,-0.9856127736849803,-0.07145118713378906,-141.82533264160156
91.85132700500026,-9.319373563481015,19.04691372644517,-14.835113525390625,-2.4612663163534583,-0.4021056311448574,-0.09708784520626068,-141.57034301757812
91.90129421200027,-9.383796895204995,19.020357147258924,-14.833343505859375,-2.2571502241920025,-0.6766609855906125,-0.11732608824968338,-141.33934020996094
91.95071881800004,-9.526398674179784,18.9549242785733,-14.82965087890625,-3.2162548749387234,0.49506796318610435,-0.1112201064825058,-140.86524963378906
92.00040338100007,-9.59124900860037,18.927122770318192,-14.828475952148438,-1.589532494544983,-1.4909048080444336,-0.0823867917060852,-140.6304168701172
92.05019891000029,-9.717222974803798,18.860508682468485,-14.817398071289062,-1.9308598735509812,-1.120683739284786,-0.14059017598628998,-140.29795837402344
92.10114726700021,-9.786696373874817,18.83366780482991,-14.814315795898438,-1.6019070148468018,-1.5159035921096802,-0.14974215626716614,-140.0184326171875
92.15072307200035,-9.854169629547817,18.80490079237564,-14.812271118164062,-1.5978087186813354,-1.5292152166366577,-0.15214455127716064,-139.76573181152344
92.20084074000033,-9.988354051304526,18.72345561120893,-14.8115234375,-1.5902931690216064,-1.557281494140625,-0.18083438277244568,-139.44146728515625
92.25035415699995,-10.05380917728212,18.69264038268623,-14.813262939453125,-1.5897791385650635,-1.5721079111099243,-0.22041691839694977,-139.19757080078125
92.30130611899995,-10.179408960497433,18.627069880671705,-14.817947387695312,-2.0370036581506836,-1.0606698199244553,-0.1922454833984375,-138.8015594482422
92.35033402499994,-10.243963332484025,18.59603281251228,-14.819992065429688,-1.6016168594360352,-1.572783350944519,-0.19014444947242737,-138.56878662109375
92.40134902999989,-10.379497050821817,18.516989547415513,-14.821380615234375,-2.1389064959128246,-0.9891073472895381,-0.16724301874637604,-138.15940856933594
92.4507304990002,-10.441273390833082,18.485583745221117,-14.81988525390625,-1.5263986587524414,-1.6817866563796997,-0.16500309109687805,-137.927490234375
92.5007810510001,-10.560007029980653,18.41449198387622,-14.819168090820312,-2.129277843687655,-1.0315571100706424,-0.18655064702033997,-137.55113220214844
92.5504815080003,-10.62351469127319,18.3840952139158,-14.815383911132812,-1.5434229373931885,-1.6692501306533813,-0.17976972460746765,-137.27975463867188
92.6006574170001,-10.744654412167533,18.289568936626534,-14.809066772460938,-1.517179012298584,-1.6817786693572998,-0.15294626355171204,-137.02748107910156
92.65085364100014,-10.815371123059332,18.26471522453753,-14.807022094726562,-1.5175162553787231,-1.6856207847595215,-0.15592224895954132,-136.63198852539062
92.70089650199998,-10.925819103325523,18.179891562024242,-14.80291748046875,-1.5085958242416382,-1.7195924520492554,-0.17961275577545166,-136.39854431152344
92.75032900900032,-10.997058804704388,18.152806219373215,-14.80279541015625,-2.1250889830707957,-1.0821553304491287,-0.18934139609336853,-136.00869750976562
92.80084490800027,-11.119854848228483,18.05091302038796,-14.799530029296875,-1.5466691255569458,-1.6932125091552734,-0.18058033287525177,-135.77183532714844
92.8504966810001,-11.191966550598593,18.022520027843207,-14.798446655273438,-2.1075947194554687,-1.1289943259581205,-0.18080981075763702,-135.39315795898438
92.90110642300033,-11.304920728598656,17.93359872097663,-14.796173095703125,-1.496630311012268,-1.7671160697937012,-0.19087594747543335,-135.13088989257812
92.95021249899992,-11.377708875142005,17.906153405422998,-14.794479370117188,-2.0691313159293774,-1.190286424590803,-0.18113872408866882,-134.7393035888672
93.0002503640003,-11.452190600592845,17.854472709120934,-14.793121337890625,-1.485173225402832,-1.787811517715454,-0.18524326384067535,-134.50865173339844
93.05014702900007,-11.568366438279202,17.771161363996058,-14.792236328125,-2.111000302256009,-1.1904826077078474,-0.18188945949077606,-134.14573669433594
93.10012967500006,-11.629899218709133,17.73412039760966,-14.791854858398438,-2.169452057604233,-1.1289924163497416,-0.17954616248607635,-133.89407348632812
93.15075651699999,-11.737772432464606,17.64417628713014,-14.791900634765625,-1.463228702545166,-1.795906662940979,-0.18103007972240448,-133.63609313964844
93.20051302899992,-11.817646548737399,17.59859747318926,-14.789962768554688,-2.058460240025883,-1.2341598599160157,-0.17665691673755646,-133.2738494873047
93.25056415900008,-11.924698212679356,17.504061329485328,-14.7896728515625,-1.420216679573059,-1.833383560180664,-0.18315871059894562,-133.0131072998047
93.30041722600026,-11.993539368340087,17.469985471543183,-14.790786743164062,-2.0518032964397,-1.2513312425066832,-0.1906036138534546,-132.64259338378906
93.35060830200018,-12.09937132970717,17.371498221856683,-14.793426513671875,-1.4092704057693481,-1.8371672630310059,-0.16862328350543976,-132.4086151123047
93.40083037300019,-12.170956300948294,17.313505529206978,-14.796066284179688,-1.418156385421753,-1.8507335186004639,-0.1842900812625885,-132.1832275390625
93.45038795300025,-12.286158019281686,17.220199173506863,-14.797744750976562,-2.21017087480443,-1.1484043460079687,-0.17443279922008514,-131.814453125
93.50113600500026,-12.347014723417818,17.176076180757097,-14.798492431640625,-1.3927596807479858,-1.8671553134918213,-0.1606486439704895,-131.571044921875
93.55029506900019,-12.414865317634836,17.138107571931737,-14.799880981445312,-2.128066809423834,-1.214935788417855,-0.17279523611068726,-131.22076416015625
93.60023807300013,-12.535541171654398,17.021860721015955,-14.80474853515625,-1.4349194765090942,-1.8475120067596436,-0.21722275018692017,-130.9950714111328
93.65106098600018,-12.59877221715617,16.978022215900893,-14.80859375,-1.4285314083099365,-1.8514609336853027,-0.2304946482181549,-130.74729919433594
93.70051586299996,-12.716416557129515,16.883347318185372,-14.813552856445312,-2.0373360814821573,-1.343379560970582,-0.25349900126457214,-130.38516235351562
93.75107381299995,-12.780546900913302,16.840783608974036,-14.815170288085938,-1.4202030897140503,-1.8576587438583374,-0.2368873953819275,-130.10694885253906
93.80061084499994,-12.90678275920181,16.72969263130566,-14.819061279296875,-1.921447626841119,-1.4427573983424593,-0.23339615762233734,-129.751953125
93.85081189500033,-12.966425298253073,16.683887312243268,-14.819976806640625,-1.3800480365753174,-1.9035769701004028,-0.2538069486618042,-129.5314178466797
93.900965498,-13.077526077882276,16.585856528076107,-14.821685791015625,-1.861027596722367,-1.470012661160062,-0.1842794567346573,-129.1637420654297
93.95061783500023,-13.135577716730758,16.538161205971832,-14.820938110351562,-1.2989721298217773,-1.9320851564407349,-0.19185297191143036,-128.92681884765625
94.00089882100019,-13.252769588239671,16.419211570877803,-14.820587158203125,-1.7773930989198579,-1.5497552103524888,-0.208054780960083,-128.5644073486328
94.05042850400014,-13.307864497034608,16.36873314129469,-14.821578979492188,-1.269019365310669,-1.9455353021621704,-0.17960332334041595,-128.35479736328125
94.10110500600013,-13.365784898279133,16.318866180487,-14.822189331054688,-1.3053804636001587,-1.9313709735870361,-0.19178816676139832,-128.12527465820312
94.15035441000009,-13.477461127712036,16.216052049428093,-14.823638916015625,-1.2848269939422607,-1.930037498474121,-0.14911150932312012,-127.73424530029297
94.20109154800002,-13.540089400775814,16.169555657432394,-14.823806762695312,-1.2917494773864746,-1.9275765419006348,-0.17057347297668457,-127.44800567626953
94.25028748900013,-13.668768863078638,16.053806960932107,-14.818695068359375,-2.0558323982704416,-1.353210217742828,-0.15436160564422607,-127.0080337524414
94.30034108400014,-13.726605848406138,16.002896398599876,-14.817245483398438,-1.3008869886398315,-1.9138308763504028,-0.1373930275440216,-126.80278015136719
94.35030415700021,-13.840989412835453,15.900355098837306,-14.808609008789062,-1.9253785967127843,-1.4357107237814097,-0.10380463302135468,-126.4136962890625
94.40106321100029,-13.90387043165654,15.853552325294057,-14.803802490234375,-2.257545945724006,-1.1985311503870912,-0.10855373740196228,-126.15289306640625
94.45071820600015,-14.019544939824424,15.730248571709218,-14.792877197265625,-1.3214133977890015,-1.8907182216644287,-0.10792165249586105,-125.93087005615234
94.50312671500023,-14.082580514192664,15.684557824916208,-14.786575317382812,-1.3276665210723877,-1.8820102214813232,-0.09862950444221497,-125.65982055664062
94.55151310300016,-14.144505086610012,15.638081571033283,-14.781326293945312,-1.9141496955999595,-1.4654470534128239,-0.13062825798988342,-125.40841674804688
94.60012415200026,-14.265528069029312,15.541184404235306,-14.772872924804688,-3.7083686606682567,-0.20884501195524185,-0.12209701538085938,-124.94338989257812
94.6507520590003,-14.381014483176028,15.415905875238128,-14.766128540039062,-1.2300759553909302,-1.9382028579711914,-0.10766911506652832,-124.67890930175781
94.70093932000009,-14.446004026543463,15.370231563406028,-14.7633056640625,-1.8452420282652344,-1.5188467412942126,-0.11252539604902267,-124.34371185302734
94.75062695399993,-14.538659423051985,15.255550456706587,-14.75665283203125,-1.1771138906478882,-1.964780569076538,-0.10013607889413834,-124.12158966064453
94.80062385500014,-14.60311959080984,15.210299354158876,-14.75457763671875,-2.026921628903488,-1.4034845591446885,-0.12021079659461975,-123.75343322753906
94.85106956800018,-14.665346573149378,15.141012394033798,-14.752456665039062,-1.160746693611145,-1.9815165996551514,-0.1424257904291153,-123.55194091796875
94.9005204099999,-14.761743563782284,15.027263357813311,-14.750701904296875,-1.172314167022705,-1.9751731157302856,-0.16609688103199005,-123.28534698486328
94.95038832699993,-14.824988502010605,14.980247975605447,-14.750808715820312,-1.142472743988037,-1.992252230644226,-0.17459239065647125,-122.94286346435547
95.00043669000024,-14.918948628824001,14.861477517303914,-14.74908447265625,-1.107128620147705,-2.0132784843444824,-0.1960940659046173,-122.70061492919922
95.05109414300023,-14.995428206738247,14.798976678195938,-14.74981689453125,-1.703602187426837,-1.6212739044025637,-0.1992742419242859,-122.29444885253906
95.1006804120002,-15.086099903328494,14.684874945617258,-14.753372192382812,-1.057926893234253,-2.0208094120025635,-0.26269739866256714,-122.0169677734375
95.15034017100015,-15.150043180126241,14.64175248466538,-14.756179809570312,-1.7259675819888567,-1.5992395151074619,-0.2443809062242508,-121.59457397460938
95.20052174800003,-15.232085151543398,14.526459895660713,-14.762313842773438,-1.016433835029602,-2.0169496536254883,-0.24636711180210114,-121.36019134521484
95.25012347600023,-15.300630705838174,14.461044772705248,-14.766159057617188,-1.8088649294590091,-1.5270965283176676,-0.2304641753435135,-120.96794128417969
95.3007941169999,-15.380590864833522,14.339464182652145,-14.771438598632812,-0.9760578870773315,-2.0208091735839844,-0.1960141807794571,-120.71746826171875
95.35063179400004,-15.429629414592155,14.284264471991667,-14.772552490234375,-0.9587591886520386,-2.02675461769104,-0.18322966992855072,-120.47159576416016
95.40120929900013,-15.517807295353535,14.168176028568425,-14.7740478515625,-1.5830372062469469,-1.655096740371601,-0.18496426939964294,-120.10731506347656
95.45076126499998,-15.57488102673912,14.097063298586512,-14.775482177734375,-1.8179211249254577,-1.5235330905151068,-0.16844719648361206,-119.84140014648438
95.50295701699997,-15.626892439872236,14.043246543272769,-14.779449462890625,-0.9193652868270874,-2.036748170852661,-0.18126444518566132,-119.57337951660156
95.55123651300028,-15.723624119163429,13.929919382971685,-14.79046630859375,-1.6952100539926234,-1.6270050452023357,-0.20112232863903046,-119.16291809082031
95.6001503110001,-15.78236526380203,13.878566562751875,-14.797134399414062,-3.6557101569114416,-0.5623123596737707,-0.23372893035411835,-118.83926391601562
95.65120937700021,-15.8815231087482,13.748906098423397,-14.809707641601562,-1.0451087951660156,-1.983702540397644,-0.230946347117424,-118.60423278808594
95.7008796099999,-15.933594875310543,13.695686796915863,-14.815185546875,-1.0369268655776978,-1.9953685998916626,-0.21804077923297882,-118.39031219482422
95.75022403699995,-16.026520603739705,13.585501447543145,-14.825653076171875,-1.5764095760025851,-1.6774364859305415,-0.21693585813045502,-118.09061431884766
95.80112016600015,-16.077061023475803,13.532978414452197,-14.831405639648438,-1.0401031970977783,-1.9711233377456665,-0.24722567200660706,-117.88560485839844
95.85054459699995,-16.177481518914153,13.407030620118132,-14.846023559570312,-1.5849420805146168,-1.6830244563863956,-0.2549402713775635,-117.5662612915039
95.90020373900006,-16.229173311556565,13.355028992869505,-14.850936889648438,-1.0060417652130127,-1.973884105682373,-0.22972680628299713,-117.33187866210938
95.95030852700029,-16.324236644388773,13.246708095646936,-14.859344482421875,-1.6709364221779146,-1.6277069102464174,-0.19413967430591583,-116.93657684326172
96.00024763400006,-16.3687906102834,13.193438940600384,-14.8616943359375,-0.9540278911590576,-1.9851142168045044,-0.18600448966026306,-116.75759887695312
96.05035648000012,-16.469991695794647,13.075539614728044,-14.865966796875,-1.768392678174847,-1.564694269206706,-0.16548743844032288,-116.33073425292969
96.10063141,-16.518845071269077,13.024555310305194,-14.867706298828125,-0.9076696038246155,-1.9858248233795166,-0.13734567165374756,-116.07755279541016
96.15148113100031,-16.569446372584352,12.973271712150996,-14.868515014648438,-0.8943232893943787,-1.9829797744750977,-0.11384185403585434,-115.81475830078125
96.20023544000014,-16.660180099091974,12.866040087614554,-14.869186401367188,-0.8657673001289368,-1.9774166345596313,-0.07908664643764496,-115.40872955322266
96.25024179599995,-16.71056914409695,12.814816798696281,-14.868438720703125,-0.8451923131942749,-1.9865586757659912,-0.06663694977760315,-115.13465881347656
96.30091981500027,-16.804177295471522,12.689307301786833,-14.86444091796875,-1.6345357594436472,-1.636319416179394,-0.11632224172353745,-114.76348114013672
96.35013486700018,-16.852124855376527,12.635572628371374,-14.864410400390625,-0.8593717217445374,-2.010460138320923,-0.1380954086780548,-114.5248794555664
96.40030856600015,-16.945502063473594,12.523726358073137,-14.8648681640625,-1.7810797242510534,-1.6066541581026366,-0.15711456537246704,-114.08914947509766
96.45025921800016,-16.996954769998226,12.46973902232438,-14.865570068359375,-0.8448463678359985,-2.010913848876953,-0.14815647900104523,-113.8163833618164
96.50057731600009,-17.092139171298573,12.339867369920443,-14.866012573242188,-1.6109960203214602,-1.6761753596593643,-0.12120314687490463,-113.44638061523438
96.55097319900005,-17.141193563522094,12.285678933980781,-14.865997314453125,-0.7953541874885559,-2.0240399837493896,-0.13878953456878662,-113.19635772705078
96.60057356800007,-17.21526800711082,12.166508212013362,-14.86749267578125,-0.7715120315551758,-2.046168088912964,-0.1229034885764122,-112.9649429321289
96.65089395099994,-17.27051680476778,12.116961138582107,-14.869049072265625,-1.6472625851650322,-1.681972669738061,-0.1290246546268463,-112.6016845703125
96.70095828800004,-17.34966660238095,11.985016565803551,-14.875045776367188,-0.7380117177963257,-2.0689687728881836,-0.1664164662361145,-112.32982635498047
96.75018342200019,-17.401535131288224,11.931900848882812,-14.8790283203125,-1.3821191639248092,-1.807425213662019,-0.16473685204982758,-111.99324035644531
96.80074875400032,-17.470413011818447,11.807584094153023,-14.88720703125,-0.7348161935806274,-2.0757205486297607,-0.13620850443840027,-111.74049377441406
96.85059269400017,-17.52813915586614,11.754359570285049,-14.891006469726562,-1.63283681923807,-1.7272766941362263,-0.1306510716676712,-111.33009338378906
96.90058679100002,-17.580722649748356,11.67965148589596,-14.893539428710938,-0.7092652320861816,-2.092594861984253,-0.1123724952340126,-111.07025146484375
96.95048498799997,-17.662168786009122,11.557307404066394,-14.8961181640625,-1.3841671604618895,-1.8532087543732374,-0.1404636800289154,-110.69188690185547
97.00089960300011,-17.707172117937972,11.497402813369703,-14.898101806640625,-0.7090122699737549,-2.1185314655303955,-0.15613678097724915,-110.44623565673828
97.05083164400003,-17.77222239294001,11.368937570718256,-14.89971923828125,-0.6702482104301453,-2.1409614086151123,-0.1560828983783722,-110.21764373779297
97.10128128299993,-17.82981324532647,11.294452951261034,-14.901138305664062,-1.4939045885821174,-1.8427451828608246,-0.14185188710689545,-109.85545349121094
97.15087974400012,-17.893178217256015,11.166688987543509,-14.902908325195312,-0.6641672253608704,-2.1255390644073486,-0.11631810665130615,-109.60912322998047
97.20115064900028,-17.946803756869585,11.111188293666725,-14.9039306640625,-1.459440215129327,-1.8464671397215482,-0.13365411758422852,-109.2155990600586
97.25120061899997,-18.013994606550046,10.967567686747461,-14.905288696289062,-0.626282274723053,-2.1272616386413574,-0.09385336935520172,-108.96143341064453
97.30035396600033,-18.065605990192438,10.911860302185417,-14.903518676757812,-1.538600893366456,-1.8182821677732464,-0.08833018690347672,-108.5899658203125
97.3504124760002,-18.124329111416465,10.784592864953083,-14.900894165039062,-0.6106262803077698,-2.1389381885528564,-0.08878815919160843,-108.36579132080078
97.4003632910003,-18.172969921184414,10.725512359748121,-14.90118408203125,-1.5229097967090355,-1.8413613536161717,-0.10276380926370621,-108.01616668701172
97.450240012,-18.228977518570897,10.591868318802419,-14.90228271484375,-0.5645797252655029,-2.1394433975219727,-0.08264431357383728,-107.79106903076172
97.50062491000017,-18.26821754082396,10.50996509909499,-14.903656005859375,-0.5129213929176331,-2.1665735244750977,-0.09958582371473312,-107.56029510498047
97.55087063200017,-18.31434116736945,10.448519391399056,-14.904327392578125,-1.2107246449329252,-1.9591505170711474,-0.1022401824593544,-107.21843719482422
97.60110127400003,-18.36192784029408,10.311134425883495,-14.906021118164062,-0.5171108245849609,-2.1888701915740967,-0.09295567870140076,-107.08951568603516
97.65063298199993,-18.436893706992265,10.181872951703449,-14.906967163085938,-1.4983015519214966,-1.8835708251556664,-0.08434877544641495,-106.65850830078125
97.70046711100031,-18.48217901729219,10.1009830461806,-14.905899047851562,-0.4949246346950531,-2.180849552154541,-0.08034385740756989,-106.4273681640625
97.75102674100026,-18.535092615265494,10.041051685932937,-14.906112670898438,-1.4912824777128304,-1.89894601210479,-0.09772644937038422,-106.02875518798828
97.80103614600011,-18.588725584072076,9.907356092055007,-14.9063720703125,-0.46595048904418945,-2.183974027633667,-0.08340040594339371,-105.8224868774414
97.85064914900022,-18.62599053980486,9.843984948316312,-14.9063720703125,-0.4730125963687897,-2.1778171062469482,-0.09886101633310318,-105.58914184570312
97.90014472600024,-18.69241113580985,9.698152835412094,-14.908401489257812,-0.43652772903442383,-2.1736514568328857,-0.1174318939447403,-105.25726318359375
97.95017989000007,-18.731478432969187,9.63813172243243,-14.908340454101562,-0.4030580222606659,-2.173977851867676,-0.10239162296056747,-104.9994125366211
98.0003696900003,-18.796371985001603,9.514130631651671,-14.910064697265625,-1.1962014039024522,-1.9556066536831627,-0.13410145044326782,-104.6247787475586
98.05069446800007,-18.83265011599115,9.452955474886858,-14.909942626953125,-0.4090052545070648,-2.161883592605591,-0.11466296017169952,-104.39762878417969
98.10145041600026,-18.901407280618983,9.311078062060364,-14.910064697265625,-1.3008414672527708,-1.9321679960724454,-0.12595751881599426,-104.04183959960938
98.15099148900026,-18.939889197923574,9.249974908320066,-14.910614013671875,-0.9563462063392892,-2.0160440326442566,-0.10397899150848389,-103.78218078613281
98.20334784600027,-18.977988244793234,9.187305212759815,-14.911422729492188,-1.9889578729600463,-1.7719903378266237,-0.0843873918056488,-103.52574920654297
98.25074808799991,-19.04062347796514,9.058975519758638,-14.911666870117188,-0.43420374393463135,-2.133021593093872,-0.06043006479740143,-103.16492462158203
98.30135995899991,-19.081795327425734,8.997858270071934,-14.911636352539062,-0.3888731896877289,-2.1478071212768555,-0.05177398771047592,-102.85811614990234
98.35093840900026,-19.13941788216563,8.856549412692928,-14.91253662109375,-0.8521787246581449,-2.043885370865578,-0.08455551415681839,-102.51203155517578
98.4011131000002,-19.16997446655391,8.79404165541781,-14.914199829101562,-0.3267116844654083,-2.1663663387298584,-0.09688973426818848,-102.2877426147461
98.45035534599992,-19.223260207469885,8.668585595316173,-14.912261962890625,-1.0625114352897613,-2.001391482564727,-0.08799275010824203,-101.92326354980469
98.5004192360002,-19.251194169997884,8.60579023530923,-14.9111328125,-0.2962609827518463,-2.170820951461792,-0.10036423057317734,-101.72221374511719
98.55022992100021,-19.306747155000462,8.461949111295233,-14.913619995117188,-1.0468019389716146,-2.0082766744758294,-0.13652825355529785,-101.35662078857422
98.60062926899991,-19.339021261875033,8.39910006160633,-14.917037963867188,-0.29863426089286804,-2.1608779430389404,-0.14701223373413086,-101.10954284667969
98.65070027000002,-19.396470896726495,8.270828500695174,-14.923934936523438,-1.2588538590901446,-1.9837560242022068,-0.13157331943511963,-100.69524383544922
98.70113091600024,-19.430529578823,8.207640610817588,-14.9263916015625,-0.33323702216148376,-2.1572370529174805,-0.11209148913621902,-100.45639038085938
98.75076788300021,-19.48159189704793,8.060724937800027,-14.931060791015625,-0.3289387822151184,-2.1502935886383057,-0.11293116956949234,-100.21215057373047
98.80028559500033,-19.52416084182767,7.999281425266931,-14.932830810546875,-0.9486085204166056,-2.0453339185520676,-0.11177153140306473,-99.87603759765625
98.85084123200022,-19.574760231122987,7.873828445259834,-14.931015014648438,-0.29202836751937866,-2.1502578258514404,-0.08099713176488876,-99.62247467041016
98.90019208300009,-19.622487539984167,7.814286017369175,-14.930435180664062,-1.1014768288724344,-2.0240814185881266,-0.08898088335990906,-99.21614837646484
98.95072245200026,-19.66983635335246,7.670879886861853,-14.926498413085938,-0.21337927877902985,-2.166980743408203,-0.0441729798913002,-98.93054962158203
99.00076707300013,-19.70694927217935,7.608972941578924,-14.924484252929688,-1.0527702868275615,-2.0541153752842165,-0.05227270349860191,-98.6037368774414
99.05020228500007,-19.74633154831121,7.476100557385658,-14.921401977539062,-0.23716719448566437,-2.1903886795043945,-0.0846862718462944,-98.36611938476562
99.10041742600015,-19.788979968249205,7.410921924426923,-14.919876098632812,-1.0295856158145984,-2.0857294334694143,-0.09226382523775101,-97.97857666015625
99.15061442600017,-19.822235790459725,7.325952111329535,-14.918670654296875,-0.16691812872886658,-2.225022554397583,-0.10915757715702057,-97.70507049560547
99.20039921300031,-19.863544115355708,7.18618485594535,-14.918899536132812,-0.18369314074516296,-2.2369537353515625,-0.11728188395500183,-97.41935729980469
99.2506306969999,-19.90830477345268,7.118562668152963,-14.918853759765625,-0.1407119333744049,-2.2438838481903076,-0.10564421862363815,-96.99992370605469
99.30054325099991,-19.948526751383934,6.976185092654881,-14.917724609375,-0.1847359985113144,-2.242227792739868,-0.07112228125333786,-96.72074127197266
99.35023260700018,-19.995333059113776,6.886498942279024,-14.912887573242188,-1.1328812913635233,-2.14602526584642,-0.06411167979240417,-96.29782104492188
99.40022370499992,-20.034638564129217,6.738826817269552,-14.90838623046875,-0.12334319949150085,-2.270447254180908,-0.09124696254730225,-96.00128173828125
99.45041813700027,-20.073620523506218,6.667129832040004,-14.905563354492188,-1.00911562640968,-2.1869016777754386,-0.08402538299560547,-95.61699676513672
99.50082497700032,-20.10874763107688,6.519447495798051,-14.900421142578125,-0.10848557949066162,-2.2889182567596436,-0.12738841772079468,-95.34728240966797
99.55028078100031,-20.148220058434347,6.4286881487560805,-14.899215698242188,-1.077255683046771,-2.209254355072789,-0.1251564621925354,-94.96953582763672
99.60008577600001,-20.17680396218482,6.2839107579968,-14.900177001953125,-0.0787973627448082,-2.3060131072998047,-0.1588273048400879,-94.73725891113281
99.65061127200033,-20.20905360772175,6.213099576827647,-14.901901245117188,-0.9705722437370489,-2.2304300590043367,-0.15416528284549713,-94.40154266357422
99.70085348900011,-20.233438117699745,6.052031895880058,-14.903518676757812,0.023504918441176414,-2.3027830123901367,-0.1314847767353058,-94.13738250732422
99.75020973200026,-20.255442065818634,5.981712086588805,-14.903549194335938,0.03711875528097153,-2.3062422275543213,-0.13064835965633392,-93.86408996582031
99.8002988610001,-20.284561854938907,5.840331176795738,-14.903396606445312,-0.8456755813253789,-2.2530554894253667,-0.11196387559175491,-93.50432586669922
99.85047558700035,-20.305803353946075,5.773870736046103,-14.9012451171875,-0.0033813079353421926,-2.28753924369812,-0.1027691438794136,-93.2648696899414
99.90014174299995,-20.33324843956034,5.707314525237864,-14.899688720703125,-0.8065448316457722,-2.246085378098976,-0.10519350320100784,-92.96680450439453
99.95046112,-20.35697708368687,5.556324464663325,-14.8963623046875,-1.2849024415330417,-2.2150810401877292,-0.0868573784828186,-92.73677062988281
100.00185601600015,-20.37821345456343,5.491500013179227,-14.895309448242188,-0.018355408683419228,-2.2805919647216797,-0.1027524396777153,-92.51913452148438
100.05067785400024,-20.400679802703195,5.425869185801377,-14.895294189453125,0.014810653403401375,-2.2767999172210693,-0.12222553789615631,-92.27507019042969
100.10058259800007,-20.43456424805549,5.293660673266101,-14.897628784179688,0.009538483805954456,-2.2730443477630615,-0.15136288106441498,-91.8922119140625
100.15200144300024,-20.45540729878055,5.227590158156134,-14.899978637695312,-0.0010055394377559423,-2.269836664199829,-0.14285987615585327,-91.65721130371094
100.20035592100021,-20.47763608761321,5.076440925586066,-14.905059814453125,-1.0280889411130611,-2.2387694509865343,-0.13522601127624512,-91.39800262451172
100.25040270699992,-20.484559790720645,5.0111960896043115,-14.905990600585938,0.0366174578666687,-2.2591917514801025,-0.11084535717964172,-91.30154418945312
100.30048942600024,-20.510291200262348,4.862542851870525,-14.909027099609375,0.04490751400589943,-2.256459951400757,-0.1075635552406311,-90.97438049316406
100.35044150300018,-20.534223822582188,4.812902166337034,-14.908798217773438,-0.3482317938957977,-2.2646359494882176,-0.12119225412607193,-90.68795013427734
100.40069951300029,-20.554806270280526,4.663990870613865,-14.90277099609375,0.00855700857937336,-2.25663685798645,-0.12685759365558624,-90.44886779785156
100.45123447900005,-20.591898904200008,4.597239050757523,-14.90118408203125,-0.9235369084621974,-2.2508494915591193,-0.12098861485719681,-90.01382446289062
100.50062000300022,-20.614356945982536,4.530106829412582,-14.898880004882812,0.03519340604543686,-2.2524564266204834,-0.12064830958843231,-89.73715209960938
100.55063485000028,-20.640888137493057,4.39465743375624,-14.892623901367188,-0.6744679383336885,-2.253368614889497,-0.08434893935918808,-89.39180755615234
100.60064998500002,-20.66190559798339,4.309164306058584,-14.889541625976562,0.026600230485200882,-2.243640184402466,-0.08984235674142838,-89.13129425048828
100.65068113400002,-20.679768406517947,4.171147773708884,-14.884811401367188,0.11047046631574631,-2.245729923248291,-0.05392071604728699,-88.86564636230469
100.70031228300013,-20.708244966996315,4.100929373547585,-14.882904052734375,0.14462615549564362,-2.247347593307495,-0.07607046514749527,-88.48580932617188
100.75039222600026,-20.71324970076347,3.9618483684246506,-14.884979248046875,0.19452255964279175,-2.2679800987243652,-0.11892526596784592,-88.29488372802734
100.80072131599991,-20.740574091470773,3.8740422329868336,-14.889511108398438,-0.6300296058386963,-2.311019722879292,-0.1274663209915161,-87.88758087158203
100.85110484000006,-20.75107607890606,3.732744188178616,-14.897445678710938,0.15570954978466034,-2.292032480239868,-0.15177497267723083,-87.61997985839844
100.90090691200021,-20.776502133647078,3.6608245139108613,-14.899612426757812,-0.6691056272152999,-2.3406145526066036,-0.13797521591186523,-87.2244644165039
100.95094541300023,-20.780542867615107,3.5182458626301765,-14.903274536132812,0.16907517611980438,-2.3003716468811035,-0.12300552427768707,-86.9759750366211
101.00048447200015,-20.808563427887098,3.4272574549177808,-14.904464721679688,-1.0034737949998622,-2.37890151853718,-0.11551888287067413,-86.531005859375
101.05029368100031,-20.81442582184113,3.283734260700446,-14.90533447265625,0.18901310861110687,-2.3045480251312256,-0.11543925106525421,-86.26070404052734
101.10072691000005,-20.826964392036857,3.210959853848026,-14.905746459960938,0.18866805732250214,-2.3114075660705566,-0.11002242565155029,-86.01669311523438
101.15076679899994,-20.84843158456112,3.1394069798037165,-14.908004760742188,-1.3264476636003977,-2.4250964246172244,-0.11060600727796555,-85.65161895751953
101.20307918100025,-20.852372943922976,2.981361497991516,-14.914642333984375,0.1580180525779724,-2.3277194499969482,-0.10217977315187454,-85.36901092529297
101.25012703099992,-20.852914926571632,2.837275493815797,-14.914703369140625,0.17764557898044586,-2.339669704437256,-0.116042859852314,-85.1383285522461
101.3009117470001,-20.878851308447704,2.761585935697492,-14.913436889648438,0.19074200093746185,-2.3362388610839844,-0.12436780333518982,-84.71654510498047
101.35097057300027,-20.904621174738708,2.685411961334583,-14.912887573242188,-0.7838555679103683,-2.436148865507737,-0.11981089413166046,-84.29742431640625
101.40052941000022,-20.890774618038837,2.5222206513719962,-14.912109375,0.25280889868736267,-2.33526611328125,-0.11175410449504852,-84.10920715332031
101.45059216400023,-20.905089350684285,2.4473560926233056,-14.912216186523438,-0.5067914835915647,-2.4148558518708607,-0.09255026280879974,-83.77837371826172
101.50022038599991,-20.894309100270004,2.301241282380218,-14.911087036132812,0.3276972472667694,-2.3381614685058594,-0.09136922657489777,-83.52877044677734
101.55069843699994,-20.891690673048,2.228563019214695,-14.908493041992188,0.33629149198532104,-2.3326611518859863,-0.08440079540014267,-83.3333969116211
101.60039555999992,-20.884814047370234,2.0642990346649635,-14.905380249023438,0.3999144434928894,-2.318279504776001,-0.11651401221752167,-82.91386413574219
101.65041186000008,-20.884012083323295,1.9931373201548537,-14.903121948242188,0.40140214562416077,-2.31587290763855,-0.1047312319278717,-82.6801528930664
101.70078411800023,-20.8732134352812,1.8524012815530977,-14.89862060546875,-0.4124516395550284,-2.413887417486384,-0.09033617377281189,-82.3270263671875
101.75058964900018,-20.87592962244637,1.7802518504632667,-14.896759033203125,0.4085155129432678,-2.309187173843384,-0.071137435734272,-82.06533813476562
101.80061178300002,-20.862843600548686,1.622003690629767,-14.88568115234375,-0.24827516682407402,-2.3989023451539175,-0.04020695760846138,-81.68843841552734
101.8502244880001,-20.864058777305118,1.550108017443927,-14.881576538085938,0.4325462281703949,-2.2969460487365723,-0.05154227837920189,-81.44207000732422
101.90017992599996,-20.854481992557137,1.406948210503277,-14.876800537109375,-0.46592483808442364,-2.4333648264303775,-0.06458510458469391,-81.07730865478516
101.95040476400027,-20.853846640997354,1.3343723366942228,-14.8751220703125,0.49882739782333374,-2.279677391052246,-0.05755448713898659,-80.83541107177734
102.0012355429999,-20.854207624110817,1.2615005504590142,-14.8731689453125,0.5084040760993958,-2.2707014083862305,-0.024366701021790504,-80.58235168457031
102.05070526100008,-20.829877012164467,1.1054189144565232,-14.867050170898438,0.46882501244544983,-2.2791123390197754,-0.0590752549469471,-80.30457305908203
102.1018987780003,-20.83256250330675,1.0336933398486643,-14.865097045898438,0.4555746614933014,-2.2853071689605713,-0.0890047624707222,-80.03195190429688
102.15076809500033,-20.81507099515051,0.8948316071020033,-14.864349365234375,-0.08944574606643951,-2.3836159000062596,-0.09305036813020706,-79.79398345947266
102.20189315100015,-20.82789490254646,0.8224966602261432,-14.864456176757812,-0.43568605210772127,-2.443945778345836,-0.08252185583114624,-79.43893432617188
102.25046883699997,-20.812585029217573,0.6670781076729453,-14.864578247070312,-1.4215308520890764,-2.624757238209311,-0.08262118697166443,-79.20060729980469
102.30038881700011,-20.834929577521642,0.5936826036618132,-14.861328125,0.30681586265563965,-2.289029836654663,-0.07646544277667999,-78.75592803955078
102.35114637700008,-20.822391241082254,0.4562587050310025,-14.857315063476562,0.34577280282974243,-2.2814314365386963,-0.08192602545022964,-78.55564880371094
102.40044837599999,-20.836567004916816,0.383706117301978,-14.855941772460938,0.3542705178260803,-2.279547691345215,-0.08979085087776184,-78.20902252197266
102.45114152700035,-20.816529079100057,0.2355105698467863,-14.85418701171875,0.3769510090351105,-2.270974636077881,-0.10649959743022919,-78.02095031738281
102.50063806600019,-20.82584982513593,0.16465772461885653,-14.855087280273438,-0.3614280036012152,-2.4263675641530975,-0.13551779091358185,-77.72369384765625
102.55118987800006,-20.81255535199323,0.03110489293518981,-14.854644775390625,0.42331138253211975,-2.2410686016082764,-0.15289397537708282,-77.48577117919922
102.60036727200031,-20.82690771408908,-0.040749781641489236,-14.85400390625,-0.3253918728804821,-2.410972339244478,-0.14307105541229248,-77.10704040527344
102.65024243300013,-20.799869787560837,-0.1909477113851894,-14.85455322265625,0.4817706346511841,-2.2346558570861816,-0.15057817101478577,-76.91329956054688
102.70097850399998,-20.800658435728813,-0.2608719917175586,-14.85504150390625,0.4721423089504242,-2.2289347648620605,-0.13744543492794037,-76.66244506835938
102.75100547300008,-20.81071340481498,-0.3336873568026615,-14.855758666992188,0.49994492530822754,-2.2257020473480225,-0.12448597699403763,-76.30509948730469
102.80036491300007,-20.789384263824587,-0.46917055843679023,-14.855606079101562,0.544295072555542,-2.216423511505127,-0.12924498319625854,-76.02556610107422
102.8504079090003,-20.793775033032063,-0.5584213659536372,-14.854904174804688,-0.34518917338679855,-2.44357811099018,-0.1115899384021759,-75.61802673339844
102.9001945340001,-20.766576547471097,-0.6944612720528607,-14.85345458984375,0.5724847912788391,-2.206744432449341,-0.10621427744626999,-75.37379455566406
102.95031799800017,-20.774205937072985,-0.7692822599668858,-14.850784301757812,-0.13368098235823478,-2.398213331986848,-0.09370338171720505,-74.9927978515625
103.00048250300006,-20.745169001295032,-0.9086110471251168,-14.848175048828125,0.5895637273788452,-2.209212064743042,-0.12095262855291367,-74.75748443603516
103.05068466000012,-20.750205527043192,-1.0014720987718375,-14.848098754882812,-0.3508659509449227,-2.481077283416739,-0.14228546619415283,-74.35704803466797
103.10047417500027,-20.72802857415192,-1.139670335194383,-14.848846435546875,0.6027311682701111,-2.221623420715332,-0.11617812514305115,-74.06888580322266
103.15099878699993,-20.73912341825832,-1.2160727356436283,-14.84906005859375,-0.23257503091711873,-2.461612848391261,-0.1106221005320549,-73.66593933105469
103.20027476399991,-20.71742912528297,-1.3576800838294911,-14.847198486328125,0.6011282801628113,-2.2254815101623535,-0.12031111866235733,-73.3672103881836
103.25066449499991,-20.71215002269771,-1.4494658230398798,-14.846786499023438,0.6159638166427612,-2.2318263053894043,-0.12735901772975922,-73.0807113647461
103.30037660000016,-20.699037831493236,-1.5973086125679234,-14.846145629882812,0.6081470251083374,-2.2537550926208496,-0.1441575288772583,-72.69480895996094
103.35065780800005,-20.697541539383792,-1.6738162134955417,-14.845352172851562,0.6096563339233398,-2.253175735473633,-0.1237415298819542,-72.44786834716797
103.40018502400017,-20.682509074242546,-1.8235485106059377,-14.845077514648438,-0.20891235749817127,-2.525467147518044,-0.12418042123317719,-72.10649108886719
103.45128389499996,-20.671686152638532,-1.9152919542985645,-14.84454345703125,0.6187692880630493,-2.255026340484619,-0.11130283027887344,-71.8777084350586
103.50032625299991,-20.68091481111951,-1.995059103715148,-14.844131469726562,-0.23585402081709694,-2.5450302390819943,-0.09556970000267029,-71.48143768310547
103.5507473900002,-20.653465644206744,-2.1396278226513568,-14.843460083007812,0.6038457155227661,-2.2677392959594727,-0.12296504527330399,-71.25801086425781
103.60078251999994,-20.658064406663417,-2.217289391817445,-14.842575073242188,-0.15329598730336746,-2.5227012133814353,-0.11751973628997803,-70.92111206054688
103.65064374200028,-20.62605474143275,-2.378680805873212,-14.841506958007812,0.6276423335075378,-2.2599334716796875,-0.11502940207719803,-70.67761993408203
103.70125793600027,-20.623416841553844,-2.4527922951703687,-14.841552734375,0.6300413012504578,-2.264007329940796,-0.10520881414413452,-70.4391860961914
103.75020077799991,-20.61439954995928,-2.6001355803767456,-14.84295654296875,0.6200420260429382,-2.267878770828247,-0.11593861132860184,-70.01779174804688
103.8006049720002,-20.613138791430856,-2.6759343463038725,-14.844390869140625,0.6189493536949158,-2.271132469177246,-0.11092272400856018,-69.77256774902344
103.85030620099997,-20.59696461864098,-2.84434232888373,-14.848007202148438,-0.2413841840012685,-2.5881014705841596,-0.09603961557149887,-69.36470031738281
103.90070647099992,-20.59445609123003,-2.9212472712454343,-14.849456787109375,0.5933650135993958,-2.267971992492676,-0.09967435151338577,-69.13591003417969
103.95084769200002,-20.57983901813835,-3.0713061589940516,-14.849563598632812,-0.3011821384238679,-2.597918419440085,-0.12803535163402557,-68.7535629272461
104.00026065600014,-20.576727744317406,-3.1479496621125147,-14.849746704101562,0.6170421242713928,-2.230344295501709,-0.12388816475868225,-68.49209594726562
104.05223901599993,-20.5738976068521,-3.224958473340938,-14.850631713867188,0.6231656074523926,-2.23162579536438,-0.1354278028011322,-68.22958374023438
104.10250741100026,-20.53950749338422,-3.3856853162238094,-14.853851318359375,0.6595267057418823,-2.2191460132598877,-0.13707758486270905,-67.9701156616211
104.15057889700029,-20.54340979246189,-3.4649789191698117,-14.85540771484375,-0.13999213691132506,-2.5488632276344934,-0.12593159079551697,-67.60746765136719
104.20105265600023,-20.512828477972946,-3.6072913946592973,-14.858810424804688,-0.13035482499830875,-2.5552436515685835,-0.12490539997816086,-67.36048889160156
104.25084786800016,-20.51572295997469,-3.6856367434919877,-14.861358642578125,0.7335666418075562,-2.200040578842163,-0.13051263988018036,-67.0085678100586
104.30093574700004,-20.48856501633126,-3.849613513374101,-14.8671875,-0.07559368463842897,-2.5442373349178915,-0.09960508346557617,-66.63263702392578
104.35054352900033,-20.477955070222063,-3.920111618965966,-14.870651245117188,0.7460946440696716,-2.189702272415161,-0.1025218740105629,-66.40522003173828
104.40200743600008,-20.442971661328325,-4.055985967591591,-14.876739501953125,0.7170944809913635,-2.180891513824463,-0.07533440738916397,-66.15451049804688
104.45089429200016,-20.438364921257367,-4.130498562436883,-14.8792724609375,-0.5091259872180842,-2.729115580770663,-0.07029770314693451,-65.86844635009766
104.50164336300031,-20.39122566919309,-4.285531668626901,-14.884140014648438,-0.07825902303841459,-2.5388607484177883,-0.0777120292186737,-65.65476989746094
104.55132317700009,-20.37435554551688,-4.356700015035116,-14.886810302734375,0.748623788356781,-2.1698174476623535,-0.093842513859272,-65.5108642578125
104.60068118100025,-20.371799257186975,-4.434694799617031,-14.888931274414062,-0.7346549099231778,-2.857164232206609,-0.09720221906900406,-65.15808868408203
104.65045523400022,-20.344758427752375,-4.580754424366003,-14.890655517578125,0.16665522196306237,-2.4202727259415,-0.06391607969999313,-64.67935943603516
104.70138899800031,-20.2889107774403,-4.733672508165732,-14.8922119140625,0.7392556071281433,-2.149885416030884,-0.07664482295513153,-64.46104431152344
104.75073591199998,-20.280709307794833,-4.809896383517411,-14.89208984375,0.05143245412558117,-2.4840939917831197,-0.0982770323753357,-64.1301040649414
104.80185741000014,-20.266583623808682,-4.8834532097060475,-14.892562866210938,0.7555171847343445,-2.1389896869659424,-0.09212786704301834,-63.885555267333984
104.85108332300024,-20.216818083364608,-5.0198479693464,-14.891616821289062,0.7506707906723022,-2.120007038116455,-0.04362064599990845,-63.61833190917969
104.90046615400024,-20.202590399727896,-5.113495500641271,-14.889556884765625,-0.341782956882972,-2.6677220286606693,-0.0203627310693264,-63.20555114746094
104.95154765000007,-20.148785072394002,-5.248304747751053,-14.885818481445312,0.8152112364768982,-2.0776970386505127,-0.015016846358776093,-62.93830490112305
105.00130075100014,-20.125980733332494,-5.31993927396059,-14.882980346679688,0.8560888171195984,-2.066159248352051,-0.03434423357248306,-62.69146728515625
105.05021902699991,-20.064278483185063,-5.454015253974369,-14.879043579101562,0.8962591290473938,-2.037621021270752,-0.028538376092910767,-62.43364334106445
105.10144373599996,-20.022486495272254,-5.536729842908228,-14.87713623046875,0.8687280416488647,-2.0359344482421875,-0.0344940610229969,-62.30261993408203
105.1514254130002,-19.957311002494407,-5.67284315544558,-14.877639770507812,0.9128875732421875,-2.032219171524048,-0.0800657868385315,-62.03264236450195
105.20334102400011,-19.93225793881023,-5.74445598892274,-14.879104614257812,0.9507879018783569,-2.0091986656188965,-0.10810559242963791,-61.81177520751953
105.25022569200019,-19.859842606789385,-5.8795906130033515,-14.880645751953125,0.9743204116821289,-1.9879757165908813,-0.11492770165205002,-61.584896087646484
105.30062086199996,-19.860140764947303,-5.988238447650945,-14.882339477539062,0.9643726348876953,-1.984192967414856,-0.11130650341510773,-60.866939544677734
105.35089629100003,-19.800194320083456,-6.129347764415584,-14.8839111328125,0.041723958223722546,-2.5060084909542213,-0.12812753021717072,-60.4434700012207
105.40034619700009,-19.77102604828048,-6.20080476870388,-14.884368896484375,1.0540088415145874,-1.926407814025879,-0.10912606865167618,-60.19707107543945
105.45048158200007,-19.701840453165126,-6.336423395272831,-14.885818481445312,0.42598630405804194,-2.286829084149299,-0.10626962780952454,-59.85880661010742
105.50113710000005,-19.652298696648018,-6.420976283253026,-14.885986328125,1.0742498636245728,-1.9053884744644165,-0.10717184841632843,-59.6624641418457
105.55096643900015,-19.626276718868297,-6.495807479501701,-14.887115478515625,0.41818297625316314,-2.295589484424459,-0.11550336331129074,-59.35563278198242
105.60024808700018,-19.55075066199507,-6.630387024483401,-14.890640258789062,1.0594061613082886,-1.902682900428772,-0.09822740405797958,-59.08661651611328
105.65023738400032,-19.531084846943813,-6.709430636946312,-14.893203735351562,0.2797666051673666,-2.380613628649288,-0.10400385409593582,-58.703575134277344
105.70047119900028,-19.443785003718915,-6.857971465813629,-14.898239135742188,1.0492863655090332,-1.8917315006256104,-0.03301459178328514,-58.490142822265625
105.75084413000013,-19.41780359338305,-6.932421633654874,-14.900604248046875,1.0751625299453735,-1.867699384689331,-0.02387516386806965,-58.23030471801758
105.80101985400006,-19.354896894026417,-7.073784644198852,-14.905914306640625,1.080191969871521,-1.8724582195281982,-0.00633904617279768,-57.86860275268555
105.85108107900032,-19.331730269067847,-7.148552401360194,-14.908096313476562,1.0631734132766724,-1.8719325065612793,-0.014114134013652802,-57.59970474243164
105.90033869700028,-19.257685759559433,-7.308116629002441,-14.907089233398438,0.3498806505336606,-2.323963535997419,-0.002944608684629202,-57.211570739746094
105.95055179300016,-19.232756863443484,-7.382369950721427,-14.906387329101562,1.0632102489471436,-1.8624286651611328,-0.007494680117815733,-56.952293395996094
106.0006098480003,-19.166273935981906,-7.526446161478641,-14.907882690429688,0.30159809704573093,-2.3512761768285695,-0.004997790791094303,-56.603057861328125
106.05111191000015,-19.13619066901455,-7.6010813122088345,-14.909286499023438,1.0734440088272095,-1.8360295295715332,0.0033921992871910334,-56.38077926635742
106.10120218800012,-19.057579281626168,-7.758998734892733,-14.913711547851562,0.4746705801547144,-2.238232197176792,-0.07192587107419968,-56.0491943359375
106.1508852930001,-19.027458063892958,-7.833858825198725,-14.916168212890625,1.121166467666626,-1.8106956481933594,-0.08676404505968094,-55.822879791259766
106.20147931800011,-18.99852936278968,-7.908579106124898,-14.918807983398438,1.1364569664001465,-1.8004733324050903,-0.06338198482990265,-55.59065246582031
106.2512458619999,-18.937890179735078,-8.056591590330315,-14.924423217773438,0.4319705376887727,-2.263054821425519,-0.05705925449728966,-55.19091796875
106.30017930500026,-18.914582895934227,-8.137188098725435,-14.9281005859375,1.123316764831543,-1.79525887966156,-0.061113808304071426,-54.90870666503906
106.35100073000012,-18.846802164409755,-8.30348394839434,-14.936904907226562,0.42700966539986474,-2.2727374222487535,-0.06187727302312851,-54.51873016357422
106.40063352000016,-18.825531083945194,-8.382349591701606,-14.941314697265625,1.15595543384552,-1.7577505111694336,-0.05843424052000046,-54.2231559753418
106.45102888400015,-18.773503215191905,-8.530037619543581,-14.949813842773438,0.28488696865186847,-2.3894100117718575,-0.06871792674064636,-53.80548095703125
106.50024230000008,-18.75097394000465,-8.605723246586859,-14.953353881835938,1.092078447341919,-1.7889453172683716,-0.05952909216284752,-53.55789566040039
106.55141011600017,-18.677762917993864,-8.759376000258765,-14.956893920898438,1.1108863353729248,-1.756259560585022,-0.07445277273654938,-53.26061248779297
106.60105568300014,-18.667317295064397,-8.842310391050557,-14.958984375,0.13636051761723356,-2.4844094935759067,-0.07403663545846939,-52.83312225341797
106.65110905700021,-18.60471440203486,-8.977876897585645,-14.968505859375,1.1193698644638062,-1.7324061393737793,-0.07860865443944931,-52.55971908569336
106.70024409100006,-18.58872690748332,-9.056545913468927,-14.973556518554688,0.3978146229230962,-2.2779404826658913,-0.062118083238601685,-52.199989318847656
106.75089618700031,-18.51498043316894,-9.202931799160492,-14.9842529296875,1.1009151935577393,-1.70695161819458,-0.04085559770464897,-51.9517936706543
106.8003815510001,-18.50020900654193,-9.283168537347493,-14.989669799804688,0.47434264446064445,-2.200337057914674,-0.03842409327626228,-51.57126998901367
106.85026469500008,-18.438377900763758,-9.414653876854272,-14.999099731445312,1.0850939750671387,-1.6841648817062378,-0.013480321504175663,-51.32402038574219
106.90041732000009,-18.413745619721713,-9.508951908626274,-15.004257202148438,0.2942166793199049,-2.3101571436131256,-0.037305910140275955,-50.916500091552734
106.95094307099998,-18.385726357095614,-9.576240231802176,-15.008468627929688,1.1080303192138672,-1.633660912513733,-0.03351067751646042,-50.72108840942383
107.00028980100024,-18.32863013083314,-9.706339044798664,-15.01519775390625,0.4321592863646533,-2.171926515280956,-0.029705524444580078,-50.3798828125
107.05107925600032,-18.30664645543976,-9.774607748499093,-15.018890380859375,0.5248663865772463,-2.099011069318351,-0.04656756669282913,-50.13528060913086
107.10024776399996,-18.24781572164506,-9.896987835729163,-15.0260009765625,1.0684689283370972,-1.6364575624465942,-0.03573957830667496,-49.897403717041016
107.15062147500021,-18.225087877997126,-9.986268516513832,-15.029342651367188,0.4359537614364606,-2.1681575893963623,-0.008424106985330582,-49.53523635864258
107.20030315000031,-18.162206104713665,-10.108486498011445,-15.03204345703125,1.11435866355896,-1.5714306831359863,0.0005143299931660295,-49.31224060058594
107.25084067700027,-18.148677544678694,-10.183728555878625,-15.033370971679688,0.499095210826192,-2.094435879282771,0.012420658022165298,-48.937721252441406
107.30070493700032,-18.08629589381604,-10.307487638133773,-15.03546142578125,1.1226316690444946,-1.556573510169983,0.021817326545715332,-48.677852630615234
107.35056703700002,-18.052766551113812,-10.388795940981073,-15.03692626953125,1.1406408548355103,-1.5391088724136353,0.027409415692090988,-48.42705535888672
107.40083591800021,-17.99591759679114,-10.51754817169076,-15.0408935546875,1.1768869161605835,-1.5103646516799927,0.044131454080343246,-48.02878952026367
107.450159084,-17.965761272109646,-10.581508150704792,-15.044631958007812,1.1856863498687744,-1.5129458904266357,0.02009267359972,-47.836063385009766
107.50085447300035,-17.90124049936213,-10.706142470056806,-15.053314208984375,0.6255809844607237,-2.0584552569734544,0.0008274339488707483,-47.51058578491211
107.55072999000004,-17.8585435704857,-10.78853698981385,-15.059585571289062,1.268684983253479,-1.4733482599258423,0.03854137659072876,-47.28659439086914
107.60049898000034,-17.790441860944075,-10.916844561124291,-15.065200805664062,0.5772091311064872,-2.114479162604664,0.08170313388109207,-46.92970275878906
107.65044248499999,-17.759964737467577,-10.98502134300546,-15.066543579101562,1.3151521682739258,-1.439716100692749,0.08859739452600479,-46.68548583984375
107.70085765300018,-17.7360380354553,-11.060844582650201,-15.067001342773438,0.7648563782628334,-1.9592382991639048,0.10288051515817642,-46.327274322509766
107.75104010900031,-17.648524660055994,-11.195545546807354,-15.066909790039062,1.3392215967178345,-1.4154950380325317,0.09470702707767487,-46.07539749145508
107.80040303900023,-17.61526352821675,-11.261103515589317,-15.067001342773438,1.3250383138656616,-1.4366686344146729,0.10452406853437424,-45.872825622558594
107.85054363200015,-17.54845218436094,-11.390430665330285,-15.066146850585938,1.3474847078323364,-1.4065929651260376,0.11189199984073639,-45.477447509765625
107.9009047720001,-17.517155681265816,-11.455719393435132,-15.065567016601562,1.3792251348495483,-1.3773133754730225,0.09309714287519455,-45.242454528808594
107.95021745000031,-17.42525775359593,-11.588008374099044,-15.066390991210938,0.9351316070237358,-1.8196696363754041,0.05710895359516144,-44.91377258300781
108.00033832700001,-17.393017575726137,-11.654000179374798,-15.0675048828125,1.417235255241394,-1.3447917699813843,0.036152392625808716,-44.63664627075195
108.05027142900008,-17.314129362422587,-11.776693582325546,-15.066497802734375,0.893979983468388,-1.885035132752114,0.0231464896351099,-44.286598205566406
108.10030726000014,-17.280773352725554,-11.844886046881644,-15.064376831054688,1.4224464893341064,-1.3471133708953857,0.03245951607823372,-44.00989532470703
108.15096115200004,-17.193294464036978,-11.981824088617481,-15.060760498046875,0.8799584741001045,-1.9295231228381577,0.020070359110832214,-43.67042922973633
108.20073055800003,-17.162176935742337,-12.05010684692022,-15.060699462890625,1.410690188407898,-1.375549554824829,0.04326027259230614,-43.417762756347656
108.25134941900023,-17.13117817911337,-12.117869631890645,-15.05999755859375,1.4198740720748901,-1.3682290315628052,0.057949360460042953,-43.158329010009766
108.30015626900013,-17.060697173679706,-12.245268989009425,-15.058151245117188,1.4634395837783813,-1.3152681589126587,0.06706014275550842,-42.74111557006836
108.35060495700009,-17.02671485109941,-12.312068337057156,-15.057113647460938,1.4735220670700073,-1.299858808517456,0.08130919188261032,-42.483612060546875
108.40009466099991,-16.938631643261242,-12.445031241143166,-15.053619384765625,0.9381853221501636,-1.8725614728769164,0.08972778171300888,-42.11039352416992
108.45066997599997,-16.902943948150714,-12.510325211348578,-15.052780151367188,1.4782493114471436,-1.2724393606185913,0.08249948918819427,-41.866390228271484
108.50086702499993,-16.824673607527295,-12.629512918991892,-15.0517578125,0.9111600170290854,-1.8996482444721403,0.08273488283157349,-41.50867462158203
108.550205689,-16.791097826564208,-12.694746482846565,-15.050857543945312,1.5250651836395264,-1.2101777791976929,0.07717952132225037,-41.22466278076172
108.60031419799998,-16.70167548797035,-12.830193967624938,-15.048171997070312,1.0733652320945488,-1.741652879099075,0.08804339915513992,-40.83013153076172
108.65110525099999,-16.664920324179025,-12.892109964594354,-15.047134399414062,1.583624243736267,-1.1579351425170898,0.075400210916996,-40.58761978149414
108.70125096099991,-16.56221807564658,-13.014508481437648,-15.050491333007812,1.6220921277999878,-1.1550681591033936,0.04327424615621567,-40.33373260498047
108.75047519200007,-16.54435977664856,-13.074777853490797,-15.051925659179688,1.620589017868042,-1.1678733825683594,0.04764357954263687,-39.951904296875
108.80068835200018,-16.442196270898123,-13.195066683054693,-15.054885864257812,1.6600170135498047,-1.1250685453414917,0.05139480531215668,-39.68634796142578
108.85100925300003,-16.411444926396623,-13.265137719996115,-15.05596923828125,1.1563891110801263,-1.7556654747180729,0.06040644645690918,-39.33425521850586
108.90123339799993,-16.321378549137314,-13.369064927174204,-15.057540893554688,1.6758469343185425,-1.1325984001159668,0.057184673845767975,-39.11433410644531
108.9515328550001,-16.28472341475581,-13.43769257809814,-15.064666748046875,1.3822132839144443,-1.513598739141431,0.03756960108876228,-38.81555938720703
109.00055227700022,-16.232028708028707,-13.514389810687444,-15.073928833007812,1.7406471967697144,-1.1082046031951904,-0.0019596051424741745,-38.546566009521484
109.0507635910003,-16.140753591937568,-13.627660401438662,-15.086990356445312,1.2471216837175783,-1.7109473219656819,0.02139861136674881,-38.22574996948242
109.10110790099998,-16.100635906752288,-13.693517344045652,-15.093658447265625,1.7342487573623657,-1.1122848987579346,0.04045843705534935,-37.99180603027344
109.1506091199999,-16.00935957164454,-13.808339956287426,-15.103012084960938,1.7255454063415527,-1.1171129941940308,0.06442578881978989,-37.72549057006836
109.20057482400034,-15.96155894620601,-13.89119232839003,-15.107803344726562,1.2865151551557619,-1.6795102170560463,0.058433033525943756,-37.38905715942383
109.25084318800009,-15.87026811171574,-14.004886711550302,-15.114639282226562,1.7101842164993286,-1.1273198127746582,0.03652331978082657,-37.15354919433594
109.30026568199992,-15.837893953294753,-14.077625390051612,-15.1177978515625,1.3518161116559344,-1.5928624726646146,0.05059773847460747,-36.788578033447266
109.35118262900005,-15.744893775959476,-14.191491501312722,-15.12591552734375,1.725658893585205,-1.1024277210235596,0.05343789979815483,-36.549747467041016
109.40038101300024,-15.699616687691492,-14.279335528683132,-15.130874633789062,1.0967586777203384,-1.9824792035086893,0.04040471091866493,-36.14009475708008
109.4506868960002,-15.606304890607209,-14.388358419796639,-15.137435913085938,1.7368431091308594,-1.0990173816680908,0.03493016958236694,-35.93242263793945
109.50088355000025,-15.560331109269583,-14.472148544734788,-15.140853881835938,1.2273083987157902,-1.8091589320962336,0.0440606027841568,-35.571773529052734
109.5504628650001,-15.482511539462845,-14.568611722957689,-15.145355224609375,1.2739602739714413,-1.737639294881683,0.013768811710178852,-35.328006744384766
109.6006965040001,-15.432545438097025,-14.644538168511033,-15.149185180664062,1.7363327741622925,-1.080180287361145,0.05144955962896347,-35.094032287597656
109.65042005600026,-15.352759779215514,-14.763758344993862,-15.151275634765625,1.1883399595716027,-1.8525494277752124,0.08622017502784729,-34.687042236328125
109.70044256000028,-15.313707650516053,-14.82477902474776,-15.1519775390625,1.7400524616241455,-1.0426759719848633,0.09547027945518494,-34.45456314086914
109.75021499600007,-15.281386169621909,-14.896040477075502,-15.152191162109375,1.2398139708946136,-1.787957284932234,0.10007841885089874,-34.07804870605469
109.80025244400031,-15.177223012642012,-15.008986901664976,-15.149948120117188,1.7972062826156616,-0.9801525473594666,0.14264394342899323,-33.79901885986328
109.85039947199994,-15.14066023158047,-15.075417255641296,-15.147354125976562,1.3555727136113194,-1.6522098903315696,0.1400829255580902,-33.44974136352539
109.90060489000007,-15.04473265562661,-15.174025118808299,-15.142044067382812,1.8296343088150024,-0.9484707713127136,0.10816044360399246,-33.18583297729492
109.9510922899999,-15.002258603257332,-15.231136427856732,-15.139602661132812,1.8457568883895874,-0.9264165759086609,0.12051714211702347,-32.918060302734375
110.00044621500001,-14.893725992325951,-15.3435998765313,-15.142837524414062,1.8918253183364868,-0.8779011368751526,0.11612629890441895,-32.56520080566406
110.05014994700014,-14.850542468511865,-15.401224418130758,-15.143753051757812,1.900328516960144,-0.8679643869400024,0.11205317825078964,-32.27487564086914
110.10059090799996,-14.75787019553394,-15.50508582393643,-15.145904541015625,1.4249800916174158,-1.6299087117408155,0.13725683093070984,-31.83165168762207
110.15086023100002,-14.71179027911711,-15.55660125476329,-15.146514892578125,1.912209391593933,-0.8302696943283081,0.1448991596698761,-31.60744285583496
110.20089057599989,-14.6039424872062,-15.66225116025264,-15.14501953125,1.5090812801310853,-1.4574721913190913,0.17457924783229828,-31.22348403930664
110.25100278500031,-14.560774109456652,-15.715757309720026,-15.143585205078125,1.9194246530532837,-0.8050102591514587,0.1564134806394577,-30.9818115234375
110.30036064500018,-14.464321933456361,-15.80773479595469,-15.140884399414062,1.5513683218397327,-1.4462361648828246,0.1408277153968811,-30.626102447509766
110.35103942400019,-14.417204552920241,-15.856305554834293,-15.140548706054688,1.9685946702957153,-0.7463274598121643,0.1648179590702057,-30.417768478393555
110.40039496899999,-14.370550136897684,-15.90597955916363,-15.139968872070312,1.9975922107696533,-0.7112892866134644,0.15225248038768768,-30.17818260192871
110.45047887700002,-14.25586780031248,-16.001260386502558,-15.1383056640625,1.5670935337887815,-1.4492967548493616,0.13628222048282623,-29.8170223236084
110.50031946200033,-14.211185238865028,-16.054130951364407,-15.141555786132812,2.0095345973968506,-0.699183464050293,0.12371224910020828,-29.55498504638672
110.55053933699992,-14.111784158942243,-16.144010215964116,-15.147003173828125,1.554040708841318,-1.5232438532384065,0.09995071589946747,-29.175899505615234
110.60169645800033,-14.065384809845357,-16.19531957901131,-15.150039672851562,1.237594856242188,-2.1264180905187637,0.07135152071714401,-28.893272399902344
110.65023638599996,-13.95407273992347,-16.298853437314698,-15.159530639648438,1.5531204906588991,-1.5721056825798216,0.10947488248348236,-28.48728370666504
110.70040266100023,-13.905027391371695,-16.346153375793083,-15.16131591796875,2.067096710205078,-0.6491447687149048,0.11793895810842514,-28.268383026123047
110.75085646000025,-13.802820970678958,-16.435811350951305,-15.161834716796875,1.7909433493534626,-1.1963953624536434,0.11832378059625626,-27.93394660949707
110.80083969299994,-13.75294976877105,-16.48391884551844,-15.160675048828125,2.0884199142456055,-0.6388072371482849,0.13979727029800415,-27.715124130249023
110.85123757200017,-13.62765792522837,-16.565350700175646,-15.157608032226562,2.0902774333953857,-0.5980432033538818,0.16230270266532898,-27.52494239807129
110.90032434500017,-13.5821421107721,-16.619933371179382,-15.156051635742188,2.100815534591675,-0.566896378993988,0.17916694283485413,-27.192445755004883
110.95096248600021,-13.471465411048623,-16.690676602961656,-15.151580810546875,2.130631446838379,-0.5270262956619263,0.16490595042705536,-26.948368072509766
111.00107376000005,-13.42903010769683,-16.74844711039616,-15.15179443359375,1.7475244101277472,-1.3153707326982458,0.1567065715789795,-26.580142974853516
111.05039708899994,-13.308074483973824,-16.832341274089814,-15.150375366210938,2.153316020965576,-0.5455348491668701,0.14975011348724365,-26.303508758544922
111.10036296199996,-13.262704813590176,-16.888889629366506,-15.149139404296875,1.731382035933843,-1.4004808305872092,0.1442756950855255,-25.935142517089844
111.15086707799992,-13.154178098797445,-16.969128843420258,-15.144561767578125,2.143479108810425,-0.5793406367301941,0.13654184341430664,-25.683242797851562
111.20029443000021,-13.106007936904675,-17.023441322905754,-15.142288208007812,1.8749265508995776,-1.1528595571657192,0.11775730550289154,-25.356172561645508
111.25055954100026,-13.040489326156855,-17.080966544774565,-15.141357421875,2.168250560760498,-0.5571110248565674,0.11371853947639465,-25.0917911529541
111.3005998210001,-12.931284711715039,-17.166345764700043,-15.14263916015625,2.1830132007598877,-0.5429812669754028,0.11507545411586761,-24.764141082763672
111.35030623900002,-12.882205773566357,-17.222768390850554,-15.143157958984375,2.184936285018921,-0.5601211190223694,0.10182031989097595,-24.40839385986328
111.40038093000021,-12.775664039255847,-17.303391927048942,-15.146240234375,2.1949124336242676,-0.5523200631141663,0.09384958446025848,-24.162399291992188
111.45067558100027,-12.718336819591883,-17.37623947997531,-15.148452758789062,1.7020892153017217,-1.6729773430660797,0.07466614991426468,-23.688451766967773
111.50095714999998,-12.606193186789442,-17.44865515159674,-15.150924682617188,2.221388578414917,-0.5033323168754578,0.09023764729499817,-23.470062255859375
111.55115523299992,-12.558895998615808,-17.50630788773486,-15.152114868164062,1.879345859819774,-1.325494668496146,0.07699082791805267,-23.096498489379883
111.60035997800014,-12.444199468041441,-17.578277804331638,-15.154495239257812,2.21999192237854,-0.5400709509849548,0.06949086487293243,-22.861539840698242
111.65114354100024,-12.381399991266266,-17.639759563214284,-15.158660888671875,1.936972689750898,-1.192008842036329,0.10396736115217209,-22.541290283203125
111.70192336700029,-12.266966251175093,-17.708106187825656,-15.16082763671875,2.2205638885498047,-0.5035465359687805,0.12584368884563446,-22.342100143432617
111.750959728,-12.215399717990623,-17.756236705620385,-15.162109375,2.22672963142395,-0.5113422870635986,0.11913937330245972,-22.068082809448242
111.80106378500022,-12.107179322841443,-17.841808636988052,-15.16424560546875,2.2363030910491943,-0.5132845640182495,0.11839717626571655,-21.668291091918945
111.85008711799992,-12.036593921164553,-17.891605314848658,-15.164779663085938,2.2529938220977783,-0.4805591106414795,0.11737676709890366,-21.426727294921875
111.90111899200019,-11.925173989922794,-17.97861617461447,-15.163619995117188,1.991768362436948,-1.2011985831566654,0.12905031442642212,-21.102418899536133
111.95088695899994,-11.868571573775943,-18.022596717722305,-15.162109375,2.266446828842163,-0.49714431166648865,0.14919699728488922,-20.922264099121094
112.00052556500032,-11.817016951054306,-18.082224341239737,-15.160247802734375,1.9793692787994557,-1.320886376663685,0.12477626651525497,-20.524389266967773
112.05027629899996,-11.679980759871192,-18.156580917771503,-15.154891967773438,2.3091604709625244,-0.4345933496952057,0.13861533999443054,-20.31231689453125
112.10098043900007,-11.62566445891762,-18.210274850481962,-15.152145385742188,2.027096365339441,-1.2282601090104488,0.14876334369182587,-19.930240631103516
112.15038733000029,-11.49983004992334,-18.270066862314508,-15.148910522460938,2.34266996383667,-0.3458649218082428,0.16563744843006134,-19.73306655883789
112.20104282200009,-11.441425796656429,-18.31249988988368,-15.147109985351562,2.337512254714966,-0.35804933309555054,0.16811639070510864,-19.477519989013672
112.2501143630002,-11.302840331263495,-18.390815429992855,-15.144058227539062,2.350768566131592,-0.3174990117549896,0.17485494911670685,-19.088529586791992
112.3007333710002,-11.243077020533228,-18.42890661458385,-15.145065307617188,2.355050563812256,-0.33063775300979614,0.14358599483966827,-18.887556076049805
112.35035954900013,-11.119712988191754,-18.498391522769932,-15.146881103515625,2.093614507176389,-1.0854152621471735,0.15095047652721405,-18.520978927612305
112.40060996700004,-11.061121443618884,-18.54014925079217,-15.148895263671875,2.36431884765625,-0.3057907521724701,0.12255679816007614,-18.28749656677246
112.4501188510003,-10.922055322191913,-18.618637116680862,-15.154525756835938,2.0805687526138943,-1.2041677214036448,0.10955376923084259,-17.937213897705078
112.50063573500029,-10.862401270296747,-18.662733417070797,-15.156112670898438,2.3777449131011963,-0.27709245681762695,0.11065222322940826,-17.636377334594727
112.5503022580001,-10.804525682093875,-18.704252815712962,-15.159393310546875,2.379117965698242,-0.2678905427455902,0.10823771357536316,-17.37790298461914
112.60061719800024,-10.68105622041881,-18.7701568223818,-15.164154052734375,2.391533136367798,-0.22313223779201508,0.11505743861198425,-17.0035457611084
112.65110739200009,-10.619813225741353,-18.806701433932407,-15.165557861328125,2.4052250385284424,-0.2307870090007782,0.10349384695291519,-16.760953903198242
112.70079081600034,-10.48010274706994,-18.8797656152599,-15.167236328125,2.133674377856261,-1.160765773261024,0.12418989837169647,-16.335948944091797
112.7505912659999,-10.417013375408061,-18.91371116025335,-15.167266845703125,2.4347946643829346,-0.16560131311416626,0.10938217490911484,-16.093027114868164
112.80028538400029,-10.291559826418851,-18.971969384349176,-15.166717529296875,2.201318219268227,-0.9750126999490357,0.13213971257209778,-15.711653709411621
112.85117249399991,-10.22978536126331,-19.00457061747153,-15.1649169921875,2.4376847743988037,-0.1130661815404892,0.1489618867635727,-15.461202621459961
112.90114360799998,-10.084967807860284,-19.05645107567272,-15.161087036132812,2.2036346312915844,-0.9589438874704529,0.1256576031446457,-15.110921859741211
112.9507370350002,-10.023871141633592,-19.086540718350626,-15.159637451171875,2.4434256553649902,-0.06603135913610458,0.15174300968647003,-14.859554290771484
113.00036147300034,-9.892868159833338,-19.123220352940393,-15.153839111328125,2.445253610610962,-0.025555074214935303,0.16965079307556152,-14.581104278564453
113.05020764400024,-9.836364539226516,-19.16463010219039,-15.152389526367188,2.4416210651397705,-0.025692712515592575,0.1608358770608902,-14.197921752929688
113.10107380699992,-9.691403679569182,-19.20323870104369,-15.147933959960938,2.4593095779418945,0.00023272295948117971,0.1459357589483261,-13.931636810302734
113.15098665400001,-9.630758359754779,-19.24121061492685,-15.145523071289062,2.321531806483965,-0.5875004556396434,0.1424996703863144,-13.567513465881348
113.20023702100025,-9.501047990708617,-19.27692736141767,-15.137893676757812,2.476778030395508,0.03828679770231247,0.13527895510196686,-13.345297813415527
113.25022726199995,-9.438983685594105,-19.31416787025139,-15.13421630859375,2.261631198475535,-0.9209405239638276,0.1257065236568451,-12.987682342529297
113.30083258800005,-9.293005949003696,-19.3540058258364,-15.126480102539062,2.4899237155914307,0.10418317466974258,0.13229216635227203,-12.716991424560547
113.35029264100012,-9.232272570871295,-19.38987576709625,-15.122283935546875,2.324353575881047,-0.6424231104902617,0.14585067331790924,-12.369433403015137
113.40183794800032,-9.168236670463228,-19.415693851067356,-15.11810302734375,2.487081289291382,0.10851799696683884,0.13515633344650269,-12.124907493591309
113.45079032500007,-9.037352257667605,-19.4519708676996,-15.1114501953125,2.488420009613037,0.1300247609615326,0.12539081275463104,-11.926787376403809
113.50038110800006,-8.957541189309048,-19.494664185884773,-15.1080322265625,2.5131142139434814,0.10932555794715881,0.08868621289730072,-11.542837142944336
113.55091116600033,-8.824831141129572,-19.535654313964223,-15.10247802734375,2.530691385269165,0.16970738768577576,0.10071162134408951,-11.242541313171387
113.60046549000026,-8.762013683761012,-19.572236066830094,-15.099655151367188,2.377889784084531,-0.6540530508535268,0.09207630157470703,-10.905990600585938
113.65041255599999,-8.625687177341968,-19.602383537450898,-15.094314575195312,2.530573844909668,0.19055485725402832,0.0887485221028328,-10.68802547454834
113.70039794800005,-8.546057805551694,-19.64346094353204,-15.090667724609375,2.3874784697778684,-0.5679753471069967,0.08745305240154266,-10.335409164428711
113.75027264800019,-8.409081387760605,-19.67626708010297,-15.084686279296875,2.5175106525421143,0.14473463594913483,0.08985830098390579,-10.12923812866211
113.80008214500003,-8.328997521030402,-19.720943064739075,-15.080657958984375,2.3735010636129075,-0.7248194243240512,0.09125819802284241,-9.752032279968262
113.85027871800003,-8.21269218749412,-19.75710277545285,-15.073074340820312,2.5096099376678467,0.13618700206279755,0.12588952481746674,-9.530797958374023
113.90119548200028,-8.12863152774916,-19.789215129741223,-15.0679931640625,2.512660264968872,0.13810226321220398,0.1104453057050705,-9.273075103759766
113.95036355999991,-7.996379960959871,-19.842371677100576,-15.064132690429688,2.5132455825805664,0.16052250564098358,0.0926075205206871,-8.922956466674805
114.00017676800007,-7.92944929602723,-19.872421095901995,-15.06304931640625,2.5224173069000244,0.1670195609331131,0.08299604803323746,-8.686776161193848
114.05106423400002,-7.7948438149006,-19.9300776903453,-15.06439208984375,2.3985772471441593,-0.7800225126821883,0.02638884447515011,-8.28777027130127
114.10041814400029,-7.710701826434302,-19.968015145980477,-15.066146850585938,2.5382819175720215,0.17834845185279846,0.0503125861287117,-8.039539337158203
114.15074613300021,-7.643489345958028,-20.010335695895407,-15.067672729492188,2.4563930355491754,-0.5661439740909459,0.003787699155509472,-7.674777507781982
114.20061079800007,-7.50383103272403,-20.06124329347042,-15.0723876953125,2.5622942447662354,0.17694014310836792,-0.010114182718098164,-7.3849897384643555
114.2508204640003,-7.435732213619214,-20.10220382021368,-15.074111938476562,2.4569620874395026,-0.6636223209401646,-0.00739034591242671,-7.057160377502441
114.30093079800008,-7.275867759842729,-20.1541611453328,-15.0772705078125,2.556706666946411,0.11416740715503693,-0.030471021309494972,-6.788956165313721
114.35108068399995,-7.207858022186191,-20.19348513971262,-15.076309204101562,2.5429108142852783,0.11095564067363739,-0.00013041526835877448,-6.540403842926025
114.40015851099997,-7.067969779472375,-20.256524929166808,-15.073837280273438,2.5353827476501465,0.09878198802471161,0.010205338709056377,-6.170303821563721
114.45105697899999,-7.0018868870465525,-20.293326530759806,-15.072463989257812,2.5333759784698486,0.10159952193498611,-0.004688664339482784,-5.941155910491943
114.50032277800028,-6.849853636292696,-20.359929163965596,-15.07110595703125,2.449886003771203,-0.7877124183110731,-0.03368275240063667,-5.539757251739502
114.55098048700029,-6.781032409867351,-20.395324311931393,-15.071029663085938,2.5317957401275635,0.18048009276390076,-0.011282224208116531,-5.249719142913818
114.60063150900032,-6.649716065654806,-20.452339766329324,-15.069046020507812,2.454993776049131,-0.6289669681841868,0.06064051762223244,-4.863001346588135
114.65079945100024,-6.582590161499804,-20.483833602201138,-15.0667724609375,2.5210351943969727,0.2683488428592682,0.05994297191500664,-4.595004558563232
114.7005831649999,-6.433745467589541,-20.53186502333725,-15.062225341796875,2.465328016044831,-0.45918361971321986,0.06567390263080597,-4.24477481842041
114.75019137500021,-6.367682125450706,-20.56079005931707,-15.059890747070312,2.5143167972564697,0.3186609447002411,0.08308619260787964,-3.9775664806365967
114.80029163300014,-6.300165897951096,-20.587815379899425,-15.057174682617188,2.511960744857788,0.3271557688713074,0.08353719115257263,-3.7089991569519043
114.85035889100027,-6.165485422611129,-20.631248726922017,-15.050811767578125,2.4953763484954834,0.39450803399086,0.07274704426527023,-3.3378803730010986
114.90066230499997,-6.0971076219484175,-20.653506464872073,-15.048126220703125,2.5009727478027344,0.3791435956954956,0.05006768926978111,-3.133009433746338
114.95032296699992,-5.942090462231572,-20.695375896059783,-15.044891357421875,2.4526567666125425,-0.5609084003687682,0.05203624814748764,-2.784245014190674
115.00056900800018,-5.874774111009233,-20.72275456959638,-15.04473876953125,2.4915385246276855,0.3192463219165802,0.0436958372592926,-2.568474769592285
115.05034131799994,-5.735850890170746,-20.76247162149808,-15.045059204101562,2.4636198506530484,-0.3832217553371712,0.028140956535935402,-2.233245611190796
115.10049559100025,-5.669375511226089,-20.794093988722985,-15.04534912109375,2.4875972270965576,0.3478673994541168,0.02212854102253914,-1.992457389831543
115.15054488500027,-5.514930339078185,-20.840103080456576,-15.045150756835938,2.462941616402951,-0.292376972004206,0.03993116319179535,-1.6764886379241943
115.20099353700016,-5.445666270233726,-20.868817832048617,-15.044723510742188,2.4738714694976807,0.32584136724472046,0.0671306774020195,-1.4262522459030151
115.25049415100011,-5.30831600652037,-20.914931848331406,-15.046478271484375,2.46258185211017,-0.47827017570897623,0.049407362937927246,-1.0759373903274536
115.30025541100031,-5.238204814860399,-20.942572712977025,-15.046630859375,2.4676408767700195,0.31229346990585327,0.06427318602800369,-0.8242505788803101
115.35057109099989,-5.079304697764403,-20.97917231744817,-15.047454833984375,2.459078550338745,0.34628134965896606,0.06748872995376587,-0.5969956517219543
115.40063267000005,-5.007963940338273,-21.020683123061907,-15.04779052734375,2.451585457213461,-0.5388230713500654,0.07333838939666748,-0.1896301507949829
115.45025369099994,-4.865872018219935,-21.049901675851437,-15.046783447265625,2.4597010612487793,0.3843683898448944,0.06698404252529144,0.04499947279691696
115.50099688099999,-4.795885608206573,-21.083865785387854,-15.046340942382812,2.4679934119235747,-0.47906831495246327,0.060930151492357254,0.4033850133419037
115.55108948900033,-4.634407938208928,-21.10249302566533,-15.045791625976562,2.4662883281707764,0.3912001848220825,0.04021691903471947,0.6233815550804138
115.60069236800018,-4.564258122118404,-21.137166309915916,-15.047454833984375,2.4730076311104034,-0.44804459918689055,0.037239838391542435,0.9614658355712891
115.65073955900016,-4.493271176190403,-21.15720357782823,-15.04901123046875,2.452223300933838,0.4108944237232208,0.05164129659533501,1.15585458278656
115.70057948300018,-4.349485082264981,-21.181069789034805,-15.050552368164062,2.451594352722168,0.4319785237312317,0.07288604974746704,1.4016884565353394
115.75022497300006,-4.261157914632183,-21.22108026234597,-15.052200317382812,2.4746104604764527,-0.37124294390024126,0.061754241585731506,1.8008595705032349
115.80106161899994,-4.11709375468862,-21.24628120252924,-15.05511474609375,2.452540397644043,0.4938149154186249,0.04589042067527771,2.0738420486450195
115.85071360300026,-4.045529975587908,-21.278420117554106,-15.05694580078125,2.4924818857829925,-0.5929846075653902,0.03752395883202553,2.436638355255127
115.90054117399995,-3.9055063046774805,-21.30276656056093,-15.062362670898438,2.4504635334014893,0.48408961296081543,0.021609019488096237,2.7020161151885986
115.95040194000012,-3.814791061741677,-21.335599283870994,-15.065048217773438,2.5097487607721325,-0.5071121161502259,0.012544327415525913,3.123821973800659
116.000232891,-3.6720896497912836,-21.34884670047358,-15.067901611328125,2.4413554668426514,0.5356072783470154,0.051653556525707245,3.377755641937256
116.05040805199997,-3.59875664931008,-21.370986320294996,-15.068008422851562,2.4909502827172596,-0.31139246062711645,0.06538710743188858,3.7078213691711426
116.1009905410001,-3.4554869749490216,-21.382934445207688,-15.067123413085938,2.4453072547912598,0.5415277481079102,0.04791286960244179,3.9783647060394287
116.15064858999995,-3.365890472875588,-21.39324904195918,-15.066650390625,2.4421451091766357,0.545197069644928,0.0456986241042614,4.18709659576416
116.20026784900028,-3.220313351930831,-21.40980003562295,-15.064300537109375,2.5114174994914404,-0.22930466573441666,0.054192543029785156,4.585431098937988
116.25069233900012,-3.1487684814335752,-21.424942265447655,-15.062728881835938,2.4500176906585693,0.6208934187889099,0.0502767413854599,4.869087219238281
116.30011050800022,-3.003849131864926,-21.433828243191698,-15.059982299804688,2.5192018980257873,-0.2217249983920605,0.04419638216495514,5.265801906585693
116.35030231600012,-2.9135080674927893,-21.439737789461667,-15.058364868164062,2.427993059158325,0.7019751071929932,0.054544221609830856,5.524622917175293
116.40056744499998,-2.8404675711538445,-21.462222546355893,-15.057510375976562,2.5086986579972743,-0.06098475610000542,0.05296603962779045,5.92391300201416
116.45022286700032,-2.695779520981433,-21.455193656766628,-15.055923461914062,2.4346015453338623,0.7672922015190125,0.03797343745827675,6.192431449890137
116.5007253419999,-2.6209444435392406,-21.464119633325275,-15.054153442382812,2.4282946586608887,0.7717015147209167,0.0227111354470253,6.470059871673584
116.55063764400029,-2.4530224446478766,-21.457882985163856,-15.050796508789062,2.4084959030151367,0.8166981339454651,0.010491017252206802,6.830853462219238
116.6011351279999,-2.377018047129056,-21.457247476074844,-15.0491943359375,2.4148685932159424,0.8362513184547424,0.024606972932815552,7.053892135620117
116.65046363600004,-2.224032463978686,-21.44441229392886,-15.031463623046875,2.5168885985501723,0.06335944847666275,0.04615543782711029,7.357951641082764
116.70017873500001,-2.145895319929342,-21.4445037381699,-15.023300170898438,2.4023947715759277,0.8661175966262817,0.04417527839541435,7.604691982269287
116.75041399800011,-1.9736658166330319,-21.430058484052275,-15.004776000976562,2.505011798433469,0.1372130847965265,0.031237244606018066,7.9924421310424805
116.8003431709999,-1.8959314492514299,-21.42726085876555,-14.99761962890625,2.410183906555176,0.8531883358955383,0.033295515924692154,8.206283569335938
116.8509365130003,-1.7392709366322574,-21.420456555123764,-14.9859619140625,2.59276713140739,-0.29360173900818887,0.014041678979992867,8.585795402526855
116.90074296000012,-1.6600624239767754,-21.42500536231168,-14.980667114257812,2.4261322021484375,0.7953981757164001,0.01620403304696083,8.815305709838867
116.95022211200012,-1.4824013785979284,-21.419135630048913,-14.969970703125,2.6072834682124224,-0.3312645384291235,0.013113865628838539,9.195656776428223
117.00115629600032,-1.4036605140043354,-21.423626804541954,-14.966629028320312,2.4147415161132812,0.8027902841567993,0.02058851718902588,9.431044578552246
117.05078210200008,-1.325030991060605,-21.42953372262369,-14.964126586914062,2.406454563140869,0.7960706949234009,-0.013395448215305805,9.684181213378906
117.10080226900027,-1.1680692745363315,-21.427598831305907,-14.960723876953125,2.582504603694985,-0.13018220341091968,-0.016426943242549896,10.067801475524902
117.15095932900022,-1.0870293767785402,-21.434473960818856,-14.957550048828125,2.4118854999542236,0.7809268236160278,-0.006642528343945742,10.33310604095459
117.20061069300027,-0.9082328240691062,-21.42342106038951,-14.950515747070312,2.5613896637299316,-0.03275126858900823,0.002823437564074993,10.691540718078613
117.25073294999993,-0.8271222176937671,-21.423907696981995,-14.947311401367188,2.4108595848083496,0.814193069934845,-0.0108870230615139,10.932039260864258
117.300736529,-0.6663454993825582,-21.41397831325171,-14.940536499023438,2.6146870898958263,-0.2043891712675312,-0.02608770690858364,11.32315444946289
117.35080510000034,-0.5845437962184912,-21.41318447692964,-14.938079833984375,2.4065053462982178,0.8387479782104492,-0.02754165418446064,11.577553749084473
117.40107787900024,-0.40910462492446165,-21.385156449991683,-14.933914184570312,2.390015125274658,0.8565031290054321,-0.020295051857829094,11.8726167678833
117.45111244400005,-0.3270906289386337,-21.393412938675016,-14.9329833984375,2.5720880159833888,-0.0025686384355735337,-0.017742300406098366,12.262897491455078
117.50081426499992,-0.1732263232392528,-21.36455362279741,-14.927200317382812,2.388873815536499,0.8688144683837891,-0.0220075361430645,12.49979019165039
117.55022502100019,-0.09226586725579011,-21.371708245258564,-14.92218017578125,2.6233180553682334,-0.15947222450874543,-0.0247904434800148,12.857230186462402
117.60107629100003,0.07871854664910494,-21.330114141247503,-14.913619995117188,2.3805363178253174,0.8832975625991821,-0.06624995917081833,13.009358406066895
117.65072891499995,0.1582572730006815,-21.335236031425566,-14.912185668945312,2.5317598403785286,0.18206591127844085,-0.05874001607298851,13.343791007995605
117.70066763500017,0.23577379063570536,-21.3298771931117,-14.911331176757812,2.34785532951355,0.9071018099784851,-0.057694874703884125,13.565478324890137
117.75098426800014,0.3895328888747569,-21.310718320178452,-14.910324096679688,2.5874192254251,-0.03212351105042299,-0.07864318042993546,13.941421508789062
117.80099552699994,0.48455956414364554,-21.30323574310227,-14.907943725585938,2.3536479473114014,0.8709906935691833,-0.08326724171638489,14.194459915161133
117.85038346200008,0.6343841576480065,-21.274453987913464,-14.906585693359375,2.3540124893188477,0.8797943592071533,-0.11271597445011139,14.409281730651855
117.90036610700008,0.7140057613676092,-21.28020318517311,-14.906997680664062,2.5259519401896093,0.17415419573966306,-0.08715702593326569,14.751614570617676
117.95114442400018,0.8636762758095271,-21.256377855685436,-14.909408569335938,2.3346402645111084,0.8902707695960999,-0.09339103102684021,15.005526542663574
118.00021147000007,0.9634821185011049,-21.26081106281753,-14.910781860351562,2.5615698467382995,0.07968848867692768,-0.0892479345202446,15.416338920593262
118.05109696,1.1138702410182866,-21.22905201004521,-14.915390014648438,2.3226633071899414,0.9110426306724548,-0.09571423381567001,15.651723861694336
118.10117340900024,1.196222572002,-21.235820577729857,-14.9176025390625,2.522620600676298,0.22358663136930845,-0.09939547628164291,16.050235748291016
118.15105125400032,1.3483865821345198,-21.20340814247266,-14.921798706054688,2.3127591609954834,0.9249270558357239,-0.11984872072935104,16.300945281982422
118.20026444900031,1.4486470720204485,-21.199806300673014,-14.924911499023438,2.7083935323113426,-0.42136780302856924,-0.12421432882547379,16.66743278503418
118.25035343200034,1.5993056756177229,-21.163443098976916,-14.93017578125,2.295506000518799,0.9381274580955505,-0.12804248929023743,16.90093421936035
118.30056527900024,1.6752592269613489,-21.1591892156499,-14.931900024414062,2.292644500732422,0.9348903298377991,-0.1561194360256195,17.15850257873535
118.350675744,1.8254140966355896,-21.140601708280244,-14.935073852539062,2.4766403815974174,0.2891412210729908,-0.10399316251277924,17.58505630493164
118.40079188500022,1.9174732216150918,-21.12628007851045,-14.935653686523438,2.257476806640625,0.9866271018981934,-0.11485683917999268,17.851961135864258
118.45024845200032,2.0601091878635938,-21.09737185235867,-14.934906005859375,2.518813922002359,0.1436889428934719,-0.12169340252876282,18.227027893066406
118.50017936199993,2.1344997355460382,-21.089437734994352,-14.9351806640625,2.2397947311401367,0.9561895132064819,-0.11401243507862091,18.491657257080078
118.55037684800027,2.211949295128859,-21.0934046226836,-14.933090209960938,2.5295668003098015,0.11746586891308752,-0.12769468128681183,18.902191162109375
118.60080027699996,2.364518956011354,-21.03926432876011,-14.925765991210938,2.1812357902526855,1.005998969078064,-0.05587959289550781,19.100086212158203
118.65030852000018,2.4407195656633602,-21.037153763508762,-14.923080444335938,2.4915234539773854,0.1500912527009839,-0.08096514642238617,19.46345329284668
118.70042106100027,2.580839252888059,-20.99444912578741,-14.912750244140625,2.181993246078491,1.0088297128677368,-0.0877828374505043,19.69734764099121
118.75055409800007,2.65503914539934,-20.982948972923698,-14.90875244140625,2.176546096801758,1.0075763463974,-0.07471634447574615,19.933656692504883
118.80021462400009,2.8117429148691224,-20.938742965592176,-14.901824951171875,2.420831275995082,0.2875932445843571,-0.0907278060913086,20.25327491760254
118.85022159000027,2.883808011899956,-20.92673866922775,-14.899749755859375,2.1534576416015625,0.9824665784835815,-0.08009328693151474,20.492517471313477
118.90089258300031,3.021427680038223,-20.883017223004156,-14.894256591796875,2.3467582669460976,0.44435352840008513,-0.06596028804779053,20.763898849487305
118.95047435100014,3.0926690354587354,-20.866666638383798,-14.889129638671875,2.120504856109619,1.0114747285842896,-0.06184057891368866,21.003999710083008
119.00113129800002,3.166953394621526,-20.85714819017475,-14.885086059570312,2.7206373775155703,-0.5023365199860714,-0.09865094721317291,21.334259033203125
119.05120680900018,3.3200222198433718,-20.79015167455992,-14.878646850585938,2.36496992211049,0.3743898492352312,-0.10866791009902954,21.552560806274414
119.10298499600003,3.3943795841701503,-20.77155766213798,-14.875518798828125,2.399457555775581,0.3209852049061185,-0.12640097737312317,21.80237579345703
119.15069975699998,3.536842347311447,-20.716205576079027,-14.872360229492188,2.6051081779515295,-0.1564952409034115,-0.1449485719203949,22.068998336791992
119.20157359800032,3.6076784033377365,-20.695729099019033,-14.872360229492188,2.3620113426343234,0.4251562715182454,-0.13616116344928741,22.288232803344727
119.2513495359999,3.7585251407771016,-20.628175768345386,-14.873458862304688,2.3401600872792994,0.4599989532459289,-0.13527654111385345,22.525253295898438
119.30375700600007,3.829818825561852,-20.609392834122378,-14.873092651367188,2.381604495382525,0.3469585786918411,-0.11237656325101852,22.781661987304688
119.35087655200005,3.9595072668255353,-20.549412353624064,-14.867111206054688,2.414996281119868,0.27483465948721497,-0.10051899403333664,23.071182250976562
119.40126864400008,4.025302081648665,-20.51993926725179,-14.86468505859375,2.2980283896333678,0.5438607388366294,-0.07360194623470306,23.211910247802734
119.45033365000018,4.17024068898988,-20.446903312281766,-14.8587646484375,2.0505683422088623,1.1117738485336304,-0.09861806780099869,23.437578201293945
119.5026421120001,4.235979836328774,-20.41625205615233,-14.85772705078125,2.0429205894470215,1.1240681409835815,-0.09675769507884979,23.561580657958984
119.5507419720002,4.369277700557086,-20.364047000764614,-14.856124877929688,2.025613307952881,1.1246291399002075,-0.10526412725448608,23.926111221313477
119.60064347100024,4.4608953204942345,-20.39566550898616,-14.855545043945312,3.4009488245302197,-1.8419877405698855,-0.11482391506433487,24.833982467651367
119.6501525890003,4.608334880162662,-20.334286793050637,-14.856246948242188,2.044881582260132,1.0639508962631226,-0.10729485750198364,25.171443939208984
119.70026086000007,4.68031179350341,-20.323650200695432,-14.851058959960938,2.452230784643938,0.19768830108263336,-0.10268919169902802,25.556699752807617
119.75049750200014,4.80687983039319,-20.26257044371826,-14.843475341796875,2.0401880741119385,1.0515875816345215,-0.12731625139713287,25.79942512512207
119.80059712899993,4.878425259367265,-20.249332028568936,-14.841339111328125,2.3687329278171703,0.38142286413345694,-0.14429505169391632,26.11992645263672
119.85084723,4.959612472708941,-20.22123356955622,-14.839340209960938,2.046236991882324,1.0113309621810913,-0.15375062823295593,26.35195541381836
119.90058351100015,5.0858078638840905,-20.16572781669306,-14.839065551757812,2.0676016807556152,0.9849262237548828,-0.15980497002601624,26.564794540405273
119.95045613000002,5.157587050408834,-20.15531293363658,-14.838821411132812,2.4085264407170746,0.32257114793193786,-0.17059341073036194,26.891820907592773
120.00092937,5.286120151072382,-20.10433767843631,-14.838088989257812,2.0785624980926514,0.978961706161499,-0.16699707508087158,27.150278091430664
120.05022151499998,5.37727829118378,-20.09114991948264,-14.838546752929688,2.536899363142626,0.07675605849174438,-0.15728139877319336,27.538040161132812
120.10021093700016,5.508384058751968,-20.04082858725065,-14.839645385742188,2.079828977584839,0.9495083093643188,-0.15170660614967346,27.790842056274414
120.15060587800008,5.586138299702716,-20.037050147839444,-14.841232299804688,2.551832646718186,0.06792157124358966,-0.16988970339298248,28.19083595275879
120.20076160200006,5.716602223626411,-19.988537344735906,-14.839691162109375,2.0694010257720947,0.9397158026695251,-0.1733570396900177,28.43623161315918
120.25071542100022,5.805919431019056,-19.97551420748769,-14.836685180664062,2.4939601175178447,0.14865693808347547,-0.1763555109500885,28.81162452697754
120.30062982200025,5.935323376565791,-19.926618358216377,-14.833267211914062,2.07356333732605,0.9245384335517883,-0.1435680240392685,29.042030334472656
120.35028846100022,6.004916205206195,-19.910043212631834,-14.832046508789062,2.0690290927886963,0.9446963667869568,-0.14376035332679749,29.30829620361328
120.4002394879999,6.139706827519793,-19.866154730904633,-14.830490112304688,2.4342363324476874,0.28771639332792476,-0.12115957587957382,29.693140029907227
120.45082496100031,6.223558782201106,-19.837905796072338,-14.829025268554688,2.062445640563965,0.9477162957191467,-0.1405504196882248,29.935890197753906
120.50065690200017,6.357033382849137,-19.790842277790652,-14.82696533203125,2.5023256618709127,0.23044454450143326,-0.15652267634868622,30.334009170532227
120.55088735200025,6.427960130552671,-19.77267713752681,-14.826797485351562,2.045778751373291,0.9998829960823059,-0.1464870721101761,30.602230072021484
120.60120434400005,6.501572848614705,-19.76060420244597,-14.823165893554688,2.4882173652227375,0.2660947594750551,-0.13191165030002594,30.981037139892578
120.650100544,6.641880250633908,-19.68843020322307,-14.813507080078125,2.034058094024658,1.0422022342681885,-0.11554114520549774,31.23079490661621
120.70047226299994,6.713893337942855,-19.670300988166122,-14.811080932617188,2.3583530723352313,0.5297499756670737,-0.15399344265460968,31.531641006469727
120.7503306460003,6.844073194119367,-19.59798687176377,-14.804458618164062,2.000725507736206,1.134619951248169,-0.14429205656051636,31.817214965820312
120.80014173900008,6.9138339165044105,-19.568495899909777,-14.802459716796875,2.0067760944366455,1.1538465023040771,-0.16465997695922852,32.04805374145508
120.85089472500022,7.06321773444551,-19.487871006118585,-14.79888916015625,2.4263064677109303,0.49460553679294106,-0.17201252281665802,32.43780517578125
120.90152782800033,7.135025045849716,-19.460048098254152,-14.798080444335938,2.4072113152609833,0.5430592177421445,-0.183598592877388,32.711509704589844
120.95036948100005,7.263932335734076,-19.383305246471558,-14.799179077148438,2.0058915615081787,1.1489710807800293,-0.20127275586128235,32.97391128540039
121.00038795299997,7.336849184612003,-19.360398338599538,-14.799240112304688,1.9798747301101685,1.1695432662963867,-0.17800505459308624,33.343162536621094
121.05120208300013,7.480210940946568,-19.27698326950699,-14.801742553710938,2.4488642425891705,0.45337003927051656,-0.19860289990901947,33.70516586303711
121.10029694900004,7.548038773825977,-19.24640407738437,-14.803634643554688,1.9538439512252808,1.1918585300445557,-0.2152552753686905,33.97925567626953
121.15049715100031,7.6148996124079495,-19.214396483464974,-14.8062744140625,1.9522720575332642,1.1949920654296875,-0.23922176659107208,34.23168182373047
121.200477159,7.743899575537605,-19.14271881270971,-14.813980102539062,2.452747958039457,0.4598100569978649,-0.2382529228925705,34.588382720947266
121.25068108999994,7.809760021528259,-19.110938726849394,-14.814102172851562,1.9512149095535278,1.1752431392669678,-0.2295166701078415,34.84886932373047
121.30117249600016,7.952457292604563,-19.03047468238995,-14.815948486328125,2.496595117124224,0.3895106122949812,-0.22593683004379272,35.25139236450195
121.35027396900023,8.017951148459357,-18.99837120983514,-14.8175048828125,1.9580672979354858,1.1350334882736206,-0.22634585201740265,35.47087860107422
121.40088826200008,8.136909350971667,-18.921723461723758,-14.819427490234375,2.4297133482706887,0.44373676467911083,-0.2214631736278534,35.792659759521484
121.45022817500012,8.20273180733931,-18.89199570673864,-14.821945190429688,1.937966227531433,1.123848557472229,-0.23819154500961304,36.04695129394531
121.50048727700005,8.328875936245481,-18.79863375470041,-14.82391357421875,1.900300145149231,1.149977445602417,-0.1813221573829651,36.27120590209961
121.55044134200034,8.397659256515919,-18.77495998291027,-14.823959350585938,1.8818782567977905,1.1606385707855225,-0.16858385503292084,36.62910842895508
121.60030118000032,8.51425268375123,-18.69485471615945,-14.823043823242188,1.88137686252594,1.167418122291565,-0.17136511206626892,36.905818939208984
121.65033121100032,8.584733198702617,-18.668283994701838,-14.8218994140625,2.405847161904416,0.488523027845865,-0.17951548099517822,37.264949798583984
121.70091658599995,8.715232485184988,-18.5709466635288,-14.821548461914062,1.833505630493164,1.2298862934112549,-0.1557609587907791,37.51071548461914
121.75029388300027,8.78561561194501,-18.542930186676465,-14.816680908203125,2.343570884730627,0.5802658098147611,-0.18527324497699738,37.897132873535156
121.80102208400012,8.848140509161286,-18.50485989815244,-14.81268310546875,1.831468939781189,1.2263530492782593,-0.16310405731201172,38.11547088623047
121.85159353300014,8.971722969260211,-18.427281463557353,-14.80682373046875,3.3678875940075024,-0.7180529381311573,-0.13943228125572205,38.48094940185547
121.90039568600014,9.046496214591732,-18.37509592062638,-14.803726196289062,3.0775060162585453,-0.3158499855937349,-0.1755174696445465,38.683021545410156
121.95048882600031,9.158799847447009,-18.281770504122296,-14.804000854492188,1.8332672119140625,1.245561957359314,-0.19300173223018646,38.813255310058594
122.00072746100022,9.224709545611514,-18.24763781113761,-14.803115844726562,2.1751713975703018,0.8101080767421366,-0.1970495879650116,39.07346725463867
122.052092163,9.340202037491455,-18.15996087108377,-14.800247192382812,2.6250004107971323,0.27867522318615334,-0.20544806122779846,39.31395721435547
122.10140666799998,9.412972163681664,-18.105734750233875,-14.80023193359375,1.8557050228118896,1.200640082359314,-0.19307173788547516,39.42857360839844
122.15079751400026,9.53603721166801,-18.035510058626187,-14.797439575195312,1.8157180547714233,1.220911979675293,-0.18530815839767456,39.889923095703125
122.20072937500026,9.618493445521178,-18.025782036174597,-14.796707153320312,2.3596229202507195,0.5684522529644345,-0.17790471017360687,40.48747253417969
122.25015223200035,9.730413812015868,-17.941989670291033,-14.79345703125,1.775857925415039,1.2400507926940918,-0.1667415201663971,40.739898681640625
122.3011211070002,9.805629919819825,-17.894326752015825,-14.791519165039062,1.7995315790176392,1.2110695838928223,-0.16916856169700623,40.966556549072266
122.35052043900032,9.930779179438481,-17.8240296970576,-14.790115356445312,2.5394339545839246,0.3602542766073459,-0.19110573828220367,41.34988784790039
122.40027732499993,9.996424895703466,-17.792726363112024,-14.787582397460938,1.8144060373306274,1.1594775915145874,-0.1918693333864212,41.613773345947266
122.45059728600017,10.121829967229566,-17.72459012310381,-14.785675048828125,2.341740577655128,0.5632993528842227,-0.21360783278942108,41.996490478515625
122.50022221800009,10.199098466399311,-17.682029942940176,-14.786590576171875,1.819341778755188,1.1417709589004517,-0.2269391417503357,42.239559173583984
122.55087662899996,10.267966773341142,-17.656930527424343,-14.787811279296875,2.2839910274970756,0.6359280797918265,-0.22929860651493073,42.589298248291016
122.60039896800026,10.38229757170155,-17.57934091548773,-14.79296875,1.812251091003418,1.1749175786972046,-0.24218474328517914,42.83695983886719
122.65092181799992,10.456073622167558,-17.55460306720969,-14.79583740234375,2.4551358180829883,0.49359041755328736,-0.26393160223960876,43.23885726928711
122.70022816100027,10.583054492768156,-17.455545640390685,-14.803253173828125,2.2378576810954613,0.7360989434476688,-0.22016115486621857,43.45465087890625
122.75075736500003,10.652740237254989,-17.425360306133253,-14.806121826171875,1.8253957033157349,1.1892814636230469,-0.19702596962451935,43.74058532714844
122.80021697200027,10.776920389822184,-17.35007309354104,-14.805984497070312,2.29200542910744,0.7084494279031087,-0.17491981387138367,44.13916778564453
122.85085512100022,10.845037931769966,-17.318824893779052,-14.806320190429688,1.7984510660171509,1.2154309749603271,-0.17436622083187103,44.42423629760742
122.90098070600015,10.98641166340171,-17.23105682638349,-14.799102783203125,2.3939119597723852,0.5870913435101284,-0.12243673950433731,44.84839630126953
122.95035669500021,11.05340179224434,-17.195766944196308,-14.794723510742188,1.811670184135437,1.1783372163772583,-0.13179191946983337,45.09084701538086
123.00076385000011,11.184140351820307,-17.120370926570708,-14.789505004882812,2.5296243146570627,0.4792728197924736,-0.15658456087112427,45.50067901611328
123.05083793500035,11.251178415623421,-17.082001356097273,-14.787551879882812,1.7649815082550049,1.2306222915649414,-0.14531728625297546,45.72830581665039
123.10078734300032,11.395243833892554,-16.991675958261553,-14.784774780273438,2.4787520685925255,0.5288579075228271,-0.12713134288787842,46.12750244140625
123.15059401000008,11.462101491775883,-16.955250449791574,-14.782577514648438,1.7283769845962524,1.2389992475509644,-0.13072654604911804,46.39889907836914
123.20398676200011,11.52566537039308,-16.915991844708334,-14.78118896484375,1.7328026294708252,1.2487592697143555,-0.1615796536207199,46.61958694458008
123.2519692169999,11.642622575915523,-16.829598994088027,-14.78314208984375,1.7059457302093506,1.2639440298080444,-0.21975275874137878,46.88892364501953
123.30050770600019,11.714628496630185,-16.798524583890288,-14.783233642578125,3.3099033860674023,-0.21994769437487172,-0.21869315207004547,47.257904052734375
123.35064260900026,11.839035732299475,-16.69533231929187,-14.785171508789062,2.3415926235525237,0.6839664678062003,-0.20546595752239227,47.46538162231445
123.40049776700016,11.896907672879106,-16.65195367147837,-14.786514282226562,1.6718617677688599,1.3036079406738281,-0.20345835387706757,47.5989990234375
123.45275145599999,12.011649849447952,-16.562571222736576,-14.788619995117188,1.6604121923446655,1.308508038520813,-0.22319021821022034,47.84894561767578
123.50036652100016,12.10753450099618,-16.52969849130009,-14.791183471679688,1.6505708694458008,1.302260160446167,-0.19673974812030792,48.36833190917969
123.55092567500014,12.216360183527641,-16.43528474579438,-14.791107177734375,1.601218819618225,1.329230546951294,-0.1993110030889511,48.57790756225586
123.60022441799993,12.285423847668508,-16.401257705740083,-14.7913818359375,1.6043996810913086,1.3353792428970337,-0.21217326819896698,48.91263198852539
123.65039970099997,12.395456138158139,-16.306285479431097,-14.79254150390625,1.585595965385437,1.36507248878479,-0.2120451182126999,49.15846252441406
123.70035732499991,12.464193933467852,-16.26822401098125,-14.793106079101562,2.322456838478623,0.7407854178107118,-0.20589803159236908,49.506866455078125
123.75032953300024,12.585100018751309,-16.156981538930722,-14.798080444335938,1.5350322723388672,1.4089560508728027,-0.2578209638595581,49.779537200927734
123.80079039600014,12.657312203290799,-16.119488530618277,-14.802383422851562,2.331083542273853,0.7424934426628185,-0.2664510905742645,50.2070426940918
123.85085519099994,12.76143195285196,-16.014532156683646,-14.811843872070312,1.4939171075820923,1.4168226718902588,-0.2509698271751404,50.453857421875
123.90068638100001,12.829755114663254,-15.976806891953448,-14.8153076171875,2.110442364607633,0.8965553885413632,-0.1964808702468872,50.82447814941406
123.95073783399994,12.899107500119548,-15.916325161302357,-14.815704345703125,1.471015453338623,1.4003568887710571,-0.16113503277301788,51.075836181640625
124.00007860400001,13.012227801545972,-15.825085591067088,-14.8173828125,2.446281107725984,0.6100638414677867,-0.16948725283145905,51.473873138427734
124.05061391300023,13.07312763052723,-15.782693619827565,-14.817596435546875,1.438034176826477,1.4107877016067505,-0.1995806097984314,51.7269401550293
124.10048526300034,13.180846292561512,-15.686594177426997,-14.817520141601562,1.4490094184875488,1.3890095949172974,-0.18686561286449432,51.9923210144043
124.15084045999993,13.262730557098262,-15.639882475558451,-14.818222045898438,2.0599928148066438,0.9159934965775265,-0.1909218430519104,52.35685348510742
124.20087370800002,13.368549922324467,-15.542170515811947,-14.815933227539062,1.4458718299865723,1.3906010389328003,-0.1929997354745865,52.58788299560547
124.25091978899991,13.43735395973405,-15.506080406524292,-14.815933227539062,2.0741883838659305,0.9243145060690846,-0.22086571156978607,52.92772674560547
124.30061031700006,13.545129840716811,-15.410720415965496,-14.81695556640625,1.439509630203247,1.4105396270751953,-0.22244666516780853,53.18914794921875
124.3503781280001,13.629281300332984,-15.363152444618159,-14.8177490234375,2.3941216441363578,0.712079851336789,-0.20606260001659393,53.590431213378906
124.40125380600011,13.738033700810355,-15.269271387561663,-14.8199462890625,1.4478759765625,1.4185447692871094,-0.19887223839759827,53.84160614013672
124.4504793000001,13.811005566924768,-15.235236744834797,-14.818161010742188,2.2702428601962823,0.8309859397639203,-0.1880623698234558,54.25837326049805
124.50067207100028,13.916409409688471,-15.139051067323942,-14.818450927734375,1.4365214109420776,1.4370280504226685,-0.23179347813129425,54.49724578857422
124.55017334900003,13.98509092410483,-15.080667271007151,-14.820648193359375,1.3987529277801514,1.459425449371338,-0.22618094086647034,54.69883346557617
124.60058593600024,14.097145037706724,-14.987573667443474,-14.826324462890625,2.1044666021794796,0.9483855483503999,-0.20918671786785126,55.07926559448242
124.65019942300023,14.156475533236897,-14.944845042449984,-14.829391479492188,1.4115486145019531,1.426092505455017,-0.20973043143749237,55.30317306518555
124.70092218500031,14.269130483250784,-14.855400123853283,-14.831893920898438,2.121197413942667,0.936838571365889,-0.21246542036533356,55.696311950683594
124.75015297100026,14.337102219313726,-14.798948106707059,-14.833847045898438,1.3371319770812988,1.4573734998703003,-0.17618247866630554,55.918636322021484
124.80104296200034,14.405597480097011,-14.764320659338054,-14.83502197265625,1.9536950263254083,1.0391365633857719,-0.1625293493270874,56.29908752441406
124.85012337200033,14.504188336139224,-14.662991244348117,-14.831619262695312,1.3236401081085205,1.4908546209335327,-0.18982626497745514,56.55158233642578
124.90032997900016,14.569478084209518,-14.623332164235482,-14.831558227539062,2.147015687700915,0.9579705818700547,-0.18278785049915314,56.885963439941406
124.95065538900008,14.682236972322254,-14.507280339943433,-14.822311401367188,1.2959033250808716,1.5221635103225708,-0.14404654502868652,57.15935516357422
125.00065346700012,14.740322135253441,-14.460745922751197,-14.817123413085938,1.2920783758163452,1.519842267036438,-0.12536422908306122,57.395259857177734
125.05034979900029,14.847685691524054,-14.36258769784856,-14.807220458984375,1.2639464139938354,1.545753002166748,-0.12157313525676727,57.74185562133789
125.10024425000029,14.90650597341142,-14.314515305306799,-14.802520751953125,1.2357473373413086,1.5702849626541138,-0.12478740513324738,57.98084259033203
125.150520357,15.024801044677083,-14.20027847665849,-14.79534912109375,1.917813825310925,1.171847715141785,-0.13761667907238007,58.35460662841797
125.2008703219999,15.082784442886913,-14.149261664053373,-14.792877197265625,1.1508516073226929,1.6509844064712524,-0.15192271769046783,58.6131706237793
125.25056128100005,15.183440685893217,-14.037999789026916,-14.78936767578125,1.7070695859717744,1.3294530176441939,-0.1478334218263626,58.95975875854492
125.30024788800029,15.239216045521875,-13.986949930861456,-14.788299560546875,1.1143697500228882,1.6906095743179321,-0.12437243014574051,59.211875915527344
125.35220711900001,15.343327137499372,-13.855631651254033,-14.783935546875,1.0618979930877686,1.7121282815933228,-0.10700345784425735,59.47216033935547
125.40048629500006,15.39718379210721,-13.803693553570483,-14.782394409179688,1.022657871246338,1.7357786893844604,-0.11142059415578842,59.7147216796875
125.45072802999994,15.453973304480815,-13.753201974408398,-14.780441284179688,1.4859117400687665,1.4732663640873138,-0.11922666430473328,60.00481414794922
125.50175575899993,15.542413951854115,-13.634807898718678,-14.773239135742188,1.7770720651118708,1.3250625493242825,-0.15427806973457336,60.27529525756836
125.5516916470001,15.59611056839718,-13.582235718809581,-14.771987915039062,3.506583343526026,0.35538856533712315,-0.19187051057815552,60.541236877441406
125.60036896400015,15.691097613638409,-13.442010256316571,-14.768463134765625,1.6366773579982574,1.4136890600135483,-0.19811265170574188,60.7654914855957
125.65095861400005,15.773363693137549,-13.401450521506792,-14.767959594726562,0.979804515838623,1.7721985578536987,-0.19903945922851562,61.38210678100586
125.70060339400015,15.870114018804696,-13.28393790155916,-14.7691650390625,1.6206093309159044,1.4346849297529152,-0.22207728028297424,61.715641021728516
125.75067359200011,15.92442890658433,-13.227676542731496,-14.770767211914062,0.995514452457428,1.7834458351135254,-0.22852709889411926,61.94913101196289
125.80140688200026,16.021037903086594,-13.092153517305624,-14.774658203125,0.9965964555740356,1.7526904344558716,-0.1826818883419037,62.143489837646484
125.85073352000018,16.08594014133286,-13.042373591595666,-14.776611328125,2.24617413473508,1.1088701944351116,-0.19298303127288818,62.48981475830078
125.90112768800009,16.181107186901446,-12.928192996510813,-14.782424926757812,2.020681280738366,1.2187943626827882,-0.22120769321918488,62.753597259521484
125.95236606900016,16.238611652704865,-12.876968048492294,-14.786270141601562,1.016201138496399,1.7358657121658325,-0.22588153183460236,63.01211929321289
126.00142269700018,16.30753941844889,-12.809674081461049,-14.7900390625,1.0086344480514526,1.7397078275680542,-0.223570317029953,63.28732681274414
126.05208227899993,16.39861914305385,-12.69499281233319,-14.79833984375,1.0156484842300415,1.7457280158996582,-0.23852263391017914,63.51335906982422
126.10103686599996,16.457337768235288,-12.643255992370744,-14.800521850585938,1.0402621030807495,1.7343871593475342,-0.2479180097579956,63.77943420410156
126.15054532800013,16.55894672160149,-12.531103642374497,-14.80126953125,0.9987234473228455,1.7485079765319824,-0.2390328049659729,64.10310363769531
126.2005072400002,16.64151687594127,-12.47223197445371,-14.802963256835938,1.672198288796329,1.421392550138432,-0.23477916419506073,64.58023834228516
126.25062739500027,16.728807213091937,-12.358254958655152,-14.8070068359375,0.9463781714439392,1.7571053504943848,-0.1921750158071518,64.7854995727539
126.30069542899992,16.799242935952062,-12.296375999768584,-14.808914184570312,1.682825762331908,1.4077249834175563,-0.17437265813350677,65.1378402709961
126.35029372100007,16.872714128294888,-12.202469905185337,-14.810501098632812,0.9185763001441956,1.761094570159912,-0.159316748380661,65.36299133300781
126.40085749900027,16.937076254633958,-12.14305475906572,-14.811630249023438,1.7031830635063514,1.405279305951258,-0.18118424713611603,65.69573211669922
126.45118695100018,17.017096288896514,-12.037993953493254,-14.81524658203125,0.9256205558776855,1.7397130727767944,-0.17364759743213654,65.94005584716797
126.50063203500031,17.06312528034914,-11.986144311925784,-14.816085815429688,0.9067193865776062,1.751692295074463,-0.17478834092617035,66.14878845214844
126.5512067919999,17.149071454889476,-11.881064333587265,-14.818984985351562,0.8656453490257263,1.7691868543624878,-0.15742172300815582,66.51861572265625
126.60026149400028,17.203594460303254,-11.815476648655814,-14.819061279296875,0.8104200959205627,1.797889232635498,-0.164824977517128,66.80545043945312
126.65096492300017,17.27653065407761,-11.703021121379187,-14.816299438476562,1.6327303122849262,1.4493188558067411,-0.15237340331077576,67.19491577148438
126.70114843800002,17.318446172280947,-11.649939254317392,-14.815719604492188,0.7503445744514465,1.8067079782485962,-0.14868095517158508,67.45528411865234
126.75022193199993,17.386971960720707,-11.537908100413166,-14.814041137695312,1.5915339441175278,1.4634564557877032,-0.13623064756393433,67.85887908935547
126.80072776599991,17.43333801847024,-11.46981498819645,-14.813796997070312,0.7105672955513,1.8191242218017578,-0.1321634203195572,68.14698791503906
126.85021228799997,17.48107387161105,-11.419783949677507,-14.814620971679688,1.4746709439596737,1.5292777356417742,-0.15555304288864136,68.49800872802734
126.90043637600002,17.53868408130417,-11.302140770839497,-14.81195068359375,0.7176277041435242,1.834706425666809,-0.15776152908802032,68.70938110351562
126.95106533200033,17.581273886638783,-11.249050050753723,-14.811935424804688,0.6949923634529114,1.8575409650802612,-0.168995201587677,68.98094177246094
127.00126908500033,17.653923288621353,-11.118205397007268,-14.809127807617188,2.0784265541372937,1.3341628715691511,-0.18122488260269165,69.31000518798828
127.05182145900017,17.697191405468452,-11.064228623970813,-14.808303833007812,1.3864930972080207,1.5925384635575015,-0.18088491261005402,69.58206176757812
127.10026960999994,17.763636004994403,-10.948164747743524,-14.807861328125,1.5138552264020166,1.5675418624369086,-0.19340796768665314,69.88797760009766
127.15081210000017,17.796179270342098,-10.888756141607994,-14.806854248046875,0.6853087544441223,1.8754862546920776,-0.18065260350704193,70.01603698730469
127.20028855500004,17.89160520484284,-10.764152833111792,-14.807769775390625,0.6909579634666443,1.8793538808822632,-0.1922370344400406,70.56951141357422
127.251001438,17.945829720081022,-10.711781075373333,-14.806747436523438,0.6660371422767639,1.8806259632110596,-0.1932670623064041,70.95217895507812
127.30109849600012,18.021503625402573,-10.595999952943592,-14.804794311523438,1.5274014264155165,1.5929572250956197,-0.17157180607318878,71.33534240722656
127.35035841200033,18.0644442597255,-10.54049992909103,-14.804107666015625,0.6248990893363953,1.8966692686080933,-0.14853671193122864,71.5948486328125
127.40159852200031,18.107378062123797,-10.4835181973943,-14.79962158203125,0.6038089990615845,1.91183602809906,-0.17347083985805511,71.8538589477539
127.45038933400019,18.18505724538939,-10.35050504839509,-14.793609619140625,0.5965699553489685,1.9134478569030762,-0.16612181067466736,72.22949981689453
127.50034276099996,18.230092517129247,-10.295625780714001,-14.792266845703125,0.5960766077041626,1.9132133722305298,-0.177214577794075,72.51963806152344
127.55174228000033,18.295292322775484,-10.181152014635154,-14.78973388671875,1.933746696813938,1.4859714224609863,-0.13821224868297577,72.77403259277344
127.60227932499993,18.331468501282583,-10.12575752781203,-14.78857421875,0.826944354451818,1.827337877411359,-0.12702873349189758,72.9569091796875
127.65113300400026,18.418220093631763,-9.999428638328016,-14.787017822265625,1.5460189603271042,1.626122561255071,-0.14457936584949493,73.39107513427734
127.70059005800022,18.461793547687698,-9.944526021548796,-14.7867431640625,0.5886346101760864,1.90884530544281,-0.13142448663711548,73.63777160644531
127.75040436200015,18.527982581764007,-9.82985825862549,-14.786148071289062,1.3086244046766842,1.7018880667453413,-0.12081048637628555,73.92437744140625
127.80183891000024,18.564742494590277,-9.77441256666622,-14.785491943359375,0.5182653665542603,1.9325586557388306,-0.12539972364902496,74.13204956054688
127.85056031300019,18.626396660138894,-9.643851329299217,-14.786087036132812,0.4965576231479645,1.9481375217437744,-0.1383734494447708,74.367919921875
127.90042420000009,18.67305929152097,-9.589424606097431,-14.786224365234375,0.49334535002708435,1.9655964374542236,-0.1586310863494873,74.72724151611328
127.95112230399991,18.726354536961928,-9.468440501665846,-14.789794921875,0.5044513940811157,1.986796498298645,-0.1917562484741211,74.9744873046875
128.0003586820003,18.77236499772883,-9.412799798828084,-14.792526245117188,1.3009375853032195,1.7800887112757138,-0.17634908854961395,75.32257080078125
128.050250367,18.814290547179482,-9.338018005573375,-14.796768188476562,0.4704577922821045,2.0026965141296387,-0.18726664781570435,75.57123565673828
128.10183310599996,18.865887650745602,-9.214521491727114,-14.805953979492188,0.48757368326187134,2.00358510017395,-0.21232329308986664,75.78888702392578
128.15149836799992,18.90640732663319,-9.157115461287553,-14.811691284179688,0.44558367133140564,2.028549909591675,-0.2271280586719513,76.0953140258789
128.201799855,18.94907636831514,-9.033527326216786,-14.82415771484375,0.45120885968208313,2.027132511138916,-0.21463903784751892,76.28929901123047
128.25134438800023,18.985594614081137,-8.958523916984806,-14.832412719726562,1.2172450252900595,1.843720814250293,-0.21647028625011444,76.52637481689453
128.30059058999996,19.030062644562545,-8.835993012874185,-14.84552001953125,0.42201781272888184,2.0346434116363525,-0.22312688827514648,76.75421142578125
128.3512889120002,19.068084622373384,-8.77828027830089,-14.851898193359375,0.42528975009918213,2.0428359508514404,-0.2144351303577423,77.0569839477539
128.4008512270002,19.117633880784368,-8.657051719803295,-14.863204956054688,0.39486661553382874,2.0636045932769775,-0.22199687361717224,77.35543823242188
128.45031035300008,19.154865594421782,-8.582660229326374,-14.869384765625,0.9214682932759998,1.9453277183564213,-0.21044228971004486,77.6134033203125
128.50131951499998,19.200759671611337,-8.460348761321143,-14.8780517578125,1.9794901151651794,1.714473736774997,-0.16356471180915833,77.8712158203125
128.5511917560002,19.23236350167367,-8.40077796635827,-14.881103515625,1.5110882664541936,1.8190058746669417,-0.15532386302947998,78.12254333496094
128.60168326500025,19.28200457318176,-8.344705460750252,-14.884567260742188,1.8857675469915423,1.7540544457754406,-0.16035646200180054,78.58636474609375
128.650976936,19.368062533238785,-8.212750234764451,-14.891326904296875,0.3483129143714905,2.043597459793091,-0.13189375400543213,79.32852935791016
128.70020821100024,19.42120560945298,-8.09129140821599,-14.895538330078125,1.1017655608605161,1.8992719796107376,-0.11889715492725372,79.73374938964844
128.75093224800003,19.45107530228609,-8.031263748547806,-14.897552490234375,0.30739155411720276,2.0433177947998047,-0.11043311655521393,79.98461151123047
128.800575965,19.489907327471872,-7.9724156860182545,-14.898223876953125,1.031005566610444,1.9292335468762853,-0.12309110909700394,80.3572769165039
128.85028905100035,19.522100680805433,-7.829872619742569,-14.89990234375,0.2968352437019348,2.061171770095825,-0.09094419330358505,80.56522369384766
128.90145675700023,19.545674061118458,-7.7675261865479985,-14.900314331054688,0.2742641568183899,2.081479072570801,-0.08723323047161102,80.76318359375
128.95157082600008,19.58919753679601,-7.638527551164948,-14.899368286132812,1.602570704143731,1.8843191954134144,-0.10546640306711197,81.1255111694336
129.0012975720001,19.612923114734937,-7.574193677504816,-14.899871826171875,1.4723519088854007,1.9071698884216874,-0.08767677843570709,81.3155746459961
129.0520017470003,19.651630395415147,-7.426404820374054,-14.90155029296875,0.3276721239089966,2.101433277130127,-0.10217024385929108,81.54257202148438
129.10205390600004,19.670010337170662,-7.360544067215963,-14.903213500976562,0.33678901195526123,2.1067543029785156,-0.11435142159461975,81.642578125
129.15215615000034,19.71155549832592,-7.297878377157294,-14.90570068359375,1.962724491757887,1.877549208237558,-0.11402665078639984,82.00944519042969
129.20045116500023,19.750735536199947,-7.167577622969456,-14.907440185546875,0.31803005933761597,2.1056485176086426,-0.11457505822181702,82.26008605957031
129.25156185600008,19.782532575563017,-7.103864180951304,-14.909103393554688,0.30741164088249207,2.1109981536865234,-0.12181001901626587,82.52493286132812
129.30159321600013,19.828011077379767,-6.956744797351448,-14.9129638671875,0.9203851937254224,2.02853309517568,-0.11738519370555878,82.85205078125
129.35059817899992,19.85412651488484,-6.891862726113867,-14.914443969726562,1.0645485369985006,2.007604248348951,-0.11034919321537018,83.08489227294922
129.4014629090002,19.88683941170984,-6.759723296724,-14.917098999023438,0.7383932597394484,2.0524857682213606,-0.07531475275754929,83.3373794555664
129.45236951000015,19.911174066539676,-6.695155741736993,-14.914642333984375,0.2145295888185501,2.1124889850616455,-0.06489060819149017,83.59689331054688
129.50054596500013,19.943453604558957,-6.546670577950675,-14.910552978515625,0.17836952209472656,2.129815101623535,-0.04185856878757477,83.91583251953125
129.55027663500005,20.01102209089138,-6.486128752270614,-14.909469604492188,0.1355423480272293,2.138225793838501,-0.055066075176000595,84.68025970458984
129.60026626700028,20.03225673714513,-6.3557122696574755,-14.911041259765625,0.10708963125944138,2.1534829139709473,-0.061583321541547775,84.92505645751953
129.65028781799992,20.066256219751647,-6.291906699510859,-14.912643432617188,0.09264698624610901,2.1569197177886963,-0.07587911933660507,85.31419372558594
129.70048519500006,20.0827873687637,-6.140114964960001,-14.91552734375,0.10600561648607254,2.167461395263672,-0.09335486590862274,85.5354995727539
129.75065914300012,20.109139727349636,-6.073190075821031,-14.91790771484375,0.7859952004699374,2.120001003809471,-0.10080965608358383,85.85498809814453
129.8008997500001,20.131342050909698,-5.934849992637849,-14.92291259765625,0.11978887766599655,2.17128849029541,-0.09441875666379929,86.106201171875
129.85100708900018,20.166297381922355,-5.8654096258627595,-14.925827026367188,1.1976363858270078,2.1167166841777716,-0.11111468076705933,86.49011993408203
129.9009167930003,20.1918213004743,-5.705699461726977,-14.933944702148438,0.15279607474803925,2.1877353191375732,-0.11374024301767349,86.71495819091797
129.9502404929999,20.22415557450349,-5.634956572552282,-14.934356689453125,1.3783123869001128,2.125939372679965,-0.1093287244439125,87.04398345947266
