idx,t,px,py,pz,vx,vy,vz,ax,ay,az,yaw,mode,ledr,ledg,ledb
0,6.980008038226515e-07,2.04000106827542,-1.9979999022858328,-10.004000102219921,2.000024710239959,0.10000126191204493,-0.20000247102399513,0.0012355119979474694,6.17756162055727e-05,-0.00012355119979190476,2.3038102486584195e-08,70,255,255,255
1,0.020134853999479674,2.0800024555411984,-1.9959998323945312,-10.0080002409465,2.0000693632889246,0.10000349456508263,-0.20000693632889174,0.0022326524482796373,0.00011163265188518512,-0.00022326524483048948,2.3038102486584195e-08,70,255,255,255
2,0.04007675699904212,2.120004494154271,-1.9939997299358563,-10.012000444807807,2.00010193065362,0.10000512293374728,-0.20001019306536127,0.0016283682347695283,8.141843323242193e-05,-0.00016283682347625894,2.3038102486584195e-08,70,255,255,255
3,0.06009866299791611,2.160007211871215,-1.9919995935219788,-10.016000716579502,2.0001358858472074,0.10000682069387487,-0.20001358858471993,0.0016977596793852356,8.488800637988791e-05,-0.0001697759679326616,2.3038102486584195e-08,70,255,255,255
4,0.08011278699996183,2.200010608794258,-1.9899994231477873,-10.020001056271806,2.0001698461521515,0.10000851870957037,-0.20001698461521425,0.001698015247212581,8.490078477467466e-05,-0.00016980152471532395,2.3038102486584195e-08,70,255,255,255
5,0.10014856300040265,2.240042436102013,-1.987959080146472,-10.024001451951095,2.0015913653877653,0.10201715006577024,-0.20001978396450606,0.07107596178069553,0.10043156780999382,-0.0001399674645904958,0.0006998558694315124,70,255,255,255
6,0.12008021699875826,2.2801007183405,-1.9858807306754402,-10.028001877754345,2.0029141119243588,0.10391747355158316,-0.2000212901624709,0.06613732682967877,0.09501617429064603,-7.530989824183765e-05,0.0013437020742542347,70,255,255,255
7,0.14007519299775595,2.3201837588854906,-1.9837664605858636,-10.03200232958515,2.0041520272495172,0.1057135044788313,-0.20002259154028176,0.06189576625793203,0.08980154636240646,-6.506889054411213e-05,0.0019360405826911306,70,255,255,255
8,0.16006872599973576,2.360289918679328,-1.9816182883048565,-10.03600280308949,2.0053079896918837,0.1074086140503552,-0.2000236752169912,0.057798122118332795,0.08475547857619556,-5.4183835471621755e-05,0.0024809920104530677,70,255,255,255
9,0.18010331999903428,2.40041775141221,-1.9794381581690748,-10.040003307279425,2.0063916366440893,0.10900650678908937,-0.2000252094967397,0.05418234761027163,0.07989463693670831,-7.671398742498114e-05,0.002982347323994044,70,255,255,255
10,0.20009932299944921,2.440593232776574,-1.9771892979669627,-10.044003833645357,2.008774068218209,0.11244301010559862,-0.20002631829654455,0.11912157870598783,0.17182516582546303,-5.543999024293367e-05,0.004141282173765329,70,255,255,255
11,0.22010608799973852,2.4808132447323494,-1.9748755878025581,-10.04800438217934,2.011000597788779,0.1156855082202325,-0.20002742669909124,0.11132647852848665,0.16212490573169433,-5.5420127334282476e-05,0.005207502235554887,70,255,255,255
12,0.24016749799920944,2.5210749599369207,-1.972500768240179,-10.052004970324834,2.013085760228568,0.1187409781189637,-0.200029407274758,0.10425812198944184,0.15277349493655984,-9.902878333772902e-05,0.006188424692401288,70,255,255,255
13,0.26011094600107754,2.5613752764846387,-1.9700684758374287,-10.056005576667479,2.0150158273859025,0.12161462013751509,-0.20003031713227515,0.09650335786673514,0.14368210092756964,-4.549287585808859e-05,0.00709087335269999,70,255,255,255
14,0.28022147999945446,2.601711751497233,-1.967582188829666,-10.060006234516177,2.0168237506297197,0.12431435038813533,-0.20003289243490374,0.09039616219087465,0.13498651253101188,-0.0001287651314296201,0.007921126120174801,70,255,255,255
15,0.30007926399775897,2.6421085726905456,-1.9650079862275505,-10.064006898571847,2.0198410596656173,0.12871013010578344,-0.20003320278349992,0.1508654517948882,0.21978898588240603,-1.5517429809264183e-05,0.009383045295676067,70,255,255,255
16,0.3201640029983537,2.6825617555446253,-1.9623510835063052,-10.068007594516063,2.0226591427039913,0.1328451360622692,-0.20003479721073625,0.14090415191870376,0.20675029782428803,-7.972136181608191e-05,0.010728010937137218,70,255,255,255
17,0.34012168099798146,2.7230670578368588,-1.9596165419650544,-10.072008305778958,2.025265114611677,0.13672707706253837,-0.2000355631447951,0.13029859538428523,0.19409705001345903,-3.829670294269727e-05,0.011965379327281487,70,255,255,255
18,0.36010682599953725,2.7636204963812943,-1.9568092377331865,-10.076009025549794,2.027671927221772,0.14036521159339918,-0.2000359885418037,0.12034063050474009,0.18190672654304121,-2.1269850431215875e-05,0.013103758246214209,70,255,255,255
19,0.3800984070003324,2.804218270560331,-1.9539338694537642,-10.080009749472381,2.0298887089518334,0.14376841397111345,-0.20003619612933762,0.11083908650307439,0.17016011888571328,-1.037937669495781e-05,0.014151066851632312,70,255,255,255
20,0.40008305800074595,2.844883980552719,-1.9509589664864744,-10.084010490221576,2.0332854996193936,0.1487451483644886,-0.20003703745975848,0.1698395333780236,0.24883671966875762,-4.20665210424942e-05,0.015813163339578086,70,255,255,255
21,0.4200986889991327,2.885612535092864,-1.947890776496789,-10.088011250604504,2.0364277270072515,0.15340949948426433,-0.2000380191463927,0.15711136939288606,0.23321755598878693,-4.9084331709831064e-05,0.017342292108488207,70,255,255,255
22,0.4402225890007685,2.9263993943006414,-1.9447352972931242,-10.092012067874528,2.039342960388888,0.15777396018323653,-0.20004086350122074,0.14576166908181865,0.21822303494861056,-0.00014221774140346644,0.018749090575885502,70,255,255,255
23,0.46013264100110973,2.9672395130876628,-1.9414983543881972,-10.096012908527431,2.0420059393510583,0.16184714524635185,-0.20004203264516277,0.13314894810852884,0.20365925315576663,-5.845719710048658e-05,0.02004334516589101,70,255,255,255
24,0.4800749919995724,3.0081281672123086,-1.9381855468696834,-10.100013751367515,2.044432706232291,0.16564037592569567,-0.20004214200421136,0.12133834406163357,0.18966153396719063,-5.467952429949463e-06,0.021234059388696103,70,255,255,255
25,0.500073851999332,3.0490874653552,-1.9347677120256763,-10.104014561508926,2.047964907144572,0.17089174220034756,-0.20004050707053,0.17661004561404425,0.26256831373259515,8.174668406732422e-05,0.023026863055564176,70,255,255,255
26,0.5201233990010223,3.090111792548619,-1.9312518077404488,-10.108015355472398,2.051216359670955,0.17579521426137062,-0.2000396981735837,0.16257262631915959,0.24517360305115382,4.0444847316134513e-05,0.024676242429082798,70,255,255,255
27,0.5400907350012858,3.1311955036012256,-1.9276445510686024,-10.112016122505786,2.0541855526303237,0.18036283359231595,-0.20003835166938055,0.14845964796844102,0.22838096654726645,6.732521015706538e-05,0.026193671452719912,70,255,255,255
28,0.5601136479999695,3.1723333748653797,-1.9239523888656935,-10.116016870329801,2.056893563207711,0.18460811014544157,-0.2000373912007376,0.1354005288693787,0.2122638276562805,4.802343214771465e-05,0.027589706154466077,70,255,255,255
29,0.5801121810000041,3.213520331439966,-1.9201815228764807,-10.120017598431048,2.0593478287293285,0.1885432994606447,-0.20003640506229256,0.12271327608087557,0.19675946576015596,4.9306922252245755e-05,0.028874058080072557,70,255,255,255
30,0.6000920990009035,3.254777984606373,-1.916304682216672,-10.12401829689769,2.062882658320343,0.19384203299043623,-0.2000349233320735,0.17674147955071806,0.26493667648957725,7.408651095275331e-05,0.030753844495111485,70,255,255,255
31,0.6200766789988847,3.296100030980018,-1.9123293118373152,-10.128018961455856,2.066102318682261,0.1987685189678382,-0.20003322790830397,0.16098301809589666,0.24632429887009877,8.477118847702303e-05,0.03248324799694729,70,255,255,255
32,0.6400726280007802,3.3374804787310755,-1.9082625647292417,-10.132019591780443,2.0690223875528755,0.2033373554036771,-0.20003151622933757,0.14600344353072625,0.2284418217919446,8.558394831995053e-05,0.03407429921863621,70,255,255,255
33,0.6600739220011747,3.3789136192013003,-1.9041113095381663,-10.136020189331026,2.0716570235112317,0.2075627595537703,-0.20002987752914858,0.13173179791780854,0.21127020750466058,8.193500944939092e-05,0.03553806634259005,70,255,255,255
34,0.6801167129997339,3.4203941347339852,-1.8998821273798865,-10.140020768811084,2.074025776634238,0.21145910791398756,-0.2000289740029012,0.11843765615031421,0.1948174180108629,4.517631236908293e-05,0.03688473209662757,70,255,255,255
35,0.7001148070012277,3.461943168095873,-1.8955494621926887,-10.14402133508136,2.077451668094398,0.21663325935989222,-0.20002831351381034,0.17129457300800643,0.2587075722952329,3.30244545437286e-05,0.038822070747641255,70,255,255,255
36,0.7201179350013263,3.503554139773433,-1.8911210138238144,-10.14802188902937,2.0805485838780133,0.22142241844371235,-0.20002769740044435,0.15484578918076375,0.23945795419100604,3.080566829954945e-05,0.04060442230657384,70,255,255,255
37,0.7401002010010416,3.5452206991642403,-1.8866041790577972,-10.15202242483325,2.0833279695403615,0.22584173830085838,-0.20002679019403513,0.13896928311739964,0.22096599285730112,4.5360320460263726e-05,0.04224418574079181,70,255,255,255
38,0.760080222000397,3.5869367805776724,-1.8820060529010356,-10.156022936331084,2.085804070671601,0.22990630783807942,-0.2000255748916896,0.12380505656197016,0.20322847686105114,6.0765117277206127e-05,0.04375276810027235,70,255,255,255
39,0.7801687520004634,3.6286969502581106,-1.8773334052083486,-10.160023452492437,2.088008484021902,0.23363238463434888,-0.20002580806765913,0.11022066751505433,0.18630383981347287,-1.1658798477032217e-05,0.04514066387099445,70,255,255,255
40,0.8001124590009567,3.670521570479031,-1.8725622752348434,-10.164023951055801,2.0912310110460166,0.23855649867525708,-0.20002492816818,0.16112635120573593,0.24620570204541048,4.399497395685126e-05,0.04711557473917485,70,255,255,255
41,0.8201701459984179,3.712404039414043,-1.8677004286010468,-10.168024450739193,2.0941234467506047,0.24309233168983407,-0.20002498416955983,0.14462178522939917,0.22679165072884944,-2.8000689919760458e-06,0.048932492737900804,70,255,255,255
42,0.8401269700007106,3.7543377360268124,-1.8627553391880194,-10.172024936859597,2.096684830638483,0.24725447065136869,-0.20002430602022234,0.12806919439392894,0.20810694807673052,3.3907466874982806e-05,0.0506040572967287,70,255,255,255
43,0.8601280900002166,3.7963164963260922,-1.8577341528740308,-10.1760254098114,2.0989380149639882,0.25105931569942674,-0.20002364759020483,0.1126592162752642,0.19024225240290266,3.292150087483292e-05,0.05214189669085034,70,255,255,255
44,0.8801573119999375,3.8383345439846117,-1.8526437004456047,-10.180025878979038,2.1009023829259763,0.25452262142129983,-0.20002345838183955,0.0982183980993967,0.17316528609365323,9.460418263856907e-06,0.053556708933442256,70,255,255,255
45,0.900132605998806,3.880411985034967,-1.8474614097041975,-10.18402633478129,2.103872052517762,0.25911453707035564,-0.2000227901125814,0.14848347958929642,0.2295957824527898,3.341346290777758e-05,0.055556583424258295,70,255,255,255
46,0.9201263840004685,3.9225419120575724,-1.8421950039435262,-10.188026775299756,2.1064963511302786,0.26332028803356,-0.20002202592332508,0.13121493062581857,0.2102875481602187,3.820946281565818e-05,0.05739646795580907,70,255,255,255
47,0.9401072590007971,3.964717706810858,-1.8368518815665906,-10.192027194626634,2.108789737664288,0.2671561188467768,-0.20002096634395222,0.1146693267004757,0.19179154066084156,5.2978968642453106e-05,0.05908916172483576,70,255,255,255
48,0.9601065989991184,4.006933133847372,-1.8314391142049185,-10.196027593151298,2.1107713518257256,0.27063836808361286,-0.20001992623316456,0.09908070807187519,0.17411246184180237,5.200553938386476e-05,0.06064643999234033,70,255,255,255
49,0.9801430789993901,4.0491823872828645,-1.825963449332517,-10.200027983157838,2.1124626717745993,0.2737832436200751,-0.2000195003270554,0.08456599744367921,0.1572437768231116,2.1295305457497138e-05,0.062079135998444536,70,255,255,255
50,1.000108017000457,4.09148535329514,-1.8204035185504992,-10.204028364119575,2.1151483006137863,0.2779965391008891,-0.20001904808680432,0.1342814419593541,0.21066477404070078,2.2612012554490413e-05,0.06409541211335879,70,255,255,255
51,1.0201086279994342,4.13383512633917,-1.8147668723245647,-10.208028736165176,2.1174886522014766,0.28183231129672287,-0.20001860228001297,0.11701757938450763,0.19178860979168688,2.22903395678542e-05,0.06595038613907989,70,255,255,255
52,1.0401693069979956,4.176225332528973,-1.8090607116118698,-10.212029118651614,2.1195103094901526,0.2853080356347421,-0.200019124321958,0.10108286443380976,0.17378621690096308,-2.6102097251262668e-05,0.0676569622427433,70,255,255,255
53,1.0602342809979746,4.218649929462699,-1.803291915160666,-10.216029531132143,2.1212298466863206,0.28843982256019546,-0.20002062402647097,0.08597685980840097,0.15658934627266852,-7.498522564808319e-05,0.06922701225811363,70,255,255,255
54,1.0829243570005929,4.261111582583828,-1.7974662090236313,-10.220030831971469,2.1230826560564395,0.291285306851734,-0.2000650419663127,0.09264046850593921,0.1422742145769258,-0.002220896992086663,0.07067145827225435,70,255,255,255
55,1.1001212060000398,4.303620643917654,-1.7915203900469117,-10.224032089962401,2.1254530666912825,0.29729094883598706,-0.2000628995465835,0.11852053174214205,0.3002820992126531,0.00010712098646015189,0.07269903454582341,70,255,255,255
56,1.1201410430003307,4.346170317951682,-1.7854641296362874,-10.228033312010897,2.1274837017013755,0.302813020531216,-0.20006110242476807,0.10153175050463625,0.2761035847614469,8.985609077052925e-05,0.07456440471750696,70,255,255,255
57,1.1401663169999665,4.388754169322244,-1.7793066937052031,-10.232034506405904,2.129192568528082,0.3078717965542187,-0.20005971975037612,0.0854433413353326,0.25293880115013495,6.913371959713088e-05,0.07628054527545583,70,255,255,255
58,1.1601099489998887,4.431365832849354,-1.7730569828380147,-10.236035654857842,2.130583176355529,0.3124855433594243,-0.20005742259684592,0.06953039137234196,0.2306873402602806,0.00011485767651003842,0.07785939458876878,70,255,255,255
59,1.1800799859993276,4.473999365260376,-1.7667235019271226,-10.240036748697609,2.13167662055107,0.3166740455446087,-0.2000546919883635,0.054672209777070435,0.20942510925921926,0.0001365304241199572,0.07931193595701667,70,255,255,255
60,1.2001510390000476,4.516674045027184,-1.7602470734330669,-10.244037773519313,2.1337339883403925,0.3238214247027864,-0.20005124108522193,0.1028683894661202,0.357368957908885,0.00017254515707948448,0.08134577035392375,70,255,255,255
61,1.220138112999848,4.559383082457604,-1.7536389603525233,-10.248038727688003,2.135451871520979,0.33040565402717287,-0.20004770843452926,0.08589415902932496,0.32921146621932407,0.0001766325346333475,0.08321689799907826,70,255,255,255
62,1.2401108419981028,4.602119994364724,-1.7469099661069811,-10.25203960518947,2.1368455953560175,0.3364497122771039,-0.20004387507335503,0.06968619175192314,0.3022029124965525,0.00019166805871126402,0.08493833543262042,70,255,255,255
63,1.2600868240006093,4.6448786523633,-1.7400704380731704,-10.256040401533985,2.137932899928785,0.3419764016905411,-0.200039817225774,0.05436522863837956,0.276334470671859,0.0002028923790511894,0.08652205787147921,70,255,255,255
64,1.2800734250013193,4.687653294958248,-1.7331302755609945,-10.260041116029136,2.1387321297474142,0.3470081256087981,-0.20003572475749798,0.039961490931453625,0.2515861959128506,0.0002046234138010361,0.08797908251522926,70,255,255,255
65,1.3000765920005506,4.7304633528652165,-1.7260345569610422,-10.26404176448653,2.14050289534841,0.3547859299976106,-0.20003242286966788,0.08853828004979869,0.3888902194406253,0.00016509439150547145,0.09001739779615907,70,255,255,255
66,1.320071400001325,4.773302188458435,-1.7187956500960813,-10.26804234816946,2.141941779660913,0.3619453432480498,-0.20002918414652848,0.0719442156251322,0.3579706625219583,0.00016193615697029928,0.09189264785461447,70,255,255,255
67,1.3400747710002179,4.816163543726975,-1.7114254062581649,-10.272042871109223,2.1430677634270308,0.3685121918958249,-0.20002614698812524,0.05629918830589453,0.3283424323887563,0.00015185792016270128,0.09361787790839345,70,255,255,255
68,1.3600724460011406,4.859041481881892,-1.7039351781707577,-10.276043335369705,2.143896907745846,0.3745114043703641,-0.20002321302406,0.041457215940762016,0.2999606237269607,0.00014669820326199123,0.09520508955787009,70,255,255,255
69,1.380168521998712,4.901930710692147,-1.6963357884297074,-10.280043774473164,2.1444614405127504,0.3799694870525133,-0.20002195517296129,0.02822663834521988,0.27290413410745984,6.289255493596713e-05,0.09666532427538863,70,255,255,255
70,1.4000834789985674,4.944850100685099,-1.6885762484979434,-10.284044161287259,2.1459694996476006,0.38797699658820184,-0.2000193407047202,0.0754029567425194,0.4003754767844258,0.0001307234120550005,0.09870690417000497,70,255,255,255
71,1.420076186001097,4.987793147828206,-1.6806696250364637,-10.288044495996688,2.1471523571553286,0.3953311730739848,-0.20001673547148643,0.05914287538639762,0.36770882428914736,0.0001302616616879193,0.10058515767305203,70,255,255,255
72,1.4401149379991693,5.030753847823422,-1.6726284154100657,-10.292044793592838,2.148034999760836,0.4020604813198994,-0.20001487980746147,0.04413213027536589,0.3364654122957305,9.278320124830874e-05,0.10231315089585533,70,255,255,255
73,1.4600901119993068,5.07372632493643,-1.6644646109652694,-10.29604504788203,2.1486238556504174,0.4081902222398138,-0.2000127144595882,0.029442794479078493,0.3064870459957202,0.00010826739366320837,0.10390290466083435,70,255,255,255
74,1.4800940879977134,5.116705129299977,-1.6561896668149478,-10.300045262328139,2.1489402181773283,0.41374720751608,-0.20001072230542652,0.015818126345552574,0.2778492638133107,9.960770808450925e-05,0.10536547812461507,70,255,255,255
75,1.5000715509995644,5.159709375573975,-1.6477560780810123,-10.304045446458636,2.150212313699913,0.4216794366967796,-0.20000920652482848,0.06360477612923354,0.3966114590349802,7.578902990165726e-05,0.10740941466516343,70,255,255,255
76,1.5201063849999628,5.202732841918561,-1.6391772393588013,-10.308045612944728,2.1511733172292864,0.4289419361105543,-0.200008324304633,0.04805017646867338,0.36312497068873506,4.4111009774278065e-05,0.10928983628246794,70,255,255,255
77,1.540114185998391,5.245769562546542,-1.6304659869452411,-10.312045765075023,2.151836031399079,0.4355626206780089,-0.20000760651473665,0.03313570848963465,0.3310342283727283,3.588949481769799e-05,0.11101982417038808,70,255,255,255
78,1.5601133060008578,5.288813880631919,-1.621634602988704,-10.316045903185861,2.1522159042688407,0.44156919782685145,-0.20000690554184988,0.018993643488067313,0.3003288574421276,3.504864433839794e-05,0.11261141302727459,70,255,255,255
79,1.5801432259977446,5.331860565162301,-1.6126948101334384,-10.32004603747183,2.152334226519088,0.4469896427632818,-0.20000671429841949,0.005916112512369676,0.27102224682151604,9.562171520233198e-06,0.1140756747756102,70,255,255,255
80,1.6001242179991095,5.374928205878683,-1.603602439701314,-10.324046138670765,2.153382035819102,0.4546185216062189,-0.20000505994676565,0.05239046500068634,0.38144394214685606,8.271758269134954e-05,0.11612078895008845,70,255,255,255
81,1.6201295540013234,5.418010654259966,-1.5943709504347396,-10.328046210313492,2.1541224190641586,0.461574463328721,-0.2000035821363317,0.037019162252827975,0.3477970861251041,7.389052169737287e-05,0.11800229399060846,70,255,255,255
82,1.6401286039981642,5.461102086888836,-1.585013219360455,-10.332046253754752,2.1545716314435035,0.46788655371423615,-0.20000217206305504,0.022460618967251378,0.3156045192757574,7.050366383323792e-05,0.11973327862788687,70,255,255,255
83,1.660103528000036,5.5041969381750375,-1.5755415652241702,-10.336046262592811,2.154742564310078,0.4735827068142331,-0.2000004419029041,0.008546643328711134,0.28480765499984717,8.650800754617105e-05,0.12132578449418298,70,255,255,255
84,1.680110462999437,5.547290073429071,-1.565967733532565,-10.340046241108917,2.1546567627016655,0.4786915845802545,-0.19999892580530793,-0.004290080420610298,0.2554438883010719,7.580487980896056e-05,0.12279088989117541,70,255,255,255
85,1.7001065539989213,5.590400634731292,-1.556250391090525,-10.344046224941723,2.155528065111068,0.48586712210200333,-0.19999919164024754,0.043565120470126395,0.3587768760874402,-1.329174698111446e-05,0.12483755960266639,70,255,255,255
86,1.7200705479990575,5.633522484401527,-1.5464028343207874,-10.348046202276173,2.1560924835117503,0.49237783848687955,-0.1999988667224685,0.028220920034123687,0.3255358192438103,1.624588895182688e-05,0.1267204957372381,70,255,255,255
87,1.7401137159977225,5.676650088315818,-1.536437727126818,-10.352046187352192,2.1563801957145596,0.4982553596984715,-0.19999925380097885,0.014385610140457583,0.2938760605795971,-1.9353925518245108e-05,0.12845279698104403,70,255,255,255
88,1.760072412998852,5.719777964883663,-1.5263672076173658,-10.356046166512206,2.1563938283922375,0.5035259754726111,-0.1999989580007151,0.0006816338839019664,0.263530788706979,1.479001318768769e-05,0.13004651412534554,70,255,255,255
89,1.7800758429984853,5.762901104119338,-1.5162028299361188,-10.360046141242119,2.1561569617837684,0.5082188840623549,-0.1999987364956602,-0.011843330423446208,0.23464542948718908,1.107525274512966e-05,0.1315127338981029,70,255,255,255
90,1.8000751590006985,5.806037916089221,-1.505906248361376,-10.36404609120145,2.1568405984941306,0.5148290787371311,-0.1999974979665479,0.03418183551811538,0.3305097337388099,6.19264556149246e-05,0.13355912294506714,70,255,255,255
91,1.820078813998407,5.849182573226099,-1.4954903466010308,-10.368046019126098,2.157232856843914,0.520795088017263,-0.19999639623239915,0.01961291748916505,0.29830046400659704,5.508670743689659e-05,0.13544180086827423,70,255,255,255
92,1.8400911530006852,5.892329612853342,-1.4849674212503996,-10.372045930401946,2.1573519813621247,0.5261462675315542,-0.199995563792364,0.005956225910527468,0.26755897571456255,4.162200175730768e-05,0.13717386455762476,70,255,255,255
93,1.8600904710001487,5.935473854575721,-1.4743492098475415,-10.376045825951639,2.157212086118977,0.5309105701429009,-0.1999947774846545,-0.006994762157364942,0.23821513056733412,3.9315385474358866e-05,0.13876736315182725,70,255,255,255
94,1.8801222369984316,5.978610537131968,-1.4636468794443256,-10.380045717050987,2.1568341278123535,0.5351165201607951,-0.19999455496740465,-0.018897915331177906,0.21029750089471144,1.1125862493022165e-05,0.14023338185849354,70,255,255,255
95,1.900107506000495,6.021758105374144,-1.4528246340593787,-10.384045597266692,2.157378412108804,0.5411122692473446,-0.19999401078525328,0.027214214822518734,0.2997874543274718,2.7209107567760515e-05,0.1422804294562222,70,255,255,255
96,1.9200992279984348,6.064910843562299,-1.4418948281031152,-10.388045464794466,2.1576369094077634,0.5464902978131756,-0.19999337638874157,0.012924864947980286,0.2689014282915517,3.171982558500264e-05,0.14416371324613259,70,255,255,255
97,1.9401172239995503,6.1080634547057775,-1.4308692308421804,-10.392045326366262,2.1576305571739116,0.5512798630467345,-0.19999307858981658,-0.00031761169259425515,0.23947826167794717,1.4889946249235786e-05,0.14589633433285012,70,255,255,255
98,1.9601105600013398,6.151210880924635,-1.4197590736479626,-10.396045180428445,2.157371310942899,0.5555078597108899,-0.19999270310911196,-0.012962311550635874,0.21139983320776812,1.87740352305954e-05,0.14749034573263026,70,255,255,255
99,1.9801961029988888,6.194348671169992,-1.4085749932384677,-10.400045055038849,2.156889512267846,0.5592040204747473,-0.19999373052023586,-0.024089933752636572,0.1848080381928695,-5.137055619450215e-05,0.14895683622042796,70,255,255,255
100,2.000095078998129,6.237494888330795,-1.3972837122448099,-10.404044920485527,2.1573108580401317,0.564564049682892,-0.1999932723338979,0.02106728861428886,0.2680014604072356,2.290931689705178e-05,0.15100413200019236,70,255,255,255
101,2.020075555999938,6.280643930371065,-1.38589694013941,-10.408044771286228,2.1574521020135053,0.5693386052699934,-0.19999254003503497,0.00706219866869473,0.23872777935506673,3.661494314727287e-05,0.1528876441175756,70,255,255,255
102,2.0401130159989407,6.3237907092027665,-1.3744258001398473,-10.412044620545629,2.1573389415850954,0.5735569999781304,-0.19999246297003173,-0.0056580214204862145,0.2109197354068515,3.853250161500732e-06,0.1546204752655682,70,255,255,255
103,2.060118032997707,6.36693034182668,-1.3628809038245946,-10.416044470202833,2.1569816311956567,0.5772448157626316,-0.1999924828601568,-0.0178655194719326,0.18439078922506658,-9.945062533767146e-07,0.15621467992172142,70,255,255,255
104,2.080078315000719,6.410058106505483,-1.351272372720397,-10.42004430776476,2.156388233940153,0.580426555209878,-0.19999187809634636,-0.029669862775171474,0.15908697236231728,3.023819052205834e-05,0.15768134820538235,70,255,255,255
105,2.1001995609985897,6.453192157429666,-1.3395373899810898,-10.424044128643589,2.1567025462091682,0.5867491369653544,-0.19999104394138853,0.01571561345075967,0.31612908777382265,4.170774789211129e-05,0.15972857609876007,70,255,255,255
106,2.12008468500062,6.496326735339835,-1.3276889549896802,-10.428043897366578,2.156728895508433,0.5924217495704791,-0.19998843614945438,0.0013174649632241575,0.28363063025623914,0.00013038959670766403,0.16161202576066755,70,255,255,255
107,2.1401143330003833,6.539456888165773,-1.3157393715632457,-10.432043626920482,2.15650764129689,0.5974791713217278,-0.19998647769519326,-0.011062710577139256,0.25287108756243326,9.792271305575362e-05,0.16334479944962246,70,255,255,255
108,2.1601673859986477,6.582578042937607,-1.3037003513981356,-10.436043337065119,2.156057738591687,0.6019510082555134,-0.1999855072318478,-0.022495135260149457,0.22359184668928156,4.852316727335659e-05,0.16493895124346095,70,255,255,255
109,2.1801253970006655,6.625685611326155,-1.2915831104601472,-10.440043015992334,2.155378419427372,0.605862046899423,-0.19998394636076447,-0.033965958215731895,0.19555193219548128,7.804355416676789e-05,0.16640557089379238,70,255,255,255
110,2.200122096000996,6.668798078301599,-1.2793287278221663,-10.444042706526648,2.155623348772214,0.6127191318990414,-0.19998452671569758,0.01224646724209899,0.34285424998091707,-2.9017746655229937e-05,0.16845335712555148,70,255,255,255
111,2.2201243589988735,6.711910177243158,-1.2669509561817582,-10.44804240919094,2.1556049470779906,0.61888858202041,-0.19998513321455555,-0.0009200847111818788,0.3084725060684277,-3.032494289859078e-05,0.17033732045876984,70,255,255,255
112,2.2401158089996898,6.755016923514563,-1.254462928110049,-10.452042120997147,2.155337313570226,0.6244014035854624,-0.19998559031035182,-0.013381675388219882,0.27564107825261897,-2.2854789813092635e-05,0.17207056672533075,70,255,255,255
113,2.2601093349985604,6.7981136467651835,-1.2418771631725578,-10.456041839786185,2.1548361625310344,0.6292882468745542,-0.1999859394518856,-0.025057551959579705,0.24434216445459322,-1.7457076689236795e-05,0.17366515329056678,70,255,255,255
114,2.2801191600010497,6.841196025059074,-1.2292055746643626,-10.460041568733022,2.1541189146945428,0.6335794254097572,-0.1999864473418442,-0.03586239182457174,0.21455892676014765,-2.539449792940407e-05,0.17513217293058392,70,255,255,255
115,2.3000726079990272,6.884281736484818,-1.2163931527191896,-10.464041289846515,2.154285571287166,0.640621097258658,-0.19998605567464864,0.008332829631143568,0.3520835924450394,1.9583359778391207e-05,0.17717955353218506,70,255,255,255
116,2.3201928339985898,6.92736602863942,-1.2034540378786658,-10.468041042515203,2.154214607730102,0.6469557420261939,-0.19998763343439838,-0.003548177853200052,0.3167322383767921,-7.888798748720283e-05,0.17906314368565812,70,255,255,255
117,2.340085904997977,6.9704437096389,-1.190401892156268,-10.472040791024224,2.1538840499739953,0.6526072861198909,-0.1999874254510582,-0.016527887805317665,0.2825772046848527,1.039916700920629e-05,0.18079604662685334,70,255,255,255
118,2.3601982760010287,7.013510611450176,-1.1772495772799714,-10.476040571984264,2.153345090563785,0.6576157438148278,-0.19998904800204562,-0.026947970510506458,0.2504228847468435,-8.112754937095179e-05,0.18239031733275293,70,255,255,255
119,2.3801288649992784,7.056562251666436,-1.1640094773439846,-10.480040361587207,2.1525820108130054,0.6620049967993414,-0.1999894801471426,-0.038153987538982026,0.2194626492256847,-2.1607254849648205e-05,0.18385704638218053,70,255,255,255
120,2.4001128259988036,7.099616284501801,-1.1506298818805538,-10.484040155541033,2.152701641768283,0.6689797731715371,-0.19998969769129576,0.005981547763879824,0.34873881860978395,-1.0877207658160915e-05,0.1859048718883676,70,255,255,255
121,2.420102557000064,7.142667647085793,-1.1371252147351245,-10.488039950628282,2.1525681291996164,0.675233357271464,-0.19998975436251387,-0.006675628433332026,0.3126792049963465,-2.833560905635135e-06,0.1877888713540597,70,255,255,255
122,2.440106130998174,7.185711628890155,-1.1235092238049056,-10.492039748252491,2.152199090218048,0.6807995465109494,-0.19998988121044867,-0.01845194907841874,0.27830946197426876,-6.3423967394671266e-06,0.18952215086249644,70,255,255,255
123,2.4601098310013185,7.228743814230785,-1.10979501013455,-10.496039549769243,2.151609267031528,0.6857106835177846,-0.19999007583762102,-0.029491159326004546,0.24555685034175978,-9.731358616899e-06,0.1911167680102582,70,255,255,255
124,2.4801868539980205,7.2717603058725535,-1.095994989546228,-10.500039379909918,2.150824582088421,0.6900010294160951,-0.19999150703377003,-0.03923424715534907,0.21451729491552252,-7.155980745082724e-05,0.19258381578619904,70,255,255,255
125,2.5001651829988987,7.3147785020813485,-1.0820606142226878,-10.504039228186297,2.150909810439758,0.6967187661770097,-0.19999241381895516,0.004261417566850945,0.3358868380457316,-4.5339259257232145e-05,0.1946319509757621,70,255,255,255
126,2.5201482529992063,7.357793417293216,-1.0680062525747211,-10.508039088335396,2.1507457605933604,0.7027180823983378,-0.19999300745492385,-0.008202492319878463,0.29996581106640385,-2.9681798433878193e-05,0.19651623535016013,70,255,255,255
127,2.541925595000066,7.400806111998035,-1.0538441673416834,-10.512039528618052,2.150634735240935,0.7081042616518818,-0.20002201413282014,-0.005551267621277667,0.26930896267720206,-0.0014503338948142763,0.1982497769746063,70,255,255,255
128,2.5601108560003922,7.443806091949901,-1.039588931775971,-10.51603993280532,2.149998997593322,0.7127617782856153,-0.20002020936343543,-0.0317868823806684,0.2328758316866718,9.023846923530976e-05,0.1998446352690968,70,255,255,255
129,2.581053633999545,7.486792336955667,-1.0252521875661182,-10.520040604105185,2.1493122502882804,0.7168372104926332,-0.20003356499321878,-0.034337365252071095,0.20377161035089386,-0.0006677814891673239,0.20131190490002807,70,255,255,255
130,2.6001202029983688,7.529779037400601,-1.0107891150200436,-10.524041233075689,2.149335022246694,0.7231536273037324,-0.20003144852517096,0.0011385979206859353,0.3158208405549645,0.00010582340239118082,0.2033597493254864,70,255,255,255
131,2.6201148699983605,7.572761370172041,-0.9962137979330816,-10.528041819543681,2.149116638572007,0.7287658543481024,-0.20002932339956558,-0.010919183734356963,0.2806113522184944,0.00010625628026905698,0.20524376619690807,70,255,255,255
132,2.640129560000787,7.61573487260597,-0.9815396380037144,-10.532042369821763,2.148675121696474,0.7337079964683645,-0.20002751390409604,-0.022075843776644177,0.24710710601310504,9.047477347667865e-05,0.20697706171861602,70,255,255,255
133,2.6601204449980287,7.658695287750737,-0.9667794107843249,-10.536042882284084,2.1480207572383176,0.7380113609694723,-0.2000256231160639,-0.03271822290782822,0.2151682250553919,9.453940160783492e-05,0.20857169359858732,70,255,255,255
134,2.680123433998233,7.701638673744259,-0.9519452529305255,-10.540043359336131,2.147169299676102,0.7417078926899728,-0.20002385260233133,-0.04257287811079058,0.18482658602502966,8.852568662784388e-05,0.2100387549281609,70,255,255,255
135,2.700111427999218,7.744582010152957,-0.9369943617466916,-10.544043791612516,2.147166820434921,0.7475445591916954,-0.20002161381928446,-0.00012396205906428648,0.29183332508612636,0.0001119391523436708,0.21208637158808438,70,255,255,255
136,2.7201647039983072,7.787520761096864,-0.9219403355607727,-10.548044198156457,2.146937547195369,0.752701309295942,-0.20002032719709498,-0.011463661977600292,0.25783750521233073,6.433110947418053e-05,0.21397017891521394,70,255,255,255
137,2.740123481999035,7.83045036779196,-0.9067962034683448,-10.552044566670393,2.146480334754794,0.7572066046213948,-0.20001842569673334,-0.022860622028752164,0.22526476627263636,9.507501808256325e-05,0.21570328165617317,70,255,255,255
138,2.7601258869981393,7.873366699218458,-0.8915743192926511,-10.556044899616099,2.1458165713249024,0.761094208784687,-0.20001664728526422,-0.03318817149457676,0.1943802081646151,8.892057345566418e-05,0.21729773617785567,70,255,255,255
139,2.780125819001114,7.916265885544601,-0.8762864221676736,-10.560045198573196,2.1449593163071605,0.7643948562488735,-0.20001494785487425,-0.04286275088709557,0.16503237320932507,8.497151949873882e-05,0.21876463433780358,70,255,255,255
140,2.800145117998909,7.9591647967748,-0.8608922917581564,-10.564045464169869,2.1449455615099695,0.7697065204758589,-0.20001327983369455,-0.0006877398595537265,0.26558321134926643,8.340105898577144e-05,0.22081239246334075,70,255,255,255
141,2.820128390998434,8.002058757630442,-0.8454050265202768,-10.56804569263015,2.144698042782118,0.7743632618939779,-0.20001142301404423,-0.012375936392575948,0.23283707090595096,9.284098251616246e-05,0.22269632993883495,70,255,255,255
142,2.8401064760000736,8.044943364668637,-0.8298370926673082,-10.572045878803886,2.1442303519097483,0.7783966926484298,-0.20000930868677666,-0.023384543618470754,0.20167153772259772,0.00010571636337902701,0.2244295524162896,70,255,255,255
143,2.8600979350012494,8.087814536415973,-0.8142003255256471,-10.576046022197271,2.1435585873668535,0.7818383570830523,-0.20000716966926507,-0.03358822714473453,0.17208322173112534,0.00010695087557924254,0.22602411709554787,70,255,255,255
144,2.880220938997809,8.130668878727898,-0.7985058425635683,-10.580046164508977,2.142717115596195,0.7847241481039436,-0.20000711558527828,-0.04207358853291954,0.14428955104456975,2.704199339398361e-06,0.22749111660046548,70,255,255,255
145,2.900142247999611,8.173522743610556,-0.7827160463865178,-10.584046277574604,2.1426932441329263,0.789489808852523,-0.20000565328141556,-0.0011935731634444835,0.23828303742896428,7.311519313657477e-05,0.22953880627608114,70,255,255,255
146,2.9201148959982675,8.216371505999488,-0.7668433837822717,-10.588046354215374,2.1424381194466258,0.7936331302123046,-0.20000383203851294,-0.01275623431502071,0.20716606798908355,9.106214513182609e-05,0.23142268077764755,70,255,255,255
147,2.9401325609978812,8.259210970552495,-0.7508996455394531,-10.592046402146952,2.141973227650327,0.7971869121409312,-0.20000239657891666,-0.023244589814936045,0.1776890964313248,7.177297981328379e-05,0.23315584531908864,70,255,255,255
148,2.96011797599931,8.30203710532445,-0.734896058650102,-10.596046418348,2.1413067385977946,0.8001793444675565,-0.20000081005239279,-0.03332445262663519,0.14962161633126336,7.93263261943955e-05,0.23475035669721447,70,255,255,255
149,2.98017094700117,8.34484635779379,-0.718843209549011,-10.600046421647148,2.1404626234669553,0.8026424550545478,-0.2000001649574063,-0.042205756541978445,0.12315552934956564,3.2254749324889254e-05,0.2362173071650902,70,255,255,255
150,3.000106494000647,8.38765523873268,-0.7027057461281532,-10.604046421510512,2.1404440469444896,0.8068731710428938,-0.19999999316815736,-0.0009288261232804906,0.21153579941730094,8.58946244669534e-06,0.23826542339836326,70,255,255,255
151,3.020162242999504,8.430459454620243,-0.6864953102444527,-10.608046435984136,2.1402107943780777,0.8105217941850265,-0.20000072368117594,-0.011662628320591395,0.1824311571066315,-3.652565092832072e-05,0.24014969033297448,70,255,255,255
152,3.0401256549994287,8.473254681532536,-0.6702230506494371,-10.612046452460087,2.1397613456146334,0.8136129797507761,-0.20000082379752235,-0.022472438172208342,0.1545592782874814,-5.005817320546946e-06,0.24188321591281678,70,255,255,255
153,3.0601462759987044,8.516037052432214,-0.6538994911627773,-10.616046477390583,2.1391185449838965,0.8161779743329866,-0.20000124652480022,-0.03214003153684297,0.128249729110524,-2.1136363894308507e-05,0.2434780594462717,70,255,255,255
154,3.080105334000109,8.558802755872199,-0.6375346653596418,-10.620046497127023,2.1382851719992546,0.8182412901567789,-0.20000098682202425,-0.041668649232107224,0.10316579118962055,1.2985138799548324e-05,0.24494531549705026,70,255,255,255
155,3.100106597998092,8.601567894188946,-0.6210637863646401,-10.624046505504992,2.138256915837417,0.8235439497500832,-0.20000041889851644,-0.0014128080918700547,0.26513297966520943,2.8396175390549283e-05,0.24699317406949683,70,255,255,255
156,3.1201673159994243,8.644328271366149,-0.6044996692550972,-10.628046522622357,2.138018858860163,0.8282058554771434,-0.20000085586820288,-0.011902848862690885,0.23309528635301424,-2.184848432190689e-05,0.24887720395614768,70,255,255,255
157,3.1401223619977827,8.687079612615891,-0.5878546142180952,-10.632046533542082,2.137567062487106,0.8322527518501049,-0.20000054598629263,-0.022589818652872573,0.2023448186480754,1.54940955115479e-05,0.25061051145186647,70,255,255,255
158,3.160124423000525,8.729818064543029,-0.5711402662882711,-10.636046539278079,2.136922596356891,0.8357173964912021,-0.20000028679976292,-0.032223306510731575,0.17323223205485883,1.295932648609499e-05,0.25220515434792773,70,255,255,255
159,3.1801189729994803,8.772540001543831,-0.5543676901182107,-10.640046538388189,2.1360968500401514,0.838628808503015,-0.19999995550552851,-0.04128731583699441,0.14557060059064275,1.6564711720040703e-05,0.2536722258123041,70,255,255,255
160,3.200112263999472,8.815261178196044,-0.5374762050990212,-10.644046514316193,2.136058832610663,0.8445742509594809,-0.1999987964001405,-0.001900871474425081,0.29727212282329607,5.795526940088891e-05,0.2557197797490546,70,255,255,255
161,3.2206734089995734,8.85797908190194,-0.520478916471937,-10.64804664805793,2.1358951852947827,0.8498644313542073,-0.20000668708683708,-0.008182365793999669,0.2645090197363207,-0.0003945343348285002,0.25760352937086506,70,255,255,255
162,3.2400856079984806,8.900687679429163,-0.5033894890290527,-10.652046741834269,2.135429876361209,0.8544713721442151,-0.2000046888169754,-0.023265446678684576,0.2303470395003887,9.991349308449693e-05,0.25933657902293067,70,255,255,255
163,3.2600745300005656,8.9433831599428,-0.4862203245031438,-10.656046794348134,2.1347740256818057,0.8584582262954443,-0.2000026256932316,-0.03279253397017756,0.19934270756146255,0.00010315618718939601,0.26093098470283105,70,255,255,255
164,3.2800743359985063,8.986061997074033,-0.4689831969565829,-10.660046807929168,2.133941856561746,0.8618563773280448,-0.2000006790517704,-0.04160845600298613,0.1699075516300217,9.733207305903657e-05,0.2623978379283394,70,255,255,255
165,3.3000734749984986,9.028740299586618,-0.4516208836022822,-10.664046823483295,2.133915125629192,0.8681156677150361,-0.20000077770628036,-0.001336546627713986,0.31296451934957004,-4.932725496925583e-06,0.2644460517490417,70,255,255,255
166,3.3201301480003167,9.071413995627255,-0.43414749388536783,-10.6680468590026,2.1336848020318753,0.8736694858457187,-0.20000177596521868,-0.011516179865843856,0.27769090653412976,-4.991294691583659e-05,0.26633040846408784,70,255,255,255
167,3.340076967000641,9.114078913491399,-0.4165765844207977,-10.672046896214422,2.1332458932071985,0.8785454732285066,-0.2000018605910815,-0.02194544123384734,0.24379936913939593,-4.231293141476744e-06,0.26806401664193025,70,255,255,255
168,3.360089286998118,9.156731355425048,-0.3989209852840873,-10.67604693890007,2.132622096682467,0.8827799568355187,-0.20000213428240646,-0.031189826236578178,0.21172418035060347,-1.368456624872838e-05,0.2696589361655453,70,255,255,255
169,3.380150869998033,9.199368023142538,-0.38119284022413935,-10.680047006369378,2.1318333858745135,0.8864072529973981,-0.2000033734653987,-0.039435540397659175,0.18136480809396816,-6.195914961251714e-05,0.27112626212727114,70,255,255,255
170,3.400107352001214,9.242003973069343,-0.3633387045316935,-10.684047061355056,2.131797496340256,0.8927067846222945,-0.2000027492839059,-0.0017944767128628136,0.31497658124481753,3.1209074639992895e-05,0.2731740957826056,70,255,255,255
171,3.420113718999346,9.284635051127415,-0.3453729359985939,-10.688047106555585,2.1315539029036112,0.8982884266549771,-0.2000022600264186,-0.012179671832253991,0.27908210163413094,2.446287436444483e-05,0.2750581027455133,70,255,255,255
172,3.4401174490012636,9.327257351839991,-0.32730921243094735,-10.692047143679352,2.131115035628826,0.9031861783823283,-0.20000185618836885,-0.021943363739266974,0.2448875863675568,2.0191902487726177e-05,0.27679138915138835,70,255,255,255
173,3.4601056249994144,9.369867168329856,-0.30916056461834396,-10.696047169367885,2.1304908244932257,0.9074323906301685,-0.20000128442667114,-0.031210556780009835,0.21231061239200733,2.8588084886149723e-05,0.2783860126447934,70,255,255,255
174,3.480111531000148,9.41246109284319,-0.2909393580903638,-10.700047186156118,2.12969622566669,0.911060326399008,-0.20000083941160438,-0.039729941326800855,0.18139678844197848,2.2250753339003726e-05,0.2798530662587261,70,255,255,255
175,3.500128160998429,9.455054232657846,-0.2725952352103421,-10.704047186583846,2.1296569907328324,0.9172061440010852,-0.20000002138639747,-0.0019617466928725236,0.30729088010386296,4.0901260345643786e-05,0.28190074263843357,70,255,255,255
176,3.5201031169999624,9.497642405691247,-0.25414254840390116,-10.708047163617936,2.1294086516700794,0.9226343403220485,-0.1999988517045092,-0.012416953137656783,0.2714098160481613,5.848409441369662e-05,0.28378460490776447,70,255,255,255
177,3.5401843239997106,9.540222028735814,-0.23559484364589972,-10.712047144684991,2.1289811522283792,0.9273852379000724,-0.19999905335280313,-0.021374972085016708,0.23754487890119558,-1.0082414695966602e-05,0.2855177581955489,70,255,255,255
178,3.5601158350000333,9.582789268229208,-0.21696517384995032,-10.716047107656848,2.128361974669667,0.9314834897974701,-0.19999814859284004,-0.030958877935602924,0.20491259486988445,4.5237998153785375e-05,0.2871122592203106,70,255,255,255
179,3.5801890149996325,9.625340993777307,-0.19826578122110963,-10.720047077096062,2.127586277404942,0.9349696314420344,-0.19999847196071985,-0.03878486323624886,0.17430708222821267,-1.6168393990212415e-05,0.28857920016309135,70,255,255,255
180,3.6001126089977333,9.667891901715464,-0.17944935130720174,-10.72404702950989,2.127545396907884,0.9408214956953951,-0.19999762069139412,-0.00204402485291455,0.29259321266803495,4.256346628561669e-05,0.29062683723913085,70,255,255,255
181,3.6201828720004414,9.710438184489185,-0.16052989055696004,-10.728046988480154,2.12731413868603,0.9459730375120852,-0.1999979485131651,-0.011562911092703132,0.2575770908345043,-1.6391088548423083e-05,0.29251066334908715,70,255,255,255
182,3.6401130269987334,9.75297582205189,-0.14152089129386428,-10.732046931328714,2.126881878135316,0.9504499631547887,-0.1999971424279813,-0.021613027535687834,0.22384628213517432,4.030425918921665e-05,0.294243783370247,70,255,255,255
183,3.660109686999931,9.795501262208147,-0.12243510294608745,-10.736046858045516,2.1262720078128203,0.9542894173888418,-0.19999633584004284,-0.030493516124789455,0.1919727117026554,4.0329396922861305e-05,0.295838253789714,70,255,255,255
184,3.680163678000099,9.83801136886929,-0.1032845667900997,-10.740046786992837,2.125505333057201,0.9575268077993875,-0.1999964473660394,-0.03833373778098137,0.1618695205272883,-5.576299827114717e-06,0.29730516657562367,70,255,255,255
185,3.7001766190005583,9.880520810803203,-0.08402468803941922,-10.74404671636013,2.1254720966956606,0.962993937534024,-0.1999964683646327,-0.001661818077011823,0.27335648673182444,-1.0499296654309376e-06,0.2993531755078593,70,255,255,255
186,3.720125323998218,9.923025448642418,-0.0646692223723342,-10.748046629820807,2.125231891960725,0.9677732833542506,-0.1999956730338896,-0.012010236746763603,0.23896729101133318,3.9766537154983794e-05,0.301237343725516,70,255,255,255
187,3.7401164789989707,9.965521534908076,-0.045231202801683516,-10.752046525637331,2.124804313282869,0.9719009785325343,-0.19999479082614882,-0.021378933892796326,0.20638475891418306,4.411038703860948e-05,0.30297077848576026,70,255,255,255
188,3.7604493209983048,10.008006654050963,-0.025722607864109827,-10.756046511544481,2.1242559571443254,0.9754297468786844,-0.19999929535754002,-0.027417806927186206,0.17643841730750887,-0.00022522656955983877,0.3045655384651849,70,255,255,255
189,3.780141529998218,10.050476502976617,-0.006155568859610827,-10.760046483666251,2.1234924462826497,0.97835195022495,-0.19999860608847425,-0.03817554308379467,0.14611016731327675,3.4463453288724466e-05,0.3060327176462556,70,255,255,255
190,3.8000834049998957,10.092945355819985,0.01351169926638638,-10.764046428596927,2.123442642168476,0.9833634062998604,-0.19999724653385134,-0.0024902057086828577,0.2505728037455167,6.797773114580741e-05,0.30808009774078626,70,255,255,255
191,3.820135534999281,10.135409488997457,0.0332660994402436,-10.768046364737689,2.1232066588735847,0.9877200086928607,-0.19999680703804182,-0.011799164744555224,0.21783011965001475,2.197479047669204e-05,0.30996368742775443,70,255,255,255
192,3.8401322620011342,10.177865232602306,0.05309511362889794,-10.772046291670744,2.122787180242486,0.9914507094327171,-0.19999634665274965,-0.020973931554941316,0.18653503699281782,2.30192646078764e-05,0.3116965899397652,70,255,255,255
193,3.8600917359981395,10.220309031135914,0.07298681019749735,-10.776046197097141,2.122189926680386,0.9945848284299703,-0.19999527131988262,-0.029862678104999762,0.1567059498626594,5.3766643351688126e-05,0.31329086025081504,70,255,255,255
194,3.8801077639982395,10.262737742514501,0.09292994188971451,-10.780046087587559,2.121435568929339,0.9971565846108579,-0.19999452452087754,-0.03771788755232963,0.12858780904438072,3.7339950253983956e-05,0.3147575889369809,70,255,255,255
195,3.900101913997787,10.305165530663727,0.11296380459796908,-10.784045962670332,2.1213894074612942,1.001693135412728,-0.19999375413860193,-0.0023080734022435934,0.22682754009350992,3.8519113781027015e-05,0.3168052474230399,70,255,255,255
196,3.920118848000129,10.347588620705123,0.13307588245071544,-10.788045828888665,2.1211545020697686,1.0056038926373183,-0.19999331091667846,-0.011745269576274975,0.19553786122951156,2.216109617297901e-05,0.31868909323021416,70,255,255,255
197,3.940116161000333,10.390003408982691,0.15325426089644328,-10.792045686128636,2.1207394138784554,1.0089189222863915,-0.199992861998607,-0.020754409565653553,0.16575148245366145,2.244590357283749e-05,0.3204222313728145,70,255,255,255
198,3.9601072189980187,10.432406501326613,0.17348762636921716,-10.796045532295924,2.1201546171960453,1.0116682736386946,-0.19999230836438506,-0.02923983412050113,0.13746756761515444,2.768171109679418e-05,0.3220167184640068,70,255,255,255
199,3.980143026998121,10.474794869130754,0.19376531198813393,-10.800045379759581,2.1194183902070827,1.0138842809458382,-0.19999237318283516,-0.03681134944813591,0.11080036535717741,-3.2409225060037183e-06,0.32348364658790374,70,255,255,255
200,4.000106056999357,10.517182314640875,0.21412410548914385,-10.804045218010684,2.11937227550605,1.0179396750504959,-0.19999191255509113,-0.002305735051634894,0.2027697052328873,2.303138720202713e-05,0.32553140628884214,70,255,255,255
201,4.020125195998844,10.559565134526599,0.2345521919135348,-10.808045053985262,2.1191409942861874,1.021404321219548,-0.1999917987289153,-0.011564060993123793,0.17323230845261173,5.6913087921883765e-06,0.32741534521370547,70,255,255,255
202,4.0401775169993925,10.601939961240774,0.2550383968062013,-10.81204490482507,2.1187413357087466,1.024310244633323,-0.19999254199035252,-0.019982928872043004,0.14529617068874356,-3.71630718619953e-05,0.32914856902457973,70,255,255,255
203,4.060121636000986,10.644303295831754,0.2755719846853669,-10.816044751994928,2.118166729549073,1.0266793939582826,-0.19999235849294436,-0.02873030798367493,0.11845746624797826,9.174870407774316e-06,0.3307431349305841,70,255,255,255
204,4.08013259099971,10.686652081547585,0.29614287393908534,-10.820044599465163,2.1174392857914976,1.028544462685921,-0.19999237351177168,-0.03637218787878016,0.09325343638192463,-7.509413667283749e-07,0.3322101355641081,70,255,255,255
205,4.10011992499858,10.728999959950237,0.31681738704346174,-10.82404444642404,2.117393920132613,1.0337256552188208,-0.19999234794380236,-0.00226828294422754,0.2590596266449905,1.2783984664477277e-06,0.3342580704495838,70,255,255,255
206,4.120132682000985,10.771343269695466,0.33758248531838386,-10.828044297229345,2.1171654872614343,1.0382549137461061,-0.1999925402652395,-0.011421643558938488,0.22646292636426435,-9.616071857510011e-06,0.3361421705442214,70,255,255,255
207,4.140126793998206,10.813678516765515,0.3584257430048761,-10.832044150004844,2.1167623535024633,1.0421628843246138,-0.19999263877492146,-0.020156687948551966,0.19539852892538878,-4.9254840988888215e-06,0.33787554263128805,70,255,255,255
208,4.1600748380005825,10.856002282266392,0.3793352943903916,-10.836043988241965,2.116188275043807,1.0454775692757727,-0.1999919118560207,-0.02870392293282631,0.16573424755794774,3.6345945038679384e-05,0.33947024495138933,70,255,255,255
209,4.180076501001167,10.898311542389045,0.40029994998665136,-10.840043813603991,2.115463006132693,1.0482327798129882,-0.1999912681012937,-0.03626344555568517,0.13776052686077866,3.21877363493317e-05,0.3409373710858825,70,255,255,255
210,4.200077090001287,10.940619768829087,0.42138192200704616,-10.844043635102528,2.1154113220020734,1.0540986010197395,-0.19999107492689186,-0.002584206530977351,0.2932910603375616,9.658720092176054e-06,0.34298512932700315,70,255,255,255
211,4.220152583999152,10.982923572025962,0.4425674228942379,-10.84804347741307,2.115190159843746,1.0592750443595877,-0.19999211552703705,-0.011058107916365412,0.25882216699241356,-5.203000726003437e-05,0.3448690669088341,70,255,255,255
212,4.240085925997846,11.025219317983542,0.46384313563792867,-10.852043318208636,2.1147872978789595,1.0637856371845393,-0.1999920397783093,-0.02014309823932825,0.22552964124758446,3.787436388069665e-06,0.3466022894841186,70,255,255,255
213,4.2600755550010945,11.06750378375546,0.48519647356234075,-10.856043154516135,2.1142232885959733,1.0676668962206026,-0.19999181537491173,-0.028200464149299442,0.1940629518031589,1.1220169877562691e-05,0.3481968542533803,70,255,255,255
214,4.280075226997724,11.109773989958015,0.5066154944902969,-10.860042986761796,2.1135103101276735,1.070951046397808,-0.19999161228306428,-0.03564892341498327,0.16420750886026747,1.015459237291294e-05,0.3496638538411011,70,255,255,255
215,4.300108397001168,11.152043134580468,0.528158651851126,-10.864042822153099,2.1134572311226782,1.0771578680414555,-0.19999176956511394,-0.0026539502497611167,0.3103410821823702,-7.864102483268187e-06,0.35171175822649636,70,255,255,255
216,4.320129898998857,11.194307719492624,0.5498115792323413,-10.868042667645318,2.1132292456078168,1.082646369060763,-0.19999227461089944,-0.011399275743074089,0.2744250509653814,-2.5252289274857453e-05,0.35359583026106,70,255,255,255
217,4.340116938998108,11.23656435346924,0.5715605491523308,-10.872042518732409,2.1128316988307545,1.0874484959994781,-0.19999255435454824,-0.01987733885310705,0.24010634693575805,-1.3987182439473278e-05,0.35532917653285856,70,255,255,255
218,4.360114598999644,11.278809895464088,0.5933925187240976,-10.876042374568142,2.1122770997424327,1.091598478588339,-0.1999927917866354,-0.027729954416092273,0.20749912944304016,-1.187160435842105e-05,0.35692385510291325,70,255,255,255
219,4.380178731000342,11.321041623351286,0.6152951863040043,-10.8800422556205,2.111586394359934,1.0951333789953321,-0.19999405261794992,-0.03453526912493654,0.17674502034965434,-6.304156572659037e-05,0.35839095938736354,70,255,255,255
220,4.40011474199855,11.36327218817575,0.6373233872130261,-10.884042140860245,2.1115282412231915,1.1014100454510918,-0.19999426198721226,-0.0029076568371291245,0.31383332278798004,-1.0468463116641846e-05,0.36043888812336156,70,255,255,255
221,4.420106432000466,11.405498064225531,0.6594624939221375,-10.888042027560548,2.1112938024890027,1.1069553354555726,-0.19999433501516986,-0.011721936709430558,0.2772645002240369,-3.6513978799723734e-06,0.36232298256047973,70,255,255,255
222,4.440121575000376,11.447716019883028,0.681698612128112,-10.892041920660816,2.1108977828748685,1.1118059102987257,-0.19999465501342434,-0.019800980706709215,0.2425287421576573,-1.5999912723552168e-05,0.3640563494426285,70,255,255,255
223,4.460210138000548,11.489923265044329,0.7040186293476293,-10.89604184828825,2.11036225806501,1.1160008609758654,-0.19999638137176493,-0.026776240492917935,0.20974753385698752,-8.631791702937153e-05,0.36565104697420536,70,255,255,255
224,4.480202473998361,11.532116886222138,0.7264099501141054,-10.900041806034539,2.109681058890489,1.1195660383238035,-0.19999788731437526,-0.034059958726041284,0.17825886739690444,-7.529713051618314e-05,0.36711816870325603,70,255,255,255
225,4.500109990000055,11.57430909784235,0.7489240701918386,-10.904041756075353,2.109610581010663,1.1257060038866609,-0.1999975020407433,-0.0035238939913053713,0.30699827814286273,1.926368159801961e-05,0.36916587763147796,70,255,255,255
226,4.52011676300026,11.616496498613431,0.7715464099165124,-10.908041701120318,2.1093700385540424,1.1311169862336867,-0.19999725224826734,-0.01202712283104157,0.2705491173512967,1.2489623797073968e-05,0.37104976984544213,70,255,255,255
227,4.540114842999174,11.65867587120109,0.7942630787338195,-10.912041640942713,2.1089686293829586,1.1358334408653605,-0.19999699111972538,-0.02007045855419376,0.23582273158369127,1.305642709806265e-05,0.37278295068228917,70,255,255,255
228,4.560106958000688,11.700844185068197,0.8170608600062292,-10.916041573428975,2.1084156933553695,1.1398890636204844,-0.1999966243131286,-0.02764680137946529,0.20278113775619444,1.8340329839910963e-05,0.3743774770521885,70,255,255,255
229,4.580182089997834,11.74299887485819,0.8399273198637106,-10.920041523169536,2.1077344894996104,1.1433229928740698,-0.19999748702798092,-0.034060192787957355,0.17169646267927685,-4.313574261627373e-05,0.37584444131249584,70,255,255,255
230,4.60011399799987,11.78515210083165,0.8629110362560184,-10.92404147263227,2.107661298673094,1.1491858196153917,-0.1999974731367095,-0.0036595413258089238,0.2931413370660907,6.945635699084907e-07,0.37789232182557614,70,255,255,255
231,4.620159804999275,11.827300652238415,0.8859977085385046,-10.928041436572947,2.107427570338197,1.1543336141243064,-0.1999981970338862,-0.011686416744859596,0.2573897254457327,-3.619485883357698e-05,0.37977637189761004,70,255,255,255
232,4.640193608000118,11.869441480039836,0.9091737117051316,-10.932041424997546,2.1070413900709872,1.158800158331351,-0.19999942122999156,-0.01930901336048807,0.2233272103522288,-6.120980526841402e-05,0.38150969796388123,70,255,255,255
233,4.6601637700005085,11.911571526846151,0.9324260016372385,-10.936041426907394,2.106502340315759,1.1626144966053469,-0.20000009549236888,-0.02695248776141357,0.1907169136997937,-3.37131188659634e-05,0.3831043579448507,70,255,255,255
234,4.680134353999165,11.953687937310974,0.9557421954256674,-10.940041432077198,2.1058205232411242,1.1658096894214431,-0.20000025849019423,-0.03409085373173992,0.15975964080481675,-8.149891267739129e-06,0.38457144512734265,70,255,255,255
235,4.700111628000741,11.995802667094887,0.9791680115597873,-10.944041429521329,2.1057364891956447,1.1712908067059917,-0.19999987220659132,-0.004201702273969321,0.2740558642274241,1.9314180145252324e-05,0.38661920392621424,70,255,255,255
236,4.720121767000819,12.037912465915891,1.002689487820212,-10.9480414229519,2.1054899410501937,1.1760738130212303,-0.19999967152847542,-0.012327407272557434,0.23915031576193202,1.0033905795736597e-05,0.3885031420211761,70,255,255,255
237,4.740113870000641,12.080014228683247,1.0262933195373098,-10.95204141009319,2.1050881383677607,1.1801915858549,-0.1999993570645979,-0.0200901341216424,0.2058886416834783,1.5723193876382435e-05,0.39023636506854104,70,255,255,255
238,4.760112125000887,12.122105069155745,1.049966877805868,-10.956041390784735,2.1045420236249246,1.1836779134279027,-0.19999903457725374,-0.02730573714179796,0.17431637865014105,1.612436720807575e-05,0.39183093027211674,70,255,255,255
239,4.780129339000268,12.164182352411121,1.073698208407954,-10.960041370952892,2.10386416276876,1.1865665301043082,-0.19999900840781676,-0.03389304280823602,0.14443083382027944,1.3084718492872849e-06,0.3932979302594064,70,255,255,255
240,4.800110868000047,12.206257873052554,1.0975303605794158,-10.964041349649914,2.1037760320716017,1.1916076085730887,-0.19999893485111836,-0.004406534857912092,0.2520539234390258,3.677834919835199e-06,0.3953458035406433,70,255,255,255
241,4.820103160000144,12.248328391338253,1.1214498630132883,-10.968041324531596,2.103525914284974,1.1959751216936274,-0.19999874408406162,-0.012505889331390296,0.21837565602694142,9.538352836457875e-06,0.39722984695938124,70,255,255,255
242,4.840122844998405,12.290390957572301,1.1454439549979905,-10.972041302166245,2.1031283117024095,1.1997045992351023,-0.19999888173246594,-0.019880129128222013,0.18647387707374885,-6.882420216153262e-06,0.39896316690462014,70,255,255,255
243,4.8601029999990715,12.332442685267825,1.1695004614007665,-10.976041276074069,2.1025863847761816,1.2028253201388037,-0.1999986953912047,-0.027096346311385133,0.15603604518507375,9.317063061120567e-06,0.40055782125423994,70,255,255,255
244,4.880150016000698,12.374481092424029,1.1936079404365028,-10.980041261565546,2.1019203578101457,1.205373951786818,-0.19999927457381936,-0.033301348301784994,0.12743158240072128,-2.8959130732003624e-05,0.4020249032558902,70,255,255,255
245,4.900293949998741,12.416517785474337,1.2178068718821171,-10.984041264885668,2.1018346525153917,1.2099465722807232,-0.20000016600611006,-0.004285264737701411,0.2286310246952581,-4.457161453563785e-05,0.4040731746039547,70,255,255,255
246,4.920135821001168,12.458549102543431,1.2420841640028475,-10.988041234358127,2.1015658534546864,1.213864606036524,-0.19999847362289244,-0.01343995303525558,0.1959016877900306,8.461916088159382e-05,0.40595758424417405,70,255,255,255
247,4.940115689998493,12.500572051663665,1.266427601583244,-10.992041165620703,2.101147456011668,1.2171718790198274,-0.19999656312882833,-0.02091987215091695,0.16536364916517732,9.552470320572937e-05,0.4076912411131759,70,255,255,255
248,4.960078264000913,12.542583778430185,1.2908255693680613,-10.996041049099652,2.1005863383259995,1.219898389240856,-0.19999417394744073,-0.028055884283436416,0.13632551105142365,0.00011945906937965711,0.4092862054326576,70,255,255,255
249,4.980108753999957,12.584581834989384,1.3152671682669592,-11.000040897605224,2.0999028279599963,1.2220799449448996,-0.1999924252786051,-0.03417551830015464,0.10907778520218026,8.743344178166468e-05,0.41075357260658074,70,255,255,255
250,5.0000747599988244,12.62657780784033,1.339790440585737,-11.004040744193414,2.099798642547301,1.226163615938894,-0.1999923294094668,-0.005209270634771723,0.20418354969971997,4.793456916563077e-06,0.4128010592971303,70,255,255,255
251,5.0201051689982705,12.668568725757755,1.3643832984281286,-11.008040598955603,2.099545895871203,1.2296428921195788,-0.19999273810941276,-0.012637333804903061,0.1739638090342439,-2.043499729778575e-05,0.4146847470524359,70,255,255,255
252,5.04008043399881,12.710551627417003,1.389034179601406,-11.01204045371853,2.0991450829623632,1.2325440586638792,-0.19999273814639545,-0.020040645441990357,0.14505832721501566,-1.849134734221991e-09,0.41641773978731705,70,255,255,255
253,5.0600785089991405,12.75252381499091,1.4137321593043175,-11.016040308098532,2.098609378695367,1.2348989851455667,-0.19999271900013021,-0.026785213349817205,0.11774632408438257,9.573132613849289e-07,0.4180120931034077,70,255,255,255
254,5.08012801699806,12.794482934250077,1.4384669751616352,-11.020040178194137,2.097955962958305,1.2367407928658876,-0.19999350478022357,-0.03267078685310265,0.09209038601604114,-3.9289004667375504e-05,0.4194788981542111,70,255,255,255
255,5.100092648001009,12.836439801032258,1.4633059154841606,-11.024040045482733,2.097843339109045,1.2419470161262651,-0.19999336442983123,-0.0056311924629861565,0.2603111630188768,7.017519616514534e-06,0.4215264742422415,70,255,255,255
256,5.120142918000056,12.878391580363218,1.4882357136164788,-11.02803992643148,2.0975889665480136,1.2464899066159136,-0.1999940474373595,-0.012718628051557879,0.2271445244824215,-3.4150376413383254e-05,0.42341024424322943,70,255,255,255
257,5.140109602998564,12.920335348035096,1.5132436171147965,-11.03203980975045,2.0971883835939287,1.250395174915891,-0.19999416594851233,-0.02002914770424047,0.19526341499887323,-5.925557642033619e-06,0.42514331264413835,70,255,255,255
258,5.16010298800029,12.962268453551168,1.5383175572892012,-11.036039693367321,2.0966552758036148,1.2536970087202284,-0.19999418084350595,-0.026655389515689354,0.16509169021686798,-7.44749681785839e-07,0.4267377355729745,70,255,255,255
259,5.180132541998319,13.004188538244751,1.5634461429422364,-11.04003958690771,2.0960042346791186,1.25642928265176,-0.19999467701941878,-0.03255205622480695,0.1366136965765785,-2.480879564140115e-05,0.4282046046675038,70,255,255,255
260,5.200098909001099,13.046106194200814,1.588692538084668,-11.044039476313262,2.0958827978031644,1.2623197571215736,-0.19999447027763115,-0.006071843797697873,0.2945237234906761,1.0337089382056464e-05,0.4302522370159179,70,255,255,255
261,5.220095276999928,13.088018487271675,1.6140425549273951,-11.04803936084678,2.0956146535430955,1.2675008421363547,-0.19999422667588782,-0.013407213003456597,0.2590542507390552,1.2180087166385745e-05,0.4321360587764589,70,255,255,255
262,5.240090203998989,13.129922663327932,1.639482688756043,-11.05203923936197,2.0952088028128113,1.2720066914323955,-0.19999392575955274,-0.020292536514207704,0.22529246480204423,1.5045816753905816e-05,0.43386917479615655,70,255,255,255
263,5.260097406000568,13.171816185755175,1.6650001213781744,-11.056039114718951,2.0946761213620966,1.2758716311065728,-0.19999376784900771,-0.026634072535744124,0.1932469837088595,7.895527251305934e-06,0.4354636415342784,70,255,255,255
264,5.280094141999143,13.213696653690455,1.6905826625988472,-11.06003898626216,2.094023396764017,1.2791270610336305,-0.19999357716051416,-0.03263622990397197,0.1627714963528839,9.534424678131481e-06,0.43693055093335054,70,255,255,255
265,5.300105411999539,13.255574544815792,1.716289749839487,-11.06403885538404,2.0938945562668603,1.285354362031982,-0.19999345609391234,-0.006442024857838291,0.3113650499175826,6.053330090655118e-06,0.4389782269034228,70,255,255,255
266,5.320105939001223,13.297447010800388,1.7421067009381186,-11.06803872260791,2.0936232992297756,1.290847554931581,-0.1999933611935833,-0.013562851854237667,0.2746596449799521,4.745016452645245e-06,0.44086208879588934,70,255,255,255
267,5.340085620999162,13.339311316189505,1.7680195035260973,-11.072038581758337,2.0932152694558184,1.2956401293989388,-0.1999929575213312,-0.020401488697862735,0.23962872336788554,2.01836126044741e-05,0.4425952417369585,70,255,255,255
268,5.360087649998604,13.381164974223047,1.7940148705161962,-11.076038434194365,2.09268290167708,1.2997683495049501,-0.1999926218013713,-0.02661838893691737,0.20641100530057144,1.6785997994289703e-05,0.4441897424427422,70,255,255,255
269,5.380080659000669,13.423005635518301,1.820080164644992,-11.08003827831784,2.092033064762713,1.3032647064397844,-0.19999220617375985,-0.032491845718355616,0.1748178467417103,2.0781380573126063e-05,0.4456566830920632,70,255,255,255
270,5.400075478999497,13.464843730346143,1.8462714562569416,-11.084038137182517,2.0919047413920553,1.3095645805974734,-0.1999929432339046,-0.006416168532874966,0.3149937078844429,-3.6853007237908075e-05,0.4477047140143965,70,255,255,255
271,5.420124301999749,13.506676627976491,1.8725739251385525,-11.088038025753102,2.09164488151745,1.3151234440805502,-0.19999442852927055,-0.012992993730253755,0.2779431741538334,-7.426476829683337e-05,0.44958890246294314,70,255,255,255
272,5.440127221998409,13.548501716948984,1.8989733830820654,-11.092037943359927,2.0912544486246794,1.3199728971756461,-0.1999958803412463,-0.01952164463854933,0.2424726547547993,-7.259059878761409e-05,0.45132235583560604,70,255,255,255
273,5.460185858999466,13.59031673327914,1.92545643427238,-11.096037907156486,2.0907508165078443,1.3241525595157273,-0.19999818982797443,-0.02518160584175222,0.20898311700405392,-0.00011547433640746174,0.4529171329384559,70,255,255,255
274,5.480110864999006,13.63211913731857,1.952010121970832,-11.100037890431242,2.090120201971533,1.3276843849226014,-0.19999916373776677,-0.03153072681555891,0.1765912703437018,-4.869548961722314e-05,0.4543843278730778,70,255,255,255
275,5.500114409998787,13.673918616898845,1.978686948586458,-11.104037870026263,2.089973979013744,1.3338413307813044,-0.19999897975099803,-0.007311147889448311,0.3078472929351521,9.199338437182458e-06,0.4564320456400007,70,255,255,255
276,5.520140567998169,13.715712552025783,2.005472090020014,-11.10803785456554,2.0896967563469016,1.3392570716777865,-0.19999922696382388,-0.013861133342124798,0.27078704482410787,-1.2360641292646912e-05,0.45831594598556985,70,255,255,255
277,5.540109348999977,13.757498305169587,2.0323513373277753,-11.112037833787076,2.0892876571902037,1.3439623653880726,-0.199998961076767,-0.02045495783488782,0.23526468551429813,1.3294352844250845e-05,0.4600491343034934,70,255,255,255
278,5.560110280999652,13.799273513026614,2.059311240120798,-11.116037808341419,2.0887603928513516,1.3479951396511387,-0.19999872771720545,-0.026363216942609125,0.20163871315330506,1.1667978078111485e-05,0.46164366755598313,70,255,255,255
279,5.5801357829986955,13.841036049587897,2.0863390692292714,-11.120037786709956,2.0881268280641154,1.3513914554236657,-0.19999891842685483,-0.03167823936181202,0.16981578862635183,-9.535482468236989e-06,0.46311063814827363,70,255,255,255
280,5.6000777580011345,13.88279561325073,2.113484461685493,-11.124037773062604,2.087978183141662,1.3572696228110825,-0.1999993176323971,-0.007432246122670794,0.2939083693708431,-1.996027711254067e-05,0.4651586272168481,70,255,255,255
281,5.6201459920011985,13.92454978543596,2.140732894683477,-11.128037788777032,2.0877086092615396,1.3624216498992,-0.200000785721396,-0.013478694006129555,0.25760135440586374,-7.340444994688444e-05,0.46704277715993653,70,255,255,255
282,5.640078406999237,13.966295866684742,2.1680703085239585,-11.13203781043919,2.087304062439092,1.366870692024075,-0.20000108310786935,-0.02022734112237723,0.22245210624375722,-1.4869323667149326e-05,0.46877619510757795,70,255,255,255
283,5.660078101998806,14.008031547747263,2.195483465290561,-11.136037837559954,2.08678405312602,1.3706578383301156,-0.20000135603817468,-0.026000465653607474,0.18935731530202782,-1.3646515266946269e-05,0.470370939619408,70,255,255,255
284,5.680086363998271,14.049754701983396,2.222959815505847,-11.140037872412254,2.086157711806645,1.373817510764314,-0.200001742614992,-0.03131706596875938,0.15798362170992686,-1.932884086719433e-05,0.47183810457029174,70,255,255,255
285,5.700103207000211,14.091474657436072,2.2505460271776316,-11.144037909811155,2.0859977726337418,1.379310583589219,-0.20000186994508182,-0.007996958645181795,0.2746536412452456,-6.3665044899574585e-06,0.4738859863265046,70,255,255,255
286,5.720154064998496,14.133189016849165,2.2782279447528277,-11.148037965818585,2.085717970654724,1.3840958787598123,-0.20000280037142662,-0.013990098950892538,0.23926475852966855,-4.652131724061648e-05,0.4757700375422204,70,255,255,255
287,5.740112458999647,14.174895239870796,2.305991940221727,-11.152038025914496,2.0853111510815836,1.3881997734449534,-0.2000030047956149,-0.020340978657008346,0.20519473425704882,-1.0221209413602272e-05,0.47750336466067894,70,255,255,255
288,5.760118908998265,14.216591105367614,2.3338251595878465,-11.15603809182143,2.08479327484088,1.391660968305985,-0.20000329534665673,-0.025893812035164387,0.1730597430515899,-1.4527552091969653e-05,0.4790980256096608,70,255,255,255
289,5.780115008001303,14.258274508923122,2.361715390455367,-11.160038161836951,2.0841701777753596,1.394511543376018,-0.2000035007761301,-0.031154853276024852,0.1425287535016475,-1.0271473668221898e-05,0.4805651136827241,70,255,255,255
290,5.800110813001083,14.299954584683668,2.3897066040372184,-11.164038238330843,2.0840037880273155,1.3995606790925699,-0.20000382469459832,-0.008319487402209003,0.2524567858275968,-1.619592341106646e-05,0.48261310831998067,70,255,255,255
291,5.820113957997819,14.341628854259724,2.4177850827009144,-11.168038321798411,2.083713478802788,1.4039239331847984,-0.20000417337839482,-0.014515461226375592,0.21816270461142206,-1.743418982530498e-05,0.4844972633862567,70,255,255,255
292,5.840079761001107,14.383294877760648,2.445937722938368,-11.172038400744647,2.0833011750461736,1.4076320118726808,-0.20000394731181068,-0.02061518783071481,0.18540393439411917,1.1303329207568158e-05,0.4862306860472307,70,255,255,255
293,5.860089654001058,14.424950515970945,2.4741521706276566,-11.176038478480278,2.0827819105148744,1.4107223844644146,-0.20000388678152198,-0.02596322656495431,0.15451862958668872,3.0265144343732953e-06,0.48782543489532676,70,255,255,255
294,5.880124890998559,14.466593855745309,2.5024167610425265,-11.1800385662294,2.0821669887182295,1.413229520743501,-0.20000438745616023,-0.030746089832240475,0.1253568139543304,-2.503373191187208e-05,0.48929260383557516,70,255,255,255
295,5.900082627998927,14.508233391802126,2.53077255277641,-11.184038630882489,2.0819768028408494,1.417789586694159,-0.20000323265440687,-0.009509293868998459,0.22800329753289983,5.774008766748495e-05,0.49133992307717517,70,255,255,255
296,5.9200934340005915,14.549866763685962,2.559206485763094,-11.18803867717978,2.081668594191833,1.421696649334209,-0.20000231486453832,-0.015410432450808198,0.1953531320024977,4.588949342682058e-05,0.4932234567794472,70,255,255,255
297,5.9401307410007576,14.591491847234584,2.587706208549383,-11.192038718086785,2.0812541774310778,1.4249861393144583,-0.2000020453502812,-0.02072083803777769,0.16447449901246491,1.3475712854760236e-05,0.49495630778553745,70,255,255,255
298,5.960088484000153,14.633106404392024,2.616259855285269,-11.196038740339231,2.080727857871981,1.4276823367943108,-0.20000111262230946,-0.026315977954838754,0.13480987399262112,4.663639858729085e-05,0.49655053071114047,70,255,255,255
299,5.980105738999555,14.674708538666298,2.644856298154693,-11.200038750542388,2.0801067137137395,1.429822143471177,-0.2000005101578107,-0.031057207912088103,0.10699033384331913,3.012322493792241e-05,0.49801721580269526,70,255,255,255
300,6.000097743999504,14.716306767765285,2.6735342918752028,-11.204038744186567,2.0799114549493654,1.4338996860254996,-0.19999968220892247,-0.009762938218713657,0.20387712771612398,4.1397444411145345e-05,0.5000647453304936,70,255,255,255
301,6.020123488000536,14.757898851213747,2.7022815089565304,-11.208038730513556,2.0796041724230996,1.4373608540663811,-0.1999993163494498,-0.015364126313285986,0.17305840204408107,1.82929736333437e-05,0.5019484724960681,70,255,255,255
302,6.040213008000137,14.799482896881196,2.7310863732533,-11.212038738630664,2.079202283372469,1.440243214838483,-0.20000040585538,-0.020094452531527196,0.14411803860508643,-5.4475296509176596e-05,0.5036815014883966,70,255,255,255
303,6.060119115998532,14.841056552107021,2.759937558793825,-11.216038737172054,2.0786827612912235,1.4425592770262368,-0.19999992706956,-0.025976104062271688,0.11580310938769478,2.3939291000224516e-05,0.5052758881613388,70,255,255,255
304,6.08014470299895,14.882618004347759,2.7888245744559153,-11.220038734902445,2.078072612036854,1.4443507831045224,-0.19999988651958467,-0.030507462718488476,0.08957530391427904,2.0274987667101563e-06,0.5067427239004457,70,255,255,255
305,6.100108530998114,14.924175490073555,2.8178156289800786,-11.224038726409809,2.077874286289829,1.4495527262081682,-0.19999957536819157,-0.009916287351233066,0.2600971551822875,1.5557569654101044e-05,0.5087905531039206,70,255,255,255
306,6.120114364999608,14.965726773966951,2.8468971468479802,-11.228038713947996,2.0775641946698014,1.454075893395071,-0.19999937690931688,-0.015504581001386963,0.22615835934513706,9.922943734919087e-06,0.5106745559711175,70,255,255,255
307,6.140124935998756,15.007269779910859,2.876056231577918,-11.232038701157814,2.077150297195367,1.45795423649688,-0.1999993604909061,-0.020694873721706752,0.1939171550904497,8.209205379083873e-07,0.5124078386089387,70,255,255,255
308,6.160093448001135,15.048802435011144,2.9052805542686118,-11.23603867800327,2.076632755014267,1.4612161345346943,-0.19999884227285256,-0.025877109055004066,0.1630949018907164,2.5910902678283332e-05,0.5140024586357341,70,255,255,255
309,6.180083440998715,15.090322876047857,2.934558463304219,-11.240038641941034,2.076022051835623,1.46389545178036,-0.19999819688820697,-0.030535158932205597,0.13396586228327645,3.226923227919731e-05,0.5154695090603859,70,255,255,255
310,6.200090694001119,15.131839141622374,2.963954009393532,-11.244038595775747,2.0758132787257915,1.4697773044656524,-0.19999769173560186,-0.010438655491578963,0.29409263426462084,2.525763025573724e-05,0.5175171950234542,70,255,255,255
311,6.220112563998555,15.173349126221497,2.993452825821951,-11.248038547185853,2.0754992299561783,1.4749408214209414,-0.19999757050533504,-0.01570243848066566,0.258175847764454,6.061513341842906e-06,0.519401066109477,70,255,255,255
312,6.240072923999833,15.214850663880398,3.023041120606328,-11.252038483709775,2.0750768829450164,1.4794147392188572,-0.19999682619609607,-0.021117350558097492,0.22369588989579148,3.7215461948153505e-05,0.521134227508618,70,255,255,255
313,6.260078635001264,15.256341877230438,3.0527058760957675,-11.256038408169765,2.074560667502041,1.4832377744719614,-0.19999622299952058,-0.025810772148763927,0.19115176265520128,3.015982877493939e-05,0.5227287359958278,70,255,255,255
314,6.280100550000498,15.29782106991679,3.082434765510833,-11.260038328423324,2.0739596343175184,1.4864444707532731,-0.1999960126779282,-0.030051659226131733,0.1603348140655858,1.0516079619216079e-05,0.5241956838040608,70,255,255,255
315,6.300074779999704,15.339295902051273,3.112287951281629,-11.264038236924671,2.0737416067241177,1.4926592885397794,-0.1999954250673536,-0.010901379670039457,0.31074088932531296,2.938052872972219e-05,0.5262433033830324,70,255,255,255
316,6.3201052469994465,15.380764373029983,3.142250592848183,-11.268038144274778,2.073423548935521,1.4981320783277134,-0.1999953675053015,-0.01590288942983209,0.273639489396704,2.878102604436661e-06,0.5281271133956862,70,255,255,255
317,6.340140469998005,15.422224627682297,3.1723085745431563,-11.272038061962316,2.073012732615713,1.5028990847486603,-0.199995884376941,-0.020540815990417016,0.238350321047347,-2.58435819740499e-05,0.5298602186073277,70,255,255,255
318,6.360142753997934,15.463674829889156,3.202448408688547,-11.276037990229621,2.0725101103428964,1.5069917072695396,-0.19999641336527788,-0.02513111364081544,0.20463112604396794,-2.644941684409874e-05,0.5314546754020378,70,255,255,255
319,6.380137465999724,15.50511324555216,3.232657270637626,-11.280037926864521,2.071920783150187,1.5104430974539527,-0.19999683174495878,-0.02946635963548383,0.17256950922064962,-2.0918984044687727e-05,0.5329215756531712,70,255,255,255
320,6.400118623998424,15.546547270394317,3.262991830227645,-11.284037864974183,2.071701242107914,1.5167279795009225,-0.19999690548307233,-0.010977052113634755,0.3142441023484921,-3.6869056784516463e-06,0.5349695515788927,70,255,255,255
321,6.4201152630012075,15.587974862669942,3.2934369645884005,-11.288037803493626,2.0713796137812506,1.5222567180377906,-0.19999692597217072,-0.016081416333174836,0.27643692684340104,-1.0244549194238228e-06,0.5368536894305564,70,255,255,255
322,6.440120102997753,15.629394139673373,3.3239782980983845,-11.292037744045432,2.070963850171584,1.527066675499194,-0.1999970275903124,-0.020788180483319874,0.24049787307016457,-5.080907083898634e-06,0.5385870962540871,70,255,255,255
323,6.460171520000586,15.670803494012146,3.354602259147166,-11.296037703056218,2.0704677169386763,1.531198052439068,-0.19999795053926642,-0.024806661645383254,0.20656884699370126,-4.61474477010948e-05,0.5401818305317353,70,255,255,255
324,6.480124908001017,15.7122011169208,3.3852957574477602,-11.300037664568187,2.06988114543271,1.5346749150297265,-0.19999807559842722,-0.02932857529830457,0.1738431295329268,-6.252958040825485e-06,0.5416489860671717,70,255,255,255
325,6.5001067019984475,15.753594042008592,3.416112065772949,-11.304037613900208,2.06964625438959,1.5408154162594403,-0.19999746660104803,-0.011744552156002896,0.30702506148568487,3.0449868959475657e-05,0.5436966263691525,70,255,255,255
326,6.520132167999691,15.794980403955837,3.4470361633138658,-11.308037560013268,2.0693180973622325,1.5462048770458492,-0.19999730565296978,-0.016407851367861603,0.26947303932044187,8.047403912442297e-06,0.5455804554469748,70,255,255,255
327,6.540125079998688,15.836358355690248,3.478053690333617,-11.312037500918562,2.0688975867205768,1.5508763509875532,-0.19999704526471532,-0.02102553208278879,0.23357369708519915,1.3019412723386248e-05,0.5473135781985713,70,255,255,255
328,6.560077925998485,15.87772604620902,3.509150915853243,-11.316037421933828,2.068384525938635,1.5548612759813116,-0.19999605076332944,-0.0256530390970946,0.19924624968792792,4.972506929420972e-05,0.54890805113004,70,255,255,255
329,6.580071533000591,15.919081882422669,3.540314890019674,-11.320037322333084,2.067791810682445,1.5581987083215416,-0.1999950199628391,-0.02963576280950342,0.16687161701149988,5.154002451573936e-05,0.5503749662269913,70,255,255,255
330,6.600073810997856,15.96043310743582,3.5715961810931223,-11.324037235218892,2.067561250657614,1.564064553672427,-0.19999564429039948,-0.011528001241540853,0.2932922675442662,-3.121637801864474e-05,0.5524231060138965,70,255,255,255
331,6.620122397998784,16.00177799143889,3.6029800439369386,-11.328037175529282,2.06724420015337,1.5691931421908076,-0.19999701551945642,-0.01585252521221836,0.2564294259190343,-6.856145284658832e-05,0.5543073946178493,70,255,255,255
332,6.640077064999787,16.043114618012474,3.6344522556425787,-11.332037127207721,2.066831328679295,1.573610585282014,-0.19999758392195488,-0.020643573703742035,0.22087215456031228,-2.842012492237922e-05,0.5560409401334858,70,255,255,255
333,6.660077329001069,16.084441344844635,3.6659994016217174,-11.336037089733923,2.066336341607983,1.5773572989569458,-0.19999812631004876,-0.024749353565597154,0.1873356837465927,-2.7119404693798366e-05,0.5576358020078714,70,255,255,255
334,6.68009654799971,16.125756704657718,3.6976087923007013,-11.340037068667057,2.0657679906541593,1.5804695339491868,-0.19999894665673912,-0.02841754769117477,0.15561174961204638,-4.1017334518445026e-05,0.5591030749323062,70,255,255,255
335,6.7000898309997865,16.16706712680793,3.729327672920892,-11.344037044372575,2.0655211075105115,1.5859440310095432,-0.19999878527594664,-0.012344157182377469,0.2737248530178167,8.06903962446981e-06,0.5611508488396321,70,255,255,255
336,6.720101970000542,16.2083708497244,3.761141630999873,-11.348037020967487,2.0651861458235867,1.5906979039490552,-0.1999988297455723,-0.01674808434623598,0.2376936469756059,-2.2234812818988647e-06,0.563034800834372,70,255,255,255
337,6.740120787999331,16.249666249622088,3.7930369810003763,-11.352037004457635,2.064769994884366,1.5947675000251664,-0.19999917450740812,-0.020807546961032486,0.20347980380555653,-1.7238091791355048e-05,0.5647680366695326,70,255,255,255
338,6.760172628000873,16.290951919130286,3.8250007990912795,-11.356037011044522,2.0642834754099306,1.5981909045451643,-0.2000003293443466,-0.024325973721782468,0.17117022599989729,-5.7741846924752593e-05,0.5663626136378804,70,255,255,255
339,6.780121817999316,16.332226222409147,3.8570206072351496,-11.360037023072604,2.063715163943056,1.6009904071934968,-0.20000060140409287,-0.02841557334373146,0.13997513241662896,-1.3602987313537929e-05,0.5678296244487604,70,255,255,255
340,6.800113804998546,16.373495391732565,3.8891409445553857,-11.364037028747203,2.0634584661708693,1.606016866011816,-0.2000002837300007,-0.012834888609355222,0.25132294091595875,1.5883704609198634e-05,0.5698773796293884,70,255,255,255
341,6.820128849998582,16.41475775261095,3.921347940572523,-11.36803703325485,2.063118043919146,1.6103498008568646,-0.2000002253823866,-0.01702111258617167,0.21664674225244074,2.917380704542394e-06,0.5717613143955663,70,255,255,255
342,6.8401223459986795,16.456011672960795,3.9536283714901694,-11.37203703457707,2.0626960174922706,1.614021545882337,-0.20000006611101917,-0.021101321343761192,0.18358725127361852,7.963568371516239e-06,0.57349453438045,70,255,255,255
343,6.8601176619995385,16.497255637952456,3.985969693404296,-11.376037031403994,2.0621982495831577,1.6170660957063276,-0.19999984134616997,-0.02488839545564492,0.15222749119953316,1.1238242459632453e-05,0.5750890967665429,70,255,255,255
344,6.880137217998708,16.53848831714264,4.018360070367056,-11.380037030268335,2.061633959509126,1.6195188481379927,-0.19999994321704448,-0.028214503701593063,0.12263762158325209,-5.093543725437355e-06,0.5765560941617484,70,255,255,255
345,6.900140908997855,16.57971580245591,4.050841478161205,-11.384037032977027,2.0613742656635243,1.6240703897074658,-0.2000001354345475,-0.012984692280093135,0.22757707847365105,-9.610875151361276e-06,0.578604068968196,70,255,255,255
346,6.9201135039984365,16.620936353852386,4.0834005854329165,-11.388037030525473,2.0610275698236897,1.627955363585583,-0.19999987742231434,-0.017334791991723275,0.1942486939058592,1.2900611658622774e-05,0.5804882057901279,70,255,255,255
347,6.940125296998303,16.662148472222437,4.116024822942082,-11.39203702700097,2.0606059185025063,1.6312118754582638,-0.1999998237749373,-0.021082566059181573,0.16282559363404436,2.6823688522026323e-06,0.5822216116663053,70,255,255,255
348,6.960113852001086,16.703350687534265,4.148702220083656,-11.396037018811139,2.060110765591435,1.633869857078732,-0.19999959050840768,-0.02475764555357296,0.13289908102340298,1.1663326480948477e-05,0.5838163450723884,70,255,255,255
349,6.980134243000066,16.744541735678062,4.181421509729373,-11.40003701277412,2.0595524071899183,1.63596448228583,-0.19999969814903998,-0.027917920075831493,0.10473126035489977,-5.382031614625804e-06,0.5852834998059849,70,255,255,255
350,7.000183036998351,16.785727336437997,4.214222036369449,-11.404037001836963,2.0592800379967997,1.6400263320038027,-0.1999994531421219,-0.013618459655920567,0.20309248589863693,1.2250345903991322e-05,0.5873312160600198,70,255,255,255
351,7.020191208997858,16.826905945846285,4.24709126432648,-11.408036988926215,2.0589304704143947,1.643461397851562,-0.19999935446258366,-0.017478379120248633,0.1717532923879701,4.933976911786209e-06,0.5892151150137319,70,255,255,255
352,7.040989735000039,16.868078652892176,4.280019070577211,-11.412037229709268,2.05863535229462,1.646390312536563,-0.20001203915271248,-0.014755905988732998,0.1464457342500598,-0.0006342345064419552,0.590948302051147,70,255,255,255
353,7.060116460001154,16.909241140906147,4.312992100830063,-11.416037429131244,2.0581244006985386,1.6486515126425978,-0.20000997109880717,-0.025547579804054088,0.11306000530172944,0.0001034026952664302,0.592542834125569,70,255,255,255
354,7.080126117998589,16.95039219395488,4.345999707510101,-11.42003759244529,2.0575526524366943,1.6503803340018903,-0.200008165702337,-0.028587413092218128,0.08644106796462192,9.026982350743284e-05,0.5940098036340371,70,255,255,255
355,7.100129872000252,16.991537547790237,4.379110869108274,-11.424037741906341,2.0572676917679344,1.6555580799086413,-0.2000074730525537,-0.01424803343798331,0.2588872953375505,3.463248916538153e-05,0.5960575938759467,70,255,255,255
356,7.120121328000096,17.032675684458088,4.412311816180364,-11.42803787537236,2.0569068333924467,1.660047353604512,-0.20000667330087077,-0.018042918774388017,0.22446368479353196,3.99875841466113e-05,0.5979415608985035,70,255,255,255
357,7.140087027000845,17.07380510620661,4.445589403270702,-11.43203798261318,2.0564710874261802,1.6638793545169044,-0.20000536204101932,-0.02178729831332893,0.19160004561961808,6.556299257240439e-05,0.5996748105592558,70,255,255,255
358,7.160079465000308,17.11492450465777,4.478931211779434,-11.436038062610889,2.0559699225579218,1.6670904254366157,-0.20000399988548487,-0.02505824341291607,0.16055354598556448,6.810777672311419e-05,0.6012694002471478,70,255,255,255
359,7.180109904998972,17.15603278757988,4.512325551811103,-11.440038126612878,2.0554141461054525,1.6697170015834282,-0.2000032000994443,-0.02778882262346638,0.13132880734062624,3.998930202778195e-05,0.6027364227600085,70,255,255,255
360,7.200169622999965,17.19713529235316,4.545837130165801,-11.444038185037765,2.0551252386641456,1.6755789177349123,-0.20000292124441518,-0.014445372065350792,0.29309580757420095,1.3942751456580416e-05,0.6047842843714468,70,255,255,255
361,7.220134334998875,17.238230488737305,4.579451293898446,-11.448038226834539,2.05475981920728,1.6807081866322369,-0.20000208983867931,-0.018270972843279942,0.25646344486622996,4.157028679344088e-05,0.6066683170539702,70,255,255,255
362,7.2401709129990195,17.27931717997105,4.61315427068758,-11.45203826463897,2.054334561687118,1.6851488394567173,-0.20000189022154805,-0.021262876008103948,0.222032641224023,9.980856562979978e-06,0.6084016271218916,70,255,255,255
363,7.2602677600007155,17.320394447567843,4.646933111313495,-11.456038329621153,2.0538633798397377,1.6889420312957777,-0.20000324910911732,-0.02355909236902587,0.18965959195302085,-6.79443784630529e-05,0.6099962723843794,70,255,255,255
364,7.2801201500005845,17.36146066096575,4.680774958884107,-11.46003837281125,2.0533106698954353,1.692092378530596,-0.20000215950485575,-0.027635497215108717,0.15751736174090558,5.448021307769002e-05,0.611463346025868,70,255,255,255
365,7.300111888998799,17.40252109070818,4.714740845440511,-11.464038425800963,2.0530214871215433,1.698294327820231,-0.2000026494856499,-0.014459138694609575,0.31009746448175024,-2.4499039707887027e-05,0.6135115022959903,70,255,255,255
366,7.320122303000971,17.443574420451682,4.748815729028698,-11.468038491250011,2.052666487175038,1.70374417940937,-0.2000032724524541,-0.017749997325275935,0.27249257945695526,-3.114834021053503e-05,0.6153958060645027,70,255,255,255
367,7.34011690799889,17.48461937360459,4.782985258885648,-11.472038566579718,2.0522476576455095,1.7084764928474783,-0.20000376648529286,-0.020941476476414866,0.236615671905418,-2.470164193804636e-05,0.6171293655315342,70,255,255,255
368,7.360129312000936,17.525654820530107,4.817235835439877,-11.476038655045993,2.0517723462758477,1.7125288277114656,-0.20000442331381751,-0.023765568483101074,0.20261674319937328,-3.2841426232305126e-05,0.6187242402412031,70,255,255,255
369,7.380130380999617,17.56667967830759,4.851554518940073,-11.48003875606118,2.051242888874113,1.7159341750097852,-0.20000505075930755,-0.026472870086730715,0.17026736491597805,-3.1372274502117214e-05,0.6201915249740985,70,255,255,255
370,7.400075928999286,17.607698369922037,4.885998300444868,-11.484038845149756,2.050934580722303,1.7221890752397226,-0.2000044544288329,-0.01541540759052129,0.3127450114968744,2.981652373265642e-05,0.6222391737072623,70,255,255,255
371,7.420141405000322,17.64870984495985,4.920552080197304,-11.488038943837099,2.050573751890611,1.727688987621807,-0.20000493436711725,-0.018041441584585094,0.2749956191042109,-2.399691421622885e-05,0.6241230105417731,70,255,255,255
372,7.440084493999166,17.68971273594036,4.955201198609354,-11.49203903317786,2.0501445490256107,1.7324559206024732,-0.2000044670380986,-0.021460143250012997,0.23834664903331682,2.336645093264922e-05,0.625856140429523,70,255,255,255
373,7.46007220699903,17.730705913963043,4.989931828798555,-11.496039109658051,2.049658901134048,1.7365315094600269,-0.20000382400955802,-0.024282394578145183,0.20377944287768845,3.2151427028837e-05,0.6274506199262528,70,255,255,255
374,7.480105425998772,17.771688479021325,5.024730950837311,-11.500039184557018,2.049128252914123,1.739956101937813,-0.20000374494831039,-0.026532410996241484,0.17122962388929763,3.953062381267802e-06,0.6289175410632444,70,255,255,255
375,7.500109337001049,17.81266464234487,5.059652315474784,-11.504039240142914,2.048808166177215,1.746068231873637,-0.2000027792948334,-0.016004336845419687,0.305606496791196,4.828267384907048e-05,0.6309650598337888,70,255,255,255
376,7.520110475998081,17.853633229821234,5.094680717662801,-11.508039277850067,2.0484293738181623,1.7514201094008435,-0.20000188535764576,-0.018939617952625998,0.26759387636033116,4.469685938118806e-05,0.6328487771026897,70,255,255,255
377,7.540079661001073,17.894593047653295,5.129801616704883,-11.51203928883007,2.0479908916030225,1.75604495210413,-0.20000054900016517,-0.021924110756986526,0.23124213516431924,6.681787402892936e-05,0.6345817969900786,70,255,255,255
378,7.560069494000345,17.935543053776776,5.165001245907555,-11.516039271415545,2.04750030617411,1.759981460133587,-0.19999912927372146,-0.02452927144563377,0.1968254014728541,7.098632218560663e-05,0.6361761752864763,70,255,255,255
379,7.580084893001185,17.9764823661612,5.200266599970319,-11.520039232265706,2.046965619221188,1.7632677031381856,-0.1999980425080398,-0.0267343476460975,0.16431215022993184,5.433828408360486e-05,0.6376430033191622,70,255,255,255
380,7.600070566000795,18.017415201429795,5.235648557395084,-11.524039182177072,2.04664176342977,1.7690978712382728,-0.19999749556828364,-0.01619278957090886,0.29150840500436215,2.73469878071253e-05,0.6396906518841675,70,255,255,255
381,7.6200813299983565,18.058340490117875,5.2711321780165035,-11.528039125330592,2.046264434403959,1.774181031070949,-0.19999715767596452,-0.01886645129054587,0.2541579916338057,1.6894615955970194e-05,0.6415744885639724,70,255,255,255
382,7.640073570000823,18.099257179726376,5.306703210366761,-11.53203905973949,2.045834480425045,1.7785516175128906,-0.19999672044494252,-0.021497698945701416,0.2185293220970883,2.1861551100149645e-05,0.6433076183093929,70,255,255,255
383,7.660096841998893,18.140164393967094,5.342348193678695,-11.536038993480432,2.045360712035877,1.7822491655966797,-0.19999668704703902,-0.02368841945840039,0.18487740418945386,1.6698951752769364e-06,0.6449020976751797,70,255,255,255
384,7.680115836999903,18.18106131060331,5.3780543461077635,-11.540038932777907,2.0448458318109632,1.7853076214534465,-0.1999969648737506,-0.025744011245691034,0.15292279283833876,-1.3891335579635511e-05,0.6463690186917036,70,255,255,255
385,7.700126478997845,18.221951843316322,5.41386963122982,-11.544038886034048,2.0445266356505205,1.7907642561027985,-0.19999766280706274,-0.01595980802214081,0.2728317324676024,-3.489666560782534e-05,0.6484172222395526,70,255,255,255
386,7.720213362998038,18.262835228317975,5.449779692167752,-11.548038880289006,2.0441692500826942,1.795503046896636,-0.19999971274788803,-0.017869278391310583,0.23693953969187298,-0.00010249704126472081,0.6503015695035735,70,255,255,255
387,7.74010013699808,18.30371011873175,5.485770388730202,-11.552038876859724,2.0437445206888123,1.799534828122512,-0.19999982853586776,-0.021236469694104088,0.20158906129380694,-5.789398985933669e-06,0.6520351689864728,70,255,255,255
388,7.76009459800116,18.34457560668347,5.521828565468888,-11.556038873840263,2.0432743975859537,1.8029088369342694,-0.1999998490269606,-0.02350615514292098,0.16870044058786782,-1.0245546421538965e-06,0.6536300805107402,70,255,255,255
389,7.780079648000537,18.38543082370013,5.557941725104745,-11.560038866426867,2.0427608508330297,1.805657981792834,-0.1999996293301347,-0.025677337646207832,0.13745724292822703,1.098484129474775e-05,0.6550973991130662,70,255,255,255
390,7.800073783000698,18.426279249897032,5.594154832367472,-11.56403884852991,2.0424213098451003,1.8106553631363997,-0.19999910515216487,-0.016977049396461386,0.24986906717829194,2.620889849236363e-05,0.6571449981205782,70,255,255,255
391,7.820092164998641,18.46711999406384,5.630453916335407,-11.568038826689282,2.0420372083403655,1.8149541983967077,-0.19999890796859682,-0.019205075236738534,0.2149417630153918,9.859178402377156e-06,0.6590287892074893,70,255,255,255
392,7.840179782000632,18.507952452306096,5.666825879593572,-11.572038829213989,2.0416229121128886,1.818598162908284,-0.20000012623532504,-0.020714811373836017,0.18219822557880638,-6.0913336410395313e-05,0.6607618770074475,70,255,255,255
393,7.860084289997758,18.54877548427168,5.703257836915567,-11.57603882408063,2.04115159827922,1.8215978660997372,-0.19999974333202697,-0.023565691683426593,0.14998515957266267,1.9145164903644485e-05,0.6623563177834091,70,255,255,255
394,7.880078197998955,18.58958831919165,5.739737803345063,-11.580038809807462,2.0406417459985167,1.8239983214747997,-0.19999928634161468,-0.02549261403517722,0.12002276875312634,2.2849520613932306e-05,0.6638232032972937,70,255,255,255
395,7.900106868000876,18.630394160016134,5.776308081664956,-11.584038780581391,2.0402920412243932,1.8285139159946455,-0.19999853869649464,-0.017485238706167028,0.22577972599229623,3.738225600247169e-05,0.6658707612091183,70,255,255,255
396,7.920143811999878,18.671192255266348,5.812955395038378,-11.588038749168435,2.0399047625105986,1.832365668671083,-0.19999842935215154,-0.01936393568972017,0.19258763382187194,5.467217155219473e-06,0.6677545144879968,70,255,255,255
397,7.9400809350008785,18.711981591517944,5.849666887630483,-11.592038695629425,2.039466812579775,1.8355746296052688,-0.19999732304952145,-0.021897496541189554,0.1604480467092928,5.531513150511258e-05,0.6694875675045651,70,255,255,255
398,7.960073203998036,18.752761406633628,5.886430511681398,-11.596038618903668,2.038990755784218,1.8381812025457833,-0.19999616371212459,-0.023802839777843587,0.13032864702571811,5.7966869842940305e-05,0.6710819762798078,70,255,255,255
399,7.980072899001243,18.793531023201382,5.923234877659796,-11.60003852040753,2.038480828387653,1.8402182989198925,-0.19999507519308338,-0.025496369828249765,0.10185481870546376,5.4425952060510596e-05,0.6725488323530312,70,255,255,255
400,8.000074134000897,18.83429349474513,5.960119818463973,-11.604038407646428,2.038123577187281,1.844247040208815,-0.1999943619448894,-0.01786256001858577,0.20143706444611853,3.5662409698627995e-05,0.6745963663001107,70,255,255,255
401,8.0200871249981,18.875048071583027,5.997072717785744,-11.608038285813796,2.0377288418949844,1.8476449660885585,-0.19999390836843045,-0.019736764614842972,0.16989629398717931,2.2678822947597155e-05,0.6764800975314238,70,255,255,255
402,8.040140303000953,18.9157941902441,6.03408171044219,-11.612038172665821,2.0373059330536503,1.8504496328222935,-0.1999943426012152,-0.021145442066711873,0.14023333668674787,-2.1711639237254055e-05,0.6782131302642319,70,255,255,255
403,8.060071790998336,18.95653094519069,6.0711352418805715,-11.616038045938618,2.0368377473294914,1.8526765719190552,-0.199993663639829,-0.02340928620793825,0.11134695483808832,3.39480693095362e-05,0.6798075203784153,70,255,255,255
404,8.080070908999915,18.997257716615355,6.108222552694876,-11.620037906367465,2.0363385712333075,1.8543655407152344,-0.1999930214423275,-0.024958804809191104,0.08444843980895977,3.2109875075903016e-05,0.681274359283464,70,255,255,255
405,8.10007143400071,19.037977565788317,6.145413195978439,-11.624037790141832,2.035992458648123,1.859532164178158,-0.19999418871834793,-0.01730562925924506,0.2583311731461715,-5.8363801021144024e-05,0.6833227281092759,70,255,255,255
406,8.12014322899995,19.07868998603,6.182693494364348,-11.62803771902135,2.0356210120840905,1.8640149192954236,-0.19999644397584557,-0.018572328201624355,0.22413775586328089,-0.00011276287488179437,0.6852072274290227,70,255,255,255
407,8.14013308200083,19.119394250733492,6.220050235279683,-11.632037687166461,2.035213235174706,1.8678370457667672,-0.19999840725554605,-0.02038884546922093,0.19110632356717927,-9.81639850234639e-05,0.68694096680319,70,255,255,255
408,8.16008567300014,19.160089570698762,6.257470780011929,-11.636037677101317,2.0347659982634947,1.8710272366122962,-0.19999949674284453,-0.022361845560559424,0.15950954227644942,-5.447436492431179e-05,0.6885360070274237,70,255,255,255
409,8.180088622000767,19.20077537953496,6.294943276616961,-11.64003768847832,2.034290441809835,1.8736248302515845,-0.2000005688501266,-0.023777822682986116,0.12987968196442012,-5.360536410312089e-05,0.6900034440337187,70,255,255,255
410,8.200114923998626,19.24145368388009,6.332532274166019,-11.644037681018016,2.03391521725645,1.8794498774528954,-0.19999962698485083,-0.018761227669245262,0.29125236006554234,4.709326378907197e-05,0.6920508874787159,70,255,255,255
411,8.220116413998767,19.282123853484663,6.370223124959144,-11.648037656339383,2.0335084802286807,1.8845425396562412,-0.19999876606831807,-0.020336851388479626,0.2546331101672934,4.304582663852696e-05,0.6939345354481132,70,255,255,255
412,8.240146080999693,19.32278539909615,6.408001971130821,-11.652037625008445,2.0330772805743598,1.8889423085838564,-0.19999843345308269,-0.021559982716056414,0.21998844638076354,1.6630761768776647e-05,0.6956674915799589,70,255,255,255
413,8.260077069000545,19.36343755884276,6.445855386557006,-11.65603756539063,2.032607987330515,1.8926707713092403,-0.1999970191092501,-0.02346466219223675,0.18642313626919305,7.071719162840551e-05,0.6972618112212569,70,255,255,255
414,8.280071940000198,19.40407983600799,6.48377079900197,-11.660037477637259,2.032113858261517,1.8957706222482322,-0.19999561233146715,-0.024706453449917287,0.1549925469495952,7.033888914748099e-05,0.6987285852912509,70,255,255,255
415,8.300099264000892,19.444714629753566,6.521809539482469,-11.66403738863095,2.0317396872787175,1.9019370240249418,-0.1999955496845787,-0.018708549139963004,0.30832008883547934,3.1323444231456943e-06,0.7007763956467393,70,255,255,255
416,8.320132097000169,19.48534147848027,6.559956554606723,-11.66803730909585,2.0313424363351245,1.9073507562127323,-0.19999602324499666,-0.019862547179647194,0.2706866093895226,-2.367802089811577e-05,0.7026603811737886,70,255,255,255
417,8.340078854998865,19.525959685556863,6.59819729232723,-11.6720372215535,2.0309103538298023,1.9120368860253427,-0.19999562288257666,-0.02160412526611255,0.23430649063051634,2.0018120999054645e-05,0.704393647858674,70,255,255,255
418,8.36006861399801,19.566568747579833,6.636518037976137,-11.676037123347285,2.030453101148535,1.9160372824453549,-0.1999950896892762,-0.02286263406336264,0.20001982100060633,2.6659665023021084e-05,0.7059882532087686,70,255,255,255
419,8.380101570000988,19.60716834421237,6.6749058864865285,-11.680037025820088,2.0299798316267825,1.9193924255195973,-0.19999512364011857,-0.023663476087610658,0.16775715371212496,-1.6975421175957628e-06,0.7074552901308555,70,255,255,255
420,8.400090332997934,19.647760404003133,6.713418422120648,-11.684036937193449,2.0296029895382457,1.9256267817059651,-0.19999556866808513,-0.018842104426845196,0.31171780931838944,-2.2251398328620997e-05,0.7095032887496129,70,255,255,255
421,8.420099851999112,19.688344462327773,6.752040330427529,-11.688036860121219,2.0292029162319483,1.9310954153440663,-0.19999614638852364,-0.020003665314868968,0.27343168190505884,-2.8886021925550454e-05,0.7113874474788697,70,255,255,255
422,8.440143464998982,19.728920204342533,6.7907571324737805,-11.69203680798961,2.028787100738037,1.9358401023125862,-0.19999739341951225,-0.020790774695572,0.23723434842600022,-6.235154943051713e-05,0.713120873509786,70,255,255,255
423,8.460090247001062,19.76948703754119,6.829554805944277,-11.696036762355833,2.028341659932912,1.939883673524866,-0.19999771831120358,-0.022272040256235748,0.2021785606139892,-1.624458456603306e-05,0.714715625458229,70,255,255,255
424,8.480114657999366,19.810044667634788,6.868420249140102,-11.700036730714555,2.027881504679931,1.943272159791209,-0.1999984179360684,-0.02300776264906279,0.1694243133171569,-3.4981243241277715e-05,0.7161827972507965,70,255,255,255
425,8.500083090999397,19.850594468042193,6.907407440320306,-11.704036694266929,2.027490020370275,1.9493595590101715,-0.19999817761872024,-0.019574215482808466,0.30436996094812274,1.2015867408426972e-05,0.7182305039057899,70,255,255,255
426,8.520085107000341,19.891136035315128,6.946501101624851,-11.708036654004774,2.027078363646757,1.954683065227276,-0.19999798689223816,-0.020582836175904173,0.26617531085522583,9.536324103776028e-06,0.7201143940283838,70,255,255,255
427,8.540077918998577,19.931668973932418,6.985686676477738,-11.71203660792122,2.026646930864533,1.9592787426443583,-0.1999976958222891,-0.02157163911120419,0.22978387085412,1.4553497453245745e-05,0.7218475729411703,70,255,255,255
428,8.560110983999039,19.972193054719614,7.024950444126111,-11.716036567020085,2.026204039359933,1.9631883824186427,-0.19999795494322875,-0.022144575229996466,0.19548198871421363,-1.2956046982592895e-05,0.7234420975409338,70,255,255,255
429,8.580081021998922,20.012707874738865,7.064279210517089,-11.720036521468025,2.0257410009626144,1.9664383195489061,-0.19999772239700095,-0.0231519198659198,0.16249685651317503,1.1627311389872386e-05,0.7249090601727163,70,255,255,255
430,8.60008074399957,20.053214686914853,7.103723975822324,-11.72403646874178,2.02534060879939,1.9722382652617398,-0.19999736368771834,-0.02001960816121562,0.28999728564168703,1.793546413078606e-05,0.7269567203232752,70,255,255,255
431,8.620279349001066,20.093713796354695,7.143270256023614,-11.728036472909762,2.0249554719921194,1.977314010064516,-0.20000020839911628,-0.019256840363519157,0.25378724013880394,-0.00014223556989775843,0.7288405676617894,70,255,255,255
432,8.640088444000867,20.134204255751456,7.182903201769591,-11.73203646946205,2.024522969838066,1.9816472872988316,-0.1999998276143885,-0.021625107702674562,0.2166638617157859,1.90392363885461e-05,0.7305737072132225,70,255,255,255
433,8.660076731001027,20.174685761891087,7.222609209150176,-11.736036455112941,2.0240753069815405,1.9853003690292519,-0.19999928254456387,-0.022383142826275737,0.18265408652101978,2.7253491232337446e-05,0.7321681956005409,70,255,255,255
434,8.680079883000872,20.21515809164559,7.262375414500481,-11.740036431548118,2.023616487725211,1.9883102675152664,-0.19999882175885503,-0.022940962816466737,0.15049492430072542,2.3039285442366664e-05,0.7336351249168739,70,255,255,255
435,8.700073451000208,20.25562251357196,7.302250169645585,-11.744036426091986,2.023221096318444,1.9937377572552102,-0.19999972719342443,-0.019769570338367792,0.27137448699718925,-4.527172846974237e-05,0.735683408817938,70,255,255,255
436,8.720102494000457,20.296078852002402,7.342218924347164,-11.748036446960514,2.022816921522013,1.9984377350789526,-0.20000104342641425,-0.020208739821546917,0.2349988911871217,-6.58116494906269e-05,0.7375678300069171,70,255,255,255
437,8.740079373998014,20.336526787821175,7.382267705756192,-11.752036485142431,2.022396790938542,2.0024390704514,-0.2000019090959033,-0.021006529173563493,0.20006676862237627,-4.328347445151093e-05,0.7393014975007778,70,255,255,255
438,8.760072762001073,20.376966087329276,7.422383297311378,-11.756036537422005,2.0219649754050666,2.0057795777592933,-0.20000261397871863,-0.021590776673770407,0.16702536539465385,-3.524414076636062e-05,0.7408964715951296,70,255,255,255
439,8.78007958300077,20.417396587653332,7.462553205947344,-11.760036605052449,2.021525016202903,2.0084954317983086,-0.20000338152219418,-0.021997960108172343,0.1357927019507592,-3.837717377772054e-05,0.7423638477619333,70,255,255,255
440,8.800075464998372,20.457818916002143,7.502822585025663,-11.764036679750742,2.021116417440453,2.0134689539159396,-0.20000373491465584,-0.020429938122496605,0.24867610588155964,-1.7669623082333663e-05,0.7444118500931494,70,255,255,255
441,8.820075689000078,20.498232887685667,7.543177357337947,-11.768036761044977,2.020698584176118,2.017738615614228,-0.20000406471173357,-0.020891663216744405,0.21348308491441959,-1.6489853887136086e-05,0.7462960122378682,70,255,255,255
442,8.840077046999795,20.538638346094725,7.583604156872557,-11.772036848843886,2.020272920452916,2.0213399767304887,-0.20000438994544337,-0.02128318616009439,0.18006805581302698,-1.626168548982121e-05,0.7480294414110096,70,255,255,255
443,8.860116148000088,20.579035278415535,7.624090410621914,-11.77603695512903,2.0198466160404283,2.0243126874678605,-0.20000531425722254,-0.021315220624375186,0.14863553686860165,-4.62155889588145e-05,0.7496241962502996,70,255,255,255
444,8.880078402999061,20.619423440337673,7.664623988428456,-11.780037066542778,2.019408096106861,2.026678890327127,-0.200005570687467,-0.021925996678371806,0.1183101429633373,-1.2821512222788156e-05,0.7510913707024465,70,255,255,255
445,8.900098334001086,20.659803157378356,7.705247301550267,-11.784037173025073,2.018985852034113,2.031165656090547,-0.2000053241147514,-0.021112203637410065,0.22433828817098211,1.2328635779657038e-05,0.75313911453629,70,255,255,255
446,8.920196422001027,20.700174642564804,7.745947209149246,-11.788037306089588,2.0185742593224654,2.034995379948909,-0.20000665322581423,-0.02057963558237086,0.19148619291810354,-6.64555531429134e-05,0.755023038863426,70,255,255,255
447,8.940088669998659,20.740537450625567,7.786710650041518,-11.792037429447848,2.018140403038222,2.038172044613587,-0.20000616791301415,-0.021692814212165512,0.15883323323389975,2.4265640004683675e-05,0.7567562492443912,70,255,255,255
448,8.96007266000015,20.780891470463295,7.8275255063478015,-11.796037538361656,2.0177009918864113,2.0407428153141756,-0.20000544569034523,-0.02197055759055111,0.12853853502942725,3.61111334466202e-05,0.7583508027948792,70,255,255,255
449,8.980110587999661,20.821236784309228,7.868380458615621,-11.800037645660375,2.017265692296612,2.0427476133909894,-0.2000053649359239,-0.021764979489949265,0.10023990384069492,4.037721066441069e-06,0.7598177920613282,70,255,255,255
450,9.0000849249991,20.861573430166196,7.909315332389072,-11.804037740917872,2.01683229284836,2.046743688672554,-0.2000047628749085,-0.0216699724125915,0.19980376407822242,3.010305077055797e-05,0.7618654136046815,70,255,255,255
451,9.020069886999408,20.901901341358567,7.950317394362114,-11.808037819892052,2.0163955596184953,2.050103098652076,-0.20000394870895916,-0.021836661493244147,0.16797049897610683,4.0708297467856314e-05,0.7637492254245667,70,255,255,255
452,9.040071188999718,20.94222052147471,7.99137461478604,-11.812037883850193,2.015959005807082,2.052861021196344,-0.20000319790703736,-0.02182769057065448,0.13789612721339295,3.7540096090527e-05,0.7654823322988611,70,255,255,255
453,9.060154578000947,20.982531250535814,8.032475833858596,-11.816037960275406,2.015536453055259,2.0550609536277538,-0.20000382126059923,-0.02112763759115266,0.10999662157050438,-3.116767809374643e-05,0.7670767906232119,70,255,255,255
454,9.080073184999492,21.022833277981082,8.07361001638665,-11.820038022251623,2.015101372263424,2.0567091264027004,-0.20000309881090703,-0.021754039591747265,0.08240863874734283,3.61224846101571e-05,0.7685436922816146,70,255,255,255
455,9.100127663998137,21.06312677778325,8.114846802031524,-11.824038101378305,2.0146749901083907,2.061839282243656,-0.20000395633407939,-0.021319107751675226,0.2565077920477883,-4.28761586179216e-05,0.7705919641903878,70,255,255,255
456,9.120168178000313,21.103411921646025,8.156172415363352,-11.8280382094643,2.014257193138834,2.0662806665914295,-0.2000054042997617,-0.020889848477839923,0.2220692173886789,-7.239828411625959e-05,0.7724763743464591,70,255,255,255
457,9.140117839000595,21.143688593610793,8.1975735007824,-11.832038328490633,2.013833598238474,2.0700542709524243,-0.20000595131662804,-0.021179745018009566,0.18868021804973312,-2.735084331598192e-05,0.7742100316900448,70,255,255,255
458,9.160095162998914,21.183956786753086,8.239037463826488,-11.83603845035412,2.0134096571146847,2.073198152204393,-0.2000060931743488,-0.02119705618945389,0.15719406259844027,-7.092886037618484e-06,0.7758049964461435,70,255,255,255
459,9.180083381001168,21.22421654299083,8.280552396821195,-11.840038570919312,2.0129878118873004,2.075746649735352,-0.2000060282595634,-0.021092261369223486,0.12742487654793555,3.2457392709350774e-06,0.7772723640217544,70,255,255,255
460,9.200079586000356,21.264467203952776,8.322183039747523,-11.84403866687472,2.0125330480972523,2.0815321463164778,-0.20000479777043326,-0.022738189502407913,0.2892748290562963,6.152445650767224e-05,0.7793196586697784,70,255,255,255
461,9.220097921999695,21.304708972973128,8.363914775849643,-11.848038745410925,2.012088451017546,2.086586805105981,-0.20000392681020765,-0.022229853985332948,0.25273293947516606,4.35480112801756e-05,0.7812031697459605,70,255,255,255
462,9.24008420699829,21.344941952849943,8.405733609268422,-11.852038803058619,2.0116489938407685,2.090941670938933,-0.20000288238467676,-0.021972858838860798,0.2177432916475892,5.222127654472275e-05,0.782935999936048,70,255,255,255
463,9.260093868000695,21.38516632907924,8.447626313360562,-11.856038844070397,2.0112188114648375,2.0946352046069765,-0.20000205058890067,-0.021509118796553484,0.1846766834021749,4.158978880494657e-05,0.7845302037109285,70,255,255,255
464,9.280069779000769,21.425382181793104,8.489580237526782,-11.860038861670317,2.0107926356931305,2.0976962083109747,-0.20000087999593005,-0.02130878858535512,0.15305018519990377,5.8529648531063794e-05,0.7859968711838187,70,255,255,255
465,9.300077191001037,21.465588818988586,8.531656538757659,-11.864038857620526,2.0103318597741207,2.1038150615438296,-0.19999979751049993,-0.023038795950482083,0.30594266164273765,5.41242715067225e-05,0.78804427690637,70,255,255,255
466,9.320170282000618,21.505786760868478,8.57384035022173,-11.86803886301561,2.009897093994546,2.109190573203499,-0.20000026975417215,-0.021738288978735643,0.26877558298346016,-2.361218361054962e-05,0.7899278901711173,70,255,255,255
467,9.340176081997924,21.545976231004698,8.61611726529939,-11.872038879136241,2.0094735068109233,2.11384575388308,-0.2000008060315743,-0.02117935918112579,0.23275903397906705,-2.681387010719516e-05,0.7916608143746847,70,255,255,255
468,9.360137709998526,21.586157311759248,8.658473461344737,-11.876038893034055,2.0090540377275166,2.1178098022673373,-0.20000069489069136,-0.020973454170326367,0.19820241921286086,5.557044147147527e-06,0.7932551046419668,70,255,255,255
469,9.38008919099957,21.626330061505026,8.700895788023177,-11.880038889294104,2.0086374872889174,2.1211163339219428,-0.199999813002453,-0.02082752192995363,0.16532658273026413,4.4094411917633414e-05,0.7947218516878662,70,255,255,255
470,9.40007668799808,21.666493567441226,8.743441881738953,-11.88403887604944,2.0081752968099784,2.12730468578882,-0.19999933776677234,-0.023109523946956312,0.309417593343857,2.3761784034098676e-05,0.7967696286640075,70,255,255,255
471,9.420073031000356,21.70664811088453,8.786096392769315,-11.888038852721296,2.007727172165244,2.1327255515181265,-0.19999883359284212,-0.022406232236726442,0.2710432864653125,2.5208696510348183e-05,0.7986535834820574,70,255,255,255
472,9.440107180998893,21.746794091595,8.828844832632603,-11.892038830880008,2.007299035523495,2.1374219931644185,-0.19999890793557573,-0.021406832087442318,0.23482208231459767,-3.717136680736477e-06,0.8003868219146633,70,255,255,255
473,9.460100338001212,21.786931767869874,8.871673308560839,-11.89603880828155,2.0068838137437846,2.1414237964118175,-0.1999988700770855,-0.020761088985530307,0.2000901623699538,1.8929245122201177e-06,0.8019814012726607,70,255,255,255
474,9.480152509000618,21.82706158464045,8.914568810811621,-11.900038801702228,2.0064908385287716,2.144775112539117,-0.19999967103397182,-0.019648760750643923,0.1675658063649741,-4.004784431535513e-05,0.8034484142820183,70,255,255,255
475,9.500115052000183,21.867182075717693,8.957585347848301,-11.904038792322623,2.0060245538622192,2.150826851834021,-0.19999953101975826,-0.02331423332762439,0.3025869647452186,7.000710677329547e-06,0.8054963374451237,70,255,255,255
476,9.520097036998777,21.907293550209477,9.000707577535556,-11.908038774560959,2.0055737245892558,2.15611148436272,-0.19999911191674347,-0.022541463648184212,0.26423162643494935,2.0955150739465633e-05,0.8073804267551807,70,255,255,255
477,9.540092249000736,21.94739635543015,9.043920949368808,-11.912038747416416,2.0051402610336404,2.1606685916625965,-0.19999864277287402,-0.02167317778075928,0.22785536499384484,2.3457193472520288e-05,0.8091137889204332,70,255,255,255
478,9.560079849998147,21.987490807370815,9.08721161690842,-11.916038707527719,2.004722597033294,2.1645333769805997,-0.19999800556515873,-0.02088320001732269,0.1932392659001545,3.1860385764997945e-05,0.8107084821124655,70,255,255,255
479,9.580083773998922,22.02757726866197,9.130566490450894,-11.920038656979019,2.0043230645578394,2.1677436771237053,-0.19999747256501454,-0.019976623772737234,0.1605150071552841,2.665000720986077e-05,0.8121755998491351,70,255,255,255
480,9.600080156000331,22.067654204294623,9.174036593483581,-11.924038598366634,2.003846781632485,2.1735051516343633,-0.19999706938076509,-0.02381414626771594,0.28807372553290533,2.015921247280894e-05,0.8142233024305028,70,255,255,255
481,9.620072048997827,22.107722036768855,9.217606876182185,-11.928038529673925,2.0033916237116394,2.178514134930168,-0.19999656536452134,-0.022757896042294057,0.25044916479025026,2.5200812187653465e-05,0.816107188805361,70,255,255,255
482,9.640116582999326,22.147781346251023,9.261263193140236,-11.9320384658665,2.0029654741083456,2.1828158479025417,-0.19999680962869287,-0.021307480164690418,0.21508564861867074,-1.221320857708319e-05,0.8178403642702305,70,255,255,255
483,9.660082144000626,22.18783243902068,9.304991867411774,-11.936038395732853,2.002554638482884,2.186433713576891,-0.1999964933176289,-0.02054178127308104,0.18089328371746105,1.581555319837835e-05,0.8194348856979106,70,255,255,255
484,9.680111943998781,22.227875821692145,9.348780124241353,-11.940038329300771,2.0021691335730822,2.1894128414789567,-0.199996678395891,-0.019275245490084192,0.14895639510328773,-9.253913105744527e-06,0.8209018454113761,70,255,255,255
485,9.700120556997717,22.267909533163753,9.392675879206546,-11.94403825496165,2.0016855735803962,2.1947877482597034,-0.1999962830440326,-0.024177999634307223,0.26874533903733244,1.9767592919689436e-05,0.8229495512366599,70,255,255,255
486,9.720147914998961,22.307934187314746,9.436664615120542,-11.948038182063419,2.0012327075497414,2.1994367956997225,-0.19999635508843516,-0.022643301532732973,0.2324523720009588,-3.6022201282404076e-06,0.824833440595921,70,255,255,255
487,9.740086330999475,22.347950091068924,9.480732260977845,-11.95203809092938,2.0007951877089285,2.2033822928652027,-0.19999544329804037,-0.021875992040632397,0.1972748582740147,4.5589519739375195e-05,0.8265666188064412,70,255,255,255
488,9.760115069999301,22.387957835968887,9.524865744144444,-11.956037991995975,2.0003872449982025,2.2066741583298963,-0.19999505332978965,-0.020397135536291522,0.16459327323467843,1.9498412536012033e-05,0.8281611427601198,70,255,255,255
489,9.78007863899984,22.42795778257485,9.569052468713767,-11.960037874231542,1.9999973302982093,2.2093362284661366,-0.1999941117783149,-0.019495734999662506,0.133103506812013,4.707757373836885e-05,0.829628104797504,70,255,255,255
490,9.80007334900074,22.467948153708566,9.613337991595733,-11.964037772959804,1.9995185566858067,2.214276144098322,-0.19999493641305907,-0.02393868062013338,0.2469957816092716,-4.123173720882445e-05,0.8316762908134676,70,255,255,255
491,9.820148635000805,22.507929780219754,9.657708485557654,-11.968037711444753,1.9990813255594613,2.218524698096026,-0.19999692424745866,-0.021861556317268382,0.21242769988519683,-9.939171997910834e-05,0.8335606219481542,70,255,255,255
492,9.840108390999376,22.547903087402545,9.702150454736898,-11.972037674521331,1.9986653591395729,2.2220984589621833,-0.19999815382897546,-0.020798320994423358,0.17868804330788324,-6.14790758403927e-05,0.8352942065920658,70,255,255,255
493,9.860076332999597,22.58786851453955,9.746651124334118,-11.976037650514561,1.99827135685029,2.225033479861022,-0.19999879966147852,-0.01970011446415243,0.14675104494193558,-3.229162515322459e-05,0.8368891044644644,70,255,255,255
494,9.880085720000352,22.6278266197885,9.791198522091685,-11.980037641691693,1.9979052624475242,2.227369887878337,-0.19999955885658513,-0.018304720138285324,0.11682040086574874,-3.795975533080198e-05,0.8383564105070712,70,255,255,255
495,9.900109155998507,22.667774766243728,9.835834823331599,-11.98403762540413,1.9974073227612856,2.23181506199568,-0.19999918562181287,-0.024896984311929105,0.22225870586714191,1.8661738612202328e-05,0.840404075584894,70,255,255,255
496,9.920116776000214,22.70771365878253,9.88054666094815,-11.988037604564212,1.9969446269400761,2.235591880827599,-0.19999895800415932,-0.023134791060470672,0.18884094159596532,1.1380882678102555e-05,0.8422879274564911,70,255,255,255
497,9.940116548998049,22.747643949685425,9.925321324144054,-11.992037579405787,1.9965145451446886,2.2387331597951827,-0.19999874207872373,-0.021504089769375012,0.15706394837916826,1.0796271779023314e-05,0.8440210711783603,70,255,255,255
498,9.960076239000045,22.787566137593128,9.970146637263909,-11.996037537329018,1.9961093953851123,2.2412656559927195,-0.1999978961615203,-0.02025748797881577,0.12662480987683478,4.2295860171404076e-05,0.84561556340248,70,255,255,255
499,9.980082965001202,22.8274808547079,10.015011223164262,-12.000037481568649,1.9957358557386795,2.2432292950176036,-0.199997211981509,-0.018676982321645053,0.09818195124421014,3.420900056491649e-05,0.8470824962486702,70,255,255,255
500,10.000077795000834,22.867385228716113,10.059954649059678,-12.00403739412355,1.9952187004106936,2.2471712947708067,-0.19999562774510832,-0.025857766399290272,0.19709998766015246,7.92118200334535e-05,0.8491296107384267,70,255,255,255
501,10.02011862099971,22.907280163848945,10.104964406212039,-12.00803729009904,1.9947467566415502,2.2504878576180745,-0.19999479877448154,-0.023597188457173734,0.1658281423633854,4.1448531338417194e-05,0.8510129560690028,70,255,255,255
502,10.040123138998752,22.9471664090003,10.150028514090998,-12.012037172102081,1.9943122575677754,2.2532053939479573,-0.19999410015203797,-0.021724953688742277,0.13587681649414973,3.4931122178144536e-05,0.8527456337731328,70,255,255,255
503,10.060141589998238,22.987044726620024,10.195135668622815,-12.016037047064135,1.9939158809862365,2.255357726590817,-0.1999937481026894,-0.01981882907693988,0.10761663214297279,1.7602467428462498e-05,0.8543396972609324,70,255,255,255
504,10.080127219000133,23.02691574106463,10.240275070072316,-12.020036911009003,1.9935507222303153,2.2569700724751014,-0.1999931972433679,-0.01825793779606566,0.0806172942142247,2.754296607646034e-05,0.855806235669708,70,255,255,255
505,10.100115318000462,23.066776652035404,10.285516140025852,-12.024036782106924,1.9930455485386043,2.2620534976767654,-0.19999355489604764,-0.025258684585552915,0.25417126008319224,-1.7882633987803542e-05,0.8578543049936458,70,255,255,255
506,10.120090460997744,23.106628208740812,10.330844953482924,-12.028036652180718,1.9925778352702992,2.2664406728536233,-0.19999350368968946,-0.023385663415257163,0.21935875884289535,2.560317909211518e-06,0.8597385287716686,70,255,255,255
507,10.140138143000513,23.146471362528455,10.376248515003738,-12.032036536757955,1.9921576893821027,2.270178076040702,-0.19999422886185353,-0.02100729440982163,0.18687015935394236,-3.625860820322124e-05,0.8614720146474495,70,255,255,255
508,10.160079811998003,23.186306681868132,10.421714146637797,-12.036036416487185,1.9917659669837848,2.2732815817029475,-0.19999398646146865,-0.019586119915888656,0.15517528311226192,1.2120019243916369e-05,0.863066821653168,70,255,255,255
509,10.180079231999116,23.22613489845978,10.467230018454048,-12.040036291666121,1.99141082958237,2.2757935908125897,-0.19999375894678625,-0.017756870070734676,0.12560045548212084,1.1375734119495329e-05,0.8645340440984289,70,255,255,255
510,10.200078122001287,23.26595294531874,10.512861229306472,-12.044036181790215,1.990902342948112,2.2815605426211514,-0.19999450620467357,-0.025424331712902593,0.288347590428089,-3.736289436598317e-05,0.8665821835324243,70,255,255,255
511,10.220120396999846,23.305761859034,10.558593268214349,-12.048036099666557,1.990445685762962,2.286601945393828,-0.19999589381713706,-0.02283285925750156,0.25207013863385086,-6.938062317451976e-05,0.8684664718117001,70,255,255,255
512,10.240086646997952,23.34556238533223,10.604412085380332,-12.052036032961412,1.9900263149113973,2.2909408582991957,-0.19999666474271513,-0.020968542578239324,0.21694564526837556,-3.854627890365059e-05,0.8702000170286338,70,255,255,255
513,10.260079214000143,23.385355322830776,10.65030442105013,-12.056035978477837,1.9896468749274185,2.2946167834899285,-0.19999727582120513,-0.018971999198933442,0.18379625953663004,-3.0553924500825724e-05,0.8717948786282128,70,255,255,255
514,10.280124844000966,23.425141604173632,10.696257866626206,-12.060035950171311,1.9893140671427265,2.297672278803817,-0.19999858467368498,-0.016640389234602093,0.1527747656944234,-6.544262399210687e-05,0.8732621512998255,70,255,255,255
515,10.300084530997992,23.464917285928284,10.742332912081952,-12.064035907717141,1.9887840877325769,2.3037522727872886,-0.19999787729151366,-0.02649897050748229,0.30399969917358094,3.53691085652752e-05,0.8753096535688627,70,255,255,255
516,10.320092048001243,23.504683387033626,10.788514486961699,-12.068035854437554,1.9883050552671842,2.3090787439873304,-0.19999733602065825,-0.02395162326963507,0.26632356000208635,2.7063542770738858e-05,0.8771933556563769,70,255,255,255
517,10.34009048200096,23.544440851555652,10.834788224652081,-12.072035790566202,1.9878732261012424,2.3136868845191194,-0.19999680643241663,-0.02159145829709086,0.23040702658944312,2.6479412081087395e-05,0.87892636157689,70,255,255,255
518,10.360128650998377,23.584190707886915,10.881140604044248,-12.076035729054865,1.9874928165630816,2.3176189696083167,-0.1999969244331363,-0.019020476908037542,0.1966042544598734,-5.900035983663621e-06,0.880520727023762,70,255,255,255
519,10.380094039999676,23.623933701993533,10.927558549583255,-12.08003565878484,1.9871497053309175,2.320897276950323,-0.19999648649874055,-0.017155561608207748,0.16391536710030996,2.189671978800045e-05,0.8819875432348843,70,255,255,255
520,10.400097046000155,23.663666146162118,10.974099567496129,-12.08403559380112,1.9866222084293066,2.327050895643713,-0.19999675081397872,-0.02637484508054233,0.30768093466947954,-1.3215761907880985e-05,0.8840355047314944,70,255,255,255
521,10.42008311599784,23.703389056902278,11.020748322614404,-12.088035529432899,1.9861455370079353,2.3324377559137592,-0.1999967815889631,-0.02383357106856887,0.26934301350233003,-1.538749219459623e-06,0.8859196293083758,70,255,255,255
522,10.440091468000901,23.74310347628894,11.067490301656001,-12.092035468418878,1.985720969333123,2.337098952079882,-0.19999694929895512,-0.021228383740612644,0.23305980830613615,-8.385499600166435e-06,0.8876530239191066,70,255,255,255
523,10.460094080997806,23.78281037909389,11.114311693877744,-12.096035411491586,1.9853451402473712,2.3410696110871476,-0.19999715363541984,-0.018791454287587994,0.19853295036327223,-1.021682323590345e-05,0.889247746960979,70,255,255,255
524,10.480091060999257,23.82251067560354,11.161199371373021,-12.100035357530505,1.985014825482601,2.3443838747638615,-0.19999730194590326,-0.0165157382385126,0.16571318383569134,-7.415524171383581e-06,0.8907148921595016,70,255,255,255
525,10.50008365100075,23.86220022779143,11.208207226755041,-12.104035303420638,1.9844776093944696,2.3503927691009845,-0.19999729450667814,-0.026860804406574346,0.30044471685614704,3.719612567953945e-07,0.8927626897002834,70,255,255,255
526,10.520079943999008,23.901880165170954,11.255320025389977,-12.108035248071248,1.9839968689763159,2.355639931746767,-0.19999723253056806,-0.024037020907683893,0.2623581322891302,3.0988055035319206e-06,0.8946466634378025,70,255,255,255
527,10.540128009997716,23.94155173054201,11.302523452772862,-12.112035207026388,1.9835782685526828,2.360171369144211,-0.1999979477569551,-0.02093002118165832,0.22657186987220346,-3.576131935106863e-05,0.8963799192763202,70,255,255,255
528,10.56010256999798,23.981215870312507,11.349803661278965,-12.116035171352655,1.9832069885248256,2.3640104253051692,-0.19999821631335196,-0.01856400139286496,0.19195280804792292,-1.3427819843009337e-05,0.8979745146477565,70,255,255,255
529,10.580114231001062,24.020873604710058,11.397147635952587,-12.12003514451638,1.982886719877493,2.367198733681109,-0.19999865818631285,-0.016013432366628777,0.15941541879698296,-2.2093648045007352e-05,0.8994415423894778,70,255,255,255
530,10.60011330999987,24.060520625951394,11.444606258636993,-12.124035134991537,1.982351062066753,2.37293113422027,-0.1999995237578105,-0.026782890537004223,0.28662002695805855,-4.327857488159448e-05,0.9014897486061424,70,255,255,255
531,10.620105465000961,24.100158116487904,11.49216453148309,-12.128035139244277,1.9818745268255251,2.377913642304778,-0.2000002126370232,-0.023826762061398554,0.24912540422541563,-3.444396063459476e-05,0.9033740983254738,70,255,255,255
532,10.640122990000236,24.139787284257018,11.539808283129327,-12.132035162049142,1.9814583884557342,2.382187582311916,-0.2000011402432524,-0.020806918489552073,0.21369700035689032,-4.6380311461258206e-05,0.9051077000672587,70,255,255,255
533,10.660112026998831,24.179409186874746,11.587523959096426,-12.136035198748356,1.9810951308863767,2.385783798354938,-0.20000183496069618,-0.01816287846787379,0.17981080215110667,-3.473587218782992e-05,0.9067026136697008,70,255,255,255
534,10.680174151999381,24.219025064005983,11.635298951014708,-12.14003526832954,1.9807938565618504,2.388749595914024,-0.20000347905916493,-0.015063716226317414,0.1482898779543076,-8.22049234378841e-05,0.9081699341839475,70,255,255,255
535,10.700132424997719,24.25862991627565,11.683180627375425,-12.144035337708123,1.9802426134833468,2.394083818035883,-0.20000346892924462,-0.02756215392517425,0.26671110609295345,5.064960161837995e-07,0.9102177491930776,70,255,255,255
536,10.72010759099794,24.29822495794301,11.731154372604772,-12.14803539883838,1.9797520833680158,2.3986872614674106,-0.2000030565128364,-0.024526505766548024,0.23017217157637093,2.0620820411570984e-05,0.9121017390014774,70,255,255,255
537,10.74029199099823,24.337812015657533,11.779207017183037,-12.1520355111254,1.9793528857262621,2.4026322289132507,-0.2000056143509968,-0.019959882087685843,0.1972483722920022,-0.00012789190802064976,0.9138350096252051,70,255,255,255
538,10.76015162299882,24.377391779986453,11.827324943497482,-12.156035626402359,1.978988216445946,2.405896315722257,-0.20000576384791538,-0.018233464015807943,0.16320434045032695,-7.474845928695517e-06,0.9154296185990347,70,255,255,255
539,10.78012939600012,24.41696528978358,11.875495651063279,-12.160035737192777,1.9786754898563435,2.408535378289863,-0.20000553952088296,-0.015636329480130717,0.1319531283802955,1.1216351621073928e-05,0.916896658854958,70,255,255,255
540,10.800498612999945,24.456527566706033,11.92376397034227,-12.164035840747621,1.978113846122731,2.4134159639495447,-0.200005177742191,-0.028082186680622012,0.24402928298407556,1.8088934597482176e-05,0.9189443844646593,70,255,255,255
541,10.820131911998033,24.496078811640015,11.972114669113228,-12.168035819991017,1.977562246699033,2.41753493854795,-0.19999896216980242,-0.027579971184897634,0.20594872992026225,0.0003107786194287421,0.9208282920255846,70,255,255,255
542,10.840140755000903,24.535620432810546,12.02053459518235,-12.172035685244623,1.9770810585264975,2.4209963034560515,-0.1999932626803314,-0.02405940862677136,0.17306824540508847,0.0002849744735510529,0.9225614869816358,70,255,255,255
543,10.860107202999643,24.575153633683154,12.069011128204243,-12.176035432826781,1.9766600436304702,2.4238266510947417,-0.19998737910792003,-0.021050744801367927,0.14151738193450702,0.000294178620569463,0.9241560263412029,70,255,255,255
544,10.880118467001012,24.614679702399126,12.117532469369763,-12.180035073806128,1.976303435798615,2.4260670582760273,-0.1999820489673025,-0.017830391592769335,0.11202035906428254,0.00026650703087638394,0.9256230025520046,70,255,255,255
545,10.900110689999565,24.65419469824399,12.16614211056138,-12.184034737338223,1.9757497922433143,2.430482059580803,-0.19998317660475512,-0.027682177765035787,0.22075006523877994,-5.638187263007355e-05,0.9276707641093141,70,255,255,255
546,10.920206546001282,24.693700368335872,12.21482707384542,-12.188034453282171,1.9752835045940171,2.4342481642020726,-0.19998579719742046,-0.023314382464856953,0.18830523106347963,-0.00013102963326730444,0.9295547047420389,70,255,255,255
547,10.940280556998914,24.73319829998299,12.263574963252267,-12.192034242631271,1.9748965823559486,2.4373944703423405,-0.19998946745497215,-0.019346111903430385,0.15731530701338547,-0.0001835128775837247,0.9312879301241458,70,255,255,255
548,10.960112003998802,24.772689221431797,12.3123731798116,-12.196034047381294,1.9745460724403765,2.439910827966556,-0.19999023750114095,-0.01752549577860041,0.12581788121078175,-3.850230843957525e-05,0.9328824974756841,70,255,255,255
549,10.980111534998287,24.812174366319073,12.361210386254463,-12.200033866770505,1.9742572443637518,2.4418603221431425,-0.1999909694605294,-0.014441403831230382,0.09747470882931575,-3.6597969423179944e-05,0.9343494994390993,70,255,255,255
550,11.000110347998998,24.85164820468946,12.410126022487471,-12.20403369901657,1.9736919185193225,2.4457818116504115,-0.19999161230321513,-0.028266292221462708,0.19607447536345823,-3.214213428626156e-05,0.936397252819092,70,255,255,255
551,11.020159758998489,24.891112414907777,12.459107692758879,-12.208033559428003,1.9732105109158464,2.449083513570416,-0.19999302057164647,-0.024070380173799144,0.16508509600020682,-7.041342156696717e-05,0.9382811859286854,70,255,255,255
552,11.040642167998158,24.9305699756356,12.508145163584883,-12.212033600909104,1.9728780363910607,2.4518735413002273,-0.200002074055052,-0.016623726239282988,0.13950138649056631,-0.00045267417027594625,0.9400144043895112,70,255,255,255
553,11.060127132001071,24.97002050563,12.55722521514737,-12.216033647717804,1.9725264997200025,2.4540025781242893,-0.2000023404350117,-0.0175768335529074,0.10645184120309681,-1.3318997985511949e-05,0.941608965373471,70,255,255,255
554,11.08009029099776,25.009465187995783,12.606337035961385,-12.220033687670433,1.9722341182891259,2.4555910407008286,-0.2000019976314247,-0.014619071543828355,0.07942312882697111,1.714017934900669e-05,0.9430759614787141,70,255,255,255
555,11.100115877998178,25.048898389222217,12.655549594072742,-12.224033736833151,1.971660061321596,2.460627905567828,-0.2000024581358691,-0.028702848376492174,0.251843243349974,-2.3025222219225094e-05,0.9451239325013358,70,255,255,255
556,11.120079158998124,25.088321587554898,12.704849016032476,-12.228033782824612,1.9711599166339946,2.46497109798674,-0.20000229957302848,-0.02500723438007113,0.21715962094560082,7.928142030377838e-06,0.9470080658421477,70,255,255,255
557,11.140085921000718,25.127736327688527,12.754222276263777,-12.232033827925346,1.97073700668145,2.4686630115650665,-0.20000225503668304,-0.02114549762723339,0.18459567891633988,2.2268172719386303e-06,0.9487414685156946,70,255,255,255
558,11.16008834799868,25.16714406129723,12.803656997184987,-12.236033872893275,1.9703866804350416,2.4717360460604962,-0.20000224839642702,-0.01751631232042139,0.15365172477149525,3.320128007799905e-07,0.9503361989753578,70,255,255,255
559,11.180161822998343,25.20654639151872,12.8531416978994,-12.240033941176417,1.9701165110746677,2.4742350357206213,-0.20000341415714665,-0.013508468018700537,0.12494948300624875,-5.828803598131871e-05,0.951803350998248,70,255,255,255
560,11.200100572998053,25.245936970160557,12.902740516479042,-12.244034004816369,1.9695289320918337,2.479940928982153,-0.2000031819975876,-0.029378949141697364,0.2852946630765745,1.1607977952604598e-05,0.9538510062620028,70,255,255,255
561,11.22011098800067,25.285317510719697,12.952438966145397,-12.248034067322697,1.9690270279570414,2.484922483317765,-0.20000312531644784,-0.025095206739607745,0.24907771678060397,2.834056987088829e-06,0.9557348491046572,70,255,255,255
562,11.240135643998656,25.324689685515402,13.002223320957413,-12.25203413655333,1.9686087397852834,2.4892177406007256,-0.200003461531638,-0.02091440858790361,0.2147628641480286,-1.6810759508129047e-05,0.9574679845198993,70,255,255,255
563,11.260123805001058,25.364054963129014,13.052080410282237,-12.25603420820556,1.9682638806805588,2.4928544662412344,-0.20000358261150453,-0.01724295523623276,0.1818362820254409,-6.0539933264824874e-06,0.959062469101922,70,255,255,255
564,11.280130323000776,25.403414793804874,13.101997803142238,-12.26003428410521,1.9679915337929836,2.495869643000076,-0.200003794982396,-0.013617344378762164,0.15075883794209055,-1.0618544574292343e-05,0.960529394917383,70,255,255,255
565,11.300109219999285,25.442762815078027,13.152036035506821,-12.26403436325039,1.9674010636575412,2.5019116182291787,-0.20000395725902892,-0.029523506772124897,0.30209876145512604,-8.113831645839564e-06,0.9625772924141155,70,255,255,255
566,11.320112279998284,25.48210078847059,13.202180128152158,-12.26803444629894,1.966898669628213,2.5072046322668533,-0.20000415242743338,-0.025119701466418398,0.26465070188372986,-9.758420223493491e-06,0.9644613581111093,70,255,255,255
567,11.340093935999903,25.52143031739718,13.252415753833205,-12.272034527013696,1.9664764463294981,2.5117812840523466,-0.2000040357378755,-0.02111116493573384,0.22883258927466965,5.834477893401635e-06,0.9661946985523437,70,255,255,255
568,11.360142115998315,25.560753135455467,13.302729539041703,-12.276034620823147,1.966140902914325,2.5156892604249528,-0.2000046904724852,-0.016777170758655258,0.19539881863032083,-3.273673048409531e-05,0.9677893717582794,70,255,255,255
569,11.380158645999472,25.60007078168466,13.353108673176274,-12.280034732081113,1.9658823114595845,2.518956706728596,-0.20000556289828084,-0.012929572737027106,0.1633723151821509,-4.362128978224744e-05,0.9692564711077402,70,255,255,255
570,11.400125395997748,25.639376510912825,13.403609903785357,-12.28403484927115,1.9652864614082566,2.5250615304541606,-0.2000058595018615,-0.0297925025663921,0.30524118627824626,-1.4830179033337165e-05,0.9713044547424682,70,255,255,255
571,11.42011735000051,25.67867212324607,13.454218035122738,-12.288034969275111,1.9647806166621973,2.53040656686902,-0.20000600019806855,-0.025292237302969367,0.2672518207429646,-7.034810352524179e-06,0.9731885996864179,70,255,255,255
572,11.440134943000885,25.717959409015958,13.50491870567862,-12.292035097361916,1.964364288494302,2.5350335277941185,-0.2000064043401923,-0.020816408394768393,0.23134804625492933,-2.020710618685917e-05,0.9749220130348517,70,255,255,255
573,11.460134118999122,25.75724000552225,13.555698200384567,-12.296035232577973,1.9640298253146071,2.5389747352973893,-0.20000676080281596,-0.016723158984738973,0.19706037516353891,-1.7823131183314356e-05,0.9765167533154108,70,255,255,255
574,11.480142903998058,25.79651549327835,13.6065435360119,-12.30003537709038,1.9637743878050204,2.542266781366621,-0.2000072256203807,-0.012771875479332229,0.16460230346157534,-2.3240878237545948e-05,0.9779839143735252,70,255,255,255
575,11.500124537000374,25.835778974809212,13.657508193812465,-12.304035531995579,1.9631740765430783,2.5482328900282516,-0.20000774525992768,-0.03001556309710418,0.2983054330815458,-2.598197734832164e-05,0.9800319976106208,70,255,255,255
576,11.520111216999794,25.8750323062939,13.708577023498115,-12.308035692159752,1.9626665742342908,2.5534414842825184,-0.2000080082086766,-0.025375115439372875,0.2604297127133499,-1.3147437445820698e-05,0.9819162341887487,70,255,255,255
577,11.540112728998793,25.914277296243203,13.759735671705858,-12.312035857494939,1.9622494974650955,2.5579324103870933,-0.20000826675935066,-0.020853838459771623,0.22454630522874908,-1.2927533702855598e-05,0.9836497318406264,70,255,255,255
578,11.560128604000056,25.95351570396533,13.810970555421777,-12.316036032506343,1.9619203861063097,2.5617441857959475,-0.20000875057018958,-0.016455567939291038,0.1905887704427105,-2.419054194666148e-05,0.9852445496803539,70,255,255,255
579,11.580176431998552,25.99274929599115,13.862268902225429,-12.320036231638332,1.9616796012910402,2.56491734018255,-0.20000995659944173,-0.012039240763471959,0.1586577193301224,-6.0301462607992296e-05,0.9867117820929032,70,255,255,255
580,11.600114533001033,26.03197053541217,13.913680513721728,-12.324036419092419,1.9610619710510164,2.570580574814983,-0.20000937270439587,-0.03088151200119249,0.2831617316216408,2.9194752293154602e-05,0.9887593874316604,70,255,255,255
581,11.62011844600056,26.071181421923203,13.965190591140818,-12.328036596521514,1.9605443255516368,2.5755038709545124,-0.20000887145471827,-0.02588227496898554,0.24616480697648546,2.5062483880150532e-05,0.9906431843433169,70,255,255,255
582,11.640141748997848,26.110383913850022,14.016785138070357,-12.332036771700187,1.9601245963409033,2.579727346476939,-0.20000875893365022,-0.020986460536673412,0.21117377612131394,5.626053402679743e-06,0.9923762775020409,70,255,255,255
583,11.66012154100099,26.149579726215006,14.068450701216182,-12.336036938016619,1.959790618249171,2.583278157291233,-0.2000083158216028,-0.01669890458661616,0.17754054071469882,2.2155602371287664e-05,0.9939707232080671,70,255,255,255
584,11.68012581199946,26.188770560159277,14.120174611723291,-12.340037097103158,1.9595416972134991,2.586195525355396,-0.20000795432693913,-0.012446051783593148,0.14586840320816563,1.807473318318764e-05,0.9954376132576112,70,255,255,255
585,11.700138603999221,26.22794888597256,14.17200399654252,-12.344037241950899,1.9589162906640802,2.5914692409614104,-0.20000724238706377,-0.0312703274709456,0.26368578030071443,3.559699376748382e-05,0.9974852057249428,70,255,255,255
586,11.72010637999847,26.26711666570461,14.223924360644245,-12.348037362870734,1.9583889866024435,2.5960182050862737,-0.2000060459917497,-0.026365203081830213,0.2274482062431611,5.98197657032673e-05,0.999368990794888,70,255,255,255
587,11.740112908999436,26.30627588456553,14.275922078227127,-12.352037463194145,1.9579609430460956,2.599885879144092,-0.20000501617058308,-0.021402177817392953,0.19338370289092577,5.14910583315209e-05,1.0011020730592375,70,255,255,255
588,11.760121167000761,26.345428427883018,14.327984223745807,-12.356037546638962,1.957627165874467,2.603107275933989,-0.2000041722408348,-0.016688858581422883,0.16106983949483977,4.219648741354831e-05,1.002696508742439,70,255,255,255
589,11.78017500399801,26.384576224398764,14.380098714753203,-12.360037631312228,1.957389825787297,2.605724550369784,-0.20000423366324208,-0.011867004358497635,0.13086372178973393,-3.071120363268287e-06,1.0041633895709845,70,255,255,255
590,11.800109207000787,26.423711536049144,14.432309889653856,-12.364037717456597,1.9567655825189985,2.610558745032707,-0.20000430721847365,-0.031212163414932492,0.24170973314613775,-3.6777615788630147e-06,1.0062113156116073,70,255,255,255
591,11.820112347999384,26.462836505478634,14.484603942730185,-12.368037805851094,1.9562484714745427,2.6147026538164218,-0.20000441972481933,-0.025855552222782796,0.20719543918575667,-5.625317283902698e-06,1.0080954075689803,70,255,255,255
592,11.840115316001175,26.50195316276701,14.536967763349331,-12.372037897169038,1.9558328644186818,2.618191030957253,-0.20000456589725316,-0.020780352793053458,0.17441885704157745,-7.308621691431982e-06,1.0098287721697634,70,255,255,255
593,11.860138462998293,26.54106349406146,14.589388992085572,-12.376037998495956,1.9555165647226413,2.6210614368120257,-0.20000506634585924,-0.015814984802020815,0.1435202927386312,-2.5022430304361132e-05,1.011423467602484,70,255,255,255
594,11.880117313998198,26.580169234714756,14.641855751961101,-12.380038102301505,1.955287032664792,2.623337993776398,-0.20000519027739405,-0.011476602892466659,0.11382784821860525,-6.1965767412797135e-06,1.012890587400587,70,255,255,255
595,11.900107851997745,26.619262252872353,14.694409399854846,-12.384038196354398,1.9546509078797956,2.6276823946872763,-0.20000470264462186,-0.03180623924982484,0.21722004554391416,2.4381638609183298e-05,1.0149382659359067,70,255,255,255
596,11.920143095998355,26.65834487583574,14.747036932009053,-12.38803829236739,1.9541311481693886,2.6313766077102976,-0.2000048006495944,-0.025987985520345758,0.18471065115107566,-4.900248626066306e-06,1.016822130188401,70,255,255,255
597,11.940106013000332,26.69741907645424,14.799725731251245,-12.392038378202695,1.9537100309248512,2.6344399621096364,-0.20000429176526074,-0.021055862226867728,0.15316771996693657,2.544421668268515e-05,1.0185552853006958,70,255,255,255
598,11.960121584001172,26.736486891174753,14.85246403992141,-12.396038459316358,1.9533907360256408,2.6369154335082787,-0.20000405568317622,-0.015964744960522026,0.1237735699321143,1.1804104226686984e-05,1.020149788004007,70,255,255,255
599,11.98016200499842,26.7755503239948,14.905240821234264,-12.400038548796616,1.9531716410023015,2.6388390656427125,-0.20000447401287957,-0.010954751166967869,0.0961816067217014,-2.0916485167638e-05,1.0216167304910533,70,255,255,255
600,12.000116842998978,26.814601021449846,14.958094890941302,-12.404038640423263,1.952534872752256,2.6427034853518894,-0.20000458133238105,-0.03183841250227348,0.1932209854588347,-5.3659750737233836e-06,1.0236647057106936,70,255,255,255
601,12.020109930999752,26.853641244427465,15.011013820068651,-12.408038731709075,1.9520111488809335,2.6459464563674677,-0.20000456429059307,-0.026186193566128724,0.16214855077892754,8.520893986230238e-07,1.0255488429127628,70,255,255,255
602,12.040142068999558,26.89267325988114,15.063985971560498,-12.412038832812604,1.9516007726836497,2.648607574592353,-0.2000050551764443,-0.020518809864188636,0.1330559112442682,-2.454429256101842e-05,1.0272822491386664,70,255,255,255
603,12.060117017001176,26.931699028871183,15.117000101815044,-12.416038934966382,1.9512884495021678,2.6507065127273166,-0.20000510768888807,-0.015616159074091085,0.10494690674818896,-2.6256221885567754e-06,1.0288769828664976,70,255,255,255
604,12.080167439999059,26.970720646308624,15.170045864509786,-12.420039054079307,1.9510808718720327,2.652288134737139,-0.20000595564624907,-0.010378881506754034,0.07908110049112294,-4.239786804910439e-05,1.0303441378961025,70,255,255,255
605,12.100113600998156,27.0097294853523,15.223191352682932,-12.42403918401941,1.9504419521836962,2.6572744086573006,-0.20000649700510373,-0.031945984416823725,0.24931369600807418,-2.706794273305002e-05,1.0323922980362956,70,255,255,255
606,12.120097594000981,27.04872784734097,15.276422929653528,-12.428039318806915,1.9499180994336178,2.6615788485298304,-0.20000673937526403,-0.026192637503914318,0.21522199362649674,-1.2118508015274143e-05,1.0342766053652734,70,255,255,255
607,12.14013186900047,27.087718073198758,15.32972783389534,-12.43203946890332,1.9495112928893688,2.6652452120906305,-0.2000075048202062,-0.020340327212453824,0.18331817804000705,-3.82722471090613e-05,1.036010168107933,70,255,255,255
608,12.160108755000692,27.126702192767343,15.383093730035252,-12.436039625753454,1.949205978429187,2.668294806995572,-0.200007842506743,-0.015265723009078913,0.15247974524707741,-1.6884326839300412e-05,1.0376050458311799,70,255,255,255
609,12.180115881001257,27.16568222063597,15.43650904232721,-12.440039790981455,1.9490013934312198,2.670765614597881,-0.20000826140008596,-0.010229249898360937,0.12354038011544244,-2.094466714777643e-05,1.039072333336567,70,255,255,255
610,12.200166939001065,27.20464922575893,15.490037454788743,-12.444039954746685,1.9483502561482104,2.6764206230766554,-0.20000818826154,-0.032556864150471876,0.28275042393872285,3.6569272986730628e-06,1.0411201875044804,70,255,255,255
611,12.220091371000308,27.243605400475175,15.543664322369143,-12.448040092693127,1.9478087358122234,2.6813433790200274,-0.20000689732207624,-0.027076016799350677,0.24613779716860495,6.454697318736269e-05,1.0430042133389608,70,255,255,255
612,12.240163227001176,27.28255329466876,15.59737629674649,-12.452040229143112,1.947394709679235,2.6855987188673143,-0.20000682249927895,-0.020701306649419937,0.21276699236434604,3.741139864316123e-06,1.0447375171066826,70,255,255,255
613,12.2601261230011,27.32149496980753,15.651160268939599,-12.45604035209483,1.9470837569387272,2.6891986096554503,-0.20000614758584942,-0.015547637025392635,0.17999453940681187,3.3745671476043126e-05,1.0463321565729868,70,255,255,255
614,12.280117211998004,27.360432463839352,15.705003911377146,-12.46004045930993,1.9468747015910526,2.6921821218773934,-0.20000536075503877,-0.010452767383734018,0.14917561109714628,3.934154053278349e-05,1.0477992248819867,70,255,255,255
615,12.300108790001104,27.399356836748336,15.758967279282304,-12.464040567658348,1.946218645449258,2.6981683952579387,-0.20000541742092037,-0.032802807089725494,0.2993136690272662,-2.8332940796294004e-06,1.0498470634552854,70,255,255,255
616,12.320106004997797,27.43827058789319,15.813035558222417,-12.468040676007526,1.9456875572427232,2.7034139470056395,-0.20000541745892275,-0.026554410326735667,0.2622775873850318,-1.9001190620926423e-09,1.0517310749427202,70,255,255,255
617,12.340084157000092,27.477176022664338,15.867194579739806,-12.472040777192701,1.9452717385573595,2.7079510758694587,-0.20000505925874745,-0.02079093426818468,0.22685644319096454,1.791000876560922e-05,1.0534643655111602,70,255,255,255
618,12.360080390000803,27.51607537929417,15.921430951464249,-12.476040870276377,1.9449678314915395,2.7118185862220994,-0.20000465418377994,-0.015195353290999192,0.1933755176320231,2.0253748375109737e-05,1.055058992834125,70,255,255,255
619,12.380079855000076,27.55497078178855,15.975731973528783,-12.480040955424508,1.944770124719166,2.7150511032266684,-0.2000042574066049,-0.009885338618675243,0.1616258502284591,1.9838858751508592e-05,1.0565260499712525,70,255,255,255
620,12.400088166999922,27.593852925423416,16.03015390026729,-12.484041040194592,1.9441071817432305,2.7210963369253296,-0.2000042385042057,-0.033147148796773385,0.30226168493305394,9.45119960044094e-07,1.058573829697396,70,255,255,255
621,12.420084879999195,27.632724383782115,16.08468175067869,-12.488041123421839,1.9435729179349457,2.726392520570018,-0.20000416136233212,-0.026713190414243915,0.2648091822344214,3.857093679532353e-06,1.0604577870454484,70,255,255,255
622,12.440133797997987,27.67158776018544,16.1393014802972,-12.492041220719415,1.943168820166269,2.7309864809254405,-0.20000486487877195,-0.02020488843384416,0.2296980177711192,-3.517582199064062e-05,1.0621910278056563,70,255,255,255
623,12.460092582998186,27.710445226260468,16.193999382664174,-12.496041317898623,1.9428733037514785,2.7348951183488284,-0.20000485896042242,-0.014775820739516776,0.1954318711693932,2.9591747702228943e-07,1.0637856093050477,70,255,255,255
624,12.480090512999595,27.749298958057185,16.248762603962213,-12.50004141414868,1.9426865898357988,2.738161064901982,-0.2000048125028597,-0.009335695783988962,0.16329732765766414,2.3228781353967776e-06,1.0652526242844877,70,255,255,255
625,12.50008077700113,27.788139072438916,16.30364353204563,-12.504041485572934,1.9420057190865296,2.744046404170906,-0.20000357121274978,-0.034043537463452234,0.29426696344620185,6.206450549553488e-05,1.0672999069439935,70,255,255,255
626,12.520094196999707,27.826968285211546,16.358627349647236,-12.508041537841056,1.9414606386314506,2.749190880080255,-0.20000261340608333,-0.02725402275395461,0.25722379546744945,4.789033332233683e-05,1.0691834069907387,70,255,255,255
627,12.54009117899841,27.86578911407358,16.413699898159862,-12.512041571053022,1.941041443101658,2.7536274256313695,-0.20000166059834631,-0.020959776489620996,0.22182727755573728,4.7640386850289484e-05,1.0709162270337442,70,255,255,255
628,12.560092476000136,27.90460395288388,16.468847743783535,-12.516041586714104,1.9407419405149668,2.7573922811836535,-0.20000078305414393,-0.014975129334558579,0.18824277761419994,4.387721011914203e-05,1.0725104214733094,70,255,255,255
629,12.580095558998437,27.943415067169045,16.52405814541497,-12.520041586838857,1.9405557142583814,2.7605200815716837,-0.20000000623767986,-0.009311312829278773,0.15639001940149821,3.8840823203489805e-05,1.0739770803577093,70,255,255,255
630,12.600085785001284,27.982212682138854,16.57938084267286,-12.524041587076704,1.9398807484904133,2.7661348628947175,-0.20000001189230626,-0.033748288398402826,0.28073906615169264,-2.827313202169446e-07,1.0760249625147322,70,255,255,255
631,12.620090047999838,28.020999545209868,16.6348012400259,-12.528041588784637,1.9393431535507073,2.771019867651975,-0.20000008539660424,-0.026879746985297714,0.24425023786286415,-3.6752148995788936e-06,1.0779090140991932,70,255,255,255
632,12.640100764998351,28.059778276809496,16.690305487377454,-12.532041595301157,1.9389365799814646,2.7752123675776934,-0.20000032582598593,-0.020328678462130156,0.209624996285926,-1.2021469084466663e-05,1.0796423415568974,70,255,255,255
633,12.660100747998513,28.098551318801064,16.745880388196497,-12.536041606321882,1.9386520995784322,2.7787450409520402,-0.20000055103628558,-0.014224020151620387,0.17663366871734132,-1.1260514983568726e-05,1.0812370028179852,70,255,255,255
634,12.680087772998377,28.137320934173868,16.80151337245079,-12.540041617406928,1.9384807686402346,2.78164921271465,-0.20000055425230712,-0.008566546909885231,0.1452085881304992,-1.60801076259931e-07,1.082704091178186,70,255,255,255
635,12.700085573000251,28.176076706958153,16.857250550856456,-12.54404160545758,1.9377886392141652,2.7868589202833416,-0.19999940253257864,-0.03460647130346817,0.26048537843456865,5.758598642402468e-05,1.0847514545845556,70,255,255,255
636,12.720082733998424,28.214821449387966,16.91307776162551,-12.548041570966538,1.937237121490625,2.7913605384525693,-0.19999827544795254,-0.02757588617701434,0.2250809084613805,5.6354231305677516e-05,1.0866350289184155,70,255,255,255
637,12.740090968000004,28.253557858045493,16.96898159362663,-12.552041517976372,1.9368204328763647,2.7951916000560044,-0.19999735049171252,-0.02083443071300839,0.1915530801717491,4.6247812000160815e-05,1.0883679173055667,70,255,255,255
638,12.760084546000144,28.29228843415282,17.024949258239772,-12.556041445626773,1.9365288053663803,2.7983832306571323,-0.19999638252006244,-0.014581375499220117,0.15958153005640519,4.839858250460516e-05,1.0899621746217458,70,255,255,255
639,12.780155321997881,28.33101578522438,17.080968945765992,-12.560041377843387,1.936367553578047,2.8009843763109217,-0.19999661083064302,-0.008062589416671262,0.13005728268946726,-1.1415529029362714e-05,1.0914288913526307,70,255,255,255
640,12.80010171899994,28.369729426379603,17.137084197967525,-12.564041313329172,1.935682057761089,2.8057626100766466,-0.19999677428928297,-0.03427479084790286,0.23891168828625542,-8.17293199739666e-06,1.093476864699779,70,255,255,255
641,12.820088902000862,28.40843219737322,17.1932813653692,-12.568041247889763,1.935138549680878,2.809858370083697,-0.1999967280295564,-0.027175404010547632,0.20478800035253908,2.3129863286897034e-06,1.0953610001791556,70,255,255,255
642,12.840096160998655,28.447126849210132,17.249547568632625,-12.572041184008254,1.9347325918456373,2.8133101631713973,-0.19999680592453095,-0.02029789176203156,0.17258965438501317,-3.894748727556463e-06,1.097094404820182,70,255,255,255
643,12.860087654000381,28.485815930374407,17.305870526143792,-12.576041118971142,1.934454058213834,2.8161478755584133,-0.1999967481443552,-0.013926681590155088,0.14188561935079713,2.8890087870880876e-06,1.0986891370899263,70,255,255,255
644,12.880083803000161,28.52450186025334,17.362238621450004,-12.580041051719501,1.934296493946762,2.8184047653105946,-0.19999663741795554,-0.007878213353602392,0.11284448760907395,5.536319982679672e-06,1.100156290778091,70,255,255,255
645,12.900129900997854,28.56317391767553,17.418692555369255,-12.584040983092526,1.933602871109428,2.8226966959624797,-0.19999656865130344,-0.03468114186670279,0.21459653259426448,3.4383326049103324e-06,1.1022040918567846,70,255,255,255
646,12.920121584000299,28.60183503308211,17.47521937816287,-12.588040910621103,1.93305577032895,2.826341139680672,-0.19999637642884757,-0.02735503902390035,0.1822221859096116,9.611122793629079e-06,1.1040880688491825,70,255,255,255
647,12.940089493000414,28.640487902518167,17.53180670231378,-12.592040824382732,1.9326434718027927,2.8293662075455175,-0.1999956880814547,-0.020614926307861214,0.15125339324225795,3.441736964274189e-05,1.1058213276821887,70,255,255,255
648,12.96008056500068,28.679135147581235,17.588442882372032,-12.596040722484451,1.932362253153363,2.831809002912668,-0.1999949050859795,-0.014060932471484877,0.12213976835752671,3.914977376065498e-05,1.1074159258085543,70,255,255,255
649,12.980072615999234,28.717779244704786,17.645116897486584,-12.600040603485212,1.9322048561776222,2.8337007557275955,-0.19999405003807202,-0.007869848787041445,0.09458764074636461,4.275239537343545e-05,1.1088829560848108,70,255,255,255
650,13.000081392998254,28.756409449386407,17.701867115709405,-12.60404049314899,1.9315102340809653,2.837510911141103,-0.19999448318892007,-0.034731104832836035,0.1905077706753806,-2.1657542402908625e-05,1.110930891258813,70,255,255,255
651,13.02007569700072,28.795028768617925,17.75868134213889,-12.608040389309823,1.9309659615759731,2.8407113214741906,-0.1999948080416545,-0.027213625249616458,0.1600205166543729,-1.624263672136972e-05,1.112814991618895,70,255,255,255
652,13.04008741099824,28.83364010210037,17.815548083581128,-12.612040295492509,1.930566674122362,2.8433370721119995,-0.19999530913431857,-0.01996437268056006,0.13128753189044184,-2.505463320293111e-05,1.1145483639501703,70,255,255,255
653,13.060093265998148,28.872246169581118,17.872456428036013,-12.616040213119446,1.930303374037357,2.845417222744245,-0.19999588134680635,-0.013165004250244694,0.10400753161228904,-2.8610624388580863e-05,1.1161430664949437,70,255,255,255
654,13.080116805998841,28.9108495926403,17.9293961252294,-12.620040149168574,1.9301711529591037,2.8469848596692056,-0.19999680245640103,-0.006611053912668474,0.0783818462480208,-4.605547973368651e-05,1.117610192836135,70,255,255,255
655,13.100073559999146,28.94943875875486,17.98643393004395,-12.624040068017685,1.9294583057279275,2.851890240727658,-0.19999594245551788,-0.03564236155881151,0.2452690529226227,4.300004415716541e-05,1.119657572726444,70,255,255,255
656,13.120075818998885,28.98801678790449,18.043556545868558,-12.6280399715515,1.9289014574814154,2.856130791230264,-0.1999951766907547,-0.02784241232560647,0.21202752513028722,3.828823815876792e-05,1.1215411622255282,70,255,255,255
657,13.140081337998708,29.02658664112124,18.10075135185721,-12.632039862609364,1.9284926608376955,2.859740299432629,-0.19999455289316928,-0.020439832185997764,0.18047541011825352,3.118987927089312e-05,1.1232740645646857,70,255,255,255
658,13.160083046997897,29.065151102664743,18.158006352938713,-12.636039742661021,1.9282230771751288,2.8627500540752813,-0.19999400258279687,-0.013479183128339844,0.1504877321326199,2.7515518620541135e-05,1.1248683347167105,70,255,255,255
659,13.180078314999264,29.103712777754524,18.21531015043306,-12.64003961104452,1.9280837544890546,2.865189874717319,-0.1999934191749361,-0.006966134303711291,0.12199103210187623,2.917039303840241e-05,1.1263350632565734,70,255,255,255
660,13.200081947001308,29.142260227757657,18.272725838964696,-12.644039477635976,1.9273725001566198,2.870784426581809,-0.19999332957285554,-0.035562716621734713,0.2797275932244956,4.4801040283981575e-06,1.1283828140057617,70,255,255,255
661,13.220082178999292,29.180796631001726,18.33023932202348,-12.648039342830607,1.926820162203558,2.8756741529391348,-0.199993259731551,-0.027616897653097272,0.24448631786629393,3.492065226984309e-06,1.130266744695015,70,255,255,255
662,13.240107106998039,29.219325071816684,18.387837296735864,-12.65203921490487,1.9264220407479538,2.8798987356192107,-0.1999936037131342,-0.019906072780211392,0.21122913400380083,-1.7199079160951092e-05,1.131999960929128,70,255,255,255
663,13.260089269999298,29.257848325364577,18.445506942572425,-12.656039087942828,1.9261626773946907,2.883482291828115,-0.1999936518979016,-0.012968167663153674,0.17917781044521064,-2.4092383693330444e-06,1.133594519864512,70,255,255,255
664,13.280144561998895,29.29636924261015,18.503236402462523,-12.66003897978324,1.9260458622787275,2.886472994504942,-0.19999459202053985,-0.005840755798161457,0.14953513384135464,-4.7006131911525584e-05,1.1350615140850653,70,255,255,255
665,13.300087604999135,29.334875928345046,18.5610845198036,-12.664038881212132,1.9253342867447931,2.8924058670538915,-0.19999507144464615,-0.03557877669672593,0.2966436274474846,-2.3971205315637123e-05,1.1371095374231348,70,255,255,255
666,13.320073211998533,29.373371579705125,18.61903667821263,-12.668038787206152,1.924782568004007,2.897607920451537,-0.1999952997009851,-0.027585937039313446,0.2601026698822744,-1.1412816947414806e-05,1.1389937188941588,70,255,255,255
667,13.34009561899802,29.4118593374131,18.67707912844707,-12.67203870481204,1.9243878853987795,2.9021225117219975,-0.1999958802944138,-0.019734130261374716,0.22572956352302853,-2.9029671436170412e-05,1.140727165847501,70,255,255,255
668,13.360116110998206,29.450342160250166,18.735198793601644,-12.676038640022355,1.9241411418532572,2.9059832577287517,-0.1999967605157688,-0.012337177276116051,0.19303730033771416,-4.4011067749955e-05,1.1423219370445756,70,255,255,255
669,13.380079435999505,29.48882265443204,18.793383014535035,-12.680038580148496,1.924024709093709,2.909211046669522,-0.1999970063070381,-0.005821637977411864,0.161389447038514,-1.2289563463718789e-05,1.1437891265458844,70,255,255,255
670,13.400076443998842,29.527288891209057,18.851687228972807,-12.684038539028752,1.9233118388507398,2.9152107218886414,-0.19999794401273857,-0.035643512148465506,0.29998376095597923,-4.688528502450051e-05,1.1458373218069426,70,255,255,255
671,13.420108246999007,29.56574428181626,18.910096848473106,-12.688038525780625,1.922769530360214,2.920480975015014,-0.1999993375936793,-0.02711542452629634,0.2635126563186385,-6.967904703619743e-05,1.1477216614471164,70,255,255,255
672,13.440148165998835,29.60419207613967,18.968598026054522,-12.692038551527098,1.9223897161705157,2.925058879070732,-0.20000128732361094,-0.018990709484912438,0.2288952027858957,-9.748649658272712e-05,1.1494552539160763,70,255,255,255
673,13.460080992001167,29.642634998528607,19.027177139838585,-12.69603859239162,1.9221461194466996,2.9289556892031636,-0.2000020432260661,-0.012179836190801652,0.19484050662157504,-3.779512275742247e-05,1.1510501589875193,70,255,255,255
674,13.480076134997944,29.6810758170809,19.08582152778168,-12.700038645847483,1.922040927614682,2.9322193971546806,-0.20000267279316067,-0.005259591600877966,0.1631853975758455,-3.147835472830374e-05,1.152517471653247,70,255,255,255
675,13.500079458000982,29.719501875617468,19.144582426051382,-12.704038677181357,1.9213029268283788,2.9380449134851645,-0.20000156669372834,-0.03690003931515218,0.291275816524196,5.530497161673753e-05,1.15456478986988,70,255,255,255
676,13.520075407999684,29.75791656508559,19.203445209953063,-12.708038686374428,1.9207344734061207,2.9431391950839907,-0.2000004596535313,-0.028422671112904307,0.25471407994131523,5.5352009851877826e-05,1.1564483226291826,70,255,255,255
677,13.540080006998323,29.79632311884302,19.262396006620804,-12.712038676212114,1.9203276878715305,2.9475398333870473,-0.19999949188427862,-0.02033927672950786,0.22003191515283227,4.838846263377494e-05,1.158181172767741,70,255,255,255
678,13.560078154998337,29.83472456861999,19.321421606871628,-12.716038647279357,1.9200724888484235,2.951280012541249,-0.19999855336216646,-0.012759951155348448,0.18700895771008375,4.692610560869115e-05,1.1597753948952145,70,255,255,255
679,13.580078642000444,29.873123779894087,19.380509484492393,-12.720038600904518,1.9199605637048827,2.954393881038352,-0.1999976812580353,-0.00559625717704626,0.15569342485515136,4.360520655785627e-05,1.1612420792524905,70,255,255,255
680,13.600078325998766,29.91150838280695,19.439708512351608,-12.72403855994912,1.9192301456432128,2.9599513929608294,-0.19999795223014616,-0.036520903083489875,0.2778755961238666,-1.3548605543034498e-05,1.163290029175904,70,255,255,255
681,13.620109331001004,29.949881937711602,19.499004479214125,-12.728038534075129,1.9186777452325723,2.9647983431259406,-0.19999870630039793,-0.027620020532029166,0.24234750825556084,-3.770351258902682e-05,1.1651741431054448,70,255,255,255
682,13.64008185000057,29.988247621861486,19.558383616881653,-12.732038513625136,1.9182842074941286,2.9689568833763618,-0.19999897750034706,-0.01967688692218683,0.2079270125210555,-1.3559997456419337e-05,1.166907527920622,70,255,255,255
683,13.660115417998895,30.026608629824842,19.61783311586368,-12.736038509048182,1.9180503981677328,2.9724749491012767,-0.19999977115227183,-0.01169046631978854,0.17590328624573992,-3.968259623882142e-05,1.1685022419505853,70,255,255,255
684,13.680095192998124,30.06496779984012,19.677340588550425,-12.740038512927207,1.9179585007637288,2.975373634337243,-0.20000019395122515,-0.004594870200197887,0.1449342617983067,-2.1139947666254377e-05,1.1699693788581513,70,255,255,255
685,13.700083679999807,30.103312106725603,19.736951201692897,-12.744038507057766,1.9172153442742244,2.9805306571234955,-0.1999997065279383,-0.03715782447522198,0.2578511393126175,2.437116434206299e-05,1.1720170083126582,70,255,255,255
686,13.720097228000668,30.14164513473167,19.79665113031996,-12.748038496369519,1.9166514003033892,2.9849964313532187,-0.1999994655876177,-0.028197198541757285,0.22328871148615148,1.2047016030636293e-05,1.1739008274108045,70,255,255,255
687,13.740101832998334,30.17997024248227,19.85642719684739,-12.752038482642293,1.9162553875299453,2.9888033263714386,-0.1999993136387388,-0.019800638672194504,0.19034475091098724,7.5974439442128006e-06,1.1756339409810992,70,255,255,255
688,13.760068950999994,30.218290479797933,19.916266728180425,-12.756038455558153,1.9160118657831258,2.9919765666516276,-0.19999864579299723,-0.01217608734098019,0.1586620140094568,3.339228707877062e-05,1.1772284054657702,70,255,255,255
689,13.780071238998062,30.256608833846645,19.976157864253395,-12.760038416694007,1.9159177024355531,2.994556803648459,-0.19999805679270036,-0.0047081673786295575,0.1290118498415862,2.9450014843307448e-05,1.1786953127916675,70,255,255,255
690,13.800085144997865,30.29491219901121,20.036143090797147,-12.764038366251159,1.9151682582282517,2.9992613271875763,-0.19999747785758373,-0.0374722103650762,0.23522617695585435,2.8946755831843474e-05,1.1807428999928709,70,255,255,255
691,13.820099988999573,30.33320423674122,20.096209172523903,-12.768038309755118,1.9146018865004961,3.0033040863378786,-0.19999717519802926,-0.028318586387777067,0.20213795751511476,1.513297772323674e-05,1.182626680217978,70,255,255,255
692,13.84012576099849,30.371488441892776,20.15634358715342,-12.772038255906512,1.914210257577832,3.0067207314758235,-0.19999730756971393,-0.019581446133214664,0.17083225689724246,-6.618584233314406e-06,1.1843597580250762,70,255,255,255
693,13.860121510999306,30.409768016092347,20.216534321831045,-12.776038203272652,1.9139787099785337,3.0095367338813643,-0.1999973683069991,-0.01157737996490904,0.14080012027703948,-3.036864258204597e-06,1.1859541896076067,70,255,255,255
694,13.88011087400082,30.448045955839937,20.276769966156046,-12.780038148461028,1.91389698737947,3.011782216249964,-0.19999725941878024,-0.004086129953185358,0.11227411842997626,5.444410943189482e-06,1.1874210666635348,70,255,255,255
695,13.90008925499933,30.486309062626255,20.337090465188602,-12.784038109921683,1.9131553393158376,3.016024951627861,-0.1999980730327409,-0.03708240318161771,0.21213676889487454,-4.068069803211949e-05,1.1894693026316485,70,255,255,255
696,13.920077696999215,30.524560968472517,20.397483124917393,-12.788038083041384,1.9125952923130995,3.019632986439597,-0.19999865598500963,-0.02800235013690755,0.1804017405868068,-2.914761343678074e-05,1.1913536797223132,70,255,255,255
697,13.94009250900126,30.562805189784182,20.457936014810382,-12.792038071903436,1.912211065583152,3.0226444946495206,-0.19999944310259898,-0.01921133649737783,0.1505754104961574,-3.935587946732322e-05,1.1930873066457246,70,255,255,255
698,13.960078333999263,30.601044951519217,20.518437694862854,-12.79603807104512,1.9119880867517485,3.025084002623622,-0.1999999570841368,-0.011148941570173765,0.12197539870507157,-2.5699076889984518e-05,1.194682243415263,70,255,255,255
699,13.980078952998156,30.63928333961424,20.57897739921093,-12.800038080049108,1.9119194047512493,3.026985217403843,-0.20000045019942994,-0.003434100024962472,0.09506073901107515,-2.4655764658182422e-05,1.1961495852432384,70,255,255,255
700,14.000076601998444,30.67750650817577,20.639591679245346,-12.804038075720458,1.9111584280764427,3.0307140017207583,-0.1999997835675196,-0.038048833740331967,0.18643921584576484,3.333159551752174e-05,1.1981971066930845,70,255,255,255
701,14.020116061001318,30.715718339574924,20.700268854835503,-12.808038071492936,1.9105915699576619,3.0338587795078737,-0.1999997886238618,-0.028342905939040985,0.15723888935576502,-2.528171104965171e-07,1.200080826426943,70,255,255,255
702,14.040118673998222,30.753922383472794,20.76099768095476,-12.812038068203396,1.9102021948935803,3.036441305962841,-0.1999998355229758,-0.019468753204072042,0.1291263227483408,-2.3449556993959675e-06,1.2018138485820926,70,255,255,255
703,14.06007700400005,30.792121847305232,20.82176730624834,-12.816038052466423,1.9099731916218066,3.038481264679073,-0.19999921315133534,-0.011450163588689222,0.10199793581160455,3.11185820229265e-05,1.2034082289648302,70,255,255,255
704,14.080115805998503,30.830320010900422,20.88256782568056,-12.820038037470681,1.9099081797594966,3.040025971611032,-0.1999992502129263,-0.0032505931154955814,0.07723534659795916,-1.8530795487525786e-06,1.204875058916949,70,255,255,255
705,14.100100616000418,30.868502943483666,20.94345338151149,-12.82403801913297,1.9091466291621166,3.0442777915463726,-0.1999990831144828,-0.038077529868996374,0.21259099676701743,8.354922174907964e-06,1.2069228592344483,70,255,255,255
706,14.120139275000838,30.906674589932347,21.004411549046015,-12.82803801005403,1.9085823224339873,3.0479083767262525,-0.1999995460529694,-0.028215336406470337,0.1815292589939963,-2.314692433058596e-05,1.2088068355265476,70,255,255,255
707,14.140128613998968,30.944838518665016,21.065430311147882,-12.832038006281339,1.908196436633352,3.050938105093387,-0.19999981136543216,-0.019294290031769412,0.15148641835672372,-1.3265623137470595e-05,1.210540093715279,70,255,255,255
708,14.160108998999931,30.982998067690662,21.12649823450028,-12.836038001225758,1.9079774512822953,3.053396167619916,-0.1999997472209779,-0.01094926755283332,0.12290312632646039,3.2072227119372965e-06,1.212134691248912,70,255,255,255
709,14.180657044998952,31.021158198260466,21.18760704534732,-12.84003817034707,1.9080065284900938,3.0554405423520965,-0.20000845606562168,0.0014538603899203473,0.10221873660902814,-0.00043544223218869305,1.2136017209798542,70,255,255,255
710,14.200138076997973,31.059302906576345,21.248805945895104,-12.844038327574307,1.9072354157940206,3.0599450273892232,-0.20000786136188384,-0.038555634803665306,0.2252242518563352,2.9735186891477472e-05,1.2156495791020325,70,255,255,255
711,14.220085969998763,31.097435919697837,21.31008161800564,-12.84803845669531,1.9066506560745677,3.0637836055268757,-0.200006456050204,-0.029237985972645042,0.1919289068826111,7.026558399123028e-05,1.2175336085744366,70,255,255,255
712,14.2401244879984,31.13556104977321,21.371421828697404,-12.852038571515621,1.9062565037685046,3.0670105345881513,-0.20000574101553883,-0.019707615303153903,0.16134645306378337,3.5751733258981844e-05,1.2192669156890483,70,255,255,255
713,14.260075112000777,31.17368161157391,21.432814579125704,-12.856038656909249,1.9060280900351558,3.0696375214149936,-0.20000426968136673,-0.011420686667439117,0.13134934134211163,7.356670860494963e-05,1.220861558234491,70,255,255,255
714,14.280075045000558,31.211800886083147,21.494248728796613,-12.860038714483723,1.9059637254617168,3.071707483545492,-0.2000028787237512,-0.003218228671957757,0.10349810652491342,6.954788077626062e-05,1.2223286293762985,70,255,255,255
715,14.300107779999962,31.249904521186245,21.555773948257812,-12.864038747709515,1.9051817551549395,3.076260973059869,-0.20000166128960803,-0.03909851533886277,0.22767447571885802,6.08717071577114e-05,1.2243760677896447,70,255,255,255
716,14.32006986199849,31.287996368093808,21.61737672168774,-12.868038745860623,1.9045923453780855,3.0801386714965218,-0.19999990755542663,-0.02947048884269754,0.1938849218326406,8.768670906986187e-05,1.2262597111299232,70,255,255,255
717,14.34015251099845,31.326080451619312,21.67904476605765,-12.872038737492167,1.9042041762752313,3.0834022184954684,-0.1999995815772068,-0.01940845514270584,0.1631773499473277,1.629891099125258e-05,1.2279926630029794,70,255,255,255
718,14.360076476998074,31.36416005972324,21.740765712367125,-12.87603869867783,1.903980405196448,3.086047315473652,-0.19999805928315065,-0.011188553939170287,0.13225484890917993,7.61147028078002e-05,1.229586978726191,70,255,255,255
719,14.380081882998638,31.402238550857124,21.802528217874663,-12.880038633036387,1.9039245566941676,3.088125275376942,-0.1999967179278938,-0.0027924251140187817,0.10389799516450138,6.706776284262639e-05,1.2310537491915459,70,255,255,255
720,14.400083864999033,31.440301432318673,21.86438020954077,-12.884038556793532,1.9031440730774465,3.0925995833053603,-0.19999618785730705,-0.03902418083606074,0.22371539642090976,2.6503529338112175e-05,1.2331014455070937,70,255,255,255
721,14.420085646001098,31.478352745777094,21.92630824357491,-12.88803847127726,1.902565672921135,3.096401701707039,-0.19999572418641684,-0.028920007815570692,0.1901059200839339,2.3183544509947085e-05,1.2349853261173975,70,255,255,255
722,14.440287834000628,31.516396950212645,21.988300471800326,-12.892038441880961,1.9022102217774535,3.0996114112708097,-0.1999985301850743,-0.01777255718408166,0.16048547818853454,-0.00014029993287345555,1.236718496278877,70,255,255,255
723,14.460104955000133,31.554437016226796,22.050343904466608,-12.896038406763191,1.9020033007074695,3.102171633314158,-0.1999982441115083,-0.010346053499196373,0.12801110216739575,1.4303678299437683e-05,1.2383130128274382,70,255,255,255
724,14.480081132998748,31.592476251788803,22.112426972040033,-12.900038358700385,1.9019617781003308,3.104153378671214,-0.1999975968597557,-0.002076130356930994,0.09908726785281141,3.23625876292033e-05,1.2397799680521147,70,255,255,255
725,14.500111026998638,31.630499915011143,22.174595808924558,-12.904038314818468,1.9011831611169483,3.108441844226269,-0.1999978059041139,-0.038930849169124926,0.21442327775275016,-1.0452217909517891e-05,1.2418280344935975,70,255,255,255
726,14.52010624399918,31.66851208706744,22.236836977638585,-12.908038273406236,1.9006086028148683,3.112058435701408,-0.19999792938837266,-0.028727915104003632,0.18082957375695718,-6.1742129386088695e-06,1.2437122556197615,70,255,255,255
727,14.540084754000418,31.706516569184373,22.299137655034045,-12.912038227504967,1.9002241058466072,3.1150338697730486,-0.19999770493657432,-0.01922484841305483,0.14877170358202507,1.1222589916842773e-05,1.2454457390558324,70,255,255,255
728,14.560074806999182,31.74451698375651,22.361485744774292,-12.916038174274407,1.9000207286068895,3.1174044870124074,-0.19999733847196552,-0.010168861985884181,0.11853086196793239,1.832323043993167e-05,1.2470405438170178,70,255,255,255
729,14.580072873999598,31.78251676798763,22.423869836987226,-12.92003811362092,1.8999892115558503,3.119204610646771,-0.1999969673256847,-0.0015758525519644628,0.09000618171816166,1.8557314041572903e-05,1.2485077641973084,70,255,255,255
730,14.60007815499921,31.820500706667296,22.486333961751566,-12.92403803847317,1.8991969339832548,3.123206238216984,-0.199996242612469,-0.03961387862977217,0.2000813785106592,3.623566078475582e-05,1.2505553061833208,70,255,255,255
731,14.620072036999773,31.85847295664911,22.54886486694699,-12.928037947863288,1.8986124990907318,3.1265452597711723,-0.1999954695058753,-0.02922174462614824,0.1669510777094141,3.865532968547192e-05,1.252439044810452,70,255,255,255
732,14.640114912999707,31.896437600858174,22.611450212929295,-12.932037856584298,1.8982322104532046,3.1292672991153494,-0.1999954360504667,-0.01901443187635854,0.13610196720885792,1.6727704291175094e-06,1.2541720843474131,70,255,255,255
733,14.660107109000819,31.93439832723732,22.67407808141492,-12.936037762325112,1.898036318957382,3.1313934242811463,-0.19999528704071962,-0.009794574791138322,0.10630625828984996,7.450487354260238e-06,1.255766480721417,70,255,255,255
734,14.68006817100104,31.97235850909254,22.736737058711444,-12.940037652955198,1.898009092761012,3.132948864826245,-0.19999453150429577,-0.0013613098184952488,0.07777202725493959,3.777682119207593e-05,1.2572333253855008,70,255,255,255
735,14.700074173000758,32.0103028682442,22.79946992234436,-12.94403754192291,1.8972179575833015,3.1366431816457863,-0.19999444838562305,-0.0395567588855299,0.1847158409770655,4.155933635979769e-06,1.2592811542757645,70,255,255,255
736,14.720092014998954,32.04823570017428,22.862263789002792,-12.948037435215083,1.896641596503832,3.139693332921591,-0.19999466460862486,-0.028818053973475255,0.152507563790246,-1.0811150090744848e-05,1.261165156854807,70,255,255,255
737,14.740071745000023,32.08616093912098,22.925106275758395,-12.952037326256582,1.8962619473348954,3.1421243377801376,-0.19999455207488978,-0.01898245844683011,0.12155024292732364,5.626686754522936e-06,1.2628984392275262,70,255,255,255
738,14.760082892000355,32.12408239595139,22.987985809134045,-12.956037218923818,1.896072841520412,3.143976668782576,-0.19999463336186424,-0.009455290724171395,0.09261655012192582,-4.064348723159528e-06,1.2644930590104277,70,255,255,255
739,14.780078677998972,32.162003609776754,23.05089138024854,-12.960037111942503,1.8960606912681435,3.145278555724698,-0.19999465093421923,-0.0006075126134275077,0.06509434710610806,-8.786177491115765e-07,1.2659601092106971,70,255,255,255
740,14.800076160998287,32.19990880001816,23.113863830326604,-12.964036992212478,1.895259512070343,3.148622503903156,-0.1999940134987155,-0.04005895989002184,0.16719740892289803,3.1871775186181894e-05,1.2680076694711602,70,255,255,255
741,14.820104474998516,32.23780237039106,23.176890681583895,-12.968036869750712,1.894678518645135,3.1513425628645373,-0.19999387691174766,-0.029049671260406695,0.13600294806906055,6.82934839194016e-06,1.2698914249107862,70,255,255,255
742,14.840090303998295,32.27568834302777,23.23995992208951,-12.97203674038233,1.894298631835572,3.153462025280715,-0.1999935315809357,-0.01899434047815407,0.10597312080888432,1.726654059833188e-05,1.2716244799152423,70,255,255,255
743,14.860072758998285,32.31357050009224,23.303060177258143,-12.97603659911432,1.8941078532236444,3.1550127584315923,-0.1999929365994427,-0.009538930596375561,0.07753665754386674,2.9749074649088048e-05,1.2732188905193418,70,255,255,255
744,14.880090845999803,32.35145251694591,23.366180869549122,-12.980036452674526,1.8941008426835175,3.156034614549018,-0.19999267801030451,-0.00035052700634641276,0.05109280587128895,1.2929456909088755e-05,1.2746857482751133,70,255,255,255
745,14.900080625000555,32.38931852561483,23.429361660915646,-12.984036305311239,1.8933004334460917,3.1590395683261026,-0.19999263183571114,-0.040020461871289825,0.15024768885422768,2.308729667860332e-06,1.2767335724336404,70,255,255,255
746,14.920090171999618,32.42717293152662,23.49259038077869,-12.988036160370692,1.892720295589248,3.1614359931522262,-0.19999275297264135,-0.02900689284219271,0.11982124130618788,-6.056846509810976e-06,1.2786175706594853,70,255,255,255
747,14.94017514299776,32.46502013570443,23.55585586087079,-12.992036045130144,1.8923602088905742,3.1632740046049794,-0.1999942379725697,-0.018004334933680255,0.09190057263766649,-7.424999641778007e-05,1.2803508490272628,70,255,255,255
748,14.960167344001093,32.502863989768834,23.619147115233446,-12.9960359554963,1.8921927032201298,3.1645627181328915,-0.19999551830779952,-0.008375283522225274,0.06443567639561198,-6.401676149078717e-05,1.2819454651256181,70,255,255,255
749,14.980075785999361,32.540707851574524,23.682453388523168,-13.000035860777611,1.8921930902844823,3.16531366448604,-0.19999526406559545,1.9353217632023245e-05,0.03754731765742392,1.271211020276164e-05,1.2834125119361048,70,255,255,255
750,15.000070594000135,32.57855515386374,23.745764946045277,-13.00403575976928,1.8923651144606426,3.1655778761054902,-0.199994949583431,0.00860120880800741,0.01321058097252914,1.572410822298087e-05,1.2847621950017527,70,255,255,255
751,15.020082414997887,32.61640917235099,23.80907270740052,-13.008035656793018,1.8927009243627362,3.165388067762252,-0.19999485118682692,0.016790495104680225,-0.009490417161919229,4.919830204092035e-06,1.2860039034221487,70,255,255,255
752,15.040129552999133,32.65427308847643,23.87236830639415,-13.01203556721582,1.8931958062719234,3.164779949681566,-0.1999955211401401,0.02474409545935874,-0.03040590403429677,-3.3497665659659726e-05,1.287146275168913,70,255,255,255
753,15.06008439499783,32.69214958161036,23.935643471483925,-13.016035475926508,1.8938246566963157,3.1637582544886462,-0.19999543553440943,0.03144252121961788,-0.051084759645991795,4.280286533264732e-06,1.2881972571759361,70,255,255,255
754,15.080084352997801,32.730041294608846,23.99889066873186,-13.020035383160431,1.8945856499245257,3.162359862396862,-0.1999953616961671,0.038049661410494595,-0.06991960458921476,3.69191211690989e-06,1.2891641606223976,70,255,255,255
755,15.100073183999484,32.76795065179844,24.0621028095333,-13.024035285580542,1.8954678594794334,3.1606070400719646,-0.19999512100553235,0.04411047774538157,-0.08764111624487247,1.2034531737398213e-05,1.290053711793142,70,255,255,255
756,15.120145924000099,32.80588017232416,24.125273674687424,-13.028035206908596,1.8964760262859777,3.1585432577061927,-0.1999960664027367,0.050408340327210865,-0.1031891182885909,-4.7269860217830084e-05,1.290872098870227,70,255,255,255
757,15.14007267299894,32.8438317247498,24.188396809120558,-13.032035122695673,1.897577621281886,3.156156721656743,-0.1999957893538459,0.05507974979542141,-0.11932680247247784,1.3852444540080056e-05,1.291625014981145,70,255,255,255
758,15.160073304999969,32.88180726669988,24.251466563069403,-13.036035033611212,1.8987770975041534,3.1534876974422152,-0.19999554577693884,0.05997381111337097,-0.13345121072637678,1.2178845352817103e-05,1.2923176978031896,70,255,255,255
759,15.180260772998736,32.919809197833416,24.31447857509942,-13.040035000079799,1.9000965566768808,3.1506006015010075,-0.19999832342938337,0.06597295863637354,-0.14435479706038246,-0.0001388826222263606,1.2929549659994708,70,255,255,255
760,15.200155500999244,32.95783879483919,24.377427484212358,-13.044034985134862,1.9014798502886432,3.147445455646845,-0.19999925275320235,0.06916468058811609,-0.15775729270812633,-4.6466190949279174e-05,1.2935412527400494,70,255,255,255
761,15.22007197700077,32.99589728313286,24.4403084525978,-13.048034960957446,1.902924414683482,3.1440484192721385,-0.19999879112921165,0.07222821974194282,-0.16985181873533373,2.30811995352298e-05,1.2940806365413817,70,255,255,255
762,15.240160198998637,33.03398631796628,24.503117835576788,-13.052034956371223,1.9044517416707956,3.140469148949407,-0.19999977068881952,0.07636634936567277,-0.17896351613657435,-4.897798039302237e-05,1.2945768696386075,70,255,255,255
763,15.260113165000803,33.072106973582535,24.565851696260737,-13.056034955157179,1.9060327808125432,3.1366930341974575,-0.1999999392977834,0.07905195708737867,-0.18880573759747454,-8.430448193846862e-06,1.2950334040880551,70,255,255,255
764,15.280086130998825,33.110260273176856,24.628506547290517,-13.060034948464045,1.907664979716169,3.1327425514889957,-0.1999996653433013,0.08160994518129705,-0.1975241354230879,1.3697724105254938e-05,1.295453415781547,70,255,255,255
765,15.300071710000338,33.14844716668402,24.691079295286826,-13.064034932016556,1.9093446753582741,3.1286373998154824,-0.19999917762556302,0.0839847821052464,-0.2052575836756665,2.4385886913724786e-05,1.2958398265395594,70,255,255,255
766,15.320074218998343,33.18666854746844,24.753567242122692,-13.068034907229169,1.9110690392209602,3.124397341793263,-0.19999876063065636,0.08621819313430112,-0.2120029011109712,2.084974533303474e-05,1.2961953244369309,70,255,255,255
767,15.340068991001317,33.224925175354635,24.81596795146456,-13.07203487296898,1.9128313943096071,3.1200354670934414,-0.1999982869904825,0.0881177544323517,-0.21809373499109386,2.368200869226622e-05,1.2965223825025127,70,255,255,255
768,15.36007342999801,33.26321773911666,24.878279317439297,-13.07603483127965,1.914628188101511,3.1155682987368896,-0.19999791553348142,0.0898396895951914,-0.22335841782760024,1.8572850053993895e-05,1.296823275922848,70,255,255,255
769,15.380071102001239,33.30154680705037,24.940499472184804,-13.08003478192867,1.916453396685455,3.1110077372752687,-0.1999975324510984,0.09126042919719546,-0.2280280730810338,1.915411915198728e-05,1.2971000978695564,70,255,255,255
770,15.400089031998505,33.33991291977276,25.002626899522124,-13.084034731192304,1.9183056361192279,3.1063713668660635,-0.19999746318169298,0.09261197168865465,-0.23181852046025142,3.4634702703595366e-06,1.297354774060528,70,255,255,255
771,15.420120603001124,33.37831656984335,25.06466038568324,-13.088034689337572,1.9201825035296027,3.101674308055801,-0.19999790726340314,0.0938433705187427,-0.23485294051313943,-2.2204085507598892e-05,1.297589076156222,70,255,255,255
772,15.440116603000206,33.41675804638114,25.126598775550907,-13.092034654618544,1.922073826889561,3.096919493383391,-0.19999826404857451,0.0945661679979104,-0.23774073362049553,-1.783925856835289e-05,1.2978046340842606,70,255,255,255
773,15.460112922999542,33.45523756165964,25.188441136948676,-13.096034625485027,1.923975763924792,3.0921180698884863,-0.19999854332414727,0.09509685176156113,-0.2400711747452351,-1.3963778637021695e-05,1.298002947378056,70,255,255,255
774,15.480156486999476,33.49375540553475,25.250186965733644,-13.100034615588983,1.9258921937556193,3.087291439248385,-0.19999950519786597,0.09582149154135666,-0.2413315320050775,-4.8093685935557406e-05,1.2981853956083478,70,255,255,255
775,15.500075383999501,33.53231139021088,25.311835366000423,-13.104034597839041,1.9277992338065917,3.0824200133389286,-0.19999911250284536,0.09535200254862497,-0.24357129547281753,1.9634751030644937e-05,1.2983532479802162,70,255,255,255
776,15.52007118599795,33.57090552423088,25.373386007094158,-13.108034571391471,1.9297067010001672,3.077532054686836,-0.1999986776214966,0.09537335967877203,-0.2443979326046275,2.174406743807311e-05,1.2985076721623352,70,255,255,255
777,15.540072290001262,33.6095377715525,25.434838759130567,-13.112034537163728,1.931612366081058,3.0726376018204777,-0.19999828861288735,0.09528325404454341,-0.24472264331790994,1.9450430461559476e-05,1.2986497424098846,70,255,255,255
778,15.560104467000201,33.64820813674833,25.4961938003232,-13.116034505974028,1.9335182597911957,3.0677520596316494,-0.19999844051499713,0.09529468550689013,-0.24427710944141978,-7.595105488533704e-06,1.29878044703763,70,255,255,255
779,15.580112447998545,33.686916485700785,25.55745134264725,-13.12003448024391,1.935417447622794,3.062877116202457,-0.19999871349412976,0.09495939157991695,-0.24374717145963087,-1.3648956631806541e-05,1.2989006952951558,70,255,255,255
780,15.600114139000652,33.72566261143736,25.618611712272493,-13.12403446022809,1.9373062868286375,3.058018481262034,-0.19999899920895756,0.09444196029216645,-0.24293174702114095,-1.4285741390063222e-05,1.2990113236920797,70,255,255,255
781,15.620077827999921,33.76444613735462,25.679675195552647,-13.128034433996213,1.9391762958630874,3.053174164007717,-0.19999868840614962,0.09350045172249621,-0.2422158627158355,1.5540140397396485e-05,1.2991131018172495,70,255,255,255
782,15.64008207200095,33.80326677938106,25.74064240420568,-13.132034403321294,1.9410321013222542,3.0483604326516427,-0.19999846625407688,0.09279027295833919,-0.24068656780371223,1.1107603637094954e-05,1.2992067376924057,70,255,255,255
783,15.660086832998786,33.84212421275809,25.801514069676486,-13.136034370042516,1.9428716688514092,3.043583273540376,-0.19999833606108738,0.09197837645774753,-0.23885795556332745,6.509649475683332e-06,1.2992928826975494,70,255,255,255
784,15.680077929999243,33.881018029621664,25.862290969209706,-13.140034331520395,1.944690843178726,3.038844976661006,-0.1999980738939868,0.09095871636583563,-0.2369148439684987,1.3108355028990104e-05,1.2993721361022816,70,255,255,255
785,15.700097463999555,33.919947879364415,25.922974116534178,-13.144034294382049,1.9464924871373674,3.0341573662235533,-0.19999814308268687,0.09008219793207095,-0.2343805218726347,-3.4594350036831756e-06,1.2994450492346354,70,255,255,255
786,15.720105551001325,33.958913338132405,25.983564561627343,-13.148034261191713,1.9482729383993536,3.029522254658228,-0.19999834048316092,0.08902256309930534,-0.23175557826627147,-9.870023702757136e-06,1.299512129316401,70,255,255,255
787,15.740138963999925,33.99791403157168,26.04406355689959,-13.152034242457768,1.9500346719639574,3.0249497636124536,-0.19999906330281114,0.08808667823019034,-0.22862455228870582,-3.6140982510202146e-05,1.299573842991625,70,255,255,255
788,15.760091314998135,34.03694929201567,26.104472051103745,-13.156034222095128,1.9517630221992563,3.0204247102077217,-0.1999989818679692,0.08641751176494994,-0.22625267023659967,4.071742098238351e-06,1.2996306195728313,70,255,255,255
789,15.780091641998297,34.07601859007377,26.164791302711365,-13.160034200338732,1.9534649029049442,3.0159625803809758,-0.1999989121802316,0.08509403528439297,-0.2231064913372922,3.4843868787493015e-06,1.2996828540275411,70,255,255,255
790,15.80007504799869,34.115121319511445,26.225022559230755,-13.164034171996937,1.9551364718837054,3.011562825969548,-0.19999858291027625,0.08357844893805866,-0.2199877205713916,1.6463497767238433e-05,1.299730909725874,70,255,255,255
791,15.82008025200048,34.15425692673163,26.285167234906353,-13.168034139175495,1.9567803610090138,3.007233783779993,-0.19999835892789045,0.08219445626541111,-0.21645210947773919,1.119911929081674e-05,1.2997751209683404,70,255,255,255
792,15.840082110000367,34.19342482804141,26.34522678218529,-13.172034102790258,1.9583950654891709,3.002977363946796,-0.1999981807381613,0.08073522400785449,-0.21282099165987445,8.90948645732026e-06,1.2998157953114093,70,255,255,255
793,15.860102620001271,34.232624482785326,26.405202788820603,-13.17603406967647,1.9599827371958807,2.9988003317656116,-0.1999983443106493,0.07938358533549206,-0.20885160905921607,-8.178624399945988e-06,1.2998532157070328,70,255,255,255
794,15.88007121299961,34.27185516580733,26.4650966408997,-13.180034029640588,1.9615341511004087,2.9946926039547184,-0.1999979982058645,0.07757069522640259,-0.2053863905446689,1.7305239240705816e-05,1.2998876424710064,70,255,255,255
795,15.900077112000872,34.31111626519471,26.524909945295892,-13.184033985049673,1.9630549693691066,2.9906652198096118,-0.1999977704542575,0.07604091343489539,-0.2013692072553246,1.1387580348992676e-05,1.2999193150938622,70,255,255,255
796,15.920073770001181,34.35040712751213,26.58464429861578,-13.188033935178934,1.9645431158707416,2.986717665994326,-0.19999750646302517,0.07440732508174919,-0.19737769076428968,1.3199561616883404e-05,1.2999484539068895,70,255,255,255
797,15.940118692000397,34.389727245354464,26.644301551165185,-13.192033894799993,1.9660058921167598,2.982862627470381,-0.19999798105291328,0.07313881230090513,-0.19275192619724857,-2.3729494405794194e-05,1.2999752616148745,70,255,255,255
798,15.960074754999368,34.42907581060327,26.703883154706645,-13.196033849348106,1.9674282624404653,2.979080177073083,-0.199997727405707,0.07111851618527854,-0.18912251986488915,1.2682360313515106e-05,1.2999999247062208,70,255,255,255
799,15.980071113001031,34.46845214705537,26.763390781260426,-13.200033798034937,1.96881682260511,2.9753813276890644,-0.19999743434151057,0.0694280082322325,-0.18494246920093493,1.4653209822246271e-05,1.3000226147502594,70,255,255,255
800,16.000072775997978,34.50785559162184,26.822826145419185,-13.20403374182642,1.9701722283232193,2.9717682079378993,-0.1999971895741706,0.06777028590547052,-0.18065598755825274,1.223836699840164e-05,1.3000434895907749,70,255,255,255
801,16.020071164999536,34.5472854671493,26.882190959380814,-13.208033680590692,1.971493776373174,2.9682406980815057,-0.1999969382135774,0.06607740249773242,-0.17637549281968656,1.2568029660153801e-05,1.3000626944440492,70,255,255,255
802,16.040073118998407,34.586741106232054,26.94148696197629,-13.212033615352642,1.9727819541377538,2.9648001297736792,-0.19999673809745996,0.06440888822899948,-0.17202841539133384,1.0005805871099449e-05,1.3000803629090616,70,255,255,255
803,16.060079030998168,34.62622185295265,27.000715916106795,-13.216033548348628,1.9740373360298005,2.961447706525414,-0.19999664979934972,0.06276909460233049,-0.16762116241326952,4.414905511618272e-06,1.300096617896873,70,255,255,255
804,16.08012918500026,34.665727192150875,27.059879790753097,-13.220033495841097,1.975266959911011,2.9581937323150425,-0.19999737462348072,0.06148119406053176,-0.1626987105185651,-3.624120654957541e-05,1.3001115724856593,70,255,255,255
805,16.10003020899967,34.70525612301214,27.11897985130352,-13.224033425371951,1.9764465430633968,2.9550030275211614,-0.1999964765427568,0.05897915761928951,-0.15953523969406103,4.4904036196641295e-05,1.3001253307073428,70,255,255,255
806,16.120073654001317,34.7448081227713,27.17801804788383,-13.22803335203404,1.9775999879580017,2.951909829015261,-0.1999963331044343,0.05767224473024668,-0.1546599252950145,7.171916124482092e-06,1.3001379882712916,70,255,255,255
807,16.140072864000103,34.78438252156686,27.236996108050853,-13.232033275864028,1.9787199397780033,2.9489030083512495,-0.1999961914994247,0.055997591000077396,-0.15034103320057834,7.0802504789080345e-06,1.3001496332301246,70,255,255,255
808,16.16010522799843,34.82397875998336,27.295915905231187,-13.236033207510193,1.979811920824892,2.9459898590166635,-0.19999658230828993,0.054599052344441734,-0.14565746672930935,-1.95404432604962e-05,1.3001603465922509,70,255,255,255
809,16.180104954000853,34.863596172785286,27.354779142747713,-13.240033146525253,1.9808706400960356,2.943161875826353,-0.19999695075296872,0.052935963557172006,-0.1413991595155144,-1.842223393908049e-05,1.300170202885407,70,255,255,255
810,16.20016856700022,34.90323430521062,27.413587807634435,-13.244033112920809,1.981906621266655,2.940433244336105,-0.19999831977775195,0.05179905853096889,-0.1364315745123985,-6.845123916154883e-05,1.3001792706751107,70,255,255,255
811,16.22014736300116,34.94289242521728,27.47234346282366,-13.248033098322518,1.9829060003331613,2.9377827594611814,-0.19999927008541868,0.049968953325319365,-0.132524243746186,-4.7515383335944295e-05,1.300187613041638,70,255,255,255
812,16.240111840997997,34.98256976688797,27.53104759608047,-13.252033090246327,1.9838670835346381,2.935206662840512,-0.19999959619043806,0.04805416007383956,-0.12880483103349016,-1.630525096915636e-05,1.3001952880188432,70,255,255,255
813,16.260071890999825,35.022265565336184,27.58970166786398,-13.256033075529832,1.9847899224106635,2.932703589175606,-0.1999992641752809,0.04614194380127423,-0.1251536832452782,1.6600757857782034e-05,1.300202348997872,70,255,255,255
814,16.280126092999126,35.06197937332415,27.648307566465245,-13.260033071939638,1.9856903993981585,2.9302949300632273,-0.1999998204903415,0.045023849374747904,-0.12043295561894629,-2.781575303059669e-05,1.3002088450985785,70,255,255,255
815,16.30012151000119,35.1017105535211,27.706866872131684,-13.264033077347353,1.9865590098476968,2.927965283321997,-0.20000027038574694,0.04343052247691892,-0.1164823370615129,-2.2494770271552778e-05,1.3002148215112284,70,255,255,255
816,16.32018579400028,35.14145869941499,27.76538146328724,-13.26803311177533,1.9874072946943613,2.925729557777843,-0.20000172139879632,0.04241424233321944,-0.11178627720768652,-7.255065246880577e-05,1.3002203198108664,70,255,255,255
817,16.340132512999844,35.18122302553136,27.823852633570223,-13.272033156377345,1.9882163058186448,2.9235585141490374,-0.20000223010081772,0.04045055621417659,-0.10855218144028855,-2.5435101069448685e-05,1.3002253782465334,70,255,255,255
818,16.360123873000703,35.22100291048709,27.882281874895106,-13.276033207706798,1.9889942477862992,2.921462066244219,-0.20000256647257023,0.03889709838271682,-0.10482239524091774,-1.68185876258109e-05,1.300230032007347,70,255,255,255
819,16.380120175999764,35.26079776110547,27.94067067960438,-13.28003326409487,1.9897425309192858,2.9194402354637887,-0.2000028194036464,0.037414156649333785,-0.10109153902151347,-1.2646553808337568e-05,1.3002343134672953,70,255,255,255
820,16.400128995999694,35.30060703590977,27.999020573077487,-13.284033327970226,1.9904637402148113,2.9174946736553458,-0.20000319376781103,0.03606046477627323,-0.09727809042215574,-1.8718208232654243e-05,1.3002382524104479,70,255,255,255
821,16.42012066099778,35.34043014793713,28.057332972103932,-13.288033396114228,1.9911556013679554,2.915619951322188,-0.2000034072000668,0.03459305765720533,-0.09373611665787784,-1.0671612787338525e-05,1.3002418762381482,70,255,255,255
822,16.44011997599955,35.380266547782924,28.115609303830766,-13.292033467942526,1.9918199922900055,2.9138165863416807,-0.20000359141489538,0.03321954610249911,-0.09016824902536058,-9.210741428677949e-06,1.3002452101596327,70,255,255,255
823,16.460171169001114,35.42011586375591,28.17385120736903,-13.296033559500897,1.9924657986493188,2.9120951769132364,-0.20000457791859538,0.0322903179656715,-0.08607047142221314,-4.932518500086469e-05,1.3002482773673982,70,255,255,255
824,16.48016360800102,35.459977537787694,28.232060006888275,-13.300033667039525,1.9930837015892195,2.910439975962227,-0.2000053769314022,0.030895146995039813,-0.0827600475504795,-3.99506403404859e-05,1.3002510991985425,70,255,255,255
825,16.500124299000163,35.4998509239275,28.29023685327078,-13.304033776848652,1.9936693069900462,2.908842319125165,-0.20000549045633662,0.029280270041337264,-0.07988284185309658,-5.676246721902922e-06,1.3002536952831953,70,255,255,255
826,16.520125112998358,35.5397355246358,28.348383065000625,-13.308033888876832,1.9942300354153502,2.907310586492298,-0.20000560140901605,0.028036421265203115,-0.07658663164333213,-5.547633971869637e-06,1.300256083681076,70,255,255,255
827,16.5401033119997,35.579630781914176,28.406499825896002,-13.312033995835357,1.9947628639186865,2.90583804476883,-0.20000534792630173,0.026641425166818333,-0.07362708617339253,1.2674135716206347e-05,1.3002582810071261,70,255,255,255
828,16.56010232599874,35.619536220801564,28.464588392116397,-13.316034097541754,1.9952719443693991,2.9044283110197195,-0.20000508531985298,0.025454022535636334,-0.07048668745551812,1.3130322437215902e-05,1.3002603025470922,70,255,255,255
829,16.580174478000117,35.65945161258561,28.52265032775511,-13.32003421723706,1.9957695892022982,2.903096781935533,-0.20000598476530138,0.02488224164495345,-0.06657645420933944,-4.4972272419563364e-05,1.300262162363861,70,255,255,255
830,16.60012276999987,35.699376330000064,28.580686572937108,-13.324034337103868,1.99623587072246,2.9018122590999997,-0.20000599334039443,0.023314076008087437,-0.06422614177666075,-4.287546531145381e-07,1.3002638733952885,70,255,255,255
831,16.62011647899999,35.73930991382803,28.638698262493914,-13.32803445492698,1.9966791913982749,2.90058447784042,-0.20000589115563916,0.02216603379074833,-0.06138906297899238,5.109237763006869e-06,1.3002654475442017,70,255,255,255
832,16.64015612000003,35.779252065201774,28.696686714846845,-13.332034583325623,1.9971075686873099,2.8994226176464575,-0.2000064199321208,0.02141886445175123,-0.058093009698122255,-2.64388240810709e-05,1.3002668957612018,70,255,255,255
833,16.660116738999932,35.819202236607154,28.754652841091804,-13.336034708857905,1.9975085702690878,2.898306312248014,-0.20000627661412068,0.020050079088896222,-0.05581526992218144,7.1659000052126665e-06,1.300268228120842,70,255,255,255
834,16.680116382998676,35.85916002542882,28.812597713833267,-13.340034831381038,1.9978894410833277,2.897243637073157,-0.20000612615659785,0.019043540711998652,-0.053133758742853754,7.522876141946577e-06,1.3002694538917108,70,255,255,255
835,16.700156668001,35.89912517107169,28.87052256325003,-13.344034963770731,1.9982572821433517,2.8962424708381724,-0.20000661948471288,0.018392053001201836,-0.050058311749228146,-2.466640575118917e-05,1.3002705816009101,70,255,255,255
836,16.72015346400076,35.939097277640656,28.92842837665328,-13.34803510419789,1.9986053284483065,2.895290670162396,-0.20000702135796167,0.017402315247735833,-0.04759003378882731,-2.0093662439851778e-05,1.3002716190933736,70,255,255,255
837,16.740113318999647,35.97907584364564,28.98631594175706,-13.352035239109183,1.9989283002492686,2.894378255189058,-0.200006745564625,0.016148590048103317,-0.045620748666889366,1.378966683326932e-05,1.30027257358644,70,255,255,255
838,16.76009120999879,36.019060445066074,29.044186111608763,-13.356035361544823,1.9992300710216373,2.8935084925851493,-0.20000612178197147,0.015088538618434955,-0.043488130195424635,3.118913267632917e-05,1.300273451720061,70,255,255,255
839,16.78012618899811,36.059050856347554,29.10203997988164,-13.360035483250732,1.9995205640739202,2.892693413643694,-0.2000060852954151,0.014524652614143818,-0.04075394707278024,1.8243278179508327e-06,1.3002742596029924,70,255,255,255
840,16.800073677997716,36.09904657620516,29.159878196155177,-13.364035587272443,1.9997859928804846,2.8919108136769847,-0.2000052010855731,0.013271440328220363,-0.03912999833546715,4.421049210018291e-05,1.3002750028552892,70,255,255,255
841,16.820072284997877,36.139047288514966,29.217701632448183,-13.368035674058815,2.0000356154900722,2.891171814650339,-0.20000433931858722,0.01248113047938837,-0.03694995133228174,4.308834929461769e-05,1.3002756866474023,70,255,255,255
842,16.84011967599872,36.17905284424133,29.275511357684703,-13.37203575967023,2.0002777863184353,2.8904862618260436,-0.2000042805707243,0.012108541418158314,-0.034277641214768284,2.937393145996392e-06,1.3002763157361463,70,255,255,255
843,16.860081464998075,36.21906282161491,29.333308002765296,-13.376035831812686,2.000498868678884,2.889832254029695,-0.20000360712280973,0.011054118022427506,-0.03270038981744117,3.367239572799052e-05,1.300276894497791,70,255,255,255
844,16.88007776499944,36.25907692753307,29.391092341244452,-13.380035889994893,2.000705295908038,2.8892169239576986,-0.20000290911039528,0.010321361457700462,-0.03076650359982125,3.490062072272759e-05,1.3002774269585038,70,255,255,255
