idx,t,px,py,pz,vx,vy,vz,ax,ay,az,yaw,mode,ledr,ledg,ledb
0,6.609989213757217e-07,3.0400009447023244,-2.9979998865782918,-10.0040000875588,2.000017379680066,0.10000089538395356,-0.20000173796800597,0.0008689840033184737,4.344921163657034e-05,-8.689840033326846e-05,2.3038102486584195e-08,70,255,255,255
1,0.02012996600024053,3.0800020322537653,-2.995999831672711,-10.008000196313946,2.0000543775720514,0.1000027452790412,-0.20000543775720456,0.001849894599267099,9.24947543818333e-05,-0.00018498945992956317,2.3038102486584195e-08,70,255,255,255
2,0.0401134940002521,3.1200037609150932,-2.9939997447116276,-10.012000369180079,2.000086433066404,0.10000434805418199,-0.20000864330663984,0.001602774717640365,8.01387570396328e-05,-0.00016027747176347584,2.3038102486584195e-08,70,255,255,255
3,0.060176647999469424,3.1600062915466545,-2.991999617652022,-10.016000622243235,2.000126531578064,0.10000635298029431,-0.20001265315780584,0.0020049255830092427,0.00010024630561593362,-0.0002004925582992645,2.3038102486584195e-08,70,255,255,255
4,0.0801214519997302,3.200009395354025,-2.989999461933618,-10.020000932623972,2.0001551903685413,0.10000778592019649,-0.2000155190368536,0.00143293952387058,7.164699510921191e-05,-0.0001432939523882404,2.3038102486584195e-08,70,255,255,255
5,0.10013365999839152,3.240054884368841,-2.9879450749110354,-10.024001300948227,2.002274450740787,0.10271935112912312,-0.20001841621267372,0.10596301861227486,0.13557826044633098,-0.00014485879100564758,0.0006998558694315124,70,255,255,255
6,0.1200750979987788,3.2801399552978325,-2.9858394870103733,-10.028001704410226,2.0042535464495743,0.10527939503310878,-0.2000201731000104,0.09895478543937308,0.12800219519928335,-8.784436683545449e-05,0.0013437020742542347,70,255,255,255
7,0.14007102899995516,3.3202620840918664,-2.983685619160674,-10.03200213895409,2.0061064397017034,0.10769339248495169,-0.20002172719316585,0.09264466260645543,0.12069987259214536,-7.7704657771821e-05,0.0019360405826911306,70,255,255,255
8,0.16007332599838264,3.360418859223365,-2.9814862931624933,-10.036002602754673,2.0078387565749303,0.10996629990905626,-0.20002319002919774,0.08661584366135244,0.11364537120522855,-7.314180159465056e-05,0.0024809920104530677,70,255,255,255
9,0.18012500899931183,3.400608116457473,-2.979244225547525,-10.040003109853053,2.0094628617053925,0.11210338074840527,-0.20002535491903586,0.08120525652311095,0.10685404196745063,-0.00010824449190638408,0.002982347323994044,70,255,255,255
10,0.2001581599979545,3.4408687371725786,-2.976909261248549,-10.044003639268805,2.0130310357552674,0.11674821494881202,-0.2000264707876127,0.1784087024937584,0.23224171002033767,-5.579342884295957e-05,0.004141282173765329,70,255,255,255
11,0.22011934499823838,3.481195898358678,-2.9744868768858934,-10.048004176395022,2.016358059304987,0.12111921813278954,-0.2000268563108194,0.1663511774859825,0.21855015919887652,-1.9276160334202874e-05,0.005207502235554887,70,255,255,255
12,0.2401165739975113,3.5215850752624127,-2.971982353433281,-10.052004719022952,2.019458845186719,0.12522617263063013,-0.20002713139652467,0.15503929408660877,0.20534772489202913,-1.37542852636785e-05,0.006188424692401288,70,255,255,255
13,0.2601281979987107,3.5620319614544815,-2.969400783664299,-10.05600526967397,2.0223443096034406,0.12907848844909559,-0.20002753255087244,0.14427322083606953,0.19261579092327313,-2.005771738855522e-05,0.00709087335269999,70,255,255,255
14,0.28008402900013607,3.602532238018882,-2.9667470887740923,-10.060005812851568,2.0250138282200214,0.13268474451033305,-0.20002715887990072,0.13347593082903275,0.18031280306187342,1.868354858655663e-05,0.007921126120174801,70,255,255,255
15,0.3000849809977808,3.6431230783687933,-2.9639744026144625,-10.064006369791066,2.029542017495576,0.13863430798149162,-0.2000278469749658,0.22640946377772186,0.29747817355792916,-3.440475325436343e-05,0.009383045295676067,70,255,255,255
16,0.32016560999909416,3.6837983613453296,-2.9610901236298233,-10.06800696457693,2.033764148826814,0.1442139492319652,-0.20002973929318812,0.21110656656192006,0.27898206252367896,-9.461591111567524e-05,0.010728010937137218,70,255,255,255
17,0.3401231629977701,3.7245518041077266,-2.9581014105096766,-10.07200758040368,2.0376721381198433,0.1494356560073276,-0.2000307913374268,0.19539946465146807,0.2610853387681197,-5.260221193409409e-05,0.011965379327281487,70,255,255,255
18,0.36016683699926944,3.7653776513172175,-2.9550151416012067,-10.076008228999218,2.041292360474539,0.15431344542349681,-0.20003242977689517,0.18101111773478706,0.24388947080846068,-8.192197341949647e-05,0.013103758246214209,70,255,255,255
19,0.3801161529991077,3.806270075162641,-2.9518379582691177,-10.080008891140785,2.0446211922711677,0.15885916660445837,-0.20003310707834981,0.16644158983144264,0.22728605904807805,-3.386507273267503e-05,0.014151066851632312,70,255,255,255
20,0.4001230369976838,3.8472643693969664,-2.948525854502703,-10.084009575189153,2.0497147117162737,0.16560518832074395,-0.20003420241835762,0.2546759722552996,0.3373010858142784,-5.4767000390004705e-05,0.015813163339578086,70,255,255,255
21,0.4200970989986672,3.888352747924488,-2.9450877499465324,-10.088010270435275,2.054418926376085,0.17190522780851775,-0.20003476230611134,0.2352107329905473,0.3150019743886905,-2.7994387685220667e-05,0.017342292108488207,70,255,255,255
22,0.44011006000073394,3.929527865757177,-2.9415322219529147,-10.092010979242414,2.058755891634436,0.1777763996808953,-0.20003544035694312,0.21684826291756165,0.2935585936188768,-3.390254158977535e-05,0.018749090575885502,70,255,255,255
23,0.46013474599749316,3.97078271734338,-2.9378675184836753,-10.096011707562335,2.062742579310153,0.18323517346198184,-0.200036415996102,0.1993343837858257,0.2729386890543285,-4.878195794388862e-05,0.02004334516589101,70,255,255,255
24,0.4800717399994028,4.012110309276155,-2.934101586950024,-10.100012432897042,2.0663795966387357,0.18829657668255254,-0.20003626673534816,0.18185086642913983,0.253070161028535,7.4630376915296726e-06,0.021234059388696103,70,255,255,255
25,0.5001047009973263,4.05354412232842,-2.9301930178616935,-10.10401313469295,2.0716906526132615,0.19542845441654183,-0.20003508979543638,0.2655527987262807,0.35659388669946507,5.884699558830753e-05,0.023026863055564176,70,255,255,255
26,0.5201508129975991,4.095075636690524,-2.9261518117159664,-10.108013827995356,2.076575718105178,0.20206030728635496,-0.20003466512025098,0.2442532745958257,0.3315926434906572,2.123375926976756e-05,0.024676242429082798,70,255,255,255
27,0.5400864189978165,4.136696333800097,-2.9219876077232247,-10.112014491598503,2.081034855478646,0.20821019963709245,-0.20003318015738783,0.22295686867339892,0.30749461753687385,7.424814315787343e-05,0.026193671452719912,70,255,255,255
28,0.5601329499986605,4.178398418476118,-2.91770963691357,-10.116015141112504,2.0851042338010752,0.21389854048272053,-0.20003247570005822,0.203468916121456,0.2844170422814046,3.522286648025008e-05,0.027589706154466077,70,255,255,255
29,0.5801589349975984,4.220174367281117,-2.9133267634136564,-10.120015784658685,2.0887974402499068,0.21914367499568863,-0.20003217730903122,0.18466032244158503,0.262256725648405,1.4919551350356386e-05,0.028874058080072557,70,255,255,255
30,0.6001085659991077,4.262056588900264,-2.908799653678676,-10.124016406545602,2.094111080957368,0.22635548674900643,-0.20003109434579686,0.2656820353730782,0.36059058766589003,5.414816171864234e-05,0.030753844495111485,70,255,255,255
31,0.6201093499985291,4.304035697918919,-2.9041390846354997,-10.128017007328669,2.098955450932758,0.23302845215882667,-0.20003003915339398,0.2422184987694762,0.3336482704910123,5.275962014353319e-05,0.03248324799694729,70,255,255,255
32,0.6400739829987288,4.346102601344282,-2.8993554093856964,-10.132017575995427,2.1033451712681637,0.23918376249016607,-0.20002843333789308,0.21948601677028456,0.3077655165669699,8.029077504578819e-05,0.03407429921863621,70,255,255,255
33,0.6600722660004976,4.3882487189720765,-2.894458548199562,-10.136018113013547,2.107305881389699,0.24484305930673167,-0.20002685090600986,0.1980355060767658,0.28296484082827966,7.912159416156861e-05,0.03553806634259005,70,255,255,255
34,0.6801218199980212,4.430466022734743,-2.889457994102215,-10.140018635279999,2.1108651881333227,0.25002770486735143,-0.2000261133225504,0.17796533718117047,0.25923227803098936,3.6879172972376084e-05,0.03688473209662757,70,255,255,255
35,0.7001337069996225,4.472786237754785,-2.884316230598474,-10.144019151183134,2.1160107510020936,0.25708817518703014,-0.20002579515676738,0.25727814343855293,0.3530235159839366,1.5908289150795563e-05,0.038822070747641255,70,255,255,255
36,0.7201433459995314,4.5151995078575275,-2.8790445139043666,-10.148019663363787,2.1206635051371205,0.26358583470539015,-0.20002560903267907,0.2326377067513441,0.3248829759180009,9.306204415526764e-06,0.04060442230657384,70,255,255,255
37,0.7401491319978959,4.557696407021039,-2.873653633836183,-10.152020173077338,2.1248449581755646,0.26954400340918266,-0.20002548567755762,0.20907265192220814,0.297908435189626,6.1677560724837655e-06,0.04224418574079181,70,255,255,255
38,0.7601765500003239,4.600268010200619,-2.8681539175981383,-10.156020688430031,2.12858015897901,0.27498581190224086,-0.20002576763469834,0.186760040172254,0.2720904246529105,-1.4097857036265982e-05,0.04375276810027235,70,255,255,255
39,0.7801202219998231,4.642905540340615,-2.862555269681273,-10.160021190233994,2.131876506999802,0.27993239584327084,-0.20002509019818707,0.16481740103959286,0.2473291970515002,3.3871825564441016e-05,0.04514066387099445,70,255,255,255
40,0.8001544369981275,4.685639879091851,-2.85682181293372,-10.164021678921026,2.1367169375618036,0.28667283737763904,-0.20002443435155168,0.24202152810009414,0.33702207671840906,3.279233176947671e-05,0.04711557473917485,70,255,255,255
41,0.8201748369974666,4.728460908275649,-2.8509650430314415,-10.168022161024242,2.141051459189881,0.29283849511392795,-0.20002410516074132,0.21672608140385696,0.3082828868144447,1.645954051751608e-05,0.048932492737900804,70,255,255,255
42,0.8401427949975186,4.77135881028496,-2.8449959783155188,-10.172022625913865,2.1448951004655776,0.29845323579612776,-0.2000232444811231,0.19218206378485103,0.28073703410999057,4.303398091137778e-05,0.0506040572967287,70,255,255,255
43,0.8601351699981024,4.814324311707042,-2.8389251486655533,-10.176023071438888,2.1482750711040812,0.30354148249826796,-0.20002227625112146,0.16899853192518366,0.2544123351070093,4.841150008275119e-05,0.05214189669085034,70,255,255,255
44,0.8801304279986653,4.8573485966004535,-2.8327626141618873,-10.180023496530906,2.1512142446705984,0.30812672518329665,-0.20002125460092712,0.14695867832585074,0.2292621342514355,5.108250971669337e-05,0.053556708933442256,70,255,255,255
45,0.900174046997563,4.900462102973086,-2.8264738828224014,-10.184023914713993,2.15567531863162,0.3144365669742888,-0.2000209091543743,0.22305369805109132,0.3154920895496074,1.727232764206499e-05,0.055556583424258295,70,255,255,255
46,0.920121659997676,4.9436543282875895,-2.8200705237925976,-10.188024308969753,2.159611265725188,0.320167951490192,-0.2000197127879694,0.19679735467839965,0.28656922579516086,5.9818320243987255e-05,0.05739646795580907,70,255,255,255
47,0.9401259379992553,4.986915455536554,-2.8135635782457995,-10.192024681471976,2.163056362448234,0.3253472773399101,-0.20001862511111326,0.1722548361523164,0.2589662924859052,5.4383842807537164e-05,0.05908916172483576,70,255,255,255
48,0.9601642189991253,5.0302362552995135,-2.8069635802854918,-10.19602504517979,2.16603998814796,0.32999989801539525,-0.2000181853906886,0.14918128498628036,0.23263103377425842,2.198602123271165e-05,0.06064643999234033,70,255,255,255
49,0.9801203709976107,5.073607693632402,-2.8002806058223353,-10.200025386007566,2.168571916644423,0.33414872315782684,-0.20001704138884008,0.1265964248231488,0.2074412571215788,5.720009242640711e-05,0.062079135998444536,70,255,255,255
50,1.0001456049976696,5.1170598171161545,-2.79348133095283,-10.204025724896704,2.172606174187607,0.33996374347527053,-0.2000169444569037,0.2017128771591996,0.29075101587218505,4.846596818042226e-06,0.06409541211335879,70,255,255,255
51,1.0201384389984014,5.160582238312947,-2.7865772136521185,-10.20802605912818,2.176121059839617,0.3452058650355731,-0.2000167115737641,0.17574428260049269,0.26210607801512786,1.1644156980461506e-05,0.06595038613907989,70,255,255,255
52,1.040117669999745,5.2041650370252865,-2.7795791965184895,-10.212026381800602,2.179139935616978,0.3499008566814599,-0.2000161336211163,0.15094378886804183,0.23474958229434228,2.889763239011245e-05,0.0676569622427433,70,255,255,255
53,1.0601531159991282,5.247798971551498,-2.772497697841943,-10.216026704433958,2.1816967263106113,0.354074933827327,-0.20001613166782384,0.12783953468166676,0.2087038572933546,9.766462399918296e-08,0.06922701225811363,70,255,255,255
54,1.0801306590001332,5.291475087585112,-2.765342662917931,-10.220027019328139,2.1838058016806903,0.35775174620058187,-0.20001574470907657,0.10545376850395893,0.18384061866274165,1.9347937363911605e-05,0.07067145827225435,70,255,255,255
55,1.1001551779991132,5.335223182749124,-2.7580379130182466,-10.224027356630865,2.187404758200608,0.36523749498421837,-0.20001686513624792,0.17994782599587733,0.3742874391818262,-5.60213585679703e-05,0.07269903454582341,70,255,255,255
56,1.1201158459989529,5.379032815481048,-2.750597090798796,-10.228027701871696,2.190481636596184,0.3720411109725356,-0.20001726204156842,0.15384391977879108,0.34018079941586304,-1.9845266025469988e-05,0.07456440471750696,70,255,255,255
57,1.1401026460007415,5.422894155874443,-2.7430332288711687,-10.232028049797963,2.1930670196697575,0.3781930963813568,-0.20001739631333174,0.12926915367867942,0.3075992704410572,-6.713588166479267e-06,0.07628054527545583,70,255,255,255
58,1.1601483009981166,5.4667980694209835,-2.7353587540318594,-10.236028414301456,2.195195677327025,0.3837237419654796,-0.200018225174646,0.1064328828633796,0.276532279206141,-4.1443065713214766e-05,0.07785939458876878,70,255,255,255
59,1.180075697000575,5.510735523137014,-2.7275855660873933,-10.240028770571056,2.1968726858015266,0.3886593972233008,-0.20001781348004122,0.08385042372508034,0.24678276289105866,2.0584730240191806e-05,0.07931193595701667,70,255,255,255
60,1.2001220659985847,5.554735613169163,-2.719642396598274,-10.244029114841807,2.200004501607454,0.3971584744559557,-0.20001721353752314,0.15659079029637013,0.4249538616327454,2.9997125903458155e-05,0.08134577035392375,70,255,255,255
61,1.2201562139998714,5.598788290468017,-2.711544459305434,-10.248029458210166,2.20263386494266,0.4048968646419933,-0.20001716841791672,0.13146816676028372,0.3869195093018797,2.255980320414741e-06,0.08321689799907826,70,255,255,255
62,1.2401005569990957,5.642883737411491,-2.7033063372439328,-10.252029782370645,2.2047723471737206,0.41190610307506753,-0.2000162080240055,0.10692411155304837,0.3504619216537119,4.801969556089691e-05,0.08493833543262042,70,255,255,255
63,1.260122820000106,5.6870129063474035,-2.694941932836757,-10.256030095081224,2.2064584467956014,0.41822022035877593,-0.20001563552890683,0.08430498109404949,0.3157058641854189,2.8624754933537222e-05,0.08652205787147921,70,255,255,255
64,1.2800733099975332,5.731167008853901,-2.686464543978079,-10.260030380685356,2.207705125324885,0.42386944293390966,-0.20001428020662665,0.06233392646417579,0.2824611287566877,6.776611400943766e-05,0.08797908251522926,70,255,255,255
65,1.3001066430006176,5.775374993617322,-2.6778070670289416,-10.264030643161743,2.2103992381710773,0.4328738474568681,-0.20001312381935124,0.1347056423096169,0.45022022614792184,5.7819363770861276e-05,0.09001739779615907,70,255,255,255
66,1.3200710210003308,5.81962678093623,-2.6689858532058093,-10.268030872079047,2.2125893659453784,0.44106069115660484,-0.20001144586519684,0.10950638871506069,0.4093421849868386,8.389770772007643e-05,0.09189264785461447,70,255,255,255
67,1.3400782219978282,5.863912962840776,-2.660016516814965,-10.272031071388865,2.2143090952273083,0.44846681954219825,-0.20000996549086728,0.08598646409650534,0.37030641927967123,7.401871647869096e-05,0.09361787790839345,70,255,255,255
68,1.36014212399823,5.908224822251176,-2.65091394871039,-10.276031262997389,2.2155929705200235,0.4551284052287634,-0.20000958042621844,0.06419376463574578,0.3330792843282576,1.9253232441868162e-05,0.09520508955787009,70,255,255,255
69,1.3800715699981083,5.9525536937692225,-2.6416924154049934,-10.280031424482845,2.216443575902324,0.461076665269823,-0.20000807427276468,0.042530269115025554,0.29741300205298016,7.530767268801308e-05,0.09666532427538863,70,255,255,255
70,1.4000699139978678,5.996928432678786,-2.632288551370739,-10.284031570096,2.218736945478179,0.47019320171273876,-0.2000072806577609,0.11466847879275033,0.45582682214578885,3.9680750188009206e-05,0.09870690417000497,70,255,255,255
71,1.4200994079983502,6.041339381734922,-2.6227193685372794,-10.288031709994291,2.220547452806795,0.4784591416729782,-0.20000699491461274,0.09052536643079101,0.41329699801197095,1.4287157408865436e-05,0.10058515767305203,70,255,255,255
72,1.4400712940005178,6.085777220845553,-2.6130011484394915,-10.292031835300296,2.2218919555315497,0.4859110048893891,-0.20000626530022478,0.06722513623774029,0.3725931608205457,3.648071939818531e-05,0.10231315089585533,70,255,255,255
73,1.4601193579983374,6.130233389869625,-2.603149400048681,-10.29603196206954,2.22280845120362,0.49258741954051477,-0.2000063384621848,0.04582478360350839,0.33382073255628364,-3.6580980008193986e-06,0.10390290466083435,70,255,255,255
74,1.480160323997552,6.174699790233092,-2.593178918623361,-10.300032103120516,2.2233200181733146,0.4985240712660121,-0.20000705254887513,0.025578348484725844,0.2968325862748662,-3.570433451688393e-05,0.10536547812461507,70,255,255,255
75,1.5001666780008236,6.219204759624696,-2.5830297850074078,-10.304032239314322,2.2252484695802086,0.5074566807976472,-0.20000680969027995,0.09642257034471058,0.44663047658175015,1.21429297585407e-05,0.10740941466516343,70,255,255,255
76,1.5201234619999013,6.26373863766052,-2.572719376592684,-10.308032356895357,2.2266939017912133,0.5155204207361842,-0.20000587905168127,0.07227161055023368,0.40318699692684934,4.6531929934867655e-05,0.10928983628246794,70,255,255,255
77,1.5404080919979606,6.3082933464330475,-2.562264128783116,-10.312032547873855,2.2277354386263815,0.5227623904783821,-0.20000954892488468,0.05207684175839766,0.362098487109896,-0.00018349366017017532,0.11101982417038808,70,255,255,255
78,1.5601617229986005,6.3528595601832425,-2.5516799775101355,-10.316032728702323,2.2283106875097394,0.5292075636490217,-0.20000904142342632,0.028762444167901968,0.3222586585319769,2.537507291730523e-05,0.11261141302727459,70,255,255,255
79,1.580171440000413,6.3974293137648495,-2.5409819858594713,-10.32003290280988,2.2284876790803705,0.5348995825332151,-0.2000087053778069,0.008849578531548552,0.2846009442096704,1.6802280970701355e-05,0.1140756747756102,70,255,255,255
80,1.6001757999983965,6.442030853322261,-2.5301133770613697,-10.324033062456566,2.2300769778705867,0.543430439905071,-0.20000798233434583,0.07946493951080891,0.42654286859279333,3.6152173053305425e-05,0.11612078895008845,70,255,255,255
81,1.6201711789981346,6.486654894446436,-2.5190915393123294,-10.328033206775881,2.231202056208755,0.5510918874520047,-0.20000721596575335,0.0562539169084193,0.383072377346683,3.831842962440102e-05,0.11800229399060846,70,255,255,255
82,1.6401028919972305,6.531292470059167,-2.507933095283469,-10.332033314604717,2.2318787806365545,0.5579222014430157,-0.20000539144171664,0.033836221389981436,0.3415156995505556,9.122620183518726e-05,0.11973327862788687,70,255,255,255
83,1.6601235669986636,6.575935414130165,-2.4966538433028163,-10.336033394575974,2.232147203549897,0.5639625990326453,-0.20000399856283826,0.013421145667122047,0.30201987948147957,6.96439439193397e-05,0.12132578449418298,70,255,255,255
84,1.68008220000047,6.620575843467026,-2.4852688588599605,-10.340033434995714,2.232021466843048,0.5692492221427872,-0.20000202098702088,-0.006286835342444785,0.2643311555070895,9.887879086953322e-05,0.12279088989117541,70,255,255,255
85,1.7001281989978452,6.665242553048305,-2.4737240426572007,-10.344033497507716,2.2333354790639874,0.5772408101379872,-0.20000312560011396,0.06570061104699088,0.3995793997600001,-5.523065465326549e-05,0.12483755960266639,70,255,255,255
86,1.720178195999324,6.709926659314413,-2.4620365475435175,-10.348033596685466,2.234205313305405,0.584374755684156,-0.20000495888748493,0.04349171207088576,0.3566972773084385,-9.166436854818327e-05,0.1267204957372381,70,255,255,255
87,1.7401298619988665,6.754619469225433,-2.4502227789829467,-10.352033714703454,2.2346404955509755,0.5906884280285518,-0.2000059008993863,0.02175911227854055,0.31568361721979454,-4.710059506918274e-05,0.12845279698104403,70,255,255,255
88,1.760117353998794,6.799312912041211,-2.438298340657057,-10.356033846239876,2.234672140788919,0.5962219162944862,-0.20000657682113349,0.0015822618971701452,0.2766744132967167,-3.379608735853967e-05,0.13004651412534554,70,255,255,255
89,1.780073388999881,6.843999299590961,-2.4262780942132096,-10.36003397620437,2.2343193774874974,0.6010123221923692,-0.20000649822467942,-0.017638165071077516,0.2395202948941526,3.9298227036410616e-06,0.1315127338981029,70,255,255,255
90,1.8001772120005626,6.888706421594789,-2.414110858047143,-10.364034091548268,2.23535610019139,0.6083618083033294,-0.20000576719484586,0.05183613519463304,0.3674743055480122,3.655149167780536e-05,0.13355912294506714,70,255,255,255
91,1.8201227309982642,6.933425328251037,-2.4018134295529197,-10.368034175530333,2.235945332812375,0.6148714247111813,-0.20000419910325373,0.02946163104925459,0.3254808203925946,7.840457960606173e-05,0.13544180086827423,70,255,255,255
92,1.8401275899996108,6.978147777778713,-2.3894017724060195,-10.372034231452785,2.236122476383817,0.6205828573450126,-0.2000027961226135,0.008857178572083235,0.2855716316915642,7.014903201074674e-05,0.13717386455762476,70,255,255,255
93,1.8601617450003687,7.0228661109822905,-2.37689105835135,-10.376034271839325,2.235916660178879,0.6255357027334688,-0.20000201932702763,-0.010290810246885052,0.24764226942281053,3.883977929464155e-05,0.13876736315182725,70,255,255,255
94,1.8801945859995612,7.067573130599287,-2.3642957080771043,-10.38003430806661,2.235350980849822,0.6297675137122826,-0.20000181136424072,-0.02828396645284048,0.21159054894068607,1.0398139345363377e-05,0.14023338185849354,70,255,255,255
95,1.9002046959976724,7.11229662863038,-2.3515669386839697,-10.384034342956951,2.236174901554654,0.6364384696567222,-0.20000174451702926,0.04119603524160009,0.3335477972219859,3.3423605723670313e-06,0.1422804294562222,70,255,255,255
96,1.920175855000707,7.157027966482684,-2.3387209777724505,-10.388034367305622,2.2365668926151945,0.6422980455759716,-0.20000121743347185,0.019599553027009442,0.2929787959624697,2.6354177870752116e-05,0.14416371324613259,70,255,255,255
97,1.9401561199993012,7.201759040474358,-2.3257732612564963,-10.392034375390962,2.236553699583693,0.64738582579771,-0.20000040426701166,-0.000659651575074971,0.2543890110869199,4.065832300972905e-05,0.14589633433285012,70,255,255,255
98,1.9602258729973983,7.2464825199282465,-2.312738407290497,-10.396034390496796,2.236173972694443,0.6517426982999747,-0.20000075529168154,-0.018986344462488702,0.21784362511323374,-1.7551233494395024e-05,0.14749034573263026,70,255,255,255
99,1.980133463999664,7.291191007240698,-2.299630394963029,-10.400034382606846,2.2354243656226,0.655400616373396,-0.1999996055024407,-0.037480353592167504,0.18289590367106567,5.748946204159333e-05,0.14895683622042796,70,255,255,255
100,2.000124139998661,7.335912281004078,-2.286402756640501,-10.40403437557908,2.2360636881690015,0.6613819161263886,-0.1999996486117307,0.03196612732008308,0.2990649876496322,-2.155464500580573e-06,0.15100413200019236,70,255,255,255
101,2.0200797659999807,7.380637877996514,-2.2730710613977316,-10.408034355173335,2.2362798496217597,0.6665847621384833,-0.19999897971270564,0.010808072637915167,0.26014230060473287,3.344495125323643e-05,0.1528876441175756,70,255,255,255
102,2.0401601640005538,7.425360235142675,-2.2596500307951293,-10.412034347952297,2.2361178573080496,0.6710515301301151,-0.1999996389480909,-0.008099615685517758,0.2233383995815883,-3.2961769262151996e-05,0.1546204752655682,70,255,255,255
103,2.06011692699758,7.470071852703494,-2.2461537251693064,-10.416034339300596,2.235580878040993,0.6748152812911368,-0.19999956741498848,-0.02684896335282172,0.18818755805108134,3.576655120435257e-06,0.15621467992172142,70,255,255,255
104,2.0801000609972107,7.514765782494795,-2.2325954647978135,-10.420034323920797,2.234696489565035,0.6779130185746595,-0.19999923101000236,-0.04421942379788435,0.15488686417613629,1.6820249306159774e-05,0.15768134820538235,70,255,255,255
105,2.100115552999341,7.559469296576202,-2.2188992279998603,-10.424034299008552,2.2351757040703255,0.684811839897655,-0.1999987543877422,0.023960725264512206,0.34494106614977715,2.383111300766072e-05,0.15972857609876007,70,255,255,255
106,2.1201717109979654,7.604174473973373,-2.205081728709979,-10.428034283146227,2.2352588698585656,0.6908749644940763,-0.19999920688377523,0.004158289412007576,0.30315622982105916,-2.2624801651410786e-05,0.16161202576066755,70,255,255,255
107,2.1401141620008275,7.648873502446737,-2.1911589484627725,-10.43203425740053,2.2349514236681958,0.6961390123603177,-0.19999871271507816,-0.01537230951850077,0.2632023933120733,2.4708434854275874e-05,0.16334479944962246,70,255,255,255
108,2.1601289909995103,7.6935592799389605,-2.177146029709069,-10.436034227150932,2.234288874611168,0.7006459376851711,-0.19999848752013766,-0.033127452851383854,0.22534626624266962,1.1259747025121891e-05,0.16493895124346095,70,255,255,255
109,2.1801300039987836,7.738225107506522,-2.163057359859223,-10.44003419304023,2.233291378378068,0.7044334924923048,-0.19999829446484974,-0.0498748116550094,0.18937774035668165,9.652764396739233e-06,0.16640557089379238,70,255,255,255
110,2.2001313619985012,7.7828981939089195,-2.148820753053809,-10.444034167435625,2.233654320119899,0.7118303402707181,-0.19999871976970604,0.018147087091550773,0.3698423889206649,-2.1265242815537988e-05,0.16845335712555148,70,255,255,255
111,2.2201266439988103,7.827570611580221,-2.134453786179443,-10.448034148357957,2.2336208835650777,0.718348343718294,-0.19999904611664432,-0.0016718277410605609,0.32590017237879754,-1.6317346914290765e-05,0.17033732045876984,70,255,255,255
112,2.2414324040000793,7.872239103208022,-2.119972267428983,-10.452034553289337,2.233424581390045,0.7240759375229874,-0.20002024656900005,-0.009815108751650481,0.28637969023466725,-0.0010600226177861494,0.17207056672533075,70,255,255,255
113,2.2601482430000033,7.916892325453127,-2.1053930632495237,-10.456034945209812,2.2326611122552777,0.7289602089729804,-0.20001959602370284,-0.03817345673836492,0.24421357249965459,3.2527264860721106e-05,0.17366515329056678,70,255,255,255
114,2.280117684000288,7.961523651534108,-2.09073130178553,-10.460035314494082,2.2315663040490334,0.7330880731996844,-0.20001846421349007,-0.05474041031220578,0.20639321133519828,5.6590510638387936e-05,0.17513217293058392,70,255,255,255
115,2.300075631999789,8.006159732344951,-2.0759185451063473,-10.464035647531544,2.231804040542111,0.7406378339591217,-0.20001665187311096,0.011886824653867034,0.3774880379718677,9.061701895568541e-05,0.17717955353218506,70,255,255,255
116,2.320070810998004,8.05079284944536,-2.0609728360357673,-10.468035944421427,2.2316558550204504,0.747285453529008,-0.20001484449412904,-0.007409276083016447,0.3323809784943109,9.03689490959203e-05,0.17906314368565812,70,255,255,255
117,2.340106719999312,8.095415882579404,-2.0459113175729695,-10.47203621834844,2.2311516567022665,0.7530759231398931,-0.20001369635071634,-0.025209915909205183,0.28952348054425636,5.7407170635348503e-05,0.18079604662685334,70,255,255,255
118,2.3601222789984604,8.140022089720851,-2.0307503044106756,-10.476036475230956,2.2303103570723137,0.7580506581147046,-0.20001284412573372,-0.042064981497645704,0.24873674874057505,4.2611249130269924e-05,0.18239031733275293,70,255,255,255
119,2.3801398439973127,8.184605166705824,-2.015505290075062,-10.480036721301428,2.2291538492486587,0.7622507167806905,-0.20001230352363047,-0.05782539118275709,0.2100029332992911,2.7030105162695328e-05,0.18385704638218053,70,255,255,255
120,2.4001511839996965,8.229191595229095,-2.000111030092284,-10.484036950159188,2.229321426163541,0.7697129991388778,-0.20001144288805672,0.00837884574411829,0.37311411790936777,4.3031778687530053e-05,0.1859048718883676,70,255,255,255
121,2.420122748000722,8.27377374491753,-1.9845857707314816,-10.488037153371309,2.229107484421833,0.776262968040135,-0.200010160606013,-0.010697087085409063,0.3274984450628575,6.411410218609692e-05,0.1877888713540597,70,255,255,255
122,2.440101356998639,8.318344472610516,-1.9689468676736945,-10.492037325306267,2.2285363846492188,0.78194515288935,-0.20000859674788896,-0.02855498863069217,0.28410924246075187,7.819290620320052e-05,0.18952215086249644,70,255,255,255
123,2.4601389029994607,8.362897270610668,-1.9532107718220801,-10.496037479580316,2.2276399000076545,0.7868047925807223,-0.2000077137024688,-0.04482423207821684,0.24298198456862052,4.4152271006736576e-05,0.1911167680102582,70,255,255,255
124,2.480200079997303,8.407426125989153,-1.9373930843841396,-10.500037636582913,2.2264427689242265,0.7908843718970299,-0.20000785012981537,-0.05985655417139624,0.20397896581537922,-6.821367328296857e-06,0.19258381578619904,70,255,255,255
125,2.5001691969991953,8.451957279315739,-1.9214315985735955,-10.50403779489882,2.2265576663292865,0.7980742905272046,-0.20000791579539814,0.005744870252998968,0.35949593150873427,-3.2832791393433425e-06,0.1946319509757621,70,255,255,255
126,2.5201040680003644,8.49648313445542,-1.905344531358881,-10.508037933354657,2.226292756984103,0.8043533607357205,-0.20000692279179214,-0.013245467259173083,0.31395351042579467,4.965018030086976e-05,0.19651623535016013,70,255,255,255
127,2.5401320309974835,8.54099685741278,-1.8891491331403683,-10.512038061868655,2.225686147867995,0.8097699109256347,-0.2000064256998894,-0.030330455805396284,0.2708275094957092,2.4854595136653e-05,0.1982497769746063,70,255,255,255
128,2.5601506309976685,8.585492013682027,-1.872861800115075,-10.516038186783703,2.2247578134622943,0.8143666512646658,-0.20000624575238404,-0.0464167202850323,0.22983701695155878,8.997375267993935e-06,0.1998446352690968,70,255,255,255
129,2.580116053999518,8.62996241436802,-1.8564981343492601,-10.520038297051235,2.223520034299692,0.8181832882907404,-0.20000551337655464,-0.06188895813011808,0.19083185130372815,3.66187914706273e-05,0.20131190490002807,70,255,255,255
130,2.6001052419996995,8.674434083391834,-1.8399987995185731,-10.524038402342631,2.2235834511907138,0.8249667415343532,-0.2000052645698227,0.0031708445510907346,0.339172662180641,1.2440336596586388e-05,0.2033597493254864,70,255,255,255
131,2.620165897998959,8.71889998408196,-1.8233816429747236,-10.528038522197914,2.2232950345062505,0.8308578271924719,-0.20000599276417114,-0.014420834223154877,0.2945542829059353,-3.640971742213672e-05,0.20524376619690807,70,255,255,255
132,2.6401333549983974,8.76335321295971,-1.8066637072904916,-10.532038645137723,2.222661443887555,0.835896784211599,-0.20000614699042704,-0.031679530934759725,0.25194785095634953,-7.711312795921632e-06,0.20697706171861602,70,255,255,255
133,2.660122584999044,8.807787370703627,-1.789861155614408,-10.536038767333881,2.221707887195865,0.8401275838041861,-0.20000610980793318,-0.047677834584504364,0.21153997962935456,1.8591246932209149e-06,0.20857169359858732,70,255,255,255
134,2.6801261250002426,8.852196518257355,-1.7729893047848577,-10.540038889768296,2.2204573776863548,0.8435925414775163,-0.20000612172071555,-0.06252547547551268,0.17324788366651145,-5.956391186667798e-07,0.2100387549281609,70,255,255,255
135,2.7001651619975746,8.896606099595816,-1.7559915630089638,-10.544038995855415,2.2204790669230556,0.849887088794699,-0.20000530435599248,0.0010844618350525081,0.3147273658591341,4.0868236152985515e-05,0.21208637158808438,70,255,255,255
136,2.720230922997871,8.941009243796987,-1.738885342244896,-10.548039107449858,2.220157210058525,0.8553110382033896,-0.20000557972218802,-0.016092843226526377,0.27119747043452946,-1.376830977692367e-05,0.21397017891521394,70,255,255,255
137,2.742712453000422,8.98540723295439,-1.7216850959467243,-10.552040018132235,2.219899457870181,0.8600123149085923,-0.20004553411889714,-0.012887609417209678,0.23506383526013452,-0.0019977198354559356,0.21570328165617317,70,255,255,255
138,2.760128011999768,9.0297850693768,-1.7044089380706984,-10.55604085147906,2.2188918211204407,0.863807893801293,-0.20004166734120313,-0.0503818374870213,0.1897789446350311,0.0001933388846999673,0.21729773617785567,70,255,255,255
139,2.7801461540002492,9.074137015744439,-1.6870717684239893,-10.560041616602549,2.217597318381969,0.8668584823354479,-0.2000382561744325,-0.0647251369235895,0.15252942670774994,0.0001705583385319398,0.21876463433780358,70,255,255,255
140,2.800130002997321,9.118488493881976,-1.6696194333256684,-10.564042326126783,2.2175739068768636,0.8726167549160473,-0.20003547621173107,-0.0011705752552573223,0.28791362902996787,0.00013899813507167735,0.22081239246334075,70,255,255,255
141,2.8200788619978994,9.162832405867,-1.6520688911263404,-10.56804296588736,2.2171955992511543,0.8775271099664077,-0.20003198802886224,-0.018915381285462995,0.24551775251801888,0.00017440914344107883,0.22269632993883495,70,255,255,255
142,2.8400943989981897,9.207162305127884,-1.6344361800596536,-10.572043544018323,2.2164949630442323,0.8816355533343313,-0.20002890654812405,-0.03503181034610803,0.20542216839617733,0.00015407403690981258,0.2244295524162896,70,255,255,255
143,2.860070561997418,9.25147202831086,-1.6167365428167713,-10.576044055664598,2.2154861591487314,0.8849818621441193,-0.20002558231374068,-0.05044019477505257,0.1673154404894006,0.00016621171916803013,0.22602411709554787,70,255,255,255
144,2.8800678799998423,9.295755881841114,-1.5989843956531815,-10.580044503138392,2.2141926765127105,0.8876073581794879,-0.20002237368975723,-0.06467413180105419,0.13127480176842687,0.00016043119917319437,0.22749111660046548,70,255,255,255
145,2.9001244920000318,9.340039008942531,-1.5811280293977092,-10.584044905714578,2.2141563550709,0.892818312773614,-0.2000201288092725,-0.0018160720905298078,0.26054772970630746,0.00011224402423654078,0.22953880627608114,70,255,255,255
146,2.9201236919980147,9.384314597637474,-1.5631837070612038,-10.588045265186887,2.2137794347471615,0.8972161168252745,-0.2000179736154898,-0.01884601618690418,0.2198902025830214,0.00010775968913429024,0.23142268077764755,70,255,255,255
147,2.940179015000467,9.428576436322027,-1.5451668045184617,-10.592045601269758,2.213091934227645,0.9008451271371051,-0.20001680414358858,-0.03437502597583908,0.1814505155915317,5.84735950612536e-05,0.23315584531908864,70,255,255,255
148,2.9601467149987,9.472818427694913,-1.5270919725389274,-10.596045904492826,2.212099568644252,0.9037415989767172,-0.20001516115334342,-0.04961827916963912,0.14482359198060968,8.214951225782308e-05,0.23475035669721447,70,255,255,255
149,2.9801656729978276,9.51703503607423,-1.508973027962828,-10.600046182409079,2.2108304189658923,0.9059472288049754,-0.20001389581265355,-0.06345748391798267,0.11028149141290444,6.326703449341387e-05,0.2362173071650902,70,255,255,255
150,3.000112377998448,9.561250943394345,-1.4907605599739215,-10.604046440795301,2.210795366005746,0.9106233994453197,-0.20001291931113532,-0.001752648007294244,0.23380853201721485,4.88250759110298e-05,0.23826542339836326,70,255,255,255
151,3.020130851997237,9.605459505383893,-1.4724701007686718,-10.608046686321558,2.210428099477406,0.9145229602624887,-0.20001227631279106,-0.018363326417005776,0.19497804085845094,3.214991721253724e-05,0.24014969033297448,70,255,255,255
152,3.0401203149995126,9.649654395345133,-1.454116403250318,-10.612046915994764,2.2097444980619665,0.9176848759176904,-0.20001148366028326,-0.03418007077197238,0.1580957827600873,3.9632625390306764e-05,0.24188321591281678,70,255,255,255
153,3.0601282299976447,9.693829747103818,-1.4357134186139793,-10.616047132931424,2.2087675879342554,0.9201492318169342,-0.20001084683303966,-0.048845506385556625,0.12321779496219099,3.1841362180540234e-05,0.2434780594462717,70,255,255,255
154,3.0801284679982928,9.73798005315089,-1.4172743472129194,-10.620047337624793,2.207515302353616,0.921953570052992,-0.20001023466850823,-0.06261427903198014,0.09021691180289482,3.060822657202644e-05,0.24494531549705026,70,255,255,255
155,3.1001297639995755,9.782129443883337,-1.3987202866970434,-10.62404751851748,2.207469536622291,0.9277030257938077,-0.2000090446343897,-0.002288286566227704,0.2874727870407848,5.950170592625148e-05,0.24699317406949683,70,255,255,255
156,3.1201828220000607,9.826271504980463,-1.380067928988699,-10.628047693726659,2.207103054856328,0.9326178854172201,-0.20000876045891114,-0.018324088298157903,0.24574298117062177,1.4208773927909535e-05,0.24887720395614768,70,255,255,255
157,3.1401376819994766,9.870399904474633,-1.361333219189125,-10.632047848868202,2.206419974708459,0.9367354899787037,-0.20000775707721768,-0.03415400739344632,0.20588022807418127,5.016908467259107e-05,0.25061051145186647,70,255,255,255
158,3.16016287399907,9.91450893723723,-1.3425312076829705,-10.636047992959384,2.2054516381298637,0.9401005753077246,-0.20000720455909574,-0.048416828929771505,0.16825426645104757,2.7625906097561437e-05,0.25220515434792773,70,255,255,255
159,3.180119480999565,9.958593051962131,-1.32367621755526,-10.64004811254692,2.2042057362450556,0.9427495063855187,-0.20000597937677464,-0.06229509424041346,0.13244655388970206,6.125911605500689e-05,0.2536722258123041,70,255,255,255
160,3.20015691899971,10.002676044601692,-1.304693341069488,-10.644048199205049,2.2041496319780287,0.949143824288596,-0.20000433290641342,-0.002805213351351643,0.31971589515386345,8.232351806117255e-05,0.2557197797490546,70,255,255,255
161,3.220095227999991,10.046751252281611,-1.2856002061597411,-10.648048235029762,2.2037603839959035,0.9546567454873524,-0.2000017912356281,-0.01946239910626657,0.275646059937816,0.00012708353926624283,0.25760352937086506,70,255,255,255
162,3.2400794770001085,10.090812571363978,-1.2664135124526255,-10.652048217973425,2.203065954118331,0.9593346853557866,-0.19999914718311468,-0.03472149387862711,0.23389699342170978,0.00013220262567148477,0.25933657902293067,70,255,255,255
163,3.260107947000506,10.134854428158116,-1.2471490620066574,-10.65604816034659,2.202092839706887,0.9632225222984059,-0.19999711865826542,-0.04865572057219625,0.19439184713096613,0.00010142624246273213,0.26093098470283105,70,255,255,255
164,3.2801716930007387,10.178871727417649,-1.2278217970431935,-10.660048085074411,2.200864962976636,0.9663632481731949,-0.19999623639105757,-0.06139383651255459,0.1570362937394496,4.4113360391895284e-05,0.2623978379283394,70,255,255,255
165,3.300151866998931,10.22288824776136,-1.2083602576555217,-10.664048015063083,2.200826017185488,0.973076969383587,-0.19999649943359085,-0.0019472895574073057,0.3356860605196096,-1.315212666386234e-05,0.2644460517490417,70,255,255,255
166,3.320098156000313,10.26689743761645,-1.188782573941489,-10.668047932921452,2.2004594927545327,0.9788841857016386,-0.1999958929185005,-0.0183262215477491,0.2903608159025819,3.032575451691888e-05,0.26633040846408784,70,255,255,255
167,3.340086470998358,10.310893284716464,-1.1691059296412762,-10.672047835769565,2.199792355000715,0.9838322150106353,-0.19999514240561478,-0.03335688769088563,0.2474014654498391,3.752564428649574e-05,0.26806401664193025,70,255,255,255
168,3.360108708999178,10.354870267432949,-1.1493465999822656,-10.676047731779638,2.1988491358242563,0.9879664829505307,-0.19999480050366636,-0.04716095882292892,0.20671339699476698,1.709509742120474e-05,0.2696589361655453,70,255,255,255
169,3.380138652999449,10.39882325027737,-1.1295200078366363,-10.680047631110419,2.1976491422211097,0.9913296072814682,-0.19999496653903318,-0.05999968015732504,0.16815621654687674,-8.301768340879256e-06,0.27112626212727114,70,255,255,255
170,3.400137905999145,10.442775309741174,-1.109558264915881,-10.684047527046296,2.1976029731901714,0.9980871460377643,-0.19999479679383902,-0.0023084515469165012,0.33787693781479977,8.487259707895545e-06,0.2731740957826056,70,255,255,255
171,3.420101681000233,10.486720062012058,-1.089479697134904,-10.688047408365467,2.197237613544159,1.0039283890488553,-0.19999406595850375,-0.018267982300612662,0.292062150554546,3.6541766764153216e-05,0.2750581027455133,70,255,255,255
172,3.440152416998899,10.530651796273158,-1.069301623154119,-10.692047292370342,2.1965867130550234,1.0089036990392437,-0.19999420024373366,-0.0325450244567822,0.24876549951942217,-6.714261495316398e-06,0.27679138915138835,70,255,255,255
173,3.4601259989976825,10.57456491829264,-1.0490405656729391,-10.69604717063161,2.195656100974153,1.0130528740589968,-0.19999391306344025,-0.04653060404350873,0.20745875098765398,1.4359014670117798e-05,0.2783860126447934,70,255,255,255
174,3.4801242479989014,10.618454278206576,-1.028712161963067,-10.700047043128352,2.1944679956967716,1.0164201854936101,-0.1999936248370825,-0.05940526386907585,0.16836557173066558,1.4411317887180752e-05,0.2798530662587261,70,255,255,255
175,3.5001288799976464,10.662342631738355,-1.0082516221678417,-10.704046908150923,2.1944176765889445,1.0230269897612672,-0.19999325112856814,-0.0025159553913534083,0.3303402133828479,1.8685425717479553e-05,0.28190074263843357,70,255,255,255
176,3.520105247000174,10.706223742279663,-0.9876772365835426,-10.70804675880118,2.194055527065449,1.028719279214958,-0.1999925325127994,-0.018107476174765935,0.28461447268453677,3.593078843711073e-05,0.28378460490776447,70,255,255,255
177,3.540139509997971,10.750091944274658,-0.9670063153949379,-10.712046607144577,2.1934100997497064,1.0335460594302364,-0.199992417169921,-0.032271365787139406,0.24133901076391662,5.767143918727902e-06,0.2855177581955489,70,255,255,255
178,3.560135611998703,10.793941810639327,-0.9462553273752885,-10.71604645231482,2.1924933182334256,1.037549400982468,-0.19999225851215524,-0.04583907581403235,0.20016707761158203,7.93288828826455e-06,0.2871122592203106,70,255,255,255
179,3.580133734998526,10.837768275718904,-0.9254398790147489,-10.720046294149386,2.19132325397892,1.0407724180269788,-0.19999209172823315,-0.05850321272528136,0.16115085222554337,8.339196104933944e-06,0.28857920016309135,70,255,255,255
180,3.600688906997675,10.88159368860044,-0.9044981103468324,-10.724046127867558,2.1912706440767944,1.047088433395826,-0.19999168590859076,-0.002630495106274555,0.31580076844235005,2.0290982120002576e-05,0.29062683723913085,70,255,255,255
181,3.62014833899957,10.92541026193761,-0.8834486890554204,-10.728045781240612,2.190828666858577,1.0524710645705977,-0.1999826686527034,-0.02209886091087876,0.2691315587385916,0.0004508627943682064,0.29251066334908715,70,255,255,255
182,3.6401700700007495,10.969212489124944,-0.8623086872073622,-10.732045272597778,2.1901113593666675,1.0570000924029095,-0.1999745678583439,-0.035865374595475785,0.22645139161559302,0.0004050397179747034,0.294243783370247,70,255,255,255
183,3.6601598679990275,11.012995114721525,-0.8410943342630091,-10.7360446092092,2.1891312798290103,1.0607176472176565,-0.199966830571045,-0.04900397688285674,0.18587774073734553,0.0003868643649439507,0.295838253789714,70,255,255,255
184,3.6801195820007706,11.056753133706648,-0.8198210395353079,-10.740043788529523,2.187900949256165,1.0636647363850547,-0.19995896601609825,-0.06151652864226431,0.14735445836991068,0.0003932277473382151,0.29730516657562367,70,255,255,255
185,3.700179464998655,11.100510651252678,-0.79842890055123,-10.744043018044978,2.187875877301503,1.0696069492039006,-0.19996147577275317,-0.0012535977331173953,0.2971106409422968,-0.00012548783274518582,0.2993531755078593,70,255,255,255
186,3.7202015289985866,11.144261756022686,-0.7769355678428693,-10.748042303037113,2.187555238500427,1.07466663541803,-0.19996424960677123,-0.016031940053799598,0.25298431070646954,-0.00013869170090233252,0.301237343725516,70,255,255,255
187,3.7401205620008113,11.18800057192121,-0.7553579168163718,-10.752041615411901,2.186940794926171,1.0788825513248765,-0.199965618739413,-0.030722178712806247,0.21079579534232606,-6.8456632087599e-05,0.30297077848576026,70,255,255,255
188,3.7601224110003386,11.231721860091898,-0.7337118472028011,-10.756040955218264,2.1860644085344125,1.0823034806785297,-0.1999669903181057,-0.04381931958791263,0.17104646768265086,-6.857893463485532e-05,0.3045655384651849,70,255,255,255
189,3.780120840998279,11.275420713113341,-0.7120124182674376,-10.760040321364215,2.1849426510721752,1.0849714467681808,-0.19996830729753484,-0.056087873111867914,0.1333983044825573,-6.584897145753277e-05,0.3060327176462556,70,255,255,255
190,3.800091863999114,11.319118670149146,-0.690203228080498,-10.764039706537305,2.1848978517902213,1.0904595093469733,-0.19996925865453116,-0.002239964097684677,0.27440312893962393,-4.7567849815466356e-05,0.30808009774078626,70,255,255,255
191,3.8200809829977516,11.362809833407988,-0.6683014493429676,-10.76803910709771,2.1845581629421025,1.0950889368765202,-0.19997002802023864,-0.01698444240594421,0.23147137647734362,-3.846828537432123e-05,0.30996368742775443,70,255,255,255
192,3.84012865099794,11.406488857192873,-0.6463233013372026,-10.772038538335053,2.1839511892441936,1.0989074002882517,-0.1999715618671744,-0.030348684895447953,0.19092317058657615,-7.66923467880598e-05,0.3116965899397652,70,255,255,255
193,3.860125726998376,11.450150574077382,-0.6242842139016213,-10.77603799838306,2.183085844225438,1.1019543717790707,-0.1999730024003135,-0.04326725093776895,0.1523485745409543,-7.202665695332788e-05,0.31329086025081504,70,255,255,255
194,3.8801316619974386,11.49379018272052,-0.6021987778144788,-10.780037488276212,2.181980432156897,1.104271804357122,-0.19997449465760872,-0.055270603427040044,0.11587162890256275,-7.46128647618749e-05,0.3147575889369809,70,255,255,255
195,3.9001513099974545,11.537428861505186,-0.58001304960525,-10.784037000556452,2.181933939233247,1.1092864104614404,-0.19997561401203695,-0.0023246461825054965,0.25073030521591333,-5.59677214116705e-05,0.3168052474230399,70,255,255,255
196,3.920106544999726,11.581060701088838,-0.5577436388001907,-10.788036520336108,2.181591979182606,1.1134705402529665,-0.19997598898281665,-0.017098002532045964,0.20920648957630572,-1.8748538984592056e-05,0.31868909323021416,70,255,255,255
197,3.9401060879972647,11.624680299417795,-0.5354062369474631,-10.792036047787327,2.1809799164479178,1.1168700926363797,-0.19997637256093764,-0.03060313673442039,0.1699776191706548,-1.917890604941075e-05,0.3204222313728145,70,255,255,255
198,3.9601099449973844,11.668282611952415,-0.5130156975039175,-10.796035584440133,2.180115626731013,1.1195269721772791,-0.1999768326402758,-0.04321448584522747,0.13284397704497386,-2.3003966907630957e-05,0.3220167184640068,70,255,255,255
199,3.9801102389974403,11.711862913081102,-0.490586072185947,-10.800035130577866,2.179015056434362,1.121481265898525,-0.1999773068866301,-0.05502851483254778,0.09771468606229394,-2.3712317715057774e-05,0.32348364658790374,70,255,255,255
200,4.00012368699754,11.755442221613995,-0.4680657387815031,-10.80403470198129,2.1789654266446283,1.126016670222197,-0.19997857017119555,-0.002481489486685806,0.22677021618359783,-6.316422827271073e-05,0.32553140628884214,70,255,255,255
201,4.020176538997475,11.799015039339588,-0.44547050357093687,-10.80803431473286,2.178640886279637,1.129761760528311,-0.19998063757841214,-0.01622701824957362,0.1872545153057028,-0.00010337036082960771,0.32741534521370547,70,255,255,255
202,4.040114036997693,11.842575839191559,-0.42281549196004503,-10.81203394697064,2.1780399925985323,1.1327505805445923,-0.1999816118890737,-0.030044684055231308,0.14944100081406364,-4.871553307830845e-05,0.32914856902457973,70,255,255,255
203,4.06012427099995,11.886119677711369,-0.40011492436648893,-10.816033601388762,2.1771919259904973,1.1350283796778058,-0.19998272090610925,-0.04240333040174615,0.11388995666067059,-5.545085177638409e-05,0.3307431349305841,70,255,255,255
204,4.080117659999814,11.929641881282116,-0.37738226243495926,-10.820033275093815,2.1761101785373382,1.136633096576483,-0.19998368525267066,-0.05408737265796226,0.0802358449338667,-4.821732807014367e-05,0.3322101355641081,70,255,255,255
205,4.100121865998517,11.973163011888944,-0.35453635184514737,-10.824032976832415,2.1760565303413966,1.142295529490595,-0.19998508692995526,-0.002682409797075458,0.2831216457055932,-7.008386422946433e-05,0.3342580704495838,70,255,255,255
206,4.120133599000837,12.016677537646325,-0.331594284345151,-10.828032709154327,2.1757262878690367,1.1471033749998203,-0.19998661609555188,-0.016512123618001695,0.2403922754612693,-7.645827983063236e-05,0.3361421705442214,70,255,255,255
207,4.140137341000809,12.060180243578413,-0.3085722905139263,-10.832032471850276,2.1751352966044233,1.1510996915612328,-0.19998813479745925,-0.029549563230671705,0.19981582807063036,-7.593509536923948e-05,0.33787554263128805,70,255,255,255
208,4.16011617699769,12.103666166820426,-0.2854857876560349,-10.836032256705026,2.1742961621006205,1.1543251428945704,-0.19998924273752644,-0.04195672519013849,0.1612725666668775,-5.539700335985276e-05,0.33947024495138933,70,255,255,255
209,4.180174593999254,12.147130923790986,-0.2623492668370192,-10.840032081426724,2.1732378485279353,1.156826040950783,-0.19999123608483457,-0.05291567863426616,0.12504490281061797,-9.966736540692467e-05,0.3409373710858825,70,255,255,255
210,4.20011628499924,12.1905943376541,-0.23908581129037113,-10.844031921094835,2.1731706931557033,1.1631727773324043,-0.19999198340560165,-0.003357768611594203,0.3173368190810746,-3.73660383532759e-05,0.34298512932700315,70,255,255,255
211,4.2200914319982985,12.23405086800443,-0.21571341091724225,-10.848031767116149,2.1728265175166057,1.1686200186564433,-0.19999230106565874,-0.01720878195488229,0.27236206620194214,-1.588300285509936e-05,0.3448690669088341,70,255,255,255
212,4.240074567998818,12.277495343439389,-0.19224913979877412,-10.852031613959358,2.1722237717479103,1.1732135559234074,-0.19999234216041564,-0.0301372884347626,0.22967686334820758,-2.0547378455360032e-06,0.3466022894841186,70,255,255,255
213,4.260114681997948,12.320923104457997,-0.168709117982825,-10.856031474656678,2.1713880509304007,1.1770010907974555,-0.19999303486601638,-0.04178604087546889,0.1893767437024061,-3.463528003774807e-05,0.3481968542533803,70,255,255,255
214,4.280139269998472,12.364329748189208,-0.1451086403833056,-10.860031356467909,2.170332186560537,1.1800238799759712,-0.19999409056150386,-0.05279321849317764,0.1511394589257884,-5.278477437359319e-05,0.3496638538411011,70,255,255,255
215,4.3001688519980235,12.407734940167424,-0.12137438627594066,-10.864031257059317,2.1702595989108415,1.1867127053682467,-0.1999950295703581,-0.0036293824847630773,0.3344412696137702,-4.695044271280091e-05,0.35171175822649636,70,255,255,255
216,4.320107007999468,12.451133121289866,-0.09752492092175638,-10.868031155673064,2.1699090561221017,1.1924732677092142,-0.19999493068739158,-0.017527139436986694,0.2880281170483794,4.944148326330167e-06,0.35359583026106,70,255,255,255
217,4.340163581000525,12.494519456151687,-0.07357771705499559,-10.87203107069339,2.16931674309106,1.1973601933380393,-0.19999575101632014,-0.029615651552079125,0.24434628144125292,-4.101644642809377e-05,0.35532917653285856,70,255,255,255
218,4.36015991000022,12.537889225645545,-0.04954943832693923,-10.876031000097148,2.1684884746928867,1.2014139364028185,-0.19999647018788197,-0.04141341990867442,0.20268715323895337,-3.595857809171599e-05,0.35692385510291325,70,255,255,255
219,4.380132146998221,12.58123794322072,-0.025455911441654055,-10.880030934250124,2.1674358787587753,1.2046763442642585,-0.19999670764881752,-0.05262979670557666,0.16312039307199733,-1.187304677707779e-05,0.35839095938736354,70,255,255,255
220,4.400160977998894,12.624585044546423,-0.001227187919424267,-10.884030887518641,2.167355066285129,1.2114361761114893,-0.1999976634258579,-0.004040623682312727,0.3379915923615434,-4.778885201900396e-05,0.36043888812336156,70,255,255,255
221,4.4201273119979305,12.667925163504297,0.0231179683731821,-10.888030848057417,2.167005947893691,1.2172578146303183,-0.19999802693877902,-0.017455919571890632,0.2910819259414509,-1.8175646056800554e-05,0.36232298256047973,70,255,255,255
222,4.440130222999869,12.711253384161285,0.04756178461194363,-10.892030816424894,2.1664110328494197,1.2221908119380764,-0.19999841837385393,-0.029745752213561794,0.24664986538790212,-1.9571753744840326e-05,0.3640563494426285,70,255,255,255
223,4.460174323998217,12.754565236385584,0.0720874544843566,-10.896030806314283,2.1655926112149815,1.2262834936206488,-0.19999949446939966,-0.04092108172191855,0.20463408412861828,-5.3804777286836636e-05,0.36565104697420536,70,255,255,255
224,4.480151518997445,12.797856330343595,0.09667895488288082,-10.900030809152844,2.164554697900542,1.229575019926211,-0.20000014192804924,-0.051895665721974904,0.16457631527811145,-3.237293247948525e-05,0.36711816870325603,70,255,255,255
225,4.500137136998092,12.841145497387318,0.12140293194230373,-10.904030819175405,2.1644583521861156,1.2361988529711456,-0.20000050112813245,-0.0048172857213315545,0.3311916522467301,-1.7960004160183507e-05,0.36916587763147796,70,255,255,255
226,4.520119597000303,12.884427534336346,0.1462406545740651,-10.908030830322094,2.1641018474514104,1.2418861315880683,-0.20000055733444114,-0.017825236735252936,0.284363930846131,-2.8103154347536297e-06,0.37104976984544213,70,255,255,255
227,4.540107732998877,12.927697579772438,0.17117434173575885,-10.912030838711146,2.1635022718046373,1.2466843580846876,-0.20000041945261338,-0.029978782338659915,0.23991132483096989,6.894091387515955e-06,0.37278295068228917,70,255,255,255
228,4.560127875000035,12.970951185568078,0.19618717179473222,-10.916030850940038,2.1626802897819686,1.2506415029486688,-0.2000006114445896,-0.041099101133443394,0.19785724319905684,-9.599598811971255e-06,0.3743774770521885,70,255,255,255
229,4.580133635998209,13.014184150767612,0.221263185078197,-10.920030868602332,2.1616482599767166,1.2538006641732393,-0.20000088311470676,-0.0516014902626023,0.1579580612285274,-1.3583505857589495e-05,0.37584444131249584,70,255,255,255
230,4.600162831000489,13.057415051351512,0.24646614247345622,-10.924030898958804,2.1615450291950262,1.2601478697629613,-0.20000151782360812,-0.0051615390845083375,0.3173602794861028,-3.173544506704373e-05,0.37789232182557614,70,255,255,255
231,4.620159763999254,13.100638831941378,0.2717775393500239,-10.928030940217793,2.161189029493328,1.2655698438283849,-0.20000206294943784,-0.01779998508491598,0.27109870327117247,-2.725629148681019e-05,0.37977637189761004,70,255,255,255
232,4.640161286999501,13.14385076656151,0.2971798146088452,-10.932030992146494,2.160596731006582,1.2701137629410635,-0.20000259643500268,-0.02961492433731383,0.22719595563392736,-2.6674278241461957e-05,0.38150969796388123,70,255,255,255
233,4.660165425000741,13.187046440116303,0.32265631926084337,-10.936031055345797,2.1597836777396284,1.2738252325999109,-0.20000315996515733,-0.040652663347676476,0.18557348294236475,-2.8176507733151945e-05,0.3831043579448507,70,255,255,255
234,4.6801630849986395,13.230221707703983,0.34819127495322744,-10.940031128289547,2.1587633793839722,1.2767477846192044,-0.20000364718752478,-0.051014917782803426,0.1461276009646748,-2.4361118372367985e-05,0.38457144512734265,70,255,255,255
235,4.700173953999183,13.273394617094892,0.3738455449435808,-10.94403120592725,2.1586454695454913,1.282713499517667,-0.2000038818850941,-0.005895491924050145,0.29828574492313686,-1.173487846573007e-05,0.38661920392621424,70,255,255,255
236,4.720165380000253,13.316560205689017,0.3996009918237583,-10.948031285109366,2.1582794297062176,1.2877723440088737,-0.2000039591058103,-0.01830199196368465,0.2529422245603401,-3.8610358084611995e-06,0.3885031420211761,70,255,255,255
237,4.740124938998633,13.359713718381206,0.42544035661723156,-10.95203135267542,2.157675634609511,1.2919682396736618,-0.20000337830268816,-0.03018975483532138,0.20979478323940803,2.904015610596944e-05,0.39023636506854104,70,255,255,255
238,4.760110773000633,13.402850788774078,0.451347321136555,-10.95603140468115,2.1568535196435517,1.2953482259661733,-0.20000260028650116,-0.041105748297958655,0.16899931462556816,3.890080934987328e-05,0.39183093027211674,70,255,255,255
239,4.780152085997543,13.44596751629455,0.47730652156964326,-10.960031455197125,2.155836376023626,1.2979600216544123,-0.20000252579877742,-0.05085718099629366,0.13058978441194813,3.724386187647921e-06,0.3932979302594064,70,255,255,255
240,4.800162031999207,13.489081723693179,0.503376240577905,-10.964031515886306,2.15571036993142,1.303485950413084,-0.2000030344590827,-0.006300304610282748,0.2762964379335864,-2.54330152649751e-05,0.3953458035406433,70,255,255,255
241,4.820169393999095,13.532188603003835,0.5295388680755656,-10.96803158839704,2.1553439655328384,1.308131374883032,-0.2000036255366334,-0.018320219929081727,0.23227122349741003,-2.955387753414418e-05,0.39722984695938124,70,255,255,255
242,4.840133013000013,13.575283506485704,0.5557776347363886,-10.972031660262093,2.154745174093466,1.3119383330411525,-0.20000359325268716,-0.0299395719686113,0.1903479079060142,1.6141973120109565e-06,0.39896316690462014,70,255,255,255
243,4.860105720999854,13.61836211350854,0.5820766695323305,-10.976031722671785,2.1539303511418812,1.3149517397970911,-0.20000312048457075,-0.040741147579240966,0.15067033779693273,2.3638405820342046e-05,0.40055782125423994,70,255,255,255
244,4.880131114998221,13.661420557349446,0.608421038197055,-10.980031784219658,2.1529221920453034,1.3172184332362198,-0.20000307739373993,-0.050407954828899815,0.1133346719564381,2.1545415410662017e-06,0.4020249032558902,70,255,255,255
245,4.900128900000709,13.704476446891976,0.6348665640521836,-10.984031874196548,2.1527944771264775,1.3222762927564295,-0.2000044988445064,-0.006385745941304144,0.2528929760104901,-7.107253832444593e-05,0.4040731746039547,70,255,255,255
246,4.920115787997929,13.747525004012354,0.6613962059237484,-10.988031986556908,2.152427856018934,1.3264820935782382,-0.2000056180180312,-0.01833105537718316,0.21029004109043736,-5.595867624019757e-05,0.40595758424417405,70,255,255,255
247,4.94014278800023,13.790561877364526,0.6879938734215454,-10.992032128417955,2.151843667608581,1.3298833748898513,-0.20000709305235254,-0.02920942051765918,0.17006406558065912,-7.375171606577302e-05,0.4076912411131759,70,255,255,255
248,4.960169262998534,13.833582993697215,0.7146443319145313,-10.99603230625467,2.1510558166344036,1.3325229246492905,-0.20000889183570372,-0.039392548708859554,0.1319774879719613,-8.993916755975495e-05,0.4092862054326576,70,255,255,255
249,4.980170340997574,13.876584468095054,0.7413331365593304,-11.000032517968931,2.1500737198919087,1.3344402322399609,-0.20001058571310137,-0.04910483712475733,0.09586537953352603,-8.469386988213534e-05,0.41075357260658074,70,255,255,255
250,5.000114283997391,13.91958274266639,0.7681132050505084,-11.004032719380707,2.149913728566893,1.339003424558897,-0.20001007058879672,-0.007999566250793677,0.22815961594681555,2.5756215232153323e-05,0.4128010592971303,70,255,255,255
251,5.020076212000276,13.962573090331114,0.7949681536190113,-11.008032898602847,2.1495173832361325,1.3427474284251424,-0.2000089611070545,-0.01981726653801008,0.18720019331226934,5.547408711115143e-05,0.4146847470524359,70,255,255,255
252,5.040090882997902,14.005551249094546,0.8218825461054671,-11.012033061374696,2.1489079381716603,1.3457196243227894,-0.20000813859240751,-0.030472253223620793,0.14860979488234327,4.112573234846262e-05,0.41641773978731705,70,255,255,255
253,5.060133848997793,14.048513322727946,0.8488418226833411,-11.016033222171954,2.1481036816699643,1.3479638288937024,-0.20000803986288976,-0.04021282508479951,0.11221022854564566,4.936475888284164e-06,0.4180120931034077,70,255,255,255
254,5.0801002259977395,14.091455429427699,0.8758321027545759,-11.020033370096462,2.1471053349876894,1.3495140035617426,-0.2000073962253615,-0.04991733411373955,0.0775087334020148,3.218187641193526e-05,0.4194788981542111,70,255,255,255
255,5.100144364998414,14.134394113679235,0.9029361077604902,-11.024033509437183,2.146934212576819,1.3552002502957143,-0.2000069670360749,-0.008556120543514734,0.28431233669859,2.1459464330547684e-05,0.4215264742422415,70,255,255,255
256,5.120132747000753,14.177324841757052,0.9301362699094745,-11.028033636768441,2.1465364038908525,1.3600081074492196,-0.2000063665629252,-0.019890434298340587,0.24039285767526475,3.002365748480673e-05,0.42341024424322943,70,255,255,255
257,5.140095118000318,14.220243281453847,0.9574158791746344,-11.032033740565794,2.145921984839749,1.363980463257996,-0.20000518986765692,-0.03072095255518903,0.19861779043881622,5.88347634143116e-05,0.42514331264413835,70,255,255,255
258,5.160141370997735,14.263145648578558,0.9847592379152267,-11.03603383687616,2.1451183562355545,1.367167937029613,-0.20000481551827512,-0.040181430209717206,0.15937368858085765,1.87174690897407e-05,0.4267377355729745,70,255,255,255
259,5.180103096998209,14.306028141221312,1.0121513503971953,-11.04003391374698,2.1441246321377108,1.3696056240984287,-0.20000384354103456,-0.04968620489218312,0.12188435344078652,4.8598862028181866e-05,0.4282046046675038,70,255,255,255
260,5.2001003789991955,14.348906992204277,1.0396708866035396,-11.044033984560196,2.1439425491483313,1.375976810317212,-0.20000354066080842,-0.009104149468974754,0.31855931093916845,1.5144011307310912e-05,0.4302522370159179,70,255,255,255
261,5.220147330997861,14.391777964111867,1.0672995290398053,-11.048034064590603,2.143548595379464,1.3814321218132821,-0.20000400152031725,-0.019697688443375938,0.27276557480350005,-2.3042975441617264e-05,0.4321360587764589,70,255,255,255
262,5.240101893999963,14.434636790735157,1.0950197309510674,-11.05203413861728,2.1429413311644576,1.38601009556311,-0.20000370133385661,-0.030363210750316227,0.22889868749139297,1.5009323031639488e-05,0.43386917479615655,70,255,255,255
263,5.26014473900068,14.477479763772608,1.1228149987984453,-11.056034220592409,2.142148651872603,1.3897633923688932,-0.2000040987564609,-0.03963396459272284,0.18766484028915853,-1.987113021426068e-05,0.4354636415342784,70,255,255,255
264,5.2800964069974725,14.520303131020103,1.1506695568265428,-11.060034294441682,2.1411683623747506,1.3927279014048755,-0.2000036924636473,-0.049014474892624005,0.14822545179911506,2.0314640681085017e-05,0.43693055093335054,70,255,255,255
265,5.300120882999181,14.563122598844833,1.1786582529330802,-11.064034361238171,2.1409733912365287,1.3994348053268695,-0.2000033398244958,-0.009748556911088446,0.3353451960997045,1.7631957574870682e-05,0.4389782269034228,70,255,255,255
266,5.320116425999004,14.605933875801245,1.2067621704052611,-11.06803441987193,2.1405638478205935,1.4051958736090422,-0.20000293168797142,-0.020477170796760813,0.2880534141086353,2.0406826219565577e-05,0.44086208879588934,70,255,255,255
267,5.340103342998191,14.648732913432704,1.234963328548724,-11.07203446655235,2.1399518815729714,1.4100579071731423,-0.2000023340209247,-0.03059831238110622,0.24310167820500483,2.9883352335974278e-05,0.4425952417369585,70,255,255,255
268,5.3601797459996305,14.691516212128104,1.2632448216986305,-11.076034526370899,2.13916493476992,1.4140746574953216,-0.20000299092749035,-0.03934734015255925,0.20083751610896394,-3.284532828246034e-05,0.4441897424427422,70,255,255,255
269,5.380076642999484,14.734279933016092,1.2915903255424643,-11.080034565450623,2.1381860443993967,1.4172751921916924,-0.2000019539861757,-0.04894451852617632,0.16002673481853624,5.184706573202469e-05,0.4456566830920632,70,255,255,255
270,5.400182990000758,14.777039672929073,1.3200714114952705,-11.084034613514762,2.1379869956490114,1.424054297640314,-0.2000024032069529,-0.009952437519265889,0.3389552724310838,-2.246103885925055e-05,0.4477047140143965,70,255,255,255
271,5.4201636249999865,14.819791193173682,1.3486689027616532,-11.088034663750548,2.1375760122304874,1.429874563319129,-0.20000251178934003,-0.02054917092620423,0.2910132839407442,-5.4291193564426354e-06,0.44958890246294314,70,255,255,255
272,5.440124954999192,14.862530460753629,1.3773645535451116,-11.092034703572907,2.136963378997379,1.434782539172919,-0.20000199111790828,-0.03063166165542741,0.2453987926894987,2.6033571587397164e-05,0.45132235583560604,70,255,255,255
273,5.460149997998087,14.905253908138262,1.4061411658420169,-11.096034741556686,2.1361723692316845,1.438830614845265,-0.20000189918895603,-0.03955048828472485,0.2024037836173047,4.596447613219867e-06,0.4529171329384559,70,255,255,255
274,5.480181737999374,14.947958228591489,1.4349824555634028,-11.100034787908227,2.135216022661367,1.442064486069297,-0.20000231757705922,-0.047817328515882274,0.1616935612016015,-2.0919405159969262e-05,0.4543843278730778,70,255,255,255
275,5.5001667289980105,14.990658192548956,1.463956485716956,-11.104034831759462,2.1349981978733656,1.4487015076776661,-0.20000219256177415,-0.010891239400064201,0.3318510804184529,6.250764252979657e-06,0.4564320456400007,70,255,255,255
276,5.520166212998447,15.033349739806878,1.4930441336391418,-11.108034873025128,2.134577362896117,1.4543823961092839,-0.20000206328331435,-0.021041748862438592,0.28404442158088594,6.463922990362914e-06,0.45831594598556985,70,255,255,255
277,5.540141899000446,15.076028991086822,1.5222272003519985,-11.112034904013855,2.133962563997189,1.4591533356428374,-0.20000154943634085,-0.030739944946390096,0.23854697667767977,2.569234867447201e-05,0.4600491343034934,70,255,255,255
278,5.560127819000627,15.118692352289418,1.551488444158587,-11.116034920787078,2.1331680601298304,1.4630621903294223,-0.2000008386610905,-0.0397251933679339,0.19544273432924797,3.5538762518050326e-05,0.46164366755598313,70,255,255,255
279,5.58012587399935,15.16133650921738,1.5808115541387104,-11.120034923548488,2.132207846398101,1.4661554990061723,-0.20000013807047687,-0.048010686586457574,0.15466543383750175,3.5029530682267884e-05,0.46311063814827363,70,255,255,255
280,5.600128039997799,15.203976198051974,1.610261832612943,-11.124034937411494,2.1319844417297125,1.472513923711629,-0.20000069315031924,-0.01117023341943657,0.317921235272834,-2.775399211807361e-05,0.4651586272168481,70,255,255,255
281,5.620117687998572,15.24660743025027,1.6398203518175007,-11.128034958375181,2.131561609914783,1.4779259602278938,-0.20000104818434297,-0.021141590746457162,0.27060182581323944,-1.7751701186174973e-05,0.46704277715993653,70,255,255,255
282,5.640083540998603,15.289226393968528,1.6694691038270195,-11.132034975052926,2.130948185912891,1.4824376004759399,-0.2000008338872308,-0.03067120009460922,0.22558201240230225,1.0714855608051632e-05,0.46877619510757795,70,255,255,255
283,5.660132799999701,15.331829792602404,1.699191166288323,-11.136035003438082,2.1301699316938274,1.4861031230651738,-0.20000141925774334,-0.03891271095318016,0.18327612946169336,-2.926852562706861e-05,0.470370939619408,70,255,255,255
284,5.6801235120001365,15.37441436489755,1.7289704099725463,-11.140035039810625,2.129228614757267,1.4889621842111653,-0.20000181862721958,-0.047065846828009406,0.14295305729957186,-1.9968473811665666e-05,0.47183810457029174,70,255,255,255
285,5.7001679919994785,15.416994170693979,1.758869109786099,-11.144035083170719,2.128990289821429,1.4949349906776337,-0.20000216800470602,-0.011916246791920937,0.29864032332341295,-1.7468874322495997e-05,0.4738859863265046,70,255,255,255
286,5.720156737999787,15.45956533227954,1.788868721218162,-11.148035129428454,2.128558079278076,1.4999805716031502,-0.20000231288674075,-0.021610527167654325,0.252279046275826,-7.244101736275654e-06,0.4757700375422204,70,255,255,255
287,5.740129309997428,15.502124166678742,1.8189516214675399,-11.152035169558998,2.127941719960102,1.5041450124688935,-0.20000200652719682,-0.030817965898710664,0.20822204328716998,1.5317977196172006e-05,0.47750336466067894,70,255,255,255
288,5.7601199669989,15.544667289490132,1.8491011448272279,-11.156035200876014,2.1271561405695056,1.5074761679844018,-0.20000156585080558,-0.03927896952982124,0.16655777577541597,2.2033819562033985e-05,0.4790980256096608,70,255,255,255
289,5.780129005997878,15.587191603337278,1.8793015524656278,-11.160035226750686,2.1262156923572704,1.510020381919993,-0.2000012937336202,-0.04702241061176515,0.12721069677956676,1.360585927012714e-05,0.4805651136827241,70,255,255,255
290,5.800133888998971,15.629710966546025,1.9096125407664455,-11.164035266448318,2.125968160437382,1.5155494150408813,-0.20000198488154017,-0.012376595994432193,0.27645165604440947,-3.4557395999612606e-05,0.48261310831998067,70,255,255,255
291,5.82011139899987,15.672221573205547,1.9400160570003675,-11.168035311879214,2.1255303329761306,1.5201758116961044,-0.20000227154478883,-0.021891373062561392,0.23131983276115564,-1.4333162433405322e-05,0.4844972633862567,70,255,255,255
292,5.840086682997935,15.714719852646937,1.9704949794255255,-11.172035354717568,2.124913972069483,1.5239461212579064,-0.20000214191774,-0.030818045332380528,0.18851547809010527,6.481352441745081e-06,0.4862306860472307,70,255,255,255
293,5.860085241998604,15.757202542644977,2.001033136154732,-11.176035394589274,2.12413449990203,1.526907836460321,-0.20000199358525642,-0.03897360837264241,0.14808576012072727,7.416624178552267e-06,0.48782543489532676,70,255,255,255
294,5.8800849489998654,15.799666605324678,2.0316152329699153,-11.180035431514774,2.1232031339849833,1.52910484075916,-0.2000018462750056,-0.046568295852355224,0.10985021494195468,7.365512540685737e-06,0.48929260383557516,70,255,255,255
295,5.90010915899984,15.84212515855784,2.0622980978367975,-11.1840354534092,2.122927661658076,1.5341432433441213,-0.20000109472129166,-0.013773616345364559,0.25192012924806106,3.757768569748188e-05,0.49133992307717517,70,255,255,255
296,5.9201198749979085,15.884574633517277,2.093064373198262,-11.188035464568504,2.122473747971821,1.5383137680732395,-0.20000055796521563,-0.022695684312740827,0.20852623645591106,2.6837803802026716e-05,0.4932234567794472,70,255,255,255
297,5.940098186998512,15.927011586337878,2.1238975483136593,-11.19203545867878,2.121847641030083,1.5416587557698518,-0.19999970551376944,-0.03130534708689714,0.16724938483061735,4.262257230941424e-05,0.49495630778553745,70,255,255,255
298,5.960083779998968,15.969432823121064,2.1547820097940185,-11.196035432162152,2.121061839159274,1.5442230740179528,-0.19999867416859532,-0.03929009354044055,0.12821591240504815,5.1567258705836894e-05,0.49655053071114047,70,255,255,255
299,5.980128442999558,16.011835555771828,2.1857031105222755,-11.20003540059082,2.1201366325381534,1.5460550364128531,-0.19999842143347135,-0.04626033105603833,0.09159811974502086,1.2636756198447507e-05,0.49801721580269526,70,255,255,255
300,6.000135154998134,16.054232592118467,2.2167153145344125,-11.204035360326904,2.119851817331891,1.550610200606856,-0.19999798680416891,-0.014240760313100953,0.22775820970014182,2.1731465122298843e-05,0.5000647453304936,70,255,255,255
301,6.020135615999607,16.096620440156276,2.247801937913203,-11.208035312103899,2.1193924018905097,1.5543311689395303,-0.19999758884976157,-0.022970772069085488,0.18604841663370508,1.98977203668127e-05,0.5019484724960681,70,255,255,255
302,6.040113474999089,16.138995759775725,2.2789471353085826,-11.212035249391388,2.1187659809725035,1.5572598697689861,-0.19999686437445074,-0.03132104590031837,0.14643504147279662,3.622376554171525e-05,0.5036815014883966,70,255,255,255
303,6.06011958399904,16.181355521719325,2.310135972614366,-11.21603517511396,2.117988097180014,1.5594418652891862,-0.1999962861286587,-0.038894189624488984,0.10909977601000764,2.8912289602445185e-05,0.5052758881613388,70,255,255,255
304,6.080114332999074,16.223696867025318,2.34135432013516,-11.220035088404037,2.1170672652995908,1.5609173760397028,-0.1999956645038089,-0.046041594021151155,0.0737755375258331,3.1081242489766625e-05,0.5067427239004457,70,255,255,255
305,6.100119700997311,16.266032402682203,2.3726862669635636,-11.224035006371903,2.1167767828442123,1.5665973414201741,-0.199995898393235,-0.01452412276893078,0.28399826902356096,-1.1694471305667697e-05,0.5087905531039206,70,255,255,255
306,6.120111435997387,16.308358713963877,2.404113891004788,-11.22803492622334,2.1163155640836178,1.5713812020612081,-0.19999599257186754,-0.023060938029729527,0.2391930320517035,-4.708931627239732e-06,0.5106745559711175,70,255,255,255
307,6.140146966998145,16.350672745934002,2.43562027789842,-11.232034859343495,2.1157015985062464,1.5753193446816014,-0.19999665600767913,-0.030698278868575013,0.1969071310196684,-3.317179057985009e-05,0.5124078386089387,70,255,255,255
308,6.160123129000567,16.39297145661853,2.467189286233521,-11.23603479741509,2.1149355342262948,1.578450416755067,-0.19999690357976846,-0.03830321399758718,0.15655360367328242,-1.2378604467011556e-05,0.5140024586357341,70,255,255,255
309,6.180114945000241,16.435252061168697,2.4988056734469763,-11.240034737621247,2.114030227508326,1.580819360672766,-0.1999970103077996,-0.045265335898446946,0.11844719588495267,-5.336401556477188e-06,0.5154695090603859,70,255,255,255
310,6.200172368000494,16.47752652974891,2.530549216399645,-11.24403467539516,2.1137234290106823,1.5871771476334282,-0.19999688869560184,-0.015339924882179279,0.31788934803310376,6.0806098872712155e-06,0.5175171950234542,70,255,255,255
311,6.220082752999588,16.519791304599636,2.562400999269053,-11.248034582305523,2.113238742536335,1.5925891434703991,-0.19999534551820847,-0.0242343237173559,0.2705997918485463,7.715886966797036e-05,0.519401066109477,70,255,255,255
312,6.240097417998186,16.56204339063288,2.5943432748948956,-11.252034465045895,2.1126043016621665,1.5971137812921197,-0.1999941370186072,-0.03172204370842957,0.22623189108602215,6.042498006392227e-05,0.521134227508618,70,255,255,255
313,6.260078855997563,16.604279886441635,2.626359150234062,-11.25603431931425,2.111824790437689,1.60079376695833,-0.19999271341774227,-0.03897556122388579,0.1839992833105233,7.118004324574434e-05,0.5227287359958278,70,255,255,255
314,6.280068365998886,16.646498115478078,2.65843264408174,-11.260034143695279,2.1109114518221914,1.603674692383891,-0.1999912190514821,-0.045666930774883596,0.14404627127804148,7.471831300864817e-05,0.5241956838040608,70,255,255,255
315,6.300100659998861,16.688709986926945,2.6906399617279657,-11.264033968772013,2.110593572443269,1.6103658823112919,-0.19999125383673785,-0.015893968946120385,0.3345594963700511,-1.7392627884582623e-06,0.5262433033830324,70,255,255,255
316,6.320114801997988,16.730912388503565,2.722961891443266,-11.268033799308029,2.110120078831033,1.616096485765012,-0.19999152680072552,-0.023674680611805332,0.28653017268600744,-1.3648199383847759e-05,0.5281271133956862,70,255,255,255
317,6.340166210000461,16.77310252906336,2.755380265952557,-11.27203365169747,2.109507027989797,1.6209187254645379,-0.1999926194720323,-0.03065254206179402,0.24111198497629283,-5.4633565339301526e-05,0.5298602186073277,70,255,255,255
318,6.360205308999866,16.815277765159244,2.7878778288900876,-11.276033537376987,2.108761804794156,1.6248781468765274,-0.1999942839758959,-0.03726115978203293,0.19797107059948016,-8.322519317829902e-05,0.5314546754020378,70,255,255,255
319,6.380101812999783,16.857435179494097,2.8204379450926615,-11.280033421413371,2.10787071674257,1.6280058101286947,-0.19999420181916489,-0.044554402579308316,0.15638316260836405,4.107836549499533e-06,0.5329215756531712,70,255,255,255
320,6.4001354110005195,16.899586103870195,2.853133263557371,-11.28403331728915,2.1075462188049903,1.634765923235484,-0.19999479378891807,-0.01622489687897355,0.33800565533946925,-2.9598487659876493e-05,0.5349695515788927,70,255,255,255
321,6.420169539000199,16.941727595415667,2.8859443907021967,-11.28803323538152,2.107074577273526,1.6405563572412742,-0.1999959046184186,-0.023582076573195998,0.28952170028951163,-5.5541475025427944e-05,0.5368536894305564,70,255,255,255
322,6.440130094997585,16.983856667493065,2.9188527605863968,-11.292033161866453,2.106453603869894,1.6454184942100134,-0.19999632424671784,-0.0310486701816024,0.24310684843695962,-2.0981414962373268e-05,0.5385870962540871,70,255,255,255
323,6.460118155999226,17.025970620550357,2.951840821969146,-11.296033092537543,2.105697652864551,1.6494030691374642,-0.1999965335545507,-0.037797550267170354,0.19922874637254062,-1.0465391641706345e-05,0.5401818305317353,70,255,255,255
324,6.480102927998814,17.068066930674256,2.9848919424416023,-11.300033022381587,2.1048155061948792,1.6525560236228132,-0.19999649220221974,-0.044107333483600186,0.15764772426745166,2.067616547335449e-06,0.5416489860671717,70,255,255,255
325,6.500080598998466,17.110156348242338,3.0180753423485855,-11.304032949373259,2.1044708784040993,1.659169995349161,-0.19999634958354096,-0.017231389538998165,0.3306985863173937,7.130933938753747e-06,0.5436966263691525,70,255,255,255
326,6.520138015999692,17.15223612747425,3.0513717118296455,-11.308032892173951,2.103988961595516,1.664818474052987,-0.19999714003466876,-0.024095840429179116,0.2824239351913007,-3.952255639039226e-05,0.5455804554469748,70,255,255,255
327,6.540117443000781,17.194303453189793,3.0847625566418695,-11.312032843343285,2.1033662857770685,1.6695422406112062,-0.19999755846669096,-0.031133790922358795,0.23618832791095556,-2.092160110991892e-05,0.5473135781985713,70,255,255,255
328,6.560107402998256,17.236355732750795,3.1182303629455053,-11.31603279924447,2.1026139780500808,1.6733903151817926,-0.19999779505920465,-0.03761538634939443,0.19240372852931942,-1.1829625684550704e-05,0.54890805113004,70,255,255,255
329,6.580139908997808,17.27839068929843,3.151758633090431,-11.32003277006607,2.1017478273817605,1.6764135072462827,-0.1999985410800656,-0.043307533416022004,0.1511596032244995,-3.730104304797144e-05,0.5503749662269913,70,255,255,255
330,6.600074347999907,17.32041869719543,3.1854136419151504,-11.32403275643251,2.1014003948499873,1.6827504412359806,-0.19999931832195342,-0.017371626588664757,0.3168466994848973,-3.886209439168953e-05,0.5524231060138965,70,255,255,255
331,6.620075471997552,17.362436932144988,3.219176180783239,-11.32803275779259,2.1009117474779835,1.688126943404432,-0.20000006800397518,-0.024432368600182386,0.26882510842256346,-3.74841010888638e-05,0.5543073946178493,70,255,255,255
332,6.640122008997423,17.404442900266435,3.253028117443656,-11.332032788136356,2.100298406072315,1.6925968330208534,-0.2000015171882672,-0.030667070283438846,0.22349448082107504,-7.245921460052873e-05,0.5560409401334858,70,255,255,255
333,6.660156689998985,17.446434238999665,3.286952239503302,-11.336032856774157,2.09956693666152,1.6962061029823003,-0.20000343189002537,-0.03657347053972959,0.18046349807234896,-9.573508790916563e-05,0.5576358020078714,70,255,255,255
334,6.68013975500071,17.488408585774003,3.320932142799615,-11.34003295587933,2.098717338716991,1.6989951648156334,-0.20000495525868156,-0.042479897226464836,0.13945309166665498,-7.616843280991437e-05,0.5591030749323062,70,255,255,255
335,6.700120924997464,17.530375535893494,3.355030902927992,-11.344033051127026,2.0983475059744983,1.704938006418857,-0.20000476238479065,-0.018491637124629534,0.29714208016118193,9.643694546257464e-06,0.5611508488396321,70,255,255,255
336,6.720096073997411,17.572332306514035,3.3892296582767627,-11.348033134643977,2.0978385310269876,1.7099377674385365,-0.20000417584751673,-0.02544874737553826,0.24998805098397292,2.9326863696443883e-05,0.563034800834372,70,255,255,255
337,6.740137060998677,17.614276508730974,3.423510660098888,-11.35203322011624,2.097210110846887,1.7140500911062506,-0.2000042736131434,-0.03142100900503797,0.20561618338570464,-4.888281333825795e-06,0.5647680366695326,70,255,255,255
338,6.76016064400028,17.656205861390585,3.4578570556626635,-11.356033314836301,2.0964676329804934,1.7173197781887821,-0.20000473600307705,-0.03712389331967092,0.16348435412657802,-2.311949668196145e-05,0.5663626136378804,70,255,255,255
339,6.780269634000433,17.698118517270053,3.4922530818875885,-11.360033452974541,2.0956327939733392,1.7198013112462476,-0.20000690691201226,-0.041741950357709,0.12407665287327818,-0.00010854544675958921,0.5678296244487604,70,255,255,255
340,6.800120768999477,17.740023485439238,3.526758973244303,-11.364033582904847,2.095248408459219,1.725294567835716,-0.2000064965152899,-0.019219275706013672,0.2746628294734317,2.0519836117310897e-05,0.5698773796293884,70,255,255,255
341,6.820115954000357,17.781918163803688,3.5613564389931347,-11.368033703371006,2.094733918222552,1.729873287441589,-0.20000602330796047,-0.025724511833350228,0.22893598029364748,2.3660366471833782e-05,0.5717613143955663,70,255,255,255
342,6.840115694998531,17.8238001374375,3.5960281492338595,-11.372033814665242,2.0940986816906366,1.7335855120362293,-0.20000556471174882,-0.03176182659576199,0.18561122973201472,2.292981058193977e-05,0.57349453438045,70,255,255,255
343,6.860115840998333,17.8656671579339,3.630757695950384,-11.376033917206517,2.0933510248198997,1.7364773358262222,-0.2000051270637679,-0.03738284353685417,0.144591189499647,2.1882399044964584e-05,0.5750890967665429,70,255,255,255
344,6.880136438998306,17.907517201161934,3.6655296075738684,-11.380034017947304,2.0925021614016908,1.738595581174218,-0.20000503703936343,-0.04244317091044314,0.1059122673997841,4.501220224467639e-06,0.5765560941617484,70,255,255,255
345,6.900137758999335,17.949359421424116,3.7004018730061197,-11.38403412123957,2.0921110131092076,1.743613271612558,-0.20000516461320977,-0.01955741462416949,0.25088452191700683,-6.378692317871026e-06,0.578604068968196,70,255,255,255
346,6.920144611998694,17.99119136247558,3.735356851786267,-11.388034228957913,2.0915970525731957,1.7477489390073822,-0.20000538591723385,-0.025698026800581086,0.2067833697412058,-1.1065201204474295e-05,0.5804882057901279,70,255,255,255
347,6.940128790000017,18.033010659332888,3.7703777794719118,-11.392034335601386,2.0909648428654393,1.7510463842822321,-0.2000053321735702,-0.031610485387812304,0.16487226374250064,2.6871831826091874e-06,0.5822216116663053,70,255,255,255
348,6.960151405997749,18.074815232143912,3.8054488768424677,-11.396034448300966,2.0902286405512007,1.7535548685277973,-0.20000563497901225,-0.03681011571192272,0.12542421227825717,-1.5140272103364438e-05,0.5838163450723884,70,255,255,255
349,6.9801288259986904,18.116603004778934,3.8405551313634794,-11.40003455928737,2.0893886317510852,1.755312726050573,-0.20000554932017645,-0.04200044000577252,0.08789287613878405,4.282941789890415e-06,0.5852834998059849,70,255,255,255
350,7.000117316998512,18.15838259988059,3.8757519030089767,-11.404034662277809,2.088979755082718,1.7598385822748588,-0.20000514952193024,-0.020443833418363422,0.22629281121428524,1.998991231078051e-05,0.5873312160600198,70,255,255,255
351,7.020114715000091,18.20015165242232,3.9110222411674025,-11.408034756754617,2.0884526270865726,1.7635169079212836,-0.2000047238403689,-0.026356399807254238,0.1839162823212399,2.1284078066258205e-05,0.5892151150137319,70,255,255,255
352,7.04296030399928,18.241917070358454,3.9463564746589896,-11.412035753665927,2.088270896806728,1.7667116745793627,-0.20004984556554362,-0.009086513992230483,0.15973833290395967,-0.0022560862587350516,0.590948302051147,70,255,255,255
353,7.060132365000754,18.283667197691834,3.981732701333377,-11.416036692330135,2.0875063666690195,1.7688113337193667,-0.20004693321032666,-0.03822650688543483,0.1049829570002001,0.00014561776084820455,0.592542834125569,70,255,255,255
354,7.0801245650000055,18.32540012669489,4.017136583243657,-11.4200375722442,2.086646450152783,1.770194095513971,-0.2000439957032742,-0.04299582581181882,0.06913808973021607,0.0001468753526225608,0.5940098036340371,70,255,255,255
355,7.102743827999802,18.367124146506068,4.052652998595802,-11.42403839534159,2.086200990558873,1.775820767607231,-0.2000411548695219,-0.022272979695511008,0.2813336046630033,0.00014204168761461355,0.5960575938759467,70,255,255,255
356,7.120104497000284,18.408828587385983,4.088257813532531,-11.428038319128431,2.0852220439957803,1.7802407468364383,-0.19999618934201122,-0.048947328154635095,0.22099896146036402,0.0022482763755337087,0.5979415608985035,70,255,255,255
357,7.140083138998307,18.450511828619497,4.123934148970166,-11.432037390850734,2.0841620616757637,1.7838167718817872,-0.19995358611517217,-0.05299911600083451,0.17880125226744803,0.002130161341952125,0.5996748105592558,70,255,255,255
358,7.16011708500082,18.49217255762663,4.159666149791051,-11.436035673980339,2.083036450356669,1.7866000410442575,-0.19991415648019945,-0.05628056595473341,0.13916345812351283,0.001971481748636539,0.6012694002471478,70,255,255,255
359,7.18013556599908,18.53380952711375,4.195438787982617,-11.440033224493718,2.081848474355871,1.788631909578304,-0.199877525668929,-0.05939880003990439,0.10159342670233218,0.0018315405635220272,0.6027364227600085,70,255,255,255
360,7.200136453000596,18.575439443790202,4.2313390507630615,-11.444030928082702,2.081495833822696,1.7950131390221968,-0.19988517944926362,-0.01763202665874708,0.31906147219463543,-0.0003826890167308583,0.6047842843714468,70,255,255,255
361,7.220114203999401,18.617060051761147,4.267347870158897,-11.448028772117334,2.0810303985472043,1.8004409697917523,-0.1998922017316403,-0.02327176377459006,0.27139153847776654,-0.00035111411883345656,0.6066683170539702,70,255,255,255
362,7.240124370997364,18.65866934911055,4.303447223272844,-11.45202675487386,2.0804648674702406,1.8049676556973597,-0.19989913782627114,-0.028276553848188613,0.22633429528037552,-0.00034680473154274916,0.6084016271218916,70,255,255,255
363,7.260132432998944,18.700265465398353,4.339620018877476,-11.456024873836395,2.079805814390195,1.8086397802315863,-0.1999059481267274,-0.03295265400227265,0.1836062267113281,-0.0003405150228136533,0.6099962723843794,70,255,255,255
364,7.280390610998438,18.74184746387179,4.375850649993107,-11.460023206459198,2.0790999236718473,1.8115315557815836,-0.19991663114014538,-0.03529453591739218,0.14458877749986354,-0.0005341506708985144,0.611463346025868,70,255,255,255
365,7.3001292329972785,18.78342200686594,4.412215462489659,-11.464021675781817,2.078727149707507,1.8182406248275993,-0.19992346613098627,-0.018638698217002148,0.3354534523007795,-0.0003417495420452721,0.6135115022959903,70,255,255,255
366,7.320146066998859,18.824987076309576,4.448694982585502,-11.468020281438228,2.078253472181748,1.8239760047921412,-0.19993028282059241,-0.02368387628794233,0.28676899822709156,-0.0003408344803076946,0.6153958060645027,70,255,255,255
367,7.340125082999293,18.866540669355818,4.485270633048104,-11.472019010764475,2.0776796523121135,1.8287825231300956,-0.1999364663123163,-0.02869099348173343,0.24032591689772143,-0.0003091745861937001,0.6171293655315342,70,255,255,255
368,7.360164114998042,18.908081113742032,4.5219249376720985,-11.476017870863684,2.0770222193107575,1.832715231199742,-0.199943004960417,-0.032871650067804126,0.19663540348231479,-0.00032693240503609,0.6187242402412031,70,255,255,255
369,7.3800901399990835,18.949606496956807,4.558641078985099,-11.480016832041319,2.076269160738752,1.8358070656500096,-0.19994805888171155,-0.0376529286002647,0.15459172251338238,-0.0002526960647269427,0.6201915249740985,70,255,255,255
370,7.40007323899772,18.991123725246926,4.5954922538663165,-11.484015884761028,2.0758614145058565,1.8425587440608864,-0.1999526359854816,-0.020387311644784134,0.33758392054384245,-0.00022885518850249142,0.6222391737072623,70,255,255,255
371,7.420079710998834,19.032630881053002,4.63245877487079,-11.488015027116978,2.0753577903039035,1.8483260502237129,-0.19995711779746644,-0.025181210097656948,0.288365308141326,-0.00022409059924163865,0.6241230105417731,70,255,255,255
372,7.4400792729975365,19.07412615587319,4.669521934883187,-11.492014254963063,2.0747637410093738,1.8531580006198283,-0.19996139230423557,-0.029702464726487854,0.24159751980577027,-0.00021372533845626096,0.625856140429523,70,255,255,255
373,7.460115919999225,19.115607987397336,4.706664082412049,-11.496013576132363,2.074091576207171,1.85710737644306,-0.19996605846493873,-0.033608240110144294,0.1974687911615851,-0.00023330803515828058,0.6274506199262528,70,255,255,255
374,7.48009843699765,19.157074755347153,4.743868370492491,-11.50001298051705,2.0733383974909168,1.8602144040221236,-0.19997021923443042,-0.037658935812713956,0.15535137895318596,-0.00020803847458536473,0.6289175410632444,70,255,255,255
375,7.5001380989997415,19.19853283883342,4.781204653569732,-11.50401244774599,2.0729041743132415,1.8668141538620833,-0.1999733614469836,-0.021711158883753523,0.32998749199798616,-0.00015711062765971784,0.6309650598337888,70,255,255,255
376,7.520100591998926,19.23998030596796,4.818653184829968,-11.50801196289872,2.072373356727195,1.8724265630117432,-0.19997575763645536,-0.02654087930231608,0.280620457482998,-0.0001198094735877786,0.6328487771026897,70,255,255,255
377,7.54012417299964,19.281415553243676,4.8561953692852535,-11.512011531421487,2.0717623637856626,1.8771092227642985,-0.19997842613835187,-0.03054964707663199,0.23413298762777024,-0.0001334250948252791,0.6345817969900786,70,255,255,255
378,7.560070382998674,19.322836845328442,4.893813392107704,-11.516011133589654,2.07106460423841,1.8809011411225585,-0.1999801084082977,-0.03488797736261873,0.18959591791299824,-8.411349729103845e-05,0.6361761752864763,70,255,255,255
379,7.5800925830008055,19.364242816506394,4.931490568397366,-11.520010775125026,2.0702985588975524,1.8838588144830848,-0.19998207676862764,-0.03830226704287831,0.14788366802631647,-9.841801649765336e-05,0.6376430033191622,70,255,255,255
380,7.600068656000076,19.405639773607703,4.969293951827954,-11.524010470411916,2.0698478550653974,1.8901691715293873,-0.19998476434449058,-0.02253519160774342,0.3155178523151301,-0.00013437879314712187,0.6396906518841675,70,255,255,255
381,7.620107515998825,19.4470261466976,5.007204220056639,-11.528010229147974,2.0693186544948667,1.8955134114342993,-0.1999879368028305,-0.02646002852652174,0.2672119952456016,-0.0001586229169959208,0.6415744885639724,70,255,255,255
382,7.6400766629994905,19.48840025389023,5.045202869520027,-11.53201003803931,2.068705359631483,1.899932473169406,-0.19999044456679613,-0.030664743169189546,0.22095308675533998,-0.00012538819828183945,0.6433076183093929,70,255,255,255
383,7.660515644998668,19.529762037310316,5.083273508120516,-11.536010034856622,2.06808917100436,1.903531930024401,-0.1999998408656037,-0.030809431356142003,0.17997284274973957,-0.00046981494037975913,0.6449020976751797,70,255,255,255
384,7.680129341999418,19.571108821361143,5.121398604969784,-11.540010084712485,2.067339202541378,1.9062548424634,-0.20000249279311,-0.03749842314911822,0.13614562194995528,-0.00013259637531468083,0.6463690186917036,70,255,255,255
385,7.700144230999285,19.61244635496784,5.159642241916942,-11.544010188050414,2.0668766803348744,1.912181847357908,-0.20000516689649442,-0.023126110325170757,0.2963502447253943,-0.00013370516922039943,0.6484172222395526,70,255,255,255
386,7.720111914997688,19.65377294969208,5.197985318560207,-11.548010331155027,2.0663297362119697,1.9171538321632138,-0.20000715523061577,-0.02734720614523045,0.24859924026528502,-9.941670606697373e-05,0.6503015695035735,70,255,255,255
387,7.740104094998969,19.695087114291255,5.236409781778316,-11.552010508908953,2.0657082299587053,1.9212231609054673,-0.20000888769634145,-0.03107531266322061,0.20346643711267132,-8.662328628386562e-05,0.6520351689864728,70,255,255,255
388,7.7600795939979434,19.736387413506307,5.2748984903155645,-11.55601071110851,2.0650149607525385,1.9244354268624202,-0.20001010997779303,-0.03466346030833378,0.16061329784764267,-6.11140725794157e-05,0.6536300805107402,70,255,255,255
389,7.780171169000823,19.777672891821545,5.31343551461878,-11.560010965267438,2.0642739157619983,1.9268512151607484,-0.20001270794643905,-0.03705224952700448,0.12078941491641126,-0.00012989843230085119,0.6550973991130662,70,255,255,255
390,7.8001120109984186,19.8189485258001,5.352081775149278,-11.564011237890323,2.063781698927711,1.9323130265249253,-0.20001363114424528,-0.024610841714368004,0.27309056820884203,-4.6159890310926155e-05,0.6571449981205782,70,255,255,255
391,7.820114278998517,19.860212872345404,5.390818810402777,-11.568011528158891,2.063217327265212,1.9368517626749564,-0.20001451342835383,-0.02821858312493397,0.22693680750155054,-4.4114205427131514e-05,0.6590287892074893,70,255,255,255
392,7.840110679997451,19.901464574232175,5.429629106681358,-11.572011833398289,2.0625850943386683,1.9405148139290687,-0.2000152619699134,-0.031611646327180054,0.18315256270560853,-3.7427077979018675e-05,0.6607618770074475,70,255,255,255
393,7.860167775997979,19.942702570124112,5.468496235389174,-11.576012170492605,2.0618997945968602,1.9433564353907644,-0.20001685471583605,-0.034264987090411925,0.1420810730847839,-7.963729613305603e-05,0.6623563177834091,70,255,255,255
394,7.880102333998366,19.98392549217308,5.50740435685311,-11.580012516049754,2.0611461024482676,1.9454060731967802,-0.20001727785746415,-0.037684607429642636,0.10248189030078203,-2.11570814055706e-05,0.6638232032972937,70,255,255,255
395,7.90017857699786,20.025138202645266,5.546411988669124,-11.584012867134195,2.060635523609335,1.950381590800741,-0.20001755422200979,-0.02552894194661981,0.2487758801980433,-1.3818227281192641e-05,0.6658707612091183,70,255,255,255
396,7.920101035000698,20.066339125764134,5.585501112901158,-11.588013198039114,2.0600461559434176,1.9544562116016844,-0.20001654524597276,-0.029468383295863987,0.2037310400471677,5.044880185062217e-05,0.6677545144879968,70,255,255,255
397,7.9400967250003305,20.107527033501892,5.624654847435325,-11.592013508066636,2.059395386887887,1.9576867267083866,-0.20001550137609855,-0.03253845277652667,0.16152575533511748,5.21934937098012e-05,0.6694875675045651,70,255,255,255
398,7.96007402900068,20.148700733501826,5.663857173227434,-11.59601379071064,2.0586849999967236,1.9601162896054714,-0.20001413220022068,-0.03551934455817163,0.1214781448542368,6.845879389352771e-05,0.6710819762798078,70,255,255,255
399,7.980069039000227,20.189859184340204,5.703092999391518,-11.600014045565107,2.057922541918963,1.961791308204156,-0.20001274272336797,-0.038122903888037296,0.08375092993423294,6.947384263544798e-05,0.6725488323530312,70,255,255,255
400,8.000113145997602,20.231007168554505,5.7424185543269575,-11.604014304113322,2.0573992107151384,1.9662777467719648,-0.20001292741075075,-0.026166560191222654,0.2243219283904374,-9.234369139438092e-06,0.6745963663001107,70,255,255,255
401,8.020097533000808,20.272143427405844,5.781816694278814,-11.608014560723824,2.0568129425669124,1.969906997592836,-0.2000128305250847,-0.0293134074113115,0.1814625410435602,4.844283302801733e-06,0.6764800975314238,70,255,255,255
402,8.040110624999215,20.31326688829623,5.821271261467397,-11.612014819291737,2.056173044519218,1.9727283594291607,-0.200012928395693,-0.03199490238472613,0.14106809181623325,-4.893530416244518e-06,0.6782131302642319,70,255,255,255
403,8.060193194000021,20.354376785786695,5.860767155160225,-11.616015105707989,2.055494874523283,1.9747946846413993,-0.20001432081264456,-0.03390849979673938,0.10331626061193155,-6.962084757716758e-05,0.6798075203784153,70,255,255,255
404,8.080067995997524,20.395471757211645,5.900289582654216,-11.620015377780053,2.0547485712474676,1.9761213746995552,-0.20001360360323897,-0.037315163790771155,0.06633450290779308,3.586047027917538e-05,0.681274359283464,70,255,255,255
405,8.100083907000226,20.436556342002905,5.939924442220808,-11.624015684544785,2.054229239562965,1.981742978329584,-0.20001533823659765,-0.02596658422514464,0.28108018150143543,-8.673166793307652e-05,0.6833227281092759,70,255,255,255
406,8.12013320099868,20.477629585763626,5.979653541446538,-11.62801603920388,2.053662188035984,1.9864549612865066,-0.20001773295475148,-0.028352576349044423,0.23559914784613012,-0.00011973590769129294,0.6852072274290227,70,255,255,255
407,8.140161007999268,20.518690540748022,6.019459572983374,-11.632016447214461,2.0530477492198584,1.990301576841811,-0.20002040052909786,-0.030721940806282433,0.19233077776522278,-0.00013337871731913808,0.68694096680319,70,255,255,255
408,8.160157137997885,20.559738234370695,6.059326062723284,-11.636016903484224,2.0523846811337276,1.9933244869954776,-0.20002281348811488,-0.033153404306550005,0.1511455076833239,-0.00012064795085120483,0.6885360070274237,70,255,255,255
409,8.180116378000093,20.60077165557156,6.09923733264993,-11.640017391344385,2.051671060043304,1.99556349633234,-0.20002439300804525,-0.03568105452118209,0.11195046684312904,-7.89759965182657e-05,0.6900034440337187,70,255,255,255
410,8.2000766989986,20.641793953086598,6.139274091693792,-11.644017864253664,2.0511148757519972,2.001837952193062,-0.2000236454640091,-0.027809214565336138,0.3137227930360842,3.7377201807131666e-05,0.6920508874787159,70,255,255,255
411,8.220145808998495,20.682804379812936,6.179417413883854,-11.648018344467662,2.050521336316949,2.007166109503136,-0.20002401069987116,-0.029676971752410353,0.26640786550370765,-1.8261793102852808e-05,0.6939345354481132,70,255,255,255
412,8.240096071000153,20.72380187215354,6.219649026444176,-11.652018814863592,2.049874617030162,2.011580628016083,-0.20002351979648816,-0.03233596433935837,0.22072592564735083,2.454516915043059e-05,0.6956674915799589,70,255,255,255
413,8.260118938000232,20.76478568335821,6.259951802219354,-11.656019282595345,2.0491905602333467,2.0151387887589065,-0.200023386587635,-0.03420283984077788,0.1779080371411743,6.6604426581517995e-06,0.6972618112212569,70,255,255,255
414,8.280096757000138,20.805754989217967,6.300309409614315,-11.66001973997648,2.0484652929879514,2.0178803697480707,-0.20002286905677122,-0.03626336226976479,0.13707904945821725,2.5876543189279344e-05,0.6987285852912509,70,255,255,255
415,8.30009996499939,20.8467130329348,6.340799247413031,-11.664020191776865,2.047902185841633,2.0244918899357742,-0.2000225900192268,-0.028155357315939433,0.3305760093851815,1.3951877221779485e-05,0.7007763956467393,70,255,255,255
416,8.320090655997774,20.88765892757853,6.381401694394513,-11.668020634629583,2.047294732186488,2.030122349074107,-0.20002214263587834,-0.030372682757251024,0.2815229569166353,2.2369167421876224e-05,0.7026603811737886,70,255,255,255
417,8.340112181998848,20.92859195754532,6.422098208335756,-11.67202107525125,2.0466514983393247,2.034825697062167,-0.20002203108333064,-0.032161692358148475,0.23516739940301945,5.577627385205952e-06,0.704393647858674,70,255,255,255
418,8.360112702997867,20.96951140353503,6.4628711532495915,-11.676021513237453,2.045972299485492,2.038647245691786,-0.20002189931018677,-0.0339599426916517,0.19107743148094625,6.588657193357106e-06,0.7059882532087686,70,255,255,255
419,8.380125648000103,21.010416650896712,6.503703862017342,-11.680021952187944,2.0452623680840696,2.0416354383874906,-0.20002194752457098,-0.035496570071111844,0.14940963478522362,-2.410719210921286e-06,0.7074552901308555,70,255,255,255
420,8.400139732999378,21.05131046778444,6.544670105166535,-11.684022391968146,2.0446908443864746,2.048312157459642,-0.20002198901004187,-0.02857618487974589,0.33383595360757323,-2.0742735448719962e-06,0.7095032887496129,70,255,255,255
421,8.420132190000004,21.092192085782035,6.585750065614998,-11.688022829410865,2.0440808998798174,2.0539980224231598,-0.20002187213597844,-0.03049722533286392,0.28429324817589285,5.843703171581893e-06,0.7113874474788697,70,255,255,255
422,8.4401484839982,21.133060878374906,6.626924997433145,-11.692023269170523,2.0434396296434634,2.0587465909073344,-0.20002198798291232,-0.03206351181770062,0.23742842420873989,-5.792346693733741e-06,0.713120873509786,70,255,255,255
423,8.46009704899916,21.173916060427185,6.668176945433208,-11.696023693945289,2.0427591026140144,2.0625974000031806,-0.200021238738273,-0.03402635147244881,0.1925404547923144,3.74622319666007e-05,0.714715625458229,70,255,255,255
424,8.480125964000763,21.214757172808035,6.709489124498604,-11.700024113207416,2.0420556190424066,2.0656089532697823,-0.20002096310635634,-0.03517417858039362,0.1505776633300837,1.3781595832929039e-05,0.7161827972507965,70,255,255,255
425,8.500076745000115,21.255586496029398,6.750931869885529,-11.704024520797002,2.0414661610682017,2.0721372693462627,-0.200020379479362,-0.029472898710241946,0.3264158038240157,2.918134971760522e-05,0.7182305039057899,70,255,255,255
426,8.520129410000663,21.296403579051695,6.792485583514903,-11.708024933615059,2.0408541511148277,2.077685681468693,-0.2000206409028291,-0.03060049766869044,0.27742060612150077,-1.3071173355333476e-05,0.7201143940283838,70,255,255,255
427,8.54011461799746,21.337207801619623,6.834131482156639,-11.712025345953927,2.04021112839636,2.0822949320868043,-0.20002061694339246,-0.03215113592338259,0.230462530905577,1.1979718307630893e-06,0.7218475729411703,70,255,255,255
428,8.560129393998068,21.377998695887538,6.875851842504947,-11.716025761910936,2.0395447133956632,2.0860180174153578,-0.2000207978504223,-0.033320750034831814,0.1861542664276663,-9.045351491598908e-06,0.7234420975409338,70,255,255,255
429,8.580124476000492,21.418775780385015,6.91762983194495,-11.720026179029706,2.038854224873963,2.08889947200018,-0.2000208559385084,-0.03452442608500528,0.14407272924110792,-2.9044043060866276e-06,0.7249090601727163,70,255,255,255
430,8.60012168799949,21.45954077686504,6.9595325673016974,-11.724026577761942,2.03824982400129,2.0951367678373716,-0.20001993661180087,-0.030220043633662375,0.31186479185957405,4.5966335376762535e-05,0.7269567203232752,70,255,255,255
431,8.62007271100083,21.500293029887896,7.001540425627077,-11.728026942900225,2.037612651142789,2.1003929162689805,-0.20001825691413827,-0.0318586429250205,0.26280742158043746,8.398488312930108e-05,0.7288405676617894,70,255,255,255
432,8.640087996998773,21.541032149371368,7.043634970007999,-11.73202728076749,2.036955974173641,2.104727219046108,-0.20001689336323994,-0.032833848457400006,0.21671513885637794,6.817754491622585e-05,0.7305737072132225,70,255,255,255
433,8.66007485099908,21.58175769866945,7.085798652802233,-11.73602758825269,2.0362774649040136,2.108184139711719,-0.20001537426001922,-0.03392546348138037,0.1728460332805637,7.595516103517386e-05,0.7321681956005409,70,255,255,255
434,8.680071627997677,21.62246932080078,7.128014895913195,-11.740027865655412,2.0355811065664926,2.110812155548081,-0.20001387013615332,-0.03481791687605318,0.13140079181810704,7.520619329573486e-05,0.7336351249168739,70,255,255,255
435,8.700074169999425,21.663168947120205,7.170348477965649,-11.744028156814203,2.034981315971279,2.1166791026227187,-0.20001455793950132,-0.02998952976068603,0.29334735373187204,-3.4390167399894755e-05,0.735683408817938,70,255,255,255
436,8.720072353000432,21.703856172159934,7.212780301332867,-11.748028459856402,2.034361251986385,2.1215911683608883,-0.20001515210996135,-0.031003199244692414,0.24560328690848188,-2.9708523001242826e-05,0.7375678300069171,70,255,255,255
437,8.740122485000029,21.74453080085908,7.255292401689526,-11.752028789626378,2.033731434957342,2.1256050178329713,-0.2000164884988113,-0.03149085145215569,0.20069247360414622,-6.681944249709026e-05,0.7393014975007778,70,255,255,255
438,8.760077539998747,21.78519236576816,7.297867499425141,-11.756029129610432,2.0330782454539045,2.1287548867807864,-0.20001699920271168,-0.032659475171870955,0.15749344739075655,-2.5535195019604773e-05,0.7408964715951296,70,255,255,255
439,8.78007360400079,21.825840579615527,7.340489365082191,-11.760029477392226,2.032410692368274,2.13109328285249,-0.20001738908968636,-0.033377654281527835,0.11691980358516751,-1.949434873452227e-05,0.7423638477619333,70,255,255,255
440,8.800081448000128,21.866476446112525,7.383219438617087,-11.764029826837044,2.031793324849976,2.1365036767447916,-0.20001747224091623,-0.03086837591487912,0.27051969461508296,-4.157561493967066e-06,0.7444118500931494,70,255,255,255
441,8.820079097000416,21.907099681190587,7.426039174212798,-11.768030176533674,2.0311617539030626,2.140986779785571,-0.2000174848314916,-0.03157854734567467,0.22415515203898506,-6.29528767642773e-07,0.7462960122378682,70,255,255,255
442,8.840084388000832,21.94771006248992,7.468931016862424,-11.772030527600613,2.0305190649667857,2.144592132481303,-0.20001755334690854,-0.03213444681385358,0.18026763478659635,-3.4257708474150217e-06,0.7480294414110096,70,255,255,255
443,8.860147819999838,21.988307587609572,7.511878513217296,-11.776030899692174,2.0298762559825794,2.1473748177435814,-0.20001860457802956,-0.03214044921031345,0.13913426311392252,-5.25615560509618e-05,0.7496241962502996,70,255,255,255
444,8.880153483998583,22.028892090004927,7.55486594540502,-11.780031292764013,2.0292251197676525,2.149371609386254,-0.20001965359193835,-0.03255681074633676,0.09983958213361888,-5.2450695439909545e-05,0.7510913707024465,70,255,255,255
445,8.900089218997891,22.069463873120977,7.597951786294798,-11.784031673242959,2.0285891558024423,2.1542920444888725,-0.2000190239472557,-0.03179819826051178,0.24602175513093405,3.148223413246276e-05,0.75313911453629,70,255,255,255
446,8.920118100999389,22.1100228776839,7.641118237497982,-11.788032050518058,2.0279502281461004,2.1583225601591804,-0.20001886375496236,-0.03194638281710116,0.20152578351541006,8.009614667819909e-06,0.755023038863426,70,255,255,255
447,8.940087380000477,22.150568877692386,7.6843482697997585,-11.792032414347183,2.027300000424279,2.1615016150888184,-0.20001819145621605,-0.03251138609105686,0.15895274648190538,3.361493731535159e-05,0.7567562492443912,70,255,255,255
448,8.960125697998592,22.191101902437282,7.727625970635724,-11.796032777216723,2.0266512372447867,2.1638850417982916,-0.2000181434770344,-0.03243815897462321,0.11917133547364811,2.3989590832440566e-06,0.7583508027948792,70,255,255,255
449,8.980157767997298,22.231621980218808,7.7709362881310025,-11.800033148866063,2.0260038890762653,2.1655158747638827,-0.20001858246701973,-0.03236740842608121,0.08154164827956967,-2.194949926714873e-05,0.7598177920613282,70,255,255,255
450,9.000143476998346,22.272129029561324,7.814335149601265,-11.804033499808018,2.02535246712576,2.169943073513134,-0.20001754709768346,-0.03257109752525178,0.2213599374625781,5.176846681345659e-05,0.7618654136046815,70,255,255,255
451,9.020079046000319,22.312622814713027,7.857805219757463,-11.808033810105602,2.0246892575852,2.1735035078098606,-0.20001551487918265,-0.03316047702801583,0.17802171483632434,0.00010161092504015756,0.7637492254245667,70,255,255,255
452,9.040099027999531,22.353103405411524,7.901330332608033,-11.812034088095242,2.0240295349248107,2.1762556425285142,-0.20001389948197246,-0.03298613301945075,0.13760673593267758,8.076986050889468e-05,0.7654823322988611,70,255,255,255
453,9.060177945997566,22.39357107691648,7.9448953737914945,-11.81603436052439,2.023383575247851,2.178252059173043,-0.2000136214573923,-0.032297983847993095,0.099820832226438,1.3901229008128624e-05,0.7670767906232119,70,255,255,255
454,9.080106101999263,22.434025626204306,7.9884856377199345,-11.820034604300709,2.0227274643913837,2.179513196421986,-0.20001218881598223,-0.03280554282336201,0.06305686244714237,7.163207050323028e-05,0.7685436922816146,70,255,255,255
455,9.100167321998015,22.47446724388232,8.032187135198122,-11.824034859788208,2.0220808839006614,2.1850748739093695,-0.20001277437492324,-0.03232902453612141,0.27808387436917537,-2.9277947049488606e-05,0.7705919641903878,70,255,255,255
456,9.12015044799773,22.514895945262023,8.075981462312733,-11.828035120475754,2.0214350689850957,2.1897163557305186,-0.20001303437732323,-0.032290745778283725,0.23207409105744903,-1.300011999932904e-05,0.7724763743464591,70,255,255,255
457,9.140137996000703,22.555311779552714,8.119851183735058,-11.832035381649606,2.0207917145345635,2.1934860711162325,-0.20001305869262312,-0.032167722526613485,0.1884857692856965,-1.215764994788593e-06,0.7742100316900448,70,255,255,255
458,9.160163598997315,22.59571493537446,8.163779900444469,-11.836035651055667,2.0201577910872657,2.1964358354705573,-0.20001347030304276,-0.03169617236489097,0.14748821771624643,-2.0580520982305117e-05,0.7758049964461435,70,255,255,255
459,9.180122439000115,22.63610539667409,8.207751908549824,-11.840035914597754,2.019523064981514,2.1986004052677686,-0.20001317710439712,-0.031736305287577427,0.10822848986056544,1.4659932282001797e-05,0.7772723640217544,70,255,255,255
460,9.200123930997506,22.676482294823938,8.251848200504307,-11.84403614920156,2.0188449074924377,2.204814597724189,-0.20001173019030152,-0.03390787445381971,0.31070962282103354,7.234570477929192e-05,0.7793196586697784,70,255,255,255
461,9.220075212997472,22.71684568467835,8.296049502668644,-11.848036340638256,2.0181694927207126,2.2100651082168588,-0.2000095718347466,-0.033770738586259785,0.26252552463347323,0.00010791777774624145,0.7812031697459605,70,255,255,255
462,9.240074957000616,22.757195794492098,8.340337672479867,-11.852036491109649,2.017505490687441,2.2144084905611163,-0.2000075235696397,-0.033200101663585,0.21716911721286847,0.00010241325534510182,0.782935999936048,70,255,255,255
463,9.260070156000438,22.797532845528718,8.384695503559858,-11.856036601296584,2.0168525518310374,2.217891553999551,-0.20000550934672492,-0.03264694282017899,0.17415317192172264,0.00010071114573878548,0.7845302037109285,70,255,255,255
464,9.28006784199897,22.837857074628374,8.429106717776992,-11.860036672699348,2.016211454982854,2.2205607108567342,-0.2000035701382067,-0.0320548424091851,0.13345784285915263,9.696042591136877e-05,0.7859968711838187,70,255,255,255
465,9.300114317997213,22.878167591440832,8.47364888661175,-11.864036722726587,2.015525840622897,2.2271084417379057,-0.20000250136191747,-0.034280717997837495,0.32738654405856127,5.343881446090437e-05,0.78804427690637,70,255,255,255
466,9.32015149200015,22.91846484083323,8.518302516780016,-11.868036764476468,2.014862469620011,2.2326815084133163,-0.20000208749407355,-0.03316855014430242,0.27865333377051926,2.0693392196152738e-05,0.7899278901711173,70,255,255,255
467,9.340120913999272,22.958749045402147,8.563048904623809,-11.872036788593874,2.0142102284457652,2.2373193921895895,-0.20000120587029568,-0.0326120587122678,0.2318941888136734,4.4081188893929646e-05,0.7916608143746847,70,255,255,255
468,9.36014897700079,22.99902062291128,8.607870494810403,-11.876036805078325,2.0135788754567043,2.241079509329718,-0.2000008242225763,-0.03156764945304724,0.1880058570064287,1.908238596920464e-05,0.7932551046419668,70,255,255,255
469,9.380091901999549,23.039279713820203,8.652750411629055,-11.880036796097423,2.012954545446058,2.243995840932613,-0.19999955095494415,-0.031216500532331715,0.14581658014473375,6.366338160823659e-05,0.7947218516878662,70,255,255,255
470,9.400113354000496,23.079525023174043,8.697762673597785,-11.88403678127538,2.012265467691901,2.25061309843643,-0.19999925889784848,-0.034453887707850406,0.33086287519085866,1.4602854784023789e-05,0.7967696286640075,70,255,255,255
471,9.420096496000042,23.119756931425535,8.74288743072856,-11.88803675559182,2.011595412574614,2.2562378565387644,-0.19999871582193465,-0.033502755864366573,0.28123790511672375,2.7153795690654237e-05,0.7986535834820574,70,255,255,255
472,9.44010594899737,23.15997590183721,8.788105923185237,-11.892036722764484,2.010948520583817,2.260924622833866,-0.19999835863321785,-0.03234459953984592,0.23433831475508038,1.7859435839706617e-05,0.8003868219146633,70,255,255,255
473,9.460165926000627,23.20018255225321,8.833400518724181,-11.896036702467166,2.0103325208000546,2.264729776947198,-0.19999898513406303,-0.030799989188103893,0.1902577056666055,-3.1325042258528724e-05,0.8019814012726607,70,255,255,255
474,9.480159770999308,23.240377271536605,8.878754322342902,-11.900036692010938,2.009735964169827,2.2676901809360213,-0.19999947718862182,-0.02982783151137358,0.1480201994411514,-2.4602727939415647e-05,0.8034484142820183,70,255,255,255
475,9.5001550220004,23.280558052362633,8.924237701556756,-11.904036682362547,2.0090390413013086,2.274168960692684,-0.19999951758043255,-0.03484614342592929,0.32393898783313224,-2.0195905366393596e-06,0.8054963374451237,70,255,255,255
476,9.520100898000237,23.320725268592607,8.969830745060898,-11.908036656169278,2.008360811498793,2.279652175207132,-0.1999986903366033,-0.033911490125779764,0.27416072572240324,4.136219146277931e-05,0.8073804267551807,70,255,255,255
477,9.540078276000713,23.36087939416593,9.015514656533849,-11.912036607226696,2.007706278666107,2.2841955736475263,-0.19999755287087295,-0.03272664163432282,0.22716992201972186,5.6873286517516997e-05,0.8091137889204332,70,255,255,255
478,9.560158544998558,23.401021224781875,9.061271934839356,-11.916036562664145,2.0070915307971706,2.287863915275356,-0.1999977718724585,-0.030737393446801597,0.18341708139149304,-1.095007927853775e-05,0.8107084821124655,70,255,255,255
479,9.580122162999032,23.4411511547865,9.10708565689651,-11.920036510647884,2.006496500231171,2.2906861028577055,-0.19999739918696058,-0.02975152829997363,0.14110937911746158,1.8634274897094683e-05,0.8121755998491351,70,255,255,255
480,9.600148359997547,23.481266871843623,9.153023100893307,-11.924036454090123,2.0057858528561265,2.2968721998398887,-0.19999717211188509,-0.03553236875221755,0.30930484910917033,1.1353753774284714e-05,0.8142233024305028,70,255,255,255
481,9.620105392998084,23.521368906088405,9.199064652621264,-11.928036379604402,2.005101712239101,2.3020775863978007,-0.19999627571394366,-0.034207030851279185,0.2602693278956034,4.481989707172396e-05,0.816107188805361,70,255,255,255
482,9.640121853997698,23.561457967909995,9.24519189071786,-11.932036293653097,2.0044530910794522,2.3063619048298754,-0.19999570243473017,-0.03243105798242185,0.21421592160372538,2.8663960674801814e-05,0.8178403642702305,70,255,255,255
483,9.66016910899998,23.601534844370875,9.291387456604884,-11.936036212183264,2.0038438230440208,2.309778294351128,-0.19999592650841042,-0.030463401771576137,0.1708194760626276,-1.1203684012250914e-05,0.8194348856979106,70,255,255,255
484,9.680120493998402,23.641599988022346,9.337634629376826,-11.940036119499569,2.0032571825735923,2.312358638597089,-0.19999536581523125,-0.02933202352142983,0.1290172122980493,2.8034658958259184e-05,0.8209018454113761,70,255,255,255
485,9.700084822998178,23.68165071551701,9.383997765642876,-11.944036024019615,2.0025363747332108,2.3181568133025277,-0.19999522600230865,-0.036040392019077494,0.2899087352719234,6.990646130577982e-06,0.8229495512366599,70,255,255,255
486,9.72011960799864,23.721687921972283,9.430457915538403,-11.948035937195147,2.001860322763753,2.3230074947763244,-0.19999565877656503,-0.03380259847288869,0.24253407368984448,-2.1638712818378147e-05,0.824833440595921,70,255,255,255
487,9.740082730000722,23.76171224111061,9.476996888523354,-11.952035846844794,2.001215956916374,2.326948649247542,-0.19999548248235674,-0.03221829236895557,0.19705772356089657,8.814710414389859e-06,0.8265666188064412,70,255,255,255
488,9.760085171998071,23.80172441507478,9.523597581424347,-11.956035754106109,2.000608698208347,2.3300346450496345,-0.1999953630657868,-0.03036293540134416,0.15429979010461947,5.970828496820735e-06,0.8281611427601198,70,255,255,255
489,9.780076048999035,23.841725123903295,9.570243782608216,-11.960035656351415,2.0000354414258226,2.3323100591934414,-0.1999951122653213,-0.028662839126222472,0.11377070719034599,1.2540023275275924e-05,0.829628104797504,70,255,255,255
490,9.80007206099981,23.881711410540202,9.6169971913928,-11.964035577437441,1.9993143318453943,2.3376704392292322,-0.19999605430125522,-0.03605547902141382,0.2680190017895372,-4.710179669625836e-05,0.8316762908134676,70,255,255,255
491,9.820075276998978,23.921684172549575,9.663839301354113,-11.968035517389124,1.998638100468706,2.3421054980656377,-0.1999969975841378,-0.03381156883441383,0.22175294182027638,-4.716414412947456e-05,0.8335606219481542,70,255,255,255
492,9.840075977997913,23.961644267233048,9.710752566644505,-11.972035475394922,1.9980047341736986,2.3456632645196405,-0.19999790028989564,-0.03166831475036336,0.17788832270014465,-4.513528789190646e-05,0.8352942065920658,70,255,255,255
493,9.86012906799806,24.00159268836668,9.757720544614239,-11.976035467427579,1.9974210566817374,2.348398898486677,-0.19999960163284666,-0.029183874598056825,0.13678169835183152,-8.50671475508269e-05,0.8368891044644644,70,255,255,255
494,9.8800805389983,24.041530063596856,9.804727372947971,-11.98003547592895,1.9968687615086418,2.350341416686636,-0.20000042506861182,-0.027614758654784355,0.09712590999795001,-4.117178825838175e-05,0.8383564105070712,70,255,255,255
495,9.900109147998592,24.081452562217578,9.851831457567409,-11.984035479391393,1.9961249310361224,2.355204230971881,-0.20000017312213736,-0.037191523625965006,0.2431407142622357,1.2597323722357556e-05,0.840404075584894,70,255,255,255
496,9.9200970339989,24.121361162062826,9.899014919226886,-11.988035474235222,1.9954299922623457,2.3591730829739066,-0.19999974219146094,-0.03474693868883039,0.19844260010128267,2.1546533820332447e-05,0.8422879274564911,70,255,255,255
497,9.940122198000608,24.16125692382418,9.946260942530872,-11.992035469038285,1.9947880880676494,2.3623011651992813,-0.19999974015314612,-0.03209520973482238,0.15640411126874132,1.0191574142948134e-07,0.8440210711783603,70,255,255,255
498,9.9601310500002,24.201140812894252,9.993553569231658,-11.996035466643983,1.994194453503661,2.3646313350393076,-0.1999998802848786,-0.029681728199416835,0.11650849200131108,-7.006586624336286e-06,0.84561556340248,70,255,255,255
499,9.980082023997966,24.241013570528803,10.040877540650433,-12.000035451199667,1.9936378817275489,2.3661985709387165,-0.1999992277842155,-0.027828588805615784,0.07836179497045115,3.2625033155098127e-05,0.8470824962486702,70,255,255,255
500,10.000140120999276,24.280870980223426,10.088288629089865,-12.00403540490025,1.9928704847311325,2.370554421971561,-0.19999768502917104,-0.038369849820818036,0.21779255164223166,7.713775222387143e-05,0.8491296107384267,70,255,255,255
501,10.020129959997575,24.3207141584838,10.135769717770556,-12.008035326419597,1.9921589130186592,2.374054434034497,-0.19999607596735525,-0.035578585623667,0.17500060314680077,8.045309078885676e-05,0.8510129560690028,70,255,255,255
502,10.040134029997716,24.360544223134763,10.183304650459045,-12.012035219116552,1.991503232548127,2.376746634424459,-0.19999463484770308,-0.032784023526611694,0.1346100194981079,7.205598260895396e-05,0.8527456337731328,70,255,255,255
503,10.060121080998215,24.40036219145264,10.230878099684245,-12.01603508074846,1.9908984158938294,2.3786724612600363,-0.19999308159548163,-0.030240832714883092,0.09629134177885801,7.766261107322592e-05,0.8543396972609324,70,255,255,255
504,10.08018095800071,24.440169272074517,10.278475829041898,-12.02003493256126,1.9903540310937586,2.379886467882689,-0.1999925906398806,-0.027219240003534706,0.06070033113262685,2.454778005239744e-05,0.855806235669708,70,255,255,255
505,10.100219468000432,24.479961200654778,10.326183515849904,-12.024034795420551,1.989596429013079,2.3853843404002966,-0.19999314296458906,-0.037880104033988005,0.2748936258803849,-2.7616235423355562e-05,0.8578543049936458,70,255,255,255
506,10.1200752069999,24.519738757594993,10.373982405263368,-12.028034622719453,1.988877847010734,2.389944470673183,-0.19999136494506312,-0.0359291001172517,0.22800651364431657,8.890097629693505e-05,0.8597385287716686,70,255,255,255
507,10.140111271997739,24.55950327651045,10.421855304628014,-12.032034428408709,1.9882259457729667,2.3936449682323038,-0.199990284462762,-0.03259506188836525,0.18502487795604283,5.4024115054451816e-05,0.8614720146474495,70,255,255,255
508,10.160077851000096,24.599255809505184,10.46978570985013,-12.036034203401075,1.987626649736606,2.3965202611058465,-0.1999887496182962,-0.02996480181803718,0.14376464367714092,7.674222328954428e-05,0.863066821653168,70,255,255,255
509,10.180075370997656,24.638997463745632,10.51775811507535,-12.040033949104776,1.987082712022458,2.3986202612609753,-0.19998728518507014,-0.027196885707408303,0.10500000775643326,7.322166130432906e-05,0.8645340440984289,70,255,255,255
510,10.20007789599913,24.678723903827386,10.565854183500548,-12.044033721270248,1.9863220040877378,2.404803421259839,-0.199988608273568,-0.03803539673599765,0.30915799994317394,-6.61544248939383e-05,0.8665821835324243,70,255,255,255
511,10.22008078199724,24.71843648953103,10.614054832354782,-12.048033519597837,1.9856292851822583,2.410032442711661,-0.19998991637948813,-0.03463594527397151,0.261451072591103,-6.540529600568279e-05,0.8684664718117001,70,255,255,255
512,10.240094969998609,24.75813655738373,10.66234199339516,-12.052033347380654,1.9850033926350352,2.4143580520189,-0.19999138914086778,-0.03129462736115607,0.21628046536194523,-7.363806898211256e-05,0.8702000170286338,70,255,255,255
513,10.260083220000524,24.797825300747984,10.710698459390537,-12.056033199366933,1.984437168212736,2.417823299768852,-0.1999925993139699,-0.028311221114958096,0.17326238749760803,-6.0508655105595555e-05,0.8717948786282128,70,255,255,255
514,10.28009578899946,24.837503937324513,10.759108024034507,-12.060033078363368,1.9839318288264642,2.42047823219854,-0.1999939498217666,-0.025266969313591403,0.13274662148442484,-6.752538983589851e-05,0.8732621512998255,70,255,255,255
515,10.300083926998923,24.877166846824107,10.807647436345043,-12.064032953368875,1.9831454749795983,2.4269706155268174,-0.19999375027534588,-0.03931769234329807,0.324619166413858,9.97732103635851e-06,0.8753096535688627,70,255,255,255
516,10.320115095000801,24.916815611953783,10.856297265966973,-12.06803283479666,1.9824382564838774,2.432491481096449,-0.19999407138929987,-0.03536092478604669,0.27604327848157606,-1.6055697699468574e-05,0.8771933556563769,70,255,255,255
517,10.340090678000706,24.956451565217133,10.905038888488251,-12.072032714637665,1.9817976631675103,2.4370811260638936,-0.1999939920501922,-0.03202966581835165,0.2294822483722303,3.9669553832943905e-06,0.87892636157689,70,255,255,255
518,10.360125208000682,24.996076168296913,10.953854844384686,-12.076032604228947,1.9812301539890533,2.440797794821775,-0.1999944795641503,-0.02837545892284621,0.18583343789406692,-2.4375697905754112e-05,0.880520727023762,70,255,255,255
519,10.380079546997877,25.035690556724003,11.002728338457253,-12.080032488550627,1.9807194213544725,2.443674703628301,-0.19999421608392348,-0.02553663172903442,0.1438454403263023,1.3174011342070857e-05,0.8819875432348843,70,255,255,255
520,10.40009504399859,25.075289171781247,11.051733094773851,-12.084032385955483,1.9799307528621248,2.450237815829909,-0.19999487024278778,-0.03943342461738042,0.32815561008038774,-3.27079432143329e-05,0.8840355047314944,70,255,255,255
521,10.42007917400042,25.114873551302747,11.10084933833594,-12.088032290744279,1.9792189760750314,2.4558121781044346,-0.19999523943976094,-0.03558883935466839,0.2787181137262751,-1.8459848658475275e-05,0.8859196293083758,70,255,255,255
522,10.440124763998028,25.15444536030141,11.150058506807737,-12.092032217215115,1.9785904499330609,2.4604584235897766,-0.1999963235417738,-0.03142630709852634,0.23231227426708978,-5.420510064255146e-05,0.8876530239191066,70,255,255,255
523,10.460092089997488,25.194005933557403,11.199342742446612,-12.096032153729034,1.978028662799629,2.464211781943766,-0.19999682569599034,-0.028089356671586296,0.18766791769945979,-2.5107710827754204e-05,0.889247746960979,70,255,255,255
524,10.48007938599767,25.233556607645276,11.248685205328353,-12.100032095719751,1.9775337043937529,2.4671231440870742,-0.19999709953584327,-0.02474792029381545,0.1455681071654209,-1.3691992646447382e-05,0.8907148921595016,70,255,255,255
525,10.500139034000313,25.273091220612322,11.298155961235652,-12.104032043023473,1.9767306483523193,2.4735377953649476,-0.19999736518608205,-0.04015280207168326,0.3207325638936598,-1.3282511938939034e-05,0.8927626897002834,70,255,255,255
526,10.520114700000704,25.312611402876243,11.347735278677703,-12.108031987618853,1.9760091131960706,2.4789658721025187,-0.19999722976901502,-0.03607675781243458,0.2714038368785543,6.77085335229477e-06,0.8946466634378025,70,255,255,255
527,10.540131305999239,25.3521188411268,11.397404573915264,-12.11203193507096,1.9753719125278488,2.483464761877985,-0.19999737260531822,-0.03186003341109256,0.22494448877330075,-7.141815159594778e-06,0.8963799192763202,70,255,255,255
528,10.56015462799769,25.391615162733988,11.447146256835088,-12.116031892755505,1.974816080359428,2.487084145991277,-0.19999788422724984,-0.027791608421043,0.1809692056646095,-2.5581096580989948e-05,0.8979745146477565,70,255,255,255
529,10.580158668999502,25.431101853513045,11.496943612125266,-12.120031861419367,1.974334538952827,2.4898677645088356,-0.199998433193131,-0.024077070330039918,0.1391809258779242,-2.74482940572085e-05,0.8994415423894778,70,255,255,255
530,10.60018375800064,25.4705724432301,11.54686369576152,-12.124031852917607,1.9735294858527506,2.4960041818127094,-0.19999957491198064,-0.04025265500382691,0.3068208651936919,-5.7085942482409946e-05,0.9014897486061424,70,255,255,255
531,10.620125092998933,25.51002855727732,11.596886914352012,-12.128031847120964,1.972805702361041,2.501160929524645,-0.19999971016781284,-0.036189174585472106,0.25783738559677083,-6.762791609882246e-06,0.9033740983254738,70,255,255,255
532,10.641338261000783,25.549475816550025,11.646998999241523,-12.132032232090165,1.9723629636353526,2.5056042444755273,-0.2000192484600562,-0.02213693628441904,0.22216574754412566,-0.0009769146121678118,0.9051077000672587,70,255,255,255
533,10.6601211720008,25.58891174203505,11.6971781521015,-12.136032594294829,1.9717962742513917,2.508957642998867,-0.2000181102332291,-0.028334469198042944,0.16766992616699028,5.691134135424325e-05,0.9067026136697008,70,255,255,255
534,10.68015429099978,25.628338022259683,11.747408015989818,-12.140032945119382,1.9713140112315033,2.511493194415832,-0.20001754122762222,-0.024113150994417687,0.12677757084823726,2.8450280344261003e-05,0.9081699341839475,70,255,255,255
535,10.700180746000115,25.66774763463029,11.797752388878989,-12.14403328258387,1.9704806185304042,2.5172186444585534,-0.20001687322440706,-0.04166963505495769,0.28627250213607125,3.340016075770169e-05,0.9102177491930776,70,255,255,255
536,10.720153559999744,25.707142436843125,11.848192237353866,-12.148033598250434,1.969740110641663,2.5219924237438103,-0.2000157833282199,-0.03702539443705777,0.23868896426285202,5.4494809358790475e-05,0.9121017390014774,70,255,255,255
537,10.740161980000266,25.74652431276811,11.898709639160368,-12.152033895616285,1.9690937962493031,2.52587009032508,-0.20001486829248707,-0.03231571961798774,0.19388332906349026,4.575178664162349e-05,0.9138350096252051,70,255,255,255
538,10.760122906998731,25.785894901947433,11.949287460675421,-12.156034162800317,1.9685294589662405,2.528891075752687,-0.20001335920160568,-0.028216864153127963,0.15104927138034618,7.545454406945873e-05,0.9154296185990347,70,255,255,255
539,10.7801141380005,25.825255860582356,11.999909603384543,-12.160034398379867,1.9680479317460988,2.5311071354560526,-0.20001177897748285,-0.02407636100709154,0.1108029851682768,7.901120614156598e-05,0.916896658854958,70,255,255,255
540,10.801604345997475,25.864599952630666,12.050637214652568,-12.164034621378596,1.9672046024155094,2.5363805634012238,-0.20001114993642766,-0.04216646652946432,0.2636713972585505,3.1452052759450844e-05,0.9189443844646593,70,255,255,255
541,10.820176165998419,25.903924669364287,12.10144698744886,-12.168034375176955,1.9662358366810415,2.5404886398146327,-0.1999876899179526,-0.04843828672339057,0.20540382067045293,0.001173000923752776,0.9208282920255846,70,255,255,255
542,10.840195053999196,25.94323231419693,12.152321882855077,-12.17203369436505,1.9653822416320765,2.5437447703108726,-0.19996595940472978,-0.042679752448251396,0.16280652481199764,0.001086525661141008,0.9225614869816358,70,255,255,255
543,10.860098766999727,25.98252471109252,12.203245382040482,-12.176032575296954,1.964619844779523,2.5461749592702416,-0.19994404659526122,-0.038119842627682754,0.12150944796844909,0.0010956404734275837,0.9241560263412029,70,255,255,255
544,10.88012107999748,26.021803978493843,12.254202289426436,-12.180031053198709,1.9639633700661157,2.5478453692977236,-0.19992389508777242,-0.0328237356703569,0.0835205013741005,0.0010075753744402394,0.9256230025520046,70,255,255,255
545,10.900100582999585,26.061067286001034,12.30525618602268,-12.18402962987084,1.9631653753595562,2.55269482981223,-0.1999288336065903,-0.039899735327978636,0.2424730257253116,-0.00024692594089456565,0.9276707641093141,70,255,255,255
546,10.920112851999875,26.10031680917653,12.35638937017961,-12.188028305590532,1.9624761587748611,2.5566592078464625,-0.1999337859845133,-0.034460829234745693,0.1982189017116367,-0.0002476188961495207,0.9295547047420389,70,255,255,255
547,10.94013143399934,26.13955463530555,12.4075850975066,-12.192027082480015,1.9618913064511228,2.5597863663494724,-0.1999388444741771,-0.029242616186916814,0.15635792515049873,-0.00025292448318903205,0.9312879301241458,70,255,255,255
548,10.960177278997435,26.178782832393075,12.458827623302287,-12.19602597109648,1.9614098543761822,2.562126289784365,-0.1999444308232718,-0.02407260374703224,0.11699617174463617,-0.0002793174547345012,0.9328824974756841,70,255,255,255
549,10.980132526998204,26.218003069859854,12.51010175666234,-12.200024952193882,1.961011873338859,2.56370666800261,-0.19994905487011594,-0.019899051866151707,0.07901891091223945,-0.00023120234220744273,0.9343494994390993,70,255,255,255
550,11.000171421997948,26.25720692887534,12.561462833134101,-12.204024010708968,1.9601929507743316,2.5680538235880452,-0.19995292575435636,-0.04094612822637256,0.21735777927176914,-0.00019354421202089078,0.936397252819092,70,255,255,255
551,11.020147204999375,26.296396588477794,12.612893774287459,-12.208023135753615,1.9594829801226654,2.571547057667846,-0.19995625223235833,-0.03549853258331548,0.17466170399002978,-0.0001663239000990191,0.9382811859286854,70,255,255,255
552,11.040127256997948,26.335574133343027,12.664378429641726,-12.212022318352616,1.9588772432616746,2.5742327677133168,-0.19995912995008555,-0.030286843049545764,0.1342855022735523,-0.00014388588636080057,0.9400144043895112,70,255,255,255
553,11.060142326998175,26.37474165450749,12.715901655067668,-12.216021561182954,1.9583760582231609,2.576161271297149,-0.19996214151683261,-0.025059251925688475,0.09642517919162463,-0.0001505783373532965,0.941608965373471,70,255,255,255
554,11.080085959998542,26.413900904984967,12.76744890190944,-12.220020843804777,1.9579625238738596,2.577362342088569,-0.19996413109115377,-0.020676717465063277,0.060053539570981584,-9.94787160581434e-05,0.9430759614787141,70,255,255,255
555,11.10008486699735,26.453043547603308,12.819105373169673,-12.224020201626722,1.957132130917028,2.5828235630116567,-0.19996789109726693,-0.04151964784158091,0.27306104615438365,-0.00018800030565749304,0.9451239325013358,70,255,255,255
556,11.120082395998907,26.492171942698675,12.870852897562246,-12.228019630373547,1.9564197547683881,2.5873762196286427,-0.19997143734128267,-0.03561880743199097,0.22763283084929808,-0.00017731220078737175,0.9470080658421477,70,255,255,255
557,11.140084298000147,26.5312883457767,12.922674263926373,-12.232019127312405,1.9558201539012359,2.591068318206373,-0.1999748469429313,-0.029980043357618502,0.18460492888652746,-0.0001704800824310626,0.9487414685156946,70,255,255,255
558,11.160103128997434,26.57039495037269,12.974553235756666,-12.236018695182592,1.9553302297994366,2.593948591514626,-0.19997839350932886,-0.024496205089967305,0.1440136654126265,-0.00017732831987868347,0.9503361989753578,70,255,255,255
559,11.18047914699855,26.609494977085816,13.026475727320948,-12.240018450745396,1.9550013356562446,2.5961245782140776,-0.19998777814014548,-0.01644470715960078,0.1087993349725842,-0.0004692315408317549,0.951803350998248,70,255,255,255
560,11.200155195998377,26.648577835124513,13.078520518886723,-12.244018245212917,1.9541429019348042,2.6022395782887413,-0.19998972337608822,-0.04292168607202185,0.3057500037331766,-9.726179713667737e-05,0.9538510062620028,70,255,255,255
561,11.220124286999635,26.687645923127587,13.130668571083076,-12.248018066688847,1.9534044001537558,2.6074026098176852,-0.19999107379649284,-0.036925089052425086,0.2581515764471902,-6.752102023044326e-05,0.9557348491046572,70,255,255,255
562,11.24014002399781,26.726701668714767,13.182901988866101,-12.252017918874158,1.9527872793590324,2.6116708891512377,-0.19999260926556958,-0.030856039736172125,0.21341396667762202,-7.677345383794165e-05,0.9574679845198993,70,255,255,255
563,11.260158944998693,26.76574738378527,13.235203825721221,-12.256017806217512,1.9522857535251592,2.615091842756032,-0.19999436716769092,-0.02507629169366088,0.1710476802397296,-8.789510606696527e-05,0.959062469101922,70,255,255,255
564,11.280137400997774,26.804785128085182,13.28755789742548,-12.260017719895597,1.9518872149955309,2.6177035852129342,-0.19999568390420197,-0.019926926481414364,0.1305871228451081,-6.58368255528341e-05,0.960529394917383,70,255,255,255
565,11.300190779998957,26.84380550441366,13.340040867777176,-12.264017673055243,1.951018816423807,2.624148517584889,-0.19999765798229555,-0.04341992858619914,0.32224661859774084,-9.870390467925372e-05,0.9625772924141155,70,255,255,255
566,11.32015358499848,26.88281100322286,13.392633216858533,-12.2680176515001,1.950274940460032,2.6296174540678634,-0.19999892224292423,-0.0371937981887529,0.2734468241487189,-6.321303143366763e-05,0.9644613581111093,70,255,255,255
567,11.340182067997375,26.921804199511442,13.44531665843663,-12.272017662862106,1.9496598144291708,2.63417207890486,-0.20000056810030895,-0.030756301543059195,0.22773124184982318,-8.22928692356395e-05,0.9661946985523437,70,255,255,255
568,11.360177570997621,26.960787427926185,13.498073738446786,-12.276017703709012,1.949161420737114,2.6378540005078253,-0.20000204234529392,-0.02491968460284344,0.18409608014827095,-7.371224924831998e-05,0.9677893717582794,70,255,255,255
569,11.380116993997945,26.999762719527656,13.550887729457918,-12.28001775282173,1.9487645800734528,2.640699550556569,-0.2000024556358325,-0.019842033183056662,0.1422775024371825,-2.0664526928809712e-05,0.9692564711077402,70,255,255,255
570,11.40012035899781,27.038720414922526,13.603831770645114,-12.284017838762047,1.9478847697435306,2.6472020593598202,-0.20000429701591074,-0.043990516496106524,0.32512544016257694,-9.2069003911871e-05,0.9713044547424682,70,255,255,255
571,11.420119032998628,27.077663233327364,13.656886305058153,-12.288017958758486,1.947140920241945,2.652726720652009,-0.200005999821972,-0.03719247507928514,0.27623306460944663,-8.514030306353004e-05,0.9731885996864179,70,255,255,255
572,11.440126835997944,27.116593783821724,13.710032805677876,-12.292018113072645,1.946527524717958,2.6573250309861782,-0.20000771570794346,-0.030669776199347076,0.22991551670845123,-8.579429857261123e-05,0.9749220130348517,70,255,255,255
573,11.46012471799986,27.15551450682185,13.763253673767867,-12.296018298720798,1.9460361500061683,2.661043404499528,-0.2000092824076546,-0.024568735589491464,0.18591867566749398,-7.833498555626095e-05,0.9765167533154108,70,255,255,255
574,11.480107406998286,27.194427663425387,13.816532192102828,-12.300018507986348,1.945657830176824,2.6639259167480573,-0.20001046327750563,-0.018915991467219673,0.1441256124264747,-5.904349255192454e-05,0.9779839143735252,70,255,255,255
575,11.500181416999112,27.233322989780888,13.869937852323424,-12.304018750750068,1.9447663177751235,2.670283011029817,-0.20001213818594765,-0.044575620085016254,0.3178547140879897,-8.374542210101699e-05,0.9800319976106208,70,255,255,255
576,11.520171759999357,27.27220329227867,13.923451142835013,-12.308019021523403,1.9440151248891244,2.6756645255794127,-0.2000135386667895,-0.03755964429995862,0.26907572747979414,-7.002404209321966e-05,0.9819162341887487,70,255,255,255
577,11.54012463899926,27.311071113079002,13.977053412659806,-12.312019303113821,1.943391040016447,2.680113491239693,-0.2000140795209124,-0.031204243633879747,0.2224482830140011,-2.7042706144952966e-05,0.9836497318406264,70,255,255,255
578,11.560115266998764,27.349928982580042,14.03072712643096,-12.316019591422712,1.9428934750520244,2.6836856885577043,-0.2000144154445466,-0.02487824822113116,0.17860986590056083,-1.6796181709105573e-05,0.9852445496803539,70,255,255,255
579,11.580143593000685,27.388779415911756,14.084455825324827,-12.320019894649993,1.9425216665856913,2.686434944693343,-0.2000151613640821,-0.018590423316660276,0.13746280678192724,-3.729597677473717e-05,0.9867117820929032,70,255,255,255
580,11.600131535997207,27.42761157766041,14.138305509857267,-12.324020206092838,1.9416080874327688,2.6924842266219646,-0.20001557214222487,-0.045678957646118956,0.3024640964310876,-2.0538907138323292e-05,0.9887593874316604,70,255,255,255
581,11.62014626599921,27.4664284797982,14.19225705723815,-12.328020529473603,1.94084510688945,2.6975773690441796,-0.20001616903828362,-0.03814902716594237,0.2546571211107569,-2.9844802937994963e-05,0.9906431843433169,70,255,255,255
582,11.640136696998525,27.50523290023755,14.246292238864887,-12.332020860496526,1.9402210219675973,2.701759081336838,-0.20001655114610664,-0.03120424609262673,0.20908561463294006,-1.9105391150742168e-05,0.9923762775020409,70,255,255,255
583,11.660151736999978,27.544027548935674,14.300393877386297,-12.336021202986238,1.9397324349061404,2.705081926070505,-0.20001712448564976,-0.02442935307284655,0.16614223668334116,-2.866697715633859e-05,0.9939707232080671,70,255,255,255
584,11.680154691999633,27.582814950215123,14.35454567490101,-12.340021556652351,1.9393700639724658,2.7075898757356196,-0.20001768330563766,-0.01811854668372992,0.12539748325573807,-2.7940999394376886e-05,0.9954376132576112,70,255,255,255
585,11.70017076899967,27.621583792391547,14.408810539163674,-12.344021909269614,1.9384421088211394,2.7132432131332425,-0.20001763086310495,-0.04639775756632414,0.2826668698811363,2.622126634682642e-06,0.9974852057249428,70,255,255,255
586,11.720105918997433,27.660336951343634,14.463169500677877,-12.348022239584768,1.937657947604421,2.7179480757100953,-0.20001651575770746,-0.03920806083592998,0.23524312884263576,5.5755269874474545e-05,0.999368990794888,70,255,255,255
587,11.740128847999586,27.69907743638333,14.517604906210773,-12.352022555744718,1.9370242519848828,2.7217702766448304,-0.2000158079974559,-0.03168478097690164,0.1911100467367577,3.5388012577353134e-05,1.0011020730592375,70,255,255,255
588,11.76014241699886,27.737808066590116,14.5721000043687,-12.356022862434997,1.9365315103392253,2.7247549078963593,-0.20001533451401188,-0.0246370822828732,0.14923156257643644,2.367417220158763e-05,1.002696508742439,70,255,255,255
589,11.780136556997604,27.776531445493628,14.626638880590173,-12.360023157857885,1.9361689451755635,2.726943811073671,-0.20001477114433194,-0.018128258183092827,0.10944515886558026,2.8168483996671156e-05,1.0041633895709845,70,255,255,255
590,11.800166656998044,27.815236194869065,14.681281960060574,-12.364023465264426,1.9352374687717784,2.732153973520059,-0.20001537032704553,-0.04657382018925693,0.2605081223194201,-2.9959135679574755e-05,1.0062113156116073,70,255,255,255
591,11.820166514997254,27.853925504434706,14.73601108245684,-12.36802378339831,1.934465478282059,2.736456119813409,-0.20001590669426048,-0.0385995244859727,0.21510731466749844,-2.6818360746805325e-05,1.0080954075689803,70,255,255,255
592,11.840168893999362,27.892602405296643,14.790809048926093,-12.372024111868166,1.9338450430968086,2.739898323462596,-0.20001642349276538,-0.031021759262513937,0.17211018245934318,-2.5839925245269013e-05,1.0098287721697634,70,255,255,255
593,11.860178868999355,27.931269790855715,14.845659611079096,-12.376024452720282,1.9333692779537173,2.7425281076501875,-0.20001704260577152,-0.023788257154561343,0.1314892093795863,-3.0955650306974114e-05,1.011423467602484,70,255,255,255
594,11.880167710998649,27.9699303285076,14.900547331477258,-12.380024801095798,1.9330268825943726,2.744386019908104,-0.20001741877581664,-0.017119767967234356,0.09289561289581805,-1.8808502255274195e-05,1.012890587400587,70,255,255,255
595,11.900137745000393,28.008571897256527,14.955529355325918,-12.38402514632639,1.9320784374462503,2.7491011924330127,-0.20001726152959562,-0.047422257406115165,0.23575862624543564,7.862311050377269e-06,1.0149382659359067,70,255,255,255
596,11.92012036899905,28.047197753123463,15.010588148159865,-12.388025482488064,1.9312927933468866,2.752939641697335,-0.20001680808367903,-0.03928220496818757,0.1919224632161094,2.2672295829556655e-05,1.016822130188401,70,255,255,255
597,11.940138375997776,28.085811095134343,15.06570723949192,-12.392025815349335,1.930667100543926,2.755954566602715,-0.20001664306356312,-0.031284640148037335,0.15074624526899694,8.251005795628652e-06,1.0185552853006958,70,255,255,255
598,11.9601559119983,28.12441494888851,15.120871048792948,-12.39602615018717,1.9301926877083562,2.75819046505143,-0.2000167418917609,-0.02372064177848876,0.1117949224357524,-4.941409889908099e-06,1.020149788004007,70,255,255,255
599,11.980130759999156,28.163012037028967,15.17606469625846,-12.400026478298596,1.9298544070227241,2.759682373275627,-0.20001640557125372,-0.016914034281598544,0.07459541120985058,1.6816025359162046e-05,1.0216167304910533,70,255,255,255
600,12.000116445997264,28.20159006133924,15.231342983836942,-12.404026813551338,1.928901215513541,2.7639143789241105,-0.20001676263709434,-0.04765957545915844,0.21160028242417095,-1.785329203035646e-05,1.0236647057106936,70,255,255,255
601,12.020123922000494,28.240152464733452,15.286689217953725,-12.408027157372835,1.9281201697106036,2.767311705839171,-0.20001719107481675,-0.039052290146862845,0.16986634575302517,-2.1421886120753797e-05,1.0255488429127628,70,255,255,255
602,12.040275449999172,28.278702969510732,15.34208815110379,-12.412027557187805,1.927525238864094,2.7699466575032474,-0.20001999074853494,-0.02974654232547902,0.13174758320381708,-0.00013998368590906196,1.0272822491386664,70,255,255,255
603,12.060135231997265,28.31724416008285,15.397524245989135,-12.416027964127178,1.9270595286058876,2.771804744267281,-0.20002034696860194,-0.023285512910325323,0.09290433820167276,-1.781100335040975e-05,1.0288769828664976,70,255,255,255
604,12.080103288000828,28.35577882717641,15.452983253870537,-12.420028366890305,1.9267333546779741,2.7729503940700937,-0.20002013815637215,-0.016308696395675115,0.05728249014062392,1.0440611489803686e-05,1.0303441378961025,70,255,255,255
605,12.100112407999404,28.39429427334834,15.50854923195714,-12.4240287805611,1.9257723085963252,2.7782989043301756,-0.2000206835397396,-0.04805230408244876,0.26742551300408746,-2.726916837264559e-05,1.0323922980362956,70,255,255,255
606,12.120103107998148,28.432793997380053,15.56420426207055,-12.428029200847229,1.9249862015856198,2.782751505670546,-0.20002101430642125,-0.039305350535267625,0.22263006701853172,-1.65383340823555e-05,1.0342766053652734,70,255,255,255
607,12.140162059000431,28.47128153168472,15.619931622913212,-12.432029645543635,1.9243767152333853,2.7863680421331045,-0.20002223482024833,-0.03047431761173236,0.18082682312792686,-6.102569135399416e-05,1.036010168107933,70,255,255,255
608,12.160129633997713,28.50975992383107,15.675715126921013,-12.436030102098185,1.9239196073174762,2.789175200390003,-0.20002282772748983,-0.02285539579545115,0.14035791284493193,-2.9645362074337545e-05,1.0376050458311799,70,255,255,255
609,12.180113624999649,28.54823210569237,15.731539531518711,-12.440030563946024,1.9236090930651237,2.7912202298849134,-0.20002309239196375,-0.015525712617628029,0.1022514747455241,-1.3233223695424678e-05,1.039072333336567,70,255,255,255
610,12.200202209998679,28.5866847304097,15.787484180880666,-12.444031021297159,1.922631235866561,2.79723246809772,-0.20002286755673956,-0.04889285992814307,0.30061191064032977,1.1241761208757861e-05,1.0411201875044804,70,255,255,255
611,12.22016650599835,28.62512133295935,15.84353029093338,-12.44803146226435,1.9218301274824727,2.8023055026356745,-0.20002204835953286,-0.04005541920440692,0.25365172689773896,4.0959860335282317e-05,1.0430042133389608,70,255,255,255
612,12.240310860997852,28.663545838043298,15.89966074527398,-12.452031933318684,1.9212252541973784,2.806522717030036,-0.20002355271677524,-0.030243664254719915,0.21086071971806808,-7.521786211872605e-05,1.0447375171066826,70,255,255,255
613,12.260157147997234,28.70196100041975,15.95585815585394,-12.456032382713088,1.9207581188225749,2.8098705289979846,-0.20002246972022647,-0.02335676874017789,0.16739059839742199,5.414982743873198e-05,1.0463321565729868,70,255,255,255
614,12.280125008997857,28.740369813546554,16.012106545411328,-12.460032800743647,1.920440656340243,2.8124194778693727,-0.2000209015279283,-0.01587312411659192,0.12744744356941284,7.840961490818144e-05,1.0477992248819867,70,255,255,255
615,12.300243816000147,28.778758875370304,16.0684817075358,-12.464033213512302,1.919453091187438,2.818758106223489,-0.20002063843273912,-0.04937825764025816,0.31693141770580624,1.3154759459038656e-05,1.0498470634552854,70,255,255,255
616,12.320082709997223,28.817131432931053,16.124963922935073,-12.468033569120417,1.918627878037433,2.8241107699637373,-0.20001778040572218,-0.04126065750023944,0.2676331870124069,0.00014290135084712996,1.0517310749427202,70,255,255,255
617,12.340122082998278,28.855491206386088,16.18153527328903,-12.472033883028011,1.9179886727517375,2.8285675176976914,-0.2000156953796939,-0.03196026428478205,0.2228373866977078,0.00010425130141386574,1.0534643655111602,70,255,255,255
618,12.360172922999482,28.893841749832227,16.238178817895758,-12.476034173503663,1.9175271723069733,2.8321772303364376,-0.200014523782639,-0.02307502223820257,0.18048563193731848,5.857985274557165e-05,1.055058992834125,70,255,255,255
619,12.38009037699885,28.932185992053288,16.29487799196772,-12.48003441507381,1.917212111053103,2.834958703598108,-0.20001207850734512,-0.015753062693513176,0.13907366308351854,0.00012226376469487432,1.0565260499712525,70,255,255,255
620,12.400097203000769,28.970510358667713,16.35170515107214,-12.484034657345148,1.9162183307213132,2.84135795522093,-0.20001211356695736,-0.04968901658949476,0.31996258114108445,-1.7529806127514203e-06,1.058573829697396,70,255,255,255
621,12.420142240000132,29.008818867343717,16.408641232767668,-12.488034914299813,1.9154254338001748,2.8468040847764353,-0.2000128477332756,-0.039644846056920535,0.27230647777528105,-3.6708315912403755e-05,1.0604577870454484,70,255,255,255
622,12.440099478997581,29.047115039108512,16.465667795694653,-12.492035170962158,1.9148085882398163,2.851328146349363,-0.20001283311720067,-0.030842278017925384,0.22620307864638045,7.308037462405714e-07,1.0621910278056563,70,255,255,255
623,12.460111035998125,29.08540237728435,16.52276757574271,-12.4960354306373,1.9143669087919826,2.8549890024027826,-0.20001298375711143,-0.022083972391680806,0.18304280267098427,-7.531995537851666e-06,1.0637856093050477,70,255,255,255
624,12.480136379999749,29.123684233246294,16.57992428220846,-12.500035700839073,1.9140927980972118,2.857835323287627,-0.2000135100886422,-0.013705534738539304,0.14231604424220867,-2.6316576539203718e-05,1.0652526242844877,70,255,255,255
625,12.50009048299762,29.161945774256697,16.6372056750007,-12.504035944919236,1.9130770505200763,2.8640696396120147,-0.2000122040081539,-0.05078737885677209,0.3117158162193818,6.530402441606853e-05,1.0672999069439935,70,255,255,255
626,12.520089443998586,29.200190997422236,16.694592619499563,-12.508036163722078,1.9122611582768911,2.869347224943139,-0.20001094014209728,-0.04079461215925595,0.2638792665562306,6.319330283066638e-05,1.0691834069907387,70,255,255,255
627,12.540663782998308,29.238425527341338,16.752069261818804,-12.512036542202633,1.9117264959550095,2.873832115962051,-0.20001892402777216,-0.02673311609407847,0.22424455094558393,-0.00039919428374454724,1.0709162270337442,70,255,255,255
628,12.560113576997537,29.276651069701714,16.809616057555747,-12.51603689410875,1.9112771180187893,2.8773397868471617,-0.20001759530584984,-0.022468896811009165,0.1753835442555447,6.643609611661772e-05,1.0725104214733094,70,255,255,255
629,12.58012059199973,29.31487102533712,16.86721675163673,-12.520037222716645,1.910997781770263,2.8800347040490477,-0.20001643039478867,-0.013966812426308595,0.13474586009429856,5.824555305888879e-05,1.0739770803577093,70,255,255,255
630,12.600108146998537,29.353070604170092,16.92493653478643,-12.52403753871124,1.9099789416486868,2.8859891574849934,-0.20001579972976552,-0.05094200607881372,0.2977226717972825,3.153325115801131e-05,1.0760249625147322,70,255,255,255
631,12.620133778000309,29.391253991501852,16.982756654686785,-12.528037850545664,1.9091693665880507,2.8910059950177107,-0.20001559172110447,-0.04047875303180071,0.250841876635874,1.0400433052393243e-05,1.0779090140991932,70,255,255,255
632,12.64010275399778,29.429424966125936,17.04065909518326,-12.532038148042908,1.9085487312041076,2.8951220248236447,-0.20001487486216887,-0.031031769197157333,0.20580149029670602,3.584294677996813e-05,1.0796423415568974,70,255,255,255
633,12.66014966199873,29.467587349351003,17.098627103604667,-12.536038446597768,1.9081191612534263,2.8984004210703596,-0.20001492774300506,-0.021478497534064722,0.16391981233574437,-2.644041808524955e-06,1.0812370028179852,70,255,255,255
634,12.680093514998589,29.50574441717744,17.15664441200678,-12.54003872770206,1.907853391321758,2.9008654201057134,-0.20001405521459992,-0.01328849658342035,0.12324995176769571,4.3626420257403264e-05,1.082704091178186,70,255,255,255
635,12.700134201000765,29.543880720516796,17.214772649801432,-12.54403897419433,1.9068151669678175,2.9064118897325155,-0.20001232461352333,-0.0519112176970169,0.2773234813401184,8.653005382930345e-05,1.0847514545845556,70,255,255,255
636,12.720097990000795,29.582000371277754,17.27299328976586,-12.548039176169391,1.9059825380479698,2.911031998221443,-0.20001009875313025,-0.041631445992380334,0.23100542444638128,0.00011129301965409621,1.0866350289184155,70,255,255,255
637,12.740118950998294,29.620107444248994,17.33128900081673,-12.552039342682638,1.9053536485620364,2.914785552543475,-0.20000832566231572,-0.03144447429667685,0.1876777161016019,8.865454072648493e-05,1.0883679173055667,70,255,255,255
638,12.760138333000214,29.658205784803553,17.389643365204858,-12.556039481797598,1.9049170277278669,2.917718219406317,-0.20000695574792102,-0.02183104170848038,0.14663334314209608,6.849571973469026e-05,1.0899621746217458,70,255,255,255
639,12.780135947999952,29.69629895190954,17.448040767938608,-12.560039594172382,1.9046583552993408,2.919870136687571,-0.2000056187391891,-0.012933621426299613,0.10759586406271504,6.68504365964051e-05,1.0914288913526307,70,255,255,255
640,12.800118564999138,29.73437145823899,17.50654047232029,-12.564039701860722,1.9036253164723824,2.9249852190840526,-0.20000538441699664,-0.0516519413479235,0.2557541198240729,1.1716109622139648e-05,1.093476864699779,70,255,255,255
641,12.820173320000322,29.772427802644366,17.565124886312212,-12.568039822493104,1.902817220268875,2.929220699596239,-0.20000603161908745,-0.040404810175378,0.21177402560932634,-3.2360104540746226e-05,1.0953610001791556,70,255,255,255
642,12.840132797999104,29.810471935019663,17.623776947602746,-12.572039942132832,1.902206618764953,2.9326030645266896,-0.20000598198644284,-0.030530075196105066,0.16911824652253182,2.4816322307386063e-06,1.097094404820182,70,255,255,255
643,12.860111312998924,29.848507648722887,17.682480587360075,-12.576040053772845,1.9017856851612136,2.9351819878664895,-0.2000055820005757,-0.021046680186964428,0.12894616698999117,1.9999293357025882e-05,1.0986891370899263,70,255,255,255
644,12.880132253998454,29.886538658743635,17.74122079213642,-12.580040164415617,1.9015505010373654,2.937010238817222,-0.20000553213865205,-0.011759206192403893,0.09141254753661299,2.493096182748511e-06,1.100156290778091,70,255,255,255
645,12.900119245998212,29.92454877441614,17.800053491243244,-12.58404026442908,1.9005057836253139,2.9416349553411534,-0.20000500067306887,-0.05223587060258006,0.231235826196579,2.6573279159641805e-05,1.1022040918567846,70,255,255,255
646,12.920092798998667,29.962542348585828,17.858961454732786,-12.588040345827926,1.8996787084842577,2.945398174477016,-0.200004069942351,-0.0413537570528133,0.18816095679312062,4.6536535892871544e-05,1.1040880688491825,70,255,255,255
647,12.940103134998935,30.00052361709939,17.917928517873577,-12.592040412906318,1.899063425678133,2.948353157039487,-0.20000335391957277,-0.03076414030624086,0.14774912812355856,3.580113891119008e-05,1.1058213276821887,70,255,255,255
648,12.960197630000039,30.038496850650578,17.976939738672023,-12.596040496654556,1.8986616775594671,2.950561039922266,-0.2000041874119075,-0.020087405933286062,0.1103941441389309,-4.167461673618145e-05,1.1074159258085543,70,255,255,255
649,12.980072746999213,30.07646537453785,18.03598009539628,-12.600040555975893,1.8984261943636942,2.952017836212802,-0.20000296606682993,-0.011774159788651373,0.07283981452680299,6.106725387866607e-05,1.1088829560848108,70,255,255,255
650,13.0000793170002,30.114412910214945,18.095103235409578,-12.604040613337027,1.8973767838546733,2.956157000664828,-0.20000286805669806,-0.05247052545104358,0.2069582226013047,4.900506594240905e-06,1.110930891258813,70,255,255,255
651,13.020079735000763,30.15234400225499,18.154292797759233,-12.608040668897553,1.8965546020021162,2.9594781174828144,-0.2000027780262924,-0.04110909262785145,0.1660558408993258,4.501520282668148e-06,1.112814991618895,70,255,255,255
652,13.040088082998409,30.190262974242533,18.213533329863306,-12.61204072534797,1.8959485993771323,2.962026605203651,-0.20000282252083126,-0.030300131249189288,0.12742438604183004,-2.224726942334776e-06,1.1145483639501703,70,255,255,255
653,13.060098071000539,30.228173914987153,18.27281023156569,-12.616040785740724,1.8955470372309848,2.963845085119198,-0.20000301963769848,-0.02007810730737547,0.09092399577734556,-9.855843360689898e-06,1.1161430664949437,70,255,255,255
654,13.080084918998182,30.266080606771826,18.33210962426433,-12.620040845534007,1.8953345892336595,2.964969634932047,-0.20000298966409577,-0.010622399866268895,0.056227490642456246,1.4986801361305258e-06,1.117610192836135,70,255,255,255
655,13.100084055997286,30.303965913751313,18.39151365507054,-12.624040879588437,1.894265348974351,2.9702015403105073,-0.20000170272151632,-0.053462012965422856,0.2615952689230139,6.434712897288031e-05,1.119657572726444,70,255,255,255
656,13.120106025999121,30.341834572826762,18.451004932211802,-12.62804089642426,1.8934329537725358,2.9745638570632043,-0.20000084179116656,-0.04161976009076218,0.21811583763485354,4.304651748762711e-05,1.1215411622255282,70,255,255,255
657,13.140085545997863,30.379690927481896,18.510566789875572,-12.632040890494055,1.8928177327565923,2.9780928831885363,-0.1999997034897519,-0.03076105079717939,0.17645130626659267,5.691507073229962e-05,1.1232740645646857,70,255,255,255
658,13.160145306999766,30.417539337049686,18.57018378564297,-12.636040882296793,1.8924204783894991,2.980849788369934,-0.19999959013686883,-0.01986271835465736,0.13784525906987932,5.6676441542447e-06,1.1248683347167105,70,255,255,255
659,13.180078727000364,30.45538350772407,18.62984078579235,-12.640040850676012,1.8922085337191041,2.9828500074689623,-0.19999841896094928,-0.01059723351975439,0.10001095495142387,5.8558795977409206e-05,1.1263350632565734,70,255,255,255
660,13.200087642999279,30.49320626989715,18.689616160835406,-12.644040809280035,1.8911381086540524,2.9887687521528608,-0.1999979302011885,-0.05352125325258372,0.29593723419491,2.443798803819508e-05,1.1283828140057617,70,255,255,255
661,13.220082949999778,30.531012376641932,18.749491628928745,-12.64804075725985,1.8903053372391372,2.9937734046668276,-0.1999973989906995,-0.04163857074576183,0.2502326256983394,2.6560524450269796e-05,1.130266744695015,70,255,255,255
662,13.240082651998819,30.56880633655972,18.809449863555397,-12.652040695240778,1.889697995889381,2.9979117313325263,-0.19999689904643936,-0.030367067487818478,0.20691633328492687,2.4997213007055263e-05,1.131999960929128,70,255,255,255
663,13.26011804600057,30.60659252138507,18.869474596127898,-12.656040635248067,1.8893092412674672,3.0012366286249734,-0.19999700036438858,-0.019437731095686805,0.166244864622354,-5.065897461298263e-06,1.133594519864512,70,255,255,255
664,13.280142453000735,30.644375017830207,18.92955038136763,-12.66004058506636,1.8891248222568666,3.003789261986667,-0.19999749091468036,-0.009220950530030692,0.12763166808466275,-2.4527514589117727e-05,1.1350615140850653,70,255,255,255
665,13.300096166000003,30.682136058595656,18.98975127736604,-12.66404053842601,1.8880520382724506,3.0100447999204434,-0.19999766798248858,-0.053639199220800515,0.31277689668882536,-8.85339041148403e-06,1.1371095374231348,70,255,255,255
666,13.320094874998176,30.719880509225767,19.05005857185875,-12.668040494776038,1.8872225315055713,3.015364724635466,-0.1999978175014272,-0.04147533834396411,0.2659962357511292,-7.4759469310126114e-06,1.1389937188941588,70,255,255,255
667,13.34010634799779,30.75761301072125,19.11045455940408,-12.672040457678223,1.886625074774234,3.0197993772666027,-0.1999981451092209,-0.0298728365668659,0.22173263155685108,-1.6380389684655938e-05,1.140727165847501,70,255,255,255
668,13.360101415000827,30.795337892242202,19.170922385152977,-12.676040425220231,1.8862440760476242,3.023391287444904,-0.1999983771004209,-0.019049936330487238,0.17959550891506293,-1.1599559999436737e-05,1.1423219370445756,70,255,255,255
669,13.38013751499966,30.833059366696656,19.231446265245317,-12.680040408727606,1.8860737227227482,3.026194004617074,-0.19999917536876952,-0.008517666243796018,0.1401358586085073,-3.991341743103671e-05,1.1437891265458844,70,255,255,255
670,13.400077058999159,30.870759305987246,19.292096540042508,-12.684040405460495,1.884996964529464,3.0325137398595476,-0.1999998366444373,-0.05383790966421542,0.3159867621236665,-3.3063783388825874e-05,1.1458373218069426,70,255,255,255
671,13.420126453998819,30.908442840384936,19.352854558769938,-12.688040430436994,1.884176719884475,3.0379009363714435,-0.2000012488249285,-0.04101223224944439,0.26935982559479177,-7.060902456065832e-05,1.1477216614471164,70,255,255,255
672,13.440115886998683,30.946114626713864,19.413702360187514,-12.692040478541083,1.8835893164463484,3.0423900708788976,-0.20000240520446813,-0.02937017190632374,0.22445672537270234,-5.7818976980955616e-05,1.1494552539160763,70,255,255,255
673,13.46011504299895,30.98377909229923,19.474622958770226,-12.696040548038061,1.883223279268238,3.0460299291356305,-0.20000347484891248,-0.018301858905520607,0.18199291283665398,-5.348222221782106e-05,1.1510501589875193,70,255,255,255
674,13.480166456000006,31.021440577762313,19.53560049573113,-12.70004065398532,1.8830742731541539,3.0488768480453463,-0.20000529736294892,-0.007450305704201909,0.14234594548579205,-9.112570182170932e-05,1.152517471653247,70,255,255,255
675,13.500132093999127,31.05907997018671,19.59670084595681,-12.704040731448087,1.8819696212197146,3.0550175112838978,-0.2000038731383023,-0.055232596721960237,0.3070331619275688,7.121123233089222e-05,1.15456478986988,70,255,255,255
676,13.520149068997853,31.096702426446853,19.65790535428211,-12.708040787443489,1.8811228130071862,3.0602254162649527,-0.20000279977009283,-0.04234041062642202,0.26039524905274813,5.3668410473661776e-05,1.1564483226291826,70,255,255,255
677,13.54007780199754,31.134312538728185,19.719195936989607,-12.712040800364536,1.880505614066548,3.0645291353748374,-0.2000006460523388,-0.03085994703191486,0.21518595549424369,0.00010768588770160292,1.158181172767741,70,255,255,255
678,13.560170208998898,31.171915167192186,19.780556164744624,-12.716040802345255,1.8801314232000585,3.068011387750841,-0.20000009903598795,-0.01870954332447039,0.1741126188001889,2.7350817542903805e-05,1.1597753948952145,70,255,255,255
679,13.58011384999918,31.209514416313556,19.84196983986498,-12.720040776004018,1.8799624560684836,3.0706837560177203,-0.1999986829381651,-0.008448356578750094,0.1336184133439593,7.080489114150157e-05,1.1612420792524905,70,255,255,255
680,13.600135123997461,31.24709167897411,19.90350094100206,-12.724040750400048,1.8788631330277434,3.0765550568540383,-0.1999987198015082,-0.054966152037011495,0.2935650418158984,-1.8431671550966922e-06,1.163290029175904,70,255,255,255
681,13.620121915999334,31.28465210847565,19.965130956638955,-12.728040721303516,1.8780214750769029,3.0815007818446887,-0.1999985451733982,-0.04208289754202621,0.24728624953252565,8.731405500367329e-06,1.1651741431054448,70,255,255,255
682,13.640100729000551,31.322200550322115,20.02684229296144,-12.732040682190691,1.8774220923231844,3.085566816124192,-0.19999804435871688,-0.02996913768592857,0.20330171397516228,2.5040734066839043e-05,1.166907527920622,70,255,255,255
683,13.660163533997547,31.359741847241846,20.08861864720962,-12.736040653822728,1.8770648459864911,3.0888177124090985,-0.1999985816018944,-0.017862316834659442,0.16254481424533518,-2.686215887598431e-05,1.1685022419505853,70,255,255,255
684,13.680135296999651,31.39728027149698,20.150444194539897,-12.740040626564488,1.8769212127567578,3.0912773665137925,-0.19999863708795193,-0.007181661486669322,0.12298270523470123,-2.774302875846457e-06,1.1699693788581513,70,255,255,255
685,13.70013433799977,31.434796434663923,20.212379127709173,-12.744040588044198,1.8758081583470712,3.0967466584638164,-0.19999807398547897,-0.05565272048433867,0.2734645975011958,2.8155123647205516e-05,1.1720170083126582,70,255,255,255
686,13.7201352459997,31.472295649452494,20.27440547269686,-12.748040539289773,1.874960739428599,3.101317249384206,-0.19999756227877646,-0.0423709459236119,0.2285295460194865,2.5585335125200004e-05,1.1739008274108045,70,255,255,255
687,13.740109088997997,31.509782850319333,20.33650606901031,-12.75204047262303,1.874360043341877,3.105029815672398,-0.19999666666280283,-0.03003480433610317,0.18562831440959782,4.478079868158735e-05,1.1756339409810992,70,255,255,255
688,13.760128107998753,31.547262839439156,20.398664865038263,-12.756040395311452,1.8739994559911322,3.1079398013976967,-0.19999613442113917,-0.018029367537241825,0.1454992862649327,2.6612083182525614e-05,1.1772284054657702,70,255,255,255
689,13.78010385699963,31.584740003930996,20.460866489448662,-12.76004030035711,1.8738582245919866,3.110081220520013,-0.19999525228291562,-0.007061569957279135,0.10707095611580808,4.4106911177177466e-05,1.1786953127916675,70,255,255,255
690,13.800082481997379,31.622194746505635,20.523168408000636,-12.764040194175617,1.872737128732003,3.115095927598606,-0.19999469092533784,-0.0560547929991837,0.2507353539296542,2.8067878888954345e-05,1.1807428999928709,70,255,255,255
691,13.820082999998704,31.65963248654759,20.585553243214644,-12.768040077776252,1.8718870020978593,3.119241760700409,-0.19999418003175537,-0.042506331707187206,0.20729165509015335,2.5544679122857517e-05,1.182626680217978,70,255,255,255
692,13.840111886998784,31.69705843626316,20.648004652872114,-12.772039961202166,1.8712974857784206,3.122570482873448,-0.19999417129573835,-0.029475815971934605,0.1664361086519559,4.368008515165389e-07,1.1843597580250762,70,255,255,255
693,13.860080984999513,31.73447732266598,20.710506904737407,-12.776039834761722,1.8709443201410194,3.1251125932647486,-0.19999367797782086,-0.01765828187006302,0.12710551956502192,2.466589587493684e-05,1.1859541896076067,70,255,255,255
694,13.880078210997453,31.771893690459766,20.773045253376072,-12.780039698361525,1.870818389689307,3.126917431933256,-0.19999317999018099,-0.006296522585624187,0.09024193342537012,2.489938199423669e-05,1.1874210666635348,70,255,255,255
695,13.900091261999478,31.809287751604984,20.835674639259903,-12.784039580649083,1.8697030572608158,3.1314692941914597,-0.19999411437781778,-0.05576662142455957,0.2275931129101907,-4.671938183900548e-05,1.1894693026316485,70,255,255,255
696,13.92014418799954,31.84666518336591,20.89837859003596,-12.788039497627786,1.8688715880464266,3.1351975388028803,-0.19999584893519276,-0.041573460719459776,0.1864122305710212,-8.672786874852623e-05,1.1913536797223132,70,255,255,255
697,13.940077208997536,31.884030965281983,20.961140969042336,-12.792039425915721,1.868289095803706,3.1381189503187117,-0.199996414396797,-0.029124612136029793,0.14607057579156146,-2.8273080211166368e-05,1.1930873066457246,70,255,255,255
698,13.960121276999416,31.921390152110433,21.023947008276956,-12.796039379050836,1.8679593414225635,3.140301961730919,-0.19999765675570014,-0.016487719057117767,0.1091505706103506,-6.211794515681435e-05,1.194682243415263,70,255,255,255
699,13.980103115998645,31.958747306742392,21.086782479162295,-12.800039349805761,1.8678577315978904,3.141773544266957,-0.19999853774624765,-0.005080491233659945,0.07357912680190593,-4.4049527376244235e-05,1.1961495852432384,70,255,255,255
700,14.000093437000032,31.996081701370628,21.14969859449768,-12.804039307491381,1.8667197314118171,3.1458057667691053,-0.19999788428099596,-0.05690000930366357,0.20161112510740953,3.267326258504788e-05,1.1981971066930845,70,255,255,255
701,14.020077819997823,32.033398916589555,21.212679380348376,-12.808039247962117,1.865860760946296,3.1490392925348454,-0.19999702353677443,-0.042948523276058914,0.16167628828701242,4.3037211077345816e-05,1.200080826426943,70,255,255,255
702,14.040082363000693,32.07070429015699,21.275709808060228,-12.81203917379987,1.865268678371651,3.151521385592535,-0.19999629188759319,-0.029604128732247714,0.12410465288448735,3.6582459062212136e-05,1.2018138485820926,70,255,255,255
703,14.060116485998151,32.108002953167905,21.33877580379043,-12.816039096920635,1.8649331505456832,3.153299786510149,-0.19999615603830198,-0.016776391298384707,0.08892004588070002,6.7924645598960165e-06,1.2034082289648302,70,255,255,255
704,14.08008812999833,32.145299539655674,21.401863801310512,-12.820039008536522,1.864829324388429,3.1543998760040464,-0.1999955807943099,-0.005191307862707717,0.05500447469487435,2.876219960359916e-05,1.204875058916949,70,255,255,255
705,14.10015016199759,32.18257332483134,21.465042879927726,-12.824038919660037,1.863689258783072,3.1589539308607333,-0.1999955561757161,-0.05700328026785084,0.22770274283435255,1.2309296899826183e-06,1.2069228592344483,70,255,255,255
706,14.12008181299825,32.21982982000054,21.528296101517604,-12.828038808591245,1.862824758460089,3.162661079493965,-0.19999444656036727,-0.043225016149146755,0.18535743166160357,5.548076744144037e-05,1.2088068355265476,70,255,255,255
707,14.140088099000423,32.257074472286604,21.59160776117547,-12.832038678850914,1.8622326143032963,3.165582982893319,-0.1999935129834776,-0.029607207839634997,0.14609516996767713,4.667884448417148e-05,1.210540093715279,70,255,255,255
708,14.16010794199974,32.29431246431646,21.654963063742663,-12.836038538116682,1.861899601492917,3.167765128359535,-0.19999296328841676,-0.01665064051896481,0.10910727331082493,2.7484753041373544e-05,1.212134691248912,70,255,255,255
709,14.18012106599781,32.33154865691503,21.71834800173256,-12.840038391473037,1.8618096299284628,3.1692468994948655,-0.19999266781776728,-0.004498578222706939,0.07408855676652637,1.4773532473394413e-05,1.2136017209798542,70,255,255,255
710,14.200107270000444,32.36876196152405,21.78182922984114,-12.844038251527413,1.8606652304509823,3.1740614054288865,-0.19999300271882334,-0.05721997387402444,0.24072529670104492,-1.674505280244154e-05,1.2156495791020325,70,255,255,255
711,14.220118401997752,32.40595824575791,21.845389691517465,-12.848038121664082,1.8598142116929983,3.1780230838161625,-0.19999350683342276,-0.042550937899196395,0.19808391936379888,-2.5205729971583546e-05,1.2175336085744366,70,255,255,255
712,14.24012624199895,32.44314304187235,21.90901321197636,-12.852038003994688,1.8592398057219766,3.181176022944874,-0.19999411653023202,-0.028720298551083268,0.15764695643557003,-3.0484840462918772e-05,1.2192669156890483,70,255,255,255
713,14.260111453997524,32.48032149615914,21.9726843839275,-12.856037893243704,1.8589227143398328,3.1835585975569756,-0.1999944624507614,-0.01585456910718297,0.11912873060509632,-1.7296026469770798e-05,1.220861558234491,70,255,255,255
714,14.28009792100056,32.517498460295506,22.0363886539382,-12.860037784842667,1.85884820681816,3.185213500534954,-0.1999945799481863,-0.0037253760836422067,0.08274514889891282,-5.874871245148405e-06,1.2223286293762985,70,255,255,255
715,14.300111037999159,32.55465220152564,22.100190015705245,-12.864037663538905,1.857687061506897,3.190068088352205,-0.1999939348118615,-0.0580572655631455,0.24272939086253587,3.225681624030585e-05,1.2243760677896447,70,255,255,255
716,14.320101160999911,32.59178863563156,22.16407107723166,-12.868037527140025,1.8568217052960194,3.1940530763207713,-0.1999931800560292,-0.04326781054387552,0.19924939842831613,3.773779161519997e-05,1.2262597111299232,70,255,255,255
717,14.340103589998762,32.62891339051894,22.22801541824249,-12.872037377547255,1.8562377443691371,3.1972170505414224,-0.19999252036143883,-0.029198046344109496,0.15819871103255778,3.298472951854259e-05,1.2279926630029794,70,255,255,255
718,14.360165228998085,32.666031964577876,22.29200777053619,-12.876037235516053,1.8559287029467693,3.1996176146851503,-0.19999289843993473,-0.01545207111839808,0.12002820718639517,-1.8903924794755333e-05,1.229586978726191,70,255,255,255
719,14.380129183999088,32.70314922359558,22.35603326287012,-12.880037089285578,1.855862950885189,3.201274616696475,-0.19999268847623305,-0.003287603079014989,0.08285010056623188,1.0498185084417688e-05,1.2310537491915459,70,255,255,255
720,14.400150133998977,32.740243194165274,22.42015414330721,-12.884036939759033,1.8546985284846904,3.2060440218546047,-0.19999252367281065,-0.05822112002493052,0.23847025790649168,8.24017111999975e-06,1.2331014455070937,70,255,255,255
721,14.420091912998032,32.77731973693373,22.484352711067704,-12.888036768742708,1.8538271384224951,3.2099283880245375,-0.19999144918370199,-0.04356950310976715,0.19421830849663424,5.372445543244675e-05,1.2349853261173975,70,255,255,255
722,14.440132340998389,32.81438470447018,22.548612651382292,-12.892036590736573,1.8532483768226122,3.212997015729375,-0.1999910996932516,-0.028938079994139887,0.1534313852418614,1.7474522519239644e-05,1.236718496278877,70,255,255,255
723,14.460160466998786,32.851443577343694,22.61291847427117,-12.896036415445147,1.85294364367587,3.215291144443765,-0.19999123542872538,-0.015236657337117654,0.11470643571950623,-6.786773688871595e-06,1.2383130128274382,70,255,255,255
724,14.480176646997279,32.88850147881345,22.67725549145828,-12.900036248163614,1.8528950734878098,3.216850859355441,-0.19999163592336075,-0.0024285094030129795,0.07798574558380134,-2.002473176807018e-05,1.2397799680521147,70,255,255,255
725,14.500129207997816,32.9255361061691,22.741684167493126,-12.904036095592952,1.8517313677822058,3.221433801742439,-0.19999237146684432,-0.05818528528020117,0.22914711934989906,-3.677717417890913e-05,1.2418280344935975,70,255,255,255
726,14.520122975998675,32.96255358051131,22.806187089171793,-12.90803595510038,1.8508737171106238,3.2251460839333808,-0.1999929753713856,-0.04288253357909855,0.18561410954708624,-3.0195227064572228e-05,1.2437122556197615,70,255,255,255
727,14.540122880000126,32.99955970275476,22.870747797269917,-12.91203582615528,1.850306112172192,3.228035404906273,-0.1999935527450835,-0.028380246921594132,0.1444660486446132,-2.8868684895710928e-05,1.2454457390558324,70,255,255,255
728,14.560071023999626,33.03655977829057,22.935350491631098,-12.9160356916772,1.8500037767905102,3.2301347180591007,-0.19999327609595943,-0.015116769084089876,0.10496565764137067,1.383245620384388e-05,1.2470405438170178,70,255,255,255
729,14.580072163000295,33.073558973445145,22.999980494589163,-12.92003555257776,1.8499597577289717,3.231500147903321,-0.19999304502803997,-0.0022009530769206975,0.06827149221101791,1.1553395973445957e-05,1.2485077641973084,70,255,255,255
730,14.600110535997374,33.11053456078813,23.064696314629064,-12.924035407788482,1.8487793671492756,3.235791001994993,-0.19999276053613582,-0.05901952898480323,0.2145427045835837,1.4224595207945612e-05,1.2505553061833208,70,255,255,255
731,14.620115813999291,33.14749281273808,23.129480801994557,-12.92803525957138,1.8479125974972292,3.2392243682746247,-0.19999258914491883,-0.04333848260231954,0.17166831398159488,8.569560849713831e-06,1.252439044810452,70,255,255,255
732,14.640169900998444,33.18443980929384,23.194317949398073,-12.932035125677112,1.8473498277881744,3.241857370175744,-0.1999933052865294,-0.028138485452747775,0.13165009505595826,-3.58070805285271e-05,1.2541720843474131,70,255,255,255
733,14.66011621099824,33.22138093877658,23.259192132543376,-12.936034988279737,1.847056474137169,3.2437091572651147,-0.1999931301311815,-0.014667682550268957,0.09258935446853522,8.757767395284333e-06,1.255766480721417,70,255,255,255
734,14.680073838997487,33.25832131181311,23.324088657126225,-12.940034834250236,1.847018651826484,3.2448262291424976,-0.19999229852493258,-0.0018911155342422603,0.055853593869146234,4.158031244549942e-05,1.2572333253855008,70,255,255,255
735,14.700152166999032,33.29523803100121,23.389064767884943,-12.944034685747864,1.8458359594048717,3.2488055379358913,-0.1999925748814186,-0.059134621080618066,0.19896543966969382,-1.3817824301126658e-05,1.2592811542757645,70,255,255,255
736,14.720252537998022,33.33213777000828,23.4541040292982,-12.948034574797317,1.8449869503533465,3.251963070662965,-0.199994452472689,-0.042450452576264563,0.15787663635368254,-9.387956351838977e-05,1.261165156854807,70,255,255,255
737,14.740110095997807,33.369026052248365,23.5191897759313,-12.952034453741568,1.8444141120043127,3.254287331654938,-0.19999394721252345,-0.028641917451684096,0.11621304959864442,2.5263008276821264e-05,1.2628984392275262,70,255,255,255
738,14.760115445998963,33.40590856099591,23.58430694656398,-12.956034325092617,1.8441254373771994,3.255858531634048,-0.19999356755244632,-0.01443373135567172,0.07855999895549015,1.8983003856387626e-05,1.2644930590104277,70,255,255,255
739,14.780110024999885,33.44279061329927,23.64944128391009,-12.960034187777175,1.8441026151680566,3.256716867305438,-0.19999313422790477,-0.0011411104571354969,0.04291678356951856,2.1666227078304123e-05,1.2659601092106971,70,255,255,255
740,14.800107692997699,33.479648758957374,23.71464811504626,-12.964034044211736,1.8429072829049258,3.260341556808413,-0.19999282172800611,-0.05976661315654641,0.18123447514875535,1.5624994932184055e-05,1.2680076694711602,70,255,255,255
741,14.820119954998518,33.51648949857427,23.779910976320927,-12.968033898924844,1.8420369808450656,3.2631430637333914,-0.19999273565534958,-0.04351510299300876,0.14007534624890683,4.303632826302417e-06,1.2698914249107862,70,255,255,255
742,14.840071389000514,33.553318775917866,23.845214021956764,-12.972033736711126,1.8414638671797645,3.265152281791894,-0.19999188931403586,-0.028655683265056853,0.10046090292511822,4.231706568652571e-05,1.2716244799152423,70,255,255,255
743,14.860096689000784,33.59014243284081,23.91054263300411,-12.976033566941732,1.8411828461469373,3.2664305523672748,-0.19999151153030276,-0.014051051641360779,0.06391352876905021,1.8889186655240975e-05,1.2732188905193418,70,255,255,255
744,14.880076497000118,33.62696582410285,23.975882817117565,-12.980033383880194,1.8411695631021379,3.267009205672853,-0.19999084692313443,-0.0006641522399686295,0.028932665278896152,3.323035841673594e-05,1.2746857482751133,70,255,255,255
745,14.900633724999352,33.66376527877898,24.041288661113647,-12.98403320700254,1.8399727338067338,3.270292199804106,-0.1999911561173178,-0.059841464770204356,0.1641497065626738,-1.545970916855266e-05,1.2767335724336404,70,255,255,255
746,14.92016584799785,33.70054585673048,24.10674189306052,-12.9880328865001,1.8390288975747229,3.2726615973436117,-0.1999839748780385,-0.04719181160054586,0.118469876975277,0.0003590619639642356,1.2786175706594853,70,255,255,255
747,14.940086751998024,33.73731358852889,24.172227059254336,-12.992032406192447,1.8383865899205407,3.274258309690907,-0.1999759846173138,-0.032115382709113405,0.07983561736475941,0.00039951303623497747,1.2803508490272628,70,255,255,255
748,14.960100742999202,33.77407446134373,24.237730012555247,-12.996031780913505,1.838043640741925,3.275147665045535,-0.1999687360528638,-0.017147458930791615,0.04446776773142247,0.000362428222500627,1.2819454651256181,70,255,255,255
749,14.980171568000515,33.81083429595751,24.303237688994216,-13.000031043025997,1.837991730689049,3.275383821948394,-0.1999631056246171,-0.0025955026438000406,0.011807845142948636,0.0002815214123344789,1.2834125119361048,70,255,255,255
750,15.000513424998644,33.84759943286931,24.36873905414187,-13.004030309861298,1.8382568455899437,3.275068257382611,-0.19996334176503594,0.013255745044733924,-0.015778228289158314,-1.1807020941140278e-05,1.2847621950017527,70,255,255,255
751,15.020105144998524,33.88437342322619,24.434220277080946,-13.008029451659501,1.838699517843822,3.2740611469539274,-0.1999570899102036,0.022133612693906013,-0.05035552143417288,0.0003125927416158525,1.2860039034221487,70,255,255,255
752,15.040073337997455,33.92116079565446,24.49967012979706,-13.012028467117718,1.8393686214137461,3.2724926358057345,-0.19995077291078794,0.0334551784962096,-0.07842555740964663,0.000315849970783183,1.287146275168913,70,255,255,255
753,15.060070989999076,33.957965879920366,24.565078244368184,-13.016027364640252,1.8402542132954725,3.270405728556265,-0.19994487612670575,0.0442795940863161,-0.1043453624734827,0.00029483920410924847,1.2881972571759361,70,255,255,255
754,15.080074464000063,33.99479273629563,24.630434968649716,-13.02002615417889,1.8413428187631804,3.267836214076524,-0.19993947693188158,0.05443027338540296,-0.12847572398704887,0.000269959741208331,1.2891641606223976,70,255,255,255
755,15.100117292000505,34.03164527253308,24.695731493824034,-13.024024857854362,1.8426268118728755,3.2648262587159986,-0.19993518377366287,0.06419965548475792,-0.15049776802628045,0.00021465791093525088,1.290053711793142,70,255,255,255
756,15.120079578999139,34.06852686310142,24.760959263497607,-13.02802347082442,1.8440795284167741,3.261388483678608,-0.19993064850287764,0.07263582719493011,-0.17188875186952757,0.0002267635392612377,1.290872098870227,70,255,255,255
757,15.140107790997718,34.105440844474266,24.82611064950811,-13.032022009778474,1.8456990686423447,3.2575693005251343,-0.1999269477027121,0.08097701127852375,-0.1909591576736922,0.00018504000827745948,1.291625014981145,70,255,255,255
758,15.160174386997824,34.142390423940356,24.891178781085376,-13.03602050280588,1.84747897330457,3.253406578863391,-0.19992465137023388,0.08899523311126845,-0.2081360830871537,0.00011481662391055192,1.2923176978031896,70,255,255,255
759,15.180179631999636,34.17937836307096,24.95615704922404,-13.04001895675179,1.8493969565300645,3.248913406933165,-0.1999226972955409,0.09589916127473153,-0.22465859651131614,9.770373464851323e-05,1.2929549659994708,70,255,255,255
760,15.200084020998474,34.21640687362839,25.021038918879942,-13.044017345839263,1.8514255278713954,3.2440934827951886,-0.19991945437363814,0.10142856706654158,-0.24099620689881096,0.00016214609513784395,1.2935412527400494,70,255,255,255
761,15.220115830998111,34.25347837750214,25.085818990546958,-13.048015686716465,1.8535751936875942,3.239003583350795,-0.19991704386004594,0.10748329080993457,-0.2544949722196721,0.00012052567961079452,1.2940806365413817,70,255,255,255
762,15.240119227000832,34.29059499155425,25.150492220179096,-13.052013986017327,1.855830702605356,3.2336614816068603,-0.1999149650431367,0.11277544588809096,-0.2671050871967413,0.0001039408454623636,1.2945768696386075,70,255,255,255
763,15.26015767699937,34.32775874563152,25.215054199410908,-13.05601226126155,1.8581877038636494,3.228098961590583,-0.19991376221114954,0.11785006291466682,-0.27812600081387195,6.014159935735508e-05,1.2950334040880551,70,255,255,255
764,15.280121300998871,34.36497123292273,25.279500616382276,-13.060010505011821,1.8606243645601839,3.222320848568412,-0.1999121875135358,0.12183303482672092,-0.28890565110855615,7.873488068718681e-05,1.295453415781547,70,255,255,255
765,15.300076462997822,34.402233845973754,25.34382756371581,-13.064008707619616,1.8631306525514617,3.216347366676725,-0.19991013038974045,0.12531439956389567,-0.2986740945843578,0.00010285618976721422,1.2958398265395594,70,255,255,255
766,15.320227434000117,34.439548440165346,25.408032465053775,-13.06800692274003,1.865729709579548,3.2102450668982705,-0.19991075602078595,0.1299528514043118,-0.3051149889227105,-3.128155227427598e-05,1.2961953244369309,70,255,255,255
767,15.340107033000095,34.476915807995155,25.47211183906276,-13.072005113949798,1.8683683914906182,3.2039687004491504,-0.1999095604883351,0.13193409555350843,-0.31381832245599517,5.977662254255667e-05,1.2965223825025127,70,255,255,255
768,15.360102075999748,34.51433697939397,25.536063147948937,-13.076003283991378,1.871058569940584,3.197565444308954,-0.19990850207904445,0.13450892249828894,-0.3201628070098135,5.292046453225785e-05,1.296823275922848,70,255,255,255
769,15.380071690997283,34.55181275504139,25.599884093510617,-13.080001427339598,1.8737887823712525,3.1910472780839765,-0.19990716741094544,0.13651062153342663,-0.32590831124887787,6.673340495105817e-05,1.2971000978695564,70,255,255,255
770,15.40012687199851,34.58934407402068,25.663573119678805,-13.08399956622462,1.8765659489644833,3.1844513084093116,-0.19990694425109437,0.1388583296615371,-0.32979848373325593,1.11579925536065e-05,1.297354774060528,70,255,255,255
771,15.42015682499914,34.62693164947116,25.727128858164786,-13.08799771347698,1.8793787725238777,3.1777869242990207,-0.19990736261804268,0.14064117796972653,-0.33321920551454687,-2.0918347415077587e-05,1.297589076156222,70,255,255,255
772,15.440122829997563,34.66457585709983,25.790549940340345,-13.091995860680635,1.882210381433418,3.1710541087779878,-0.19990736018275995,0.14158044547700666,-0.336640776051643,1.2176413693998356e-07,1.2978046340842606,70,255,255,255
773,15.460147269997833,34.70227714645179,25.85383556534993,-13.09599401862378,1.8850644675981356,3.1642812504791378,-0.1999078971573061,0.14270430823588232,-0.338642914942489,-2.6848727308376175e-05,1.298002947378056,70,255,255,255
774,15.480127535000065,34.740035707408694,25.916984992854513,-13.09999218329414,1.88792804784517,3.157471375229183,-0.19990823351796363,0.14317901235172625,-0.3404937624977351,-1.681803287642558e-05,1.2981853956083478,70,255,255,255
775,15.50013225300063,34.77785170507431,25.979997857922683,-13.103990358734366,1.8907998832809205,3.150643253408523,-0.1999087720113621,0.14359177178752525,-0.3414060910329906,-2.6924669922878675e-05,1.2983532479802162,70,255,255,255
776,15.520189790997392,34.81572537177145,26.042874280259756,-13.107988565629723,1.8936833348567588,3.14382111685363,-0.19991034476788658,0.1441725787919077,-0.34110682774465273,-7.8637826224498e-05,1.2985076721623352,70,255,255,255
777,15.54007523600012,34.8536562829155,26.10561379493491,-13.111986768304272,1.8965455572027121,3.13697573375767,-0.19991013372743474,0.1431111172976689,-0.34226915479800146,1.0552022591481247e-05,1.2986497424098846,70,255,255,255
778,15.560116905999166,34.891644447725824,26.168216906353614,-13.11598498322138,1.8994082405162314,3.130155570935078,-0.19991074585543092,0.14313416567596526,-0.34100814112958755,-3.0606399809618434e-05,1.29878044703763,70,255,255,255
779,15.580173428999842,34.92968983079235,26.230684375582854,-13.11998323058999,1.902269153326222,3.1233734614619975,-0.19991236843038931,0.1430456404995264,-0.33910547365402666,-8.112874791948999e-05,1.2989006952951558,70,255,255,255
780,15.60012381100023,34.967791967629196,26.29301664425454,-13.123981495389456,1.9051068418423531,3.1166134335843485,-0.19991323997336785,0.14188442580656302,-0.338001393882442,-4.35771489269432e-05,1.2990113236920797,70,255,255,255
781,15.620180853999045,35.005950672128805,26.355214837026608,-13.127979797604013,1.907935224980379,3.1099096386034772,-0.1999151107277913,0.14141915690129547,-0.3351897490435638,-9.353772117240422e-05,1.2991131018172495,70,255,255,255
782,15.640123055000004,35.04416531134741,26.41727969456677,-13.13197811920953,1.910731960930308,3.103242877008068,-0.1999160802758002,0.13983679749645317,-0.33333807977047947,-4.8477400445001706e-05,1.2992067376924057,70,255,255,255
783,15.660116686998663,35.08243536540152,26.479212364257222,-13.13597645969022,1.913502702705538,3.0966334845227204,-0.1999170240344657,0.13853708876150428,-0.33046962426736703,-4.7187933274878135e-05,1.2992928826975494,70,255,255,255
784,15.680074552998121,35.12076014248572,26.54101397075495,-13.139974807085922,1.916238854209839,3.0900803248863244,-0.19991736978514743,0.13680757521504505,-0.3276579818198049,-1.7287534086557477e-05,1.2993721361022816,70,255,255,255
785,15.700166365000769,35.159139333373275,26.60268640030819,-13.143973193005746,1.9189595443775695,3.0836214776620903,-0.19991929599117442,0.13603450838652376,-0.3229423612116977,-9.631030134876761e-05,1.2994450492346354,70,255,255,255
786,15.72015704399746,35.19757223670335,26.66423116503193,-13.147971614738049,1.9216451665037027,3.0772382361869575,-0.19992108661520103,0.1342811063066509,-0.3191620737566363,-8.953120133051162e-05,1.299512129316401,70,255,255,255
787,15.740110008999181,35.23605798657207,26.725649716187547,-13.151970057608114,1.924287493436137,3.070927557780867,-0.19992214350322926,0.13211634662171745,-0.3155339203045151,-5.284440141231639e-05,1.299573842991625,70,255,255,255
788,15.76008199900025,35.274595745355334,26.78694370787451,-13.155968513875882,1.9268879391632985,3.064699584348097,-0.19992281338838763,0.130022286358078,-0.3113986716384969,-3.349425791804306e-05,1.2996306195728313,70,255,255,255
789,15.780157370998495,35.31318497329461,26.848115372282333,-13.159967009326502,1.9294613969638885,3.0585832203911347,-0.19992477253098706,0.12867289002950555,-0.3058181978481138,-9.795712997148764e-05,1.2996828540275411,70,255,255,255
790,15.800093961999664,35.35182463656704,26.909166361666106,-13.163965523725402,1.9319831636214881,3.0525494691885697,-0.19992571994499952,0.12608833287998444,-0.30168756012824716,-4.737070062335591e-05,1.299730909725874,70,255,255,255
791,15.820119998999871,35.390513968909794,26.97009883582612,-13.167964066644487,1.9344666171378708,3.046623708000749,-0.1999271459542626,0.12417267581913327,-0.2962880593910362,-7.130046315298455e-05,1.2997751209683404,70,255,255,255
792,15.840122716999758,35.42925209594451,27.03091490677139,-13.171962639573636,1.936906351735832,3.040803547263473,-0.19992864645744124,0.12198672989805792,-0.2910080368637904,-7.502515893206829e-05,1.2998157953114093,70,255,255,255
793,15.86007343899837,35.468037951296814,27.091616505604755,-13.175961227226598,1.9392927676149159,3.035079941668201,-0.19992938264807505,0.11932079395419137,-0.2861802797636206,-3.68095316905237e-05,1.2998532157070328,70,255,255,255
794,15.880097871999169,35.506870692084675,27.152205971559727,-13.179959838798258,1.9416370393931983,3.0294732977486554,-0.19993057858304672,0.11721358891412526,-0.280332195977278,-5.979674858308526e-05,1.2998876424710064,70,255,255,255
795,15.900154281000141,35.54574955330551,27.21268583078622,-13.183958493125862,1.9439430610419106,3.0239929613246663,-0.1999327163802028,0.11530108243561199,-0.27401682119944715,-0.00010688985780371585,1.2999193150938622,70,255,255,255
796,15.920132372997614,35.584673491449784,27.27305827109619,-13.187957182786569,1.9461969072136287,3.0186220154983867,-0.19993448303528072,0.1126923085859084,-0.26854729131397814,-8.833275389630302e-05,1.2999484539068895,70,255,255,255
797,15.940108955997857,35.62364144866665,27.333325513925494,-13.191955900263492,1.948397860843541,3.0133621414652825,-0.19993587384620137,0.11004768149561306,-0.2629937016552084,-6.954054603272586e-05,1.2999752616148745,70,255,255,255
798,15.96018518100027,35.662652679000225,27.393490276486858,-13.1959546703317,1.9505615166786952,3.0082381280682187,-0.19993850341035155,0.10818279175770207,-0.2562006698531931,-0.00013147820750883388,1.2999999247062208,70,255,255,255
799,15.980106263999915,35.70170591556057,27.453554559548277,-13.199953466550165,1.9526618280169974,3.003214153070875,-0.19993981092319035,0.10501556691511138,-0.2511987498671968,-6.537564194075696e-05,1.3000226147502594,70,255,255,255
800,16.000072327999078,35.74080004420037,27.513520612592096,-13.2039522784164,1.9547064319900402,2.99830265219102,-0.19994059331176825,0.10223019865214433,-0.24557504399273844,-3.9119428895034725e-05,1.3000434895907749,70,255,255,255
801,16.020069848000276,35.779934052853044,27.573390852753075,-13.207951106098955,1.9567004326337079,2.9935120080489135,-0.19994138412775175,0.09970003218338452,-0.23953220710532674,-3.9540799175119545e-05,1.3000626944440492,70,255,255,255
802,16.04007707799974,35.81910695743997,27.633167750337762,-13.211949952838157,1.9586452293464558,2.9888448792343185,-0.19994233696016336,0.0972398356374018,-0.23335644072975859,-4.7641620580379795e-05,1.3000803629090616,70,255,255,255
803,16.060076074998506,35.858317744348156,27.69285373871284,-13.215948819014868,1.9605393454092872,2.9842994187539196,-0.19994330883547437,0.0947058031415744,-0.22727302401995475,-4.8593765550886125e-05,1.300096617896873,70,255,255,255
804,16.080070743999386,35.897565386320075,27.75245123068496,-13.21994770357103,1.9623820985958347,2.9798745986060626,-0.199944227808144,0.09213765932737905,-0.22124100739285746,-4.594863348161837e-05,1.3001115724856593,70,255,255,255
805,16.100072042998363,35.93684887998154,27.811962666543895,-13.223946607604269,1.9641746830732723,2.9755717929466496,-0.19994520166194407,0.08962922387187988,-0.21514028297065835,-4.869269000373766e-05,1.3001253307073428,70,255,255,255
806,16.120069054999476,35.976167211079726,27.87139045802862,-13.227945530743346,1.9659165549093245,2.971389574236312,-0.1999461569538748,0.08709359180261234,-0.2091109355168781,-4.776459653646481e-05,1.3001379882712916,70,255,255,255
807,16.140109912998014,36.015519510784266,27.93073720874974,-13.231944486639449,1.9676149852271247,2.9673375360559358,-0.1999477948051401,0.08492151589001096,-0.2026019090188078,-8.189256326515681e-05,1.3001496332301246,70,255,255,255
808,16.160121495999192,36.05490481436486,27.990005360398136,-13.235943478704282,1.9692651790296822,2.9634075824198423,-0.1999496032416601,0.08250969012787812,-0.19649768180466864,-9.042182600027537e-05,1.3001603465922509,70,255,255,255
809,16.180110512999818,36.094322089957615,28.049197229576023,-13.239942502865858,1.9708637796377388,2.959593458894439,-0.19995120807881228,0.07993003040283186,-0.19070617627016473,-8.024185760827085e-05,1.300170202885407,70,255,255,255
810,16.200432298999658,36.13377138131605,28.10831665467338,-13.243941661731235,1.9724645679218662,2.9559712548677775,-0.19995794326880673,0.08003941420636806,-0.18111020133306033,-0.0003367594997222556,1.3001792706751107,70,255,255,255
811,16.22014796499934,36.17325073875926,28.167364556973695,-13.247940857577118,1.9739678721602203,2.952395115015686,-0.19995979229416627,0.07516521191770553,-0.17880699260457833,-9.245126797782777e-05,1.300187613041638,70,255,255,255
812,16.240088308997656,36.21275900045103,28.22634295583645,-13.251940070381405,1.975413084588547,2.9489199431378013,-0.19996064021430654,0.07226062141633505,-0.1737585938942332,-4.2396007013972836e-05,1.3001952880188432,70,255,255,255
813,16.260077633000037,36.25229518475455,28.285254087149795,-13.255939296969784,1.9768092151762133,2.9455565656671445,-0.1999613294189336,0.069806529383317,-0.16816887353283594,-3.44602313535336e-05,1.300202348997872,70,255,255,255
814,16.28011031099959,36.29185846298784,28.344100360746598,-13.259938548209627,1.9781639116642662,2.9423136798400713,-0.19996256199220555,0.06773482440264744,-0.16214429135366082,-6.16286635968244e-05,1.3002088450985785,70,255,255,255
815,16.30011542599823,36.33144792463792,28.402884018190118,-13.263937825456665,1.979473082504155,2.93918287217598,-0.199963862351872,0.06545854199445067,-0.15654038320456198,-6.501798332286812e-05,1.3002148215112284,70,255,255,255
816,16.320122174998687,36.37106267715796,28.461607274291328,-13.26793713046655,1.9807376260017175,2.9361628050605613,-0.19996525049420275,0.06322717487812746,-0.1510033557709476,-6.940711653802278e-05,1.3002203198108664,70,255,255,255
817,16.34012809900014,36.41070183844852,28.520272303799878,-13.271936464581174,1.9819580645280557,2.9332514754275065,-0.19996670573122607,0.061021926316909614,-0.14556648165274666,-7.276185116622536e-05,1.3002253782465334,70,255,255,255
818,16.36017280300075,36.450364664378114,28.578881423462644,-13.275935841424952,1.9831412964796666,2.9304559831382235,-0.1999688421888679,0.0591615975805484,-0.1397746144641574,-0.00010682288209085122,1.300230032007347,70,255,255,255
819,16.380126070998813,36.4900501250045,28.63743647767514,-13.279935244476942,1.9842730313195032,2.9277527106248318,-0.19997015259951792,0.056586741991825784,-0.13516362566959605,-6.552053250089007e-05,1.3002343134672953,70,255,255,255
820,16.40017946700027,36.52975753637608,28.6959397496682,-13.28393469020649,1.985370568579072,2.9251635996528758,-0.19997228647739304,0.05487686297843264,-0.12945554859779262,-0.00010669389375611571,1.3002382524104479,70,255,255,255
821,16.420119454000087,36.56948585754835,28.754392944124366,-13.287934157735615,1.9864160586133106,2.9226597228084126,-0.19997337645622895,0.052274501711933485,-0.1251938422231511,-5.449894179521131e-05,1.3002418762381482,70,255,255,255
822,16.440111223000713,36.60923424228019,28.81279798301053,-13.291933643974374,1.9874192365918135,2.920251944308265,-0.19997431193801465,0.05015889892514713,-0.1203889250073833,-4.6774089285162024e-05,1.3002452101596327,70,255,255,255
823,16.460131429998,36.64900195400484,28.871156881522467,-13.29593315508845,1.9883855862326254,2.9179449255967644,-0.19997555570374909,0.048317482040590276,-0.11535093557501463,-6.21882867217205e-05,1.3002482773673982,70,255,255,255
824,16.48014196999793,36.68878823849198,28.929471563068365,-13.299932693740338,1.9893142243570052,2.9157340772949927,-0.19997693259441224,0.04643190621899529,-0.11054241508858009,-6.88445331578913e-05,1.3002510991985425,70,255,255,255
825,16.500151926997205,36.728592355183075,28.98774390370327,-13.303932262202167,1.9902058345548348,2.913617031745189,-0.199978423091473,0.04458050989148088,-0.10585227749019221,-7.452485303802159e-05,1.3002536952831953,70,255,255,255
826,16.52013313399948,36.76841348742159,29.045975601723686,-13.307931853362042,1.991056611925871,2.9115849010208668,-0.19997955799380013,0.04253886855181066,-0.10160653621611937,-5.674511635631041e-05,1.300256083681076,70,255,255,255
827,16.540142688998458,36.8082509310391,29.104168449638344,-13.311931469569826,1.9918721808754003,2.9096423957329467,-0.19998081038918125,0.04077844747646764,-0.09712526439600477,-6.261976905561073e-05,1.3002582810071261,70,255,255,255
828,16.560257183999056,36.848104333827074,29.162324679810737,-13.31593114657511,1.992670139398653,2.90781150861962,-0.19998385026422635,0.039897926162635766,-0.09154435566633223,-0.00015199375225574685,1.3002603025470922,70,255,255,255
829,16.580177110998193,36.88797271655722,29.220445549563767,-13.319930855623477,1.9934191365073344,2.906043487651384,-0.1999854524183322,0.0374498554340672,-0.08840104841179075,-8.010770529331968e-05,1.300262162363861,70,255,255,255
830,16.60013964799873,36.927855271139045,29.27853249438731,-13.323930583269703,1.994127729091169,2.9043472411771933,-0.199986382311331,0.03542962919173287,-0.08481232370954217,-4.649464993947139e-05,1.3002638733952885,70,255,255,255
831,16.620135528999526,36.96775132199332,29.336587072105214,-13.327930327515604,1.994802542713555,2.902728885895148,-0.19998721229506447,0.033740681119303506,-0.08091776410225604,-4.149918667317731e-05,1.3002654475442017,70,255,255,255
832,16.64013897699988,37.007660236695926,29.394610833849246,-13.331930088877767,1.9954457351303123,2.9011880872016653,-0.19998806810810754,0.032159620837867386,-0.07703993467414394,-4.279065215301303e-05,1.3002668957612018,70,255,255,255
833,16.660166563997336,37.04758147743083,29.452605398608142,-13.335929875538874,1.996062036745449,2.8997282379448093,-0.1999893330553543,0.030815080756825708,-0.07299246284280336,-6.32473623380092e-05,1.300268228120842,70,255,255,255
834,16.68010527399747,37.08751423452293,29.51057192397709,-13.339929666709532,1.9966378546049062,2.898326268447394,-0.19998955853287984,0.028790892972859305,-0.07009847487075982,-1.1273876277473338e-05,1.3002694538917108,70,255,255,255
835,16.700141621000512,37.12745804088985,29.568511994434466,-13.343929474084335,1.997190318345915,2.897003522868786,-0.19999036874015,0.02762318705044331,-0.066137278930404,-4.051036350777304e-05,1.3002705816009101,70,255,255,255
836,16.720121735997964,37.1674122598529,29.62642688169964,-13.347929290636035,1.997710948152702,2.895744363258747,-0.19999082758495879,0.026031490339348595,-0.06295798050193113,-2.2942240439471906e-05,1.3002716190933736,70,255,255,255
837,16.74020762699729,37.20737661475718,29.684318310592733,-13.351929143592654,1.9982177452139296,2.8945714446547295,-0.19999264783093226,0.02533985306137887,-0.058645930200878826,-9.101229867450322e-05,1.30027257358644,70,255,255,255
838,16.76008841300063,37.24735017299357,29.742186991567568,-13.355928992856688,1.9986779118196758,2.89343404874179,-0.19999246320167124,0.023008330287314305,-0.056869795646971255,9.231463050651811e-06,1.300273451720061,70,255,255,255
839,16.780087243998423,37.287332420928166,29.80003417469033,-13.359928838516788,1.999112396729813,2.892359156138109,-0.19999228300500793,0.021724245506854922,-0.05374463018406628,9.009833165235515e-06,1.3002742596029924,70,255,255,255
840,16.800073747999704,37.32732282239518,29.857861012419466,-13.363928676717416,1.9995200733507792,2.891341886456721,-0.19999191003135686,0.02038383104830843,-0.05086348406939578,1.864868255382901e-05,1.3002750028552892,70,255,255,255
841,16.8200712129983,37.36732089542832,29.91566867130246,-13.367928507353817,1.9999036516569015,2.89038294414968,-0.19999153182005222,0.019178915306116373,-0.04794711535206142,1.8910565232038712e-05,1.3002756866474023,70,255,255,255
842,16.840223556999263,37.407326670317566,29.973458994744377,-13.371928379900908,2.0002887444621593,2.889516172095797,-0.19999362735452914,0.01925464026289081,-0.04333860269415224,-0.00010477672384545667,1.3002763157361463,70,255,255,255
843,16.86018525599866,37.447339553148524,30.03123286173556,-13.375928279791651,2.0006441415478653,2.8886933495591043,-0.1999949945371605,0.017769854285301978,-0.04114112683463311,-6.835913156763573e-05,1.300276894497791,70,255,255,255
844,16.880124221999722,37.487358901523365,30.088991019739318,-13.379928186014723,2.0009674187421225,2.887907900187786,-0.19999531115359157,0.01616385971286416,-0.03927246856592115,-1.5830821553208807e-05,1.3002774269585038,70,255,255,255
845,16.90009239199935,37.52738419469606,30.146734331545535,-13.383928088154628,2.001264658634678,2.8871655903108753,-0.19999510699518508,0.014861994627760833,-0.037115493845536474,1.0207920324800668e-05,1.3002779168223597,70,255,255,255
