idx,t,px,py,pz,vx,vy,vz,ax,ay,az,yaw,mode,ledr,ledg,ledb
0,0.0,3.0245479626097462,-2.982754782352475,-10.01,1.227398130487308,0.862260882376245,-0.5,0.0,0.0,0.0,0.0,70,255,255,255
1,0.02,3.0490955414841334,-2.9655090184840427,-10.02,1.2273789437193647,0.8622881934216291,-0.5,0.653641325422418,0.46125157744990375,0.0,0.00041887902047863906,70,255,255,255
2,0.04,3.073642381900592,-2.948262203544208,-10.03,1.2273420208229382,0.8623407469917367,-0.5,0.6527309360445659,0.4625389984967591,0.0,0.001223126739797626,70,255,255,255
3,0.06,3.09818815560002,-2.931013870479924,-10.04,1.2272886849713918,0.862416653214206,-0.5,0.6518760525562654,0.4637430453426351,0.0,0.002381913662049733,70,255,255,255
4,0.08,3.1227325585213754,-2.91376358685228,-10.049999999999999,1.2272201460677699,0.8625141813821973,-0.5,0.6510721074959887,0.46487106905112074,0.0,0.0038668766510003105,70,255,255,255
5,0.1,3.147275308781852,-2.8965109519911385,-10.059999999999999,1.2271375130238262,0.8626317430570813,-0.5000000000000001,0.6503150110849715,0.46592959377737886,-7.105427357601002e-15,0.0056519216213134806,70,255,255,255
6,0.12,3.1718161448703195,-2.8792555944440177,-10.069999999999999,1.227041804423367,0.8627678773560403,-0.5000000000000002,0.6496010912387926,0.46692442885478785,-6.772360450213455e-15,0.007713042014480236,70,255,255,255
7,0.14,3.196354824026669,-2.8619971696821302,-10.079999999999998,1.2269339578174814,0.8629212380943763,-0.5000000000000003,0.6489270422798009,0.4678607632597434,-6.439293542825908e-15,0.010028151796672291,70,255,255,255
8,0.16,3.220891120783795,-2.844735358031951,-10.089999999999998,1.2268148378562882,0.8630905825089563,-0.5000000000000004,0.6482898809317434,0.4687432455849427,-6.106226635438361e-15,0.01257693181676762,70,255,255,255
9,0.18,3.245424825652338,-2.82746986280525,-10.099999999999998,1.2266852434271411,0.8632747613350545,-0.5000000000000006,0.6476869084327996,0.4695760520349843,-5.773159728050814e-15,0.015340688455733963,70,255,255,255
10,0.2,3.2699557439311597,-2.8102004086043273,-10.109999999999998,1.226545913941083,0.8634727100461443,-0.5000000000000007,0.6471156778084344,0.4703629444742968,-5.440092820663267e-15,0.018302223584061635,70,255,255,255
11,0.22,3.2944836946288873,-2.7929267397823936,-10.119999999999997,1.2263975348863745,0.8636834410966923,-0.5000000000000008,0.6465739655113866,0.4711073201754357,-5.10702591327572e-15,0.021445714922601736,70,255,255,255
12,0.24,3.319008509483869,-2.7756486190417324,-10.129999999999997,1.2262407427490911,0.863906037033054,-0.5000000000000009,0.6460597467707728,0.47181225461245163,-4.773959005888173e-15,0.024756605974537264,70,255,255,255
13,0.26,3.3435300320715746,-2.7583658261545674,-10.139999999999997,1.2260761293852784,0.8641396443582566,-0.5000000000000011,0.6455711741020523,0.4724805384018454,-1.1546319456101628e-14,0.02822150476279659,70,255,255,255
14,0.28,3.368048116989901,-2.7410781567934954,-10.149999999999997,1.2259042459163159,0.8643834680535886,-0.5000000000000013,0.6451065585193844,0.4731147092992101,-1.0880185641326534e-14,0.031828090668473814,70,255,255,255
15,0.3,3.392562629114071,-2.7237854214600117,-10.159999999999997,1.2257256062084998,0.8646367666741946,-0.5000000000000016,0.64466435306567,0.4737170800028444,-1.021405182655144e-14,0.03556502872217549,70,255,255,255
16,0.32,3.41707344291385,-2.7064874445010556,-10.169999999999996,1.2255406899889454,0.8648988479477929,-0.5000000000000018,0.6442431383363442,0.4742897623884984,-9.547918011776346e-15,0.03942189075205968,70,255,255,255
17,0.34,3.4415804418266993,-2.689184063204743,-10.179999999999996,1.2253499456424803,0.8651690648156412,-0.500000000000002,0.6438416097232883,0.47483468869589246,-8.881784197001252e-15,0.04338908284003177,70,255,255,255
18,0.36,3.466083517681258,-2.6718751269674765,-10.189999999999996,1.2251537927279352,0.8654468118633032,-0.5000000000000021,0.643458566146966,0.4753536301029904,-8.215650382226158e-15,0.04745777858144473,70,255,255,255
19,0.38,3.4905825701661977,-2.654560496525559,-10.199999999999996,1.224952624246967,0.8657315220958913,-0.5000000000000022,0.643092900079669,0.475848213054458,-7.882583474838611e-15,0.051619857684023294,70,255,255,255
20,0.4,3.515077506340079,-2.637240043245189,-10.209999999999996,1.2247468086940734,0.8660226640184903,-0.5000000000000023,0.642743588691813,0.4763199336533897,-7.549516567451064e-15,0.055867849478874215,70,255,255,255
21,0.42,3.5395682401783324,-2.619913648465437,-10.219999999999995,1.2245366919126732,0.8663197389876135,-0.5000000000000027,0.6424096859775879,0.4767701703779056,-1.432187701766452e-14,0.060194880950615696,70,255,255,255
22,0.44,3.5640546921539102,-2.6025812028893585,-10.229999999999995,1.224322598778891,0.8666222788039218,-0.5000000000000029,0.642090315736759,0.4772001953447516,-1.3322676295501878e-14,0.0645946289250965,70,255,255,255
23,0.46,3.5885367888485487,-2.5852426060189546,-10.239999999999995,1.224104834731921,0.8669298435201872,-0.5000000000000031,0.6417846653066931,0.4776111843091367,-1.2656542480726785e-14,0.06906127608209747,70,255,255,255
24,0.48,3.6130144625918983,-2.5678977656301205,-10.249999999999995,1.2238836871674816,0.8672420194417071,-0.5000000000000033,0.6414919799533021,0.4780042255624862,-1.199040866595169e-14,0.07358947048701701,70,255,255,255
25,0.5,3.637487651126075,-2.5505465972841375,-10.259999999999994,1.2236594267088352,0.8675584172991493,-0.5000000000000036,0.6412115578420063,0.47838032786667506,-1.1324274851176597e-14,0.07817428836002163,70,255,255,255
26,0.52,3.661956297293437,-2.5331890238726134,-10.269999999999994,1.2234323083680965,0.8678786705761994,-0.5000000000000038,0.6409427455203583,0.4787404275438051,-1.0658141036401503e-14,0.08281119982366451,70,255,255,255
27,0.54,3.6864203487456177,-2.5158249751930843,-10.279999999999994,1.223202572609033,0.8682024339764568,-0.500000000000004,0.6406849338529813,0.479085394824139,-9.992007221626409e-15,0.08749603739069461,70,255,255,255
28,0.56,3.7108797576720427,-2.498454387552768,-10.289999999999994,1.222970446321254,0.8685293820158262,-0.5000000000000042,0.6404375543571542,0.4794160395408431,-9.325873406851315e-15,0.09222496697284094,70,255,255,255
29,0.58,3.7353344805463333,-2.4810772033982036,-10.299999999999994,1.2227361437145405,0.8688592077282108,-0.5000000000000044,0.6402000758939901,0.4797331162483255,-8.659739592076221e-15,0.0969944612088942,70,255,255,255
30,0.6,3.7597844778891547,-2.46369337096873,-10.309999999999993,1.222499867141076,0.8691916214736837,-0.5000000000000048,0.6399720016758076,0.48003732883085276,-1.509903313490213e-14,0.10180127492654183,70,255,255,255
31,0.62,3.7842297140462042,-2.44630284397194,-10.319999999999993,1.2222618078524725,0.8695263498395005,-0.5000000000000051,0.639752866555191,0.4803293346594771,-1.4099832412739488e-14,0.10664242256725628,70,255,255,255
32,0.64,3.808670156980159,-2.428905581279433,-10.329999999999993,1.2220221466977308,0.869863134625367,-0.5000000000000053,0.6395422345654425,0.4806097483479093,-1.3100631690576847e-14,0.11151515741719223,70,255,255,255
33,0.66,3.833105778075511,-2.411501546641327,-10.339999999999993,1.2217810547676042,0.8702017319052866,-0.5000000000000056,0.6393396966857801,0.48087914515160124,-1.2434497875801753e-14,0.11641695249961194,70,255,255,255
34,0.68,3.857536551955316,-2.394090708418145,-10.349999999999993,1.2215386939902573,0.8705419111591218,-0.5000000000000058,0.6391448688078051,0.48113806404882725,-1.176836406102666e-14,0.12134548299591671,70,255,255,255
35,0.7000000000000001,3.881962456308968,-2.3766730393287907,-10.359999999999992,1.2212952176825949,0.8708834544677166,-0.500000000000006,0.6389573898824994,0.4813870105378247,-1.1102230246251565e-14,0.12629861007299575,70,255,255,255
36,0.72,3.9063834717301917,-2.3592485162134698,-10.369999999999992,1.2210507710611849,0.8712261557660478,-0.5000000000000062,0.638776920229418,0.48162645917995367,-1.0436096431476471e-14,0.1312743660043871,70,255,255,255
37,0.74,3.930799581564518,-2.341817119810481,-10.379999999999992,1.220805491716299,0.871569820149439,-0.5000000000000064,0.6386031399918284,0.48185685591529903,-9.769962616701378e-15,0.1362709404817458,70,255,255,255
38,0.76,3.9552107717655627,-2.324378834545914,-10.389999999999992,1.2205595100522373,0.8719142632283532,-0.5000000000000068,0.6384357477233688,0.4820786201740368,-1.6209256159527285e-14,0.14128666802139442,70,255,255,255
39,0.78,3.9796170307594987,-2.3069336483353595,-10.399999999999991,1.2203129496967977,0.8722593105277244,-0.5000000000000071,0.638274459093404,0.4822921468042193,-1.5210055437364645e-14,0.1463200163783498,70,255,255,255
40,0.8,4.004018349317148,-2.289481552396816,-10.409999999999991,1.2200659278824588,0.8726047969271741,-0.5000000000000074,0.6381190056996592,0.48249780783427226,-1.4210854715202004e-14,0.15136957588722738,70,255,255,255
41,0.8200000000000001,4.02841472043318,-2.27202254107404,-10.419999999999991,1.2198185558016135,0.8729505661388088,-0.5000000000000077,0.6379691339779395,0.48269595408646027,-1.3211653993039363e-14,0.1564340496558734,70,255,255,255
42,0.84,4.052806139211939,-2.254556611669648,-10.42999999999999,1.219570938937949,0.8732964702195982,-0.5000000000000079,0.6378246041998391,0.4828869166557721,-1.2545520178264269e-14,0.16151224454350638,70,255,255,255
43,0.86,4.077192602759457,-2.2370837642873354,-10.43999999999999,1.219323177375895,0.873642369115619,-0.5000000000000081,0.6376851895502974,0.48307100826710914,-1.1879386363489175e-14,0.16660306286060736,70,255,255,255
44,0.88,4.101574110081254,-2.2196040016826215,-10.44999999999999,1.219075366089861,0.8739881302356867,-0.5000000000000083,0.6375506752777007,0.4832485245222667,-1.1213252548714081e-14,0.1717054947328189,70,255,255,255
45,0.9,4.12595066198555,-2.2021173291215788,-10.45999999999999,1.218827595214843,0.8743336280521311,-0.5000000000000085,0.6374208579099904,0.4834197450469851,-1.0547118733938987e-14,0.17681861107573216,70,255,255,255
46,0.92,4.150322260991547,-2.1846237542470455,-10.46999999999999,1.2185799502998342,0.8746787437266633,-0.5000000000000089,0.6372955445308883,0.48358493454726087,-1.6986412276764895e-14,0.18194155713169097,70,255,255,255
47,0.9400000000000001,4.174688911242454,-2.167123286951856,-10.47999999999999,1.2183325125453357,0.8750233647594612,-0.5000000000000092,0.6371745521109513,0.48374434378316883,-1.5987211554602254e-14,0.1870735465236517,70,255,255,255
48,0.96,4.199050618422977,-2.149615939258661,-10.48999999999999,1.2180853590261702,0.8753673846597698,-0.5000000000000095,0.6370577068886819,0.48389821046758813,-1.4988010832439613e-14,0.19221385578473424,70,255,255,255
49,0.98,4.2234073896809905,-2.1321017252059318,-10.49999999999999,1.2178385629006734,0.8757107026364486,-0.5000000000000099,0.6369448437973951,0.48404676009649317,-1.3988810110276972e-14,0.1973618193254088,70,255,255,255
50,1.0,4.247759233553135,-2.114580660739791,-10.50999999999999,1.217592193607264,0.8760532233070377,-0.5000000000000101,0.6368358059339548,0.4841902067167925,-1.2989609388114332e-14,0.20251682480330804,70,255,255,255
51,1.02,4.272105917663332,-2.097052427148288,-10.519999999999989,1.2173342055098344,0.8764116795751526,-0.5000000000000103,0.6360954865589444,0.4851623769206963,-1.2323475573339238e-14,0.20767830886345398,70,255,255,255
52,1.04,4.2964472223371315,-2.079516723946612,-10.529999999999989,1.2170652336899699,0.8767851600838024,-0.5000000000000105,0.6353813892623255,0.48609720239791276,-1.1657341758564144e-14,0.21284575321926688,70,255,255,255
53,1.06,4.320782939940186,-2.061973267937479,-10.539999999999988,1.21678588015272,0.8771728004566546,-0.5000000000000108,0.6346922701134751,0.48699663475038873,-1.099120794378905e-14,0.2180186810470934,70,255,255,255
54,1.08,4.345112874259444,-2.0444217923294112,-10.549999999999988,1.2164967159628979,0.8775737804033826,-0.500000000000011,0.6340269607411227,0.4878624940015114,-1.0325074129013956e-14,0.22319665366917243,70,255,255,255
55,1.1,4.369436839923673,-2.026862045908538,-10.559999999999988,1.2161982832114877,0.8779873210436638,-0.5000000000000113,0.633384362766073,0.48869647942604993,-1.6764367671839864e-14,0.2283792675019638,70,255,255,255
56,1.12,4.393754661860235,-2.009293792259934,-10.569999999999988,1.215891096828083,0.87841268243019,-0.5000000000000117,0.6327634427109368,0.48950017933459733,-1.5765166949677223e-14,0.2335661512486105,70,255,255,255
57,1.1400000000000001,4.418066174785306,-1.9917168090348727,-10.579999999999988,1.2155756462535654,0.8788491612530714,-0.500000000000012,0.632163227340797,0.49027507992765434,-1.4765966227514582e-14,0.23875696331600407,70,255,255,255
58,1.16,4.442371222725021,-1.9741308872606762,-10.589999999999987,1.2152523969857476,0.879296088709824,-0.5000000000000122,0.631582799393635,0.4910225733203104,-1.3766765505351941e-14,0.24395138943848482,70,255,255,255
59,1.18,4.466669658565208,-1.9565358306901421,-10.599999999999987,1.214921792009369,0.8797528285267083,-0.5000000000000124,0.6310212936636778,0.4917439648262282,-1.3100631690576847e-14,0.24914914049164574,70,255,255,255
60,1.2,4.490961343627622,-1.93893145518777,-10.609999999999987,1.2145842531206725,0.8802187751186057,-0.5000000000000127,0.6304778934046636,0.4924404795790224,-1.2434497875801753e-14,0.2543499504810324,70,255,255,255
61,1.22,4.515246147270737,-1.9213175881502527,-10.619999999999987,1.2142401821557576,0.8806933518758687,-0.5000000000000129,0.6299518270234387,0.4931132685599037,-1.176836406102666e-14,0.25955357469174684,70,255,255,255
62,1.24,4.539523946513357,-1.9036940679588987,-10.629999999999987,1.2138899621309802,0.8811760095676957,-0.5000000000000131,0.6294423650373181,0.4937634140924454,-1.1102230246251565e-14,0.2647597879860827,70,255,255,255
63,1.26,4.563794625679414,-1.8860607434618473,-10.639999999999986,1.2135339583028608,0.8816662248525746,-0.5000000000000134,0.628948817271345,0.49439193485834315,-1.7541523789077473e-14,0.26996838323735034,70,255,255,255
64,1.28,4.588058076062499,-1.8684174734841026,-10.649999999999986,1.2131725191542386,0.8821634988872296,-0.5000000000000138,0.6284705302739669,0.4949997904819341,-1.6542323066914832e-14,0.2751791698889952,70,255,255,255
65,1.3,4.612314195608754,-1.8507641263635768,-10.659999999999986,1.212805977312757,0.8826673560262939,-0.5000000000000141,0.6280068849317912,0.4955878857259002,-1.554312234475219e-14,0.28039197262898713,70,255,255,255
66,1.32,4.636562888616898,-1.8331005795114639,-10.669999999999986,1.2124346504071997,0.8831773426056465,-0.5000000000000144,0.6275572942659767,0.49615707433590667,-1.454392162258955e-14,0.28560663017025834,70,255,255,255
67,1.34,4.660804065454231,-1.815426718995404,-10.679999999999986,1.2120588418666667,0.8836930258029851,-0.5000000000000147,0.6271212013945238,0.49670816256780936,-1.354472090042691e-14,0.2908229941287065,70,255,255,255
68,1.36,4.685037642287574,-1.7977424391440084,-10.689999999999985,1.2116788416671351,0.8842139925697792,-0.5000000000000149,0.6266980776462396,0.49724191242745,-1.2878587085651816e-14,0.29604092799095744,70,255,255,255
69,1.3800000000000001,4.7092635408281645,-1.780047642171423,-10.699999999999985,1.211294927029525,0.8847398486292661,-0.5000000000000151,0.6262874208135122,0.4977590446498777,-1.2212453270876722e-14,0.30126030616470695,70,255,255,255
70,1.4000000000000001,4.733481688089625,-1.762342237820711,-10.709999999999985,1.2109073630730194,0.8852702175356102,-0.5000000000000153,0.6258887535322455,0.498260241442012,-1.1546319456101628e-14,0.3064810131050351,70,255,255,255
71,1.42,4.757692016158166,-1.7446261430249157,-10.719999999999985,1.21051640342706,0.8858047397897666,-0.5000000000000157,0.6255016217783995,0.49874614901028763,-1.7985612998927536e-14,0.3117029425106157,70,255,255,255
72,1.44,4.781894461974269,-1.7268992815847564,-10.729999999999984,1.210122290805137,0.886343072007971,-0.500000000000016,0.6251255934715509,0.4992173798926089,-1.6986412276764895e-14,0.31692599658422843,70,255,255,255
73,1.46,4.806088967125134,-1.709161583861974,-10.739999999999984,1.2097252575432214,0.8868848861391126,-0.5000000000000163,0.6247602571767766,0.4996745151119959,-1.5987211554602254e-14,0.3221500853524308,70,255,255,255
74,1.48,4.830275477647242,-1.6914129864874228,-10.749999999999984,1.2093255261054354,0.8874298687275586,-0.5000000000000167,0.6244052208969482,0.5001181061675666,-1.4988010832439613e-14,0.32737512603965563,70,255,255,255
75,1.5,4.854453943838429,-1.6736534320830572,-10.759999999999984,1.2089233095593555,0.8879777202182808,-0.500000000000017,0.6240601109482398,0.5005486768769555,-1.3988810110276972e-14,0.3326010424923811,70,255,255,255
76,1.52,4.878624320078892,-1.6558828689970295,-10.769999999999984,1.2085188120231192,0.8885281543013865,-0.5000000000000172,0.6237245709122866,0.500966725082898,-1.2989609388114332e-14,0.3378277646493672,70,255,255,255
77,1.54,4.902786564660619,-1.6381012510511617,-10.779999999999983,1.208112229086348,0.8890808972933877,-0.5000000000000174,0.6233982606590233,0.501372724235478,-1.2323475573339238e-14,0.343055228054273,70,255,255,255
78,1.56,4.926940639624753,-1.6203085373001067,-10.789999999999983,1.2077037482067143,0.8896356875527494,-0.5000000000000177,0.6230808554347345,0.5017671248604473,-1.1657341758564144e-14,0.348283373407265,70,255,255,255
79,1.58,4.95108651060643,-1.6025046918015575,-10.799999999999983,1.2072935490838503,0.8901922749274567,-0.5000000000000179,0.6227720450103414,0.5021503559230416,-1.099120794378905e-14,0.3535121461524963,70,255,255,255
80,1.6,4.975224146686673,-1.5846896833969073,-10.809999999999983,1.2068818040121463,0.8907504202325065,-0.5000000000000182,0.6224715328853617,0.5025228260958381,-1.7430501486614958e-14,0.35874149609858774,70,255,255,255
81,1.62,4.999353520250951,-1.5668634855017995,-10.819999999999983,1.2064686782138738,0.8913098947553922,-0.5000000000000185,0.6221790355433707,0.5028849249384205,-1.6431300764452317e-14,0.36397137706947047,70,255,255,255
82,1.6400000000000001,5.0234746068540295,-1.5490260759060437,-10.829999999999982,1.2060543301539473,0.8918704797877961,-0.5000000000000189,0.6218942817551463,0.5032370239959006,-1.5432100042289676e-14,0.36920174658316124,70,255,255,255
83,1.6600000000000001,5.047587385090781,-1.531177436582407,-10.839999999999982,1.2056389118375466,0.8924319661818353,-0.5000000000000192,0.6216170119259923,0.5035794778227175,-1.4432899320127035e-14,0.3744325655562354,70,255,255,255
84,1.68,5.071691836472615,-1.5133175535038204,-10.849999999999982,1.2052225690917182,0.8929941539293292,-0.5000000000000194,0.6213469774840266,0.5039126249375627,-1.3433698597964394e-14,0.3796637980319422,70,255,255,255
85,1.7,5.095787945309255,-1.495446416468567,-10.859999999999982,1.2048054418319951,0.8935568517626681,-0.5000000000000197,0.6210839403064846,0.5042367887147577,-1.27675647831893e-14,0.3848954109300712,70,255,255,255
86,1.72,5.119875698595555,-1.4775640189330477,-10.869999999999981,1.204387664314997,0.8941198767759645,-0.5000000000000199,0.6208276721813226,0.5045522782169557,-1.2101430968414206e-14,0.39012737381682844,70,255,255,255
87,1.74,5.143955085903113,-1.4596703578517425,-10.879999999999981,1.203969365377896,0.8946830540652628,-0.5000000000000201,0.6205779543016285,0.5048593889736093,-1.1435297153639112e-14,0.3953596586931238,70,255,255,255
88,1.76,5.168026099276425,-1.441765433524009,-10.889999999999981,1.203550668665575,0.8952462163866697,-0.5000000000000204,0.6203345767905406,0.505158403709273,-1.787459069646502e-14,0.40059223979979414,70,255,255,255
89,1.78,5.19208873313335,-1.4238492494473822,-10.89999999999998,1.2031316928462372,0.8958092038313444,-0.5000000000000208,0.6200973382545621,0.5054495930254639,-1.687538997430238e-14,0.4058250934384095,70,255,255,255
90,1.8,5.216142984169673,-1.405921812177055,-10.90999999999998,1.2027125518161825,0.8963718635163676,-0.5000000000000211,0.6198660453633164,0.5057332160394876,-1.587618925213974e-14,0.4110581978064143,70,255,255,255
91,1.82,5.240188851267561,-1.3879831311912436,-10.91999999999998,1.2022933548944006,0.8969340492905636,-0.5000000000000214,0.619640512453945,0.506009520983363,-1.4876988529977098e-14,0.4162915328454573,70,255,255,255
92,1.84,5.264226335407713,-1.3700332187621551,-10.92999999999998,1.2018742070075954,0.8974956214544246,-0.5000000000000218,0.6194205611584865,0.5062787457657152,-1.3877787807814457e-14,0.4215250801018555,70,255,255,255
93,1.86,5.288255439585037,-1.3520720898322884,-10.93999999999998,1.2014552088662143,0.898056446493338,-0.500000000000022,0.6192060200527001,0.5065411184992736,-1.2878587085651816e-14,0.4267588225982205,70,255,255,255
94,1.8800000000000001,5.312276168727677,-1.3340997618958212,-10.94999999999998,1.2010364571320027,0.898616396823365,-0.5000000000000222,0.6189967243249114,0.5067968579964063,-1.2212453270876722e-14,0.4319927447153549,70,255,255,255
95,1.9000000000000001,5.336288529619228,-1.3161162548848437,-10.95999999999998,1.2006180445775834,0.899175350548879,-0.5000000000000224,0.6187925154635693,0.5070461742349197,-1.1546319456101628e-14,0.43722683208359725,70,255,255,255
96,1.92,5.360292530823998,-1.2981215910602155,-10.96999999999998,1.2002000602385192,0.8997331912314089,-0.5000000000000228,0.6185932409622944,0.507289268796182,-1.7985612998927536e-14,0.4424610714828588,70,255,255,255
97,1.94,5.384288182615164,-1.280115794906834,-10.979999999999979,1.1997825895582828,0.9002898076690756,-0.5000000000000231,0.6183987540412919,0.507526335277469,-1.6986412276764895e-14,0.4476954507506581,70,255,255,255
98,1.96,5.408275496905694,-1.262098893033113,-10.989999999999979,1.1993657145265428,0.9008450936860539,-0.5000000000000234,0.6182089133840833,0.5077575596802779,-1.5987211554602254e-14,0.45292995869751207,70,255,255,255
99,1.98,5.4322544871819165,-1.2440709140744826,-10.999999999999979,1.198949513811131,0.901398947931521,-0.5000000000000238,0.6180235828885852,0.5079831207762285,-1.4988010832439613e-14,0.45816458502909635,70,255,255,255
100,2.0,5.456225168439597,-1.2260318886007309,-11.009999999999978,1.1985340628840444,0.9019512736875899,-0.5000000000000241,0.6178426314316348,0.5082031904520408,-1.3988810110276972e-14,0.46339932027463254,70,255,255,255
101,2.02,5.480188001606218,-1.207982439118027,-11.019999999999978,1.1981416583310602,0.902472474135193,-0.5000000000000243,0.6188515544138212,0.506974115315168,-1.2989609388114332e-14,0.4686341557210045,70,255,255,255
102,2.04,5.504143435462981,-1.189923170341738,-11.029999999999978,1.1977716928381552,0.9029634388144517,-0.5000000000000245,0.6198365673850312,0.505769344397564,-1.2323475573339238e-14,0.4738690833521453,70,255,255,255
103,2.06,5.528091906940338,-1.1718546697426782,-11.039999999999978,1.1974235738678451,0.9034250299529876,-0.5000000000000248,0.620798454808102,0.5045882266837711,-1.1657341758564144e-14,0.4791040957932735,70,255,255,255
104,2.08,5.552033841406223,-1.1537775080730113,-11.049999999999978,1.1970967232942424,0.9038580834833464,-0.500000000000025,0.6217379680303862,0.503430133295025,-1.099120794378905e-14,0.4843391862595901,70,255,255,255
105,2.1,5.575969652947156,-1.1356922398727067,-11.059999999999977,1.1967905770466432,0.904263410015225,-0.5000000000000253,0.6226558269788122,0.5022944565982503,-1.7430501486614958e-14,0.48957434850908,70,255,255,255
106,2.12,5.5998997446423875,-1.117599403957411,-11.069999999999977,1.196504584761574,0.904641795764784,-0.5000000000000256,0.6235527217540865,0.5011806093546228,-1.6431300764452317e-14,0.4948095767990893,70,255,255,255
107,2.14,5.623824508831252,-1.0994995238885472,-11.079999999999977,1.196238209443194,0.904994003443195,-0.500000000000026,0.6244293141308035,0.5000880239059262,-1.5432100042289676e-14,0.5000448658463765,70,255,255,255
108,2.16,5.647744327373891,-1.0813931084264181,-11.089999999999977,1.1959909271319422,0.9053207731064593,-0.5000000000000263,0.6252862389697408,0.4990161513970027,-1.4432899320127035e-14,0.5052802107903595,70,255,255,255
109,2.18,5.671659571905518,-1.0632806519670497,-11.099999999999977,1.1957622265813153,0.905622822968423,-0.5000000000000265,0.6261241055481443,0.4979644610326487,-1.3433698597964394e-14,0.5105156071593023,70,255,255,255
110,2.2,5.69557060408437,-1.0451626349634735,-11.109999999999976,1.195551608942633,0.9059008501788048,-0.5000000000000268,0.6269434988133938,0.4969324393673854,-1.27675647831893e-14,0.5157510508392085,70,255,255,255
111,2.22,5.719477775833523,-1.0270395243321142,-11.119999999999976,1.1953585874576642,0.906155531567963,-0.500000000000027,0.6277449805650374,0.4959195896265854,-1.2101430968414206e-14,0.5209865380452008,70,255,255,255
112,2.24,5.7433814295767025,-1.0089117738449138,-11.129999999999976,1.1951826871589577,0.9063875243600238,-0.5000000000000273,0.6285290905698315,0.4949254310575085,-1.8540724511240114e-14,0.5262220652951923,70,255,255,255
113,2.2600000000000002,5.767281898468257,-0.9907798245077954,-11.139999999999976,1.195023444577735,0.906597466855917,-0.5000000000000276,0.629296347614086,0.49394949830885687,-1.7541523789077473e-14,0.5314576293856632,70,255,255,255
114,2.2800000000000002,5.79117950661744,-0.97264410492604,-11.149999999999975,1.1948804074591857,0.9067859790877728,-0.500000000000028,0.6300472504973114,0.49299134083752255,-1.6542323066914832e-14,0.536693227369375,70,255,255,255
115,2.3000000000000003,5.81507456930714,-0.9545050316571188,-11.159999999999975,1.1947531344850137,0.9069536634460631,-0.5000000000000283,0.630782278970877,0.49205052234125995,-1.554312234475219e-14,0.5419288565348684,70,255,255,255
116,2.32,5.838967393207201,-0.936363009551503,-11.169999999999975,1.1946411950030715,0.9071011052807911,-0.5000000000000286,0.6315018946251385,0.4911266202160706,-1.454392162258955e-14,0.547164514387601,70,255,255,255
117,2.34,5.86285827658248,-0.9182184320819436,-11.179999999999975,1.1945441687639244,0.9072288734779689,-0.5000000000000289,0.6322065417282404,0.4902192250371445,-1.354472090042691e-14,0.5524001986325937,70,255,255,255
118,2.36,5.8867475094957635,-0.9000716816616926,-11.189999999999975,1.194461645664186,0.9073375210125529,-0.5000000000000291,0.6328966480195855,0.48932794006225827,-1.2878587085651816e-14,0.5576359071584657,70,255,255,255
119,2.38,5.910635374005693,-0.8819231299521136,-11.199999999999974,1.1943932254964624,0.9074275854789495,-0.5000000000000293,0.633572625460755,0.48845238075657477,-1.2212453270876722e-14,0.5628716380227464,70,255,255,255
120,2.4,5.934522144359808,-0.8637731381601108,-11.209999999999974,1.1943385177057524,0.9074995896001422,-0.5000000000000295,0.6342348709464725,0.4875921743378493,-1.1546319456101628e-14,0.5681073894383634,70,255,255,255
121,2.42,5.958408087182851,-0.8456220573257821,-11.219999999999974,1.1942971411521337,0.907554041716437,-0.5000000000000299,0.634883766978029,0.486746959341081,-1.7985612998927536e-14,0.5733431597612096,70,255,255,255
122,2.44,5.982293461660443,-0.8274702286006866,-11.229999999999974,1.1942687238795948,0.9075914362547743,-0.5000000000000302,0.6355196823014247,0.48591638520170977,-1.6986412276764895e-14,0.5785789474787069,70,255,255,255
123,2.46,6.00617851971826,-0.8093179835170966,-11.239999999999974,1.194252902890844,0.9076122541794992,-0.5000000000000305,0.6361429725123313,0.48510011185648616,-1.5987211554602254e-14,0.5838147511992829,70,255,255,255
124,2.48,6.030063506196819,-0.7911656442485877,-11.249999999999973,1.194249323927952,0.9076169634254471,-0.5000000000000309,0.6367539806298386,0.48429780936119793,-1.4988010832439613e-14,0.5890505696426915,70,255,255,255
125,2.5,6.053948659021993,-0.7730135238623048,-11.259999999999973,1.1942576412586738,0.9076060193141454,-0.5000000000000312,0.6373530376408209,0.48350915752446555,-1.3988810110276972e-14,0.5942864016311061,70,255,255,255
126,2.52,6.077834209371359,-0.7548619265632268,-11.269999999999973,1.1942775174683042,0.9075798649539027,-0.5000000000000314,0.6379404630166374,0.48273384555686394,-1.2989609388114332e-14,0.5995222460809262,70,255,255,255
127,2.54,6.101720381836497,-0.7367111479307367,-11.279999999999973,1.1943086232569222,0.9075389316245087,-0.5000000000000316,0.6385165652037688,0.4819715717346629,-1.2323475573339238e-14,0.6047581019952393,70,255,255,255
128,2.56,6.125607394581334,-0.7185614751477919,-11.289999999999973,1.1943506372418808,0.9074836391472372,-0.5000000000000319,0.63908164208989,0.4812220430775068,-1.1657341758564144e-14,0.6099939684568859,70,255,255,255
129,2.58,6.1494954594966424,-0.7004131872229757,-11.299999999999972,1.1944032457654041,0.9074143962408063,-0.5000000000000321,0.6396359814467821,0.4804849750393991,-1.099120794378905e-14,0.6152298446220795,70,255,255,255
130,2.6,6.1733847823507855,-0.6822665552056973,-11.309999999999972,1.1944661427071563,0.9073316008639218,-0.5000000000000324,0.6401798613513968,0.47976009121237484,-1.7430501486614958e-14,0.6204657297145363,70,255,255,255
131,2.62,6.197275562936818,-0.6641218423947975,-11.319999999999972,1.1945390293016467,0.907235640544991,-0.5000000000000328,0.6407135505863033,0.47904712304228786,-1.6431300764452317e-14,0.6257016230200751,70,255,255,255
132,2.64,6.2211679952160255,-0.6459793045408061,-11.329999999999972,1.194621613960344,0.9071268926995733,-0.5000000000000331,0.64123730902067,0.47834580955615125,-1.5432100042289676e-14,0.6309375238816495,70,255,255,255
133,2.66,6.2450622674579925,-0.6278391900420841,-11.339999999999971,1.1947136120983708,0.9070057249361018,-0.5000000000000334,0.6417513879728652,0.47765589710051853,-1.4432899320127035e-14,0.6361734316947765,70,255,255,255
134,2.68,6.268958562377305,-0.6097017401350765,-11.349999999999971,1.1948147459656537,0.9068724953503828,-0.5000000000000336,0.642256030555685,0.47697713909039186,-1.3433698597964394e-14,0.641409345903332,70,255,255,255
135,2.7,6.2928570572669535,-0.5915671890788893,-11.359999999999973,1.1949247444824098,0.9067275528093586,-0.5000000000000339,0.6427514720051642,0.4763092957681956,-1.27675647831893e-14,0.6466452659956817,70,255,255,255
136,2.72,6.31675792412853,-0.5734357643343975,-11.369999999999974,1.1950433430788496,0.906571237224592,-0.500000000000034,0.6432379399938616,0.4756521339723529,-4.9960036108132044e-15,0.6518811915011221,70,255,255,255
137,2.74,6.3406613297993095,-0.5553076867380792,-11.379999999999976,1.1951702835389848,0.9064038798159143,-0.5000000000000341,0.6437156549294567,0.4750054269150413,-4.6629367034256575e-15,0.6571171219866059,70,255,255,255
138,2.7600000000000002,6.364567436076278,-0.5371831706707662,-11.389999999999977,1.1953053138484253,0.9062258033656498,-0.500000000000034,0.6441848302394485,0.4743689539687151,2.7755575615628914e-15,0.6623530570537296,70,255,255,255
139,2.7800000000000002,6.3884763998372,-0.5190624242214898,-11.399999999999977,1.195448188046057,0.906037322463815,-0.5000000000000338,0.6446456726426953,0.47374250046100663,9.547918011776346e-15,0.667588996335962,70,255,255,255
140,2.8000000000000003,6.412388373158789,-0.5009456493465965,-11.409999999999977,1.1955986660794982,0.9058387437446717,-0.5000000000000335,0.6450983824084914,0.4731258574776354,8.881784197001252e-15,0.6728249394960946,70,255,255,255
141,2.82,6.4363035034320735,-0.4828330420242966,-11.419999999999977,1.1957565136642256,0.905630366114993,-0.5000000000000334,0.6455431536038365,0.4725188216729717,8.215650382226158e-15,0.6780608862238952,70,255,255,255
142,2.84,6.460221933474999,-0.46472479240480885,-11.429999999999977,1.1959215021462761,0.9054124809743868,-0.5000000000000333,0.6459801743295147,0.47192119508791897,7.882583474838611e-15,0.6832968362339503,70,255,255,255
143,2.86,6.484143801642368,-0.44662108495624886,-11.439999999999976,1.196093408368419,0.9051853724280007,-0.5000000000000332,0.6464096269455628,0.47133278497479725,7.549516567451064e-15,0.6885327892636797,70,255,255,255
144,2.88,6.508069241933162,-0.42852209860641033,-11.449999999999976,1.196272014539711,0.9049493174919252,-0.5000000000000331,0.6468316882866734,0.470753403628919,7.216449660063518e-15,0.6937687450715093,70,255,255,255
145,2.9,6.531998384095329,-0.41042800688057857,-11.459999999999976,1.196457108108338,0.9047045862915875,-0.500000000000033,0.6472465298680508,0.4701828682265726,6.8833827526759706e-15,0.6990047034351913,70,255,255,255
146,2.92,6.555931353728082,-0.3923389780355101,-11.469999999999976,1.1966484816376544,0.9044514422534228,-0.500000000000033,0.6476543180822026,0.4696210006691323,-5.551115123125783e-16,0.7042406641502573,70,255,255,255
147,2.94,6.5798682723817885,-0.37425517518970824,-11.479999999999976,1.1968459326853325,0.9041901422900919,-0.500000000000033,0.6480552143871253,0.4690676274330355,-5.551115123125783e-16,0.7094766270285967,70,255,255,255
148,2.96,6.6038092576555,-0.35617675645011815,-11.489999999999975,1.1970492636855403,0.9039209369795047,-0.500000000000033,0.6484493754863163,0.46852257942537456,-5.551115123125783e-16,0.7147125918971475,70,255,255,255
149,2.98,6.627754423292181,-0.33810387503536027,-11.499999999999975,1.1972582818340607,0.9036440707378949,-0.500000000000033,0.6488369535010192,0.46798569184486427,-5.551115123125783e-16,0.7199485585966929,70,255,255,255
150,3.0,6.6517038792717065,-0.32003667939561664,-11.509999999999975,1.1974727989762746,0.9033597819871806,-0.500000000000033,0.649218096135088,0.46745680404795853,-5.551115123125783e-16,0.7251845269807533,70,255,255,255
151,3.02,6.6756581262778,-0.3019758363817632,-11.519999999999975,1.1977123503046756,0.9030421506926742,-0.500000000000033,0.6505578838173077,0.46559042065225803,-5.551115123125783e-16,0.7304204969145676,70,255,255,255
152,3.04,6.699617653030642,-0.28392199807020585,-11.529999999999974,1.1979763376420927,0.9026919155778668,-0.500000000000033,0.6518774378251748,0.4637410980865136,-5.551115123125783e-16,0.7356564682741553,70,255,255,255
153,3.06,6.723582936448134,-0.2658758020522279,-11.539999999999974,1.1982641708745996,0.9023098008988978,-0.500000000000033,0.6531771144959626,0.46190871078464,-5.551115123125783e-16,0.7408924409454547,70,255,255,255
154,3.08,6.747554441807991,-0.24783787171689517,-11.549999999999974,1.1985752679928823,0.9018965167666356,-0.500000000000033,0.6544572635739109,0.46009313204540303,-5.551115123125783e-16,0.7461284148235288,70,255,255,255
155,3.1,6.771532622910479,-0.22980881652766535,-11.559999999999974,1.1989090551243924,0.9014527594614911,-0.5000000000000331,0.6557182283149121,0.458294234150456,-7.66053886991358e-15,0.7513643898118355,70,255,255,255
156,3.12,6.795517922241616,-0.21178923229284477,-11.569999999999974,1.1992649665568131,0.900979211741029,-0.5000000000000332,0.6569603455911436,0.45651188847692165,-7.327471962526033e-15,0.7566003658215563,70,255,255,255
157,3.14,6.819510771136683,-0.19377970143003553,-11.579999999999973,1.1996424447533536,0.9004765431404622,-0.5000000000000333,0.6581839459955132,0.4547459656047268,-6.994405055138486e-15,0.7618363427709781,70,255,255,255
158,3.16,6.84351158994389,-0.17578079322471327,-11.589999999999973,1.2000409403603518,0.8999454102661132,-0.5000000000000334,0.6593893539457963,0.4529963354188922,-6.661338147750939e-15,0.7670723205849248,70,255,255,255
159,3.18,6.867520788188043,-0.15779306408307456,-11.599999999999973,1.200459912207652,0.8993864570819355,-0.5000000000000335,0.6605768877883501,0.4512628672069723,-6.328271240363392e-15,0.7723082991942345,70,255,255,255
160,3.2,6.891538764734086,-0.13981705777929052,-11.609999999999973,1.2008988273021965,0.8988003151892021,-0.5000000000000336,0.6617468599013048,0.449545429751836,-5.995204332975845e-15,0.777544278535278,70,255,255,255
161,3.22,6.915565907950391,-0.12185330569730138,-11.619999999999973,1.2013571608152496,0.8981876040994566,-0.5000000000000338,0.6628995767971336,0.4478438914199691,-5.662137425588298e-15,0.7827802585495166,70,255,255,255
162,3.24,6.939602595871665,-0.10390232706728444,-11.629999999999974,1.2018343960636544,0.8975489315008466,-0.500000000000034,0.6640353392245186,0.44615812024547813,-1.2434497875801753e-14,0.7880162391830948,70,255,255,255
163,3.2600000000000002,6.9636491963613745,-0.08596462919692553,-11.639999999999976,1.2023300244855,0.8968848935179458,-0.5000000000000341,0.6651544422694308,0.4444879840099645,-4.6629367034256575e-15,0.7932522203864654,70,255,255,255
164,3.2800000000000002,6.987706067273586,-0.0680407076976218,-11.649999999999977,1.2028435456105642,0.8961960749651868,-0.500000000000034,0.6662571754553561,0.4428333503184361,2.7755575615628914e-15,0.7984882021140449,70,255,255,255
165,3.3000000000000003,7.011773556614103,-0.05013104670574137,-11.659999999999979,1.203374467025868,0.8954830495940215,-0.5000000000000338,0.6673438228425994,0.4411940866714164,9.547918011776346e-15,0.8037241843238968,70,255,255,255
166,3.3200000000000003,7.035852002700836,-0.03223611909906274,-11.669999999999979,1.2039223043366742,0.8947463803339314,-0.5000000000000334,0.6684146631266112,0.4395700605334024,1.5987211554602254e-14,0.8089601669774391,70,255,255,255
167,3.34,7.059941734323301,-0.014356386708514472,-11.679999999999978,1.2044865811232384,0.8939866195274132,-0.5000000000000331,0.6694699697352816,0.43796113939782494,1.4988010832439613e-14,0.8141961500391767,70,255,255,255
168,3.36,7.084043070901173,0.0035076994746667638,-11.689999999999978,1.2050668288936026,0.8932043091590618,-0.5000000000000328,0.6705100109251593,0.43636719084865094,1.3988810110276972e-14,0.8194321334764539,70,255,255,255
169,3.38,7.108156322641827,0.02135569909624431,-11.699999999999978,1.2056625870327151,0.8923999810788773,-0.5000000000000325,0.6715350498765466,0.4347880826187676,1.2989609388114332e-14,0.8246681172592276,70,255,255,255
170,3.4,7.13228179069679,0.03918718224064279,-11.709999999999978,1.2062734027481423,0.8915741572199241,-0.5000000000000323,0.6725453447874421,0.43322368264528277,1.2323475573339238e-14,0.829904101359858,70,255,255,255
171,3.42,7.156419767317042,0.05700172923685209,-11.719999999999978,1.206898831012619,0.8907273498104648,-0.5000000000000322,0.673541148966292,0.431673859121869,4.551914400963142e-15,0.8351400857529166,70,255,255,255
172,3.44,7.180570536007116,0.07479893046846604,-11.729999999999977,1.2075384345036795,0.8898600615806977,-0.5000000000000321,0.674522710923525,0.430138480548275,4.218847493575595e-15,0.8403760704150093,70,255,255,255
173,3.46,7.204734371677929,0.09257838618775052,-11.739999999999977,1.2081917835405964,0.8889727859642236,-0.500000000000032,0.6754902744618456,0.42861741577712453,3.885780586188048e-15,0.8456120553246131,70,255,255,255
174,3.48,7.228911540798306,0.1103397063336378,-11.749999999999977,1.2088584560188376,0.8880660072943637,-0.5000000000000319,0.676444078765266,0.42711053405811783,3.552713678800501e-15,0.8508480404619273,70,255,255,255
175,3.5,7.253102301545151,0.12808251035354698,-11.759999999999977,1.2095380373422477,0.8871402009954592,-0.5000000000000318,0.6773843584868577,0.4256177050797443,3.219646771412954e-15,0.856084025808735,70,255,255,255
176,3.52,7.277306903952214,0.14580642702893234,-11.769999999999976,1.2102301203531465,0.8861958337692686,-0.5000000000000316,0.6783113438352106,0.4241387990086155,2.886579864025407e-15,0.8613200113482766,70,255,255,255
177,3.54,7.301525590057424,0.16351109430446414,-11.779999999999976,1.2109343052605228,0.8852333637765895,-0.5000000000000316,0.6792252606595859,0.4226736865265186,2.55351295663786e-15,0.8665559970651336,70,255,255,255
178,3.56,7.325758594048754,0.18119615912074863,-11.789999999999976,1.2116501995665012,0.8842532408142239,-0.5000000000000316,0.6801263305337574,0.4212222388652887,2.55351295663786e-15,0.8717919829451207,70,255,255,255
179,3.58,7.350006142408579,0.19886127725049677,-11.799999999999976,1.2123774179912414,0.8832559064874067,-0.5000000000000316,0.681014770838532,0.4197843278395965,2.55351295663786e-15,0.8770279689751874,70,255,255,255
180,3.6,7.374268454056507,0.216506113138053,-11.809999999999976,1.2131155823964248,0.8822417943778128,-0.5000000000000318,0.6818907948429477,0.41835982587773995,-4.551914400963142e-15,0.8822639551433274,70,255,255,255
181,3.62,7.398545740490657,0.2341303397421982,-11.819999999999975,1.2138643217074758,0.8812113302072606,-0.5000000000000319,0.6827546117841465,0.4169486060505293,-4.218847493575595e-15,0.887499941438495,70,255,255,255
182,3.64,7.422838205927349,0.25173363838214274,-11.829999999999975,1.214623271834654,0.8801649319972258,-0.500000000000032,0.6836064269459218,0.415550542098347,-3.885780586188048e-15,0.8927359278505277,70,255,255,255
183,3.66,7.447146047439213,0.26931569858662824,-11.839999999999975,1.215392075593147,0.8791030102242751,-0.5000000000000321,0.6844464417359454,0.4141655084564662,-3.552713678800501e-15,0.8979719143700764,70,255,255,255
184,3.68,7.4714694550916585,0.2868762179460589,-11.849999999999975,1.2161703826222925,0.8780259679715324,-0.5000000000000322,0.6852748537616732,0.41279338027870266,-3.219646771412954e-15,0.9032079009885399,70,255,255,255
185,3.7,7.495808612077739,0.3044149019675846,-11.859999999999975,1.2169578493040343,0.8769342010762835,-0.5000000000000323,0.6860918569049392,0.4114340334594754,-2.886579864025407e-15,0.9084438876980049,70,255,255,255
186,3.72,7.5201636948513535,0.32193146393306105,-11.869999999999974,1.2177541386807338,0.8758280982738246,-0.5000000000000323,0.6868976413952412,0.41008734465434865,-2.55351295663786e-15,0.9136798744911914,70,255,255,255
187,3.74,7.544534873258802,0.3394256247598143,-11.879999999999974,1.2185589203724336,0.874708041337662,-0.5000000000000325,0.6876923938817295,0.4087531912991216,-9.658940314238862e-15,0.9189158613614016,70,255,255,255
188,3.7600000000000002,7.568922310668675,0.3568971128641375,-11.889999999999974,1.2193718704936714,0.8735744052161585,-0.5000000000000328,0.6884762975039023,0.40743145162753247,-8.992806499463768e-15,0.9241518483024737,70,255,255,255
189,3.7800000000000002,7.593326164100074,0.3743456640274521,-11.899999999999974,1.220192671569937,0.8724275581657309,-0.5000000000000329,0.6892495319610247,0.4061220046876412,-8.326672684688674e-15,0.9293878353087386,70,255,255,255
190,3.8000000000000003,7.617746584349152,0.39177102126506597,-11.909999999999973,1.2210210124538583,0.8712678618806932,-0.500000000000033,0.6900122735802766,0.40482473035695055,-7.993605777301127e-15,0.934623822374981,70,255,255,255
191,3.8200000000000003,7.642183716113975,0.40917293469746274,-11.919999999999973,1.2218565882411974,0.8700956716198402,-0.5000000000000331,0.6907646953836444,0.403539509356322,-7.66053886991358e-15,0.9398598094964026,70,255,255,255
192,3.84,7.66663769811771,0.4265511614240601,-11.929999999999973,1.2226991001867324,0.8689113363298666,-0.5000000000000332,0.6915069671535686,0.40226622326274586,-7.327471962526033e-15,0.9450957966685891,70,255,255,255
193,3.86,7.691108663230112,0.44390546539937425,-11.939999999999973,1.2235482556200994,0.8677151987657077,-0.5000000000000333,0.6922392554973607,0.4010047545210153,-6.994405055138486e-15,0.9503317838874793,70,255,255,255
194,3.88,7.715596738587346,0.4612356173115322,-11.949999999999973,1.2244037678616582,0.8665075956078947,-0.5000000000000334,0.6929617239104016,0.3997549864543584,-6.661338147750939e-15,0.9555677711493369,70,255,255,255
195,3.9,7.740102045710114,0.4785413944630723,-11.959999999999972,1.2252653561384481,0.865288857577007,-0.5000000000000335,0.69367453283814,0.39851680327407585,-6.328271240363392e-15,0.9608037584507245,70,255,255,255
196,3.92,7.76462470062012,0.4958225806539785,-11.969999999999974,1.2261327455002926,0.8640593095453082,-0.5000000000000338,0.6943778397369011,0.397290090088231,-1.3100631690576847e-14,0.9660397457884798,70,255,255,255
197,3.94,7.789164813954842,0.5130789660668914,-11.979999999999976,1.227005666736107,0.8628192706456441,-0.5000000000000339,0.6950717991335257,0.39607473290943945,-5.329070518200751e-15,0.9712757331596933,70,255,255,255
198,3.96,7.813722491080651,0.5303103471544451,-11.989999999999977,1.2278838562904628,0.8615690543776872,-0.5000000000000339,0.695756562683851,0.39487061866179995,2.1094237467877974e-15,0.9765117205616883,70,255,255,255
199,3.98,7.83829783220426,0.5475165265286771,-11.999999999999977,1.2287670561804565,0.8603089687115989,-0.5000000000000336,0.6964322792300528,0.3936776351870068,9.2148511043888e-15,0.9817477079920024,70,255,255,255
200,4.0,7.862890932482519,0.5646973128524609,-12.009999999999977,1.2296550139129288,0.8590393161891918,-0.5000000000000334,0.6970990948568627,0.3924956712496875,8.548717289613705e-15,0.9869836954483701,70,255,255,255
201,4.0200000000000005,7.8875024392812705,0.5818517214139648,-12.019999999999976,1.230575339937589,0.8577204280751901,-0.5000000000000333,0.6989639088741066,0.3891650730621002,7.882583474838611e-15,0.9922196829287069,70,255,255,255
202,4.04,7.912132985775243,0.5989787812728032,-12.029999999999976,1.2315273246986502,0.8563529929419207,-0.5000000000000332,0.7008047527176994,0.38584025006248907,7.549516567451064e-15,0.9974556704310954,70,255,255,255
203,4.0600000000000005,7.936783190995061,0.6160775351052,-12.039999999999976,1.2325102609908538,0.8549376916198381,-0.5000000000000332,0.702621736021994,0.3825214975258771,1.1102230246251565e-16,1.0026916579537715,70,255,255,255
204,4.08,7.9614536598799015,0.6331470390523605,-12.049999999999976,1.2335234442420144,0.8534751973580237,-0.5000000000000331,0.7044149732252251,0.37920910523892454,7.216449660063518e-15,1.007927645495112,70,255,255,255
205,4.1,7.986144983335587,0.6501863625719941,-12.059999999999976,1.2345661727842505,0.8519661759816806,-0.5000000000000331,0.7061845834087748,0.3759033574680802,-2.220446049250313e-16,1.013163633053624,70,255,255,255
206,4.12,8.01085773829787,0.667194588292925,-12.069999999999975,1.2356377481141734,0.8504112860465426,-0.5000000000000331,0.7079306901372724,0.3726045329323912,-2.220446049250313e-16,1.0183996206279338,70,255,255,255
207,4.14,8.035592487800717,0.6841708118727275,-12.079999999999975,1.2367374751423152,0.8488111789901283,-0.5000000000000331,0.7096534212996652,0.3693129047808644,-2.220446049250313e-16,1.0236356082167772,70,255,255,255
208,4.16,8.060349781049357,0.7011141418583231,-12.089999999999975,1.2378646624320626,0.8471664992797789,-0.5000000000000331,0.7113529089513919,0.3660287405742791,-2.220446049250313e-16,1.028871595818992,70,255,255,255
209,4.18,8.085130153497925,0.7180236995494718,-12.099999999999975,1.239018622428367,0.8454778845574328,-0.5000000000000331,0.7130292891577742,0.36275230227134236,-2.220446049250313e-16,1.0341075834335083,70,255,255,255
210,4.2,8.109934126931455,0.7348986188650936,-12.109999999999975,1.2401986716764917,0.8437459657810912,-0.5000000000000331,0.7146827018387513,0.3594838462190792,-2.220446049250313e-16,1.0393435710593417,70,255,255,255
211,4.22,8.134762209552076,0.7517380462123525,-12.119999999999974,1.2414041310310557,0.8419713673629462,-0.5000000000000331,0.7163132906150624,0.3562236231473441,-2.220446049250313e-16,1.0445795586955873,70,255,255,255
212,4.24,8.159614896069188,0.7685411403584355,-12.129999999999974,1.2426343258556343,0.8401547073041449,-0.5000000000000332,0.7179212026559868,0.35297187816734304,-7.327471962526033e-15,1.0498155463414118,70,255,255,255
213,4.26,8.184492667793451,0.7853070723049589,-12.139999999999974,1.243888586213156,0.8382965973261707,-0.5000000000000332,0.7195065885287376,0.3497288507740501,1.1102230246251565e-16,1.055051533996049,70,255,255,255
214,4.28,8.209395992734398,0.8020350251649356,-12.149999999999974,1.2451662470473543,0.8363976429988351,-0.5000000000000333,0.7210696020496105,0.3464947748524018,-6.994405055138486e-15,1.0602875216587937,70,255,255,255
215,4.3,8.234325325701509,0.8187241940422331,-12.159999999999973,1.2464666483555087,0.834458443864873,-0.5000000000000334,0.722610400136966,0.3432698786871548,-6.661338147750939e-15,1.0655235093289976,70,255,255,255
216,4.32,8.259281108408564,0.835373785913456,-12.169999999999973,1.2477891353527117,0.8324795935611466,-0.5000000000000335,0.7241291426661411,0.3400543849762852,-6.328271240363392e-15,1.0707594970060639,70,255,255,255
217,4.34,8.284263769581122,0.8519830195121854,-12.179999999999973,1.2491330586279041,0.8304616799364658,-0.5000000000000336,0.7256259923263564,0.3368485108478151,-5.995204332975845e-15,1.0759954846894435,70,255,255,255
218,4.36,8.30927372506696,0.868551125215506,-12.189999999999973,1.250497774291893,0.8284052851660364,-0.5000000000000338,0.7271011144797012,0.333652467879943,-5.662137425588298e-15,1.0812314723786314,70,255,255,255
219,4.38,8.334311377949312,0.8850773449327572,-12.199999999999974,1.2518826441175888,0.8263109858625596,-0.5000000000000339,0.7285546770222576,0.3304664621243641,-5.329070518200751e-15,1.0864674600731627,70,255,255,255
220,4.4,8.359377118662765,0.9015609319964373,-12.209999999999976,1.2532870356726744,0.8241793531840022,-0.5000000000000339,0.7299868502474307,0.3272906941326549,2.1094237467877974e-15,1.0917034477726104,70,255,255,255
221,4.42,8.384471325111663,0.9180011510551986,-12.219999999999978,1.2547103224449254,0.8220109529380686,-0.5000000000000339,0.7313978067115379,0.3241253589856119,2.1094237467877974e-15,1.096939435476581,70,255,255,255
222,4.44,8.409594362790871,0.9343972779688667,-12.229999999999977,1.2561518839603851,0.8198063456834027,-0.5000000000000336,0.7327877211017146,0.32097064632541655,9.2148511043888e-15,1.1021754231847123,70,255,255,255
223,4.46,8.434746584908764,0.9507485997054179,-12.239999999999977,1.2576111058946124,0.8175660868275603,-0.5000000000000334,0.7341567701061803,0.31782674039051695,8.548717289613705e-15,1.1074114108966717,70,255,255,255
224,4.48,8.459928332512307,0.9670544142398536,-12.249999999999977,1.2590873801771911,0.8152907267217857,-0.5000000000000333,0.7355051322869103,0.31469382005310287,7.882583474838611e-15,1.1126473986121532,70,255,255,255
225,4.5,8.485139934614102,0.9833140304549064,-12.259999999999977,1.2605801050897085,0.8129808107526398,-0.5000000000000332,0.7368329879547497,0.3115720588590633,7.549516567451064e-15,1.1178833863308748,70,255,255,255
226,4.5200000000000005,8.51038170832125,0.9995267680435168,-12.269999999999976,1.2620886853573912,0.8106368794305207,-0.5000000000000331,0.738140519047007,0.308461625070308,7.216449660063518e-15,1.1231193740525773,70,255,255,255
227,4.54,8.535653958965941,1.0156919574130194,-12.279999999999976,1.2636125322345877,0.8082594684751262,-0.500000000000033,0.7394279090075516,0.30536268170934044,6.8833827526759706e-15,1.1283553617770221,70,255,255,255
228,4.5600000000000005,8.560956980237627,1.0318089395909775,-12.289999999999976,1.2651510635842849,0.8058491088979086,-0.500000000000033,0.7406953426694484,0.30227538660597,-5.551115123125783e-16,1.13359134950399,70,255,255,255
229,4.58,8.586291054316664,1.047877066132609,-12.299999999999976,1.2667037039518345,0.8034063270815729,-0.5000000000000329,0.741943006140142,0.29919989244605266,6.5503158452884236e-15,1.1388273372332791,70,255,255,255
230,4.6000000000000005,8.611656452009326,1.0638956990297423,-12.309999999999976,1.2682698846330713,0.8009316448566733,-0.5000000000000329,0.7431710866892167,0.2961363468221499,-8.881784197001252e-16,1.1440633249647039,70,255,255,255
231,4.62,8.637053432884066,1.0798642106212495,-12.319999999999975,1.2698490437369894,0.7984255795753625,-0.5000000000000329,0.7443797726387408,0.29308489228600065,-8.881784197001252e-16,1.1492993126980933,70,255,255,255
232,4.64,8.66248224540893,1.0957819835048965,-12.329999999999975,1.271440626243151,0.7958886441823532,-0.5000000000000329,0.7455692532562058,0.2900456664026956,-8.881784197001252e-16,1.1545353004332901,70,255,255,255
233,4.66,8.687943127090008,1.1116484104505595,-12.339999999999975,1.2730440840539858,0.7933213472831477,-0.5000000000000329,0.7467397186500703,0.2870188018064565,-8.881784197001252e-16,1.1597712881701498,70,255,255,255
234,4.68,8.713436304610852,1.1274628943147516,-12.349999999999975,1.274658876042147,0.7907241932095985,-0.5000000000000329,0.7478913596679085,0.28400442625791433,-8.881784197001252e-16,1.1650072759085395,70,255,255,255
235,4.7,8.738961993972714,1.1432248479564087,-12.359999999999975,1.2762844680930767,0.7880976820828575,-0.5000000000000329,0.7490243677971661,0.28100266270278607,-8.881784197001252e-16,1.1702432636483364,70,255,255,255
236,4.72,8.764520400635572,1.1589336941538841,-12.369999999999974,1.2779203331429334,0.7854423098737764,-0.5000000000000329,0.7501389350685175,0.27801362933185575,-8.881784197001252e-16,1.1754792513894283,70,255,255,255
237,4.74,8.790111719659812,1.1745888655231007,-12.379999999999974,1.279565951212036,0.7827585684608235,-0.500000000000033,0.751235253961823,0.2750374396421608,-7.993605777301127e-15,1.1807152391317115,70,255,255,255
238,4.76,8.815736135848491,1.1901898044368122,-12.389999999999974,1.2812208094339592,0.7800469456855723,-0.500000000000033,0.7523135173146722,0.27207420249929326,-5.551115123125783e-16,1.1859512268750907,70,255,255,255
239,4.78,8.8413938238901,1.205735962944929,-12.399999999999974,1.2828844020804357,0.7773079254058352,-0.5000000000000331,0.7533739182335061,0.26912402220072196,-7.66053886991358e-15,1.1911872146194782,70,255,255,255
240,4.8,8.867084948501743,1.2212268026958588,-12.409999999999973,1.2845562305821903,0.7745419875464948,-0.5000000000000332,0.7544166500073016,0.2661869985400501,-7.327471962526033e-15,1.1964232023647934,70,255,255,255
241,4.82,8.89280966457266,1.236661794858821,-12.419999999999973,1.2862358035458517,0.7717496081481072,-0.5000000000000333,0.7554419060238049,0.26326322687211934,-6.994405055138486e-15,1.201659190110962,70,255,255,255
242,4.84,8.918568117308,1.2520404200470876,-12.429999999999973,1.2879226367670653,0.7689312594133302,-0.5000000000000334,0.7564498796882902,0.26035279817887763,-6.661338147750939e-15,1.2068951778579156,70,255,255,255
243,4.86,8.9443604423728,1.2673621682421126,-12.439999999999973,1.28961625323994,0.7660874097512491,-0.5000000000000335,0.7574407643448298,0.25745579913592936,-6.328271240363392e-15,1.2121311656055915,70,255,255,255
244,4.88,8.970186766036058,1.2826265387185058,-12.449999999999973,1.2913161831629543,0.7632185238196588,-0.5000000000000336,0.7584147532000464,0.25457231217968873,-5.995204332975845e-15,1.217367153353932,70,255,255,255
245,4.9,8.996047205314886,1.2978330399698133,-12.459999999999972,1.2930219639414384,0.7603250625653648,-0.5000000000000338,0.7593720392493268,0.25170241557505757,-5.662137425588298e-15,1.2226031411028842,70,255,255,255
246,4.92,9.02194186811862,1.3129811896350647,-12.469999999999974,1.294733140186757,0.7574074832625692,-0.500000000000034,0.76031281520547,0.2488461834835583,-1.2434497875801753e-14,1.2278391288523987,70,255,255,255
247,4.94,9.047870853392867,1.3280705144260527,-12.479999999999976,1.2964492637123073,0.7544662395494025,-0.5000000000000341,0.7612372734297408,0.24600368603184364,-4.6629367034256575e-15,1.2330751166024305,70,255,255,255
248,4.96,9.073834251263396,1.343100550055306,-12.489999999999977,1.2981698935264392,0.7515017814626613,-0.500000000000034,0.7621456058652993,0.2431749893805199,2.7755575615628914e-15,1.2383111043529387,70,255,255,255
249,4.98,9.099832143179844,1.3580708411647222,-12.499999999999979,1.2998945958224166,0.7485145554708177,-0.5000000000000338,0.7630380039729758,0.24036015579321188,9.547918011776346e-15,1.2435470921038847,70,255,255,255
250,5.0,9.125864602059155,1.3729809412548293,-12.509999999999978,1.3016229439655203,0.745505004505357,-0.5000000000000334,0.7639146586693597,0.23755924370580841,1.5987211554602254e-14,1.2487830798552337,70,255,255,255
251,5.0200000000000005,9.15193177820282,1.3878302620438432,-12.519999999999978,1.3033588071833466,0.7424660394506969,-0.5000000000000331,0.7649072779639406,0.23434345759545977,1.4988010832439613e-14,1.2540190676069534,70,255,255,255
252,5.04,9.1780338118972,1.4026182246153922,-12.529999999999978,1.3051016847189187,0.7393981285774531,-0.5000000000000328,0.7658815341409231,0.2311395155786785,1.3988810110276972e-14,1.259255055359014,70,255,255,255
253,5.0600000000000005,9.204170833544648,1.4173442593634424,-12.539999999999978,1.3068510823724528,0.7363017374025063,-0.5000000000000326,0.7668376014607157,0.22794756630851898,5.88418203051333e-15,1.2644910431113887,70,255,255,255
254,5.08,9.230342963795394,1.4320078059377876,-12.549999999999978,1.3086065125372968,0.7331773287172577,-0.5000000000000324,0.7677756552970416,0.22476775376641228,1.2656542480726785e-14,1.269727030864052,70,255,255,255
255,5.1000000000000005,9.256550313680039,1.446608313190065,-12.559999999999977,1.3103674942322412,0.7300253626138735,-0.5000000000000323,0.7686958720405472,0.22160021730093743,4.884981308350689e-15,1.274963018616981,70,255,255,255
256,5.12,9.282792984742645,1.4611452391202566,-12.569999999999977,1.312133553130289,0.7268462965095734,-0.5000000000000322,0.7695984290043781,0.2184450916683488,4.551914400963142e-15,1.280199006370154,70,255,255,255
257,5.14,9.309071069174324,1.4756180508236372,-12.579999999999977,1.3139042215839865,0.723640585169032,-0.5000000000000321,0.7704835043317406,0.2153025070747684,4.218847493575595e-15,1.2854349941235519,70,255,255,255
258,5.16,9.335384649947272,1.4900262244381361,-12.589999999999977,1.315679038647398,0.720408680724947,-0.500000000000032,0.7713512769054682,0.21217258921996443,3.885780586188048e-15,1.2906709818771567,70,255,255,255
259,5.18,9.36173380094917,1.504369245092073,-12.599999999999977,1.3174575500948227,0.7171510326968424,-0.5000000000000319,0.7722019262596038,0.20905545934262904,3.552713678800501e-15,1.2959069696309518,70,255,255,255
260,5.2,9.388118587117896,1.5186466068522362,-12.609999999999976,1.3192393084363325,0.7138680880081608,-0.5000000000000318,0.7730356324930111,0.2059512342670718,3.219646771412954e-15,1.3011429573849218,70,255,255,255
261,5.22,9.4145390645765,1.5328578126722703,-12.619999999999976,1.3210238729302237,0.7105602910017081,-0.5000000000000316,0.7738525761850232,0.20286002645125228,2.886579864025407e-15,1.3063789451390528,70,255,255,255
262,5.24,9.44099528076835,1.5470023743413406,-12.629999999999976,1.3228108095924653,0.7072280834535112,-0.5000000000000318,0.7746529383131325,0.199781944036067,-4.551914400963142e-15,1.311614932893332,70,255,255,255
263,5.26,9.467487274592415,1.5610798124330434,-12.639999999999976,1.3245996912032256,0.703871904585145,-0.5000000000000316,0.775436900172727,0.19671709089581496,2.886579864025407e-15,1.3168509206477474,70,255,255,255
264,5.28,9.494015076538625,1.5750896562545351,-12.649999999999975,1.3263900973105611,0.7004921910745904,-0.5000000000000318,0.7762046432988742,0.1936655666897646,-4.551914400963142e-15,1.3220869084022884,70,255,255,255
265,5.3,9.520578708823253,1.5890314437958486,-12.659999999999975,1.3281816142313463,0.6970893770656782,-0.5000000000000319,0.776956349390149,0.1906274669147465,-4.218847493575595e-15,1.3273228961569448,70,255,255,255
266,5.32,9.547178185524244,1.6029047216793721,-12.669999999999975,1.3299738350495238,0.6936638941761797,-0.500000000000032,0.7776922002345052,0.18760288295869623,-3.885780586188048e-15,1.3325588839117073,70,255,255,255
267,5.34,9.573813512716479,1.6167090451094641,-12.679999999999975,1.3317663596117513,0.6902161715045971,-0.5000000000000321,0.7784123776371814,0.1845919021550784,-3.552713678800501e-15,1.3377948716665673,70,255,255,255
268,5.36,9.600484688606889,1.6304439778221784,-12.689999999999975,1.333558794520522,0.686746635635714,-0.5000000000000322,0.7791170633506369,0.18159460783811796,-3.219646771412954e-15,1.3430308594215172,70,255,255,255
269,5.38,9.627191703669386,1.6441090920350776,-12.699999999999974,1.3353507531248323,0.6832557106449554,-0.5000000000000323,0.7798064390065048,0.17861107939877194,-2.886579864025407e-15,1.3482668471765498,70,255,255,255
270,5.4,9.653934540779556,1.65770396839711,-12.709999999999974,1.3371418555084702,0.6797438181016182,-0.5000000000000323,0.7804806860495551,0.17564139234137222,-2.55351295663786e-15,1.3535028349316585,70,255,255,255
271,5.42,9.680713175349076,1.6712281959385304,-12.719999999999974,1.3389317284759947,0.67621137707102,-0.5000000000000325,0.7811399856736493,0.1726856183408767,-9.658940314238862e-15,1.3587388226868369,70,255,255,255
272,5.44,9.707527575459807,1.684681372020843,-12.729999999999974,1.3407200055364803,0.6726588041156231,-0.5000000000000328,0.7817845187596764,0.1697438253006607,-8.992806499463768e-15,1.3639748104420797,70,255,255,255
273,5.46,9.73437770199751,1.6980631022867465,-12.739999999999974,1.3425063268850899,0.6690865132951826,-0.5000000000000329,0.7824144658154505,0.166816077410792,-8.326672684688674e-15,1.3692107981973818,70,255,255,255
274,5.48,9.761263508785161,1.711373000610066,-12.749999999999973,1.344290339382548,0.6654949161659718,-0.500000000000033,0.7830300069175549,0.16390243520672318,-7.993605777301127e-15,1.3744467859527383,70,255,255,255
275,5.5,9.788184942715812,1.7246106890456487,-12.759999999999973,1.3460716965325819,0.6618844217791328,-0.5000000000000331,0.7836313216551112,0.16100295562834802,-7.66053886991358e-15,1.379682773708145,70,255,255,255
276,5.5200000000000005,9.81514194388496,1.7377757977792128,-12.769999999999973,1.3478500584573894,0.6582554366782036,-0.5000000000000332,0.7842185890754544,0.15811769207936116,-7.327471962526033e-15,1.3849187614635978,70,255,255,255
277,5.54,9.842134445722385,1.7508679650771302,-12.779999999999973,1.3496250918712047,0.6546083648958684,-0.5000000000000333,0.7847919876316912,0.15524669448686948,-6.994405055138486e-15,1.390154749219093,70,255,255,255
278,5.5600000000000005,9.869162375123425,1.7638868372361298,-12.789999999999973,1.351396470052022,0.6509436079499777,-0.5000000000000335,0.7853516951321198,0.15239000936119804,-1.3766765505351941e-14,1.3953907369746272,70,255,255,255
279,5.58,9.896225652579655,1.7768320685329075,-12.799999999999972,1.353163872811536,0.647261564838887,-0.5000000000000336,0.7858978886914851,0.14954767985584422,-5.995204332975845e-15,1.4006267247301973,70,255,255,255
280,5.6000000000000005,9.923324192308923,1.7897033211736306,-12.809999999999974,1.3549269864633653,0.6435626320361556,-0.5000000000000339,0.7864307446840483,0.1467197458275246,-1.27675647831893e-14,1.4058627124858005,70,255,255,255
281,5.62,9.950457902384716,1.8025002652433237,-12.819999999999975,1.3566855037896104,0.6398472034846532,-0.500000000000034,0.7869504386984396,0.14390624389627268,-4.9960036108132044e-15,1.4110987002414341,70,255,255,255
282,5.64,9.977626684864832,1.8152225786551262,-12.829999999999977,1.3584391240058158,0.6361156705901153,-0.500000000000034,0.7874571454942736,0.14110720750553638,2.4424906541753444e-15,1.4163346879970957,70,255,255,255
283,5.66,10.00483043591932,1.82786994709941,-12.839999999999979,1.3601875527243792,0.63236842221419,-0.5000000000000338,0.7879510389604941,0.13832266698223386,9.547918011776346e-15,1.4215706757527828,70,255,255,255
284,5.68,10.03206904595765,1.8404420639927503,-12.849999999999978,1.361930501916476,0.6286058446670183,-0.5000000000000334,0.7884322920754245,0.13555264959672497,1.5987211554602254e-14,1.4268066635084937,70,255,255,255
285,5.7,10.059342399755101,1.8529386304267381,-12.859999999999978,1.3636676898725466,0.6248283216993863,-0.5000000000000331,0.7889010768684933,0.13279717962265458,1.4988010832439613e-14,1.4320426512642264,70,255,255,255
286,5.72,10.08665037657833,1.8653593551166279,-12.869999999999978,1.3653988411614038,0.6210362344944902,-0.5000000000000328,0.7893575643836053,0.13005627839663347,1.3988810110276972e-14,1.437278639019979,70,255,255,255
287,5.74,10.11399285031009,1.8777039543498149,-12.879999999999978,1.3671236865880114,0.6172299616593515,-0.5000000000000326,0.7898019246441288,0.12732996437771388,5.88418203051333e-15,1.44251462677575,70,255,255,255
288,5.76,10.14136968957309,1.8899721519341333,-12.889999999999977,1.3688419631499875,0.6134098792159186,-0.5000000000000324,0.790234326619471,0.12461825320662832,1.2656542480726785e-14,1.4477506145315382,70,255,255,255
289,5.78,10.168780757852947,1.902163679145971,-12.899999999999977,1.3705534139928814,0.6095763605918926,-0.5000000000000323,0.7906549381932059,0.12192115776475365,4.884981308350689e-15,1.4529866022873419,70,255,255,255
290,5.8,10.196225913620232,1.9142782746781972,-12.909999999999977,1.3722577883642753,0.6057297766113103,-0.5000000000000322,0.7910639261327292,0.11923868823277124,4.551914400963142e-15,1.4582225900431598,70,255,255,255
291,5.82,10.223705010451567,1.9263156845878957,-12.919999999999977,1.3739548415667584,0.601870495484921,-0.5000000000000321,0.7914614560604064,0.1165708521489887,4.218847493575595e-15,1.463458577798991,70,255,255,255
292,5.84,10.251217897149765,1.9382756622439035,-12.929999999999977,1.375644334909823,0.597998882800387,-0.500000000000032,0.7918476924261822,0.11391765446729629,3.885780586188048e-15,1.4686945655548342,70,255,255,255
293,5.86,10.278764417862979,1.9501579682741503,-12.939999999999976,1.3773260356607282,0.5941153015123429,-0.5000000000000319,0.7922227984816217,0.11127909761472744,3.552713678800501e-15,1.4739305533106888,70,255,255,255
294,5.88,10.306344412202867,1.961962370512797,-12.949999999999976,1.3789997169943773,0.5902201119323429,-0.5000000000000318,0.7925869362553492,0.10865518154859982,3.219646771412954e-15,1.4791665410665535,70,255,255,255
295,5.9,10.333957715361711,1.9736886439471717,-12.959999999999976,1.3806651579422533,0.5863136717187247,-0.5000000000000316,0.7929402665298565,0.10604590381320789,2.886579864025407e-15,1.4844025288224278,70,255,255,255
296,5.92,10.36160415822852,1.9853365706645,-12.969999999999976,1.3823221433404598,0.5823963358664245,-0.5000000000000318,0.793282948819645,0.10345125959604694,-4.551914400963142e-15,1.4896385165783108,70,255,255,255
297,5.94,10.389283567504059,1.9969059397984354,-12.979999999999976,1.383970463776906,0.5784684566967638,-0.5000000000000319,0.7936151413506713,0.10087124178354323,-4.218847493575595e-15,1.4948745043342018,70,255,255,255
298,5.96,10.416995765814812,2.0083965474753804,-12.989999999999975,1.3856099155376813,0.5745303838472419,-0.500000000000032,0.7939370010410673,0.09830584101627096,-3.885780586188048e-15,1.5001104920901,70,255,255,255
299,5.98,10.444740571825866,2.0198081967606076,-12.999999999999975,1.387240300552662,0.5705824642613551,-0.5000000000000321,0.794248683483098,0.0957550457436352,-3.552713678800501e-15,1.5053464798460052,70,255,255,255
300,6.0,10.472517800352675,2.0311406976041773,-13.009999999999975,1.3888614263403842,0.5666250421784708,-0.5000000000000322,0.7945503429263302,0.09321884227800342,-3.219646771412954e-15,1.5105824676019166,70,255,255,255
301,6.0200000000000005,10.50032723824522,2.042393926656353,-13.019999999999975,1.390471894627206,0.5626614526087844,-0.5000000000000323,0.7948229215758187,0.09086541331926021,-2.886579864025407e-15,1.5158184553578335,70,255,255,255
302,6.04,10.528168669745494,2.053567766283603,-13.029999999999974,1.3920715750137467,0.5586919813624911,-0.5000000000000323,0.7950870103952532,0.08852483211358719,-2.55351295663786e-15,1.5210544431137558,70,255,255,255
303,6.0600000000000005,10.556041876576119,2.0646621045233196,-13.039999999999974,1.3936603415312132,0.5547169119858361,-0.5000000000000325,0.7953427330711883,0.08619708203212204,-9.658940314238862e-15,1.526290430869683,70,255,255,255
304,6.08,10.583946638027927,2.075676835038304,-13.049999999999974,1.3952380725903626,0.5507365257492285,-0.5000000000000325,0.7955902122067211,0.08388214494673092,-1.887379141862766e-15,1.5315264186256146,70,255,255,255
305,6.1000000000000005,10.61188273104653,2.086611857071017,-13.059999999999974,1.3968046509301855,0.5467511016356558,-0.5000000000000328,0.7958295693132005,0.08158000126725944,-8.992806499463768e-15,1.5367624063815504,70,255,255,255
306,6.12,10.639849930317856,2.097467075397605,-13.069999999999974,1.3983599635663415,0.5427609163294093,-0.5000000000000329,0.7960609248026406,0.07929062997835662,-8.326672684688674e-15,1.54199839413749,70,255,255,255
307,6.140000000000001,10.667848008352644,2.1082424002817075,-13.079999999999973,1.3999039017393637,0.5387662442051339,-0.500000000000033,0.7962843979808185,0.07701400867586038,-7.993605777301127e-15,1.5472343818934329,70,255,255,255
308,6.16,10.695876735569897,2.1189377474280517,-13.089999999999973,1.4014363608626574,0.5347673573172096,-0.5000000000000331,0.7965001070410331,0.07475011360274098,-7.66053886991358e-15,1.5524703696493791,70,255,255,255
309,6.18,10.723935880379303,2.129553037935841,-13.099999999999973,1.402957240470315,0.530764525389478,-0.5000000000000332,0.796708169058512,0.07249891968459507,-7.327471962526033e-15,1.5577063574053283,70,255,255,255
310,6.2,10.752025209262598,2.1400881982519477,-13.109999999999973,1.404466444164773,0.5267580158053202,-0.5000000000000333,0.7969086999854438,0.07026040056468534,-6.994405055138486e-15,1.56294234516128,70,255,255,255
311,6.22,10.780144486853885,2.1505431601239096,-13.119999999999973,1.4059638795643215,0.522748093598094,-0.5000000000000334,0.7971018146466198,0.06803452863852155,-6.661338147750939e-15,1.5681783329172343,70,255,255,255
312,6.24,10.808293476018894,2.1609178605527486,-13.129999999999972,1.4074494582505004,0.518735021441943,-0.5000000000000336,0.7972876267356673,0.06582127508797694,-1.3433698597964394e-14,1.573414320673191,70,255,255,255
313,6.26,10.836471937933203,2.171212241745608,-13.139999999999972,1.4089230957153933,0.5147190596429787,-0.5000000000000338,0.7974662488118549,0.06362060991493904,-5.662137425588298e-15,1.5786503084291497,70,255,255,255
314,6.28,10.86467963215938,2.181426251068225,-13.149999999999974,1.4103847113088448,0.510700466130849,-0.500000000000034,0.7976377922974529,0.06143250197448833,-1.2434497875801753e-14,1.5838862961851103,70,255,255,255
315,6.3,10.892916316723092,2.1915598409972388,-13.159999999999975,1.4118342281856153,0.5066794964506932,-0.5000000000000341,0.7978023674756337,0.059256919007604915,-4.6629367034256575e-15,1.5891222839410728,70,255,255,255
316,6.32,10.921181748188141,2.2016129690723485,-13.169999999999977,1.4132715732524987,0.5026564037554946,-0.500000000000034,0.7979600834888926,0.05709382767339847,2.7755575615628914e-15,1.594358271697037,70,255,255,255
317,6.34,10.94947568173045,2.211585597848325,-13.179999999999978,1.4146966771154181,0.49863143879883265,-0.5000000000000338,0.7981110483379716,0.054943193580861756,9.547918011776346e-15,1.5995942594530026,70,255,255,255
318,6.36,10.97779787121098,2.221477694846886,-13.189999999999978,1.4161094740265174,0.4946048499280412,-0.5000000000000334,0.7982553688812742,0.052804981320143746,1.5987211554602254e-14,1.6048302472089697,70,255,255,255
319,6.38,11.006148069247605,2.2312892325084417,-13.199999999999978,1.4175099018312687,0.4905768830777769,-0.5000000000000331,0.7983931508347499,0.05067915449334408,1.4988010832439613e-14,1.610066234964938,70,255,255,255
320,6.4,11.034526027285917,2.2410201881437217,-13.209999999999978,1.4188979019156136,0.48654778176400126,-0.5000000000000328,0.7985244987722346,0.04856567574482503,1.3988810110276972e-14,1.6153022227209075,70,255,255,255
321,6.42,11.06293149566898,2.250670543885289,-13.219999999999978,1.4202734191531514,0.4825177870783799,-0.5000000000000326,0.7986495161262324,0.04646450679104414,5.88418203051333e-15,1.620538210476878,70,255,255,255
322,6.44,11.091364223706028,2.2602402866389513,-13.229999999999977,1.4216364018523975,0.47848713768310297,-0.5000000000000325,0.7987683051891212,0.044375608449903924,5.551115123125783e-15,1.6257741982328495,70,255,255,255
323,6.46,11.119823959740112,2.2697294080350736,-13.239999999999977,1.422986801704121,0.4744560698061275,-0.5000000000000324,0.7988809671147685,0.04229894066962211,5.218048215738236e-15,1.631010185988822,70,255,255,255
324,6.48,11.148310451214687,2.2791379043798106,-13.249999999999977,1.4243245737287835,0.47042481723684554,-0.5000000000000323,0.7989876019205427,0.04023446255712122,4.884981308350689e-15,1.6362461737447953,70,255,255,255
325,6.5,11.176823444739169,2.288465776606254,-13.259999999999977,1.4256496762240913,0.4663936113221791,-0.5000000000000322,0.7990883084897035,0.03818213240593935,4.551914400963142e-15,1.6414821615007693,70,255,255,255
326,6.5200000000000005,11.205362686153423,2.297713030225516,-13.269999999999976,1.426962070712677,0.462362680963103,-0.5000000000000321,0.799183184574159,0.036141907723663005,4.218847493575595e-15,1.6467181492567442,70,255,255,255
327,6.54,11.233927920591222,2.3068796752777483,-13.279999999999976,1.4282617218899267,0.4583322526115974,-0.500000000000032,0.7992723267975765,0.03411374525888423,3.885780586188048e-15,1.6519541370127198,70,255,255,255
328,6.5600000000000005,11.262518892542662,2.315965726283109,-13.289999999999976,1.4295485975719626,0.4543025502680289,-0.5000000000000321,0.7993558306588298,0.032097601027682644,-3.552713678800501e-15,1.6571901247686958,70,255,255,255
329,6.58,11.291135345915539,2.3249712021926885,-13.299999999999976,1.4308226686438013,0.450273795478963,-0.500000000000032,0.7994337905357726,0.03009343033963662,3.885780586188048e-15,1.6624261125246724,70,255,255,255
330,6.6000000000000005,11.319777024095693,2.3338961263393965,-13.309999999999976,1.432083909007697,0.44624620733540554,-0.5000000000000321,0.7995062996893245,0.028101187823363155,-3.552713678800501e-15,1.6676621002806495,70,255,255,255
331,6.62,11.348443670006326,2.342740526388826,-13.319999999999975,1.4333322955316852,0.4422200024714735,-0.5000000000000322,0.7995734502678564,0.026120827451592162,-3.219646771412954e-15,1.672898088036627,70,255,255,255
332,6.640000000000001,11.377135026166293,2.3515044342900957,-13.329999999999975,1.434567807998335,0.43819539506349403,-0.5000000000000323,0.7996353333118612,0.02415230256577496,-2.886579864025407e-15,1.678134075792605,70,255,255,255
333,6.66,11.405850834747367,2.3601878862266865,-13.339999999999975,1.4357904290537322,0.43417259682953185,-0.5000000000000323,0.7996920387589015,0.022195565900232597,-2.55351295663786e-15,1.6833700635485835,70,255,255,255
334,6.68,11.434590837630502,2.3687909225672734,-13.349999999999975,1.4370001441566929,0.43015181702934113,-0.5000000000000323,0.7997436554488186,0.020250569605845203,-2.55351295663786e-15,1.6886060513045622,70,255,255,255
335,6.7,11.463354776461067,2.3773135878165683,-13.359999999999975,1.4381969415282299,0.4261332624647422,-0.5000000000000323,0.799790271129193,0.018317265273287173,-2.55351295663786e-15,1.6938420390605413,70,255,255,255
336,6.72,11.492142392703093,2.3857559305661766,-13.369999999999974,1.4393808121012783,0.4221171374804208,-0.5000000000000323,0.7998319724610439,0.016395603955811376,-2.55351295663786e-15,1.6990780268165206,70,255,255,255
337,6.74,11.520953427692506,2.3941180034454796,-13.379999999999974,1.4405517494706903,0.4181036439651459,-0.5000000000000325,0.7998688450247592,0.014485536191584977,-9.658940314238862e-15,1.7043140145725004,70,255,255,255
338,6.76,11.549787622689376,2.4023998630725476,-13.389999999999974,1.441709749843514,0.41409298135340583,-0.5000000000000325,0.7999009733262412,0.012587012025583315,-1.887379141862766e-15,1.7095500023284804,70,255,255,255
339,6.78,11.578644718929167,2.4106015700050967,-13.399999999999974,1.4428548119895632,0.4100853466274581,-0.5000000000000328,0.7999284408032604,0.0106999810310428,-8.992806499463768e-15,1.7147859900844606,70,255,255,255
340,6.8,11.607524457673014,2.4187231886914926,-13.409999999999973,1.4439869371922882,0.4060809343197907,-0.5000000000000329,0.7999513298320079,0.008824392330479809,-8.326672684688674e-15,1.720021977840441,70,255,255,255
341,6.82,11.636426580257012,2.4267647874218126,-13.419999999999973,1.4451061291999616,0.4020799365159911,-0.500000000000033,0.7999697217338314,0.006960194616277458,-7.993605777301127e-15,1.7252579655964217,70,255,255,255
342,6.84,11.665350828140555,2.434726438278973,-13.429999999999973,1.4462123941771805,0.3980825428580196,-0.5000000000000331,0.799983696782152,0.005107336170847109,-7.66053886991358e-15,1.7304939533524026,70,255,255,255
343,6.86,11.69429694295369,2.442608217089931,-13.439999999999973,1.447305740656703,0.39408894054788335,-0.5000000000000332,0.7999933342095464,0.0032657648863662165,-7.327471962526033e-15,1.7357299411083835,70,255,255,255
344,6.88,11.723264666543523,2.450410203376965,-13.449999999999973,1.4483861794916189,0.3900993143517068,-0.5000000000000333,0.7999987122149893,0.0014354282841005173,-6.994405055138486e-15,1.7409659288643646,70,255,255,255
345,6.9,11.75225374101968,2.4581324803090485,-13.459999999999972,1.4494537238078737,0.3861138466041949,-0.5000000000000334,0.799999907971244,-0.00038372646668830435,-6.661338147750939e-15,1.746201916620346,70,255,255,255
346,6.92,11.781263908798824,2.465775134653318,-13.469999999999972,1.4505083889571406,0.3821327172134834,-0.5000000000000336,0.7999969976323951,-0.0021917525302412753,-1.3433698597964394e-14,1.7514379043763273,70,255,255,255
347,6.94,11.810294912648224,2.4733382567266458,-13.479999999999974,1.4515501924700596,0.37815610366637337,-0.5000000000000339,0.7999900563415129,-0.0039887033862053296,-1.27675647831893e-14,1.7566738921323088,70,255,255,255
348,6.96,11.839346495728421,2.4808219403473246,-13.489999999999975,1.452579154009845,0.37418418103394385,-0.500000000000034,0.7999791582384428,-0.005774632811933487,-4.9960036108132044e-15,1.7619098798882906,70,255,255,255
349,6.98,11.868418401634946,2.4882262827868753,-13.499999999999977,1.4535952953262707,0.3702171219775388,-0.500000000000034,0.7999643764677099,-0.007549594865179003,2.4424906541753444e-15,1.7671458676442724,70,255,255,255
350,7.0,11.897510374439147,2.4955513847219777,-13.509999999999977,1.4545986402100395,0.3662550967551222,-0.5000000000000338,0.799945783186533,-0.009313643867177274,9.547918011776346e-15,1.7723818554002542,70,255,255,255
351,7.0200000000000005,11.926622185465448,2.502797242764267,-13.519999999999976,1.4555905513149918,0.3622929021144608,-0.5000000000000335,0.7999193970650232,-0.011355976361793658,8.881784197001252e-15,1.7776178431562362,70,255,255,255
352,7.04,11.955753605372541,2.509963858018105,-13.529999999999976,1.4565709953547201,0.358330762691901,-0.5000000000000334,0.7998879912219783,-0.013386616408505666,8.215650382226158e-15,1.7828538309122182,70,255,255,255
353,7.0600000000000005,11.984904404210619,2.5170512360312967,-13.539999999999976,1.4575399419039314,0.35436890065958676,-0.5000000000000334,0.799851653352547,-0.0154056038244833,7.771561172376096e-16,1.7880898186682004,70,255,255,255
354,7.08,12.014074351477667,2.524059386745829,-13.549999999999976,1.4584973633524339,0.3504075357266141,-0.5000000000000333,0.7998104701479591,-0.017412979116180907,7.882583474838611e-15,1.7933258064241826,70,255,255,255
355,7.1000000000000005,12.043263216174852,2.5309883244486393,-13.559999999999976,1.4594432348592516,0.34644688514051286,-0.5000000000000333,0.799764527298349,-0.01940878345617044,4.440892098500626e-16,1.7985617941801648,70,255,255,255
356,7.12,12.07247076686099,2.5378380677224204,-13.569999999999975,1.4603775343068741,0.3424871636890564,-0.5000000000000333,0.7997139094958611,-0.02139305866036362,4.440892098500626e-16,1.803797781936147,70,255,255,255
357,7.140000000000001,12.101696771706104,2.5446086393964684,-13.579999999999975,1.4613002422556591,0.33852858370239874,-0.5000000000000333,0.7996587004380261,-0.023365847165624003,4.440892098500626e-16,1.8090337696921295,70,255,255,255
358,7.16,12.130940998544071,2.5513000664975793,-13.589999999999975,1.4622113418983933,0.33457135505553987,-0.5000000000000333,0.7995989828313953,-0.025327192007764884,4.440892098500626e-16,1.814269757448112,70,255,255,255
359,7.18,12.160203214924373,2.5579123802010018,-13.599999999999975,1.46311081901503,0.3306156851711192,-0.5000000000000333,0.7995348383954246,-0.02727713679993348,4.440892098500626e-16,1.8195057452040944,70,255,255,255
360,7.2,12.189483188162924,2.5644456157814526,-13.609999999999975,1.4639986619276097,0.32666177902253596,-0.5000000000000333,0.7994663478665988,-0.029215725711377743,4.440892098500626e-16,1.8247417329600768,70,255,255,255
361,7.22,12.218780685392032,2.5708998125642006,-13.619999999999974,1.464874861455379,0.32270983913739665,-0.5000000000000333,0.7993935910027835,-0.03114300344659414,4.440892098500626e-16,1.8299777207160595,70,255,255,255
362,7.24,12.248095473609434,2.5772750138762266,-13.629999999999974,1.465739410870112,0.31876006560128733,-0.5000000000000334,0.7993166465877981,-0.03305901522485543,-6.661338147750939e-15,1.8352137084720421,70,255,255,255
363,7.26,12.277427319726467,2.583571266997464,-13.639999999999974,1.4665923058516535,0.31481265606187137,-0.5000000000000334,0.7992355924361988,-0.034963806760113264,7.771561172376096e-16,1.8404496962280248,70,255,255,255
364,7.28,12.30677599061534,2.5897886231121303,-13.649999999999974,1.4674335444436855,0.31086780573330897,-0.5000000000000335,0.7991505053982626,-0.0368574242412759,-6.328271240363392e-15,1.8456856839840075,70,255,255,255
365,7.3,12.336141253155535,2.5959271372601505,-13.659999999999973,1.468263127009732,0.3069257074009986,-0.5000000000000336,0.7990614613651648,-0.03873991431285603,-5.995204332975845e-15,1.8509216717399901,70,255,255,255
366,7.32,12.365522874279323,2.6019868682886833,-13.669999999999973,1.4690810561894103,0.3029865514266372,-0.5000000000000338,0.7989685352743371,-0.040611324055987726,-5.662137425588298e-15,1.8561576594959728,70,255,255,255
367,7.34,12.394920621016421,2.6079678788037555,-13.679999999999975,1.4698873368549363,0.29905052575359753,-0.5000000000000339,0.7988718011150046,-0.04247170096980736,-5.329070518200751e-15,1.8613936472519554,70,255,255,255
368,7.36,12.42433426053778,2.613870235122008,-13.689999999999976,1.4706819760678937,0.2951178159126201,-0.5000000000000339,0.7987713319338858,-0.044321092953197874,2.1094237467877974e-15,1.866629635007938,70,255,255,255
369,7.38,12.453763560198505,2.6196940072225643,-13.699999999999976,1.4714649830362778,0.29118860502781774,-0.5000000000000336,0.7986671998410542,-0.0461595482868909,9.2148511043888e-15,1.8718656227639208,70,255,255,255
370,7.4,12.483208287579941,2.625439268699024,-13.709999999999976,1.4722363690718172,0.28726307382298877,-0.5000000000000334,0.798559476015947,-0.0479871156159253,8.548717289613705e-15,1.8771016105199037,70,255,255,255
371,7.42,12.512668210530894,2.631106096711589,-13.719999999999976,1.4729961475475857,0.28334140062823693,-0.5000000000000334,0.7984482307135208,-0.04980384393245684,7.771561172376096e-16,1.8823375982758865,70,255,255,255
372,7.44,12.542143097208012,2.636694571939327,-13.729999999999976,1.47374433385591,0.27942376138689484,-0.5000000000000334,0.7983335332705379,-0.05160978255891774,7.771561172376096e-16,1.8875735860318694,70,255,255,255
373,7.46,12.571632716115344,2.642204778532582,-13.739999999999975,1.4744809453665804,0.275510329662747,-0.5000000000000334,0.798215452111986,-0.05340498113151999,7.771561172376096e-16,1.8928095737878523,70,255,255,255
374,7.48,12.601136836143052,2.647636804065533,-13.749999999999975,1.4752060013853727,0.2716012766475502,-0.5000000000000334,0.7980940547576122,-0.055189489584101165,7.771561172376096e-16,1.8980455615438352,70,255,255,255
375,7.5,12.63065522660531,2.65299073948891,-13.759999999999975,1.4759195231128879,0.267696771168846,-0.5000000000000334,0.7979694078285775,-0.05696335813230707,7.771561172376096e-16,1.903281549299818,70,255,255,255
376,7.5200000000000005,12.660187657277383,2.6582666790828715,-13.769999999999975,1.4766215336037125,0.26379697969806315,-0.5000000000000334,0.7978415770542135,-0.05872663725810919,7.771561172376096e-16,1.908517537055801,70,255,255,255
377,7.54,12.689733898431902,2.6634647204100497,-13.779999999999974,1.477312057725913,0.25990206635890517,-0.5000000000000334,0.7977106272788822,-0.06047937769465115,7.771561172376096e-16,1.9137535248117838,70,255,255,255
378,7.5600000000000005,12.719293720874319,2.6685849642687702,-13.789999999999974,1.477991122120864,0.2560121929360197,-0.5000000000000335,0.7975766224689289,-0.06222163041142229,-6.328271240363392e-15,1.9189895125677667,70,255,255,255
379,7.58,12.748866895977587,2.673627514646449,-13.799999999999974,1.4786587551634172,0.2521275188839444,-0.5000000000000335,0.7974396257197235,-0.06395344659975263,1.1102230246251565e-15,1.9242255003237496,70,255,255,255
380,7.6000000000000005,12.778453195716034,2.678592478673176,-13.809999999999974,1.4793149869224196,0.248248201336327,-0.5000000000000336,0.7972996992627831,-0.0656748776586269,-5.995204332975845e-15,1.9294614880797325,70,255,255,255
381,7.62,12.808052392698466,2.6834799665754843,-13.819999999999975,1.479959849121582,0.24437439511541298,-0.5000000000000338,0.7971569044729722,-0.06738597518081185,-5.662137425588298e-15,1.9346974758357154,70,255,255,255
382,7.640000000000001,12.83766426020048,2.68829009163032,-13.829999999999977,1.4805933751007054,0.24050625274179827,-0.5000000000000338,0.7970113018757704,-0.06908679093929475,1.7763568394002505e-15,1.9399334635916983,70,255,255,255
383,7.66,12.867288572196026,2.693022970119209,-13.839999999999977,1.4812155997772685,0.23664392444444118,-0.5000000000000335,0.7968629511546086,-0.07077737687402673,8.881784197001252e-15,1.9451694513476812,70,255,255,255
384,7.68,12.896925103388194,2.6976787212826276,-13.849999999999977,1.4818265596083828,0.2327875581709298,-0.5000000000000334,0.7967119111582618,-0.07245778507896926,8.215650382226158e-15,1.950405439103664,70,255,255,255
385,7.7,12.926573629239256,2.702257467274588,-13.859999999999976,1.4824262925531158,0.22893729959799936,-0.5000000000000333,0.7965582399082973,-0.07412806778943765,7.882583474838611e-15,1.955641426859647,70,255,255,255
386,7.72,12.95623392599996,2.7067593331174336,-13.869999999999976,1.4830148380351909,0.22509329214229534,-0.5000000000000332,0.7964019946065729,-0.07578827736973832,7.549516567451064e-15,1.9608774146156298,70,255,255,255
387,7.74,12.985905770738082,2.711184446656861,-13.879999999999976,1.4835922369060637,0.22125567697137732,-0.5000000000000332,0.7962432316427778,-0.07743846630109609,1.1102230246251565e-16,1.9661134023716127,70,255,255,255
388,7.76,13.01558894136625,2.71553293851716,-13.889999999999976,1.48415853140838,0.2174245930149581,-0.5000000000000331,0.7960820066020149,-0.07907868716986585,7.216449660063518e-15,1.9713493901275956,70,255,255,255
389,7.78,13.045283216669047,2.7198049420566877,-13.899999999999975,1.4847137651398203,0.213600176976374,-0.5000000000000331,0.7959183742724184,-0.08070899265602663,-2.220446049250313e-16,1.9765853778835785,70,255,255,255
390,7.8,13.074988376329394,2.724000593323573,-13.909999999999975,1.4852579830173285,0.20978256334428047,-0.5000000000000331,0.7957523886528001,-0.08232943552195134,-2.220446049250313e-16,1.9818213656395613,70,255,255,255
391,7.82,13.10470420095423,2.7281200310116644,-13.919999999999975,1.4857912312417352,0.20597188440456826,-0.5000000000000331,0.7955841029603243,-0.08394006860145031,-2.220446049250313e-16,1.9870573533955442,70,255,255,255
392,7.84,13.134430472099485,2.7321633964167145,-13.929999999999975,1.4863135572627717,0.20216827025249492,-0.5000000000000331,0.7954135696382048,-0.0855409447890827,-2.220446049250313e-16,1.9922933411515273,70,255,255,255
393,7.86,13.164166972294375,2.736130833392815,-13.939999999999975,1.4868250097444808,0.19837184880502653,-0.5000000000000331,0.795240840363419,-0.08713211702973328,-2.220446049250313e-16,1.9975293289075104,70,255,255,255
394,7.88,13.193913485064995,2.7400224883090827,-13.949999999999974,1.487325638531026,0.19458274581338428,-0.5000000000000331,0.7950659660544388,-0.08871363830844818,-2.220446049250313e-16,2.0027653166634933,70,255,255,255
395,7.9,13.223669794957253,2.7438385100065985,-13.959999999999974,1.4878154946128976,0.19080108487579026,-0.5000000000000331,0.7948889968789695,-0.09028556164052812,-2.220446049250313e-16,2.0080013044194764,70,255,255,255
396,7.92,13.253435687559124,2.7475790497556067,-13.969999999999974,1.4882946300935258,0.18702698745040833,-0.5000000000000332,0.7947099822616994,-0.0918479400618727,-7.327471962526033e-15,2.0132372921754595,70,255,255,255
397,7.94,13.28321094952225,2.7512442612129764,-13.979999999999974,1.4887630981562914,0.1832605728684732,-0.5000000000000333,0.7945289708920503,-0.09340082661957312,-6.994405055138486e-15,2.0184732799314427,70,255,255,255
398,7.96,13.31299536858289,2.7548343003799283,-13.989999999999974,1.4892209530319453,0.17950195834760355,-0.5000000000000334,0.7943460107319299,-0.09494427436274805,-6.661338147750939e-15,2.0237092676874258,70,255,255,255
399,7.98,13.342788733582218,2.758349325560034,-13.999999999999973,1.4896682499664327,0.17575125900529331,-0.5000000000000335,0.7941611490234819,-0.09647833633362014,-6.328271240363392e-15,2.028945255443409,70,255,255,255
400,8.0,13.372590834486001,2.7617894973174857,-14.009999999999973,1.4901050451891245,0.17200858787257609,-0.5000000000000336,0.7939744322968292,-0.09800306555882705,-5.995204332975845e-15,2.034181243199392,70,255,255,255
401,8.02,13.402401459234696,2.765155006505182,-14.019999999999975,1.49053123743477,0.1682754593848241,-0.5000000000000338,0.7937950345030791,-0.0994456796359488,-5.662137425588298e-15,2.039417230955375,70,255,255,255
402,8.040000000000001,13.432220397190251,2.7684460457335627,-14.029999999999976,1.4909468977777696,0.1645519614190152,-0.5000000000000338,0.7936140881725349,-0.10087952742789859,1.7763568394002505e-15,2.044653218711358,70,255,255,255
403,8.06,13.462047439147934,2.771662809333001,-14.039999999999978,1.4913520978841055,0.16083817997191327,-0.5000000000000338,0.793431633111559,-0.10230466058750452,1.7763568394002505e-15,2.0498892064673413,70,255,255,255
404,8.08,13.491882377347634,2.7748054933164963,-14.049999999999978,1.4917469099849707,0.15713419917475446,-0.5000000000000334,0.7932477085072046,-0.10372113067291976,1.5987211554602254e-14,2.0551251942233244,70,255,255,255
405,8.1,13.521725005484651,2.777874295342657,-14.059999999999977,1.492131406850809,0.15344010130805416,-0.5000000000000333,0.7930623529345369,-0.10512898914160673,7.882583474838611e-15,2.060361181979307,70,255,255,255
406,8.120000000000001,13.551575118719967,2.7808694146789876,-14.069999999999977,1.4925056617657593,0.14975596681652853,-0.5000000000000332,0.7928756043639174,-0.10652828734450227,7.549516567451064e-15,2.06559716973529,70,255,255,255
407,8.14,13.581432513690016,2.78379105216547,-14.079999999999977,1.4928697485025109,0.14608187432412603,-0.5000000000000331,0.7926875001682523,-0.1079190765203588,7.216449660063518e-15,2.0708331574912733,70,255,255,255
408,8.16,13.611296988515967,2.7866394101784535,-14.089999999999977,1.4932237412975609,0.14241790064916246,-0.500000000000033,0.7924980771302019,-0.10930140779025906,6.8833827526759706e-15,2.0760691452472564,70,255,255,255
409,8.18,13.641168342812504,2.7894146925948444,-14.099999999999977,1.493567714826876,0.13876412081955447,-0.5000000000000329,0.7923073714493498,-0.11067533215230048,6.5503158452884236e-15,2.081305133003239,70,255,255,255
410,8.2,13.671046377696143,2.792117104756607,-14.109999999999976,1.493901744181956,0.1351206080881462,-0.5000000000000328,0.7921154187493306,-0.11204090047644577,6.217248937900877e-15,2.086541120759222,70,255,255,255
411,8.22,13.70093089579307,2.7947468534355697,-14.119999999999976,1.494225904846298,0.13148743394812346,-0.5000000000000326,0.7919222540849148,-0.11339816349953699,5.88418203051333e-15,2.0917771085152053,70,255,255,255
412,8.24,13.730821701246514,2.79730414679854,-14.129999999999976,1.4945402726722594,0.1278646681485106,-0.5000000000000326,0.7917279119490508,-0.11474717182046873,-1.5543122344752192e-15,2.0970130962711884,70,255,255,255
413,8.26,13.76071859972368,2.799789194372735,-14.139999999999976,1.4948449238583146,0.12425237870974395,-0.5000000000000325,0.7915324262798596,-0.11608797589551903,5.551115123125783e-15,2.102249084027171,70,255,255,255
414,8.28,13.790621398422214,2.802202207011521,-14.149999999999975,1.495139934926709,0.12065063193931778,-0.5000000000000325,0.7913358304675853,-0.11742062603383248,-1.887379141862766e-15,2.107485071783154,70,255,255,255
415,8.3,13.820529906076244,2.804543396860471,-14.159999999999975,1.495425382701502,0.11705949244749678,-0.5000000000000325,0.7911381573614963,-0.11874517239305452,-1.887379141862766e-15,2.1127210595391372,70,255,255,255
416,8.32,13.850443932961984,2.806812977323733,-14.169999999999975,1.495701344287004,0.1134790231630906,-0.5000000000000325,0.79093943927674,-0.12006166497511181,-1.887379141862766e-15,2.1179570472951204,70,255,255,255
417,8.34,13.880363290902915,2.8090111630307186,-14.179999999999975,1.4959678970465942,0.10990928534928505,-0.5000000000000325,0.7907397080011467,-0.1213701536221381,-1.887379141862766e-15,2.123193035051103,70,255,255,255
418,8.36,13.910287793274554,2.811138169803109,-14.189999999999975,1.4962251185819306,0.10635033861952559,-0.5000000000000325,0.7905389948019834,-0.12267068801253969,-1.887379141862766e-15,2.128429022807086,70,255,255,255
419,8.38,13.940217255008804,2.813194214622178,-14.199999999999974,1.4964730867125375,0.10280224095344753,-0.5000000000000328,0.7903373304326579,-0.1239633176572001,-8.992806499463768e-15,2.1336650105630692,70,255,255,255
420,8.4,13.97015149259792,2.815179515596435,-14.209999999999974,1.496711879455774,0.09926504871284898,-0.5000000000000328,0.7901347451393697,-0.12524809189581879,-1.2212453270876722e-15,2.1389009983190523,70,255,255,255
421,8.42,14.000090324098062,2.817094291929589,-14.219999999999974,1.4969415750071822,0.09573881665770134,-0.5000000000000329,0.7899312686677087,-0.12652505989338328,-8.326672684688674e-15,2.144136986075035,70,255,255,255
422,8.44,14.030033569132486,2.818938763888833,-14.229999999999974,1.4971622517212047,0.09222359796219287,-0.5000000000000329,0.7897269302692014,-0.1277942706367699,-8.881784197001252e-16,2.149372973831018,70,255,255,255
423,8.46,14.059981048894333,2.820713152773449,-14.239999999999974,1.4973739880922794,0.0887194442308008,-0.500000000000033,0.7895217587078021,-0.12905577293147097,-7.993605777301127e-15,2.154608961587001,70,255,255,255
424,8.48,14.08993258614906,2.8224176808837367,-14.249999999999973,1.4975768627362995,0.08522640551438763,-0.5000000000000331,0.7893157822663305,-0.1303096153984461,-7.66053886991358e-15,2.1598449493429843,70,255,255,255
425,8.5,14.119888005236508,2.824052571490263,-14.259999999999973,1.4977709543724402,0.08174453032631698,-0.5000000000000332,0.7891090287528549,-0.1315558464710949,-7.327471962526033e-15,2.165080937098967,70,255,255,255
426,8.52,14.149847132072615,2.825618048803435,-14.269999999999973,1.4979563418053485,0.07827386565858485,-0.5000000000000333,0.7889015255070183,-0.13279451439234716,-6.994405055138486e-15,2.1703169248549496,70,255,255,255
427,8.540000000000001,14.179809794150769,2.827114337943394,-14.279999999999973,1.4981331039076935,0.07481445699796213,-0.5000000000000334,0.7886932994063112,-0.13402566721187,-6.661338147750939e-15,2.1755529126109328,70,255,255,255
428,8.56,14.20977582054283,2.828541664910237,-14.289999999999973,1.4983013196030721,0.07136634834214385,-0.5000000000000336,0.7884843768722847,-0.13524935278338646,-1.3433698597964394e-14,2.180788900366916,70,255,255,255
429,8.58,14.239745041899816,2.8299002565545552,-14.299999999999972,1.4984610678492694,0.06792958221590162,-0.5000000000000338,0.7882747838767111,-0.13646561876210658,-5.662137425588298e-15,2.186024888122899,70,255,255,255
430,8.6,14.269717290452254,2.8311903405483,-14.309999999999974,1.4986124276218684,0.0645041996872346,-0.500000000000034,0.7880645459476836,-0.13767451260226524,-1.2434497875801753e-14,2.1912608758788816,70,255,255,255
431,8.620000000000001,14.299692400010219,2.8324121453559705,-14.319999999999975,1.4987554778982075,0.06109024038351573,-0.5000000000000341,0.7878536881756625,-0.1388760815547661,-4.6629367034256575e-15,2.1964968636348647,70,255,255,255
432,8.64,14.329670205963053,2.833565900206123,-14.329999999999977,1.4988902976416831,0.05768774250762889,-0.500000000000034,0.7876422352194606,-0.14007037266492828,2.7755575615628914e-15,2.201732851390848,70,255,255,255
433,8.66,14.35965054527878,2.834651835063205,-14.339999999999979,1.4990169657863903,0.05429674285409338,-0.5000000000000338,0.7874302113121736,-0.1412574327703347,9.547918011776346e-15,2.206968839146831,70,255,255,255
434,8.68,14.389633256503222,2.8356701805997084,-14.349999999999978,1.499135561222103,0.05091727682517209,-0.5000000000000334,0.787217640267051,-0.14243730849877784,1.5987211554602254e-14,2.2122048269028136,70,255,255,255
435,8.700000000000001,14.419618179758814,2.8366211681686475,-14.359999999999978,1.4992461627795843,0.04754937844695951,-0.5000000000000333,0.7870045454833096,-0.14361004626630208,7.882583474838611e-15,2.2174408146587967,70,255,255,255
436,8.72,14.44960515674314,2.8375050297763567,-14.369999999999978,1.4993488492162341,0.04419308038544648,-0.500000000000033,0.7867909499518893,-0.14477569227533973,1.4654943925052066e-14,2.22267680241478,70,255,255,255
437,8.74,14.479594030727181,2.838321998055608,-14.379999999999978,1.499443699202055,0.04084841396255762,-0.5000000000000329,0.7865768762611496,-0.14593429251293913,6.5503158452884236e-15,2.227912790170763,70,255,255,255
438,8.76,14.5095846465533,2.8390723062390513,-14.389999999999977,1.499530791305949,0.03751540917215855,-0.5000000000000326,0.7863623466025098,-0.14708589274908132,1.3322676295501878e-14,2.2331487779267456,70,255,255,255
439,8.78,14.539576850632947,2.839756188132972,-14.399999999999977,1.499610203982328,0.03419409469602934,-0.5000000000000325,0.7861473827760281,-0.14823053853508444,5.551115123125783e-15,2.2383847656827287,70,255,255,255
440,8.8,14.569570490944109,2.8403738780913677,-14.409999999999977,1.4996820155580455,0.030884497919801024,-0.5000000000000324,0.7859320061959252,-0.1493682752020936,5.218048215738236e-15,2.243620753438712,70,255,255,255
441,8.82,14.599565417028503,2.840925610990345,-14.419999999999977,1.499746304219639,0.02758664494885205,-0.5000000000000323,0.7857162378960476,-0.1504991478596526,4.884981308350689e-15,2.248856741194695,70,255,255,255
442,8.84,14.62956147998852,2.8414116222028283,-14.429999999999977,1.4998031480008807,0.024300560624161475,-0.5000000000000322,0.7855000985352746,-0.15162320139435861,4.551914400963142e-15,2.2540927289506776,70,255,255,255
443,8.86,14.659558532483933,2.841832147573591,-14.439999999999976,1.499852624770635,0.021026268538116084,-0.5000000000000321,0.7852836084028644,-0.15274048046859373,4.218847493575595e-15,2.2593287167066607,70,255,255,255
444,8.88,14.689556428728354,2.8421874233945963,-14.449999999999976,1.4998948122210178,0.017763791050268304,-0.5000000000000322,0.7850667874237456,-0.15385102951933524,-3.219646771412954e-15,2.264564704462644,70,255,255,255
445,8.9,14.719555024485471,2.8424776863806573,-14.459999999999976,1.499929787855854,0.014513149303042244,-0.5000000000000321,0.7848496551637483,-0.15495489275703972,4.218847493575595e-15,2.269800692218627,70,255,255,255
446,8.92,14.74955417706506,2.842703173645405,-14.469999999999976,1.4999576289794294,0.011274363237384932,-0.5000000000000322,0.7846322308347766,-0.1560521141646016,-3.219646771412954e-15,2.2750366799746096,70,255,255,255
447,8.94,14.77955374531877,2.842864122677572,-14.479999999999976,1.499978412685533,0.00804745160836017,-0.5000000000000321,0.7844145332999275,-0.157142737496382,4.218847493575595e-15,2.2802726677305927,70,255,255,255
448,8.96,14.809553589635707,2.842960771317586,-14.489999999999975,1.4999922158467889,0.004832432000682282,-0.5000000000000322,0.7841965810785478,-0.15822680627730812,-3.219646771412954e-15,2.285508655486576,70,255,255,255
449,8.98,14.839553571937792,2.8429933577344695,-14.499999999999975,1.499999115104268,0.0016293208441872796,-0.5000000000000323,0.7839783923512355,-0.1593043638020386,-2.886579864025407e-15,2.290744643242559,70,255,255,255
450,9.0,14.869553555674939,2.842962120403054,-14.509999999999975,1.4999991868573845,-0.0015618665707610997,-0.5000000000000323,0.7837599849647855,-0.16037545313419788,-2.55351295663786e-15,2.2959806309985415,70,255,255,255
451,9.02,14.899553407336205,2.842867778990731,-14.519999999999975,1.4999925830632637,-0.004717070616164613,-0.5000000000000323,0.7837905415328975,-0.16022604970343374,-2.55351295663786e-15,2.301216618754524,70,255,255,255
452,9.040000000000001,14.929552997916767,2.842711046739407,-14.529999999999974,1.4999795290281424,-0.007836612566213067,-0.5000000000000323,0.7838212890664344,-0.16007556592507516,-2.55351295663786e-15,2.3064526065105073,70,255,255,255
453,9.06,14.959552202811956,2.8424926304935956,-14.539999999999974,1.4999602447594784,-0.010920812290579486,-0.5000000000000325,0.7838522219201157,-0.15992402630904987,-9.658940314238862e-15,2.3116885942664904,70,255,255,255
454,9.08,14.98955090171327,2.842213230729379,-14.549999999999974,1.4999349450657482,-0.013969988210827107,-0.5000000000000325,0.7838833345376164,-0.15977145500428883,-1.887379141862766e-15,2.3169245820224735,70,255,255,255
455,9.1,15.01954897850637,2.8418735415842007,-14.559999999999974,1.4999038396549362,-0.01698445725890885,-0.5000000000000328,0.7839146214505098,-0.15961787580375786,-8.992806499463768e-15,2.322160569778456,70,255,255,255
456,9.120000000000001,15.049546321171004,2.8414742508874467,-14.569999999999974,1.4998671332317122,-0.01996453483769686,-0.5000000000000329,0.7839460772772177,-0.1594633121494183,-8.326672684688674e-15,2.3273965575344393,70,255,255,255
457,9.14,15.07954282168287,2.8410160401917772,-14.579999999999973,1.499825025593297,-0.022910534783481144,-0.500000000000033,0.7839776967219635,-0.15930778713711713,-7.993605777301127e-15,2.3326325452904224,70,255,255,255
458,9.16,15.10953837591735,2.8404995848051695,-14.589999999999973,1.499777711724011,-0.025822769330377627,-0.5000000000000331,0.7840094745737353,-0.15915132352140726,-7.66053886991358e-15,2.3378685330464055,70,255,255,255
459,9.18,15.13953288355512,2.8399255538236376,-14.599999999999973,1.4997253818884992,-0.028701549076587233,-0.5000000000000332,0.7840414057052513,-0.1589939437202996,-7.327471962526033e-15,2.343104520802388,70,255,255,255
460,9.200000000000001,15.169526247989593,2.839294610164589,-14.609999999999973,1.4996682217236466,-0.03154718295244923,-0.5000000000000335,0.7840734850719342,-0.15883566981994782,-1.4099832412739488e-14,2.3483405085583713,70,255,255,255
461,9.22,15.199518376236176,2.838607410600784,-14.619999999999973,1.4996064123291706,-0.03435997819023304,-0.5000000000000336,0.7841057077108919,-0.15867652357926607,-5.995204332975845e-15,2.3535764963143544,70,255,255,255
462,9.24,15.229509178843314,2.8378646057948718,-14.629999999999974,1.4995401303568985,-0.0371402402956141,-0.5000000000000339,0.7841380687399042,-0.1585165264344808,-1.27675647831893e-14,2.3588124840703375,70,255,255,255
463,9.26,15.259498569805288,2.8370668403344563,-14.639999999999976,1.4994695480987335,-0.039888273020780955,-0.5000000000000339,0.7841705633564167,-0.1583556995036183,2.1094237467877974e-15,2.3640484718263206,70,255,255,255
464,9.28,15.289486466476754,2.836214752767674,-14.649999999999977,1.499394833573311,-0.04260437833912163,-0.5000000000000339,0.7842031868365428,-0.15819406359092814,2.1094237467877974e-15,2.3692844595823033,70,255,255,255
465,9.3,15.319472789488982,2.8353089756392453,-14.659999999999977,1.4993161506113506,-0.04528885642143883,-0.5000000000000336,0.7842359345340716,-0.1580316391912431,9.2148511043888e-15,2.3745204473382864,70,255,255,255
466,9.32,15.349457462667775,2.8343501355269725,-14.669999999999977,1.499233658939707,-0.04794200561364462,-0.5000000000000334,0.7842688018794852,-0.1578684464942782,8.548717289613705e-15,2.3797564350942695,70,255,255,255
467,9.34,15.379440412953057,2.8333388530786547,-14.679999999999977,1.499147514264127,-0.050564122415886564,-0.5000000000000333,0.7843017843789806,-0.15770450538886668,7.882583474838611e-15,2.384992422850252,70,255,255,255
468,9.36,15.409421570320072,2.8322757430493937,-14.689999999999976,1.499057868350722,-0.05315550146305858,-0.5000000000000332,0.7843348776135021,-0.15753983546713746,7.549516567451064e-15,2.3902284106062353,70,255,255,255
469,9.38,15.439400867702195,2.8311614143392605,-14.699999999999976,1.4989648691061552,-0.055716435506650494,-0.5000000000000332,0.7843680772377801,-0.15737445602863198,1.1102230246251565e-16,2.3954643983622184,70,255,255,255
470,9.4,15.469378240915328,2.8299964700313027,-14.709999999999976,1.4988686606565607,-0.0582472153978922,-0.5000000000000331,0.784401378979378,-0.15720838608436286,7.216449660063518e-15,2.4007003861182015,70,255,255,255
471,9.42,15.499353628583831,2.8287815074298597,-14.719999999999976,1.4987693834251943,-0.0607481300721487,-0.5000000000000331,0.7844347786377472,-0.1570416443608146,-2.220446049250313e-16,2.4059363738741846,70,255,255,255
472,9.44,15.529326972068008,2.8275171180991694,-14.729999999999976,1.4986671742088338,-0.063219466534524,-0.500000000000033,0.7844682720832895,-0.1568742493038873,6.8833827526759706e-15,2.4111723616301672,70,255,255,255
473,9.46,15.559298215393065,2.8262038879022366,-14.739999999999975,1.4985621662529256,-0.0656615098466325,-0.500000000000033,0.7845018552564286,-0.1567062190827843,-5.551115123125783e-16,2.4164083493861503,70,255,255,255
474,9.48,15.589267305179575,2.8248423970399466,-14.749999999999975,1.4984544893255025,-0.06807454311449815,-0.500000000000033,0.7845355241666893,-0.15653757159384504,-5.551115123125783e-16,2.4216443371421335,70,255,255,255
475,9.5,15.619234190575373,2.8234332200903958,-14.759999999999975,1.4983442697898695,-0.07045884747754196,-0.500000000000033,0.7845692748917844,-0.15636832446432242,-5.551115123125783e-16,2.426880324898116,70,255,255,255
476,9.52,15.649198823188895,2.8219769260484235,-14.769999999999975,1.4982316306760743,-0.07281470209862016,-0.500000000000033,0.7846031035767111,-0.15619849505610733,-5.551115123125783e-16,2.432116312654099,70,255,255,255
477,9.540000000000001,15.679161157023918,2.820474078365322,-14.779999999999974,1.498116691751177,-0.07514238415507614,-0.500000000000033,0.7846370064328542,-0.1560281004693999,-5.551115123125783e-16,2.4373523004100823,70,255,255,255
478,9.56,15.709121148415685,2.818925234988707,-14.789999999999974,1.4979995695883181,-0.07744216883076994,-0.5000000000000331,0.784670979737099,-0.15585715754632887,-7.66053886991358e-15,2.4425882881660654,70,255,255,255
479,9.58,15.739078755968377,2.817330948402526,-14.799999999999974,1.4978803776346121,-0.07971432930905072,-0.5000000000000331,0.7847050198309519,-0.15568568287451917,-2.220446049250313e-16,2.4478242759220485,70,255,255,255
480,9.6,15.769033940493934,2.8156917656671934,-14.809999999999974,1.4977592262778645,-0.08195913676663784,-0.5000000000000332,0.7847391231196696,-0.1555136927906098,-7.327471962526033e-15,2.453060263678031,70,255,255,255
481,9.620000000000001,15.798986664952176,2.814008228459826,-14.819999999999974,1.4976362229121338,-0.08417686036837796,-0.5000000000000333,0.7847732860713965,-0.15534120338372046,-6.994405055138486e-15,2.4582962514340143,70,255,255,255
482,9.64,15.82893689439222,2.812280873114569,-14.829999999999973,1.497511472002145,-0.08636776726284552,-0.5000000000000334,0.7848075052163106,-0.15516823049887093,-6.661338147750939e-15,2.4635322391899974,70,255,255,255
483,9.66,15.858884595895152,2.810510230662994,-14.839999999999973,1.4973850751465703,-0.08853212257875591,-0.5000000000000335,0.7848417771457791,-0.15499478974035052,-6.328271240363392e-15,2.46876822694598,70,255,255,255
484,9.68,15.888829738517956,2.8086968268745505,-14.849999999999973,1.497257131140189,-0.09067018942216062,-0.5000000000000336,0.7848760985115197,-0.1548208964750405,-5.995204332975845e-15,2.474004214701963,70,255,255,255
485,9.700000000000001,15.918772293238654,2.8068411822970627,-14.859999999999975,1.497127736034938,-0.0927822288743951,-0.5000000000000339,0.7849104660247739,-0.15464656583568964,-1.27675647831893e-14,2.4792402024579463,70,255,255,255
486,9.72,15.94871223290265,2.804943812297248,-14.869999999999976,1.4969969831998677,-0.09486849999075071,-0.5000000000000339,0.7849448764554852,-0.15447181272414384,2.1094237467877974e-15,2.4844761902139294,70,255,255,255
487,9.74,15.97864953217025,2.803005227101251,-14.879999999999978,1.4968649633800153,-0.09692925979984286,-0.5000000000000339,0.7849793266314892,-0.15429665181452942,2.1094237467877974e-15,2.4897121779699125,70,255,255,255
488,9.76,16.008584167465333,2.801025931835178,-14.889999999999977,1.4967317647542104,-0.0989647633036485,-0.5000000000000335,0.7850138134377084,-0.15412109755639197,1.63202784619898e-14,2.494948165725895,70,255,255,255
489,9.78,16.03851611692517,2.7990064265656143,-14.899999999999977,1.4965974729918232,-0.10097526347818674,-0.5000000000000334,0.78504833381536,-0.15394516417779147,8.215650382226158e-15,2.500184153481878,70,255,255,255
490,9.8,16.06844536035134,2.7969472063401177,-14.909999999999977,1.4964621713084723,-0.10296101127481708,-0.5000000000000333,0.7850828847611679,-0.15376886568835318,7.882583474838611e-15,2.505420141237861,70,255,255,255
491,9.82,16.098371879161753,2.794848761227675,-14.919999999999977,1.4963259405207023,-0.10492225562213078,-0.5000000000000332,0.7851174633265854,-0.15359221588227612,7.549516567451064e-15,2.510656128993844,70,255,255,255
492,9.84,16.128295656343745,2.792711576359107,-14.929999999999977,1.4961888590996486,-0.10685924342841127,-0.5000000000000331,0.7851520666170262,-0.15341522834129892,7.216449660063518e-15,2.515892116749827,70,255,255,255
493,9.86,16.15821667640822,2.7905361319674142,-14.939999999999976,1.496051003223697,-0.10877221958464037,-0.500000000000033,0.7851866917911023,-0.15323791643762466,6.8833827526759706e-15,2.5211281045058103,70,255,255,255
494,9.88,16.188134925344823,2.7883229034280537,-14.949999999999976,1.495912446830161,-0.11066142696802816,-0.500000000000033,0.7852213360598728,-0.1530602933368041,-5.551115123125783e-16,2.5263640922617934,70,255,255,255
495,9.9,16.218050390578142,2.7860723612991327,-14.959999999999976,1.495773261665979,-0.11252710644604419,-0.5000000000000329,0.7852559966860976,-0.1528823720005793,6.5503158452884236e-15,2.5316000800177765,70,255,255,255
496,9.92,16.247963060924892,2.783784971361514,-14.969999999999976,1.4956335173374538,-0.1143694968809291,-0.5000000000000329,0.7852906709835034,-0.15270416518968655,-8.881784197001252e-16,2.536836067773759,70,255,255,255
497,9.94,16.277872926552075,2.781461194658821,-14.979999999999976,1.495493281359047,-0.1161888351346664,-0.5000000000000328,0.7853253563160543,-0.1525256854666211,6.217248937900877e-15,2.542072055529742,70,255,255,255
498,9.96,16.3077799789361,2.779101487537333,-14.989999999999975,1.4953526192012365,-0.11798535607439403,-0.5000000000000328,0.7853600500972323,-0.15234694519836245,-1.2212453270876722e-15,2.547308043285725,70,255,255,255
499,9.98,16.33768421082285,2.7767063016857683,-14.999999999999975,1.495211594337457,-0.11975929257823682,-0.5000000000000328,0.7853947497893268,-0.1521679565590626,-1.2212453270876722e-15,2.552544031041708,70,255,255,255
500,10.0,16.367585616188652,2.7742760841749377,-15.009999999999975,1.4950702682901325,-0.12151087554154097,-0.5000000000000328,0.7854294529027301,-0.15198873153269604,-1.2212453270876722e-15,2.557780018797691,70,255,255,255
501,10.02,16.397484234815387,2.7718118187239136,-15.019999999999975,1.4949309313367025,-0.12321327255121198,-0.5000000000000328,0.785724871556508,-0.15045406680282553,-1.2212453270876722e-15,2.563016006553674,70,255,255,255
502,10.040000000000001,16.427380108876857,2.7693144773173834,-15.029999999999974,1.4947937030734622,-0.124867070326512,-0.5000000000000328,0.7860165629483015,-0.1489226737973063,-1.2212453270876722e-15,2.568251994309657,70,255,255,255
503,10.06,16.45727328280023,2.7667850203031072,-15.039999999999974,1.4946586961685682,-0.12647285071380082,-0.5000000000000329,0.7863045448196645,-0.14739458197620567,-8.326672684688674e-15,2.57348798206564,70,255,255,255
504,10.08,16.487163803131715,2.7642243964898454,-15.049999999999974,1.4945260165742822,-0.1280311906630909,-0.5000000000000329,0.7865888351362182,-0.1458698201789777,-8.881784197001252e-16,2.578723969821623,70,255,255,255
505,10.1,16.517051718406407,2.761633543245681,-15.059999999999974,1.4943957637346308,-0.12954266220820784,-0.500000000000033,0.7868694520797209,-0.1443484166305951,-7.993605777301127e-15,2.5839599575776058,70,255,255,255
506,10.120000000000001,16.54693707902218,2.7590133865966733,-15.069999999999974,1.4942680307885365,-0.1310078324503896,-0.5000000000000331,0.7871464140402662,-0.14283039894766744,-7.66053886991358e-15,2.589195945333589,70,255,255,255
507,10.14,16.57681993711755,2.75636484132577,-15.079999999999973,1.494142904768463,-0.13242726354516274,-0.5000000000000332,0.7874197396086132,-0.1413157941445466,-7.327471962526033e-15,2.594431933089572,70,255,255,255
508,10.16,16.60670034645344,2.7536888110719233,-15.089999999999973,1.494020466794629,-0.13380151269234056,-0.5000000000000333,0.7876894475686437,-0.13980462863941664,-6.994405055138486e-15,2.599667920845555,70,255,255,255
509,10.18,16.63657836229874,2.7509861884293434,-15.099999999999973,1.4939007922648466,-0.13513113212899264,-0.5000000000000334,0.787955556889947,-0.13829692826036896,-6.661338147750939e-15,2.6049039086015378,70,255,255,255
510,10.200000000000001,16.66645404131954,2.7482578550468384,-15.109999999999973,1.493783951040034,-0.1364166691252412,-0.5000000000000336,0.7882180867205323,-0.13679271825146058,-1.3433698597964394e-14,2.610139896357521,70,255,255,255
511,10.22,16.69632744147205,2.7455046817271835,-15.119999999999973,1.4936700076254632,-0.13765866598274404,-0.5000000000000338,0.7884770563796646,-0.13529202327875542,-5.662137425588298e-15,2.615375884113504,70,255,255,255
512,10.24,16.726198621899005,2.7427275285264687,-15.129999999999974,1.493559021347801,-0.13885766003573022,-0.500000000000034,0.7887324853508259,-0.13379486743634597,-1.2434497875801753e-14,2.620611871869487,70,255,255,255
513,10.26,16.756067642829564,2.7399272448533796,-15.139999999999976,1.493451046527999,-0.14001418365445845,-0.500000000000034,0.788984393274799,-0.1323012742523574,2.4424906541753444e-15,2.6258478596254697,70,255,255,255
514,10.28,16.785934565482567,2.7371046695683603,-15.149999999999977,1.4933461326500945,-0.14112876425097295,-0.500000000000034,0.7892327999428734,-0.13081126669493107,2.4424906541753444e-15,2.631083847381453,70,255,255,255
515,10.3,16.815799451973085,2.7342606310826194,-15.159999999999979,1.4932443245259843,-0.14220192428703735,-0.5000000000000338,0.7894777252901721,-0.12932486717818703,9.547918011776346e-15,2.636319835137436,70,255,255,255
516,10.32,16.84566236522221,2.731395947456937,-15.169999999999979,1.4931456624562336,-0.14323418128413032,-0.5000000000000334,0.7897191893890964,-0.1278420975681662,1.5987211554602254e-14,2.641555822893419,70,255,255,255
517,10.34,16.87552336886995,2.728511426500229,-15.179999999999978,1.4930501823869764,-0.14422604783539175,-0.5000000000000331,0.7899572124428916,-0.12636297918874928,1.4988010832439613e-14,2.6467918106494017,70,255,255,255
518,10.36,16.905382527191207,2.7256078658678407,-15.189999999999978,1.492957916062979,-0.14517803161941295,-0.5000000000000328,0.7901918147793272,-0.12488753282755362,1.3988810110276972e-14,2.652027798405385,70,255,255,255
519,10.38,16.935239905014747,2.722686053159525,-15.199999999999978,1.4928688911769237,-0.1460906354157674,-0.5000000000000326,0.7904230168444955,-0.12341577874180679,5.88418203051333e-15,2.657263786161368,70,255,255,255
520,10.4,16.965095567645047,2.7197467660170815,-15.209999999999978,1.4927831315149778,-0.14696435712218367,-0.5000000000000324,0.7906508391967216,-0.12194773666419637,1.2656542480726785e-14,2.662499773917351,70,255,255,255
521,10.42,16.994949580787022,2.716790772221616,-15.219999999999978,1.4927006570987118,-0.1477996897732656,-0.5000000000000323,0.7908753025005908,-0.12048342580869421,4.884981308350689e-15,2.6677357616733337,70,255,255,255
522,10.44,17.02480201047349,2.7138188297904025,-15.229999999999977,1.4926214843234316,-0.1485971215606683,-0.5000000000000321,0.7910964275210858,-0.11902286487635709,1.1657341758564144e-14,2.672971749429317,70,255,255,255
523,10.46,17.05465292299535,2.7108316870733096,-15.239999999999977,1.492545626092984,-0.14935713585464278,-0.500000000000032,0.7913142351178349,-0.11756607206110045,3.885780586188048e-15,2.6782077371853,70,255,255,255
524,10.48,17.08450238483437,2.7078300828487722,-15.249999999999977,1.4924730919511076,-0.1500802112268658,-0.5000000000000319,0.7915287462394714,-0.11611306505544731,3.552713678800501e-15,2.683443724941283,70,255,255,255
525,10.5,17.11435046259856,2.7048147464192827,-15.259999999999977,1.492403888209383,-0.1507668214744734,-0.5000000000000318,0.7917399819181,-0.11466386105624894,3.219646771412954e-15,2.6886797126972657,70,255,255,255
526,10.52,17.144197222959995,2.7017863977063783,-15.269999999999976,1.4923380180718526,-0.1514174356452221,-0.5000000000000316,0.791947963263872,-0.11321847677038002,2.886579864025407e-15,2.6939157004532484,70,255,255,255
527,10.540000000000001,17.174042732595122,2.698745747345104,-15.279999999999976,1.4922754817563713,-0.15203251806370335,-0.5000000000000316,0.7921527114596653,-0.11177692842040517,2.55351295663786e-15,2.6991516882092315,70,255,255,255
528,10.56,17.20388705812738,2.6956934967779334,-15.289999999999976,1.492216276612748,-0.1526125283585407,-0.5000000000000318,0.7923542477558706,-0.1103392317502184,-4.551914400963142e-15,2.7043876759652146,70,255,255,255
529,10.58,17.233730266072133,2.692630338348123,-15.299999999999976,1.4921603972377466,-0.1531579214905016,-0.5000000000000316,0.7925525934652804,-0.1089054020306529,2.886579864025407e-15,2.7096236637211977,70,255,255,255
530,10.6,17.263572422783874,2.689556955392494,-15.309999999999976,1.4921078355869994,-0.15366914778145957,-0.5000000000000318,0.7927477699580798,-0.1074754540650632,-4.551914400963142e-15,2.7148596514771803,70,255,255,255
531,10.620000000000001,17.293413594405553,2.686474022333611,-15.319999999999975,1.4920585810839053,-0.15414665294414448,-0.5000000000000319,0.7929397986569404,-0.1060494021948772,-4.218847493575595e-15,2.7200956392331634,70,255,255,255
532,10.64,17.323253846820066,2.6833822047713585,-15.329999999999975,1.492012620725565,-0.1545908781126214,-0.500000000000032,0.7931287010322126,-0.10462726030511973,-3.885780586188048e-15,2.7253316269891465,70,255,255,255
533,10.66,17.353093245603784,2.6802821595738897,-15.339999999999975,1.4919699391858154,-0.15500225987344157,-0.5000000000000321,0.7933144985972165,-0.10320904182990438,-3.552713678800501e-15,2.7305676147451297,70,255,255,255
534,10.68,17.382931855982093,2.6771745349679414,-15.349999999999975,1.4919305189154293,-0.1553812302974118,-0.5000000000000322,0.7934972129036322,-0.10179475975789651,-3.219646771412954e-15,2.7358036025011123,70,255,255,255
535,10.700000000000001,17.412769742786885,2.6740599706285026,-15.359999999999975,1.4918943402395306,-0.15572821697192973,-0.5000000000000324,0.7936768655369837,-0.10038442663774468,-9.992007221626409e-15,2.7410395902570954,70,255,255,255
536,10.72,17.44260697041593,2.670939097767826,-15.369999999999974,1.4918613814522879,-0.15604364303383622,-0.5000000000000324,0.7938534781122202,-0.09897805458348194,-2.220446049250313e-15,2.7462755780130785,70,255,255,255
537,10.74,17.472443602794108,2.667812539223771,-15.379999999999974,1.491831618908949,-0.15632792720273808,-0.5000000000000326,0.79402707226939,-0.09757565527989442,-9.325873406851315e-15,2.7515115657690616,70,255,255,255
538,10.76,17.502279703336413,2.6646809095474757,-15.389999999999974,1.4918050271152627,-0.15658148381475515,-0.5000000000000326,0.7941976696694077,-0.09617723998785956,-1.5543122344752192e-15,2.7567475535250443,70,255,255,255
539,10.78,17.5321153349127,2.661544815090343,-15.399999999999974,1.491781578814355,-0.15680472285665034,-0.5000000000000329,0.7943652919899121,-0.09478281954965133,-8.659739592076221e-15,2.7619835412810274,70,255,255,255
540,10.8,17.56195055981412,2.658404854090337,-15.409999999999973,1.4917612450711082,-0.15699805000030082,-0.500000000000033,0.7945299609212152,-0.09339240439421409,-7.993605777301127e-15,2.7672195290370105,70,255,255,255
541,10.82,17.591785439721203,2.6552616167575875,-15.419999999999973,1.491743995354104,-0.1571618666374724,-0.5000000000000331,0.7946916981623396,-0.09200600454240347,-7.66053886991358e-15,2.7724555167929936,70,255,255,255
542,10.84,17.621620035673505,2.6521156853592904,-15.429999999999973,1.491729797615178,-0.15729656991485938,-0.5000000000000332,0.7948505254171454,-0.09062362961219403,-7.327471962526033e-15,2.7776915045489763,70,255,255,255
543,10.86,17.651454408040838,2.6489676343039035,-15.439999999999973,1.4917186183666442,-0.15740255276935555,-0.5000000000000333,0.79500646439054,-0.08924528882385453,-6.994405055138486e-15,2.7829274923049594,70,255,255,255
544,10.88,17.681288616495962,2.645818030224633,-15.449999999999973,1.4917104227562425,-0.1574802039635226,-0.5000000000000335,0.7951595367847786,-0.08787099100508956,-1.3766765505351941e-14,2.7881634800609425,70,255,255,255
545,10.9,17.711122719988758,2.642667432062208,-15.459999999999972,1.4917051746398544,-0.157529908121224,-0.5000000000000336,0.7953097642958448,-0.08650074459614793,-5.995204332975845e-15,2.7933994678169256,70,255,255,255
546,10.92,17.7409567767218,2.63951639114694,-15.469999999999974,1.4917028366520486,-0.15755204576339535,-0.5000000000000339,0.7954571686099166,-0.08513455765489632,-1.27675647831893e-14,2.7986354555729083,70,255,255,255
547,10.94,17.770790844127287,2.636365451280062,-15.479999999999976,1.491703370274496,-0.15754699334392097,-0.5000000000000339,0.795601771399914,-0.08377243786186019,2.1094237467877974e-15,2.8038714433288914,70,255,255,255
548,10.96,17.800624978845335,2.63321514881435,-15.489999999999977,1.4917067359023104,-0.15751512328559153,-0.5000000000000339,0.7957435943221268,-0.08241439252522924,2.1094237467877974e-15,2.8091074310848745,70,255,255,255
549,10.98,17.8304592367035,2.630066012734028,-15.499999999999977,1.4917128929083607,-0.1574568040161156,-0.5000000000000336,0.7958826590129237,-0.08106042858582987,9.2148511043888e-15,2.814343418840857,70,255,255,255
550,11.0,17.860293672697612,2.626918564733945,-15.509999999999977,1.4917217997056054,-0.15737240000416203,-0.5000000000000334,0.7960189870855379,-0.07971055262206109,8.548717289613705e-15,2.8195794065968403,70,255,255,255
551,11.02,17.890128354020835,2.6237734430603363,-15.519999999999976,1.4917340661610883,-0.15725608368042948,-0.5000000000000333,0.7961833405624061,-0.07805183028531518,7.882583474838611e-15,2.824815394352823,70,255,255,255
552,11.040000000000001,17.919963346765282,2.620631276938245,-15.529999999999976,1.49174963722233,-0.1571083061045676,-0.5000000000000332,0.7963436815712718,-0.07639856557235278,7.549516567451064e-15,2.830051382108806,70,255,255,255
553,11.06,17.949798715895234,2.6174926866688026,-15.539999999999976,1.4917684564976565,-0.15692951347212888,-0.5000000000000332,0.7965000455403423,-0.0747507689206804,1.1102230246251565e-16,2.835287369864789,70,255,255,255
554,11.08,17.979634525222117,2.614358283725669,-15.549999999999976,1.4917904663441137,-0.15672014715668084,-0.5000000000000331,0.796652467836852,-0.0731084501918466,7.216449660063518e-15,2.8405233576207722,70,255,255,255
555,11.1,18.00947083738117,2.611228670850627,-15.559999999999976,1.491815607952581,-0.15648064375209705,-0.5000000000000331,0.7968009837615296,-0.07147161867943504,-2.220446049250313e-16,2.845759345376755,70,255,255,255
556,11.120000000000001,18.039307713809773,2.6081044421483273,-15.569999999999975,1.4918438214301506,-0.15621143511498897,-0.5000000000000331,0.796945628543212,-0.06984028311701398,-2.220446049250313e-16,2.850995333132738,70,255,255,255
557,11.14,18.06914521472737,2.6049861831801824,-15.579999999999975,1.4918750458798353,-0.15591294840724254,-0.5000000000000331,0.7970864373336009,-0.06821445168604329,-2.220446049250313e-16,2.856231320888721,70,255,255,255
558,11.16,18.098983399116925,2.60187447105741,-15.589999999999975,1.491909219477672,-0.15558560613862568,-0.5000000000000331,0.7972234452021626,-0.06659413202373513,-2.220446049250313e-16,2.861467308644704,70,255,255,255
559,11.18,18.12882232470787,2.5987698745332213,-15.599999999999975,1.491946279547286,-0.1552298262094353,-0.5000000000000331,0.7973566871311666,-0.06497933123087059,-2.220446049250313e-16,2.8667032964006873,70,255,255,255
560,11.200000000000001,18.158662047960508,2.5956729540941583,-15.609999999999975,1.4919861626319741,-0.1548460219531528,-0.5000000000000332,0.7974861980108624,-0.06337005587956879,-7.327471962526033e-15,2.8719392841566704,70,255,255,255
561,11.22,18.188502624051797,2.592584262050577,-15.619999999999974,1.4920288045643721,-0.15443460217908064,-0.5000000000000332,0.7976120126347919,-0.06176631202100926,1.1102230246251565e-16,2.8771752719126535,70,255,255,255
562,11.24,18.21834410686247,2.5895043426262783,-15.629999999999974,1.4920741405337636,-0.15399597121493236,-0.5000000000000333,0.7977341656952344,-0.060168105193104525,-6.994405055138486e-15,2.882411259668636,70,255,255,255
563,11.26,18.248186548965492,2.586433732047291,-15.639999999999974,1.492122105151094,-0.15353052894935182,-0.5000000000000333,0.797852691778784,-0.05857544042812472,4.440892098500626e-16,2.887647247424619,70,255,255,255
564,11.28,18.278030001615726,2.5833729586298046,-15.649999999999974,1.49217263251174,-0.1530386708743374,-0.5000000000000334,0.7979676253620566,-0.05698832226027147,-6.661338147750939e-15,2.892883235180602,70,255,255,255
565,11.3,18.30787451474085,2.5803225428672536,-15.659999999999973,1.4922256562561007,-0.1525207881275494,-0.5000000000000335,0.7980790008075235,-0.05540675473320073,-6.328271240363392e-15,2.898119222936585,70,255,255,255
566,11.32,18.33772013693341,2.577282997516564,-15.669999999999973,1.49228110962806,-0.15197726753448,-0.5000000000000336,0.7981868523594707,-0.0538307414074946,-5.995204332975845e-15,2.903355210692568,70,255,255,255
567,11.34,18.367566915444037,2.5742548276835544,-15.679999999999975,1.4923389255313722,-0.1514084916504656,-0.5000000000000338,0.7982912141400825,-0.05226028536807953,-5.662137425588298e-15,2.9085911984485513,70,255,255,255
568,11.36,18.397414896175718,2.571238530907504,-15.689999999999976,1.4923990365840394,-0.15081483880252525,-0.5000000000000338,0.7983921201456445,-0.05069538923159251,1.7763568394002505e-15,2.913827186204534,70,255,255,255
569,11.38,18.427264123679134,2.5682345972448837,-15.699999999999978,1.4924613751707092,-0.1501966831310057,-0.5000000000000338,0.7984896042428689,-0.04913605515369283,1.7763568394002505e-15,2.919063173960517,70,255,255,255
570,11.4,18.457114641148998,2.565243509352263,-15.709999999999978,1.4925258734931697,-0.14955439463102008,-0.5000000000000334,0.7985837001653335,-0.04758228483632001,1.5987211554602254e-14,2.9242991617165,70,255,255,255
571,11.42,18.486966490421377,2.56226574256839,-15.719999999999978,1.4925924636189722,-0.14888833919366323,-0.5000000000000333,0.7986744415100404,-0.046034079534895585,7.882583474838611e-15,2.929535149472483,70,255,255,255
572,11.44,18.51681971197194,2.55930176499545,-15.729999999999977,1.4926610775282425,-0.14819887864699174,-0.500000000000033,0.7987618617340846,-0.044491440065470345,1.4654943925052066e-14,2.934771137228466,70,255,255,255
573,11.46,18.546674344915115,2.556352037579515,-15.739999999999977,1.4927316471587255,-0.14748637079675542,-0.5000000000000329,0.7988459941514359,-0.042954366811814755,6.5503158452884236e-15,2.940007124984449,70,255,255,255
574,11.48,18.576530427004098,2.5534170141901775,-15.749999999999977,1.4928041044491092,-0.14675116946686861,-0.5000000000000328,0.7989268719298316,-0.04142285973245344,6.217248937900877e-15,2.945243112740432,70,255,255,255
575,11.5,18.60638799463171,2.550497141699385,-15.759999999999977,1.492878381380676,-0.14599362453961093,-0.5000000000000326,0.7990045280877737,-0.039896918367640984,5.88418203051333e-15,2.9504791004964153,70,255,255,255
576,11.52,18.636247082832057,2.547592860059474,-15.769999999999976,1.4929544100173289,-0.14521408199554756,-0.5000000000000325,0.7990789954916352,-0.038376541846281725,5.551115123125783e-15,2.955715088252398,70,255,255,255
577,11.540000000000001,18.666107725282938,2.544704602380411,-15.779999999999976,1.49303212254403,-0.1444128839531597,-0.5000000000000324,0.7991503068528688,-0.036861728892790255,5.218048215738236e-15,2.960951076008381,70,255,255,255
578,11.56,18.69596995430901,2.541832795006248,-15.789999999999976,1.493111451303703,-0.1435903687081777,-0.5000000000000324,0.7992184947253186,-0.035352477833894475,-2.220446049250313e-15,2.966187063764364,70,255,255,255
579,11.58,18.725833800885663,2.5389778575907958,-15.799999999999976,1.4931923288326352,-0.14274687077260853,-0.5000000000000323,0.7992835915026304,-0.03384878660537831,4.884981308350689e-15,2.971423051520347,70,255,255,255
580,11.6,18.755699294643552,2.536140203172527,-15.809999999999976,1.493274687894426,-0.14188272091345175,-0.5000000000000323,0.7993456294157627,-0.032350652758766536,-2.55351295663786e-15,2.97665903927633,70,255,255,255
581,11.620000000000001,18.785566463873803,2.533320238248705,-15.819999999999975,1.493358461512518,-0.14099824619109727,-0.5000000000000323,0.7994046405305931,-0.030858073467949224,-2.55351295663786e-15,2.981895027032313,70,255,255,255
582,11.64,18.81543533553383,2.530518362848757,-15.829999999999975,1.493443583001352,-0.14009376999739964,-0.5000000000000323,0.7994606567456195,-0.029371045535747004,-2.55351295663786e-15,2.987131014788296,70,255,255,255
583,11.66,18.845305935253755,2.527734970606889,-15.839999999999975,1.4935299859961852,-0.13916961209342385,-0.5000000000000323,0.7995137097897546,-0.0278895654004149,-2.55351295663786e-15,2.9923670025442792,70,255,255,255
584,11.68,18.875178287343388,2.5249704488339515,-15.849999999999975,1.4936176044816125,-0.13822608864685917,-0.5000000000000323,0.7995638312202124,-0.0264136291420871,-2.55351295663786e-15,2.997602990300262,70,255,255,255
585,11.700000000000001,18.905052414799766,2.5222251785885694,-15.859999999999975,1.4937063728188187,-0.13726351226909575,-0.5000000000000325,0.7996110524204826,-0.024943232489160055,-9.658940314238862e-15,3.002838978056245,70,255,255,255
586,11.72,18.9349283393152,2.51949953474753,-15.869999999999974,1.4937962257716115,-0.13628219205196263,-0.5000000000000325,0.7996554045983943,-0.023478370824615732,-1.887379141862766e-15,3.008074965812228,70,255,255,255
587,11.74,18.964806081285825,2.5167938860754475,-15.879999999999974,1.49388709853126,-0.1352824336041229,-0.5000000000000328,0.799696918784266,-0.02201903919228234,-8.992806499463768e-15,3.0133109535682108,70,255,255,255
588,11.76,18.99468565982063,2.5141085952937052,-15.889999999999974,1.493978926740174,-0.1342645390871245,-0.5000000000000328,0.7997356258291375,-0.02056523230303511,-1.2212453270876722e-15,3.018546941324194,70,255,255,255
589,11.78,19.024567092750917,2.511444019148683,-15.899999999999974,1.4940716465144661,-0.13322880725110486,-0.5000000000000329,0.7997715564030887,-0.019116944540935172,-8.326672684688674e-15,3.023782929080177,70,255,255,255
590,11.8,19.054450396640227,2.50880050847928,-15.909999999999973,1.4941651944654186,-0.1321755334701475,-0.500000000000033,0.7998047409936353,-0.017674169969306725,-7.993605777301127e-15,3.02901891683616,70,255,255,255
591,11.82,19.084335586794626,2.506178408283734,-15.919999999999973,1.494259507719893,-0.1311050097772898,-0.5000000000000331,0.799835209904207,-0.016236902336753505,-7.66053886991358e-15,3.034254904592143,70,255,255,255
592,11.84,19.11422267727342,2.5035780577857505,-15.929999999999973,1.4943545239397145,-0.13001752489918153,-0.5000000000000332,0.7998629932527013,-0.014805135083112039,-7.327471962526033e-15,3.039490892348126,70,255,255,255
593,11.86,19.144111680900224,2.5009997904999426,-15.939999999999973,1.4944501813400581,-0.12891336429039305,-0.5000000000000333,0.7998881209701155,-0.013378861345344637,-6.994405055138486e-15,3.0447268801041085,70,255,255,255
594,11.88,19.17400260927436,2.498443934296595,-15.949999999999973,1.4945464187068684,-0.1277928101673739,-0.5000000000000335,0.7999106227992516,-0.011958073963369694,-1.3766765505351941e-14,3.0499628678600916,70,255,255,255
595,11.9,19.203895472782627,2.495910811465754,-15.959999999999972,1.4946431754133416,-0.12665614154206173,-0.5000000000000336,0.7999305282934954,-0.01054276548583098,-5.995204332975845e-15,3.0551988556160747,70,255,255,255
596,11.92,19.233790280611338,2.493400738780651,-15.969999999999974,1.4947403914355,-0.12550363425514208,-0.5000000000000339,0.7999478668156668,-0.00913292817580397,-1.27675647831893e-14,3.060434843372058,70,255,255,255
597,11.94,19.263687040758676,2.4909140275604718,-15.979999999999976,1.494838007366881,-0.12433556100895983,-0.5000000000000339,0.7999626675369388,-0.007728554016441476,2.1094237467877974e-15,3.065670831128041,70,255,255,255
598,11.96,19.293585760047325,2.48845098373247,-15.989999999999977,1.4949359644323759,-0.12315219140008352,-0.5000000000000339,0.7999749594358283,-0.006329634716556938,2.1094237467877974e-15,3.070906818884024,70,255,255,255
599,11.98,19.323486444137348,2.4860119078934395,-15.999999999999977,1.4950342045012361,-0.12195379195152355,-0.5000000000000336,0.7999847712972492,-0.004936161716146605,9.2148511043888e-15,3.076142806640007,70,255,255,255
600,12.0,19.353389097539335,2.4835970953705475,-16.009999999999977,1.495132670099282,-0.12074062614460633,-0.5000000000000334,0.7999921317116356,-0.0035481261918490054,8.548717289613705e-15,3.08137879439599,70,255,255,255
601,12.02,19.383293733702534,2.481206962330984,-16.01999999999998,1.4952318081598486,-0.11950665197816433,-0.5000000000000331,0.799997872311056,-0.0018450739235322958,1.4988010832439613e-14,3.0866147821519725,70,255,255,255
602,12.040000000000001,19.413200364473585,2.4788419177386016,-16.02999999999998,1.4953315385526063,-0.11825222961912783,-0.5000000000000328,0.7999999860689209,-0.00014929744361251627,1.3988810110276972e-14,3.0918507699079556,70,255,255,255
603,12.06,19.443109000110617,2.476502363436771,-16.03999999999998,1.4954317818516378,-0.11697771509152964,-0.5000000000000325,0.7999985192616033,0.0015392138390399371,1.2989609388114332e-14,3.0970867576639387,70,255,255,255
604,12.08,19.47301964929788,2.474188694230385,-16.049999999999983,1.4955324593630706,-0.1156834603192925,-0.500000000000032,0.7999935178278705,0.003220470988622554,2.653433028854124e-14,3.102322745419922,70,255,255,255
605,12.1,19.5029323191609,2.4719012979670127,-16.059999999999985,1.4956334931512396,-0.11436981316860481,-0.5000000000000315,0.7999850273669968,0.004894485532228181,2.4868995751603507e-14,3.1075587331759045,70,255,255,255
606,12.120000000000001,19.53284701528217,2.469640555617215,-16.069999999999986,1.4957348060634206,-0.11303711748988186,-0.5000000000000311,0.7999730931370175,0.006561269449789569,2.353672812205332e-14,3.1127947209318876,70,255,255,255
607,12.14,19.562763741717234,2.4674068413540287,-16.079999999999988,1.4958363217531843,-0.11168571315931108,-0.5000000000000303,0.7999577600531195,0.008220835164138927,3.6415315207705135e-14,3.1180307086878707,70,255,255,255
608,12.16,19.592682501011282,2.465200522631629,-16.08999999999999,1.4959379647024045,-0.11031593611997946,-0.5000000000000293,0.7999390726861658,0.009873195531185427,4.829470157119431e-14,3.123266696443854,70,255,255,255
609,12.18,19.622603294216123,2.4630219602631773,-16.09999999999999,1.4960396602419723,-0.1089281184225829,-0.5000000000000284,0.7999170752613516,0.011518363830207731,4.529709940470639e-14,3.1285026841998365,70,255,255,255
610,12.200000000000001,19.65252612090755,2.460871508497863,-16.109999999999992,1.4961413345712502,-0.10752258826571665,-0.5000000000000275,0.7998918116569846,0.01315635375426387,4.263256414560601e-14,3.1337386719558196,70,255,255,255
611,12.22,19.682450979203075,2.458749515097148,-16.119999999999994,1.496242914776309,-0.1060996700357471,-0.5000000000000264,0.7998633254033912,0.014787179400716844,5.417888360170764e-14,3.1389746597118027,70,255,255,255
612,12.24,19.712377865780017,2.4566563214102226,-16.129999999999995,1.4963443288469869,-0.1046596843462655,-0.5000000000000254,0.7998316596819445,0.01641085526187835,5.084821452783217e-14,3.144210647467786,70,255,255,255
613,12.26,19.742306775893873,2.45459226244868,-16.139999999999997,1.4964455056928034,-0.10320294807712387,-0.5000000000000242,0.7997968573242082,0.01802739621576758,6.206146707654625e-14,3.149446635223769,70,255,255,255
614,12.280000000000001,19.77223770339703,2.452557666960419,-16.15,1.4965463751577726,-0.1017297744130551,-0.500000000000023,0.7997589608111964,0.01963681751698711,5.839773109528323e-14,3.154682622979752,70,255,255,255
615,12.3,19.802170640757712,2.4505528575027813,-16.16,1.4966468680341458,-0.1002404728818782,-0.5000000000000216,0.7997180122727444,0.021239134787714567,6.894484982922222e-14,3.159918610735735,70,255,255,255
616,12.32,19.832105579079215,2.4485781505149355,-16.17,1.4967469160751201,-0.09873534939229049,-0.5000000000000203,0.7996740534869898,0.022834364008811482,6.494804694057166e-14,3.1651545984917178,70,255,255,255
617,12.34,19.862042508119345,2.4466338563895107,-16.180000000000003,1.4968464520065492,-0.0972147062712492,-0.5000000000000191,0.7996271258799582,0.024422521511046773,6.09512440519211e-14,3.1703905862477004,70,255,255,255
618,12.36,19.8919814163101,2.4447202795434917,-16.190000000000005,1.496945409537686,-0.09567884230094446,-0.5000000000000177,0.7995772705252523,0.02600362396643655,7.149836278586008e-14,3.1756265740036835,70,255,255,255
619,12.38,19.92192229077752,2.4428377184883843,-16.200000000000006,1.4970437233709921,-0.0941280527553665,-0.5000000000000163,0.7995245281438413,0.027577688379699015,6.716849298982197e-14,3.1808625617596666,70,255,255,255
620,12.4,19.95186511736174,2.440986465899655,-16.210000000000008,1.4971413292110423,-0.09256262943646959,-0.5000000000000148,0.7994689391039499,0.029144732079823862,7.738254481637341e-14,3.1860985495156497,70,255,255,255
621,12.42,19.981809880637194,2.439166808685456,-16.22000000000001,1.4972381637725631,-0.09098286070993634,-0.5000000000000133,0.7994105434210381,0.030704772711757443,7.271960811294775e-14,3.191334537271633,70,255,255,255
622,12.44,20.011756563932945,2.4373790280546452,-16.23000000000001,1.4973341647876213,-0.08938903154054459,-0.5000000000000117,0.7993493807578761,0.03225782822820082,8.260059303211165e-14,3.1965705250276155,70,255,255,255
623,12.46,20.041705149353184,2.4356233995841023,-16.240000000000013,1.4974292710120065,-0.0877814235271413,-0.5000000000000101,0.7992854904247086,0.033803916881522254,7.760458942129844e-14,3.2018065127835986,70,255,255,255
624,12.48,20.071655617797802,2.433900193285358,-16.250000000000014,1.4975234222308238,-0.0861603149372262,-0.5000000000000087,0.7992189113795056,0.03534305721578229,7.294165271787278e-14,3.2070425005395817,70,255,255,255
625,12.5,20.10160794898307,2.4322096736705348,-16.260000000000016,1.497616559263334,-0.08452598074114931,-0.500000000000007,0.7991496822282959,0.036875268058872625,8.282263763703668e-14,3.2122784882955644,70,255,255,255
626,12.52,20.131562121462412,2.4305520998176164,-16.270000000000017,1.4977086239670594,-0.08287869264592578,-0.5000000000000051,0.7990778412255861,0.03840056851476607,9.203748874142548e-14,3.2175144760515475,70,255,255,255
627,12.540000000000001,20.161518112647236,2.428927725435043,-16.28000000000002,1.4977995592411883,-0.08121871912867223,-0.5000000000000033,0.7990034262748552,0.039918977955878863,8.637535131583718e-14,3.2227504638075306,70,255,255,255
628,12.56,20.19147589882782,2.4273367989256496,-16.29000000000002,1.4978893090292997,-0.07954632546966856,-0.5000000000000017,0.7989264749291302,0.04143051601554315,8.104628079763643e-14,3.2279864515635137,70,255,255,255
629,12.58,20.22143545519425,2.4257795634499484,-16.300000000000022,1.4979778183214347,-0.07786177378504908,-0.49999999999999983,0.7988470243916312,0.042935202580591234,9.026113190202523e-14,3.233222439319497,70,255,255,255
630,12.6,20.25139675585736,2.424256256988766,-16.310000000000024,1.4980650331555367,-0.07616532305912739,-0.4999999999999981,0.7987651115164955,0.04443305778404829,8.47655279301307e-14,3.2384584270754795,70,255,255,255
631,12.620000000000001,20.281359773869728,2.422767112405239,-16.320000000000025,1.4981509006182854,-0.07445722917635914,-0.4999999999999965,0.7986807728095646,0.045924101997934924,7.960299086562372e-14,3.2436944148314626,70,255,255,255
632,12.64,20.311324481246636,2.4213123575061797,-16.330000000000027,1.4982353688453494,-0.07273774495294702,-0.4999999999999947,0.7985940444292448,0.04740835582617734,8.89843754237063e-14,3.2489304025874457,70,255,255,255
633,12.66,20.341290848987057,2.4198922151028177,-16.34000000000003,1.4983183870210746,-0.07100712016809226,-0.4999999999999928,0.7985049621874303,0.0488858400976266,9.786615962070755e-14,3.2541663903434284,70,255,255,255
634,12.68,20.37125884709461,2.4185069030709196,-16.35000000000003,1.498399905377632,-0.06926560159489695,-0.49999999999999095,0.7984135615504903,0.0503565758591834,9.203748874142548e-14,3.2594023780994115,70,255,255,255
635,12.700000000000001,20.40122844459848,2.417156634410301,-16.360000000000028,1.4984798751936508,-0.06751343303092193,-0.49999999999998923,0.798319877640318,0.05182058436902987,8.654188476953095e-14,3.2646383658553946,70,255,255,255
636,12.72,20.43119960957433,2.415841617303733,-16.370000000000026,1.4985582487923461,-0.06575085532840419,-0.4999999999999876,0.7982239452354388,0.05327788708996626,8.137934770502397e-14,3.2698743536113777,70,255,255,255
637,12.74,20.46117230916511,2.4145620551752502,-16.380000000000024,1.4986349795391742,-0.0639781064241387,-0.4999999999999864,0.7981257987721748,0.054728505682853076,6.233902283270254e-14,3.275110341367361,70,255,255,255
638,12.76,20.49114650960189,2.4133181467478697,-16.390000000000022,1.4987100218390246,-0.06219542136902883,-0.49999999999998523,0.7980254723458651,0.056172462000156215,5.867528685143952e-14,3.2803463291233435,70,255,255,255
639,12.780000000000001,20.521122176224548,2.4121100861007236,-16.40000000000002,1.4987833311329701,-0.06040303235730995,-0.4999999999999844,0.79792299971214,0.0576097780795958,4.0967229608668276e-14,3.2855823168793266,70,255,255,255
640,12.8,20.55109927350244,2.4109380627256147,-16.410000000000018,1.4988548638945984,-0.05860116875545076,-0.4999999999999836,0.7978184142882455,0.05904047613789624,3.8469227803261674e-14,3.2908183046353097,70,255,255,255
641,12.82,20.58107776505496,2.409802261583,-16.420000000000016,1.4989245776259348,-0.05679005713073665,-0.4999999999999832,0.7977117491544177,0.060464578564639056,2.1926904736346842e-14,3.2960542923912923,70,255,255,255
642,12.84,20.61105761367202,2.4087028631574094,-16.430000000000014,1.4989924308529785,-0.05496992127953958,-0.49999999999998307,0.7976030370553048,0.06188210791621485,6.38378239159465e-15,3.3012902801472754,70,255,255,255
643,12.86,20.641038781334437,2.4076400435123038,-16.440000000000012,1.4990583831208657,-0.053140982255278996,-0.49999999999998296,0.7974923104014352,0.06329308690987567,6.050715484207103e-15,3.3065262679032585,70,255,255,255
644,12.88,20.67102122923421,2.406613974344382,-16.45000000000001,1.499122394988682,-0.05130345839607818,-0.4999999999999831,0.7973796012707287,0.06469753841788563,-8.493206138382448e-15,3.3117622556592416,70,255,255,255
645,12.9,20.701004917794688,2.4056248230373396,-16.460000000000008,1.499184428023931,-0.04945756535212029,-0.4999999999999833,0.7972649414100516,0.06609548546176934,-7.993605777301127e-15,3.3169982434152248,70,255,255,255
646,12.92,20.730989806690623,2.4046727527150855,-16.470000000000006,1.4992444447966806,-0.04760351611270859,-0.49999999999998374,0.797148362236811,0.06748695120665801,-2.170486013142181e-14,3.3222342311712074,70,255,255,255
647,12.94,20.76097585486809,2.403757922294425,-16.480000000000004,1.4993024088734015,-0.04574152103303515,-0.4999999999999841,0.7970298948405888,0.06887195895573034,-2.0372592501871623e-14,3.32747021892719,70,255,255,255
648,12.96,20.7909630205643,2.4028804865372115,-16.490000000000002,1.4993582848105083,-0.043871787860662224,-0.4999999999999848,0.796909569984813,0.07025053214474952,-3.341771304121721e-14,3.332706206683173,70,255,255,255
649,12.98,20.820951261327252,2.402040596101977,-16.5,1.4994120381476215,-0.04199452176172068,-0.4999999999999857,0.7967874181084642,0.07162269433669333,-4.5630166312093934e-14,3.3379421944391563,70,255,255,255
650,13.0,20.850940534035264,2.4012383975950407,-16.509999999999998,1.4994636354005628,-0.04010992534682964,-0.4999999999999865,0.7966634693278181,0.07298846921647861,-4.296563105299356e-14,3.3431781821951394,70,255,255,255
651,13.02,20.880930794141932,2.4004740032371554,-16.519999999999996,1.4995130053334262,-0.03821971789425399,-0.49999999999998734,0.7965449365218978,0.0742708832674414,-4.0467629247586956e-14,3.348414169951122,70,255,255,255
652,13.040000000000001,20.910921996590613,2.3997475215221935,-16.529999999999994,1.4995601224340975,-0.03632408574809207,-0.4999999999999884,0.7964249427511824,0.07554674423015248,-5.218048215738236e-14,3.353650157707105,70,255,255,255
653,13.06,20.940914095833076,2.3990590572673414,-16.539999999999996,1.4996049621231846,-0.03442321274259685,-0.4999999999999897,0.7963035157893326,0.0768160838727697,-6.322720125240266e-14,3.3588861454630883,70,255,255,255
654,13.08,20.970907045847948,2.3984087116627637,-16.549999999999997,1.4996475007435972,-0.03251728022887442,-0.49999999999999056,0.7961806830564931,0.0780789339559404,-4.518607710224387e-14,3.3641221332190714,70,255,255,255
655,13.1,21.00090080015895,2.3977965823207374,-16.56,1.4996877155499997,-0.03060646710130218,-0.4999999999999914,0.796056471622562,0.0793353262288451,-4.2521541843143495e-14,3.369358120975054,70,255,255,255
656,13.120000000000001,21.030895311852912,2.397222763324264,-16.57,1.4997255846981523,-0.028690949823670743,-0.4999999999999922,0.795930908210457,0.08058529242533817,-4.0023540037736893e-14,3.374594108731037,70,255,255,255
657,13.14,21.060890533597597,2.3966873452751627,-16.580000000000002,1.4997610872341443,-0.026770902455053605,-0.4999999999999926,0.7958040191993809,0.08182886426018196,-2.348121697082206e-14,3.3798300964870203,70,255,255,255
658,13.16,21.090886417659267,2.3961904153416547,-16.590000000000003,1.4997942030835294,-0.02484649667540849,-0.4999999999999928,0.7956758306280833,0.08306607342537506,-7.93809462606987e-15,3.3850660842430034,70,255,255,255
659,13.18,21.120882915920074,2.3957320573054366,-16.600000000000005,1.4998249130403805,-0.02291790181091432,-0.49999999999999295,0.7955463681981154,0.08429695158657048,-7.438494264988549e-15,3.390302071998986,70,255,255,255
660,13.200000000000001,21.150879979895198,2.3953123516082555,-16.610000000000007,1.4998531987562598,-0.020985284859047534,-0.4999999999999931,0.795415657277083,0.08552153037958453,-6.938893903907228e-15,3.395538059754969,70,255,255,255
661,13.22,21.18087756074978,2.3949313753979875,-16.620000000000008,1.499879042729121,-0.019048810513401557,-0.49999999999999295,0.7952837229018899,0.08673984140699288,7.771561172376096e-15,3.4007740475109522,70,255,255,255
662,13.24,21.210875609315625,2.3945892025742226,-16.63000000000001,1.4999024282921511,-0.017108641188253032,-0.4999999999999928,0.7951505897819761,0.08795191623481476,7.271960811294775e-15,3.4060100352669354,70,255,255,255
663,13.26,21.240874076107676,2.394285903833365,-16.64000000000001,1.4999233396025564,-0.015164937042878511,-0.49999999999999234,0.7950162823025472,0.0891577863892809,2.098321516541546e-14,3.411246023022918,70,255,255,255
664,13.280000000000001,21.270872911340284,2.3940215467132524,-16.650000000000013,1.4999417616303024,-0.013217856005625044,-0.49999999999999195,0.7948808245277957,0.09035748335368635,1.965094753586527e-14,3.416482010778901,70,255,255,255
665,13.3,21.30087206494322,2.3937961956372975,-16.660000000000014,1.499957680146815,-0.011267553797738196,-0.4999999999999913,0.7947442402041116,0.09155103856532429,3.269606807521086e-14,3.4217179985348842,70,255,255,255
666,13.32,21.330871486577493,2.3936099119581584,-16.670000000000016,1.4999710817136496,-0.009314183956950859,-0.4999999999999907,0.7946065527632836,0.09273848341250238,3.069766663088558e-14,3.4269539862908673,70,255,255,255
667,13.34,21.360871125650917,2.3934627540009417,-16.680000000000017,1.499981953671133,-0.007357897860836229,-0.4999999999999901,0.7944677853256901,0.093919849231637,2.886579864025407e-14,3.43218997404685,70,255,255,255
668,13.36,21.390870931333456,2.393354777105943,-16.690000000000015,1.4999902841269892,-0.005398844749928177,-0.4999999999999893,0.7943279607034762,0.09509516730442613,4.141131881851834e-14,3.437425961802833,70,255,255,255
669,13.38,21.420870852572357,2.3932860336709307,-16.700000000000014,1.4999960619449493,-0.003437171750612234,-0.4999999999999888,0.794187101403722,0.09626446885509901,2.4702462297909733e-14,3.442661949558816,70,255,255,255
670,13.4,21.450870838107022,2.393256573192975,-16.71000000000001,1.4999992767333579,-0.0014730238977903572,-0.49999999999998834,0.7940452296315944,0.09742778504774029,2.3203661214665772e-14,3.4478979373147993,70,255,255,255
671,13.42,21.480870836483696,2.3932664423098284,-16.72000000000001,1.499999918833775,0.0004934558426775051,-0.4999999999999882,0.7939023672934882,0.09858514698368893,7.66053886991358e-15,3.453133925070782,70,255,255,255
672,13.44,21.510870796069888,2.3933156848408634,-16.730000000000008,1.4999979793095868,0.0024621265517519968,-0.499999999999988,0.7937585360001518,0.09973658569900924,7.16093850883226e-15,3.458369912826765,70,255,255,255
673,13.46,21.54087066506858,2.3934043418275674,-16.740000000000006,1.4999934499346226,0.00443284933521015,-0.4999999999999882,0.7936137570697992,0.10088213216203291,-7.549516567451064e-15,3.463605900582748,70,255,255,255
674,13.48,21.570870391532218,2.3935324515736047,-16.750000000000004,1.4999863231817903,0.006405487301855505,-0.4999999999999886,0.793468051531206,0.1020218172709709,-2.1260770921571748e-14,3.4688418883387313,70,255,255,255
675,13.5,21.600869923376454,2.3937000496844436,-16.76,1.4999765922117279,0.008379905541939724,-0.499999999999989,0.7933214401267914,0.10315567185159456,-1.992850329202156e-14,3.474077876094714,70,255,255,255
676,13.52,21.630869208393683,2.3939071691065594,-16.770000000000003,1.499964250861485,0.01035597110579296,-0.4999999999999894,0.793173943315682,0.10428372665498338,-1.8762769116165146e-14,3.4793138638506966,70,255,255,255
677,13.540000000000001,21.66086819426635,2.394153840166213,-16.780000000000005,1.4999492936332295,0.012333552982660222,-0.49999999999998973,0.7930255812767619,0.10540601235533913,-1.759703494030873e-14,3.4845498516066797,70,255,255,255
678,13.56,21.69086682858001,2.394440090607808,-16.790000000000006,1.4999317156829897,0.01431252207974113,-0.49999999999999006,0.7928763739117036,0.10652255954786433,-1.659783421814609e-14,3.489785839362663,70,255,255,255
679,13.58,21.7208650588362,2.3947659456318364,-16.800000000000008,1.4999115128094351,0.01629275120143045,-0.4999999999999901,0.7927263408479831,0.1076333987467053,-1.3877787807814457e-15,3.495021827118646,70,255,255,255
680,13.6,21.750862832465053,2.3951314279324114,-16.81000000000001,1.4998886814426982,0.018274115028756893,-0.4999999999999901,0.7925755014418767,0.10873856038295651,-1.2212453270876722e-15,3.5002578148746286,70,255,255,255
681,13.620000000000001,21.780860096837717,2.395536557734392,-16.82000000000001,1.4998632186332421,0.02025649009901764,-0.4999999999999901,0.7924238747814395,0.10983807480272675,-1.2212453270876722e-15,3.5054938026306117,70,255,255,255
682,13.64,21.810856799278532,2.395981352830104,-16.830000000000013,1.4998351220407782,0.022239754785606244,-0.49999999999998984,0.7922714796894678,0.11093197226526487,1.2989609388114332e-14,3.510729790386595,70,255,255,255
683,13.66,21.840852887077,2.3964658286156646,-16.84000000000001,1.4998043899232372,0.02422378927803148,-0.49999999999998934,0.7921183347264384,0.11202028294114484,2.6367796834847468e-14,3.515965778142578,70,255,255,255
684,13.68,21.870848307499514,2.396989998126907,-16.85000000000001,1.4997710211257949,0.026208475562124824,-0.4999999999999891,0.7919644581934345,0.1131030369105082,1.0658141036401503e-14,3.5212017658985606,70,255,255,255
685,13.700000000000001,21.900843007800912,2.3975538720749157,-16.860000000000007,1.49973501506996,0.02819369740043434,-0.49999999999998923,0.7918098681350476,0.1141802641613631,-4.218847493575595e-15,3.5264377536545437,70,255,255,255
686,13.72,21.930836935235767,2.3981574588811716,-16.870000000000005,1.4996963717427219,0.030179340312802637,-0.4999999999999893,0.7916545823422624,0.11525199458793856,-3.885780586188048e-15,3.531673741410527,70,255,255,255
687,13.74,21.96083003706948,2.398800764712314,-16.880000000000006,1.4996550916857667,0.0321652915571269,-0.4999999999999896,0.7914986183553214,0.11631825798909377,-1.7930101847696278e-14,3.53690972916651,70,255,255,255
688,13.76,21.990822260589177,2.39948379351452,-16.890000000000008,1.4996111759847592,0.034151440110298664,-0.4999999999999897,0.7913419934665693,0.11737908406677998,-2.7200464103316335e-15,3.5421457169224926,70,255,255,255
689,13.780000000000001,22.02081355311435,2.4002065470475062,-16.90000000000001,1.4995646262586984,0.036137676649321465,-0.49999999999998973,0.7911847247232774,0.11843450242455501,-2.55351295663786e-15,3.5473817046784757,70,255,255,255
690,13.8,22.05080386200734,2.400969024918158,-16.91000000000001,1.4995154446493424,0.03812389353260411,-0.4999999999999895,0.7910268289304467,0.11948454256614822,1.1823875212257917e-14,3.552617692434459,70,255,255,255
691,13.82,22.080793134683553,2.401771224613787,-16.92000000000001,1.4994636338107152,0.04010998478142782,-0.4999999999999893,0.7908683226535926,0.12052923389407709,1.1157741397482823e-14,3.557853680190442,70,255,255,255
692,13.84,22.110781318621527,2.4026131415350185,-16.930000000000007,1.499409196898685,0.042095846061585014,-0.49999999999998934,0.7907092222215049,0.12156860570831104,-3.7192471324942744e-15,3.5630896679464246,70,255,255,255
693,13.86,22.14076836137274,2.403494769028322,-16.94000000000001,1.499352137560629,0.0440813746651882,-0.4999999999999894,0.7905495437289914,0.12260268720498495,-3.552713678800501e-15,3.5683256557024077,70,255,255,255
694,13.88,22.170754210571243,2.4044160984181753,-16.95000000000001,1.4992924599251751,0.0460664694926467,-0.49999999999998945,0.790389303039597,0.12363150747515882,-3.3861802251067274e-15,3.573561643458391,70,255,255,255
695,13.9,22.200738813943083,2.4053771190388713,-16.960000000000008,1.4992301685920315,0.048051031034809684,-0.49999999999998923,0.7902285157883019,0.12465509550362358,1.099120794378905e-14,3.578797631214374,70,255,255,255
696,13.92,22.23072211931552,2.4063778182659767,-16.970000000000006,1.4991652686219006,0.050034961355273695,-0.4999999999999893,0.7900671973842006,0.12567348016775326,-3.885780586188048e-15,3.5840336189703565,70,255,255,255
697,13.94,22.260704074626048,2.407418181547434,-16.980000000000004,1.4990977655264814,0.05201816407285276,-0.49999999999998934,0.7899053630131565,0.12668669023639986,-3.7192471324942744e-15,3.5892696067263397,70,255,255,255
698,13.96,22.29068462793122,2.408498192434318,-16.990000000000006,1.49902766525856,0.0540005443442095,-0.4999999999999897,0.7897430276404367,0.12769475436883249,-1.7763568394002505e-14,3.5945055944823228,70,255,255,255
699,13.98,22.320663727415265,2.409617832611251,-17.000000000000007,1.4989549742021921,0.05598200884664566,-0.49999999999999,0.7895802060133246,0.12869770111371842,-1.6764367671839864e-14,3.5997415822383054,70,255,255,255
700,14.0,22.350641321398523,2.4107770819264718,-17.01000000000001,1.498879699162978,0.057962465761050214,-0.49999999999999006,0.7894169126637101,0.12969555890814632,-1.5543122344752192e-15,3.6049775699942885,70,255,255,255
701,14.02,22.38061735001171,2.4119761267885793,-17.02000000000001,1.4988014306593895,0.05995224310538282,-0.4999999999999898,0.7891662505514624,0.13121215260236568,1.2823075934420558e-14,3.610213557750271,70,255,255,255
702,14.040000000000001,22.410591752851484,2.413215148337585,-17.030000000000012,1.4987201419887404,0.06195107745027705,-0.49999999999998956,0.7889140202097094,0.13272026490538022,1.199040866595169e-14,3.6154495455062543,70,255,255,255
703,14.06,22.4405644690017,2.4144943225159845,-17.040000000000013,1.498635807510714,0.06395870891997427,-0.49999999999998934,0.788660261204943,0.134219940382013,1.1324274851176597e-14,3.6206855332622374,70,255,255,255
704,14.08,22.47053543705451,2.415813820139068,-17.05000000000001,1.4985484026405993,0.06597488115417877,-0.49999999999998884,0.7884050125337281,0.1357112236025159,2.4868995751603507e-14,3.6259215210182205,70,255,255,255
705,14.1,22.500504595131353,2.4171738069644744,-17.06000000000001,1.4984579038420816,0.06799934127030559,-0.4999999999999887,0.7881483126284815,0.13719415913542907,9.159339953157541e-15,3.631157508774203,70,255,255,255
706,14.120000000000001,22.530471880903747,2.418574443760997,-17.070000000000007,1.4983642886196165,0.07003183982611635,-0.4999999999999888,0.7878901993632504,0.13866879154062633,-5.551115123125783e-15,3.6363934965301863,70,255,255,255
707,14.14,22.560437231613953,2.4200158863766514,-17.080000000000005,1.4982675355104091,0.07207213078273887,-0.4999999999999889,0.7876307100594879,0.14013516536254172,-5.218048215738236e-15,3.6416294842861694,70,255,255,255
708,14.16,22.590400584095473,2.421498285806013,-17.090000000000003,1.4981676240760156,0.07411997146806543,-0.499999999999989,0.7873698814918241,0.14159332512357709,-4.884981308350689e-15,3.6468654720421525,70,255,255,255
709,14.18,22.620361874793346,2.4230217882568232,-17.100000000000005,1.498064534893586,0.07617512254052557,-0.4999999999999894,0.7871077498938286,0.14304331531768322,-1.8762769116165146e-14,3.6521014597981356,70,255,255,255
710,14.200000000000001,22.65032103978428,2.4245865352158877,-17.110000000000007,1.4979582495467776,0.07823734795322873,-0.49999999999998973,0.7868443509637659,0.14448518040411573,-1.759703494030873e-14,3.6573374475541187,70,255,255,255
711,14.22,22.680278014796606,2.426192663514257,-17.120000000000008,1.4978487506163438,0.08030641491847196,-0.4999999999999898,0.7865797198703384,0.14591896480135835,-2.3869795029440866e-15,3.662573435310102,70,255,255,255
712,14.24,22.710232735230015,2.4278403053917095,-17.13000000000001,1.4977360216704294,0.08238209387260846,-0.49999999999998984,0.7863138912584161,0.1473447128812152,-2.220446049250313e-15,3.6678094230660845,70,255,255,255
713,14.26,22.740185136175107,2.429529588560535,-17.14000000000001,1.497620047254579,0.08446415844127232,-0.4999999999999896,0.786046899254754,0.14876246896306455,1.2156942119645464e-14,3.673045410822067,70,255,255,255
714,14.280000000000001,22.770135152432736,2.431260636268634,-17.150000000000013,1.4975008128814864,0.08655238540495504,-0.4999999999999894,0.7857787774736902,0.15017227730827412,1.149080830487037e-14,3.6782813985780503,70,255,255,255
715,14.3,22.800082718533147,2.433033567361933,-17.16000000000001,1.4973783050204905,0.08864655466492927,-0.4999999999999889,0.7855095590228282,0.15157418211477244,2.503552920529728e-14,3.6835173863340334,70,255,255,255
716,14.32,22.830027768754885,2.4348484963461234,-17.17000000000001,1.4972525110868455,0.0907464492095157,-0.49999999999998873,0.7852392765086992,0.15296822751177708,9.325873406851315e-15,3.6887533740900165,70,255,255,255
717,14.34,22.8599702371435,2.436705533447737,-17.180000000000007,1.4971234194307679,0.09285185508068827,-0.49999999999998884,0.7849679620424028,0.15435445755467178,-5.384581669432009e-15,3.6939893618459996,70,255,255,255
718,14.36,22.889910057530027,2.438604784674557,-17.190000000000005,1.4969910193262865,0.09496256134101394,-0.49999999999998895,0.7846956472452259,0.15573291622003402,-5.051514762044462e-15,3.6992253496019822,70,255,255,255
719,14.38,22.919847163549225,2.4405463518753754,-17.200000000000003,1.4968553009599042,0.09707836004092231,-0.49999999999998934,0.7844223632542374,0.15710364740080765,-1.892930256985892e-14,3.7044613373579653,70,255,255,255
720,14.4,22.949781488657607,2.4425303327991013,-17.210000000000004,1.4967162554190852,0.09919904618630129,-0.4999999999999897,0.7841481407278585,0.1584666949016184,-1.7763568394002505e-14,3.7096973251139485,70,255,255,255
721,14.42,22.97971296615122,2.4445568211532294,-17.220000000000006,1.496573874680584,0.10132441770641426,-0.49999999999999,0.783873009851406,0.15982210243423042,-1.6764367671839864e-14,3.714933312869931,70,255,255,255
722,14.44,23.00964152918319,2.446625906661672,-17.230000000000008,1.4964281515986262,0.10345427542213505,-0.49999999999999006,0.783597000342608,0.1611699136131392,-1.5543122344752192e-15,3.720169300625914,70,255,255,255
723,14.46,23.03956711078105,2.448737675121962,-17.24000000000001,1.4962790798929564,0.10558842301449631,-0.4999999999999901,0.7833201414570923,0.16251017195129996,-1.3877787807814457e-15,3.7254052883818973,70,255,255,255
724,14.48,23.069489643863786,2.4508922084618328,-17.25000000000001,1.4961266541367617,0.10772666699354759,-0.4999999999999901,0.7830424619938429,0.16384292085598728,-1.2212453270876722e-15,3.7306412761378804,70,255,255,255
725,14.5,23.099409061258676,2.4530895847951832,-17.260000000000012,1.4959708697444876,0.10986881666751919,-0.49999999999998984,0.7827639903006279,0.1651682036247854,1.2989609388114332e-14,3.7358772638938635,70,255,255,255
726,14.52,23.129325295717866,2.455329878477429,-17.27000000000001,1.4958117229595522,0.1120146841122877,-0.49999999999998934,0.7824847542793948,0.16648606344170416,2.6367796834847468e-14,3.741113251649846,70,255,255,255
727,14.540000000000001,23.159238279934705,2.4576131601602516,-17.28000000000001,1.4956492108419723,0.11416408414113959,-0.4999999999999891,0.7822047813916329,0.16779654337341962,1.0658141036401503e-14,3.7463492394058293,70,255,255,255
728,14.56,23.189147946559824,2.459939496845748,-17.290000000000006,1.4954833312559126,0.11631683427482918,-0.49999999999998923,0.7819240986637026,0.16909968636563602,-4.218847493575595e-15,3.7515852271618124,70,255,255,255
729,14.58,23.21905422821697,2.4623089519399866,-17.300000000000004,1.495314082857166,0.11847275471192717,-0.4999999999999893,0.7816427326921306,0.17039553523956744,-3.885780586188048e-15,3.756821214917795,70,255,255,255
730,14.6,23.24895705751858,2.4647215853059756,-17.310000000000006,1.4951414650805757,0.12063166829945618,-0.4999999999999896,0.7813607096488696,0.17168413268853602,-1.7930101847696278e-14,3.762057202673778,70,255,255,255
731,14.620000000000001,23.27885636708113,2.4671774533160518,-17.320000000000007,1.4949654781274084,0.12279340050380977,-0.49999999999998995,0.7810780552865232,0.17296552127468406,-1.6930901125533637e-14,3.7672931904297613,70,255,255,255
732,14.64,23.30875208954018,2.469676608903691,-17.33000000000001,1.4947861229526889,0.12495777938195153,-0.49999999999999,0.780794794943532,0.174239743425798,-1.7208456881689926e-15,3.7725291781857444,70,255,255,255
733,14.66,23.33864415756523,2.4722191016147486,-17.34000000000001,1.4946034012525011,0.1271246355528905,-0.49999999999998973,0.7805109535493258,0.1755068414322426,1.2656542480726785e-14,3.7777651659417275,70,255,255,255
734,14.68,23.368532503874256,2.4748049776581373,-17.350000000000012,1.4944173154512672,0.12929380216942996,-0.4999999999999895,0.7802265556294352,0.17676685744400172,1.1823875212257917e-14,3.78300115369771,70,255,255,255
735,14.700000000000001,23.398417061248036,2.4774342799559412,-17.36000000000001,1.4942278686890131,0.1314651148901861,-0.4999999999999893,0.7799416253105667,0.1780198334678239,1.1157741397482823e-14,3.7882371414536933,70,255,255,255
736,14.72,23.428297762544208,2.480107048192979,-17.370000000000008,1.494035064808624,0.13363841185187333,-0.49999999999998906,0.779656186325638,0.179265811364471,1.049160758270773e-14,3.7934731292096764,70,255,255,255
737,14.74,23.45817454071107,2.4828233188658158,-17.380000000000006,1.493838908343103,0.13581353364185292,-0.4999999999999892,0.7793702620187747,0.18050483284606683,-4.385380947269368e-15,3.798709116965659,70,255,255,255
738,14.76,23.488047328801127,2.4855831253312344,-17.390000000000004,1.4936394045028338,0.1379903232709422,-0.49999999999998923,0.7790838753502664,0.1817369394735445,-4.052314039881821e-15,3.803945104721642,70,255,255,255
739,14.780000000000001,23.517916059984383,2.488386497854164,-17.400000000000006,1.4934365591628618,0.1401686261464812,-0.4999999999999896,0.7787970489014828,0.18296217265418938,-1.8096635301390052e-14,3.8091810924776253,70,255,255,255
740,14.8,23.547780667561387,2.491233463655077,-17.410000000000007,1.493230378850189,0.14234829004565291,-0.4999999999999897,0.7785098048797504,0.18418057363927612,-2.7200464103316335e-15,3.8144170802336084,70,255,255,255
741,14.82,23.57764108497601,2.4941240469568577,-17.42000000000001,1.4930208707311028,0.1445291650890558,-0.49999999999998973,0.7782221651231865,0.18539218352179784,-2.55351295663786e-15,3.8196530679895915,70,255,255,255
742,14.84,23.60749724582798,2.497058269031148,-17.43000000000001,1.4928080425985337,0.1467111037145245,-0.4999999999999898,0.7779341511054921,0.1865970432342847,-2.3869795029440866e-15,3.824889055745574,70,255,255,255
743,14.86,23.63734908388517,2.5000361482441718,-17.440000000000012,1.492591902859452,0.1488939606511958,-0.49999999999998956,0.7776457839407049,0.1877951935467108,1.199040866595169e-14,3.830125043501557,70,255,255,255
744,14.88,23.667196533095616,2.503057700102048,-17.45000000000001,1.4923724605223085,0.1510775928938181,-0.49999999999998934,0.7773570843879087,0.18898667506448677,1.1324274851176597e-14,3.83536103125754,70,255,255,255
745,14.9,23.69703952759931,2.506122937295594,-17.460000000000008,1.4921497251845257,0.15326185967730083,-0.4999999999999891,0.7770680728559012,0.1901715282265352,1.0658141036401503e-14,3.840597019013523,70,255,255,255
746,14.92,23.72687800173971,2.509231869744624,-17.470000000000006,1.4919237070200408,0.15544662245150132,-0.49999999999998923,0.7767787694078199,0.19134979330345028,-4.218847493575595e-15,3.845833006769506,70,255,255,255
747,14.94,23.75671189007505,2.5123845046417492,-17.480000000000004,1.491694416766911,0.15763174485624698,-0.4999999999999893,0.7764891937657246,0.1925215103957352,-3.885780586188048e-15,3.8510689945254892,70,255,255,255
748,14.96,23.78654112738935,2.515580846495681,-17.490000000000006,1.4914618657149803,0.15981709269658967,-0.4999999999999896,0.7761993653151383,0.19368671943211938,-1.7930101847696278e-14,3.8563049822814723,70,255,255,255
749,14.98,23.816365648703222,2.518820897174047,-17.500000000000007,1.4912260656936136,0.16200253391828978,-0.49999999999998995,0.7759093031095449,0.19484546016795098,-1.6930901125533637e-14,3.8615409700374554,70,255,255,255
750,15.0,23.84618538928441,2.5221046559457174,-17.51000000000001,1.4909870290595058,0.16418793858352837,-0.49999999999999,0.7756190258748428,0.19599777218366526,-1.7208456881689926e-15,3.866776957793438,70,255,255,255
751,15.02,23.876000293240903,2.5254320426177346,-17.52000000000001,1.4907451978246327,0.1663693336008667,-0.49999999999998973,0.7753771659114026,0.19695240689872578,1.2656542480726785e-14,3.872012945549421,70,255,255,255
752,15.040000000000001,23.905810305166426,2.528802975574661,-17.530000000000012,1.4905005962762221,0.1685466478463052,-0.4999999999999895,0.7751354814814904,0.19790145362896672,1.1823875212257917e-14,3.8772489333054043,70,255,255,255
753,15.06,23.93561537014464,2.532217371808932,-17.54000000000001,1.490253248910565,0.17071981171353795,-0.4999999999999893,0.774893983177834,0.19884495174580324,1.1157741397482823e-14,3.8824849210613874,70,255,255,255
754,15.08,23.965415433753098,2.53567514695081,-17.550000000000008,1.4900031804229557,0.1728887570939083,-0.49999999999998906,0.7746526813659232,0.19978294034422833,1.049160758270773e-14,3.88772090881737,70,255,255,255
755,15.1,23.995210442067055,2.5391762152979416,-17.560000000000006,1.4897504156978065,0.1750534173565664,-0.4999999999999892,0.7744115861878119,0.20071545824394574,-4.385380947269368e-15,3.892956896573353,70,255,255,255
756,15.120000000000001,24.025000341663034,2.542720489844518,-17.570000000000007,1.4894949797989332,0.17721372732882698,-0.49999999999998956,0.774170707565863,0.2016425439905257,-1.8263168755083825e-14,3.8981928843293363,70,255,255,255
757,15.14,24.054785079622235,2.5463078823100527,-17.58000000000001,1.4892368979600141,0.1793696232767263,-0.4999999999999896,0.7739300552064377,0.20256423585658082,-2.886579864025407e-15,3.9034288720853194,70,255,255,255
758,15.16,24.08456460353374,2.5499383031677683,-17.59000000000001,1.4889761955752214,0.18152104288577625,-0.4999999999999894,0.7736896386035296,0.20348057184296447,1.149080830487037e-14,3.908664859841302,70,255,255,255
759,15.18,24.11433886149754,2.5536116616726066,-17.60000000000001,1.4887128981900206,0.1836679252419142,-0.4999999999999892,0.7734494670423452,0.20439158967998736,1.0824674490095276e-14,3.913900847597285,70,255,255,255
760,15.200000000000001,24.144107802127383,2.5573278658888596,-17.610000000000007,1.4884470314921388,0.18581021081264656,-0.49999999999998923,0.7732095496028288,0.20529732682865273,-4.052314039881821e-15,3.9191368353532683,70,255,255,255
761,15.22,24.173871374553435,2.5610868227174275,-17.620000000000005,1.4881786213027017,0.18794784142838564,-0.4999999999999893,0.7729698951631365,0.2061978204819093,-3.885780586188048e-15,3.9243728231092514,70,255,255,255
762,15.24,24.203629528424788,2.564888437922707,-17.630000000000006,1.487907693567537,0.19008076026397688,-0.4999999999999896,0.772730512403056,0.20709310756592222,-1.7930101847696278e-14,3.929608810865234,70,255,255,255
763,15.26,24.23338221391176,2.568732616159115,-17.640000000000008,1.4876342743486424,0.19220891182041622,-0.4999999999999897,0.772491409807375,0.20798322474135822,-2.7200464103316335e-15,3.934844798621217,70,255,255,255
764,15.280000000000001,24.263129381708076,2.57261926099725,-17.65000000000001,1.487358389815815,0.19433224190675502,-0.49999999999998973,0.7722525956691996,0.20886820840468717,-2.55351295663786e-15,3.9400807863772003,70,255,255,255
765,15.3,24.292870983032845,2.576548274949694,-17.66000000000001,1.4870800662384505,0.19645069762219228,-0.4999999999999895,0.7720140780932208,0.20974809468949746,1.1823875212257917e-14,3.9453167741331834,70,255,255,255
766,15.32,24.322606969632396,2.580519559496461,-17.67000000000001,1.4867993299774935,0.19856422733835116,-0.4999999999999893,0.7717758649989321,0.2106229194678257,1.1157741397482823e-14,3.950552761889166,70,255,255,255
767,15.34,24.352337293781947,2.584533015110096,-17.680000000000007,1.4865162074775566,0.20067278068174024,-0.49999999999998934,0.7715379641237972,0.21149271835149866,-3.7192471324942744e-15,3.9557887496451487,70,255,255,255
768,15.36,24.38206190828713,2.5885885412804237,-17.69000000000001,1.4862307252591918,0.20277630851639625,-0.4999999999999894,0.7713003830263698,0.21235752669348743,-3.552713678800501e-15,3.961024737401132,70,255,255,255
769,15.38,24.411780766485357,2.5926860365389577,-17.70000000000001,1.4859429099113215,0.20487476292670823,-0.49999999999998945,0.7710631290893657,0.2132173795892734,-3.3861802251067274e-15,3.966260725157115,70,255,255,255
770,15.4,24.441493822247033,2.596825398482966,-17.710000000000008,1.4856527880838233,0.20696809720042084,-0.49999999999998923,0.7708262095226863,0.21407231187822445,1.099120794378905e-14,3.971496712913098,70,255,255,255
771,15.42,24.471201029976637,2.6010065237992026,-17.720000000000006,1.4853603864802707,0.20905626581181627,-0.4999999999999893,0.7705896313663972,0.21492235814498215,-3.885780586188048e-15,3.976732700669081,70,255,255,255
772,15.44,24.500902344613653,2.605229308287304,-17.730000000000004,1.4850657318508245,0.21113922440507243,-0.49999999999998934,0.7703534014936598,0.21576755272085724,-3.7192471324942744e-15,3.981968688425064,70,255,255,255
773,15.46,24.53059772163336,2.6094936468828602,-17.740000000000006,1.4847688509852737,0.21321692977779677,-0.4999999999999897,0.7701175266136178,0.21660792968523507,-1.7763568394002505e-14,3.987204676181047,70,255,255,255
774,15.48,24.560287117047483,2.613799433680155,-17.750000000000007,1.48446977070623,0.21528933986473436,-0.49999999999999,0.769882013274238,0.21744352286698793,-1.6764367671839864e-14,3.99244066393703,70,255,255,255
775,15.5,24.589970487404734,2.618146561954588,-17.76000000000001,1.4841685178624642,0.21735641372164813,-0.49999999999999006,0.7696468678651085,0.21827436584589646,-1.5543122344752192e-15,3.9976766516930127,70,255,255,255
776,15.52,24.619647789791184,2.6225349241847753,-17.77000000000001,1.4838651193223935,0.2194181115093711,-0.4999999999999898,0.769412096620193,0.2191004919540777,1.2823075934420558e-14,4.002912639448995,70,255,255,255
777,15.540000000000001,24.64931898183054,2.626964412074336,-17.780000000000012,1.4835596019677102,0.22147439447802847,-0.49999999999998956,0.7691777056205407,0.21992193427741824,1.199040866595169e-14,4.008148627204978,70,255,255,255
778,15.56,24.678984021684283,2.631434916573365,-17.790000000000013,1.4832519926871541,0.22352522495142838,-0.49999999999998934,0.768943700796955,0.22073872565701533,1.1324274851176597e-14,4.013384614960961,70,255,255,255
779,15.58,24.70864286805169,2.6359463278995974,-17.80000000000001,1.4829423183704264,0.22557056631162015,-0.49999999999998884,0.7687100879326207,0.22155089869062247,2.4868995751603507e-14,4.018620602716943,70,255,255,255
780,15.6,24.738295480169736,2.64049853555927,-17.81000000000001,1.4826306059022423,0.22761038298361894,-0.4999999999999887,0.7684768726656895,0.22235848573409986,9.159339953157541e-15,4.023856590472926,70,255,255,255
781,15.620000000000001,24.767941817812865,2.645091428367676,-17.820000000000007,1.4823168821565225,0.22964464042029523,-0.4999999999999888,0.7682440604918235,0.22316151890286914,-5.551115123125783e-15,4.029092578228909,70,255,255,255
782,15.64,24.79758184129268,2.6497248944694243,-17.830000000000005,1.4820011739907186,0.23167330508742753,-0.4999999999999889,0.7680116567667017,0.22396003007337253,-5.218048215738236e-15,4.034328565984891,70,255,255,255
783,15.66,24.827215511457485,2.6543988213584027,-17.840000000000003,1.481683508240276,0.23369634444891815,-0.499999999999989,0.7677796667084844,0.22475405088453576,-4.884981308350689e-15,4.039564553740875,70,255,255,255
784,15.68,24.85684278969175,2.659113095897446,-17.850000000000005,1.4813639117132287,0.23571372695216974,-0.4999999999999894,0.7675480954002395,0.22554361273923285,-1.8762769116165146e-14,4.0448005414968575,70,255,255,255
785,15.700000000000001,24.886463637915448,2.6638676043377183,-17.860000000000007,1.4810424111849212,0.23772542201362123,-0.49999999999998973,0.7673169477923296,0.2263287468057544,-1.759703494030873e-14,4.050036529252841,70,255,255,255
786,15.72,24.916078018583306,2.668662232337807,-17.870000000000008,1.4807190333928681,0.23973140000444362,-0.4999999999999898,0.767086228704764,0.22710948401927814,-2.3869795029440866e-15,4.055272517008824,70,255,255,255
787,15.74,24.94568589468394,2.673496864982535,-17.88000000000001,1.480393805031732,0.24173163223639163,-0.49999999999998984,0.7668559428295086,0.22788585508334078,-2.220446049250313e-15,4.060508504764806,70,255,255,255
788,15.76,24.97528722973891,2.678371386801491,-17.89000000000001,1.4800667527484352,0.24372609094781286,-0.4999999999999896,0.7666260947327646,0.22865789047131144,1.2156942119645464e-14,4.065744492520789,70,255,255,255
789,15.780000000000001,25.004881987801657,2.683285681787287,-17.900000000000013,1.4797379031373918,0.24571474928981107,-0.4999999999999894,0.7663966888572058,0.2294256204278663,1.149080830487037e-14,4.070980480276773,70,255,255,255
790,15.8,25.034470133456374,2.6882396334135383,-17.91000000000001,1.4794072827358618,0.24769758131256334,-0.4999999999999889,0.7661677295241835,0.23018907497046337,2.503552920529728e-14,4.076216468032755,70,255,255,255
791,15.82,25.064051631816763,2.6932331246525743,-17.92000000000001,1.4790749180194294,0.2496745619517899,-0.49999999999998873,0.7659392209358952,0.23094828389081834,9.325873406851315e-15,4.081452455788739,70,255,255,255
792,15.84,25.093626448524716,2.6982660379928816,-17.930000000000007,1.4787408353975982,0.2516456670153753,-0.49999999999998884,0.7657111671775179,0.23170327675637944,-5.384581669432009e-15,4.0866884435447215,70,255,255,255
793,15.860000000000001,25.123194549748906,2.703338255456284,-17.940000000000005,1.4784050612095048,0.2536108731701395,-0.49999999999998895,0.7654835722193082,0.23245408291180258,-5.051514762044462e-15,4.091924431300705,70,255,255,255
794,15.88,25.1527559021833,2.7084496586148594,-17.950000000000003,1.478067621719747,0.25557015792875765,-0.49999999999998934,0.7652564399186684,0.23320073148042555,-1.892930256985892e-14,4.097160419056688,70,255,255,255
795,15.9,25.18231047304559,2.713600128607596,-17.960000000000004,1.4777285431143299,0.25752349963682875,-0.4999999999999897,0.7650297740221786,0.23394325136574118,-1.7763568394002505e-14,4.10239640681267,70,255,255,255
796,15.92,25.211858230075524,2.718789546156798,-17.970000000000006,1.4773878514967191,0.25947087746008896,-0.49999999999999,0.7648035781675975,0.23468167125286907,-1.6764367671839864e-14,4.107632394568653,70,255,255,255
797,15.94,25.241399141533204,2.7240177915842336,-17.980000000000008,1.4770455728840093,0.261412271371772,-0.49999999999999006,0.7645778558858295,0.235416019610026,-1.5543122344752192e-15,4.112868382324637,70,255,255,255
798,15.96,25.270933176197268,2.729284744827036,-17.99000000000001,1.4767017332032006,0.26334766214011296,-0.4999999999999901,0.7643526106028604,0.236146324689994,-1.3877787807814457e-15,4.11810437008062,70,255,255,255
799,15.98,25.30046030336302,2.734590285453356,-18.00000000000001,1.4763563582875823,0.26527703131599517,-0.4999999999999901,0.7641278456416637,0.2368726145315869,-1.2212453270876722e-15,4.123340357836603,70,255,255,255
800,16.0,25.329980492840484,2.7399342926777708,-18.010000000000012,1.4760094738732221,0.26720036122073926,-0.49999999999998984,0.7639035642240725,0.23759491696111343,1.2989609388114332e-14,4.1285763455925855,70,255,255,255
801,16.02,25.359493713496512,2.745316653359531,-18.02000000000001,1.4756610328014377,0.26911803408800794,-0.49999999999998934,0.7636736161379959,0.23833297718678592,2.6367796834847468e-14,4.133812333348568,70,255,255,255
802,16.04,25.388999934717823,2.750737253809574,-18.03000000000001,1.4753110610655926,0.2710300225021495,-0.4999999999999891,0.7634442256830394,0.2390667569345945,1.0658141036401503e-14,4.139048321104551,70,255,255,255
803,16.06,25.418499126409465,2.7561959798092754,-18.040000000000006,1.4749595845820507,0.272936299985078,-0.49999999999998923,0.7632153957928536,0.23979628776267126,-4.218847493575595e-15,4.144284308860534,70,255,255,255
804,16.080000000000002,25.447991258993184,2.7616927166289074,-18.050000000000004,1.474606629185987,0.27483684098159206,-0.4999999999999893,0.7629871292930828,0.24052160096985192,-3.885780586188048e-15,4.149520296616518,70,255,255,255
805,16.1,25.47747630340573,2.767227349045805,-18.060000000000006,1.4742522206273154,0.27673162084486963,-0.4999999999999896,0.7627594289035098,0.24124272759772783,-1.7930101847696278e-14,4.1547562843725006,70,255,255,255
806,16.12,25.506954231097065,2.7727997613622475,-18.070000000000007,1.4738963845667352,0.2786206158221369,-0.49999999999998995,0.7625322972401642,0.24195969843268877,-1.6930901125533637e-14,4.159992272128483,70,255,255,255
807,16.14,25.536425014028502,2.7784098374230575,-18.08000000000001,1.4735391465718888,0.28050380304050937,-0.49999999999999,0.762305736817392,0.24267254400795554,-1.7208456881689926e-15,4.165228259884467,70,255,255,255
808,16.16,25.565888624670777,2.7840574606329174,-18.09000000000001,1.4731805321136389,0.2823811604930053,-0.49999999999998973,0.7620797500498886,0.24338129460560334,1.2656542480726785e-14,4.170464247640449,70,255,255,255
809,16.18,25.595345036002026,2.7897425139734118,-18.100000000000012,1.4728205665624479,0.2842526670247262,-0.4999999999999895,0.761854339254697,0.24408598025857456,1.1823875212257917e-14,4.175700235396432,70,255,255,255
810,16.2,25.624794221505724,2.795464880019796,-18.11000000000001,1.4724592751848773,0.2861183023192076,-0.4999999999999893,0.7616295066531693,0.24478663075268223,1.1157741397482823e-14,4.180936223152415,70,255,255,255
811,16.22,25.654236155168526,2.801224440957495,-18.120000000000008,1.4720966831401867,0.2879780468849344,-0.49999999999998906,0.7614052543728941,0.24548327562860264,1.049160758270773e-14,4.186172210908398,70,255,255,255
812,16.240000000000002,25.683670811478066,2.807021078598335,-18.130000000000006,1.4717328154770417,0.28983188204202137,-0.4999999999999892,0.7611815844495885,0.24617594418385788,-4.385380947269368e-15,4.191408198664382,70,255,255,255
813,16.26,25.71309816542067,2.812854674396516,-18.140000000000008,1.471367697130329,0.2916797899090574,-0.49999999999998956,0.7609584988289582,0.2468646654747871,-1.8263168755083825e-14,4.1966441864203645,70,255,255,255
814,16.28,25.742518192479032,2.818725109464318,-18.15000000000001,1.471001352918071,0.29352175339011044,-0.4999999999999896,0.760735999368522,0.24754946831850824,-2.886579864025407e-15,4.201880174176347,70,255,255,255
815,16.3,25.771930868629802,2.824632264587556,-18.16000000000001,1.4706338075384409,0.2953577561618928,-0.4999999999999894,0.7605140878394067,0.24823038129486785,1.149080830487037e-14,4.207116161932331,70,255,255,255
816,16.32,25.80133617034114,2.8305760202407777,-18.17000000000001,1.4702650855668808,0.2971877826610857,-0.4999999999999892,0.7602927659281065,0.2489074327483801,1.0824674490095276e-14,4.212352149688313,70,255,255,255
817,16.34,25.83073407457021,2.836556256602214,-18.180000000000007,1.4698952114533146,0.2990118180718198,-0.49999999999998923,0.7600720352382152,0.24958065079015548,-4.052314039881821e-15,4.217588137444296,70,255,255,255
818,16.36,25.8601245587606,2.8425728535684804,-18.190000000000005,1.4695242095194585,0.3008298483133124,-0.4999999999999893,0.7598518972921221,0.25025006329981697,-3.885780586188048e-15,4.222824125200279,70,255,255,255
819,16.38,25.889507600839725,2.8486256907690337,-18.200000000000003,1.469152103956224,0.3026418600276576,-0.49999999999998934,0.7596323535326829,0.25091569792740614,-3.7192471324942744e-15,4.228060112956262,70,255,255,255
820,16.4,25.91888317921615,2.8547146475803893,-18.210000000000004,1.4687789188212166,0.30444784056777013,-0.4999999999999897,0.759413405324856,0.25157758209527725,-1.7763568394002505e-14,4.233296100712245,70,255,255,255
821,16.42,25.948251272776876,2.8608396031400987,-18.220000000000006,1.468404678036323,0.30624777798547986,-0.49999999999999,0.7591950539573135,0.25223574299998003,-1.6764367671839864e-14,4.2385320884682285,70,255,255,255
822,16.44,25.977611860884583,2.8670004363604944,-18.230000000000008,1.4680294053853884,0.3080416610197757,-0.49999999999999006,0.7589773006440195,0.25289020761413017,-1.5543122344752192e-15,4.243768076224211,70,255,255,255
823,16.46,26.006964923374824,2.8731970259421984,-18.24000000000001,1.4676531245119857,0.30982947908519864,-0.4999999999999901,0.7587601465257824,0.25354100268826985,-1.3877787807814457e-15,4.249004063980195,70,255,255,255
824,16.48,26.03631044055317,2.879429250387406,-18.25000000000001,1.467275858917263,0.31161122226038035,-0.4999999999999901,0.7585435926717793,0.2541881547527146,-1.2212453270876722e-15,4.254240051736177,70,255,255,255
825,16.5,26.065648393192326,2.8856969880129406,-18.260000000000012,1.4668976319578835,0.31338688127672837,-0.49999999999998984,0.7583276400810505,0.25483169011938983,1.2989609388114332e-14,4.25947603949216,70,255,255,255
826,16.52,26.094978762529205,2.892000116963086,-18.27000000000001,1.4665184668440445,0.3151564475072547,-0.49999999999998934,0.7581122896839706,0.2554716348836545,2.6367796834847468e-14,4.264712027248143,70,255,255,255
827,16.54,26.124301530261956,2.8983385152221968,-18.28000000000001,1.4661383866375808,0.31691991295554683,-0.4999999999999891,0.7578975423436902,0.2561080149261138,1.0658141036401503e-14,4.269948015004125,70,255,255,255
828,16.56,26.15361667854696,2.9047120606270944,-18.290000000000006,1.465757414250145,0.31867727024488046,-0.49999999999998923,0.7576833988575515,0.2567408559144191,-4.218847493575595e-15,4.275184002760109,70,255,255,255
829,16.580000000000002,26.18292418999579,2.911120630879244,-18.300000000000004,1.4653755724414692,0.32042851260747124,-0.4999999999999893,0.7574698599584817,0.2573701833050566,-3.885780586188048e-15,4.2804199905160925,70,255,255,255
830,16.6,26.212224047672144,2.917564103556721,-18.310000000000006,1.4649928838177027,0.32217363387386555,-0.4999999999999896,0.7572569263163559,0.25799602234512314,-1.7930101847696278e-14,4.285655978272075,70,255,255,255
831,16.62,26.241516235088742,2.9240423561259705,-18.320000000000007,1.464609370829825,0.32391262846246793,-0.49999999999998995,0.7570445985393404,0.2586183980740909,-1.6930901125533637e-14,4.290891966028058,70,255,255,255
832,16.64,26.270800736204183,2.9305552659533545,-18.33000000000001,1.4642250557721341,0.3256454913692044,-0.49999999999999,0.7568328771752082,0.2592373353255594,-1.7208456881689926e-15,4.296127953784041,70,255,255,255
833,16.66,26.3000775354198,2.937102710316501,-18.34000000000001,1.4638399607808075,0.3273722181573198,-0.49999999999998973,0.756621762712631,0.2598528587289954,1.2656542480726785e-14,4.301363941540024,70,255,255,255
834,16.68,26.32934661757645,2.943684566415447,-18.350000000000012,1.4634541078325323,0.3290928049473084,-0.4999999999999895,0.7564112555824501,0.2604649927114608,1.1823875212257917e-14,4.306599929296007,70,255,255,255
835,16.7,26.358607967951315,2.9503007113835866,-18.36000000000001,1.4630675187432074,0.3308072484069755,-0.4999999999999893,0.7562013561589213,0.26107376149932904,1.1157741397482823e-14,4.311835917051989,70,255,255,255
836,16.72,26.38786157225465,2.956951022298419,-18.370000000000008,1.4626802151667144,0.3325155457416304,-0.49999999999998906,0.7559920647609378,0.26167918911998733,1.049160758270773e-14,4.317071904807973,70,255,255,255
837,16.740000000000002,26.417107416626525,2.9636353761921073,-18.380000000000006,1.462292218593753,0.3342176946844069,-0.4999999999999892,0.7557833816532328,0.26228129940353,-4.385380947269368e-15,4.322307892563956,70,255,255,255
838,16.76,26.44634548763354,2.9703536500618415,-18.390000000000008,1.4619035503507456,0.33591369348671274,-0.49999999999998956,0.7555753070475568,0.2628801159844356,-1.8263168755083825e-14,4.327543880319939,70,255,255,255
839,16.78,26.475575772265515,2.977105720880018,-18.40000000000001,1.4615142315988021,0.33760354090880457,-0.4999999999999896,0.7553678411038367,0.26347566230323616,-2.886579864025407e-15,4.332779868075922,70,255,255,255
840,16.8,26.50479825793217,2.9838914656042275,-18.41000000000001,1.4611242833327522,0.33928723621048834,-0.4999999999999894,0.7551609839313109,0.2640679616081705,1.149080830487037e-14,4.338015855831905,70,255,255,255
841,16.82,26.534012932459774,2.9907107611870662,-18.42000000000001,1.4607337263802345,0.34096477914194306,-0.4999999999999892,0.754954735589646,0.2646570369568281,1.0824674490095276e-14,4.343251843587888,70,255,255,255
842,16.84,26.563219784087792,2.9975634845857595,-18.430000000000007,1.4603425814008513,0.34263616993466767,-0.49999999999998923,0.7547490960900302,0.2652429112177786,-4.052314039881821e-15,4.348487831343871,70,255,255,255
843,16.86,26.5924188014655,3.0044495127716107,-18.440000000000005,1.4599508688853764,0.3443014092925483,-0.4999999999999893,0.7545440653962502,0.26582560707219194,-3.885780586188048e-15,4.353723819099853,70,255,255,255
844,16.88,26.6216099736486,3.0113687227392716,-18.450000000000003,1.459558609155026,0.34596049838304604,-0.49999999999998934,0.7543396434257451,0.26640514701544277,-3.7192471324942744e-15,4.358959806855837,70,255,255,255
845,16.9,26.650793290095816,3.0183209915158415,-18.460000000000004,1.459165822360784,0.34761343882850365,-0.4999999999999897,0.7541358300506431,0.2669815533587063,-1.7763568394002505e-14,4.3641957946118195,70,255,255,255
846,16.92,26.679968740665473,3.025306196169793,-18.470000000000006,1.458772528482779,0.3492602326975684,-0.49999999999999,0.7539326250987769,0.2675548482305398,-1.6764367671839864e-14,4.369431782367803,70,255,255,255
847,16.94,26.709136315612067,3.0323242138197277,-18.480000000000008,1.4583787473297238,0.35090088249673307,-0.49999999999999006,0.7537300283546836,0.26812505357845245,-1.5543122344752192e-15,4.374667770123786,70,255,255,255
848,16.96,26.738296005582836,3.0393749216429677,-18.49000000000001,1.4579844985383978,0.3525353911619901,-0.4999999999999901,0.7535280395605827,0.268692191170464,-1.3877787807814457e-15,4.379903757879769,70,255,255,255
849,16.98,26.7674478016143,3.0464581968839797,-18.50000000000001,1.4575898015731878,0.35416376205060046,-0.4999999999999901,0.753326658417338,0.2692562825966503,-1.2212453270876722e-15,4.385139745635752,70,255,255,255
850,17.0,26.796591695128814,3.0535739168626392,-18.510000000000012,1.4571946757256784,0.3557859989329754,-0.49999999999998984,0.7531258845854025,0.2698173492706782,1.2989609388114332e-14,4.390375733391735,70,255,255,255
851,17.02,26.825727673740026,3.060721976065455,-18.52000000000001,1.4567989305606317,0.35740296014079076,-0.49999999999998934,0.7529106149775536,0.2704174658821467,2.6367796834847468e-14,4.395611721147717,70,255,255,255
852,17.04,26.8548557254633,3.0679022687340294,-18.53000000000001,1.456402586163608,0.3590146334287143,-0.4999999999999891,0.7526960154612115,0.2710142215988227,1.0658141036401503e-14,4.4008477089037,70,255,255,255
853,17.06,26.883975838712892,3.075114688877845,-18.540000000000006,1.4560056624796152,0.3606210071907855,-0.49999999999998923,0.7524820857342635,0.2716076409989467,-4.218847493575595e-15,4.4060836966596835,70,255,255,255
854,17.080000000000002,26.913088002299126,3.082359130286835,-18.550000000000004,1.4556081793117566,0.36222207044948695,-0.4999999999999893,0.7522688254457889,0.2721977484521377,-3.885780586188048e-15,4.411319684415667,70,255,255,255
855,17.1,26.942192205425524,3.089635486543734,-18.560000000000006,1.4552101563199418,0.3638178128449604,-0.4999999999999896,0.7520562341972141,0.272784568121265,-1.7930101847696278e-14,4.41655567217165,70,255,255,255
856,17.12,26.971288437685917,3.0969436510362214,-18.570000000000007,1.4548116130196616,0.36540822462436545,-0.49999999999998995,0.7518443115434436,0.2733681239643084,-1.6930901125533637e-14,4.421791659927632,70,255,255,255
857,17.14,27.000376689061532,3.104283516968849,-18.58000000000001,1.454412568780823,0.3669932966313799,-0.49999999999999,0.7516330569939711,0.27394843973619937,-1.7208456881689926e-15,4.427027647683616,70,255,255,255
858,17.16,27.029456949918064,3.111654977374766,-18.59000000000001,1.4540130428266462,0.3685730202958399,-0.49999999999998973,0.7514224700139687,0.274525538990649,1.2656542480726785e-14,4.432263635439599,70,255,255,255
859,17.18,27.058529211002718,3.1190579251272363,-18.600000000000012,1.45361305423262,0.3701473876235178,-0.4999999999999895,0.7512125500253556,0.27509944508196094,1.1823875212257917e-14,4.437499623195581,70,255,255,255
860,17.2,27.087593463441227,3.126492252950957,-18.61000000000001,1.4532126219255146,0.37171639118603783,-0.4999999999999893,0.7510032964078444,0.27567018116682745,1.1157741397482823e-14,4.442735610951564,70,255,255,255
861,17.22,27.116649698734875,3.1339578534331753,-18.620000000000008,1.452811764682454,0.3732800241109262,-0.49999999999998906,0.7507947084999698,0.27623777020611323,1.049160758270773e-14,4.447971598707547,70,255,255,255
862,17.240000000000002,27.145697908757477,3.141454619034611,-18.630000000000006,1.4524105011300414,0.3748382800717953,-0.4999999999999892,0.7505867856000955,0.2768022349666212,-4.385380947269368e-15,4.453207586463531,70,255,255,255
863,17.26,27.17473808575235,3.148982442100184,-18.640000000000008,1.4520088497435406,0.37639115327866024,-0.49999999999998956,0.7503795269674017,0.277363598022845,-1.8263168755083825e-14,4.458443574219514,70,255,255,255
864,17.28,27.203770222329272,3.1565412148695517,-18.65000000000001,1.4516068288461113,0.37793863846838616,-0.4999999999999896,0.7501729318228557,0.27792188175870775,-2.886579864025407e-15,4.463679561975496,70,255,255,255
865,17.3,27.232794311461433,3.164130829487457,-18.66000000000001,1.4512044566080946,0.3794807308952647,-0.4999999999999894,0.74996699935016,0.27847710836928274,1.149080830487037e-14,4.46891554973148,70,255,255,255
866,17.32,27.26181034648236,3.1717511780138916,-18.67000000000001,1.4508017510463562,0.38101742632171937,-0.4999999999999892,0.749761728696685,0.2790292998625026,1.0824674490095276e-14,4.4741515374874625,70,255,255,255
867,17.34,27.290818321082835,3.1794021524340743,-18.680000000000007,1.4503987300236698,0.38254872100913584,-0.49999999999998923,0.7495571189743832,0.27957847806085245,-4.052314039881821e-15,4.479387525243445,70,255,255,255
868,17.36,27.3198182293078,3.1870836446682507,-18.690000000000005,1.4499954112481597,0.3840746117088189,-0.4999999999999893,0.749353169260683,0.2801246646030482,-3.885780586188048e-15,4.484623512999428,70,255,255,255
869,17.38,27.348810065553256,3.1947955465813123,-18.700000000000003,1.4495918122727856,0.38559509565307215,-0.49999999999998934,0.7491498785993695,0.280667880945701,-3.7192471324942744e-15,4.489859500755411,70,255,255,255
870,17.400000000000002,27.377793824563152,3.2025377499922403,-18.710000000000004,1.4491879504948755,0.3871101705464002,-0.49999999999999,0.7489472460014435,0.281208148364967,-3.197442310920451e-14,4.495095488511395,70,255,255,255
871,17.42,27.406769501426268,3.2103101466833768,-18.720000000000006,1.448783843155707,0.3886198345568321,-0.49999999999999034,0.7487452704459678,0.2817454879581827,-1.5765166949677223e-14,4.500331476267378,70,255,255,255
872,17.44,27.43573709157307,3.218112628409524,-18.730000000000008,1.4483795073401322,0.3901240863073645,-0.49999999999999034,0.7485439508808938,0.28227992064548646,-5.551115123125783e-16,4.50556746402336,70,255,255,255
873,17.46,27.464696590772597,3.2259450869068744,-18.74000000000001,1.4479749599762446,0.391622924867522,-0.49999999999999034,0.7483432862238734,0.282811467171425,-5.551115123125783e-16,4.510803451779344,70,255,255,255
874,17.48,27.493647995129297,3.233807413901775,-18.75000000000001,1.447570217835093,0.3931163497450355,-0.49999999999999034,0.7481432753630552,0.28334014810654695,-5.551115123125783e-16,4.5160394395353265,70,255,255,255
875,17.5,27.522591301079906,3.241699501119328,-18.760000000000012,1.447165297530435,0.3946043608776355,-0.49999999999999006,0.7479439171578642,0.28386598384898093,1.3655743202889425e-14,4.521275427291309,70,255,255,255
876,17.52,27.551526505390278,3.249621240291827,-18.770000000000014,1.446760215518532,0.39608695862496,-0.4999999999999895,0.7477452104397675,0.2843889946260016,2.7033930649622562e-14,4.526511415047292,70,255,255,255
877,17.54,27.580453605152236,3.2575725231670387,-18.780000000000012,1.4463549880979845,0.39756414376057486,-0.499999999999989,0.7475471540130226,0.2849092004955795,2.5368596112684827e-14,4.5317474028032745,70,255,255,255
878,17.56,27.60937259778043,3.265553241516321,-18.79000000000001,1.4459496314096072,0.39903591746410605,-0.49999999999998884,0.7473497466554139,0.2854266213479198,9.658940314238862e-15,4.536983390559258,70,255,255,255
879,17.580000000000002,27.638283481009154,3.2735632871425904,-18.800000000000008,1.4455441614363416,0.40050228131348237,-0.4999999999999887,0.7471529871189722,0.28594127690698484,9.159339953157541e-15,4.542219378315242,70,255,255,255
880,17.6,27.667186252889216,3.281602551888136,-18.810000000000006,1.4451385940032062,0.40196323727728717,-0.4999999999999888,0.7469568741306818,0.286453186732005,-5.551115123125783e-15,4.547455366071224,70,255,255,255
881,17.62,27.69608091178476,3.2896709276422804,-18.820000000000004,1.444732944777283,0.4034187877072173,-0.4999999999999892,0.7467614063931718,0.28696237021897486,-1.942890293094024e-14,4.552691353827207,70,255,255,255
882,17.64,27.724967456370116,3.2977683063488934,-18.830000000000005,1.4443272292677398,0.4048689353306498,-0.49999999999998956,0.7465665825853961,0.2874688466021369,-1.8263168755083825e-14,4.5579273415831905,70,255,255,255
883,17.66,27.753845885626635,3.3058945800137596,-18.840000000000007,1.4439214628258883,0.406313683243313,-0.4999999999999896,0.7463724013632971,0.28797263495545117,-2.886579864025407e-15,4.563163329339173,70,255,255,255
884,17.68,27.78271619883954,3.3140496407118007,-18.85000000000001,1.4435156606452726,0.4077530349020615,-0.4999999999999897,0.7461788613604583,0.2884737541940515,-2.7200464103316335e-15,4.568399317095156,70,255,255,255
885,17.7,27.811578395594776,3.322233380594156,-18.86000000000001,1.4431098377617957,0.4091869941177554,-0.49999999999998973,0.7459859611887437,0.28897222307569026,-2.55351295663786e-15,4.5736353048511385,70,255,255,255
886,17.72,27.840432475775852,3.330445691895121,-18.87000000000001,1.442704009053872,0.4106155650482392,-0.4999999999999895,0.7457936994389229,0.28946806020216753,1.1823875212257917e-14,4.578871292607122,70,255,255,255
887,17.740000000000002,27.869278439560706,3.3386864669389493,-18.88000000000001,1.4422981892426179,0.41203875219142333,-0.4999999999999893,0.7456020746812861,0.2899612840207496,1.1157741397482823e-14,4.5841072803631056,70,255,255,255
888,17.76,27.898116287418546,3.3469555981465184,-18.890000000000008,1.4418923928920668,0.41345656037846323,-0.49999999999998934,0.745411085466245,0.2904519128255735,-3.7192471324942744e-15,4.589343268119088,70,255,255,255
889,17.78,27.926946020106733,3.355252978041859,-18.90000000000001,1.441486634409417,0.41486899476703726,-0.4999999999999894,0.7452207303249216,0.29093996475903805,-3.552713678800501e-15,4.594579255875071,70,255,255,255
890,17.8,27.955767638667638,3.3635784992585536,-18.910000000000007,1.4410809280453083,0.4162760608347221,-0.4999999999999892,0.7450310077697274,0.29142545781318496,1.0824674490095276e-14,4.599815243631054,70,255,255,255
891,17.82,27.98458114442552,3.371932054546003,-18.920000000000005,1.4406752878941254,0.4176777643724626,-0.49999999999998923,0.7448419162949276,0.2919084098310636,-4.052314039881821e-15,4.605051231387037,70,255,255,255
892,17.84,28.013386538983404,3.380313536775566,-18.930000000000007,1.4402697278943304,0.4190741114781383,-0.4999999999999896,0.744653454377197,0.2923888385080862,-1.8096635301390052e-14,4.61028721914302,70,255,255,255
893,17.86,28.04218382421998,3.3887228389465704,-18.94000000000001,1.4398642618288193,0.42046510855022096,-0.4999999999999897,0.7444656204761634,0.2928667613933701,-2.7200464103316335e-15,4.615523206899002,70,255,255,255
894,17.88,28.070973002286486,3.397159854192201,-18.95000000000001,1.439458903325307,0.4218507622815269,-0.49999999999998945,0.7442784130349394,0.29334219589106547,1.1657341758564144e-14,4.620759194654986,70,255,255,255
895,17.900000000000002,28.09975407560362,3.405624475785262,-18.96000000000001,1.4390536658567346,0.4232310796530592,-0.4999999999999895,0.7440918304806449,0.293815159261675,-3.219646771412954e-15,4.6259951824109695,70,255,255,255
896,17.92,28.128527046858455,3.4141165971438205,-18.97000000000001,1.438648562741705,0.42460606792794064,-0.4999999999999893,0.7439058712249178,0.29428566862335676,1.1157741397482823e-14,4.631231170166952,70,255,255,255
897,17.94,28.157291919001352,3.4226361118367294,-18.980000000000008,1.4382436071449376,0.4259757346454359,-0.49999999999998906,0.7437205336644154,0.29475374095321905,1.049160758270773e-14,4.636467157922935,70,255,255,255
898,17.96,28.186048695242906,3.431182913589031,-18.990000000000006,1.4378388120777488,0.4273400876150612,-0.4999999999999892,0.7435358161813042,0.29521939308860107,-4.385380947269368e-15,4.641703145678918,70,255,255,255
899,17.98,28.21479737905088,3.4397568962872467,-19.000000000000007,1.4374341903985544,0.42869913491078193,-0.49999999999998956,0.7433517171437416,0.29568264172834174,-1.8263168755083825e-14,4.646939133434901,70,255,255,255
900,18.0,28.243537974147145,3.4483579539845524,-19.01000000000001,1.437029754813392,0.43005288486529475,-0.4999999999999896,0.7431682349063459,0.2961435034340383,-2.886579864025407e-15,4.652175121190884,70,255,255,255
901,18.02,28.272270477414065,3.4569860045185075,-19.02000000000001,1.4366251633459564,0.4314025266977521,-0.4999999999999894,0.7429621811418824,0.29666007043904113,1.149080830487037e-14,4.657411108946866,70,255,255,255
902,18.04,28.300994886034847,3.4656409654881664,-19.03000000000001,1.4362204310391216,0.43274804848294773,-0.4999999999999892,0.7427568108400876,0.29717388840653947,1.0824674490095276e-14,4.662647096702849,70,255,255,255
903,18.06,28.3297111974909,3.4743227542646125,-19.040000000000006,1.4358155728027644,0.4340894388223123,-0.49999999999998923,0.7425521225178167,0.2976849766855652,-4.052314039881821e-15,4.667883084458833,70,255,255,255
904,18.080000000000002,28.358419409559172,3.483031288001314,-19.050000000000004,1.4354106034134766,0.4354266868350623,-0.4999999999999893,0.7423481146693773,0.29819335446455053,-3.885780586188048e-15,4.673119072214816,70,255,255,255
905,18.1,28.387119520309458,3.4917664836443034,-19.060000000000006,1.435005537514315,0.43675978214946914,-0.4999999999999896,0.7421447857671856,0.2986990407727787,-1.7930101847696278e-14,4.678355059970799,70,255,255,255
906,18.12,28.41581152810175,3.500528257942188,-19.070000000000007,1.4346003896145814,0.4380887148942454,-0.49999999999998995,0.741942134262408,0.299202054481822,-1.6930901125533637e-14,4.6835910477267815,70,255,255,255
907,18.14,28.44449543158354,3.509316527455989,-19.08000000000001,1.434195174089633,0.4394134756900461,-0.49999999999999,0.7417401585855894,0.2997024143069667,-1.7208456881689926e-15,4.688827035482765,70,255,255,255
908,18.16,28.473171229687154,3.518131208568811,-19.09000000000001,1.4337899051807275,0.440734055641087,-0.49999999999998973,0.7415388571472717,0.3002001388086257,1.2656542480726785e-14,4.694063023238748,70,255,255,255
909,18.18,28.50183892162705,3.5269722174953486,-19.100000000000012,1.4333845969948933,0.4420504463268738,-0.4999999999999895,0.7413382283385969,0.30069524639373724,1.1823875212257917e-14,4.69929901099473,70,255,255,255
910,18.2,28.53049850689715,3.5358394702912297,-19.11000000000001,1.4329792635048337,0.443362639794045,-0.4999999999999893,0.7411382705318995,0.30118775531715275,1.1157741397482823e-14,4.704534998750713,70,255,255,255
911,18.22,28.559149985268128,3.544732882862196,-19.120000000000008,1.4325739185488604,0.4446706285483258,-0.49999999999998906,0.7409389820812867,0.30167768368301073,1.049160758270773e-14,4.709770986506697,70,255,255,255
912,18.240000000000002,28.587793356784744,3.553652370973128,-19.130000000000006,1.4321685758308502,0.4459744055465896,-0.4999999999999892,0.7407403613232078,0.30216504944609923,-4.385380947269368e-15,4.71500697426268,70,255,255,255
913,18.26,28.61642862176315,3.5625978502569082,-19.140000000000008,1.431763248920236,0.4472739641890304,-0.49999999999998956,0.7405424065770103,0.30264987041320535,-1.8263168755083825e-14,4.720242962018663,70,255,255,255
914,18.28,28.645055780788187,3.571569236223137,-19.15000000000001,1.431357951252021,0.44856929831143955,-0.4999999999999896,0.7403451161454866,0.30313216424445283,-2.886579864025407e-15,4.725478949774645,70,255,255,255
915,18.3,28.673674834710724,3.5805664442666885,-19.16000000000001,1.4309526961268204,0.4498604021775902,-0.4999999999999894,0.7401484883154087,0.3036119484546276,1.149080830487037e-14,4.730714937530629,70,255,255,255
916,18.32,28.702285784644943,3.589589389676123,-19.17000000000001,1.4305474967109313,0.45114727047172504,-0.4999999999999892,0.7399525213580517,0.3040892404144909,1.0824674490095276e-14,4.735950925286612,70,255,255,255
917,18.34,28.73088863196567,3.598637987641946,-19.180000000000007,1.4301423660364243,0.4524298982911478,-0.49999999999998923,0.7397572135297082,0.3045640573520808,-4.052314039881821e-15,4.741186913042594,70,255,255,255
918,18.36,28.759483378305696,3.6077121532647243,-19.190000000000005,1.4297373170012628,0.45370828113891665,-0.4999999999999893,0.7395625630721909,0.30503641635400136,-3.885780586188048e-15,4.746422900798577,70,255,255,255
919,18.38,28.788070025553086,3.616811801563057,-19.200000000000003,1.429332362369447,0.4549824149166381,-0.49999999999998934,0.7393685682133246,0.3055063343667012,-3.7192471324942744e-15,4.7516588885545605,70,255,255,255
920,18.400000000000002,28.81664857584851,3.6259368474814044,-19.210000000000004,1.4289275147711786,0.4562522959173611,-0.49999999999999,0.7391752271674296,0.3059738281977382,-3.197442310920451e-14,4.756894876310544,70,255,255,255
921,18.42,28.845219031582573,3.6350872058977757,-19.220000000000006,1.428522786703052,0.45751792081856896,-0.49999999999999034,0.7389825381357947,0.30643891451703514,-1.5765166949677223e-14,4.762130864066527,70,255,255,255
922,18.44,28.873781395393138,3.644262791631281,-19.230000000000008,1.4281181905282672,0.45877928667526896,-0.49999999999999034,0.7387904993071399,0.30690160985812204,-5.551115123125783e-16,4.767366851822509,70,255,255,255
923,18.46,28.902335670162675,3.6534635194495446,-19.24000000000001,1.427713738476862,0.4600363909131778,-0.49999999999999034,0.73859910885807,0.30736193061936734,-5.551115123125783e-16,4.772602839578493,70,255,255,255
924,18.48,28.930881859015592,3.6626893040759847,-19.25000000000001,1.4273094426459723,0.4612892313220025,-0.49999999999999034,0.7384083649535192,0.3078198930651991,-5.551115123125783e-16,4.777838827334476,70,255,255,255
925,18.5,28.959419965315593,3.671940060196961,-19.260000000000012,1.4269053150001052,0.4625378060488141,-0.49999999999999006,0.7382182657471853,0.3082755133273126,1.3655743202889425e-14,4.783074815090458,70,255,255,255
926,18.52,28.987949992663022,3.681215702468791,-19.270000000000014,1.4265013673714395,0.4637821135915153,-0.4999999999999895,0.7380288093819577,0.3087288074058687,2.7033930649622562e-14,4.788310802846441,70,255,255,255
927,18.54,29.016471944892224,3.690516145524639,-19.280000000000012,1.4260976114601425,0.46502215279239867,-0.499999999999989,0.7378399939903325,0.3091797911706813,2.5368596112684827e-14,4.793546790602424,70,255,255,255
928,18.56,29.044985826068917,3.699841303981275,-19.29000000000001,1.4256940588347065,0.46625792283179607,-0.49999999999998884,0.737651817694823,0.3096284803623912,9.658940314238862e-15,4.798782778358407,70,255,255,255
929,18.580000000000002,29.073491640487564,3.709191092445711,-19.300000000000008,1.4252907209323062,0.4674894232218169,-0.4999999999999887,0.7374642786083585,0.3100748905936329,9.159339953157541e-15,4.804018766114391,70,255,255,255
930,18.6,29.10198939266875,3.7185654255217147,-19.310000000000006,1.4248876090591729,0.4687166538001753,-0.4999999999999888,0.7372773748346774,0.31051903735018693,-5.551115123125783e-15,4.809254753870373,70,255,255,255
931,18.62,29.13047908735657,3.7279642178161967,-19.320000000000004,1.424484734390987,0.46993961472410395,-0.4999999999999892,0.7370911044687094,0.3109609359921246,-1.942890293094024e-14,4.814490741626356,70,255,255,255
932,18.64,29.158960729516036,3.737387383945484,-19.330000000000005,1.4240821079732873,0.4711583064643544,-0.49999999999998956,0.7369054655969528,0.3114006017549394,-1.8263168755083825e-14,4.81972672938234,70,255,255,255
933,18.66,29.187434324330475,3.7468348385414694,-19.340000000000007,1.423679740721899,0.47237272979928274,-0.4999999999999896,0.7367204562978408,0.3118380497506702,-2.886579864025407e-15,4.824962717138322,70,255,255,255
934,18.68,29.215899877198943,3.7563064962576496,-19.35000000000001,1.423277643423377,0.4735828858090188,-0.4999999999999897,0.7365360746421021,0.3122732949690124,-2.7200464103316335e-15,4.830198704894305,70,255,255,255
935,18.7,29.24435739373365,3.765802271775044,-19.36000000000001,1.422875826735465,0.47478877586971935,-0.49999999999998973,0.7363523186931137,0.31270635227841964,-2.55351295663786e-15,4.835434692650288,70,255,255,255
936,18.72,29.272806879757404,3.775322079808002,-19.37000000000001,1.4224743011875711,0.47599040164790235,-0.4999999999999895,0.7361691865072455,0.31313723642719415,1.1823875212257917e-14,4.840670680406271,70,255,255,255
937,18.740000000000002,29.30124834130103,3.7848658351098994,-19.38000000000001,1.422073077181257,0.47718776509486294,-0.4999999999999893,0.7359866761341974,0.3135659620445689,1.1157741397482823e-14,4.845906668162255,70,255,255,255
938,18.76,29.329681784600844,3.7944334524787227,-19.390000000000008,1.4216721649907451,0.47838086844116967,-0.49999999999998934,0.7358047856173313,0.3139925436417768,-3.7192471324942744e-15,4.851142655918237,70,255,255,255
939,18.78,29.358107216096112,3.8040248467625473,-19.40000000000001,1.4212715747634346,0.47956971419123906,-0.4999999999999894,0.7356235129939933,0.31441699561311304,-3.552713678800501e-15,4.85637864367422,70,255,255,255
940,18.8,29.386524642426522,3.813639932864907,-19.410000000000007,1.420871316520437,0.4807543051179892,-0.4999999999999892,0.7354428562958304,0.31483933223698496,1.0824674490095276e-14,4.861614631430204,70,255,255,255
941,18.82,29.414934070429666,3.823278625750058,-19.420000000000005,1.4204714001571204,0.4819346442575699,-0.49999999999998923,0.7352628135491014,0.3152595676769534,-4.052314039881821e-15,4.866850619186186,70,255,255,255
942,18.84,29.44333550713854,3.8329408404481415,-19.430000000000007,1.42007183544367,0.48311073490416906,-0.4999999999999896,0.7350833827749784,0.3156777159827643,-1.8096635301390052e-14,4.872086606942169,70,255,255,255
943,18.86,29.471728959779053,3.8426264920602393,-19.44000000000001,1.4196726320256596,0.484282580604895,-0.4999999999999897,0.7349045619898449,0.3160937910913694,-2.7200464103316335e-15,4.8773225946981515,70,255,255,255
944,18.88,29.500114435767546,3.852335495763334,-19.45000000000001,1.419273799424634,0.4854501851547323,-0.49999999999998945,0.7347263492055854,0.3165078068279395,1.1657341758564144e-14,4.882558582454135,70,255,255,255
945,18.900000000000002,29.52849194270832,3.8620677668151653,-19.46000000000001,1.4188753470387065,0.48661355259157163,-0.4999999999999895,0.7345487424298693,0.3169197769068659,-3.219646771412954e-15,4.887794570210119,70,255,255,255
946,18.92,29.556861488391185,3.8718232205589915,-19.47000000000001,1.418477284143164,0.48777268719131184,-0.4999999999999893,0.734371739666429,0.31732971493275386,1.1157741397482823e-14,4.893030557966101,70,255,255,255
947,18.94,29.585223080789007,3.8816017724282523,-19.480000000000008,1.4180796198910859,0.48892759346303355,-0.49999999999998906,0.7341953389153312,0.31773763440140684,1.049160758270773e-14,4.898266545722084,70,255,255,255
948,18.96,29.613576728055286,3.8914033379511372,-19.490000000000006,1.417682363313971,0.4900782761442438,-0.4999999999999892,0.7340195381732433,0.3181435487008003,-4.385380947269368e-15,4.9035025334780675,70,255,255,255
949,18.98,29.641922438521732,3.901227832755061,-19.500000000000007,1.4172855233223773,0.49122474019619067,-0.49999999999998956,0.7338443354336935,0.31854747111204756,-1.8263168755083825e-14,4.90873852123405,70,255,255,255
950,19.0,29.670260220695862,3.9110751725710458,-19.51000000000001,1.416889108706569,0.4923669907992459,-0.4999999999999896,0.7336697286873242,0.3189494148103557,-2.886579864025407e-15,4.913974508990033,70,255,255,255
951,19.02,29.69859007363747,3.9209453008532438,-19.52000000000001,1.4164926470802397,0.49350641410990376,-0.4999999999999894,0.733466134488991,0.3194173282052457,1.149080830487037e-14,4.9192104967460155,70,255,255,255
952,19.04,29.726911996662764,3.930838160710192,-19.53000000000001,1.4160961512647945,0.4946429928474035,-0.4999999999999892,0.7332632077109633,0.3198828976632364,1.0824674490095276e-14,4.924446484501999,70,255,255,255
953,19.06,29.755225989341913,3.9407536949149153,-19.540000000000006,1.4156996339574994,0.49577671023617265,-0.49999999999998923,0.7330609465583242,0.32034613877962353,-4.052314039881821e-15,4.929682472257982,70,255,255,255
954,19.080000000000002,29.783532051496547,3.9506918459148745,-19.550000000000004,1.4153031077317029,0.4969075499979688,-0.4999999999999893,0.7328593492243657,0.32080706702695827,-3.885780586188048e-15,4.934918460013965,70,255,255,255
955,19.1,29.811830183197287,3.960652555841757,-19.560000000000006,1.4149065850370701,0.4980354963441226,-0.4999999999999896,0.7326584138910055,0.32126569775610364,-1.7930101847696278e-14,4.940154447769948,70,255,255,255
956,19.12,29.840120384761285,3.9706357665211147,-19.570000000000007,1.4145100781998334,0.49916053396788207,-0.49999999999998995,0.7324581387291943,0.32172204619727945,-1.6930901125533637e-14,4.9453904355259315,70,255,255,255
957,19.14,29.868402656749748,3.980641419481852,-19.58000000000001,1.4141135994230558,0.5002826480368563,-0.49999999999999,0.7322585218993145,0.32217612746110047,-1.7208456881689926e-15,4.950626423281914,70,255,255,255
958,19.16,29.896676999965486,3.990669455965563,-19.59000000000001,1.4137171607869077,0.5014018241855572,-0.49999999999998973,0.7320595615515723,0.32262795653960274,1.2656542480726785e-14,4.955862411037897,70,255,255,255
959,19.18,29.924943415450464,4.000719816935724,-19.600000000000012,1.4133207742489573,0.502518048508039,-0.4999999999999895,0.7318612558263808,0.32307754830726454,1.1823875212257917e-14,4.9610983987938795,70,255,255,255
960,19.2,29.953201904483354,4.0107924430867365,-19.61000000000001,1.4129244516444746,0.5036313075506336,-0.4999999999999893,0.7316636028547362,0.32352491752201534,1.1157741397482823e-14,4.966334386549863,70,255,255,255
961,19.22,29.98145246857709,4.020887274852832,-19.620000000000008,1.412528204686748,0.5047415883047806,-0.49999999999998906,0.731466600758586,0.32397007882623896,1.049160758270773e-14,4.971570374305846,70,255,255,255
962,19.240000000000002,30.009695109476436,4.031004252416831,-19.630000000000006,1.4121320449674137,0.505848878199952,-0.4999999999999892,0.7312702476511898,0.32441304674776517,-4.385380947269368e-15,4.976806362061829,70,255,255,255
963,19.26,30.037929829155573,4.041143315718764,-19.640000000000008,1.411735983956798,0.5069531650966697,-0.49999999999998956,0.7310745416374734,0.3248538357008551,-1.8263168755083825e-14,4.982042349817812,70,255,255,255
964,19.28,30.06615662981566,4.051304404464356,-19.65000000000001,1.4113400330042705,0.5080544372796136,-0.4999999999999896,0.7308794808143755,0.32529245998717693,-2.886579864025407e-15,4.9872783375737955,70,255,255,255
965,19.3,30.09437551388243,4.061487458133373,-19.66000000000001,1.4109442033386106,0.509152683450822,-0.4999999999999894,0.7306850632711861,0.32572893379677337,1.149080830487037e-14,4.992514325329778,70,255,255,255
966,19.32,30.122586484003797,4.071692415987832,-19.67000000000001,1.4105485060683869,0.5102478927229802,-0.4999999999999892,0.730491287089881,0.32616327120902056,1.0824674490095276e-14,4.997750313085761,70,255,255,255
967,19.34,30.150789543047445,4.081919217080088,-19.680000000000007,1.4101529521823437,0.5113400546127992,-0.49999999999998923,0.730298150345446,0.326595486193579,-4.052314039881821e-15,5.0029863008417435,70,255,255,255
968,19.36,30.178984694098443,4.0921678002607775,-19.690000000000005,1.4097575525498047,0.5124291590344803,-0.4999999999999893,0.7301056511061975,0.3270255926113359,-3.885780586188048e-15,5.008222288597727,70,255,255,255
969,19.38,30.207171940456863,4.102438104186643,-19.700000000000003,1.4093623179210826,0.5135151962932676,-0.49999999999998934,0.7299137874340944,0.327453604215339,-3.7192471324942744e-15,5.01345827635371,70,255,255,255
970,19.400000000000002,30.23535128563542,4.112730067328225,-19.710000000000004,1.408967258927903,0.5145981570790856,-0.49999999999999,0.7297225573850444,0.3278795346517231,-3.197442310920451e-14,5.018694264109693,70,255,255,255
971,19.42,30.263522733357096,4.12304362797743,-19.720000000000006,1.4085723860838368,0.5156780324602613,-0.49999999999999034,0.7295319590092055,0.3283033974606276,-1.5765166949677223e-14,5.023930251865676,70,255,255,255
972,19.44,30.291686287552793,4.133378724254976,-19.730000000000008,1.4081777097847439,0.5167548138773297,-0.49999999999999034,0.729341990351278,0.32872520607710687,-5.551115123125783e-16,5.029166239621659,70,255,255,255
973,19.46,30.319841952358978,4.143735294117715,-19.74000000000001,1.4077832403092265,0.5178284931369218,-0.49999999999999034,0.7291526494507934,0.3291449738320314,-5.551115123125783e-16,5.034402227377642,70,255,255,255
974,19.48,30.34798973211536,4.154113275365829,-19.75000000000001,1.4073889878190924,0.5188990624057347,-0.49999999999999034,0.7289639343423959,0.32956271395298214,-5.551115123125783e-16,5.039638215133625,70,255,255,255
975,19.5,30.376129631362556,4.164512605649921,-19.760000000000012,1.4069949623598286,0.5199665142045826,-0.49999999999999006,0.7287758430561193,0.329978439565137,1.3655743202889425e-14,5.044874202889608,70,255,255,255
976,19.52,30.40426165483978,4.174933222477971,-19.770000000000014,1.4066011738610826,0.5210308414025259,-0.4999999999999895,0.7285883736176558,0.33039216369214824,2.7033930649622562e-14,5.050110190645591,70,255,255,255
977,19.54,30.43238580748252,4.185375063222193,-19.780000000000012,1.4062076321371548,0.5220920372110807,-0.499999999999989,0.7284015240486221,0.33080389925701387,2.5368596112684827e-14,5.055346178401574,70,255,255,255
978,19.56,30.46050209442027,4.195838065125764,-19.79000000000001,1.4058143468874973,0.5231500951785055,-0.49999999999998884,0.7282152923668179,0.33121365908294015,9.658940314238862e-15,5.060582166157556,70,255,255,255
979,19.580000000000002,30.488610520974216,4.206322165309447,-19.800000000000008,1.4054213276972245,0.5242050091841651,-0.4999999999999887,0.728029676586479,0.3316214558941969,9.159339953157541e-15,5.06581815391354,70,255,255,255
980,19.6,30.51671109265497,4.216827300778107,-19.810000000000006,1.4050285840376293,0.5252567734329696,-0.4999999999999888,0.7278446747185272,0.3320273023169649,-5.551115123125783e-15,5.071054141669523,70,255,255,255
981,19.62,30.544803815160304,4.2273534084271045,-19.820000000000004,1.4046361252667097,0.5263053824498898,-0.4999999999999892,0.7276602847708121,0.3324312108801772,-1.942890293094024e-14,5.076290129425506,70,255,255,255
982,19.64,30.572888694372896,4.237900425048595,-19.830000000000005,1.4042439606297,0.5273508310745452,-0.49999999999998956,0.7274765047483491,0.3328331940163499,-1.8263168755083825e-14,5.081526117181489,70,255,255,255
983,19.66,30.600965736358088,4.248468287337713,-19.840000000000007,1.403852099259615,0.5283931144558676,-0.4999999999999896,0.7272933326535534,0.33323326406240983,-2.886579864025407e-15,5.086762104937472,70,255,255,255
984,19.68,30.629034947361642,4.259056931898649,-19.85000000000001,1.403460550177797,0.5294322280468347,-0.4999999999999897,0.727110766486467,0.33363143326051076,-2.7200464103316335e-15,5.091998092693455,70,255,255,255
985,19.7,30.65709633380753,4.269666295250635,-19.86000000000001,1.403069322294471,0.5304681675992766,-0.49999999999998973,0.7269288042449817,0.3340277137588453,-2.55351295663786e-15,5.097234080449438,70,255,255,255
986,19.72,30.685149902295716,4.2802963138338095,-19.87000000000001,1.4026784244093091,0.5315009291587531,-0.4999999999999895,0.7267474439250584,0.334422117612448,1.1823875212257917e-14,5.10247006820542,70,255,255,255
987,19.740000000000002,30.713195659599958,4.2909469240149996,-19.88000000000001,1.4022878652120006,0.5325305090595005,-0.4999999999999893,0.7265666835209399,0.3348146567839923,1.1157741397482823e-14,5.107706055961404,70,255,255,255
988,19.76,30.741233612665614,4.301618062093389,-19.890000000000008,1.401897653282826,0.5335569039194467,-0.49999999999998934,0.7263865210253597,0.3352053431445785,-3.7192471324942744e-15,5.112942043717387,70,255,255,255
989,19.78,30.769263768607477,4.3123096643060945,-19.90000000000001,1.4015077970932428,0.5345801106352964,-0.4999999999999894,0.7262069544297475,0.33559418847451855,-3.552713678800501e-15,5.11817803147337,70,255,255,255
990,19.8,30.797286134707605,4.3230216668336485,-19.910000000000007,1.4011183050064726,0.5356001263776824,-0.4999999999999892,0.7260279817244282,0.335981204464109,1.0824674490095276e-14,5.123414019229353,70,255,255,255
991,19.82,30.825300718413168,4.3337540058053765,-19.920000000000005,1.4007291852780963,0.536616948586383,-0.49999999999998923,0.7258496008988182,0.3363664027144009,-4.052314039881821e-15,5.128650006985336,70,255,255,255
992,19.84,30.8533075273343,4.344506617304688,-19.930000000000007,1.4003404460566549,0.5376305749656065,-0.4999999999999896,0.7256718099416162,0.33674979473796085,-1.8096635301390052e-14,5.133885994741319,70,255,255,255
993,19.86,30.881306569241985,4.355279437374275,-19.94000000000001,1.3999520953842561,0.5386410034793402,-0.4999999999999897,0.7254946068409915,0.33713139195962594,-2.7200464103316335e-15,5.139121982497302,70,255,255,255
994,19.88,30.90929785206593,4.36607240202121,-19.95000000000001,1.3995641411971853,0.5396482323467626,-0.49999999999998945,0.7253179895847662,0.337511205717252,1.1657341758564144e-14,5.144357970253284,70,255,255,255
995,19.900000000000002,30.93728138389246,4.376885447221964,-19.96000000000001,1.3991765913265217,0.5406522600377205,-0.4999999999999895,0.7251419561605934,0.3378892472624545,-3.219646771412954e-15,5.149593958009268,70,255,255,255
996,19.92,30.96525717296244,4.387718508927329,-19.97000000000001,1.3987894534987624,0.5416530852682683,-0.4999999999999893,0.7249665045561343,0.3382655277613437,1.1157741397482823e-14,5.154829945765251,70,255,255,255
997,19.94,30.993225227669168,4.398571523067255,-19.980000000000008,1.3984027353364445,0.542650706996268,-0.49999999999998906,0.7247916327592283,0.33864005829525295,1.049160758270773e-14,5.160065933521234,70,255,255,255
998,19.96,31.021185556556343,4.409444425555596,-19.990000000000006,1.3980164443587806,0.5436451244170529,-0.4999999999999892,0.7246173387580588,0.3390128498614598,-4.385380947269368e-15,5.165301921277217,70,255,255,255
999,19.98,31.049138168315988,4.4203371522947785,-20.000000000000007,1.3976305879822895,0.5446363369591486,-0.49999999999998956,0.7244436205413199,0.33938391337390184,-1.8263168755083825e-14,5.1705379090332,70,255,255,255
1000,20.0,31.077083071786415,4.43124963918038,-20.01000000000001,1.39724517352144,0.5456243442800562,-0.4999999999999896,0.7242704760983736,0.33975325966388514,-2.886579864025407e-15,5.175773896789183,70,255,255,255
1001,20.02,31.105020264468006,4.442181851448338,-20.02000000000001,1.3968596340795219,0.5466106133978964,-0.4999999999999894,0.724063978579652,0.34019311416224357,1.149080830487037e-14,5.1810098845451655,70,255,255,255
1002,20.04,31.13294974411491,4.453133753869982,-20.03000000000001,1.396473982345169,0.5475951210821955,-0.4999999999999892,0.7238581258551314,0.34063090528238443,1.0824674490095276e-14,5.186245872301148,70,255,255,255
1003,20.06,31.16087150873249,4.46410531076226,-20.040000000000006,1.3960882308789597,0.548577844613922,-0.49999999999998923,0.7236529161680882,0.34106664586473684,-4.052314039881821e-15,5.191481860057132,70,255,255,255
1004,20.080000000000002,31.18878555657477,4.475096485997824,-20.050000000000004,1.3957023921140406,0.5495587617781603,-0.4999999999999893,0.7234483477540211,0.3415003486557182,-3.885780586188048e-15,5.196717847813115,70,255,255,255
1005,20.1,31.216691886141906,4.4861072430149616,-20.060000000000006,1.3953164783567533,0.550537850856876,-0.4999999999999896,0.7232444188409476,0.3419320263084753,-1.7930101847696278e-14,5.201953835569098,70,255,255,255
1006,20.12,31.24459049617765,4.497137544827397,-20.070000000000007,1.3949305017872615,0.5515150906217692,-0.49999999999998995,0.7230411276496971,0.3423616913836219,-1.6930901125533637e-14,5.207189823325081,70,255,255,255
1007,20.14,31.272481385666854,4.508187354033941,-20.08000000000001,1.39454447446018,0.5524904603272172,-0.49999999999999,0.7228384723941957,0.3427893563499683,-1.7208456881689926e-15,5.212425811081064,70,255,255,255
1008,20.16,31.300364553832956,4.519256632828007,-20.09000000000001,1.3941584083052037,0.5534639397033024,-0.49999999999998973,0.7226364512817481,0.34321503358524635,1.2656542480726785e-14,5.217661798837047,70,255,255,255
1009,20.18,31.328240000135512,4.530345343006986,-20.100000000000012,1.3937723151277408,0.554435508948929,-0.4999999999999895,0.7224350625133122,0.34363873537682965,1.1823875212257917e-14,5.2228977865930295,70,255,255,255
1010,20.2,31.3561077242677,4.541453445981486,-20.11000000000001,1.3933862066095444,0.555405148725022,-0.4999999999999893,0.7222343042837702,0.3440604739224466,1.1157741397482823e-14,5.228133774349012,70,255,255,255
1011,20.22,31.383967726153887,4.552580902784443,-20.120000000000008,1.3930000943093495,0.556372840147813,-0.49999999999998906,0.7220341747821926,0.34448026133088994,1.049160758270773e-14,5.233369762104996,70,255,255,255
1012,20.240000000000002,31.411820005947156,4.563727674080087,-20.130000000000006,1.3926139896635066,0.5573385647822074,-0.4999999999999892,0.7218346721920991,0.3448981096227188,-4.385380947269368e-15,5.238605749860979,70,255,255,255
1013,20.26,31.439664564026888,4.574893720172792,-20.140000000000008,1.3922279039866226,0.5583023046352361,-0.49999999999998956,0.7216357946917129,0.3453140307309567,-1.8263168755083825e-14,5.243841737616962,70,255,255,255
1014,20.28,31.467501400996333,4.586079001015784,-20.15000000000001,1.3918418484721984,0.5592640421495859,-0.4999999999999896,0.7214375404542109,0.34572803650178396,-2.886579864025407e-15,5.249077725372945,70,255,255,255
1015,20.3,31.4953305176802,4.597283476219728,-20.16000000000001,1.3914558341932721,0.5602237601972136,-0.4999999999999894,0.721239907647969,0.3461401386952244,1.149080830487037e-14,5.254313713128928,70,255,255,255
1016,20.32,31.52315191512226,4.6085071050611885,-20.17000000000001,1.3910698721030608,0.5611814420730378,-0.4999999999999892,0.7210428944368025,0.34655034898582676,1.0824674490095276e-14,5.259549700884911,70,255,255,255
1017,20.34,31.550965594582973,4.619749846490962,-20.180000000000007,1.3906839730356058,0.56213707148871,-0.49999999999998923,0.7208464989802014,0.346958678963341,-4.052314039881821e-15,5.2647856886408935,70,255,255,255
1018,20.36,31.578771557537102,4.631011659142292,-20.190000000000005,1.390298147706419,0.5630906325664639,-0.4999999999999893,0.7206507194335623,0.34736514013338926,-3.885780586188048e-15,5.270021676396876,70,255,255,255
1019,20.38,31.606569805671366,4.642292501338953,-20.200000000000003,1.389912406713132,0.564042109833042,-0.49999999999998934,0.7204555539484149,0.3477697439181316,-3.7192471324942744e-15,5.27525766415286,70,255,255,255
1020,20.400000000000002,31.63436034088209,4.653592331103227,-20.210000000000004,1.389526760536144,0.5649914882136976,-0.49999999999999,0.7202610006726434,0.34817250165692637,-3.197442310920451e-14,5.280493651908843,70,255,255,255
1021,20.42,31.662143165272877,4.6649111061637525,-20.220000000000006,1.389141219539276,0.5659387530262732,-0.49999999999999034,0.7200670577507058,0.3485734246069855,-1.5765166949677223e-14,5.285729639664826,70,255,255,255
1022,20.44,31.689918281152284,4.67624878396326,-20.230000000000008,1.3887557939704205,0.566883889975352,-0.49999999999999034,0.7198737233238458,0.3489725239440251,-5.551115123125783e-16,5.290965627420809,70,255,255,255
1023,20.46,31.717685691031527,4.687605321666189,-20.24000000000001,1.388370493962199,0.5678268851464854,-0.49999999999999034,0.7196809955303034,0.34936981076290985,-5.551115123125783e-16,5.296201615176792,70,255,255,255
1024,20.48,31.74544539762218,4.698980676166199,-20.25000000000001,1.3879853295326166,0.5687677250004904,-0.49999999999999034,0.7194888725055196,0.34976529607829343,-5.551115123125783e-16,5.301437602932775,70,255,255,255
1025,20.5,31.773197403833894,4.710374804093556,-20.260000000000012,1.387600310585721,0.5697063963678224,-0.49999999999999006,0.7192973523823373,0.35015899082525337,1.3655743202889425e-14,5.306673590688757,70,255,255,255
1026,20.52,31.80094171277214,4.721787661822416,-20.270000000000014,1.3872154469122606,0.5706428864430158,-0.4999999999999895,0.7191064332911985,0.3505509058599208,2.7033930649622562e-14,5.31190957844474,70,255,255,255
1027,20.54,31.828678327735947,4.733219205478,-20.280000000000012,1.3868307481903461,0.5715771827791978,-0.499999999999989,0.7189161133603382,0.35094105196010567,2.5368596112684827e-14,5.317145566200723,70,255,255,255
1028,20.56,31.856407252215668,4.7446693909436535,-20.29000000000001,1.3864462239861122,0.5725092732826703,-0.49999999999998884,0.7187263907159721,0.35132943982591586,9.658940314238862e-15,5.322381553956706,70,255,255,255
1029,20.580000000000002,31.884128489890756,4.756138173867805,-20.300000000000008,1.386061883754381,0.5734391462075613,-0.4999999999999887,0.7185372634824838,0.3517160800803735,9.159339953157541e-15,5.32761754171269,70,255,255,255
1030,20.6,31.91184204462754,4.7676255096708156,-20.310000000000006,1.3856777368393274,0.5743667901505445,-0.4999999999999888,0.7183487297826052,0.35210098327002404,-5.551115123125783e-15,5.3328535294686725,70,255,255,255
1031,20.62,31.939547920477043,4.779131353551728,-20.320000000000004,1.3852937924751452,0.5752921940456249,-0.4999999999999892,0.7181607877375952,0.35248415986554177,-1.942890293094024e-14,5.338089517224655,70,255,255,255
1032,20.64,31.967246121672776,4.790655660494908,-20.330000000000005,1.3849100597867143,0.5762153471589934,-0.49999999999998956,0.7179734354674138,0.35286562026233076,-1.8263168755083825e-14,5.343325504980639,70,255,255,255
1033,20.66,31.99493665262858,4.802198385276586,-20.340000000000007,1.384526547790269,0.5771362390839442,-0.4999999999999896,0.7177866710908933,0.3532453747811197,-2.886579864025407e-15,5.348561492736621,70,255,255,255
1034,20.68,32.02261951793646,4.813759482471304,-20.35000000000001,1.3841432653940686,0.57805485973586,-0.4999999999999897,0.7176004927259053,0.3536234336685538,-2.7200464103316335e-15,5.353797480492604,70,255,255,255
1035,20.7,32.05029472236444,4.825338906458249,-20.36000000000001,1.3837602213990674,0.5789711993472595,-0.49999999999998973,0.7174148984895247,0.3539998070977795,-2.55351295663786e-15,5.359033468248587,70,255,255,255
1036,20.72,32.077962270854435,4.836936611427507,-20.37000000000001,1.3833774244995867,0.5798852484629095,-0.4999999999999895,0.7172298864981904,0.3543745051690272,1.1823875212257917e-14,5.36426945600457,70,255,255,255
1037,20.740000000000002,32.105622168520114,4.8485525513862076,-20.38000000000001,1.382994883283988,0.5807969979349997,-0.4999999999999893,0.7170454548678625,0.3547475379101876,1.1157741397482823e-14,5.369505443760554,70,255,255,255
1038,20.76,32.133274420644824,4.860186680164575,-20.390000000000008,1.3826126062353468,0.5817064389183794,-0.49999999999998934,0.7168616017141765,0.35511891527738354,-3.7192471324942744e-15,5.3747414315165365,70,255,255,255
1039,20.78,32.160919032679466,4.871838951421892,-20.40000000000001,1.3822306017321258,0.5826135628658549,-0.4999999999999894,0.7166783251525929,0.3554886471555378,-3.552713678800501e-15,5.379977419272519,70,255,255,255
1040,20.8,32.18855601024044,4.883509318652363,-20.410000000000007,1.3818488780488525,0.5835183615235496,-0.4999999999999892,0.7164956232985463,0.3558567433589361,1.0824674490095276e-14,5.385213407028503,70,255,255,255
1041,20.82,32.21618535910758,4.89519773519089,-20.420000000000005,1.3814674433567928,0.5844208269263221,-0.49999999999998923,0.7163134942675891,0.35622321363178544,-4.052314039881821e-15,5.390449394784485,70,255,255,255
1042,20.84,32.243807085222066,4.906904154218755,-20.430000000000007,1.3810863057246303,0.5853209513932446,-0.4999999999999896,0.7161319361755331,0.35658806764876805,-1.8096635301390052e-14,5.395685382540468,70,255,255,255
1043,20.86,32.27142119468445,4.918628528769218,-20.44000000000001,1.3807054731191413,0.5862187275231394,-0.4999999999999897,0.7159509471385878,0.35695131501559046,-2.7200464103316335e-15,5.400921370296451,70,255,255,255
1044,20.88,32.29902769375257,4.930370811733021,-20.45000000000001,1.3803249534058735,0.5871141481901739,-0.49999999999998945,0.715770525273496,0.357312965269529,1.1657341758564144e-14,5.406157358052434,70,255,255,255
1045,20.900000000000002,32.32662658883957,4.942130955863812,-20.46000000000001,1.3799447543498249,0.5880072065395128,-0.4999999999999895,0.715590668697667,0.35767302787997013,-3.219646771412954e-15,5.411393345808418,70,255,255,255
1046,20.92,32.35421788651189,4.953908913783472,-20.47000000000001,1.3795648836161223,0.5888978959830262,-0.4999999999999893,0.7154113755293053,0.35803151224894636,1.1157741397482823e-14,5.4166293335644005,70,255,255,255
1047,20.94,32.3818015934873,4.965704637987374,-20.480000000000008,1.3791853487706989,0.5897862101950546,-0.49999999999998906,0.7152326438875384,0.35838842771166846,1.049160758270773e-14,5.421865321320383,70,255,255,255
1048,20.96,32.409377716632925,4.9775180808495385,-20.490000000000006,1.3788061572809762,0.5906721431082289,-0.4999999999999892,0.7150544718925407,0.3587437835370528,-4.385380947269368e-15,5.427101309076367,70,255,255,255
1049,20.98,32.436946262963254,4.989349194627725,-20.500000000000007,1.3784273165165406,0.591555688909344,-0.49999999999998956,0.7148768576656553,0.3590975889282444,-1.8263168755083825e-14,5.432337296832349,70,255,255,255
1050,21.0,32.46450723963825,5.001197931468431,-20.51000000000001,1.3780488337498256,0.5924368420352889,-0.4999999999999896,0.7146997993295127,0.3594498530231365,-2.886579864025407e-15,5.437573284588332,70,255,255,255
1051,21.02,32.49206064140807,5.013064272560411,-20.52000000000001,1.3776700884906996,0.5933170545989958,-0.4999999999999894,0.7144871625574326,0.35987233089059345,1.149080830487037e-14,5.442809272344315,70,255,255,255
1052,21.04,32.51960646329156,5.024948198543134,-20.53000000000001,1.3772910941746683,0.5941962991361905,-0.4999999999999892,0.7142751459762318,0.3602929583556039,1.0824674490095276e-14,5.448045260100297,70,255,255,255
1053,21.06,32.54714470057353,5.036849689517032,-20.540000000000006,1.376911864098624,0.5950745486949115,-0.49999999999998923,0.7140637480024918,0.36071174611957685,-4.052314039881821e-15,5.453281247856281,70,255,255,255
1054,21.080000000000002,32.57467534880197,5.048768725053605,-20.550000000000004,1.376532411421824,0.5959517768286444,-0.4999999999999893,0.7138529670463228,0.3611287048119568,-3.885780586188048e-15,5.458517235612264,70,255,255,255
1055,21.1,32.6021984037853,5.060705284205396,-20.560000000000006,1.3761527491668584,0.5968279575895369,-0.4999999999999896,0.7136428015115953,0.361543844990731,-1.7930101847696278e-14,5.463753223368247,70,255,255,255
1056,21.12,32.629713861589714,5.072659345515829,-20.570000000000007,1.3757728902206103,0.5977030655216925,-0.49999999999998995,0.7134332497961667,0.36195717714293285,-1.6930901125533637e-14,5.46898921112423,70,255,255,255
1057,21.14,32.65722171853642,5.08463088702892,-20.58000000000001,1.3753928473352093,0.5985770756545438,-0.49999999999999,0.7132243102921059,0.3623687116851426,-1.7208456881689926e-15,5.474225198880213,70,255,255,255
1058,21.16,32.684721971199,5.096619886298846,-20.59000000000001,1.3750126331289767,0.5994499634963023,-0.49999999999998973,0.7130159813859126,0.3627784589639855,1.2656542480726785e-14,5.479461186636196,70,255,255,255
1059,21.18,32.71221461640074,5.108626320399396,-20.600000000000012,1.3746322600873635,0.6003217050274856,-0.4999999999999895,0.7128082614587335,0.3631864292566255,1.1823875212257917e-14,5.484697174392179,70,255,255,255
1060,21.2,32.73969965121202,5.120650165933286,-20.61000000000001,1.3742517405638819,0.6011922766945206,-0.4999999999999893,0.7126011488865743,0.36359263277125725,1.1157741397482823e-14,5.489933162148161,70,255,255,255
1061,21.22,32.76717707294764,5.132691399041355,-20.620000000000008,1.3738710867810306,0.6020616554034226,-0.49999999999998906,0.7123946420405077,0.3639970796475939,1.049160758270773e-14,5.495169149904145,70,255,255,255
1062,21.240000000000002,32.79464687916426,5.144749995411626,-20.630000000000006,1.3734903108312122,0.6029298185135478,-0.4999999999999892,0.7121887392868784,0.3643997799573525,-4.385380947269368e-15,5.500405137660128,70,255,255,255
1063,21.26,32.82210906765781,5.156825930288255,-20.640000000000008,1.3731094246776454,0.6037967438314203,-0.49999999999998956,0.7119834389875035,0.36480074370473536,-1.8263168755083825e-14,5.505641125416111,70,255,255,255
1064,21.28,32.84956363646092,5.168919178480348,-20.65000000000001,1.37272844015527,0.604662409604632,-0.4999999999999896,0.7117787394998706,0.36519998082691,-2.886579864025407e-15,5.510877113172094,70,255,255,255
1065,21.3,32.87701058384035,5.181029714370664,-20.66000000000001,1.3723473689716474,0.6055267945158145,-0.4999999999999894,0.7115746391773313,0.3655975011944841,1.149080830487037e-14,5.516113100928077,70,255,255,255
1066,21.32,32.90444990829451,5.1931575119241975,-20.67000000000001,1.3719662227078546,0.6063898776766822,-0.4999999999999892,0.7113711363692916,0.3659933146119787,1.0824674490095276e-14,5.52134908868406,70,255,255,255
1067,21.34,32.931881608550896,5.20530254469664,-20.680000000000007,1.3715850128193723,0.6072516386221469,-0.49999999999998923,0.7111682294213986,0.36638743081829783,-4.052314039881821e-15,5.526585076440043,70,255,255,255
1068,21.36,32.959305683563635,5.21746478584273,-20.690000000000005,1.3712037506369674,0.6081120573045018,-0.4999999999999893,0.7109659166757247,0.3667798594871951,-3.885780586188048e-15,5.531821064196025,70,255,255,255
1069,21.38,32.986722132510984,5.229644208124483,-20.700000000000003,1.370822447367571,0.6089711140876742,-0.49999999999998934,0.7107641964709472,0.36717061022773706,-3.7192471324942744e-15,5.537057051952009,70,255,255,255
1070,21.400000000000002,33.01413095479289,5.241840783919314,-20.710000000000004,1.3704411140951511,0.6098287897415482,-0.49999999999999,0.7105630671425258,0.36755969258476423,-3.197442310920451e-14,5.542293039707992,70,255,255,255
1071,21.42,33.04153215002852,5.254054485228041,-20.720000000000006,1.370059761781579,0.610685065436353,-0.49999999999999034,0.7103625270228762,0.36794711603934815,-1.5765166949677223e-14,5.547529027463975,70,255,255,255
1072,21.44,33.068925718053876,5.266285283682783,-20.730000000000008,1.3696784012674932,0.6115399227371209,-0.49999999999999034,0.7101625744415407,0.36833289000924596,-5.551115123125783e-16,5.552765015219958,70,255,255,255
1073,21.46,33.09631165891934,5.278533150554747,-20.74000000000001,1.3692970432731557,0.6123933435982085,-0.49999999999999034,0.7099632077253556,0.368717023849352,-5.551115123125783e-16,5.558001002975941,70,255,255,255
1074,21.48,33.12368997288733,5.290798056761904,-20.75000000000001,1.368915698399306,0.6132453103578865,-0.49999999999999034,0.7097644251986159,0.3690995268521464,-5.551115123125783e-16,5.563236990731924,70,255,255,255
1075,21.5,33.151060660429884,5.303079972876564,-20.760000000000012,1.3685343771280087,0.6140958057329924,-0.49999999999999006,0.7095662251832368,0.3694804082481402,1.3655743202889425e-14,5.568472978487907,70,255,255,255
1076,21.52,33.178423722226356,5.315378869132837,-20.770000000000014,1.368153089823499,0.6149448128136483,-0.4999999999999895,0.709368605998911,0.36985967720631774,2.7033930649622562e-14,5.573708966243889,70,255,255,255
1077,21.54,33.20577915916102,5.3276947154339975,-20.780000000000012,1.3677718467330204,0.615792315058042,-0.499999999999989,0.7091715659632666,0.3702373428345772,2.5368596112684827e-14,5.578944953999872,70,255,255,255
1078,21.56,33.23312697232077,5.340027481359743,-20.79000000000001,1.3673906579876622,0.6166382962872712,-0.49999999999998884,0.7089751033920167,0.37061341418016575,9.658940314238862e-15,5.584180941755855,70,255,255,255
1079,21.580000000000002,33.26046716299283,5.352377136173348,-20.800000000000008,1.3670095336031889,0.6174827406802493,-0.4999999999999887,0.7087792165991119,0.37098790023011435,9.159339953157541e-15,5.589416929511839,70,255,255,255
1080,21.6,33.28779973266245,5.364743648828721,-20.810000000000006,1.3666284834808688,0.6183256327686736,-0.4999999999999888,0.7085839038968853,0.3713608099116674,-5.551115123125783e-15,5.594652917267822,70,255,255,255
1081,21.62,33.315124683010616,5.377126987977363,-20.820000000000004,1.3662475174082964,0.6191669574320532,-0.4999999999999892,0.7083891635961981,0.37173215209271177,-1.942890293094024e-14,5.599888905023804,70,255,255,255
1082,21.64,33.34244201591182,5.3895271219752185,-20.830000000000005,1.3658666450602128,0.6200066998927988,-0.49999999999998956,0.7081949940065803,0.3721019355822003,-1.8263168755083825e-14,5.605124892779788,70,255,255,255
1083,21.66,33.369751733431805,5.401944018889446,-20.840000000000007,1.3654858759993185,0.6208448457113694,-0.4999999999999896,0.7080013934363696,0.37247016913057485,-2.886579864025407e-15,5.6103608805357705,70,255,255,255
1084,21.68,33.39705383782535,5.414377646505075,-20.85000000000001,1.365105219677088,0.6216813807814813,-0.4999999999999897,0.7078083601928485,0.3728368614301848,-2.7200464103316335e-15,5.615596868291753,70,255,255,255
1085,21.7,33.42434833153404,5.426827972331583,-20.86000000000001,1.3647246854345767,0.6225162913253721,-0.49999999999998973,0.7076158925823771,0.3732020211157032,-2.55351295663786e-15,5.620832856047736,70,255,255,255
1086,21.72,33.451635217184105,5.439294963609365,-20.87000000000001,1.3643442825032241,0.6233495638891249,-0.4999999999999895,0.7074239889105242,0.37356565676454073,1.1823875212257917e-14,5.626068843803719,70,255,255,255
1087,21.740000000000002,33.47891449758422,5.451778587316126,-20.88000000000001,1.3639640200056562,0.6241811853380476,-0.4999999999999893,0.7072326474821963,0.37392777689725537,1.1157741397482823e-14,5.631304831559703,70,255,255,255
1088,21.76,33.50618617572335,5.464278810173169,-20.890000000000008,1.3635839069564806,0.6250111428521096,-0.49999999999998934,0.7070418666017637,0.3742883899779605,-3.7192471324942744e-15,5.636540819315686,70,255,255,255
1089,21.78,33.53345025476861,5.476795598651598,-20.90000000000001,1.363203952263082,0.6258394239214345,-0.4999999999999894,0.7068516445731842,0.3746475044147298,-3.552713678800501e-15,5.641776807071668,70,255,255,255
1090,21.8,33.56070673806314,5.489328918978434,-20.910000000000007,1.362824164726411,0.6266660163418468,-0.4999999999999892,0.706661979700124,0.37500512855999907,1.0824674490095276e-14,5.647012794827652,70,255,255,255
1091,21.82,33.587955629123975,5.501878737142643,-20.920000000000005,1.3624445530417717,0.6274909082104749,-0.49999999999998923,0.7064728702860776,0.3753612707109658,-4.052314039881821e-15,5.6522487825836345,70,255,255,255
1092,21.84,33.615196931639964,5.514445018901071,-20.930000000000007,1.3620651257996041,0.6283140879214059,-0.4999999999999896,0.7062843146344836,0.3757159391099849,-1.8096635301390052e-14,5.657484770339617,70,255,255,255
1093,21.86,33.64243064946969,5.527027729784299,-20.94000000000001,1.361685891486265,0.6291355441613956,-0.4999999999999897,0.7060963110488393,0.37606914194496305,-2.7200464103316335e-15,5.6627207580956,70,255,255,255
1094,21.88,33.669656786639386,5.539626835102411,-20.95000000000001,1.361306858484804,0.6299552659056307,-0.49999999999998945,0.7059088578328133,0.3764208873497496,1.1657341758564144e-14,5.667956745851583,70,255,255,255
1095,21.900000000000002,33.6968753473409,5.552242299950683,-20.96000000000001,1.360928035075737,0.6307732424135425,-0.4999999999999895,0.7057219532903551,0.37677118340452465,-3.219646771412954e-15,5.673192733607567,70,255,255,255
1096,21.92,33.724086335929655,5.564874089215176,-20.97000000000001,1.3605494294378166,0.6315894632246738,-0.4999999999999893,0.7055355957258028,0.3771200381361838,1.1157741397482823e-14,5.67842872136355,70,255,255,255
1097,21.94,33.75128975692263,5.577522167578268,-20.980000000000008,1.3601710496487993,0.632403918154595,-0.49999999999998906,0.7053497834439888,0.37746745951872207,1.049160758270773e-14,5.683664709119532,70,255,255,255
1098,21.96,33.778485614996356,5.590186499524085,-20.990000000000006,1.3597929036862084,0.6332165972908718,-0.4999999999999892,0.7051645147503438,0.3778134554736136,-4.385380947269368e-15,5.688900696875516,70,255,255,255
1099,21.98,33.805673914984915,5.602867049343867,-21.000000000000007,1.3594149994280953,0.6340274909890831,-0.49999999999998956,0.7049797879509976,0.37815803387018826,-1.8263168755083825e-14,5.6941366846314985,70,255,255,255
1100,22.0,33.83285466187799,5.615563781141244,-21.01000000000001,1.3590373446537967,0.6348365898688874,-0.4999999999999896,0.7047956013528791,0.3785012025260073,-2.886579864025407e-15,5.699372672387481,70,255,255,255
1101,22.02,33.86002784799194,5.628276686254427,-21.02000000000001,1.3586593056973517,0.6356452556591533,-0.4999999999999894,0.704575676821356,0.3789104322022926,1.149080830487037e-14,5.704608660143464,70,255,255,255
1102,22.04,33.8871934659263,5.641005755436588,-21.03000000000001,1.3582808967181255,0.6364534591080525,-0.4999999999999892,0.7043563450015149,0.37931799226520624,1.0824674490095276e-14,5.709844647899447,70,255,255,255
1103,22.06,33.914351508560856,5.653750978865762,-21.040000000000006,1.3579021317278597,0.6372611714587154,-0.49999999999998923,0.7041376045279434,0.3797238916497746,-4.052314039881821e-15,5.71508063565543,70,255,255,255
1104,22.080000000000002,33.941501969052695,5.6665123461546205,-21.050000000000004,1.3575230245919,0.638068364442917,-0.4999999999999893,0.7039194540291704,0.38012813923633,-3.885780586188048e-15,5.720316623411414,70,255,255,255
1105,22.1,33.9686448408333,5.679289846360117,-21.060000000000006,1.3571435890304062,0.6388750102748331,-0.4999999999999896,0.703701892127854,0.3805307438508463,-1.7930101847696278e-14,5.725552611167396,70,255,255,255
1106,22.12,33.99578011760569,5.692083467993014,-21.070000000000007,1.356763838619549,0.6396810816448663,-0.49999999999998995,0.7034849174409646,0.38093171426527245,-1.6930901125533637e-14,5.73078859892338,70,255,255,255
1107,22.14,34.022907793341545,5.7048931990272855,-21.08000000000001,1.3563837867926964,0.6404865517135425,-0.49999999999999,0.7032685285799685,0.38133105919786564,-1.7208456881689926e-15,5.736024586679362,70,255,255,255
1108,22.16,34.05002786227838,5.717719026909395,-21.09000000000001,1.356003446841584,0.6412913941054745,-0.49999999999998973,0.7030527241510045,0.38172878731352133,1.2656542480726785e-14,5.741260574435345,70,255,255,255
1109,22.18,34.077140318916726,5.730560938567463,-21.100000000000012,1.355622831917474,0.6420955829033933,-0.4999999999999895,0.702837502755061,0.38212490722410336,1.1823875212257917e-14,5.746496562191328,70,255,255,255
1110,22.2,34.10424515801737,5.743418920420308,-21.11000000000001,1.3552419550323014,0.642899092642248,-0.4999999999999893,0.7026228629881487,0.3825194274887712,1.1157741397482823e-14,5.751732549947311,70,255,255,255
1111,22.22,34.13134237459857,5.756292958386376,-21.120000000000008,1.3548608290598103,0.6437018983033713,-0.49999999999998906,0.7024088034414702,0.38291235661430695,1.049160758270773e-14,5.756968537703294,70,255,255,255
1112,22.240000000000002,34.1584319639333,5.76918303789255,-21.130000000000006,1.3544794667366755,0.6445039753087107,-0.4999999999999892,0.7021953227015882,0.3833037030554395,-4.385380947269368e-15,5.7622045254592775,70,255,255,255
1113,22.26,34.18551392154657,5.782089143882853,-21.140000000000008,1.3540978806636148,0.645305299515126,-0.49999999999998956,0.7019824193505898,0.3836934752151682,-1.8263168755083825e-14,5.76744051321526,70,255,255,255
1114,22.28,34.2125882432127,5.795011260827028,-21.15000000000001,1.3537160833064898,0.64610584720875,-0.4999999999999896,0.7017700919662484,0.38408168144508437,-2.886579864025407e-15,5.772676500971244,70,255,255,255
1115,22.3,34.239654924952646,5.807949372729016,-21.16000000000001,1.3533340869973953,0.6469055950994136,-0.4999999999999894,0.7015583391221836,0.3844683300456921,1.149080830487037e-14,5.777912488727226,70,255,255,255
1116,22.32,34.26671396303136,5.820903463135319,-21.17000000000001,1.3529519039357385,0.6477045203151355,-0.4999999999999892,0.7013471593880176,0.38485342926672583,1.0824674490095276e-14,5.783148476483209,70,255,255,255
1117,22.34,34.293765353955145,5.833873515143252,-21.180000000000007,1.352569546189309,0.6485026003966727,-0.49999999999998923,0.7011365513295295,0.38523698730746797,-4.052314039881821e-15,5.788384464239192,70,255,255,255
1118,22.36,34.32080909446905,5.846859511409095,-21.190000000000005,1.3521870256953363,0.6492998132921337,-0.4999999999999893,0.7009265135088067,0.3856190123170648,-3.885780586188048e-15,5.793620451995175,70,255,255,255
1119,22.38,34.34784518155428,5.859861434156128,-21.200000000000003,1.3518043542615403,0.6500961373516537,-0.49999999999998934,0.7007170444843954,0.3859995123948395,-3.7192471324942744e-15,5.798856439751158,70,255,255,255
1120,22.400000000000002,34.37487361242562,5.872879265182571,-21.210000000000004,1.3514215435671695,0.6508915513221301,-0.49999999999999,0.7005081428114457,0.3863784955906052,-3.197442310920451e-14,5.8040924275071415,70,255,255,255
1121,22.42,34.401894384528894,5.885912985869411,-21.220000000000006,1.3510386051640324,0.6516860343420181,-0.49999999999999034,0.7002998070418568,0.3867559699049753,-1.5765166949677223e-14,5.809328415263124,70,255,255,255
1122,22.44,34.428907495538446,5.898962577188135,-21.230000000000008,1.3506555504775175,0.6524795659361865,-0.49999999999999034,0.700092035724419,0.38713194328967326,-5.551115123125783e-16,5.814564403019108,70,255,255,255
1123,22.46,34.4559129433546,5.912028019708352,-21.24000000000001,1.3502723908076062,0.6532721260108316,-0.49999999999999034,0.6998848274049533,0.3875064236478395,-5.551115123125783e-16,5.81980039077509,70,255,255,255
1124,22.48,34.482910726101196,5.9251092936053205,-21.25000000000001,1.3498891373298747,0.65406369484845,-0.49999999999999034,0.6996781806264479,0.38787941883433796,-5.551115123125783e-16,5.825036378531073,70,255,255,255
1125,22.5,34.50990084212312,5.9382063786673775,-21.260000000000012,1.349505801096491,0.6548542531028697,-0.49999999999999006,0.6994720939291945,0.3882509366560603,1.3655743202889425e-14,5.830272366287056,70,255,255,255
1126,22.52,34.53688328998387,5.9513192543032645,-21.270000000000014,1.3491223930371992,0.6556437817943375,-0.4999999999999895,0.6992665658509197,0.3886209848722292,2.7033930649622562e-14,5.835508354043039,70,255,255,255
1127,22.54,34.56385806846308,5.9644478995493575,-21.280000000000012,1.3487389239602978,0.6564322623046631,-0.499999999999989,0.6990615949269166,0.3889895711946986,2.5368596112684827e-14,5.840744341799022,70,255,255,255
1128,22.56,34.59082517655415,5.977592293076806,-21.29000000000001,1.3483554045536106,0.6572196763724204,-0.49999999999998884,0.6988571796901724,0.3893567032882549,9.658940314238862e-15,5.845980329555005,70,255,255,255
1129,22.580000000000002,34.61778461346186,5.99075241319857,-21.300000000000008,1.3479718453854486,0.6580060060882026,-0.4999999999999887,0.6986533186714946,0.38972238877091364,9.159339953157541e-15,5.851216317310988,70,255,255,255
1130,22.6,34.644736378599966,6.0039282378763685,-21.310000000000006,1.3475882569055648,0.6587912338899339,-0.4999999999999888,0.6984500103996352,0.3900866352142168,-5.551115123125783e-15,5.856452305066972,70,255,255,255
1131,22.62,34.671680471588886,6.017119744727533,-21.320000000000004,1.3472046494460999,0.6595753425582336,-0.4999999999999892,0.6982472534014128,0.3904494501435279,-1.942890293094024e-14,5.861688292822954,70,255,255,255
1132,22.64,34.698616892253334,6.03032691103177,-21.330000000000005,1.346821033222523,0.6603583152118366,-0.49999999999998956,0.6980450462018317,0.39081084103832464,-1.8263168755083825e-14,5.866924280578937,70,255,255,255
1133,22.66,34.72554564062003,6.043549713737831,-21.340000000000007,1.346437418334564,0.6611401353030647,-0.4999999999999896,0.6978433873242005,0.39117081533249115,-2.886579864025407e-15,5.8721602683349206,70,255,255,255
1134,22.68,34.75246671691537,6.056788129470098,-21.35000000000001,1.346053814767137,0.6619207866133512,-0.4999999999999897,0.6976422752902475,0.39152938041460794,-2.7200464103316335e-15,5.877396256090903,70,255,255,255
1135,22.7,34.7793801215632,6.070042134535075,-21.36000000000001,1.3456702323912613,0.6627002532488191,-0.49999999999998973,0.6974417086202337,0.39188654362824066,-2.55351295663786e-15,5.882632243846886,70,255,255,255
1136,22.72,34.8062858551825,6.083311704927793,-21.37000000000001,1.345286680964969,0.6634785196359089,-0.4999999999999895,0.6972416858330667,0.39224231227222706,1.1823875212257917e-14,5.8878682316028685,70,255,255,255
1137,22.740000000000002,34.833183918585185,6.096596816338134,-21.38000000000001,1.3449031701342133,0.664255570517059,-0.4999999999999893,0.6970422054464079,0.392596693600962,1.1157741397482823e-14,5.893104219358852,70,255,255,255
1138,22.76,34.86007431277386,6.109897444157062,-21.390000000000008,1.3445197094337626,0.6650313909464349,-0.49999999999998934,0.696843265976783,0.3929496948246818,-3.7192471324942744e-15,5.898340207114836,70,255,255,255
1139,22.78,34.88695703893962,6.123213563482777,-21.40000000000001,1.3441363082880955,0.6658059662857114,-0.4999999999999894,0.696644865939686,0.39330132310974625,-3.552713678800501e-15,5.903576194870818,70,255,255,255
1140,22.8,34.913832098459864,6.136545149126775,-21.410000000000007,1.3437529760122824,0.6665792821999004,-0.4999999999999892,0.6964470038496848,0.3936515855789193,1.0824674490095276e-14,5.908812182626801,70,255,255,255
1141,22.82,34.94069949289612,6.149892175619839,-21.420000000000005,1.3433697218128666,0.6673513246532308,-0.49999999999998923,0.6962496782205233,0.39400048931164783,-4.052314039881821e-15,5.9140481703827845,70,255,255,255
1142,22.84,34.9675592239919,6.16325461721794,-21.430000000000007,1.342986554788735,0.6681220799050755,-0.4999999999999896,0.6960528875652214,0.3943480413443397,-1.8096635301390052e-14,5.919284158138767,70,255,255,255
1143,22.86,34.99441129367054,6.176632447908059,-21.44000000000001,1.3426034839319858,0.6688915345059269,-0.4999999999999897,0.6958566303961755,0.39469424867063935,-2.7200464103316335e-15,5.92452014589475,70,255,255,255
1144,22.88,35.021255704033116,6.190025641413927,-21.45000000000001,1.342220518128788,0.6696596752934187,-0.49999999999998945,0.6956609052252531,0.39503911824170207,1.1657341758564144e-14,5.9297561336507325,70,255,255,255
1145,22.900000000000002,35.04809245735632,6.203434171201694,-21.46000000000001,1.3418376661602365,0.6704264893883966,-0.4999999999999895,0.6954657105638906,0.395382656966467,-3.219646771412954e-15,5.934992121406716,70,255,255,255
1146,22.92,35.07492155609038,6.216858010485515,-21.47000000000001,1.341454936703199,0.6711919641910329,-0.4999999999999893,0.6952710449231855,0.39572487171192794,1.1157741397482823e-14,5.9402281091627,70,255,255,255
1147,22.94,35.101743002857006,6.230297132233055,-21.480000000000008,1.3410723383311605,0.6719560873769901,-0.49999999999998906,0.6950769068139891,0.39606576930340365,1.049160758270773e-14,5.945464096918682,70,255,255,255
1148,22.96,35.128556800447306,6.243751509170927,-21.490000000000006,1.3406898795150608,0.6727188468936275,-0.4999999999999892,0.6948832947469971,0.3964053565248055,-4.385380947269368e-15,5.950700084674666,70,255,255,255
1149,22.98,35.15536295181979,6.257221113790052,-21.500000000000007,1.3403075686241241,0.6734802309562535,-0.49999999999998956,0.6946902072328367,0.3967436401189038,-1.8263168755083825e-14,5.9559360724306485,70,255,255,255
1150,23.0,35.18216146009832,6.270705918350941,-21.51000000000001,1.339925413926687,0.6742402280444236,-0.4999999999999896,0.6944976427821565,0.39708062678759365,-2.886579864025407e-15,5.961172060186631,70,255,255,255
1151,23.02,35.20895231621363,6.284205919410516,-21.52000000000001,1.3395428057657084,0.6750000529787632,-0.4999999999999894,0.6942710833568788,0.39747661920478505,1.149080830487037e-14,5.966408047942614,70,255,255,255
1152,23.04,35.23573551138375,6.297721112952575,-21.53000000000001,1.3391597585059356,0.6757596771029803,-0.4999999999999892,0.6940450847249796,0.39787111024689387,1.0824674490095276e-14,5.9716440356985965,70,255,255,255
1153,23.06,35.26251103711099,6.311251494396941,-21.540000000000006,1.3387762863619002,0.6765190722182485,-0.49999999999998923,0.6938196457419484,0.39826410732391765,-4.052314039881821e-15,5.97688002345458,70,255,255,255
1154,23.080000000000002,35.28927888517897,6.3247970586084925,-21.550000000000004,1.338392403399258,0.6772782105775719,-0.4999999999999893,0.6935947652575267,0.3986556178048372,-3.885780586188048e-15,5.982116011210564,70,255,255,255
1155,23.1,35.316039047649696,6.338357799906097,-21.560000000000006,1.3380081235361116,0.6780370648802122,-0.4999999999999896,0.693370442115857,0.3990456490178297,-1.7930101847696278e-14,5.987351998966546,70,255,255,255
1156,23.12,35.34279151686058,6.35193371207142,-21.570000000000007,1.337623460544317,0.6787956082661747,-0.49999999999998995,0.6931466751556344,0.39943420825048204,-1.6930901125533637e-14,5.992587986722529,70,255,255,255
1157,23.14,35.369536285421596,6.365524788357636,-21.58000000000001,1.3372384280507736,0.6795538143107547,-0.49999999999999,0.6929234632102529,0.3998213027500029,-1.7208456881689926e-15,5.9978239744785125,70,255,255,255
1158,23.16,35.39627334621237,6.379131021498019,-21.59000000000001,1.3368530395387022,0.6803116570191436,-0.49999999999998973,0.6927008051079504,0.4002069397234355,1.2656542480726785e-14,6.003059962234495,70,255,255,255
1159,23.18,35.42300269237935,6.39275240371444,-21.600000000000012,1.3364673083489043,0.6810691108210933,-0.4999999999999895,0.6924786996719527,0.4005911263378679,1.1823875212257917e-14,6.008295949990478,70,255,255,255
1160,23.2,35.44972431733297,6.406388926725753,-21.61000000000001,1.3360812476810096,0.6818261505656389,-0.4999999999999893,0.692257145720614,0.400973869720645,1.1157741397482823e-14,6.01353193774646,70,255,255,255
1161,23.22,35.47643821474487,6.42004058175607,-21.620000000000008,1.3356948705947076,0.6825827515158784,-0.49999999999998906,0.6920361420675555,0.4013551769595781,1.049160758270773e-14,6.018767925502444,70,255,255,255
1162,23.240000000000002,35.50314437854509,6.433707359542947,-21.630000000000006,1.3353081900109676,0.6833388893438113,-0.4999999999999892,0.6918156875218031,0.4017350551031551,-4.385380947269368e-15,6.0240039132584275,70,255,255,255
1163,23.26,35.529842802919354,6.447389250345451,-21.640000000000008,1.3349212187132422,0.6840945401252313,-0.49999999999998956,0.6915957808879217,0.4021135111607494,-1.8263168755083825e-14,6.02923990101441,70,255,255,255
1164,23.28,35.55653348230633,6.461086243952145,-21.65000000000001,1.33453396934866,0.6848496803346772,-0.4999999999999896,0.6913764209661482,0.40249055210282825,-2.886579864025407e-15,6.034475888770393,70,255,255,255
1165,23.3,35.583216411394915,6.474798329688953,-21.66000000000001,1.3341464544292037,0.6856042868404374,-0.4999999999999894,0.691157606552523,0.4028661848611619,1.149080830487037e-14,6.039711876526376,70,255,255,255
1166,23.32,35.609891585121574,6.488525496426946,-21.67000000000001,1.3337586863328765,0.686358336899611,-0.4999999999999892,0.6909393364390184,0.40324041632902946,1.0824674490095276e-14,6.044947864282359,70,255,255,255
1167,23.34,35.636558998667674,6.502267732590011,-21.680000000000007,1.3333706773048557,0.6871118081532221,-0.49999999999998923,0.6907216094136658,0.4036132533614267,-4.052314039881821e-15,6.050183852038342,70,255,255,255
1168,23.36,35.663218647456844,6.516025026162438,-21.690000000000005,1.3329824394586351,0.687864678621389,-0.4999999999999893,0.6905044242606817,0.4039847027752716,-3.885780586188048e-15,6.055419839794324,70,255,255,255
1169,23.38,35.68987052715239,6.529797364696409,-21.700000000000003,1.3325939847771526,0.6886169266985451,-0.49999999999998934,0.69028777976059,0.4043547713496102,-3.7192471324942744e-15,6.060655827550308,70,255,255,255
1170,23.400000000000002,35.71651463365467,6.543584735319384,-21.710000000000004,1.3322053251139112,0.6893685311487158,-0.49999999999999,0.6900716746903436,0.40472346582582097,-3.197442310920451e-14,6.0658918153062915,70,255,255,255
1171,23.42,35.74315096309855,6.557387124741401,-21.720000000000006,1.3318164721940828,0.6901194711008432,-0.49999999999999034,0.689856107823446,0.4050907929078197,-1.5765166949677223e-14,6.071127803062274,70,255,255,255
1172,23.44,35.769779511850864,6.571204519262284,-21.730000000000008,1.3314274376156057,0.6908697260441672,-0.49999999999999034,0.6896410779300666,0.405456759262262,-5.551115123125783e-16,6.076363790818257,70,255,255,255
1173,23.46,35.79640027650787,6.5850369047787565,-21.74000000000001,1.3310382328502675,0.691619275823655,-0.49999999999999034,0.6894265837771584,0.40582137151874703,-5.551115123125783e-16,6.08159977857424,70,255,255,255
1174,23.48,35.82301325389276,6.598884266791466,-21.75000000000001,1.330648869244781,0.6923681006354826,-0.49999999999999034,0.6892126241285722,0.40618463627001916,-5.551115123125783e-16,6.086835766330223,70,255,255,255
1175,23.5,35.849618441053195,6.612746590411917,-21.760000000000012,1.3302593580218458,0.6931161810225662,-0.49999999999999006,0.6889991977451689,0.40654656007216916,1.3655743202889425e-14,6.092071754086206,70,255,255,255
1176,23.52,35.87621583525882,6.62662386036932,-21.770000000000014,1.3298697102812023,0.693863497870144,-0.4999999999999895,0.688786303384931,0.4069071494448356,2.7033930649622562e-14,6.097307741842188,70,255,255,255
1177,23.54,35.90280543399883,6.640516061017348,-21.780000000000012,1.3294799370006742,0.6946100324014066,-0.499999999999989,0.6885739398030718,0.4072664108714047,2.5368596112684827e-14,6.102543729598171,70,255,255,255
1178,23.56,35.92938723497957,6.654423176340812,-21.79000000000001,1.3290900490372028,0.695355766173177,-0.49999999999998884,0.6883621057521425,0.40762435079920856,9.658940314238862e-15,6.107779717354155,70,255,255,255
1179,23.580000000000002,35.95596123612213,6.668345189962245,-21.800000000000008,1.3287000571278687,0.696100681071638,-0.4999999999999887,0.6881507999821388,0.40798097563972574,9.159339953157541e-15,6.113015705110138,70,255,255,255
1180,23.6,35.982527435559945,6.682282085148406,-21.810000000000006,1.3283099718909073,0.6968447593081094,-0.4999999999999888,0.687940021240605,0.408336291768777,-5.551115123125783e-15,6.118251692866121,70,255,255,255
1181,23.62,36.009085831636476,6.696233844816704,-21.820000000000004,1.3279198038267124,0.6975879834148702,-0.4999999999999892,0.6877297682727375,0.4086903055267241,-1.942890293094024e-14,6.1234876806221035,70,255,255,255
1182,23.64,36.035636422902854,6.710200451541525,-21.830000000000005,1.3275295633188327,0.6983303362410292,-0.49999999999998956,0.6875200398214838,0.40904302321866504,-1.8263168755083825e-14,6.128723668378087,70,255,255,255
1183,23.66,36.06217920811555,6.724181887560493,-21.840000000000007,1.327139260634957,0.699071800948443,-0.4999999999999896,0.6873108346276453,0.40939445111463046,-2.886579864025407e-15,6.13395965613407,70,255,255,255
1184,23.68,36.08871418623411,6.738178134780647,-21.85000000000001,1.3267489059278927,0.6998123610076772,-0.4999999999999897,0.6871021514299731,0.4097445954497782,-2.7200464103316335e-15,6.139195643890052,70,255,255,255
1185,23.7,36.115241356418835,6.752189174784527,-21.86000000000001,1.3263585092365349,0.7005520001940161,-0.49999999999998973,0.6868939889652653,0.41009346242458694,-2.55351295663786e-15,6.144431631646035,70,255,255,255
1186,23.72,36.14176071802857,6.7662149888361975,-21.87000000000001,1.3259680804868264,0.701290702583516,-0.4999999999999895,0.6866863459684621,0.4104410582050504,1.1823875212257917e-14,6.149667619402019,70,255,255,255
1187,23.740000000000002,36.168272270618424,6.7802555578871795,-21.88000000000001,1.3255776294927097,0.7020284525491032,-0.4999999999999893,0.6864792211727395,0.4107873889228699,1.1157741397482823e-14,6.154903607158002,70,255,255,255
1188,23.76,36.19477601393756,6.794310862582313,-21.890000000000008,1.3251871659570722,0.7027652347567171,-0.49999999999998934,0.6862726133096012,0.41113246067564496,-3.7192471324942744e-15,6.160139594913985,70,255,255,255
1189,23.78,36.221271947927015,6.808380883265543,-21.90000000000001,1.3247966994726799,0.7035010341614959,-0.4999999999999894,0.6860665211089693,0.41147627952706606,-3.552713678800501e-15,6.165375582669967,70,255,255,255
1190,23.8,36.247760072717476,6.822465599985623,-21.910000000000007,1.324406239523107,0.7042358360040066,-0.4999999999999892,0.6858609432992742,0.41181885150710373,1.0824674490095276e-14,6.170611570425951,70,255,255,255
1191,23.82,36.27424038862715,6.836564992501754,-21.920000000000005,1.324015795483656,0.7049696258065177,-0.49999999999998923,0.6856558786075414,0.4121601826121982,-4.052314039881821e-15,6.175847558181934,70,255,255,255
1192,23.84,36.300712896159595,6.85067904028914,-21.930000000000007,1.3236253766222683,0.7057023893693133,-0.4999999999999896,0.6854513257594789,0.4125002788054485,-1.8096635301390052e-14,6.181083545937916,70,255,255,255
1193,23.86,36.327177596001604,6.864807722544481,-21.94000000000001,1.3232349921004314,0.7064341127670514,-0.4999999999999897,0.685247283479562,0.4128391460168003,-2.7200464103316335e-15,6.186319533693899,70,255,255,255
1194,23.88,36.35363448902108,6.878951018191384,-21.95000000000001,1.3228446509740746,0.7071647823451614,-0.49999999999998945,0.6850437504911168,0.4131767901432322,1.1657341758564144e-14,6.1915555214498825,70,255,255,255
1195,23.900000000000002,36.38008357626497,6.89310890588571,-21.96000000000001,1.3224543621944589,0.7078943847162847,-0.4999999999999895,0.6848407255164031,0.4135132170489437,-3.219646771412954e-15,6.196791509205866,70,255,255,255
1196,23.92,36.406524858957155,6.907281364020846,-21.97000000000001,1.3220641346090618,0.7086229067567549,-0.4999999999999893,0.6846382072766952,0.4138484325655386,1.1157741397482823e-14,6.202027496961849,70,255,255,255
1197,23.94,36.432958338496405,6.921468370732908,-21.980000000000008,1.3216739769624513,0.7093503356031189,-0.49999999999998906,0.6844361944923618,0.4141824424922114,1.049160758270773e-14,6.207263484717831,70,255,255,255
1198,23.96,36.45938401645435,6.9356699039058824,-21.990000000000006,1.3212838978971553,0.7100766586486981,-0.4999999999999892,0.6842346858829447,0.4145152525959306,-4.385380947269368e-15,6.212499472473815,70,255,255,255
1199,23.98,36.48580189457344,6.949885941176686,-22.000000000000007,1.320893905954523,0.7108018635401877,-0.49999999999998956,0.6840336801672359,0.41484686861162134,-1.8263168755083825e-14,6.217735460229798,70,255,255,255
1200,24.0,36.51221197476495,6.964116459940172,-22.01000000000001,1.3205040095755807,0.7115259381742975,-0.4999999999999896,0.6838331760633531,0.4151772962423489,-2.886579864025407e-15,6.22297144798578,70,255,255,255
1201,24.02,36.53861424788182,6.978361458159282,-22.02000000000001,1.320113655843274,0.7122499109554918,-0.4999999999999894,0.6836021065007126,0.4155576494155635,1.149080830487037e-14,6.228207435741763,70,255,255,255
1202,24.04,36.565008705054055,6.992620933275247,-22.03000000000001,1.3197228586119687,0.7129737557982438,-0.4999999999999892,0.6833715606035842,0.4159366660421056,1.0824674490095276e-14,6.233443423497746,70,255,255,255
1203,24.060000000000002,36.59139533768588,7.006894882215646,-22.040000000000006,1.3193316315912336,0.7136974470199638,-0.49999999999998923,0.6831415374296003,0.41631435218873053,-4.052314039881821e-15,6.238679411253729,70,255,255,255
1204,24.080000000000002,36.61777413745283,7.0211833014023695,-22.050000000000004,1.3189399883471622,0.7144209593361519,-0.4999999999999893,0.6829120360311498,0.4166907138919581,-3.885780586188048e-15,6.243915399009713,70,255,255,255
1205,24.1,36.6441450962989,7.035486186759481,-22.060000000000006,1.3185479423036823,0.7151442678556026,-0.4999999999999896,0.6826830554554979,0.41706575715820376,-1.7930101847696278e-14,6.249151386765695,70,255,255,255
1206,24.12,36.67050820643377,7.049803533720994,-22.070000000000007,1.3181555067438446,0.7158673480756598,-0.49999999999998995,0.6824545947449032,0.41743948796390823,-1.6930901125533637e-14,6.254387374521678,70,255,255,255
1207,24.14,36.69686346032999,7.064135337238545,-22.08000000000001,1.3177626948111028,0.7165901758775236,-0.49999999999999,0.6822266529367362,0.4178119122556681,-1.7208456881689926e-15,6.259623362277662,70,255,255,255
1208,24.16,36.72321085072021,7.078481591788977,-22.09000000000001,1.317369519510572,0.7173127275216054,-0.49999999999998973,0.6819992290635927,0.4181830359503663,1.2656542480726785e-14,6.264859350033644,70,255,255,255
1209,24.18,36.74955037059441,7.092842291381835,-22.100000000000012,1.3169759937102774,0.718034979642933,-0.4999999999999895,0.6817723221534084,0.41855286493530197,1.1823875212257917e-14,6.270095337789627,70,255,255,255
1210,24.2,36.77588201319726,7.107217429566767,-22.11000000000001,1.3165821301423872,0.7187569092466062,-0.4999999999999893,0.6815459312295714,0.4189214050683209,1.1157741397482823e-14,6.27533132554561,70,255,255,255
1211,24.22,36.80220577202535,7.121606999440833,-22.120000000000008,1.3161879414044304,0.7194784937032987,-0.49999999999998906,0.6813200553110326,0.41928866217794586,1.049160758270773e-14,6.280567313301593,70,255,255,255
1212,24.240000000000002,36.82852164082456,7.136010993655729,-22.130000000000006,1.3157934399605022,0.72019971074481,-0.4999999999999892,0.6810946934124137,0.4196546420635072,-4.385380947269368e-15,6.285803301057577,70,255,255,255
1213,24.26,36.85482961358741,7.150429404424922,-22.140000000000008,1.3153986381424558,0.7209205384596642,-0.49999999999998956,0.6808698445441169,0.42001935049527195,-1.8263168755083825e-14,6.291039288813559,70,255,255,255
1214,24.28,36.88112968455044,7.164862223530697,-22.15000000000001,1.3150035481510807,0.721640955288756,-0.4999999999999896,0.6806455077124302,0.4203827932145749,-2.886579864025407e-15,6.296275276569542,70,255,255,255
1215,24.3,36.90742184819158,7.179309442331118,-22.16000000000001,1.3146081820572675,0.7223609400210443,-0.4999999999999894,0.6804216819196324,0.4207449759339484,1.149080830487037e-14,6.3015112643255256,70,255,255,255
1216,24.32,36.93370609922764,7.1937710517669045,-22.17000000000001,1.3142125518031613,0.7230804717892908,-0.4999999999999892,0.6801983661640961,0.4211059043372514,1.0824674490095276e-14,6.306747252081508,70,255,255,255
1217,24.34,36.95998243261171,7.208247042368221,-22.180000000000007,1.3138166692033024,0.7237995300658465,-0.49999999999998923,0.6799755594403909,0.4214655840798007,-4.052314039881821e-15,6.311983239837491,70,255,255,255
1218,24.36,36.98625084353063,7.222737404261391,-22.190000000000005,1.3134205459457542,0.7245180946584822,-0.4999999999999893,0.6797532607393829,0.4218240207884995,-3.885780586188048e-15,6.3172192275934735,70,255,255,255
1219,24.38,37.01251132740249,7.2372421271755165,-22.200000000000003,1.313024193593219,0.7252361457062639,-0.49999999999998934,0.6795314690483354,0.42218122006196707,-3.7192471324942744e-15,6.322455215349457,70,255,255,255
1220,24.400000000000002,37.038763879874175,7.251761200449026,-22.210000000000004,1.3126276235841434,0.725953663675475,-0.49999999999999,0.6793101833510057,0.4225371874706687,-3.197442310920451e-14,6.327691203105441,70,255,255,255
1221,24.42,37.06500849681885,7.266294613036138,-22.220000000000006,1.3122308472338111,0.7266706293555798,-0.49999999999999034,0.6790894026277422,0.4228919285570443,-1.5765166949677223e-14,6.332927190861423,70,255,255,255
1222,24.44,37.09124517433356,7.2808423535132425,-22.230000000000008,1.3118338757354246,0.7273870238552336,-0.49999999999999034,0.6788691258555801,0.42324544883563797,-5.551115123125783e-16,6.338163178617406,70,255,255,255
1223,24.46,37.117473908736784,7.295404410085209,-22.24000000000001,1.311436720161177,0.728102828598334,-0.49999999999999034,0.6786493520083349,0.4235977537932269,-5.551115123125783e-16,6.3433991663733895,70,255,255,255
1224,24.48,37.14369469656605,7.309980770591611,-22.25000000000001,1.3110393914633098,0.7288180253201166,-0.49999999999999034,0.6784300800566957,0.42394884888894974,-5.551115123125783e-16,6.348635154129372,70,255,255,255
1225,24.5,37.16990753457556,7.324571422512877,-22.260000000000012,1.3106419004751648,0.7295325960632932,-0.49999999999999006,0.6782113089683165,0.4242987395544355,1.3655743202889425e-14,6.353871141885355,70,255,255,255
1226,24.52,37.1961124197338,7.339176352976361,-22.270000000000014,1.310244257912221,0.730246523174231,-0.4999999999999895,0.6779930377079068,0.4246474311939318,2.7033930649622562e-14,6.3591071296413375,70,255,255,255
1227,24.54,37.22230934922126,7.353795548762345,-22.280000000000012,1.3098464743731248,0.7309597892991753,-0.499999999999989,0.6777752652373193,0.42499492918443316,2.5368596112684827e-14,6.36434311739732,70,255,255,255
1228,24.560000000000002,37.24849832042808,7.368428996309955,-22.29000000000001,1.309448560340707,0.7316723773805117,-0.49999999999998884,0.67755799051564,0.4253412388758091,9.658940314238862e-15,6.369579105153304,70,255,255,255
1229,24.580000000000002,37.274679330951734,7.383076681723017,-22.300000000000008,1.3090505261829921,0.7323842706530718,-0.4999999999999887,0.6773412124992725,0.4256863655909308,9.159339953157541e-15,6.374815092909287,70,255,255,255
1230,24.6,37.30085237859482,7.397738590775826,-22.310000000000006,1.3086523821541975,0.7330954526404758,-0.4999999999999888,0.6771249301420248,0.4260303146258001,-5.551115123125783e-15,6.38005108066527,70,255,255,255
1231,24.62,37.327017461362736,7.412414708918856,-22.320000000000004,1.308254138395723,0.7338059071515198,-0.4999999999999892,0.6769091423951928,0.426373091249676,-1.942890293094024e-14,6.385287068421253,70,255,255,255
1232,24.64,37.35317457746148,7.427105021284388,-22.330000000000005,1.3078558049371292,0.7345156182765986,-0.49999999999998956,0.6766938482076441,0.4267147007052017,-1.8263168755083825e-14,6.390523056177236,70,255,255,255
1233,24.66,37.37932372529542,7.441809512692071,-22.340000000000007,1.3074573916971104,0.7352245703841711,-0.4999999999999896,0.676479046525899,0.4270551482085313,-2.886579864025407e-15,6.395759043933219,70,255,255,255
1234,24.68,37.40546490346511,7.456528167654416,-22.35000000000001,1.3070589084844546,0.7359327481172628,-0.4999999999999897,0.6762647362942116,0.4273944389494565,-2.7200464103316335e-15,6.4009950316892015,70,255,255,255
1235,24.7,37.43159811076509,7.471260970382216,-22.36000000000001,1.3066603649989965,0.7366401363900077,-0.49999999999998973,0.676050916454649,0.4277325780915326,-2.55351295663786e-15,6.406231019445184,70,255,255,255
1236,24.72,37.45772334618174,7.486007904789901,-22.37000000000001,1.3062617708325626,0.737346720384229,-0.4999999999999895,0.6758375859471714,0.4280695707722049,1.1823875212257917e-14,6.411467007201168,70,255,255,255
1237,24.740000000000002,37.483840608891136,7.500768954500821,-22.38000000000001,1.305863135469904,0.7380524855460561,-0.4999999999999893,0.6756247437097069,0.42840542210293386,1.1157741397482823e-14,6.416702994957151,70,255,255,255
1238,24.76,37.50994989825693,7.515544102852473,-22.390000000000008,1.3054644682896264,0.738757417582581,-0.49999999999998934,0.6754123886782297,0.4287401371693207,-3.7192471324942744e-15,6.421938982713134,70,255,255,255
1239,24.78,37.53605121382823,7.530333332901645,-22.40000000000001,1.305065778565105,0.7394615024585499,-0.4999999999999894,0.675200519786835,0.4290737210312325,-3.552713678800501e-15,6.427174970469117,70,255,255,255
1240,24.8,37.56214455533754,7.545136627429507,-22.410000000000007,1.3046670754653984,0.7401647263930944,-0.4999999999999892,0.6749891359678123,0.42940617872292686,1.0824674490095276e-14,6.4324109582251,70,255,255,255
1241,24.82,37.58822992269866,7.559953968946637,-22.420000000000005,1.3042683680561475,0.740867075856495,-0.49999999999998923,0.6747782361517193,0.4297375152531769,-4.052314039881821e-15,6.437646945981083,70,255,255,255
1242,24.84,37.61430731600467,7.574785339697977,-22.430000000000007,1.303869665300471,0.7415685375669849,-0.4999999999999896,0.6745678192674539,0.43006773560539474,-1.8096635301390052e-14,6.442882933737065,70,255,255,255
1243,24.86,37.64037673552587,7.589630721667729,-22.44000000000001,1.3034709760598526,0.742269098487587,-0.4999999999999897,0.6743578842423245,0.43039684473775586,-2.7200464103316335e-15,6.448118921493048,70,255,255,255
1244,24.88,37.66643818170777,7.604490096584189,-22.45000000000001,1.303072309095017,0.7429687458229861,-0.49999999999998945,0.6741484300021207,0.43072484758332186,1.1657341758564144e-14,6.453354909249032,70,255,255,255
1245,24.900000000000002,37.69249165516911,7.619363445924518,-22.46000000000001,1.3026736730668027,0.7436674670164379,-0.4999999999999895,0.6739394554711821,0.4310517490501652,-3.219646771412954e-15,6.458590897005015,70,255,255,255
1246,24.92,37.718537156699846,7.634250750919452,-22.47000000000001,1.3022750765370257,0.7443652497467114,-0.4999999999999893,0.6737309595724663,0.4313775540214902,1.1157741397482823e-14,6.463826884760998,70,255,255,255
1247,24.94,37.74457468725923,7.649151992557953,-22.480000000000008,1.3018765279693338,0.7450620819250651,-0.49999999999998906,0.673522941227616,0.431702267355757,1.049160758270773e-14,6.4690628725169805,70,255,255,255
1248,24.96,37.77060424797383,7.664067151591798,-22.490000000000006,1.3014780357300568,0.7457579516922584,-0.4999999999999892,0.6733153993570242,0.43202589388680285,-4.385380947269368e-15,6.474298860272964,70,255,255,255
1249,24.98,37.79662584013561,7.67899620854011,-22.500000000000007,1.3010796080890472,0.7464528474155963,-0.49999999999998956,0.6731083328799008,0.43234843842396453,-1.8263168755083825e-14,6.479534848028947,70,255,255,255
1250,25.0,37.82263946520002,7.6939391436938305,-22.51000000000001,1.3006812532205148,0.7471467576860061,-0.4999999999999896,0.6729017407143356,0.4326699057521996,-2.886579864025407e-15,6.484770835784929,70,255,255,255
1251,25.02,37.84864511525333,7.708895953691438,-22.52000000000001,1.300282502665745,0.74784049988036,-0.4999999999999894,0.6726694457327368,0.4330309651486977,1.149080830487037e-14,6.490006823540912,70,255,255,255
1252,25.04,37.874642782633956,7.7238666347302765,-22.53000000000001,1.2998833690310176,0.7485340519419078,-0.4999999999999892,0.6724376322869288,0.43339085210044453,1.0824674490095276e-14,6.495242811296896,70,255,255,255
1253,25.060000000000002,37.900632459929774,7.73885118257328,-22.540000000000006,1.2994838647908808,0.7492273921501773,-0.49999999999998923,0.6722062996065398,0.43374957149175725,-4.052314039881821e-15,6.500478799052879,70,255,255,255
1254,25.080000000000002,37.92661413997556,7.75384959255562,-22.550000000000004,1.2990840022893562,0.7499204991169851,-0.4999999999999893,0.6719754469167127,0.4341071281850649,-3.885780586188048e-15,6.505714786808862,70,255,255,255
1255,25.1,37.952587815850386,7.76886185959127,-22.560000000000006,1.2986837937411302,0.750613351782491,-0.4999999999999896,0.6717450734381958,0.4344635270209836,-1.7930101847696278e-14,6.5109507745648445,70,255,255,255
1256,25.12,37.97855348087504,7.7838879781794965,-22.570000000000007,1.2982832512327327,0.7513059294112917,-0.49999999999998995,0.6715151783874328,0.4348187728183942,-1.6930901125533637e-14,6.516186762320828,70,255,255,255
1257,25.14,38.004511128609515,7.798927942411268,-22.58000000000001,1.297882386723702,0.7519982115885568,-0.49999999999999,0.6712857609766516,0.43517287037451896,-1.7208456881689926e-15,6.521422750076811,70,255,255,255
1258,25.16,38.030460752850466,7.8139817459755925,-22.59000000000001,1.2974812120477344,0.7526901782162049,-0.49999999999998973,0.6710568204139525,0.43552582446499816,1.2656542480726785e-14,6.526658737832793,70,255,255,255
1259,25.18,38.05640234762874,7.829049382165775,-22.600000000000012,1.2970797389138269,0.7533818095091214,-0.4999999999999895,0.6708283559033945,0.43587763984396904,1.1823875212257917e-14,6.531894725588776,70,255,255,255
1260,25.2,38.08233590720689,7.844130843885603,-22.61000000000001,1.2966779789074017,0.7540730859914151,-0.4999999999999893,0.6706003666450817,0.43622832124414174,1.1157741397482823e-14,6.53713071334476,70,255,255,255
1261,25.22,38.108261426076716,7.859226123655457,-22.620000000000008,1.2962759434914195,0.754763988492714,-0.49999999999998906,0.6703728518352473,0.43657787337687853,1.049160758270773e-14,6.542366701100742,70,255,255,255
1262,25.240000000000002,38.13417889895687,7.874335213618347,-22.630000000000006,1.295873644007485,0.7554544981445023,-0.4999999999999892,0.6701458106663377,0.4369263009322705,-4.385380947269368e-15,6.547602688856726,70,255,255,255
1263,25.26,38.16008832079041,7.889458105545877,-22.640000000000008,1.2954710916769345,0.7561445963764941,-0.49999999999998956,0.6699192423270955,0.43727360857921704,-1.8263168755083825e-14,6.5528386766127085,70,255,255,255
1264,25.28,38.185989686742445,7.904594790844138,-22.65000000000001,1.2950682976019168,0.7568342649130477,-0.4999999999999896,0.6696931460026402,0.437619800965503,-2.886579864025407e-15,6.558074664368692,70,255,255,255
1265,25.3,38.21188299219777,7.91974526055953,-22.66000000000001,1.2946652727664594,0.757523485769616,-0.4999999999999894,0.6694675208745495,0.4379648827178782,1.149080830487037e-14,6.563310652124675,70,255,255,255
1266,25.32,38.23776823275852,7.934909505384515,-22.67000000000001,1.2942620280375259,0.7582122412492368,-0.4999999999999892,0.6692423661209388,0.4383088584421349,1.0824674490095276e-14,6.568546639880657,70,255,255,255
1267,25.34,38.26364540424184,7.950087515663296,-22.680000000000007,1.2938585741660606,0.758900513939059,-0.49999999999998923,0.6690176809165398,0.43865173272318775,-4.052314039881821e-15,6.57378262763664,70,255,255,255
1268,25.36,38.289514502677605,7.965279281397434,-22.690000000000005,1.293454921788025,0.759588286706907,-0.4999999999999893,0.6687934644327787,0.43899351012515175,-3.885780586188048e-15,6.579018615392624,70,255,255,255
1269,25.38,38.31537552430611,7.980484792251391,-22.700000000000003,1.2930510814254181,0.7602755426978808,-0.49999999999998934,0.6685697158378517,0.4393341951914217,-3.7192471324942744e-15,6.584254603148606,70,255,255,255
1270,25.400000000000002,38.34122846557586,7.995704037558011,-22.710000000000004,1.2926470634872935,0.7609622653309932,-0.49999999999999,0.6683464342968026,0.43967379244475097,-3.197442310920451e-14,6.58949059090459,70,255,255,255
1271,25.42,38.36707332314128,8.010937006323928,-22.720000000000006,1.2922428782707611,0.7616484382958442,-0.49999999999999034,0.6681236189715958,0.4400123063873302,-1.5765166949677223e-14,6.594726578660572,70,255,255,255
1272,25.44,38.392910093860515,8.026183687234914,-22.730000000000008,1.2918385359619808,0.7623340455493285,-0.49999999999999034,0.667901269021192,0.4403497415008681,-5.551115123125783e-16,6.599962566416556,70,255,255,255
1273,25.46,38.418738774793255,8.041444068661162,-22.74000000000001,1.2914340466371452,0.7630190713123804,-0.49999999999999034,0.6676793836016195,0.4406861022466688,-5.551115123125783e-16,6.605198554172539,70,255,255,255
1274,25.48,38.44455936319852,8.056718138662497,-22.75000000000001,1.291029420263454,0.7637035000667538,-0.49999999999999034,0.6674579618660476,0.4410213930657129,-5.551115123125783e-16,6.610434541928521,70,255,255,255
1275,25.5,38.47037185653252,8.072005884993533,-22.760000000000012,1.2906246667000767,0.7643873165518353,-0.49999999999999006,0.6672370029648567,0.4413556183787354,1.3655743202889425e-14,6.615670529684505,70,255,255,255
1276,25.52,38.4961762524465,8.087307295108763,-22.770000000000014,1.290219795699109,0.7650705057614945,-0.4999999999999895,0.6670165060457101,0.4416887825863065,2.7033930649622562e-14,6.6209065174404875,70,255,255,255
1277,25.54,38.52197254878463,8.102622356167583,-22.780000000000012,1.289814816906517,0.7657530529409649,-0.499999999999989,0.6667964702536214,0.44202089006890993,2.5368596112684827e-14,6.62614250519647,70,255,255,255
1278,25.560000000000002,38.5477607435819,8.117951055039258,-22.79000000000001,1.2894097398630728,0.7664349435837612,-0.49999999999998884,0.6665768947310253,0.4423519451870236,9.658940314238862e-15,6.631378492952454,70,255,255,255
1279,25.580000000000002,38.573540835062005,8.133293378307831,-22.800000000000008,1.289004574005283,0.7671161634286293,-0.4999999999999887,0.6663577786178435,0.44268195228119817,9.159339953157541e-15,6.636614480708437,70,255,255,255
1280,25.6,38.59931282163533,8.148649312276962,-22.810000000000006,1.2885993286663058,0.7677966984565289,-0.4999999999999888,0.6661391210515522,0.4430109156721373,-5.551115123125783e-15,6.64185046846442,70,255,255,255
1281,25.62,38.625076701896866,8.164018842974714,-22.820000000000004,1.2881940130768619,0.7684765348876498,-0.4999999999999892,0.6659209211672479,0.443338839660777,-1.942890293094024e-14,6.647086456220403,70,255,255,255
1282,25.64,38.65083247462419,8.179401956158284,-22.830000000000005,1.2877886363661348,0.7691556591784595,-0.49999999999998956,0.665703178097713,0.4436657285283649,-1.8263168755083825e-14,6.652322443976385,70,255,255,255
1283,25.66,38.67658013877544,8.194798637318659,-22.840000000000007,1.2873832075626634,0.7698340580187839,-0.4999999999999896,0.6654858909734794,0.4439915865365406,-2.886579864025407e-15,6.657558431732369,70,255,255,255
1284,25.68,38.70231969348735,8.210208871685237,-22.85000000000001,1.286977735595226,0.7705117183289194,-0.4999999999999897,0.6652690589228927,0.4443164179274147,-2.7200464103316335e-15,6.6627944194883515,70,255,255,255
1285,25.7,38.72805113807322,8.225632644230373,-22.86000000000001,1.286572229293718,0.7711886272567772,-0.49999999999998973,0.6650526810721741,0.4446402269236481,-2.55351295663786e-15,6.668030407244334,70,255,255,255
1286,25.72,38.75377447202102,8.241069939673874,-22.87000000000001,1.2861666973900183,0.7718647721750573,-0.4999999999999895,0.6648367565454831,0.44496301772853225,1.1823875212257917e-14,6.673266395000317,70,255,255,255
1287,25.740000000000002,38.7794896949914,8.256520742487444,-22.88000000000001,1.28576114851885,0.7725401406784553,-0.4999999999999893,0.664621284464978,0.4452847945260681,1.1157741397482823e-14,6.6785023827563,70,255,255,255
1288,25.76,38.80519680681577,8.271985036899062,-22.890000000000008,1.2853555912186334,0.7732147205808989,-0.49999999999998934,0.6644062639508769,0.4456055614810455,-3.7192471324942744e-15,6.683738370512284,70,255,255,255
1289,25.78,38.83089580749442,8.287462806897318,-22.90000000000001,1.2849500339323296,0.7738884999128138,-0.4999999999999894,0.6641916941215155,0.44592532273912333,-3.552713678800501e-15,6.688974358268267,70,255,255,255
1290,25.8,38.85658669719459,8.302954036235686,-22.910000000000007,1.2845444850082783,0.7745614669184218,-0.4999999999999892,0.663977574093408,0.44624408242690794,1.0824674490095276e-14,6.694210346024249,70,255,255,255
1291,25.82,38.88226947624861,8.318458708436747,-22.920000000000005,1.284138952701027,0.7752336100530667,-0.49999999999998923,0.6637639029813039,0.44656184465203286,-4.052314039881821e-15,6.699446333780233,70,255,255,255
1292,25.84,38.90794414515205,8.33397680679636,-22.930000000000007,1.2837334451721525,0.7759049179805703,-0.4999999999999896,0.6635506798982453,0.446878613503238,-1.8096635301390052e-14,6.7046823215362155,70,255,255,255
1293,25.86,38.93361070456187,8.349508314387771,-22.94000000000001,1.2833279704910785,0.7765753795706185,-0.4999999999999897,0.6633379039556239,0.44719439305044917,-2.7200464103316335e-15,6.709918309292198,70,255,255,255
1294,25.88,38.95926915529459,8.365053214065695,-22.95000000000001,1.2829225366358785,0.7772449838961735,-0.49999999999998945,0.6631255742632355,0.44750918734485673,1.1657341758564144e-14,6.715154297048181,70,255,255,255
1295,25.900000000000002,38.98491949832447,8.380611488470313,-22.96000000000001,1.2825171514940814,0.7779137202309183,-0.4999999999999895,0.6629136899293371,0.4478230004189947,-3.219646771412954e-15,6.720390284804164,70,255,255,255
1296,25.92,39.01056173478174,8.396183120031248,-22.97000000000001,1.2821118228634618,0.7785815780467268,-0.4999999999999893,0.6627022500606989,0.4481358362868194,1.1157741397482823e-14,6.725626272560148,70,255,255,255
1297,25.94,39.036195865950795,8.41176809097147,-22.980000000000008,1.2817065584528278,0.7792485470111623,-0.49999999999998906,0.6624912537626598,0.44844769894378905,1.049160758270773e-14,6.7308622603161306,70,255,255,255
1298,25.96,39.06182189326845,8.42736638331117,-22.990000000000006,1.2813013658828012,0.7799146169850052,-0.4999999999999892,0.6622807001391788,0.44875859236694193,-4.385380947269368e-15,6.736098248072113,70,255,255,255
1299,25.98,39.08743981832218,8.442977978871566,-23.000000000000007,1.2808962526865904,0.7805797780198063,-0.49999999999998956,0.6620705882928882,0.4490685205149755,-1.8263168755083825e-14,6.741334235828097,70,255,255,255
1300,26.0,39.113049642848395,8.458602859278676,-23.01000000000001,1.2804912263107568,0.7812440203554677,-0.4999999999999896,0.6618609173251448,0.4493774873283239,-2.886579864025407e-15,6.746570223584079,70,255,255,255
1301,26.02,39.138651361350156,8.474241018049984,-23.02000000000001,1.2800859250879988,0.7819079385654059,-0.4999999999999894,0.6616315530745654,0.44971511868752906,1.149080830487037e-14,6.751806211340062,70,255,255,255
1302,26.04,39.16424496854432,8.489892448361335,-23.03000000000001,1.2796803597079416,0.782571515567589,-0.4999999999999892,0.6614026241982562,0.4500517400295885,1.0824674490095276e-14,6.757042199096045,70,255,255,255
1303,26.060000000000002,39.18983045935928,8.505557143052187,-23.040000000000006,1.2792745407479926,0.7832347345425966,-0.49999999999998923,0.6611741300630826,0.45038735521251705,-4.052314039881821e-15,6.762278186852028,70,255,255,255
1304,26.080000000000002,39.21540782893277,8.521235094630796,-23.050000000000004,1.278868478674359,0.7838975789305201,-0.4999999999999893,0.6609460700323753,0.4507219680787243,-3.885780586188048e-15,6.767514174608012,70,255,255,255
1305,26.1,39.24097707260963,8.536926295279354,-23.060000000000006,1.2784621838430505,0.7845600324278943,-0.4999999999999896,0.6607184434659955,0.45105558245505856,-1.7930101847696278e-14,6.7727501623639945,70,255,255,255
1306,26.12,39.26653818593965,8.552630736859047,-23.070000000000007,1.2780556665008782,0.7852220789846629,-0.49999999999998995,0.6604912497204003,0.45138820215285175,-1.6930901125533637e-14,6.777986150119977,70,255,255,255
1307,26.14,39.292091164675384,8.568348410915071,-23.08000000000001,1.2776489367864377,0.7858837028011748,-0.49999999999999,0.6602644881487069,0.4517198309679643,-1.7208456881689926e-15,6.783222137875961,70,255,255,255
1308,26.16,39.31763600477001,8.584079308681575,-23.09000000000001,1.277242004731084,0.7865448883252126,-0.49999999999998973,0.660038158100756,0.4520504726808299,1.2656542480726785e-14,6.788458125631943,70,255,255,255
1309,26.18,39.343172702375206,8.599823421086557,-23.100000000000012,1.276834880259897,0.787205620249052,-0.4999999999999895,0.6598122589231752,0.452380131056501,1.1823875212257917e-14,6.793694113387926,70,255,255,255
1310,26.2,39.368701253839056,8.615580738756687,-23.11000000000001,1.2764275731926347,0.7878658835065526,-0.4999999999999893,0.6595867899594412,0.45270880984469475,1.1157741397482823e-14,6.798930101143909,70,255,255,255
1311,26.22,39.39422165570395,8.631351252022093,-23.120000000000008,1.2760200932446808,0.7885256632702805,-0.49999999999998906,0.6593617505499414,0.45303651277983875,1.049160758270773e-14,6.804166088899892,70,255,255,255
1312,26.240000000000002,39.41973390470451,8.647134950921066,-23.130000000000006,1.2756124500279784,0.789184944948659,-0.4999999999999892,0.6591371400320339,0.45336324358111646,-4.385380947269368e-15,6.809402076655876,70,255,255,255
1313,26.26,39.445237997765545,8.662931825204728,-23.140000000000008,1.2752046530519574,0.7898437141831521,-0.49999999999998956,0.6589129577401094,0.45368900595251455,-1.8263168755083825e-14,6.8146380644118585,70,255,255,255
1314,26.28,39.47073393200004,8.678741864341637,-23.15000000000001,1.2747967117244507,0.7905019568454765,-0.4999999999999896,0.6586892030056486,0.4540138035828684,-2.886579864025407e-15,6.819874052167841,70,255,255,255
1315,26.3,39.49622170470709,8.694565057522334,-23.16000000000001,1.2743886353526033,0.7911596590348436,-0.4999999999999894,0.6584658751572826,0.4543376401459095,1.149080830487037e-14,6.825110039923825,70,255,255,255
1316,26.32,39.52170131336997,8.710401393663838,-23.17000000000001,1.2739804331437694,0.7918168070752307,-0.4999999999999892,0.6582429735208503,0.45466051930031165,1.0824674490095276e-14,6.830346027679807,70,255,255,255
1317,26.34,39.547172755654096,8.726250861414092,-23.180000000000007,1.2735721142064056,0.7924733875126828,-0.49999999999998923,0.6580204974194561,0.4549824446897391,-4.052314039881821e-15,6.83558201543579,70,255,255,255
1318,26.36,39.57263602940512,8.742113449156346,-23.190000000000005,1.2731636875509484,0.7931293871126394,-0.4999999999999893,0.6577984461735269,0.4553034199428923,-3.885780586188048e-15,6.840818003191773,70,255,255,255
1319,26.38,39.59809113264693,8.757989145013491,-23.200000000000003,1.2727551620906912,0.7937847928572952,-0.49999999999998934,0.6575768191008676,0.45562344867355664,-3.7192471324942744e-15,6.846053990947756,70,255,255,255
1320,26.400000000000002,39.62353806357978,8.773877936852351,-23.210000000000004,1.2723465466426451,0.7944395919429841,-0.49999999999999,0.657355615516717,0.45594253448064936,-3.197442310920451e-14,6.85128997870374,70,255,255,255
1321,26.42,39.64897682057835,8.789779812287902,-23.220000000000006,1.2719378499283986,0.7950937717775952,-0.49999999999999034,0.6571348347338035,0.4562606809482677,-1.5765166949677223e-14,6.8565259664597225,70,255,255,255
1322,26.44,39.67440740218985,8.805694758687462,-23.230000000000008,1.2715290805749626,0.7957473199780133,-0.49999999999999034,0.656914476062398,0.45657789164573587,-5.551115123125783e-16,6.861761954215705,70,255,255,255
1323,26.46,39.69982980713216,8.821622763174814,-23.24000000000001,1.271120247115612,0.7964002243675888,-0.49999999999999034,0.6566945388103681,0.4568941701276544,-5.551115123125783e-16,6.866997941971689,70,255,255,255
1324,26.48,39.725244034291975,8.837563812634286,-23.25000000000001,1.2707113579907174,0.7970524729736349,-0.49999999999999034,0.6564750222832317,0.4572095199339474,-5.551115123125783e-16,6.872233929727671,70,255,255,255
1325,26.5,39.75065008272295,8.853517893714786,-23.260000000000012,1.2703024215485694,0.7977040540249504,-0.49999999999999006,0.6562559257842082,0.4575239445899109,1.3655743202889425e-14,6.877469917483654,70,255,255,255
1326,26.52,39.776047951643875,8.869484992833772,-23.270000000000014,1.2698934460461946,0.7983549559493701,-0.4999999999999895,0.6560372486142717,0.45783744760626166,2.7033930649622562e-14,6.882705905239637,70,255,255,255
1327,26.54,39.80143764043688,8.8854650961812,-23.280000000000012,1.269484439650165,0.7990051673713423,-0.499999999999989,0.6558189900722005,0.4581500324791858,2.5368596112684827e-14,6.887941892995619,70,255,255,255
1328,26.560000000000002,39.826819148645626,8.90145818972339,-23.29000000000001,1.269075410437399,0.7996546771095305,-0.49999999999998884,0.6556011494546296,0.4584617026903866,9.658940314238862e-15,6.893177880751603,70,255,255,255
1329,26.580000000000002,39.852192475973546,8.917464259206879,-23.300000000000008,1.2686663663959552,0.800303474174443,-0.4999999999999887,0.6553837260560992,0.4587724617071341,9.159339953157541e-15,6.898413868507586,70,255,255,255
1330,26.6,39.87755762228206,8.9334832901622,-23.310000000000006,1.2682573154258205,0.8009515477660876,-0.4999999999999888,0.6551667191691051,0.4590823129823138,-5.551115123125783e-15,6.903649856263569,70,255,255,255
1331,26.62,39.90291458758885,8.949515267907634,-23.320000000000004,1.2678482653396868,0.8015988872716501,-0.4999999999999892,0.6549501280841463,0.4593912599544755,-1.942890293094024e-14,6.908885844019552,70,255,255,255
1332,26.64,39.92826337206613,8.965560177552899,-23.330000000000005,1.2674392238637258,0.802245482263201,-0.49999999999998956,0.654733952089775,0.45969930604788184,-1.8263168755083825e-14,6.914121831775535,70,255,255,255
1333,26.66,39.95360397603889,8.981618004002808,-23.340000000000007,1.2670301986383543,0.8028913224954252,-0.4999999999999896,0.6545181904726431,0.460006454672559,-2.886579864025407e-15,6.919357819531518,70,255,255,255
1334,26.68,39.97893639998327,8.997688731960876,-23.35000000000001,1.2666211972189907,0.8035363979033753,-0.4999999999999897,0.6543028425175491,0.4603127092243438,-2.7200464103316335e-15,6.924593807287501,70,255,255,255
1335,26.7,40.004260644524805,9.013772345932882,-23.36000000000001,1.2662122270768081,0.8041806986002525,-0.49999999999998973,0.654087907507486,0.460618073084935,-2.55351295663786e-15,6.929829795043483,70,255,255,255
1336,26.72,40.02957671043679,9.029868830230386,-23.37000000000001,1.2658032955994796,0.8048242148752089,-0.4999999999999895,0.653873384723686,0.4609225496219408,1.1823875212257917e-14,6.935065782799467,70,255,255,255
1337,26.740000000000002,40.05488459863863,9.04597816897421,-23.38000000000001,1.2653944100919154,0.8054669371911755,-0.4999999999999893,0.6536592734456668,0.4612261421889299,1.1157741397482823e-14,6.94030177055545,70,255,255,255
1338,26.76,40.08018431019417,9.062100346097864,-23.390000000000008,1.2649855777769958,0.806108856182712,-0.49999999999998934,0.6534455729512764,0.4615288541254796,-3.7192471324942744e-15,6.945537758311433,70,255,255,255
1339,26.78,40.10547584631009,9.078235345350942,-23.40000000000001,1.2645768057962947,0.8067499626538823,-0.4999999999999894,0.6532322825167366,0.4618306887572266,-3.552713678800501e-15,6.950773746067416,70,255,255,255
1340,26.8,40.13075920833431,9.094383150302464,-23.410000000000007,1.2641681012108001,0.8073902475761523,-0.4999999999999892,0.6530194014166888,0.4621316493959154,1.0824674490095276e-14,6.956009733823399,70,255,255,255
1341,26.82,40.15603439775435,9.11054374434419,-23.420000000000005,1.2637594710016258,0.80802970208631,-0.49999999999998923,0.6528069289242355,0.46243173933944903,-4.052314039881821e-15,6.961245721579382,70,255,255,255
1342,26.84,40.18130141619576,9.126717110693878,-23.430000000000007,1.2633509220707182,0.8086683174844098,-0.4999999999999896,0.652594864310984,0.46273096187193746,-1.8096635301390052e-14,6.966481709335365,70,255,255,255
1343,26.86,40.20656026542059,9.142903232398513,-23.44000000000001,1.2629424612415556,0.8093060852317381,-0.4999999999999897,0.6523832068470886,0.46302932026374855,-2.7200464103316335e-15,6.971717697091347,70,255,255,255
1344,26.88,40.23181094732579,9.15910209233749,-23.45000000000001,1.2625340952598438,0.8099429969488022,-0.49999999999998945,0.6521719558012923,0.46332681777155676,1.1657341758564144e-14,6.976953684847331,70,255,255,255
1345,26.900000000000002,40.25705346394167,9.175313673225757,-23.46000000000001,1.2621258307942023,0.8105790444133407,-0.4999999999999895,0.6519611104409683,0.46362345763839374,-3.219646771412954e-15,6.982189672603314,70,255,255,255
1346,26.92,40.28228781743041,9.191537957616925,-23.47000000000001,1.2617176744368477,0.8112142195583562,-0.4999999999999893,0.6517506700321611,0.4639192430936976,1.1157741397482823e-14,6.987425660359297,70,255,255,255
1347,26.94,40.307514010084496,9.207774927906328,-23.480000000000008,1.2613096327042697,0.8118485144701694,-0.49999999999998906,0.6515406338396256,0.46421417735336235,1.049160758270773e-14,6.99266164811528,70,255,255,255
1348,26.96,40.332732044325255,9.224024566334059,-23.490000000000006,1.260901712037901,0.8124819213864949,-0.4999999999999892,0.6513310011268684,0.464508263619789,-4.385380947269368e-15,6.997897635871263,70,255,255,255
1349,26.98,40.35794192270135,9.24028685498795,-23.500000000000007,1.260493918804783,0.8131144326945383,-0.49999999999998956,0.6511217711561864,0.4648015050819338,-1.8263168755083825e-14,7.003133623627246,70,255,255,255
1350,27.0,40.383143647887316,9.256561775806532,-23.51000000000001,1.2600862592982247,0.8137460409291141,-0.4999999999999896,0.6509129431887056,0.46509390491535896,-2.886579864025407e-15,7.008369611383229,70,255,255,255
1351,27.02,40.408337217791114,9.272849318147298,-23.52000000000001,1.2596784951900888,0.8143771170383127,-0.4999999999999894,0.6506912604393459,0.4654040003994974,1.149080830487037e-14,7.013605599139211,70,255,255,255
1352,27.04,40.43352263048508,9.289149471135369,-23.53000000000001,1.2592706346983693,0.8150076494035905,-0.4999999999999892,0.6504699642992625,0.46571324390070373,1.0824674490095276e-14,7.018841586895194,70,255,255,255
1353,27.060000000000002,40.458699884204144,9.305462223667229,-23.540000000000006,1.2588626859533882,0.8156376265929749,-0.49999999999998923,0.650249054238332,0.466021638405509,-4.052314039881821e-15,7.024077574651177,70,255,255,255
1354,27.080000000000002,40.483868977344116,9.321787564414405,-23.550000000000004,1.2584546569985782,0.8162670373588478,-0.4999999999999893,0.6500285297239338,0.4663291868894131,-3.885780586188048e-15,7.029313562407161,70,255,255,255
1355,27.1,40.509029908459944,9.33812548182712,-23.560000000000006,1.2580465557912608,0.8168958706357536,-0.4999999999999896,0.6498083902209949,0.46663589231691055,-1.7930101847696278e-14,7.034549550163144,70,255,255,255
1356,27.12,40.53418267626401,9.354475964137885,-23.570000000000007,1.2576383902034147,0.817524115538229,-0.49999999999998995,0.6495886351920338,0.46694175764151885,-1.6930901125533637e-14,7.039785537919126,70,255,255,255
1357,27.14,40.559327279624455,9.370838999365057,-23.58000000000001,1.2572301680224385,0.8181517613586561,-0.49999999999999,0.6493692640972042,0.4672467858058048,-1.7208456881689926e-15,7.04502152567511,70,255,255,255
1358,27.16,40.584463717563494,9.38721457531636,-23.59000000000001,1.256821896951905,0.8187787975651393,-0.49999999999998973,0.6491502763943375,0.4675509797414129,1.2656542480726785e-14,7.0502575134310925,70,255,255,255
1359,27.18,40.60959198925574,9.403602679592348,-23.600000000000012,1.2564135846123092,0.8194052137994043,-0.4999999999999895,0.648931671538987,0.46785434236909273,1.1823875212257917e-14,7.055493501187075,70,255,255,255
1360,27.2,40.634712094026575,9.420003299589842,-23.61000000000001,1.2560052385418095,0.8200309998747195,-0.4999999999999893,0.6487134489844686,0.4681568765987266,1.1157741397482823e-14,7.060729488943058,70,255,255,255
1361,27.22,40.65982403135052,9.436416422505319,-23.620000000000008,1.2555968661969603,0.8206561457738396,-0.49999999999998906,0.6484956081819031,0.4684585853293582,1.049160758270773e-14,7.065965476699041,70,255,255,255
1362,27.240000000000002,40.684927800849586,9.452842035338259,-23.630000000000006,1.255188474953439,0.8212806416469708,-0.4999999999999892,0.6482781485802579,0.468759471449221,-4.385380947269368e-15,7.071201464455025,70,255,255,255
1363,27.26,40.71002340229172,9.469280124894453,-23.640000000000008,1.254780072106768,0.8219044778097597,-0.49999999999998956,0.6480610696263879,0.46905953783576576,-1.8263168755083825e-14,7.076437452211008,70,255,255,255
1364,27.28,40.735110835589175,9.48573067778928,-23.65000000000001,1.254371664873026,0.8225276447413014,-0.4999999999999896,0.6478443707650748,0.46935878735569064,-2.886579864025407e-15,7.08167343996699,70,255,255,255
1365,27.3,40.76019010079697,9.502193680450922,-23.66000000000001,1.2539632603895565,0.8231501330821696,-0.4999999999999894,0.647628051439069,0.4696572228649685,1.149080830487037e-14,7.086909427722974,70,255,255,255
1366,27.32,40.78526119811128,9.518669119123572,-23.67000000000001,1.253554865715667,0.8237719336324688,-0.4999999999999892,0.6474121110891279,0.4699548472088768,1.0824674490095276e-14,7.0921454154789565,70,255,255,255
1367,27.34,40.81032412786794,9.535156979870571,-23.680000000000007,1.2531464878333238,0.8243930373499071,-0.49999999999998923,0.6471965491540553,0.4702516632220267,-4.052314039881821e-15,7.097381403234939,70,255,255,255
1368,27.36,40.8353788905409,9.551657248577529,-23.690000000000005,1.2527381336478405,0.8250134353478892,-0.4999999999999893,0.6469813650707408,0.47054767372839174,-3.885780586188048e-15,7.102617390990922,70,255,255,255
1369,27.38,40.860425486740674,9.568169910955401,-23.700000000000003,1.2523298099885578,0.82563311889363,-0.49999999999998934,0.6467665582741969,0.4708428815413374,-3.7192471324942744e-15,7.107853378746905,70,255,255,255
1370,27.400000000000002,40.88546391721287,9.584694952543527,-23.710000000000004,1.2519215236095205,0.8262520794062892,-0.49999999999999,0.6465521281975984,0.4711372894636514,-3.197442310920451e-14,7.113089366502889,70,255,255,255
1371,27.42,40.91049418283667,9.60123235871263,-23.720000000000006,1.2515132811901457,0.8268703084551259,-0.49999999999999034,0.6463380742723189,0.4714309002875718,-1.5765166949677223e-14,7.118325354258872,70,255,255,255
1372,27.44,40.93551628462339,9.617782114667785,-23.730000000000008,1.2511050893358868,0.8274877977576726,-0.49999999999999034,0.6461243959279682,0.47172371679481845,-5.551115123125783e-16,7.123561342014854,70,255,255,255
1373,27.46,40.96053022371497,9.634344205451344,-23.74000000000001,1.25069695457889,0.8281045391779289,-0.49999999999999034,0.6459110925924294,0.4720157417566221,-5.551115123125783e-16,7.128797329770838,70,255,255,255
1374,27.48,40.98553600138254,9.650918615945836,-23.75000000000001,1.2502888833786465,0.8287205247245762,-0.49999999999999034,0.6456981636918944,0.47230697793375404,-5.551115123125783e-16,7.1340333175268205,70,255,255,255
1375,27.5,41.010533619025,9.66750533087682,-23.760000000000012,1.2498808821226381,0.8293357465492102,-0.49999999999999006,0.6454856086509005,0.4725974280765572,1.3655743202889425e-14,7.139269305282803,70,255,255,255
1376,27.52,41.035523078167536,9.68410433481571,-23.770000000000014,1.2494729571269771,0.829950196944592,-0.4999999999999895,0.6452734268923659,0.47288709492497544,2.7033930649622562e-14,7.144505293038786,70,255,255,255
1377,27.54,41.06050438046028,9.700715612182568,-23.780000000000012,1.2490651146370402,0.8305638683429215,-0.499999999999989,0.6450616178376243,0.47317598120858456,2.5368596112684827e-14,7.1497412807947684,70,255,255,255
1378,27.560000000000002,41.085477527676844,9.71733914724885,-23.79000000000001,1.2486573608280975,0.8311767533141257,-0.49999999999998884,0.6448501809064602,0.4734640896466231,9.658940314238862e-15,7.154977268550752,70,255,255,255
1379,27.580000000000002,41.11044252171296,9.733974924140133,-23.800000000000008,1.2482497018059358,0.8317888445641674,-0.4999999999999887,0.6446391155171434,0.4737514229480214,9.159339953157541e-15,7.1602132563067356,70,255,255,255
1380,27.6,41.13539936458511,9.750622926838801,-23.810000000000006,1.2478421436074767,0.8324001349333732,-0.4999999999999888,0.6444284210864624,0.4740379838114339,-5.551115123125783e-15,7.165449244062718,70,255,255,255
1381,27.62,41.160348058429136,9.767283139186697,-23.820000000000004,1.247434692201388,0.8330106173947778,-0.4999999999999892,0.6442180970297581,0.47432377492526895,-1.942890293094024e-14,7.170685231818701,70,255,255,255
1382,27.64,41.18528860549891,9.783955544887746,-23.830000000000005,1.2470273534886913,0.8336202850524879,-0.49999999999998956,0.6440081427609579,0.47460879896772007,-1.8263168755083825e-14,7.175921219574684,70,255,255,255
1383,27.66,41.21022100816498,9.800640127510547,-23.840000000000007,1.2466201333033635,0.8342291311400626,-0.4999999999999896,0.6437985576926075,0.4748930586067968,-2.886579864025407e-15,7.181157207330667,70,255,255,255
1384,27.68,41.235145268913236,9.817336870490927,-23.85000000000001,1.2462130374129345,0.8348371490189138,-0.4999999999999897,0.6435893412359038,0.47517655650035534,-2.7200464103316335e-15,7.18639319508665,70,255,255,255
1385,27.7,41.260061390343616,9.834045757134461,-23.86000000000001,1.245806071519076,0.8354443321767208,-0.49999999999998973,0.6433804928007278,0.4754592952961301,-2.55351295663786e-15,7.191629182842632,70,255,255,255
1386,27.72,41.28496937516878,9.850766770618979,-23.87000000000001,1.2453992412581902,0.8360506742258651,-0.4999999999999895,0.6431720117956753,0.4757412776317648,1.1823875212257917e-14,7.196865170598616,70,255,255,255
1387,27.740000000000002,41.30986922621282,9.867499893997016,-23.88000000000001,1.2449925522019905,0.8366561689018819,-0.4999999999999893,0.6429638976280885,0.4760225061348433,1.1157741397482823e-14,7.2021011583545995,70,255,255,255
1388,27.76,41.33476094640998,9.884245110198254,-23.890000000000008,1.244586009858076,0.8372608100619264,-0.49999999999998934,0.6427561497040883,0.4763029834229214,-3.7192471324942744e-15,7.207337146110582,70,255,255,255
1389,27.78,41.35964453880339,9.901002402031919,-23.90000000000001,1.2441796196705057,0.8378645916832601,-0.4999999999999894,0.6425487674286036,0.47658271210355757,-3.552713678800501e-15,7.212573133866565,70,255,255,255
1390,27.8,41.384520006543795,9.917771752189154,-23.910000000000007,1.2437733870203622,0.8384675078617516,-0.4999999999999892,0.6423417502054022,0.47686169477434515,1.0824674490095276e-14,7.217809121622548,70,255,255,255
1391,27.82,41.409387352888324,9.934553143245362,-23.920000000000005,1.2433673172263153,0.8390695528103943,-0.49999999999998923,0.6421350974371214,0.47713993402294336,-4.052314039881821e-15,7.223045109378531,70,255,255,255
1392,27.84,41.434246581199226,9.951346557662518,-23.930000000000007,1.2429614155451778,0.8396707208578417,-0.4999999999999896,0.6419288085252969,0.4774174324271084,-1.8096635301390052e-14,7.228281097134514,70,255,255,255
1393,27.86,41.45909769494268,9.968151977791457,-23.94000000000001,1.242555687172458,0.8402710064469565,-0.4999999999999897,0.641722882870393,0.4776941925547261,-2.7200464103316335e-15,7.233517084890496,70,255,255,255
1394,27.88,41.48394069768754,9.984969385874125,-23.95000000000001,1.2421501372429062,0.8408704041333775,-0.49999999999998945,0.6415173198718309,0.47797021696384284,1.1657341758564144e-14,7.23875307264648,70,255,255,255
1395,27.900000000000002,41.50877559310416,10.001798764045807,-23.96000000000001,1.2417447708310592,0.8414689085841025,-0.4999999999999895,0.6413121189280181,0.4782455082026968,-3.219646771412954e-15,7.2439890604024635,70,255,255,255
1396,27.92,41.533602384963196,10.018640094337329,-23.97000000000001,1.241339592951777,0.8420665145760854,-0.4999999999999893,0.6411072794363761,0.4785200688097506,1.1157741397482823e-14,7.249225048158446,70,255,255,255
1397,27.94,41.55842107713441,10.035493358677225,-23.980000000000008,1.2409346085607775,0.8426632169948503,-0.49999999999998906,0.6409028007933694,0.4787939013137225,1.049160758270773e-14,7.254461035914429,70,255,255,255
1398,27.96,41.583231673585516,10.052358538893888,-23.990000000000006,1.2405298225551649,0.8432590108331195,-0.4999999999999892,0.6406986823945324,0.47906700823361864,-4.385380947269368e-15,7.259697023670412,70,255,255,255
1399,27.98,41.608034178381,10.069235616717677,-24.000000000000007,1.2401252397739548,0.8438538911894587,-0.49999999999998956,0.6404949236344978,0.4793393920787639,-1.8263168755083825e-14,7.264933011426395,70,255,255,255
1400,28.0,41.63282859568097,10.086124573783016,-24.01000000000001,1.2397208649985951,0.844447853266935,-0.4999999999999896,0.6402915239070223,0.4796110553488349,-2.886579864025407e-15,7.270168999182378,70,255,255,255
1401,28.02,41.6576149275514,10.10302539484026,-24.02000000000001,1.239316593521374,0.8450410528622723,-0.4999999999999894,0.6400825885117699,0.47988986224348645,1.149080830487037e-14,7.27540498693836,70,255,255,255
1402,28.04,41.68239317616479,10.119938064518731,-24.03000000000001,1.2389124306695072,0.8456334839234865,-0.4999999999999892,0.6398739899454025,0.4801679674773725,1.0824674490095276e-14,7.280640974694344,70,255,255,255
1403,28.060000000000002,41.707163343799,10.136862567328944,-24.040000000000006,1.2385083817107332,0.8462251405106451,-0.49999999999998923,0.6396657277510098,0.48044537331602144,-4.052314039881821e-15,7.2858769624503275,70,255,255,255
1404,28.080000000000002,41.73192543283608,10.153798887664834,-24.050000000000004,1.23810445185384,0.8468160167944998,-0.4999999999999893,0.6394578014702039,0.4807220820171392,-3.885780586188048e-15,7.29111295020631,70,255,255,255
1405,28.1,41.756679445761065,10.170747009805936,-24.060000000000006,1.237700646249189,0.8474061070551354,-0.4999999999999896,0.639250210643148,0.48099809583062897,-1.7930101847696278e-14,7.296348937962293,70,255,255,255
1406,28.12,41.78142538516085,10.187706917919549,-24.070000000000007,1.2372969699892342,0.8479954056806321,-0.49999999999998995,0.639042954808581,0.4812734169986103,-1.6930901125533637e-14,7.301584925718276,70,255,255,255
1407,28.14,41.806163253723035,10.204678596062864,-24.08000000000001,1.2368934281090356,0.8485839071657427,-0.49999999999999,0.6388360335038459,0.48154804775543764,-1.7208456881689926e-15,7.306820913474259,70,255,255,255
1408,28.16,41.83089305423477,10.221662028185076,-24.09000000000001,1.23649002558677,0.8491716061105843,-0.49999999999998973,0.6386294462649165,0.4818219903277207,1.2656542480726785e-14,7.312056901230242,70,255,255,255
1409,28.18,41.85561478958166,10.238657198129463,-24.100000000000012,1.2360867673442353,0.8497584972193444,-0.4999999999999895,0.6384231926264227,0.4820952469343434,1.1823875212257917e-14,7.317292888986224,70,255,255,255
1410,28.2,41.880328462746604,10.255664089635443,-24.11000000000001,1.2356836582473534,0.8503445752990006,-0.4999999999999893,0.6382172721216771,0.48236781978648324,1.1157741397482823e-14,7.322528876742208,70,255,255,255
1411,28.22,41.90503407680874,10.272682686340605,-24.120000000000008,1.2352807031066662,0.8509298352580553,-0.49999999999998906,0.6380116842827003,0.482639711087631,1.049160758270773e-14,7.3277648644981905,70,255,255,255
1412,28.240000000000002,41.92973163494229,10.289712971782711,-24.130000000000006,1.2348779066778268,0.8515142721052823,-0.4999999999999892,0.6378064286402465,0.4829109230336111,-4.385380947269368e-15,7.333000852254174,70,255,255,255
1413,28.26,41.95442114041553,10.30675492940168,-24.140000000000008,1.2344752736620908,0.8520978809484894,-0.49999999999998956,0.6376015047238286,0.48318145781260013,-1.8263168755083825e-14,7.338236840010157,70,255,255,255
1414,28.28,41.97910259658967,10.323808542541547,-24.15000000000001,1.2340728087067983,0.8526806569932933,-0.4999999999999896,0.6373969120617435,0.48345131760514826,-2.886579864025407e-15,7.34347282776614,70,255,255,255
1415,28.3,42.00377600691779,10.340873794452385,-24.16000000000001,1.2336705164058543,0.8532625955419072,-0.4999999999999894,0.6371926501810963,0.483720504584198,1.149080830487037e-14,7.348708815522123,70,255,255,255
1416,28.32,42.028441374943796,10.357950668292224,-24.17000000000001,1.2332684013002064,0.8538436919919438,-0.4999999999999892,0.6369887186078246,0.4839890209151048,1.0824674490095276e-14,7.353944803278106,70,255,255,255
1417,28.34,42.05309870430136,10.375039147128929,-24.180000000000007,1.2328664678783139,0.8544239418352287,-0.49999999999998923,0.6367851168667231,0.4842568687556575,-4.052314039881821e-15,7.359180791034088,70,255,255,255
1418,28.36,42.077747998712894,10.39213921394206,-24.190000000000005,1.2324647205766186,0.8550033406566303,-0.4999999999999893,0.636581844481467,0.4845240502560976,-3.885780586188048e-15,7.364416778790072,70,255,255,255
1419,28.38,42.10238926198849,10.40925085162472,-24.200000000000003,1.2320631637800068,0.8555818841328983,-0.49999999999998934,0.6363789009746368,0.4847905675591406,-3.7192471324942744e-15,7.3696527665460545,70,255,255,255
1420,28.400000000000002,42.127022498024935,10.42637404298535,-24.210000000000004,1.2316618018222711,0.8561595680315186,-0.49999999999999,0.6361762858677399,0.4850564227999954,-3.197442310920451e-14,7.374888754302038,70,255,255,255
1421,28.42,42.15164771080467,10.443508770749542,-24.220000000000006,1.2312606389865652,0.8567363882095793,-0.49999999999999034,0.6359739986812352,0.4853216181063857,-1.5765166949677223e-14,7.380124742058021,70,255,255,255
1422,28.44,42.176264904394785,10.460655017561795,-24.230000000000008,1.2308596795058573,0.8573123406126489,-0.49999999999999034,0.6357720389345553,0.48558615559856966,-5.551115123125783e-16,7.385360729814004,70,255,255,255
1423,28.46,42.20087408294605,10.477812765987268,-24.24000000000001,1.2304589275633777,0.8578874212736675,-0.49999999999999034,0.6355704061461299,0.4858500373893611,-5.551115123125783e-16,7.390596717569987,70,255,255,255
1424,28.48,42.225475250691915,10.494981998513506,-24.25000000000001,1.2300583872930644,0.8584616263118495,-0.49999999999999034,0.6353690998334074,0.4861132655841493,-5.551115123125783e-16,7.39583270532597,70,255,255,255
1425,28.5,42.25006841194752,10.512162697552137,-24.260000000000012,1.2296580627800044,0.8590349519316004,-0.49999999999999006,0.6351681195128777,0.4863758422809205,1.3655743202889425e-14,7.401068693081952,70,255,255,255
1426,28.52,42.274653571108736,10.529354845440565,-24.270000000000014,1.22925795806087,0.8596073944214416,-0.4999999999999895,0.6349674647000936,0.48663776957027827,2.7033930649622562e-14,7.406304680837936,70,255,255,255
1427,28.54,42.299230732651225,10.546558424443624,-24.280000000000012,1.228858077124354,0.8601789501529524,-0.499999999999989,0.6347671349096938,0.4868990495354645,2.5368596112684827e-14,7.4115406685939185,70,255,255,255
1428,28.560000000000002,42.323799901129455,10.563773416755218,-24.29000000000001,1.2284584239115979,0.8607496155797181,-0.49999999999998884,0.6345671296554225,0.4871596842523795,9.658940314238862e-15,7.416776656349902,70,255,255,255
1429,28.580000000000002,42.34836108117579,10.580999804499944,-24.300000000000008,1.2280590023166205,0.8613193872362946,-0.4999999999999887,0.6343674484501528,0.48741967578960416,9.159339953157541e-15,7.422012644105886,70,255,255,255
1430,28.6,42.372914277499525,10.598237569734687,-24.310000000000006,1.2276598161867396,0.8618882617371819,-0.4999999999999888,0.6341680908059059,0.4876790262084195,-5.551115123125783e-15,7.427248631861868,70,255,255,255
1431,28.62,42.397459494885986,10.615486694450203,-24.320000000000004,1.227260869322991,0.8624562357758083,-0.4999999999999892,0.6339690562338733,0.48793773756282877,-1.942890293094024e-14,7.432484619617851,70,255,255,255
1432,28.64,42.421996738195595,10.632747160572674,-24.330000000000005,1.2268621654805458,0.863023306123529,-0.49999999999998956,0.6337703442444371,0.4881958118995778,-1.8263168755083825e-14,7.437720607373834,70,255,255,255
1433,28.66,42.44652601236298,10.650018949965245,-24.340000000000007,1.2264637083691219,0.8635894696286317,-0.4999999999999896,0.6335719543471895,0.4884532512581762,-2.886579864025407e-15,7.442956595129817,70,255,255,255
1434,28.68,42.471047322396046,10.667302044429553,-24.35000000000001,1.226065501653394,0.8641547232153578,-0.4999999999999897,0.6333738860509543,0.48871005767091896,-2.7200464103316335e-15,7.4481925828858,70,255,255,255
1435,28.7,42.49556067337512,10.68459642570721,-24.36000000000001,1.2256675489533977,0.8647190638829302,-0.49999999999998973,0.6331761388638064,0.48896623316290644,-2.55351295663786e-15,7.453428570641782,70,255,255,255
1436,28.72,42.52006607045202,10.701902075481303,-24.37000000000001,1.225269853844933,0.8652824887045948,-0.4999999999999895,0.6329787122930911,0.48922177975206715,1.1823875212257917e-14,7.458664558397765,70,255,255,255
1437,28.740000000000002,42.544563518849216,10.719218975377837,-24.38000000000001,1.2248724198599628,0.8658449948266714,-0.4999999999999893,0.6327816058454447,0.4894766994491774,1.1157741397482823e-14,7.463900546153749,70,255,255,255
1438,28.76,42.569053023858956,10.736547106967189,-24.390000000000008,1.2244752504870098,0.8664065794676162,-0.49999999999998934,0.6325848190268124,0.4897309942578836,-3.7192471324942744e-15,7.469136533909732,70,255,255,255
1439,28.78,42.59353459084239,10.753886451765531,-24.40000000000001,1.2240783491715461,0.8669672399170932,-0.4999999999999894,0.6323883513424687,0.4899846661747227,-3.552713678800501e-15,7.474372521665715,70,255,255,255
1440,28.8,42.618008225228714,10.771236991236233,-24.410000000000007,1.2236817193163851,0.8675269735350574,-0.4999999999999892,0.6321922022970359,0.4902377171891445,1.0824674490095276e-14,7.4796085094216975,70,255,255,255
1441,28.82,42.642473932514356,10.78859870679125,-24.420000000000005,1.223285364282066,0.8680857777508472,-0.49999999999998923,0.6319963713945029,0.49049014928353213,-4.052314039881821e-15,7.484844497177681,70,255,255,255
1442,28.84,42.6669317182621,10.805971579792496,-24.430000000000007,1.222889287387237,0.8686436500622886,-0.4999999999999896,0.6318008581382433,0.4907419644332238,-1.8096635301390052e-14,7.490080484933664,70,255,255,255
1443,28.86,42.69138158810028,10.823355591553192,-24.44000000000001,1.2224934919090347,0.8692005880348076,-0.4999999999999897,0.6316056620310343,0.4909931646065339,-2.7200464103316335e-15,7.495316472689646,70,255,255,255
1444,28.88,42.715823547721946,10.840750723339204,-24.45000000000001,1.22209798108346,0.8697565893005528,-0.49999999999998945,0.6314107825750748,0.49124375176477486,1.1657341758564144e-14,7.500552460445629,70,255,255,255
1445,28.900000000000002,42.740257602884064,10.858156956370355,-24.46000000000001,1.2217027581057534,0.8703116515575295,-0.4999999999999895,0.6312162192720028,0.4914937278622781,-3.219646771412954e-15,7.505788448201613,70,255,255,255
1446,28.92,42.76468375940668,10.87557427182173,-24.47000000000001,1.2213078261307626,0.8708657725687415,-0.4999999999999893,0.631021971622914,0.4917430948464154,1.1157741397482823e-14,7.511024435957596,70,255,255,255
1447,28.94,42.78910202317215,10.893002650824958,-24.480000000000008,1.2209131882733113,0.8714189501613434,-0.49999999999998906,0.630828039128378,0.4919918546576209,1.049160758270773e-14,7.516260423713579,70,255,255,255
1448,28.96,42.81351240012432,10.910442074469474,-24.490000000000006,1.2205188476085633,0.8719711822258029,-0.4999999999999892,0.6306344212884576,0.49224000922941247,-4.385380947269368e-15,7.521496411469562,70,255,255,255
1449,28.98,42.83791489626776,10.927892523803775,-24.500000000000007,1.2201248071723836,0.8725224667150722,-0.49999999999998956,0.6304411176027246,0.4924875604884124,-1.8263168755083825e-14,7.526732399225545,70,255,255,255
1450,29.0,42.86230951766699,10.94535397983665,-24.51000000000001,1.2197310699616957,0.8730728016437673,-0.4999999999999896,0.6302481275702765,0.49273451035436994,-2.886579864025407e-15,7.531968386981528,70,255,255,255
1451,29.02,42.886696270523224,10.96282642343018,-24.52000000000001,1.2193376428115568,0.8736221796765213,-0.4999999999999894,0.6300556581492283,0.4929805955959554,1.149080830487037e-14,7.53720437473751,70,255,255,255
1452,29.04,42.91107516108959,10.980309835418497,-24.53000000000001,1.2189445283182276,0.8741705994158424,-0.4999999999999892,0.6298634860540526,0.49322610325877553,1.0824674490095276e-14,7.542440362493493,70,255,255,255
1453,29.060000000000002,42.93544619567048,10.997804196608811,-24.540000000000006,1.2185517290443872,0.8747180595157131,-0.49999999999998923,0.6296716108477153,0.4934710351099076,-4.052314039881821e-15,7.547676350249477,70,255,255,255
1454,29.080000000000002,42.95980938062087,11.01530948778243,-24.550000000000004,1.2181592475194352,0.875264558680907,-0.4999999999999893,0.6294800320926254,0.4937153929103967,-3.885780586188048e-15,7.55291233800546,70,255,255,255
1455,29.1,42.98416472234566,11.032825689695755,-24.560000000000006,1.2177670862397956,0.8758100956663141,-0.4999999999999896,0.629288749350652,0.4939591784152737,-1.7930101847696278e-14,7.558148325761443,70,255,255,255
1456,29.12,43.00851222729904,11.050352783081282,-24.570000000000007,1.2173752476692128,0.8763546692762713,-0.49999999999998995,0.6290977621831384,0.4942023933735727,-1.6930901125533637e-14,7.5633843135174255,70,255,255,255
1457,29.14,43.032851901983825,11.06789074864856,-24.58000000000001,1.2169837342390497,0.8768982783639033,-0.49999999999999,0.6289070701509168,0.49444503952834823,-1.7208456881689926e-15,7.568620301273409,70,255,255,255
1458,29.16,43.0571837529508,11.085439567085169,-24.59000000000001,1.2165925483485813,0.8774409218304697,-0.49999999999998973,0.6287166728143236,0.49468711861669373,1.2656542480726785e-14,7.573856289029392,70,255,255,255
1459,29.18,43.081507786798106,11.102999219057663,-24.600000000000012,1.2162016923652863,0.8779825986247187,-0.4999999999999895,0.628526569733213,0.4949286323697595,1.1823875212257917e-14,7.579092276785374,70,255,255,255
1460,29.2,43.10582401017061,11.120569685212509,-24.61000000000001,1.2158111686251356,0.8785233077422488,-0.4999999999999893,0.6283367604669724,0.4951695825127698,1.1157741397482823e-14,7.584328264541357,70,255,255,255
1461,29.22,43.130132429759264,11.138150946177007,-24.620000000000008,1.215420979432881,0.8790630482248795,-0.49999999999998906,0.6281472445745356,0.4954099707650408,1.049160758270773e-14,7.5895642522973406,70,255,255,255
1462,29.240000000000002,43.15443305230051,11.155742982560207,-24.630000000000006,1.2150311270623375,0.8796018191600253,-0.4999999999999892,0.6279580216143977,0.49564979883999916,-4.385380947269368e-15,7.594800240053324,70,255,255,255
1463,29.26,43.17872588457565,11.173345774953809,-24.640000000000008,1.2146416137566676,0.8801396196800813,-0.49999999999998956,0.6277690911446288,0.4958890684451987,-1.8263168755083825e-14,7.600036227809307,70,255,255,255
1464,29.28,43.20301093341022,11.190959303933045,-24.65000000000001,1.2142524417286602,0.8806764489618117,-0.4999999999999896,0.6275804527228867,0.4961277812823391,-2.886579864025407e-15,7.605272215565289,70,255,255,255
1465,29.3,43.22728820567344,11.20858355005756,-24.66000000000001,1.2138636131610085,0.881212306225748,-0.4999999999999894,0.6273921059064326,0.4963659390472836,1.149080830487037e-14,7.610508203321273,70,255,255,255
1466,29.32,43.25155770827757,11.22621849387227,-24.67000000000001,1.2134751302065854,0.8817471907355932,-0.4999999999999892,0.6272040502521427,0.4966035434300764,1.0824674490095276e-14,7.615744191077256,70,255,255,255
1467,29.34,43.275819448177344,11.243864115908224,-24.680000000000007,1.213086994988717,0.8822811017976324,-0.49999999999998923,0.6270162853165223,0.49684059611496056,-4.052314039881821e-15,7.620980178833238,70,255,255,255
1468,29.36,43.30007343236937,11.261520396683427,-24.690000000000005,1.212699209601454,0.8828140387601509,-0.4999999999999893,0.6268288106557195,0.49707709878039674,-3.885780586188048e-15,7.626216166589221,70,255,255,255
1469,29.38,43.32431966789157,11.279187316703684,-24.700000000000003,1.212311776109839,0.8833460010128579,-0.49999999999998934,0.6266416258255368,0.49731305309907975,-3.7192471324942744e-15,7.6314521543452045,70,255,255,255
1470,29.400000000000002,43.348558161822574,11.29686485646341,-24.710000000000004,1.2119246965501749,0.8838769879863185,-0.49999999999999,0.6264547303814455,0.497548460737957,-3.197442310920451e-14,7.636688142101188,70,255,255,255
1471,29.42,43.37278892128118,11.314552996446437,-24.720000000000006,1.2115379729302886,0.8844069991513904,-0.49999999999999034,0.6262681238785983,0.4977833233582467,-1.5765166949677223e-14,7.641924129857171,70,255,255,255
1472,29.44,43.397011953425775,11.33225171712681,-24.730000000000008,1.2111516072297934,0.8849360340186677,-0.49999999999999034,0.6260818058718406,0.49801764261545506,-5.551115123125783e-16,7.647160117613153,70,255,255,255
1473,29.46,43.42122726545378,11.34996099896957,-24.74000000000001,1.2107656014003492,0.8854640921379316,-0.49999999999999034,0.6258957759157245,0.4982514201593941,-5.551115123125783e-16,7.652396105369137,70,255,255,255
1474,29.48,43.4454348646011,11.367680822431522,-24.75000000000001,1.2103799573659202,0.8859911730976066,-0.49999999999999034,0.6257100335645209,0.4984846576342004,-5.551115123125783e-16,7.65763209312512,70,255,255,255
1475,29.5,43.46963475814156,11.385411167962006,-24.760000000000012,1.2099946770230323,0.886517276524224,-0.49999999999999006,0.6255245783722311,0.498717356678352,1.3655743202889425e-14,7.662868080881102,70,255,255,255
1476,29.52,43.49382695338638,11.403152016003645,-24.770000000000014,1.2096097622410256,0.88704240208189,-0.4999999999999895,0.6253394098925993,0.49894951892468603,2.7033930649622562e-14,7.668104068637085,70,255,255,255
1477,29.54,43.51801145768363,11.42090334699308,-24.780000000000012,1.2092252148623066,0.8875665494717616,-0.499999999999989,0.6251545276791249,0.4991811460004177,2.5368596112684827e-14,7.673340056393068,70,255,255,255
1478,29.560000000000002,43.542188278417676,11.43866514136171,-24.79000000000001,1.208841036702598,0.8880897184315272,-0.49999999999998884,0.6249699312850738,0.4994122395271569,9.658940314238862e-15,7.678576044149051,70,255,255,255
1479,29.580000000000002,43.5663574230087,11.456437379536409,-24.800000000000008,1.2084572295511866,0.8886119087348938,-0.4999999999999887,0.6247856202634906,0.4996428011209261,9.159339953157541e-15,7.683812031905035,70,255,255,255
1480,29.6,43.59051889891212,11.47422004194023,-24.810000000000006,1.2080737951711695,0.8891331201910806,-0.4999999999999888,0.6246015941672097,0.4998728323921798,-5.551115123125783e-15,7.689048019661017,70,255,255,255
1481,29.62,43.61467271361812,11.492013108993117,-24.820000000000004,1.207690735299698,0.8896533526443177,-0.4999999999999892,0.6244178525488676,0.5001023349458197,-1.942890293094024e-14,7.694284007417,70,255,255,255
1482,29.64,43.638818874651086,11.509816561112585,-24.830000000000005,1.2073080516482175,0.8901726059733501,-0.49999999999998956,0.6242343949609132,0.500331310381214,-1.8263168755083825e-14,7.699519995172984,70,255,255,255
1483,29.66,43.662957389569144,11.527630378714404,-24.840000000000007,1.2069257459027094,0.8906908800909488,-0.4999999999999896,0.6240512209556197,0.5005597602922156,-2.886579864025407e-15,7.704755982928966,70,255,255,255
1484,29.68,43.687088265963624,11.545454542213273,-24.85000000000001,1.206543819723928,0.8912081749434269,-0.4999999999999897,0.6238683300850961,0.5007876862671783,-2.7200464103316335e-15,7.709991970684949,70,255,255,255
1485,29.7,43.71121151145858,11.563289032023476,-24.86000000000001,1.2061622747476368,0.8917244905101609,-0.49999999999998973,0.6236857219012968,0.5010150898889757,-2.55351295663786e-15,7.715227958440932,70,255,255,255
1486,29.72,43.73532713371028,11.581133828559539,-24.87000000000001,1.2057811125848426,0.8922398268031188,-0.4999999999999895,0.6235033959560338,0.5012419727350187,1.1823875212257917e-14,7.720463946196915,70,255,255,255
1487,29.740000000000002,43.759435140406715,11.598988912236866,-24.88000000000001,1.2054003348220264,0.8927541838663915,-0.4999999999999893,0.6233213518009874,0.5014683363772728,1.1157741397482823e-14,7.725699933952899,70,255,255,255
1488,29.76,43.78353553926714,11.61685426347238,-24.890000000000008,1.205019943021375,0.893267561775732,-0.49999999999998934,0.6231395889877157,0.5016941823822764,-3.7192471324942744e-15,7.730935921708881,70,255,255,255
1489,29.78,43.80762833804156,11.634729862685141,-24.90000000000001,1.2046399387210098,0.8937799606380992,-0.4999999999999894,0.6229581070676663,0.5019195123111573,-3.552713678800501e-15,7.736171909464864,70,255,255,255
1490,29.8,43.831713544510265,11.652615690296965,-24.910000000000007,1.2042603234352103,0.8942913805912047,-0.4999999999999892,0.6227769055921865,0.502144327719652,1.0824674490095276e-14,7.7414078972208475,70,255,255,255
1491,29.82,43.85579116648336,11.670511726733027,-24.920000000000005,1.2038810986546418,0.8948018218030699,-0.49999999999998923,0.622595984112532,0.5023686301581218,-4.052314039881821e-15,7.74664388497683,70,255,255,255
1492,29.84,43.87986121180029,11.688417952422459,-24.930000000000007,1.2035022658465768,0.8953112844715829,-0.4999999999999896,0.6224153421798805,0.5025924211715718,-1.8096635301390052e-14,7.751879872732813,70,255,255,255
1493,29.86,43.90392368832939,11.70633434779894,-24.94000000000001,1.203123826455116,0.8958197688240642,-0.4999999999999897,0.6222349793453379,0.5028157022996668,-2.7200464103316335e-15,7.7571158604887955,70,255,255,255
1494,29.88,43.92797860396742,11.724260893301276,-24.95000000000001,1.2027457819014078,0.8963272751168356,-0.49999999999998945,0.6220548951599509,0.5030384750767505,1.1657341758564144e-14,7.762351848244779,70,255,255,255
1495,29.900000000000002,43.9520259666391,11.742197569373971,-24.96000000000001,1.2023681335838645,0.896833803634795,-0.4999999999999895,0.6218750891747161,0.5032607410318621,-3.219646771412954e-15,7.767587836000763,70,255,255,255
1496,29.92,43.976065784296665,11.76014435646779,-24.97000000000001,1.2019908828783796,0.8973393546909962,-0.4999999999999893,0.6216955609405889,0.5034825016887543,1.1157741397482823e-14,7.772823823756745,70,255,255,255
1497,29.94,44.000098064919435,11.778101235040316,-24.980000000000008,1.2016140311385402,0.8978439286262329,-0.49999999999998906,0.6215163100084946,0.5037037585659102,1.049160758270773e-14,7.778059811512728,70,255,255,255
1498,29.96,44.024122816513355,11.796068185556488,-24.990000000000006,1.2012375796958388,0.8983475258086278,-0.4999999999999892,0.621337335929337,0.5039245131765614,-4.385380947269368e-15,7.7832957992687115,70,255,255,255
1499,29.98,44.04814004711055,11.814045188489152,-25.000000000000007,1.2008615298598855,0.8988501466332278,-0.49999999999998956,0.6211586382540072,0.5041447670287053,-1.8263168755083825e-14,7.788531787024694,70,255,255,255
1500,30.0,44.07214976476892,11.832032224319583,-25.01000000000001,1.2004858829186142,0.8993517915216022,-0.4999999999999896,0.6209802165333949,0.5043645216251221,-2.886579864025407e-15,7.793767774780677,70,255,255,255
