idx,t,px,py,pz,vx,vy,vz,ax,ay,az,yaw,mode,ledr,ledg,ledb
0,0.0,0.02683281572999748,0.01341640786499874,-10.01,1.3416407864998738,0.6708203932499369,-0.5,0.0,0.0,0.0,0.0,70,255,255,255
1,0.02,0.05366521615410724,0.026833646309635334,-10.02,1.3416200212054883,0.6708619222318296,-0.5,0.7144893682629331,0.359867951670102,0.0,0.00041887902047863906,70,255,255,255
2,0.04,0.08049682658036783,0.040252464511451196,-10.03,1.341580521313029,0.6709409100907932,-0.5,0.7135236010045918,0.3617790358899203,0.0,0.001223126739797626,70,255,255,255
3,0.06,0.1073273083419542,0.053673539298560516,-10.04,1.3415240880793182,0.6710537393554661,-0.5,0.7126353742150872,0.3635255471315913,0.0,0.002381913662049733,70,255,255,255
4,0.08,0.1341563548527622,0.06709748295610396,-10.049999999999999,1.3414523255404,0.6711971828771724,-0.5,0.7118167809977937,0.3651258280236271,0.0,0.0038668766510003105,70,255,255,255
5,0.1,0.1609836881996882,0.08052484999111541,-10.059999999999999,1.3413666673463003,0.6713683517505724,-0.5000000000000001,0.7110609082960114,0.3665956692232619,-7.105427357601002e-15,0.0056519216213134806,70,255,255,255
6,0.12,0.18780905618455293,0.09395614302181779,-10.069999999999999,1.3412683992432366,0.6715646515351188,-0.5000000000000002,0.710361690568931,0.3679487309015356,-6.772360450213455e-15,0.007713042014480236,70,255,255,255
7,0.14,0.21463222974482987,0.10739181792690759,-10.079999999999998,1.3411586780138474,0.6717837452544901,-0.5000000000000003,0.709713787747479,0.369196884441251,-6.439293542825908e-15,0.010028151796672291,70,255,255,255
8,0.16,0.24145300069517095,0.12083228836619431,-10.089999999999998,1.3410385475170539,0.6720235219643357,-0.5000000000000004,0.7091124830629681,0.37035049124345953,-6.106226635438361e-15,0.01257693181676762,70,255,255,255
9,0.18,0.26827117974194986,0.13427792976461445,-10.099999999999998,1.3409089523389446,0.6722820699210074,-0.5000000000000006,0.7085535971934465,0.3714186316062069,-5.773159728050814e-15,0.015340688455733963,70,255,255,255
10,0.2,0.2950865947312476,0.14772908283607064,-10.109999999999998,1.3407707494648877,0.6725576535728098,-0.5000000000000007,0.7080334158542795,0.37240929369944703,-5.440092820663267e-15,0.018302223584061635,70,255,255,255
11,0.22,0.32189908909732734,0.16118605671094097,-10.119999999999997,1.3406247183039866,0.6728486937435169,-0.5000000000000008,0.7075486285045494,0.37332953044372386,-5.10702591327572e-15,0.021445714922601736,70,255,255,255
12,0.24,0.34870852048402085,0.17464913172084015,-10.129999999999997,1.3404715693346765,0.673153750494959,-0.5000000000000009,0.7070962762770063,0.37418559041629534,-4.773959005888173e-15,0.024756605974537264,70,255,255,255
13,0.26,0.3755147595158392,0.18811856188581066,-10.139999999999997,1.3403119515909179,0.6734715082485262,-0.5000000000000011,0.706673707588902,0.3749830276193243,-1.1546319456101628e-14,0.02822150476279659,70,255,255,255
14,0.28,0.4023176886992209,0.20159457714220694,-10.149999999999997,1.3401464591690855,0.6738007628198138,-0.5000000000000013,0.7062785401718407,0.37572679395104874,-1.0880185641326534e-14,0.031828090668473814,70,255,255,255
15,0.3,0.42911720143730303,0.21507738534381585,-10.159999999999997,1.3399756369041074,0.6741404100804458,-0.5000000000000016,0.7059086284849787,0.3764213174495522,-1.021405182655144e-14,0.03556502872217549,70,255,255,255
16,0.32,0.45591320114406264,0.2285671740640049,-10.169999999999996,1.3397999853379798,0.674489436009452,-0.5000000000000018,0.7055620356586031,0.3770705687763076,-9.547918011776346e-15,0.03942189075205968,70,255,255,255
17,0.34,0.48270560044572586,0.2420641122227221,-10.179999999999996,1.339619965083161,0.6748469079358594,-0.500000000000002,0.7052370092631706,0.37767811793316636,-8.881784197001252e-15,0.04338908284003177,70,255,255,255
18,0.36,0.5094943204590573,0.2555683515588467,-10.189999999999996,1.3394360006665713,0.6752119668062321,-0.5000000000000021,0.7049319603192415,0.3782471828321678,-8.215650382226158e-15,0.04745777858144473,70,255,255,255
19,0.38,0.5362792901375809,0.26908002796559094,-10.199999999999996,1.339248483926183,0.6755838203372103,-0.5000000000000022,0.7046454450619137,0.37878067103998025,-7.882583474838611e-15,0.051619857684023294,70,255,255,255
20,0.4,0.5630604456779986,0.2825992627042866,-10.209999999999996,1.3390577770208847,0.6759617369347819,-0.5000000000000023,0.7043761490536812,0.37928121578099055,-7.549516567451064e-15,0.055867849478874215,70,255,255,255
21,0.42,0.5898377299800983,0.296126163509886,-10.219999999999995,1.3388642151049839,0.6763450402799709,-0.5000000000000027,0.7041228733056083,0.37975120709203075,-1.432187701766452e-14,0.060194880950615696,70,255,255,255
22,0.44,0.6166110921543179,0.30966082559979696,-10.229999999999995,1.3386681087109755,0.6767331044955464,-0.5000000000000029,0.7038845221210314,0.38019281886754186,-1.3322676295501878e-14,0.0645946289250965,70,255,255,255
23,0.46,0.643380487071873,0.3232033325962128,-10.239999999999995,1.3384697458777572,0.6771253498207933,-0.5000000000000031,0.7036600924209128,0.38060803240892416,-1.2656542480726785e-14,0.06906127608209747,70,255,255,255
24,0.48,0.6701458749529952,0.3367537573708493,-10.249999999999995,1.3382693940561048,0.6775212387318247,-0.5000000000000033,0.7034486643471909,0.38099865698996,-1.199040866595169e-14,0.07358947048701701,70,255,255,255
25,0.5,0.696907220989369,0.3503121628199226,-10.259999999999994,1.3380673018186886,0.6779202724536678,-0.5000000000000036,0.7032493929714427,0.3813663478668476,-1.1324274851176597e-14,0.07817428836002163,70,255,255,255
26,0.52,0.7236644949973315,0.36387860257627774,-10.269999999999994,1.3378637003981262,0.6783219878177564,-0.5000000000000038,0.7030615009620014,0.3817126220929273,-1.0658141036401503e-14,0.08281119982366451,70,255,255,255
27,0.54,0.7504176710987984,0.37745312166477213,-10.279999999999994,1.3376588050733467,0.6787259544247197,-0.500000000000004,0.7028842720842952,0.38203887244170665,-9.992007221626409e-15,0.08749603739069461,70,255,255,255
28,0.56,0.7771667274272347,0.3910357571063255,-10.289999999999994,1.3374528164218153,0.6791317720776681,-0.5000000000000042,0.7027170454273156,0.3823463796950407,-9.325873406851315e-15,0.09222496697284094,70,255,255,255
29,0.58,0.8039116458562922,0.4046265384754398,-10.299999999999994,1.3372459214528722,0.6795390684557139,-0.5000000000000044,0.7025592102643916,0.38263632351447563,-8.659739592076221e-15,0.0969944612088942,70,255,255,255
30,0.6,0.8306524117490008,0.41822548841546625,-10.309999999999993,1.3370382946354362,0.6799474970013232,-0.5000000000000048,0.7024102014693454,0.38290979208136444,-1.509903313490213e-14,0.10180127492654183,70,255,255,255
31,0.62,0.8573890137256343,0.4318326231154347,-10.319999999999993,1.3368300988316686,0.6803567349984208,-0.5000000000000051,0.7022694954200075,0.38316779066425716,-1.4099832412739488e-14,0.10664242256725628,70,255,255,255
32,0.64,0.8841214434485685,0.4454479527518549,-10.329999999999993,1.3366214861467118,0.6807664818210102,-0.5000000000000053,0.7021366063303367,0.3834112492493118,-1.3100631690576847e-14,0.11151515741719223,70,255,255,255
33,0.66,0.9108496954226364,0.45907148189854563,-10.339999999999993,1.3364125987033977,0.6811764573345378,-0.5000000000000056,0.7020110829602614,0.38364102935030436,-1.2434497875801753e-14,0.11641695249961194,70,255,255,255
34,0.68,0.937573766809631,0.47270320990723247,-10.349999999999993,1.3362035693497296,0.6815864004343412,-0.5000000000000058,0.7018925056590911,0.3838579300986277,-1.176836406102666e-14,0.12134548299591671,70,255,255,255
35,0.7000000000000001,0.9642936572557514,0.4863431312613798,-10.359999999999992,1.3359945223060194,0.6819960677073661,-0.500000000000006,0.7017804837040802,0.38406269369995727,-1.1102230246251565e-14,0.12629861007299575,70,255,255,255
36,0.72,0.9910093687309065,0.49999123590547845,-10.369999999999992,1.3357855737577542,0.682405232204932,-0.5000000000000062,0.701674652900668,0.38425601033260015,-1.0436096431476471e-14,0.1312743660043871,70,255,255,255
37,0.74,1.0177209053788978,0.5136475095517926,-10.379999999999992,1.3355768323995663,0.6828136823157109,-0.5000000000000064,0.7015746734151375,0.3844385225526225,-9.769962616701378e-15,0.1362709404817458,70,255,255,255
38,0.76,1.0444282733775994,0.5273119339663788,-10.389999999999992,1.3353683999350736,0.6832212207293048,-0.5000000000000068,0.7014802278140969,0.3846108292623633,-1.6209256159527285e-14,0.14128666802139442,70,255,255,255
39,0.78,1.0711314808083356,0.5409844872360159,-10.399999999999991,1.3351603715368199,0.683627663481855,-0.5000000000000071,0.701391019288317,0.3847734892916816,-1.5210055437364645e-14,0.1463200163783498,70,255,255,255
40,0.8,1.0978305375337374,0.5546651440175371,-10.409999999999991,1.3349528362700864,0.6840328390760576,-0.5000000000000074,0.7013067700411937,0.3849270246350448,-1.4210854715202004e-14,0.15136957588722738,70,255,255,255
41,0.8200000000000001,1.1245254550834158,0.5683538757709123,-10.419999999999991,1.334745877483927,0.6844365876687641,-0.5000000000000077,0.7012272198244542,0.3850719233821994,-1.3211653993039363e-14,0.1564340496558734,70,255,255,255
42,0.84,1.1512162465468645,0.5820506509773138,-10.42999999999999,1.334539573172436,0.6848387603200714,-0.5000000000000079,0.7011521246057817,0.38520864237552943,-1.2545520178264269e-14,0.16151224454350638,70,255,255,255
43,0.86,1.177902926473043,0.5957554353432825,-10.43999999999999,1.3343339963089271,0.6852392182984336,-0.5000000000000081,0.7010812553548051,0.3853376096232116,-1.1879386363489175e-14,0.16660306286060736,70,255,255,255
44,0.88,1.2045855107761516,0.6094681919920202,-10.44999999999999,1.3341292151554305,0.6856378324368885,-0.5000000000000083,0.7010143969354723,0.38545922649379694,-1.1213252548714081e-14,0.1717054947328189,70,255,255,255
45,0.9,1.2312640166471451,0.6231888816427399,-10.45999999999999,1.333925293549674,0.6860344825359844,-0.5000000000000085,0.7009513470941634,0.3855738697148419,-1.0547118733938987e-14,0.17681861107573216,70,255,255,255
46,0.92,1.2579384624705747,0.6369174627789286,-10.46999999999999,1.333722291171483,0.6864290568094344,-0.5000000000000089,0.7008919155341077,0.3856818931955832,-1.6986412276764895e-14,0.18194155713169097,70,255,255,255
47,0.9400000000000001,1.2846088677463818,0.6506538918063068,-10.47999999999999,1.333520263790357,0.6868214513689109,-0.5000000000000092,0.7008359230676972,0.38578362969137087,-1.5987211554602254e-14,0.1870735465236517,70,255,255,255
48,0.96,1.3112752530162977,0.6643981232012017,-10.48999999999999,1.3333192634957942,0.6872115697447423,-0.5000000000000095,0.7007832008392121,0.3858793923255667,-1.4988010832439613e-14,0.19221385578473424,70,255,255,255
49,0.98,1.3379376397945335,0.6781501096499933,-10.49999999999999,1.3331193389117975,0.6875993224395819,-0.5000000000000099,0.7007335896112759,0.3859694759828762,-1.3988810110276972e-14,0.1973618193254088,70,255,255,255
50,1.0,1.3645960505024703,0.6919098021802411,-10.50999999999999,1.3329205353968425,0.6879846265123916,-0.5000000000000101,0.700686939109072,0.38605415858653797,-1.2989609388114332e-14,0.20251682480330804,70,255,255,255
51,1.02,1.391250479800775,0.705677205667525,-10.519999999999989,1.3327214649152341,0.6883701743641949,-0.5000000000000103,0.700567046415494,0.3862716835035557,-1.2323475573339238e-14,0.20767830886345398,70,255,255,255
52,1.04,1.4179009254022594,0.7194523190696833,-10.529999999999989,1.3325222800742196,0.6887556701079152,-0.5000000000000105,0.700455128486847,0.3864745955124021,-1.1657341758564144e-14,0.21284575321926688,70,255,255,255
53,1.06,1.4445473878063382,0.7332351359569537,-10.539999999999988,1.332323120203932,0.6891408443635152,-0.5000000000000108,0.700350559513482,0.38666405805188664,-1.099120794378905e-14,0.2180186810470934,70,255,255,255
54,1.08,1.4711898700595436,0.7470256449898949,-10.549999999999988,1.3321241126602728,0.6895254516470591,-0.500000000000011,0.700252775284373,0.38684111816937644,-1.0325074129013956e-14,0.22319665366917243,70,255,255,255
55,1.1,1.49782837753901,0.7608238303512536,-10.559999999999988,1.3319253739733183,0.6899092680679365,-0.5000000000000113,0.7001612658624347,0.38700672059528013,-1.6764367671839864e-14,0.2283792675019638,70,255,255,255
56,1.12,1.5244629177562647,0.7746296721370861,-10.569999999999988,1.3317270108627361,0.6902920892916289,-0.5000000000000117,0.7000755692746704,0.3871617198339037,-1.5765166949677223e-14,0.2335661512486105,70,255,255,255
57,1.1400000000000001,1.5510935001790302,0.7884431467117284,-10.579999999999988,1.3315291211382776,0.6906737287321171,-0.500000000000012,0.699995266057565,0.38730689058806955,-1.4765966227514582e-14,0.23875696331600407,70,255,255,255
58,1.16,1.577720136069043,0.8022642270305999,-10.589999999999987,1.3313317945006293,0.6910540159435684,-0.5000000000000122,0.6999199745260757,0.3874429367783309,-1.3766765505351941e-14,0.24395138943848482,70,255,255,255
59,1.18,1.6043428383341545,0.8160928829343103,-10.599999999999987,1.3311351132555758,0.6914327951855229,-0.5000000000000124,0.6998493466571568,0.38757049937211524,-1.3100631690576847e-14,0.24914914049164574,70,255,255,255
60,1.2,1.6309616213932048,0.8299290814171025,-10.609999999999987,1.33093915295251,0.6918099241396113,-0.5000000000000127,0.6997830644970713,0.387690163201348,-1.2434497875801753e-14,0.2543499504810324,70,255,255,255
61,1.22,1.6575765010523393,0.8437727868722829,-10.619999999999987,1.3307439829567256,0.6921852727590134,-0.5000000000000129,0.6997208370166839,0.3878024629172324,-1.176836406102666e-14,0.25955357469174684,70,255,255,255
62,1.24,1.6841874943916109,0.8576239613169735,-10.629999999999987,1.3305496669635708,0.6925587222345346,-0.5000000000000131,0.699662397351177,0.38790788820647065,-1.1102230246251565e-14,0.2647597879860827,70,255,255,255
63,1.26,1.7107946196608395,0.8714825645982418,-10.639999999999986,1.3303562634614268,0.6929301640634146,-0.5000000000000134,0.6996075003706862,0.38800688837323555,-1.7541523789077473e-14,0.26996838323735034,70,255,255,255
64,1.28,1.7373978961838297,0.8853485545824195,-10.649999999999986,1.3301638261495146,0.6932994992088801,-0.5000000000000138,0.6995559205366739,0.388099876374738,-1.6542323066914832e-14,0.2751791698889952,70,255,255,255
65,1.3,1.7639973442701442,0.8992218873292205,-10.659999999999986,1.329972404315723,0.6936666373400516,-0.5000000000000141,0.6995074500057461,0.38818723238465547,-1.554312234475219e-14,0.28039197262898713,70,255,255,255
66,1.32,1.7905929851337237,0.9131025172520841,-10.669999999999986,1.3297820431789782,0.6940314961431808,-0.5000000000000144,0.6994618969483549,0.38826930694739314,-1.454392162258955e-14,0.28560663017025834,70,255,255,255
67,1.34,1.8171848408177251,0.9269903972660113,-10.679999999999986,1.329592784200076,0.6943940006963556,-0.5000000000000147,0.6994190840546153,0.38834642377676565,-1.354472090042691e-14,0.2908229941287065,70,255,255,255
68,1.36,1.8437729341250133,0.9408854789240274,-10.689999999999985,1.3294046653644114,0.6947540829008039,-0.5000000000000149,0.6993788472034828,0.3884188822448359,-1.2878587085651816e-14,0.29604092799095744,70,255,255,255
69,1.3800000000000001,1.8703572885538053,0.954787712543283,-10.699999999999985,1.3292177214396055,0.6951116809627813,-0.5000000000000151,0.699341034274908,0.38848695960006435,-1.2212453270876722e-14,0.30126030616470695,70,255,255,255
70,1.4000000000000001,1.8969379282380185,0.9686970473216981,-10.709999999999985,1.32903198421066,0.6954667389207596,-0.5000000000000153,0.699305504087432,0.3885509129483841,-1.1546319456101628e-14,0.3064810131050351,70,255,255,255
71,1.42,1.9235148778919178,0.9826134314459636,-10.719999999999985,1.3288474826949606,0.6958192062132708,-0.5000000000000157,0.6992721254460933,0.38861098102614544,-1.7985612998927536e-14,0.3117029425106157,70,255,255,255
72,1.44,1.950088162758701,0.9965368121916296,-10.729999999999984,1.3286642433391664,0.6961690372833028,-0.500000000000016,0.6992407762875645,0.3886673857899119,-1.6986412276764895e-14,0.31692599658422843,70,255,255,255
73,1.46,1.976657808562697,1.010467136015942,-10.739999999999984,1.3284822901997901,0.6965161912156245,-0.5000000000000163,0.6992113429111668,0.38872033384473587,-1.5987211554602254e-14,0.3221500853524308,70,255,255,255
74,1.48,2.0032238414648784,1.0244043486440186,-10.749999999999984,1.3283016451090692,0.6968606314038271,-0.5000000000000167,0.699183719285904,0.38877001772967285,-1.4988010832439613e-14,0.32737512603965563,70,255,255,255
75,1.5,2.029786288021429,1.0383483951489032,-10.759999999999984,1.328122327827538,0.6972023252442304,-0.500000000000017,0.6991578064249213,0.3888166170768582,-1.3988810110276972e-14,0.3326010424923811,70,255,255,255
76,1.52,2.0563451751451205,1.0522992200259855,-10.769999999999984,1.3279443561845694,0.6975412438541176,-0.5000000000000172,0.6991335118198834,0.3888602996583699,-1.2989609388114332e-14,0.3378277646493672,70,255,255,255
77,1.54,2.0829005300692804,1.0662567672622263,-10.779999999999983,1.3277677462079998,0.6978773618120369,-0.5000000000000174,0.6991107489287056,0.38890122233331226,-1.2323475573339238e-14,0.343055228054273,70,255,255,255
78,1.56,2.109452380314157,1.0802209804005893,-10.789999999999983,1.327592512243845,0.6982106569181513,-0.5000000000000177,0.6990894367108803,0.38893953190600755,-1.1657341758564144e-14,0.348283373407265,70,255,255,255
79,1.58,2.1360007536554972,1.094191802600046,-10.799999999999983,1.3274186670669992,0.6985411099728287,-0.5000000000000179,0.6990694992053305,0.3889753659048456,-1.099120794378905e-14,0.3535121461524963,70,255,255,255
80,1.6,2.1625456780951717,1.108169176691483,-10.809999999999983,1.32724622198372,0.6988687045718539,-0.5000000000000182,0.69905086514634,0.3890088532901966,-1.7430501486614958e-14,0.35874149609858774,70,255,255,255
81,1.62,2.1890871818337043,1.1221530452298192,-10.819999999999983,1.3270751869266215,0.69919342691681,-0.5000000000000185,0.6990334676136206,0.3890401150987868,-1.6431300764452317e-14,0.36397137706947047,70,255,255,255
82,1.6400000000000001,2.215625293244561,1.1361433505426055,-10.829999999999982,1.3269055705428154,0.6995152656393177,-0.5000000000000189,0.6990172437130443,0.3890692650310719,-1.5432100042289676e-14,0.36920174658316124,70,255,255,255
83,1.6600000000000001,2.242160040850077,1.1501400347753648,-10.839999999999982,1.3267373802757927,0.6998342116379609,-0.5000000000000192,0.6990021342849566,0.38909640998739026,-1.4432899320127035e-14,0.3744325655562354,70,255,255,255
84,1.68,2.268691453298908,1.1641430399339014,-10.849999999999982,1.3265706224415617,0.7001502579268312,-0.5000000000000194,0.6989880836373444,0.3891216505580134,-1.3433698597964394e-14,0.3796637980319422,70,255,255,255
85,1.7,2.2952195593448987,1.178152307923796,-10.859999999999982,1.3264053022995206,0.700463399494733,-0.5000000000000197,0.6989750393014257,0.38914508147164173,-1.27675647831893e-14,0.3848954109300712,70,255,255,255
86,1.72,2.3217443878272688,1.1921677805872797,-10.869999999999981,1.3262414241184957,0.7007736331741828,-0.5000000000000199,0.6989629518075023,0.3891667920063881,-1.2101430968414206e-14,0.39012737381682844,70,255,255,255
87,1.74,2.3482659676520354,1.2061893997376678,-10.879999999999981,1.3260789912383288,0.701080957519412,-0.5000000000000201,0.6989517744791509,0.38918686636684746,-1.1435297153639112e-14,0.3953596586931238,70,255,255,255
88,1.76,2.3747843277745826,1.220217107191521,-10.889999999999981,1.3259180061273685,0.7013853726926615,-0.5000000000000204,0.6989414632440253,0.38920538403046395,-1.787459069646502e-14,0.40059223979979414,70,255,255,255
89,1.78,2.4012994971833064,1.2342508447986835,-10.89999999999998,1.3257584704361844,0.7016868803581185,-0.5000000000000208,0.6989319764597375,0.38922242006606583,-1.687538997430238e-14,0.4058250934384095,70,255,255,255
90,1.8,2.4278115048842626,1.2482905544703415,-10.90999999999998,1.3256003850477998,0.7019854835829052,-0.5000000000000211,0.6989232747534335,0.389238045427135,-1.587618925213974e-14,0.4110581978064143,70,255,255,255
91,1.82,2.4543203798867563,1.2623361782052331,-10.91999999999998,1.3254437501246983,0.7022811867445805,-0.5000000000000214,0.698915320873831,0.38925232722211195,-1.4876988529977098e-14,0.4162915328454573,70,255,255,255
92,1.84,2.4808261511898135,1.2763876581141265,-10.92999999999998,1.3252885651528572,0.7025739954446654,-0.5000000000000218,0.6989080795546028,0.38926532896380217,-1.3877787807814457e-14,0.4215250801018555,70,255,255,255
93,1.86,2.507328847769474,1.2904449364426813,-10.93999999999998,1.325134828983019,0.7028639164277429,-0.500000000000022,0.6989015173881136,0.3892771107997391,-1.2878587085651816e-14,0.4267588225982205,70,255,255,255
94,1.8800000000000001,2.533828498566862,1.3045079555927959,-10.94999999999998,1.3249825398694068,0.7031509575057232,-0.5000000000000222,0.698895602708601,0.38928772972517556,-1.2212453270876722e-14,0.4319927447153549,70,255,255,255
95,1.9000000000000001,2.560325132476984,1.3185766581425338,-10.95999999999998,1.3248316955060706,0.7034351274868988,-0.5000000000000224,0.6988903054839957,0.38929723978020603,-1.1546319456101628e-14,0.43722683208359725,70,255,255,255
96,1.92,2.586818778338204,1.3326509868647227,-10.96999999999998,1.324682293061027,0.7037164361094459,-0.5000000000000228,0.6988855972156428,0.3893056922323822,-1.7985612998927536e-14,0.4424610714828588,70,255,255,255
97,1.94,2.6133094649223714,1.3467308847443038,-10.979999999999979,1.3245343292083518,0.7039948939790555,-0.5000000000000231,0.6988814508452633,0.38931313574604687,-1.6986412276764895e-14,0.4476954507506581,70,255,255,255
98,1.96,2.639797220925539,1.360816294994512,-10.989999999999979,1.3243878001583702,0.7042705125104077,-0.5000000000000234,0.6988778406685532,0.38931961653949615,-1.5987211554602254e-14,0.45292995869751207,70,255,255,255
99,1.98,2.6662820749592604,1.3749071610719563,-10.999999999999979,1.3242427016860685,0.7045433038722189,-0.5000000000000238,0.6988747422548777,0.38932517853097853,-1.4988010832439613e-14,0.45816458502909635,70,255,255,255
100,2.0,2.6927640555424173,1.3890034266906688,-11.009999999999978,1.3240990291578532,0.7048132809356182,-0.5000000000000241,0.698872132372564,0.38932986347443915,-1.3988810110276972e-14,0.46339932027463254,70,255,255,255
101,2.02,2.7192438658170706,1.403103768807737,-11.019999999999978,1.3239905137326633,0.70501710585341,-0.5000000000000243,0.7006281776003164,0.3861607913194447,-1.2989609388114332e-14,0.4686341557210045,70,255,255,255
102,2.04,2.7457221801378515,1.4172069198999546,-11.029999999999978,1.3239157160390562,0.7051575546108779,-0.5000000000000245,0.7023132048407041,0.38308766921734666,-1.2323475573339238e-14,0.4738690833521453,70,255,255,255
103,2.06,2.772199645126533,1.4313116654762892,-11.039999999999978,1.323873249434089,0.7052372788167306,-0.5000000000000248,0.703931030629559,0.3801067009627784,-1.1657341758564144e-14,0.4791040957932735,70,255,255,255
104,2.08,2.7986768806886375,1.445416841724349,-11.049999999999978,1.323861778105225,0.7052588124029868,-0.500000000000025,0.7054852188754859,0.3772142706051932,-1.099120794378905e-14,0.4843391862595901,70,255,255,255
105,2.1,2.825154480993112,1.4595213332825898,-11.059999999999977,1.323880015223726,0.7052245779120485,-0.5000000000000253,0.7069791003461466,0.3744069332607949,-1.7430501486614958e-14,0.48957434850908,70,255,255,255
106,2.12,2.8516330154161476,1.473624071130544,-11.069999999999977,1.3239267211517818,0.7051368923977046,-0.5000000000000256,0.7084157904711169,0.371681406329645,-1.6431300764452317e-14,0.4948095767990893,70,255,255,255
107,2.14,2.8781130294502444,1.4877240305898485,-11.079999999999977,1.3240007017048443,0.7049979729652274,-0.500000000000026,0.7097982056190355,0.36903456111859956,-1.5432100042289676e-14,0.5000448658463765,70,255,255,255
108,2.16,2.904595045579643,1.501820229429332,-11.089999999999977,1.324100806469948,0.7048099419741701,-0.5000000000000263,0.7111290779912421,0.36646341486610357,-1.4432899320127035e-14,0.5052802107903595,70,255,255,255
109,2.18,2.9310795641232485,1.5159117260678519,-11.099999999999977,1.3242259271802737,0.7045748319259956,-0.5000000000000265,0.7124109692601208,0.36396512316134816,-1.3433698597964394e-14,0.5105156071593023,70,255,255,255
110,2.2,2.957567064046164,1.5299976178689967,-11.109999999999976,1.3243749961457687,0.7042945900572396,-0.5000000000000268,0.7136462830677799,0.3615369727476601,-1.27675647831893e-14,0.5157510508392085,70,255,255,255
111,2.22,2.98405800374095,1.544077039522148,-11.119999999999976,1.3245469847392874,0.7039710826575636,-0.500000000000027,0.7148372764893779,0.3591763746980705,-1.2101430968414206e-14,0.5209865380452008,70,255,255,255
112,2.24,3.010552821779698,1.5581491615047633,-11.129999999999976,1.324740901937426,0.7036060991307668,-0.5000000000000273,0.7159860705552269,0.3568808579496601,-1.8540724511240114e-14,0.5262220652951923,70,255,255,255
113,2.2600000000000002,3.0370519376379987,1.5722131886210757,-11.139999999999976,1.3249557929150197,0.7032013558156239,-0.5000000000000276,0.7170946599166503,0.35464806318239417,-1.7541523789077473e-14,0.5314576293856632,70,255,255,255
114,2.2800000000000002,3.0635557523918404,1.586268358612721,-11.149999999999975,1.325190737692079,0.70275849958227,-0.500000000000028,0.7181649217323478,0.3524757370276296,-1.6542323066914832e-14,0.536693227369375,70,255,255,255
115,2.3000000000000003,3.090064649388477,1.600313940837097,-11.159999999999975,1.3254448498318367,0.7022791112187946,-0.5000000000000283,0.7191986238446259,0.3503617265912423,-1.554312234475219e-14,0.5419288565348684,70,255,255,255
116,2.32,3.1165789948922464,1.614349235009531,-11.169999999999975,1.3257172751884547,0.7017647086216994,-0.5000000000000286,0.7201974323082024,0.3483039742763099,-1.454392162258955e-14,0.547164514387601,70,255,255,255
117,2.34,3.1430991387063045,1.62837357000559,-11.179999999999975,1.3260071907028994,0.7012167498029438,-0.5000000000000289,0.7211629183283197,0.3463005128904394,-1.354472090042691e-14,0.5524001986325937,70,255,255,255
118,2.36,3.1696254147712133,1.6423863027200984,-11.189999999999975,1.3263138032454294,0.7006366357254271,-0.5000000000000291,0.7220965646595194,0.3443494610231303,-1.2878587085651816e-14,0.5576359071584657,70,255,255,255
119,2.38,3.196158141741276,1.6563868169796574,-11.199999999999974,1.326636348503132,0.7000257129779422,-0.5000000000000293,0.7229997715116019,0.34244901867894373,-1.2212453270876722e-14,0.5628716380227464,70,255,255,255
120,2.4,3.222697623539495,1.670374522505655,-11.209999999999974,1.3269740899109306,0.6993852762998783,-0.5000000000000295,0.7238738620049301,0.34059746315271877,-1.1546319456101628e-14,0.5681073894383634,70,255,255,255
121,2.42,3.2492441498919846,1.6843488539249598,-11.219999999999974,1.3273263176244852,0.6987165709652401,-0.5000000000000299,0.7247200872133288,0.3387931451335832,-1.7985612998927536e-14,0.5733431597612096,70,255,255,255
122,2.44,3.275797996842653,1.6983092698256579,-11.229999999999974,1.327692347533436,0.6980207950349,-0.5000000000000302,0.7255396308292857,0.3370344850250545,-1.6986412276764895e-14,0.5785789474787069,70,255,255,255
123,2.46,3.302359427248922,1.7122552518553655,-11.239999999999974,1.3280715203134503,0.6972991014853818,-0.5000000000000305,0.7263336134829852,0.33531996946908704,-1.5987211554602254e-14,0.5838147511992829,70,255,255,255
124,2.48,3.3289286912592337,1.7261863038598038,-11.249999999999973,1.3284632005155772,0.6965526002219138,-0.5000000000000309,0.72710309674383,0.33364814806249543,-1.4988010832439613e-14,0.5890505696426915,70,255,255,255
125,2.5,3.3555060267730625,1.7401019510594629,-11.259999999999973,1.3288667756914343,0.6957823599829557,-0.5000000000000312,0.7278490868305167,0.3320176302547546,-1.3988810110276972e-14,0.5942864016311061,70,255,255,255
126,2.52,3.3820916598841184,1.754001739262321,-11.269999999999973,1.329281655552804,0.694989410142915,-0.5000000000000314,0.728572538053391,0.330427082416742,-1.2989609388114332e-14,0.5995222460809262,70,255,255,255
127,2.54,3.408685805307403,1.7678852341107074,-11.279999999999973,1.3297072711642486,0.6941747424193185,-0.5000000000000316,0.7292743560106876,0.3288752250705379,-1.2323475573339238e-14,0.6047581019952393,70,255,255,255
128,2.56,3.4352886667907514,1.7817520203605128,-11.289999999999973,1.3301430741674054,0.693339312490273,-0.5000000000000319,0.7299554005583623,0.32736083027094254,-1.1657341758564144e-14,0.6099939684568859,70,255,255,255
129,2.58,3.4619004375114644,1.795601701191066,-11.299999999999972,1.3305885360356575,0.6924840415276625,-0.5000000000000321,0.7306164885714771,0.3258827191298808,-1.099120794378905e-14,0.6152298446220795,70,255,255,255
130,2.6,3.4885213004586233,1.8094338975440893,-11.309999999999972,1.3310431473579358,0.6916098176511668,-0.5000000000000324,0.7312583965135471,0.3244397594753704,-1.7430501486614958e-14,0.6204657297145363,70,255,255,255
131,2.62,3.515151428801632,1.823248247490246,-11.319999999999972,1.3315064171504378,0.6907174973078384,-0.5000000000000328,0.7318818628288325,0.32303086363720446,-1.6431300764452317e-14,0.6257016230200751,70,255,255,255
132,2.64,3.541790986245534,1.8370444056218795,-11.329999999999972,1.33197787219511,0.689807906581671,-0.5000000000000331,0.7324875901712753,0.3216549863519573,-1.5432100042289676e-14,0.6309375238816495,70,255,255,255
133,2.66,3.5684401273736093,1.8508220424706254,-11.339999999999971,1.3324570564037714,0.6888818424372912,-0.5000000000000334,0.7330762474826124,0.32031112278035523,-1.4432899320127035e-14,0.6361734316947765,70,255,255,255
134,2.68,3.5950989979777455,1.8645808439486582,-11.349999999999971,1.3329435302068138,0.6879400739016418,-0.5000000000000336,0.7336484719311391,0.31899830663046574,-1.3433698597964394e-14,0.641409345903332,70,255,255,255
135,2.7,3.6217677353770545,1.8783205108124035,-11.359999999999973,1.333436869965447,0.6869833431872648,-0.5000000000000339,0.7342048707216366,0.3177156083805532,-1.27675647831893e-14,0.6466452659956817,70,255,255,255
136,2.72,3.6484464687251847,1.8920407581476146,-11.369999999999974,1.333936667406504,0.6860123667605632,-0.500000000000034,0.7347460227860962,0.31646213359581155,-4.9960036108132044e-15,0.6518811915011221,70,255,255,255
137,2.74,3.675135319306762,1.9057413148747786,-11.379999999999976,1.3344425290788666,0.6850278363582009,-0.5000000000000341,0.7352724803640878,0.3152370213335392,-4.6629367034256575e-15,0.6571171219866059,70,255,255,255
138,2.7600000000000002,3.701834400823374,1.9194219232738705,-11.389999999999977,1.3349540758306035,0.684030419954595,-0.500000000000034,0.7357847704808825,0.31403944263164646,2.7755575615628914e-15,0.6623530570537296,70,255,255,255
139,2.7800000000000002,3.728543819669493,1.933082338527536,-11.399999999999977,1.3354709423059588,0.683020762683269,-0.5000000000000338,0.7362833963307955,0.31286859907569636,9.547918011776346e-15,0.667588996335962,70,255,255,255
140,2.8000000000000003,3.7552636751987203,1.9467223282818291,-11.409999999999977,1.3359927764613642,0.6819994877146579,-0.5000000000000335,0.7367688385725978,0.31172372143997223,8.881784197001252e-15,0.6728249394960946,70,255,255,255
141,2.82,3.781994059980714,1.960341672223685,-11.419999999999977,1.3365192390996794,0.6809671970927929,-0.5000000000000334,0.7372415565433094,0.31060406839833654,8.215650382226158e-15,0.6780608862238952,70,255,255,255
142,2.84,3.808735060049152,1.973940161674348,-11.429999999999977,1.3370500034219102,0.6799244725331408,-0.5000000000000333,0.7377019893961778,0.30950892530090557,7.882583474838611e-15,0.6832968362339503,70,255,255,255
143,2.86,3.835486755141065,1.9875175991980225,-11.439999999999976,1.3375847545956772,0.678871876183733,-0.5000000000000332,0.7381505571681944,0.3084376030128042,7.549516567451064e-15,0.6885327892636797,70,255,255,255
144,2.88,3.86224921892786,2.0010737982250544,-11.449999999999976,1.3381231893397425,0.6778099513515828,-0.5000000000000331,0.738587661782075,0.30738943681149355,7.216449660063518e-15,0.6937687450715093,70,255,255,255
145,2.9,3.8890225192383387,2.0146085826889797,-11.459999999999976,1.3386650155239388,0.6767392231962716,-0.500000000000033,0.739013687987259,0.30636378533937475,6.8833827526759706e-15,0.6990047034351913,70,255,255,255
146,2.92,3.915806718274016,2.028121786676829,-11.469999999999976,1.3392099517838627,0.6756601993924642,-0.500000000000033,0.7394290042441203,0.30536002960857334,-5.551115123125783e-16,0.7042406641502573,70,255,255,255
147,2.94,3.942601872817011,2.0416132540920895,-11.479999999999976,1.3397577271497363,0.6745733707630127,-0.500000000000033,0.7398339635552734,0.3043775720549963,-5.551115123125783e-16,0.7094766270285967,70,255,255,255
148,2.96,3.969408034430788,2.0550828383297737,-11.489999999999975,1.3403080806888537,0.6734792118841985,-0.500000000000033,0.7402289042475523,0.3034158356389267,-5.551115123125783e-16,0.7147125918971475,70,255,255,255
149,2.98,3.9962252496540094,2.0685304019630655,-11.499999999999975,1.3408607611610655,0.672378181664581,-0.500000000000033,0.7406141507079823,0.3024742629895877,-5.551115123125783e-16,0.7199485585966929,70,255,255,255
150,3.0,4.023053560187745,2.081955816441042,-11.509999999999975,1.3414155266867722,0.6712707238988226,-0.500000000000033,0.7409900140768085,0.3015523155912607,-5.551115123125783e-16,0.7251845269807533,70,255,255,255
151,3.02,4.049893540805377,2.0953578849547125,-11.519999999999975,1.3419990308816165,0.6701034256835301,-0.500000000000033,0.7424979219801012,0.2978201401101533,-5.551115123125783e-16,0.7304204969145676,70,255,255,255
152,3.04,4.076745744360369,2.1087354469239696,-11.529999999999974,1.3426101777495616,0.6688780984628592,-0.500000000000033,0.7439611327954639,0.2941459380812358,-5.551115123125783e-16,0.7356564682741553,70,255,255,255
153,3.06,4.10361070223053,2.1220873770703728,-11.539999999999974,1.343247893508091,0.6675965073201596,-0.500000000000033,0.7453811060031389,0.29052883989982375,-5.551115123125783e-16,0.7408924409454547,70,255,255,255
154,3.08,4.130488924763898,2.1354125845151657,-11.549999999999974,1.3439111266683832,0.6662603722396502,-0.500000000000033,0.7467592515500084,0.2869679776986824,-5.551115123125783e-16,0.7461284148235288,70,255,255,255
155,3.1,4.157380901725302,2.1487100119019686,-11.559999999999974,1.344598848070218,0.6648713693401475,-0.5000000000000331,0.7480969314061049,0.2834624864435673,-7.66053886991358e-15,0.7513643898118355,70,255,255,255
156,3.12,4.184287102742814,2.1619786345435723,-11.569999999999974,1.3453100508755564,0.6634311320801943,-0.5000000000000332,0.7493954610934179,0.2800115049289649,-7.327471962526033e-15,0.7566003658215563,70,255,255,255
157,3.14,4.211207977753303,2.1752174595922544,-11.579999999999973,1.34604375052446,0.6619412524341151,-0.5000000000000333,0.7506561111848387,0.27661417668090515,-6.994405055138486e-15,0.7618363427709781,70,255,255,255
158,3.16,4.238143957446439,2.1884255252330282,-11.589999999999973,1.346798984656773,0.6604032820386992,-0.5000000000000334,0.7518801087714853,0.2732696507733332,-6.661338147750939e-15,0.7670723205849248,70,255,255,255
159,3.18,4.265095453706493,2.2016018998992353,-11.599999999999973,1.3475748130027312,0.6588187333103501,-0.5000000000000335,0.7530686388969818,0.2699770825641451,-6.328271240363392e-15,0.7723082991942345,70,255,255,255
160,3.2,4.292062860051402,2.2147456815098887,-11.609999999999973,1.3483703172454575,0.657189080532676,-0.5000000000000336,0.7542228459575889,0.26673563435663245,-5.995204332975845e-15,0.777544278535278,70,255,255,255
161,3.22,4.3190465520685635,2.227855996728181,-11.619999999999973,1.3491846008580703,0.655515760914602,-0.5000000000000338,0.7553438350673443,0.2635444759917321,-5.662137425588298e-15,0.7827802585495166,70,255,255,255
162,3.24,4.3460468878469225,2.2409320002405644,-11.629999999999974,1.3500167889179444,0.6538001756191888,-0.500000000000034,0.7564326733876214,0.26040278537614764,-1.2434497875801753e-14,0.7880162391830948,70,255,255,255
163,3.2600000000000002,4.373064208404932,2.2539728740558327,-11.639999999999976,1.3508660279004765,0.6520436907634249,-0.5000000000000341,0.7574903914207275,0.2573097489510903,-4.6629367034256575e-15,0.7932522203864654,70,255,255,255
164,3.2800000000000002,4.4000988381140225,2.266977826823619,-11.649999999999977,1.3517314854545246,0.650247638389333,-0.500000000000034,0.7585179842673467,0.2542645621060894,2.7755575615628914e-15,0.7984882021140449,70,255,255,255
165,3.3000000000000003,4.427151085117253,2.279946093171755,-11.659999999999979,1.3526123501615361,0.6484133174067959,-0.5000000000000338,0.7595164128478055,0.2512664295420341,9.547918011776346e-15,0.8037241843238968,70,255,255,255
166,3.3200000000000003,4.454221241742857,2.292876933061926,-11.669999999999979,1.3535078312802225,0.6465419945085611,-0.5000000000000334,0.7604866050872754,0.24831456558734233,1.5987211554602254e-14,0.8089601669774391,70,255,255,255
167,3.34,4.481309584912427,2.3057696311630846,-11.679999999999978,1.354417158478494,0.644634905057926,-0.5000000000000331,0.7614294570651553,0.24540819447089154,1.4988010832439613e-14,0.8141961500391767,70,255,255,255
168,3.36,4.508416376543512,2.3186234962420778,-11.689999999999978,1.3553395815542382,0.6426932539496447,-0.5000000000000328,0.7623458341289849,0.24254655055510912,1.3988810110276972e-14,0.8194321334764539,70,255,255,255
169,3.38,4.53554186394644,2.3314378605709702,-11.699999999999978,1.3562743701463997,0.6407182164446292,-0.5000000000000325,0.7632365719733314,0.23972887853239067,1.2989609388114332e-14,0.8246681172592276,70,255,255,255
170,3.4,4.562686280215194,2.344212079350551,-11.709999999999978,1.3572208134377075,0.6387109389790404,-0.5000000000000323,0.7641024776841688,0.23695443358779839,1.2323475573339238e-14,0.829904101359858,70,255,255,255
171,3.42,4.5898498446122,2.356945530149519,-11.719999999999978,1.3581782198502799,0.6366725399483832,-0.5000000000000322,0.7649443307493411,0.23422248153079295,4.551914400963142e-15,0.8351400857529166,70,255,255,255
172,3.44,4.617032762946905,2.3696376123588636,-11.729999999999977,1.3591459167352444,0.6346041104672363,-0.5000000000000321,0.7657628840357489,0.23153229889856022,4.218847493575595e-15,0.8403760704150093,70,255,255,255
173,3.46,4.644235227948053,2.382287746660969,-11.739999999999977,1.3601232500574196,0.6325067151052567,-0.500000000000032,0.7665588647339497,0.22888317303331496,3.885780586188048e-15,0.8456120553246131,70,255,255,255
174,3.48,4.671457419629574,2.394895374512971,-11.749999999999977,1.361109584076005,0.6303813926001023,-0.5000000000000319,0.7673329752708968,0.2262744021357992,3.552713678800501e-15,0.8508480404619273,70,255,255,255
175,3.5,4.698699505650017,2.4074599576439293,-11.759999999999977,1.3621043010221656,0.6282291565479249,-0.5000000000000318,0.7680858941915719,0.2237052952970345,3.219646771412954e-15,0.856084025808735,70,255,255,255
176,3.52,4.725961641665504,2.4199809775653707,-11.769999999999976,1.363106800774304,0.626050996072079,-0.5000000000000316,0.7688182770102863,0.22117517251024024,2.886579864025407e-15,0.8613200113482766,70,255,255,255
177,3.54,4.753243971676139,2.4324579350947846,-11.779999999999976,1.3641165005317564,0.6238478764706944,-0.5000000000000316,0.7695307570324459,0.21868336466469254,2.55351295663786e-15,0.8665559970651336,70,255,255,255
178,3.56,4.780546628365891,2.4448903498916597,-11.789999999999976,1.365132834487583,0.6216207398437548,-0.5000000000000316,0.7702239461475807,0.21622921352317015,2.55351295663786e-15,0.8717919829451207,70,255,255,255
179,3.58,4.807869733435912,2.457277760005666,-11.799999999999976,1.3661552535010566,0.6193705057003156,-0.5000000000000316,0.7708984355944535,0.21381207168451521,2.55351295663786e-15,0.8770279689751874,70,255,255,255
180,3.6,4.83521339793132,2.4696197214365956,-11.809999999999976,1.367183224770405,0.6170980715464893,-0.5000000000000318,0.7715547966990532,0.2114313025327203,-4.551914400963142e-15,0.8822639551433274,70,255,255,255
181,3.62,4.862577722561447,2.481915807705692,-11.819999999999975,1.3682162315063189,0.6148043134548157,-0.5000000000000319,0.7721935815862895,0.20908628017385217,-4.218847493575595e-15,0.887499941438495,70,255,255,255
182,3.64,4.88996279801358,2.4941656094380042,-11.829999999999975,1.369253772606667,0.6124900866156205,-0.500000000000032,0.7728153238661907,0.20677638936202275,-3.885780586188048e-15,0.8927359278505277,70,255,255,255
183,3.66,4.9173687052602375,2.5063687339554237,-11.839999999999975,1.3702953623328453,0.610156225870962,-0.5000000000000321,0.7734205392954063,0.20450102541552892,-3.552713678800501e-15,0.8979719143700764,70,255,255,255
184,3.68,4.94479551586,2.5185248048800584,-11.849999999999975,1.3713405299881274,0.6078035462317426,-0.5000000000000322,0.7740097264148018,0.20225959412419364,-3.219646771412954e-15,0.9032079009885399,70,255,255,255
185,3.7,4.972243292251967,2.5306334617476294,-11.859999999999975,1.3723888195983511,0.6054328433785577,-0.5000000000000323,0.7745833671639247,0.20005151164886678,-2.886579864025407e-15,0.9084438876980049,70,255,255,255
186,3.72,4.999712088043872,2.5426943596305662,-11.869999999999974,1.3734397895952457,0.6030448941468342,-0.5000000000000323,0.7751419274731065,0.19787620441396503,-2.55351295663786e-15,0.9136798744911914,70,255,255,255
187,3.74,5.027201948293926,2.554707168770502,-11.879999999999974,1.3744930125026726,0.6006404569968024,-0.5000000000000325,0.7756858578339525,0.1957331089938672,-9.658940314238862e-15,0.9189158613614016,70,255,255,255
188,3.7600000000000002,5.0547129097864465,2.5666715742198787,-11.889999999999974,1.3755480746260111,0.5982202724688239,-0.5000000000000328,0.7762155938489522,0.1936216719939129,-8.992806499463768e-15,0.9241518483024737,70,255,255,255
189,3.7800000000000002,5.082245001301345,2.5785872754923704,-11.899999999999974,1.3766045757449166,0.5957850636245912,-0.5000000000000329,0.7767315567609312,0.19154134992669422,-8.326672684688674e-15,0.9293878353087386,70,255,255,255
190,3.8000000000000003,5.109798243877538,2.5904539862218643,-11.909999999999973,1.3776621288096327,0.5933355364746924,-0.500000000000033,0.777234153963046,0.18949160908427684,-7.993605777301127e-15,0.934623822374981,70,255,255,255
191,3.8200000000000003,5.137372651070359,2.602271433829725,-11.919999999999973,1.3787203596410256,0.590872380393026,-0.5000000000000331,0.7777237794900043,0.18747192540693394,-7.66053886991358e-15,0.9398598094964026,70,255,255,255
192,3.84,5.1649682292030485,2.6140393592000954,-11.929999999999973,1.37977890663449,0.5883962685185304,-0.5000000000000332,0.778200814491181,0.18548178434892865,-7.327471962526033e-15,0.9450957966685891,70,255,255,255
193,3.86,5.192584977612405,2.625757516362989,-11.939999999999973,1.3808374204678513,0.5859078581446834,-0.5000000000000333,0.77866562768627,0.183520680741837,-6.994405055138486e-15,0.9503317838874793,70,255,255,255
194,3.88,5.220222888888673,2.637425672184933,-11.949999999999973,1.3818955638133723,0.5834077910972069,-0.5000000000000334,0.7791185758041098,0.1815881186558626,-6.661338147750939e-15,0.9555677711493369,70,255,255,255
195,3.9,5.247881949109752,2.649043606066941,-11.959999999999972,1.3829530110539627,0.5808966941004036,-0.5000000000000335,0.7795600040052881,0.17968361125955581,-6.328271240363392e-15,0.9608037584507245,70,255,255,255
196,3.92,5.275562138069826,2.6606111096495915,-11.969999999999974,1.3840094480036655,0.5783751791325326,-0.5000000000000338,0.7799902462891185,0.17780668067831487,-1.3100631690576847e-14,0.9660397457884798,70,255,255,255
197,3.94,5.303263429502476,2.672127986525004,-11.979999999999976,1.3850645716324848,0.5758438437706195,-0.5000000000000339,0.7804096258855642,0.17595685785201357,-5.329070518200751e-15,0.9712757331596933,70,255,255,255
198,3.96,5.330985791298388,2.683594051955506,-11.989999999999977,1.3861180897956116,0.5733032715250849,-0.5000000000000339,0.7808184556326634,0.17413368239207055,2.1094237467877974e-15,0.9765117205616883,70,255,255,255
199,3.98,5.3587291857177295,2.695009132598797,-11.999999999999977,1.3871697209670852,0.5707540321645564,-0.5000000000000336,0.7812170383399939,0.17233670243824614,9.2148511043888e-15,0.9817477079920024,70,255,255,255
200,4.0,5.386493569597288,2.7063730662394216,-12.009999999999977,1.3882191939779214,0.5681966820312223,-0.5000000000000334,0.7816056671386966,0.17056547451542767,8.548717289613705e-15,0.9869836954483701,70,255,255,255
201,4.0200000000000005,5.414279452547068,2.7176843309211964,-12.019999999999976,1.3892941474889646,0.5655632340887368,-0.5000000000000333,0.7827771471670925,0.1651058383975203,7.882583474838611e-15,0.9922196829287069,70,255,255,255
202,4.04,5.442087320085861,2.728941439917068,-12.029999999999976,1.3903933769396606,0.5628554497935744,-0.5000000000000332,0.7838984706555832,0.1596971750026842,7.549516567451064e-15,0.9974556704310954,70,255,255,255
203,4.0600000000000005,5.469917633930426,2.7401429412143505,-12.039999999999976,1.3915156922282435,0.5600750648641236,-0.5000000000000332,0.7849708651572538,0.15433969306135292,1.1102230246251565e-16,1.0026916579537715,70,255,255,255
204,4.08,5.497770832298983,2.7512874170047064,-12.049999999999976,1.392659918427838,0.5572237895177904,-0.5000000000000331,0.7859955453367286,0.14903356236371304,7.216449660063518e-15,1.007927645495112,70,255,255,255
205,4.1,5.525647330227834,2.7623734831790867,-12.059999999999976,1.393824896442571,0.5543033087190227,-0.5000000000000331,0.7869737120861063,0.1437789153019814,-2.220446049250313e-16,1.013163633053624,70,255,255,255
206,4.12,5.55354751989996,2.773399788827823,-12.069999999999975,1.3950094836063354,0.5513152824368155,-0.5000000000000331,0.7879065517189682,0.13857584839475082,-2.220446049250313e-16,1.0183996206279338,70,255,255,255
207,4.14,5.581471770984496,2.78436501574603,-12.079999999999975,1.3962125542268133,0.5482613459103581,-0.5000000000000331,0.7887952352392485,0.13342442379061864,-2.220446049250313e-16,1.0236356082167772,70,255,255,255
208,4.16,5.6094204309860425,2.7952678779444615,-12.089999999999975,1.3974330000772934,0.5451431099215832,-0.5000000000000331,0.7896409176817424,0.12832467074859705,-2.220446049250313e-16,1.028871595818992,70,255,255,255
209,4.18,5.6373938256028175,2.806107121165931,-12.099999999999975,1.3986697308387623,0.5419621610734681,-0.5000000000000331,0.7904447375210242,0.12327658709308709,-2.220446049250313e-16,1.0341075834335083,70,255,255,255
210,4.2,5.6653922590927115,2.8168815224073915,-12.109999999999975,1.3999216744946952,0.5387200620730297,-0.5000000000000331,0.791207816145569,0.11828014064144365,-2.220446049250313e-16,1.0393435710593417,70,255,255,255
211,4.22,5.6934160146463295,2.827589889447752,-12.119999999999974,1.4011877776808843,0.5354183520180321,-0.5000000000000331,0.7919312573938956,0.11333527060241916,-2.220446049250313e-16,1.0445795586955873,70,255,255,255
212,4.24,5.721465354766181,2.8382310603814824,-12.129999999999974,1.402467005992596,0.5320585466865121,-0.5000000000000332,0.7926161471495893,0.10844188894398997,-7.327471962526033e-15,1.0498155463414118,70,255,255,255
213,4.26,5.749540521651206,2.8488039031580485,-12.139999999999974,1.4037583442512616,0.5286421388282969,-0.5000000000000332,0.7932635529921155,0.1035998817293019,1.1102230246251565e-16,1.055051533996049,70,255,255,255
214,4.28,5.7776417375858635,2.8593073151272037,-12.149999999999974,1.405060796732838,0.5251705984577604,-0.5000000000000333,0.7938745239003928,0.09880911041966103,-6.994405055138486e-15,1.0602875216587937,70,255,255,255
215,4.3,5.805769205333061,2.8697402225901465,-12.159999999999973,1.4063733873599107,0.5216453731471324,-0.5000000000000334,0.7944500900061627,0.09406941314369976,-6.661338147750939e-15,1.0655235093289976,70,255,255,255
216,4.32,5.833923108530252,2.8801015803565413,-12.169999999999973,1.407695159859523,0.518067888319737,-0.5000000000000335,0.7949912623942647,0.08938060593201229,-6.328271240363392e-15,1.0707594970060639,70,255,255,255
217,4.34,5.862103612088025,2.8903903713073933,-12.179999999999973,1.4090251778886602,0.5144395475425946,-0.5000000000000336,0.7954990329470064,0.08474248391673134,-5.995204332975845e-15,1.0759954846894435,70,255,255,255
218,4.36,5.890310862590609,2.900605605963751,-12.189999999999973,1.4103625251292238,0.5107617328178763,-0.5000000000000338,0.7959743742299057,0.08015482249565704,-5.662137425588298e-15,1.0812314723786314,70,255,255,255
219,4.38,5.918544988697695,2.9107463220612058,-12.199999999999974,1.411706305354282,0.5070358048727552,-0.5000000000000339,0.7964182394161569,0.07561737846070209,-5.329070518200751e-15,1.0864674600731627,70,255,255,255
220,4.4,5.946806101547041,2.9208115841301505,-12.209999999999976,1.4130556424672915,0.5032631034472428,-0.5000000000000339,0.7968315622472851,0.07112989109053332,2.1094237467877974e-15,1.0917034477726104,70,255,255,255
221,4.42,5.975094295157359,2.9308004830817436,-12.219999999999978,1.4144096805159263,0.4994449475796458,-0.5000000000000339,0.7972152570275199,0.06669208320742018,2.1094237467877974e-15,1.096939435476581,70,255,255,255
222,4.44,6.003409646831001,2.94071213579953,-12.229999999999977,1.4157675836820784,0.4955826358893227,-0.5000000000000336,0.7975702186495358,0.062303662198395705,9.2148511043888e-15,1.1021754231847123,70,255,255,255
223,4.46,6.031752217555991,2.950545684736659,-12.239999999999977,1.4171285362495243,0.4916774468564545,-0.5000000000000334,0.7978973226492864,0.05796432100094483,8.548717289613705e-15,1.1074114108966717,70,255,255,255
224,4.48,6.060122052407005,2.9603002975186308,-12.249999999999977,1.4184917425506878,0.4877306390985837,-0.5000000000000333,0.798197425287764,0.053673739053510985,7.882583474838611e-15,1.1126473986121532,70,255,255,255
225,4.5,6.088519180944882,2.969975166551505,-12.259999999999977,1.4198564268938705,0.48374345164370997,-0.5000000000000332,0.7984713636576042,0.04943158321120293,7.549516567451064e-15,1.1178833863308748,70,255,255,255
226,4.5200000000000005,6.116943617614327,2.9795695086355,-12.269999999999976,1.4212218334722415,0.4797171041997564,-0.5000000000000331,0.7987199558125547,0.045237508627142355,7.216449660063518e-15,1.1231193740525773,70,255,255,255
227,4.54,6.1453953621394435,2.989082564583905,-12.279999999999976,1.4225872262558397,0.4756527974202576,-0.500000000000033,0.798944000917918,0.041091159599966454,6.8833827526759706e-15,1.1283553617770221,70,255,255,255
228,4.5600000000000005,6.173874399916799,2.9985135988472282,-12.289999999999976,1.4239518888677656,0.47155171316614103,-0.500000000000033,0.7991442794201694,0.03699217038804502,-5.551115123125783e-16,1.13359134950399,70,255,255,255
229,4.58,6.202380702405713,3.0078618991424984,-12.299999999999976,1.4253151244456919,0.4674150147634992,-0.5000000000000329,0.7993215532340433,0.032940165991028926,6.5503158452884236e-15,1.1388273372332791,70,255,255,255
230,4.6000000000000005,6.230914227515508,3.0171267760876437,-12.309999999999976,1.426676255489759,0.4632438472572741,-0.5000000000000329,0.7994765659454669,0.02893476289937939,-8.881784197001252e-16,1.1440633249647039,70,255,255,255
231,4.62,6.259474919989466,3.0263075628408593,-12.319999999999975,1.4280346236978783,0.45903933766079363,-0.5000000000000329,0.7996100430288113,0.024975569812572776,-8.881784197001252e-16,1.1492993126980933,70,255,255,255
232,4.64,6.288062711785254,3.0354036147448817,-12.329999999999975,1.4293895897894056,0.4548025952011218,-0.5000000000000329,0.7997226920770041,0.021062188326695725,-8.881784197001252e-16,1.1545353004332901,70,255,255,255
233,4.66,6.316677522451616,3.044414308976086,-12.339999999999975,1.4307405333181031,0.45053471156019664,-0.5000000000000329,0.7998152030431447,0.017194213592180027,-8.881784197001252e-16,1.1597712881701498,70,255,255,255
234,4.68,6.345319259501121,3.053339044198321,-12.349999999999975,1.4320868524752592,0.44623676111174987,-0.5000000000000329,0.7998882484923217,0.013371234942439652,-8.881784197001252e-16,1.1650072759085395,70,255,255,255
235,4.7,6.373987818778796,3.062177240221401,-12.359999999999975,1.433427963883787,0.4419098011540145,-0.5000000000000329,0.7999424838624312,0.009592836494190099,-8.881784197001252e-16,1.1702432636483364,70,255,255,255
236,4.72,6.402683084826478,3.070928337664166,-12.369999999999974,1.4347633023840867,0.43755487213823857,-0.5000000000000329,0.7999785477328453,0.005858597720245547,-8.881784197001252e-16,1.1754792513894283,70,255,255,255
237,4.74,6.431404931242726,3.0795917976220264,-12.379999999999974,1.4360923208124052,0.43317299789303587,-0.500000000000033,0.7999970620998719,0.002168093995590285,-7.993605777301127e-15,1.1807152391317115,70,255,255,255
238,4.76,6.4601532210381745,3.0881671013389185,-12.389999999999974,1.4374144897723948,0.42876518584461376,-0.500000000000033,0.799998632657996,-0.0014791028824660709,-5.551115123125783e-16,1.1859512268750907,70,255,255,255
239,4.78,6.488927806986185,3.096653749883577,-12.399999999999974,1.4387292974005264,0.42433242723292725,-0.5000000000000331,0.7999838490859741,-0.005083424199246944,-7.66053886991358e-15,1.1911872146194782,70,255,255,255
240,4.8,6.517728531968705,3.1050512638300534,-12.409999999999973,1.4400362491259855,0.4198756973238179,-0.5000000000000332,0.7999532853369047,-0.008645303851970702,-7.327471962526033e-15,1.1964232023647934,70,255,255,255
241,4.82,6.546555229317217,3.113359182942397,-12.419999999999973,1.4413348674256352,0.4153959556171997,-0.5000000000000333,0.7999074999314608,-0.012165177902518018,-6.994405055138486e-15,1.201659190110962,70,255,255,255
242,4.84,6.575407723148709,3.1215770658634243,-12.429999999999973,1.4426246915746033,0.4108941460513648,-0.5000000000000334,0.7998470362535314,-0.015643484152903748,-6.661338147750939e-15,1.2068951778579156,70,255,255,255
243,4.86,6.604285828696569,3.129704489807494,-12.439999999999973,1.4439052773930177,0.40637119720348325,-0.5000000000000335,0.7997724228475634,-0.019080661742669494,-6.328271240363392e-15,1.2121311656055915,70,255,255,255
244,4.88,6.633189352636356,3.1377410502572216,-12.449999999999973,1.44517619698938,0.4018280224863773,-0.5000000000000336,0.7996841737169612,-0.022477150767412385,-5.995204332975845e-15,1.217367153353932,70,255,255,255
245,4.9,6.662118093406377,3.1456863606640546,-12.459999999999972,1.4464370385010452,0.3972655203416545,-0.5000000000000338,0.7995827886229339,-0.025833391917686705,-5.662137425588298e-15,1.2226031411028842,70,255,255,255
246,4.92,6.691071841523022,3.1535400521526404,-12.469999999999974,1.4476874058322433,0.3926845744292864,-0.500000000000034,0.7994687533832404,-0.029149826137518344,-1.2434497875801753e-14,1.2278391288523987,70,255,255,255
247,4.94,6.720050379890823,3.161301773228915,-12.479999999999976,1.4489269183900522,0.38808605381372174,-0.5000000000000341,0.7993425401703205,-0.03242689430179375,-4.6629367034256575e-15,1.2330751166024305,70,255,255,255
248,4.96,6.749053484107198,3.1689711894918475,-12.489999999999977,1.4501552108187123,0.38347081314662745,-0.500000000000034,0.7992046078083387,-0.03566503691179187,2.7755575615628914e-15,1.2383111043529387,70,255,255,255
249,4.98,6.778080922761851,3.1765479833487746,-12.499999999999979,1.451371932732642,0.37883969284634805,-0.5000000000000338,0.799055402068717,-0.03886469380815067,9.547918011776346e-15,1.2435470921038847,70,255,255,255
250,5.0,6.8071324577308205,3.184031853734258,-12.509999999999978,1.4525767484484957,0.37419351927417854,-0.5000000000000334,0.7988953559637566,-0.04202630390056865,1.5987211554602254e-14,1.2487830798552337,70,255,255,255
251,5.0200000000000005,6.8362078776323605,3.1914223853490435,-12.519999999999978,1.453770995076987,0.36952658073928374,-0.5000000000000331,0.7987046892863088,-0.04550625574644949,1.4988010832439613e-14,1.2540190676069534,70,255,255,255
252,5.04,6.8653069629801875,3.1987191813527627,-12.529999999999978,1.4549542673913383,0.36483980018596346,-0.5000000000000328,0.7985013379122209,-0.04894500334450104,1.3988810110276972e-14,1.259255055359014,70,255,255,255
253,5.0600000000000005,6.894429486500276,3.205921863063199,-12.539999999999978,1.4561261760044555,0.3601340855218264,-0.5000000000000326,0.7982857953819469,-0.05234299276323831,5.88418203051333e-15,1.2644910431113887,70,255,255,255
254,5.08,6.923575213442468,3.2130300696591845,-12.549999999999978,1.4572863471095763,0.35541032979927173,-0.5000000000000324,0.7980585412855283,-0.0557006703838917,1.2656542480726785e-14,1.269727030864052,70,255,255,255
255,5.1000000000000005,6.952743901886843,3.2200434578870634,-12.559999999999977,1.4584344222187786,0.350669411393947,-0.5000000000000323,0.7978200415600861,-0.05901848257166929,4.884981308350689e-15,1.274963018616981,70,255,255,255
256,5.12,6.981935303044838,3.2269617017706684,-12.569999999999977,1.4595700578997228,0.3459121941802566,-0.5000000000000322,0.7975707487864124,-0.06229687536531372,4.551914400963142e-15,1.280199006370154,70,255,255,255
257,5.14,7.011149161555058,3.2337844923247485,-12.579999999999977,1.4606929255110026,0.3411395277040015,-0.5000000000000321,0.7973111024842154,-0.06553629418425311,4.218847493575595e-15,1.2854349941235519,70,255,255,255
258,5.16,7.040385215773787,3.240511537271793,-12.589999999999977,1.4618027109364338,0.3363522473522259,-0.500000000000032,0.7970415294056195,-0.06873718355265479,3.885780586188048e-15,1.2906709818771567,70,255,255,255
259,5.18,7.0696431980601595,3.2471425607622,-12.599999999999977,1.46289911431861,0.3315511745203531,-0.5000000000000319,0.796762443826546,-0.07189998683970844,3.552713678800501e-15,1.2959069696309518,70,255,255,255
260,5.2,7.098922835055999,3.2536773030977337,-12.609999999999976,1.4639818497920172,0.3267371167766894,-0.5000000000000318,0.7964742478356444,-0.07502514601548294,3.219646771412954e-15,1.3011429573849218,70,255,255,255
261,5.22,7.128223847960319,3.2601155204582213,-12.619999999999976,1.465050645215991,0.3219108680243773,-0.5000000000000316,0.7961773316204633,-0.0781131014217132,2.886579864025407e-15,1.3063789451390528,70,255,255,255
262,5.24,7.157545952798475,3.266456984631439,-12.629999999999976,1.4661052419077882,0.3170732086608795,-0.5000000000000318,0.7958720737505915,-0.0811642915568955,-4.551914400963142e-15,1.311614932893332,70,255,255,255
263,5.26,7.186888860685995,3.2727014827461405,-12.639999999999976,1.4671453943760058,0.3122249057350713,-0.5000000000000316,0.7955588414575214,-0.08417915287508222,2.886579864025407e-15,1.3168509206477474,70,255,255,255
264,5.28,7.216252278087087,3.278848817008181,-12.649999999999975,1.4681708700545921,0.30736671310202357,-0.5000000000000318,0.7952379909110089,-0.08715811959778849,-4.551914400963142e-15,1.3220869084022884,70,255,255,255
265,5.3,7.2456359070678396,3.2848988044396923,-12.659999999999975,1.4691814490376591,0.30249937157555323,-0.5000000000000319,0.7949098674917414,-0.0901016235384365,-4.218847493575595e-15,1.3273228961569448,70,255,255,255
266,5.32,7.275039445544145,3.2908512766212645,-12.669999999999975,1.4701769238152995,0.2976236090786188,-0.500000000000032,0.7945748060601331,-0.09301009393878557,-3.885780586188048e-15,1.3325588839117073,70,255,255,255
267,5.34,7.304462587524357,3.2967060794370973,-12.679999999999975,1.4711570990106024,0.29274014079163824,-0.5000000000000321,0.7942331312210972,-0.09588395731680759,-3.552713678800501e-15,1.3377948716665673,70,255,255,255
268,5.36,7.333905023346718,3.3024630728230733,-12.689999999999975,1.4721217911180349,0.2878496692988021,-0.5000000000000322,0.7938851575846629,-0.09872363732549154,-3.219646771412954e-15,1.3430308594215172,70,255,255,255
269,5.38,7.3633664399115855,3.3081221305177224,-12.699999999999974,1.4730708282433609,0.2829528847324559,-0.5000000000000323,0.7935311900223228,-0.10152955462207144,-2.886579864025407e-15,1.3482668471765498,70,255,255,255
270,5.4,7.39284652090849,3.313683139816035,-12.709999999999974,1.4740040498452525,0.27805046491562396,-0.5000000000000323,0.7931715239190148,-0.10430212674719569,-2.55351295663786e-15,1.3535028349316585,70,255,255,255
271,5.42,7.422344947038065,3.31914600132609,-12.719999999999974,1.4749213064787232,0.273143075502742,-0.5000000000000325,0.7928064454206526,-0.10704176801356548,-9.658940314238862e-15,1.3587388226868369,70,255,255,255
272,5.44,7.4518613962288756,3.324510628728463,-12.729999999999974,1.475822459540531,0.2682313701186681,-0.5000000000000328,0.7924362316771474,-0.10974888940359492,-8.992806499463768e-15,1.3639748104420797,70,255,255,255
273,5.46,7.481395543849209,3.3297769485383837,-12.739999999999974,1.4767073810166629,0.2633159904960357,-0.5000000000000329,0.7920611510808596,-0.11242389847565275,-8.326672684688674e-15,1.3692107981973818,70,255,255,255
274,5.48,7.51094706291385,3.334944899870604,-12.749999999999973,1.477575953232018,0.25839756661101404,-0.500000000000033,0.7916814635004464,-0.1150671992784707,-7.993605777301127e-15,1.3744467859527383,70,255,255,255
275,5.5,7.540515624285898,3.3400144342069544,-12.759999999999973,1.4784280686023934,0.25347671681753514,-0.5000000000000331,0.7912974205100768,-0.117679192273311,-7.66053886991358e-15,1.379682773708145,70,255,255,255
276,5.5200000000000005,7.570100896873675,3.3449855151665555,-12.769999999999973,1.47926362938887,0.24855404798004824,-0.5000000000000332,0.7909092656139932,-0.12026027426350785,-7.327471962526033e-15,1.3849187614635978,70,255,255,255
277,5.54,7.599702547822768,3.349858118278653,-12.779999999999973,1.480082547454686,0.2436301556048574,-0.5000000000000333,0.7905172344664189,-0.12281083833100749,-6.994405055138486e-15,1.390154749219093,70,255,255,255
278,5.5600000000000005,7.629320242703262,3.354632230758055,-12.789999999999973,1.4808847440246817,0.23870562397009726,-0.5000000000000335,0.7901215550868077,-0.1253312737795502,-1.3766765505351941e-14,1.3953907369746272,70,255,255,255
279,5.58,7.658953645692209,3.359307851283143,-12.799999999999972,1.4816701494473863,0.23378102625439928,-0.5000000000000336,0.789722448070449,-0.12782196608414786,-5.995204332975845e-15,1.4006267247301973,70,255,255,255
280,5.6000000000000005,7.688602419751406,3.363884989776429,-12.809999999999974,1.482438702959822,0.22885692466429927,-0.5000000000000339,0.7893201267944452,-0.13028329684652967,-1.27675647831893e-14,1.4058627124858005,70,255,255,255
281,5.62,7.718266226800507,3.3683636671876376,-12.819999999999975,1.4831903524550796,0.22393387056043265,-0.500000000000034,0.7889147976190889,-0.1327156437562363,-4.9960036108132044e-15,1.4110987002414341,70,255,255,255
282,5.64,7.747944727885562,3.372743915279289,-12.829999999999977,1.4839250542527285,0.2190124045825647,-0.500000000000034,0.7885066600846667,-0.13511938055706163,2.4424906541753444e-15,1.4163346879970957,70,255,255,255
283,5.66,7.7776375833430045,3.377025776414759,-12.839999999999979,1.4846427728721074,0.21409305677349816,-0.5000000000000338,0.7880959071037319,-0.13749487701854907,9.547918011776346e-15,1.4215706757527828,70,255,255,255
284,5.68,7.807344452959176,3.381209303348797,-12.849999999999978,1.4853434808085457,0.20917634670190013,-0.5000000000000334,0.7876827251488845,-0.13984249891226536,1.5987211554602254e-14,1.4268066635084937,70,255,255,255
285,5.7,7.837064996125426,3.385294559020479,-12.859999999999978,1.4860271583125526,0.20426278358408723,-0.5000000000000331,0.787267294436106,-0.14216260799258545,1.4988010832439613e-14,1.4320426512642264,70,255,255,255
286,5.72,7.866798871988867,3.389281616348575,-12.869999999999978,1.4866937931720128,0.19935286640480576,-0.5000000000000328,0.7868497891037032,-0.14445556198173187,1.3988810110276972e-14,1.437278639019979,70,255,255,255
287,5.74,7.896545739598816,3.3931705580293157,-12.879999999999978,1.4873433804974197,0.19444708403704222,-0.5000000000000326,0.7864303773869101,-0.14672171455882774,5.88418203051333e-15,1.44251462677575,70,255,255,255
288,5.76,7.926305258049019,3.3969614763365334,-12.889999999999977,1.487975922510173,0.18954591536089682,-0.5000000000000324,0.7860092217882131,-0.14896141535272736,1.2656542480726785e-14,1.4477506145315382,70,255,255,255
289,5.78,7.956077086615698,3.4006544729241646,-12.899999999999977,1.4885914283339683,0.18464982938155108,-0.5000000000000323,0.7855864792434525,-0.15117500993840477,4.884981308350689e-15,1.4529866022873419,70,255,255,255
290,5.8,7.985860884891484,3.4042496586310915,-12.909999999999977,1.4891899137892943,0.1797592853463584,-0.5000000000000322,0.7851623012837712,-0.1533628398366854,4.551914400963142e-15,1.4582225900431598,70,255,255,255
291,5.82,8.015656312915306,3.4077471532883132,-12.919999999999977,1.4897714011910566,0.17487473286108457,-0.5000000000000321,0.7847368341934708,-0.15552524251712022,4.218847493575595e-15,1.463458577798991,70,255,255,255
292,5.84,8.045463031298294,3.4111470855284196,-12.929999999999977,1.490335919149341,0.16999661200532362,-0.500000000000032,0.784310219163847,-0.15766255140380772,3.885780586188048e-15,1.4686945655548342,70,255,255,255
293,5.86,8.07528070134576,3.4144495925973617,-12.939999999999976,1.4908835023733298,0.1651253534471124,-0.5000000000000319,0.783882592443068,-0.15977509588397942,3.552713678800501e-15,1.4739305533106888,70,255,255,255
294,5.88,8.105108985175328,3.417654820168497,-12.949999999999976,1.4914141914783716,0.16026137855676556,-0.5000000000000318,0.7834540854821734,-0.16186320131917387,3.219646771412954e-15,1.4791665410665535,70,255,255,255
295,5.9,8.134947545831253,3.4207629221588958,-12.959999999999976,1.4919280327962183,0.15540509951995107,-0.5000000000000316,0.7830248250772578,-0.16392718905883139,2.886579864025407e-15,1.4844025288224278,70,255,255,255
296,5.92,8.16479604739502,3.4237740605478963,-12.969999999999976,1.4924250781884225,0.15055691945002445,-0.5000000000000318,0.7825949335079182,-0.16596737645614942,-4.551914400963142e-15,1.4896385165783108,70,255,255,255
297,5.94,8.194654155092278,3.426688405197889,-12.979999999999976,1.4929053848629008,0.14571723249963875,-0.5000000000000319,0.7821645286720322,-0.16798407688604855,-4.218847493575595e-15,1.4948745043342018,70,255,255,255
298,5.96,8.224521535396152,3.429506133677322,-12.989999999999975,1.4933690151936598,0.140886423971646,-0.500000000000032,0.7817337242169451,-0.1699775997651023,-3.885780586188048e-15,1.5001104920901,70,255,255,255
299,5.98,8.254397856127024,3.432227431085908,-12.999999999999975,1.4938160365436761,0.136064870429303,-0.5000000000000321,0.7813026296671367,-0.17194825057329624,-3.552713678800501e-15,1.5053464798460052,70,255,255,255
300,6.0,8.284282786548843,3.434852489882024,-13.009999999999975,1.4942465210909264,0.13125293980579503,-0.5000000000000322,0.7808713505484428,-0.173896330877483,-3.219646771412954e-15,1.5105824676019166,70,255,255,255
301,6.0200000000000005,8.314175984167765,3.4373816668462065,-13.019999999999975,1.4946598809460376,0.12645884820911704,-0.5000000000000323,0.7805316639644839,-0.17541471303409542,-2.886579864025407e-15,1.5158184553578335,70,255,255,255
302,6.04,8.344077109873487,3.439815322847076,-13.029999999999974,1.4950562852861358,0.12168280004347509,-0.5000000000000323,0.7801928431449681,-0.1769155942967472,-2.55351295663786e-15,1.5210544431137558,70,255,255,255
303,6.0600000000000005,8.373985827973742,3.44215382270798,-13.039999999999974,1.4954359050127743,0.1169249930452171,-0.5000000000000325,0.7798549355975707,-0.17839921363085912,-9.658940314238862e-15,1.526290430869683,70,255,255,255
304,6.08,8.403901806226363,3.4443975350756113,-13.049999999999974,1.4957989126310884,0.11218561838156345,-0.5000000000000325,0.7795179867461083,-0.17986580647608974,-1.887379141862766e-15,1.5315264186256146,70,255,255,255
305,6.1000000000000005,8.433824715869005,3.446546832290588,-13.059999999999974,1.4961454821320794,0.10746486074884216,-0.5000000000000328,0.7791820399996242,-0.18131560479457925,-8.992806499463768e-15,1.5367624063815504,70,255,255,255
306,6.12,8.463754231646565,3.4486020902599925,-13.069999999999974,1.4964757888779892,0.10276289847021453,-0.5000000000000329,0.7788471368193335,-0.18274883711894385,-8.326672684688674e-15,1.54199839413749,70,255,255,255
307,6.140000000000001,8.49369003183638,3.45056368833185,-13.079999999999973,1.496790009490714,0.09807990359287637,-0.500000000000033,0.7785133167834917,-0.18416572859999458,-7.993605777301127e-15,1.5472343818934329,70,255,255,255
308,6.16,8.523631798271245,3.4524320091715444,-13.089999999999973,1.4970883217432127,0.09341604198472046,-0.5000000000000331,0.778180617650246,-0.18556650105415462,-7.66053886991358e-15,1.5524703696493791,70,255,255,255
309,6.18,8.553579216360323,3.4542074386401533,-13.099999999999973,1.4973709044538654,0.08877147343044611,-0.5000000000000332,0.7778490754185343,-0.1869513730105543,-7.327471962526033e-15,1.5577063574053283,70,255,255,255
310,6.2,8.583531975107997,3.4558903656746955,-13.109999999999973,1.4976379373837387,0.08414635172710157,-0.5000000000000333,0.7775187243870827,-0.1883205597577805,-6.994405055138486e-15,1.56294234516128,70,255,255,255
311,6.22,8.61348976713073,3.4574811821702762,-13.119999999999973,1.4978896011367024,0.07954082477904485,-0.5000000000000334,0.7771895972115659,-0.1896742733902625,-6.661338147750939e-15,1.5681783329172343,70,255,255,255
312,6.24,8.643452288671977,3.4589802828641223,-13.129999999999972,1.4981260770623661,0.07495503469230996,-0.5000000000000336,0.7768617249599797,-0.191012722854277,-1.3433698597964394e-14,1.573414320673191,70,255,255,255
313,6.26,8.673419239615212,3.4603880652214896,-13.139999999999972,1.498347547161777,0.07038911786836398,-0.5000000000000338,0.7765351371662833,-0.19233611399355513,-5.662137425588298e-15,1.5786503084291497,70,255,255,255
314,6.28,8.703390323495128,3.4617049293234343,-13.149999999999974,1.4985541939958402,0.06584320509724224,-0.500000000000034,0.7762098618823597,-0.19364464959447775,-1.2434497875801753e-14,1.5838862961851103,70,255,255,255
315,6.3,8.733365247507056,3.4629312777564354,-13.159999999999975,1.4987462005964154,0.06131742165004831,-0.5000000000000341,0.7758859257283506,-0.1949385294308455,-4.6629367034256575e-15,1.5891222839410728,70,255,255,255
316,6.32,8.763343722514657,3.4640675155038516,-13.169999999999977,1.498923750380041,0.05681188737080567,-0.500000000000034,0.775563353941407,-0.19621795030821185,2.7755575615628914e-15,1.594358271697037,70,255,255,255
317,6.34,8.793325463055941,3.4651140498392046,-13.179999999999978,1.4990870270642456,0.052326716767648954,-0.5000000000000338,0.7752421704229124,-0.1974831061077682,9.547918011776346e-15,1.5995942594530026,70,255,255,255
318,6.36,8.82331018734767,3.4660712902212714,-13.189999999999978,1.499236214586398,0.04786201910334215,-0.5000000000000334,0.7749223977842176,-0.19873418782977173,1.5987211554602254e-14,1.6048302472089697,70,255,255,255
319,6.38,8.85329761728817,3.4669396481909738,-13.199999999999978,1.499371497025049,0.04341789848511192,-0.5000000000000331,0.7746040573909363,-0.19997138363650746,1.4988010832439613e-14,1.610066234964938,70,255,255,255
320,6.4,8.883287478458644,3.4677195372700496,-13.209999999999978,1.4994930585237285,0.03899445395378461,-0.5000000000000328,0.7742871694058452,-0.20119487889477725,1.3988810110276972e-14,1.6153022227209075,70,255,255,255
321,6.42,8.913279500122988,3.468411372861494,-13.219999999999978,1.4996010832171427,0.0345917795722155,-0.5000000000000326,0.7739717528304297,-0.20240485621790869,5.88418203051333e-15,1.620538210476878,70,255,255,255
322,6.44,8.943273415226182,3.4690155721517537,-13.229999999999977,1.4996957551597332,0.030209964512999517,-0.5000000000000325,0.7736578255451175,-0.203601495507279,5.551115123125783e-15,1.6257741982328495,70,255,255,255
323,6.46,8.973268960391312,3.4695325540146627,-13.239999999999977,1.4997772582565578,0.02584909314545306,-0.5000000000000324,0.7733454043482405,-0.20478497399334872,5.218048215738236e-15,1.631010185988822,70,255,255,255
324,6.48,9.003265875915242,3.4699627389170997,-13.249999999999977,1.4998457761964354,0.021509245121856486,-0.5000000000000323,0.7730345049937632,-0.20595546627620148,4.884981308350689e-15,1.6362461737447953,70,255,255,255
325,6.5,9.033263905762988,3.4703065488263585,-13.259999999999977,1.4999014923873295,0.01719049546294795,-0.5000000000000322,0.772725142227817,-0.20711314436558612,4.551914400963142e-15,1.6414821615007693,70,255,255,255
326,6.5200000000000005,9.063262797560867,3.4705644071192117,-13.269999999999976,1.4999445898939125,0.012892914642658952,-0.5000000000000321,0.7724173298240747,-0.20825817772045963,4.218847493575595e-15,1.6467181492567442,70,255,255,255
327,6.54,9.093262302588412,3.4707367384926533,-13.279999999999976,1.499975251377275,0.008616568672082861,-0.500000000000032,0.7721110806180042,-0.20939073328802776,3.885780586188048e-15,1.6519541370127198,70,255,255,255
328,6.5600000000000005,9.123262175769147,3.4708239688763065,-13.289999999999976,1.4999936590367373,0.004361519182667872,-0.5000000000000321,0.7718064065400315,-0.2105109755422828,-3.552713678800501e-15,1.6571901247686958,70,255,255,255
329,6.58,9.153262175660222,3.470826525346479,-13.299999999999976,1.4999999945537168,0.00012782350862626253,-0.500000000000032,0.7715033186476526,-0.21161906652203794,3.885780586188048e-15,1.6624261125246724,70,255,255,255
330,6.6000000000000005,9.183262064440974,3.47074483604185,-13.309999999999976,1.4999944390376163,-0.0040844652314476594,-0.5000000000000321,0.77120182715652,-0.21271516586845718,-3.552713678800501e-15,1.6676621002806495,70,255,255,255
331,6.62,9.213261607900447,3.4705793300807746,-13.319999999999975,1.4999771729736826,-0.008275298053758215,-0.5000000000000322,0.7709019414705413,-0.21379943086208208,-3.219646771412954e-15,1.672898088036627,70,255,255,255
332,6.640000000000001,9.243260575423903,3.4703304374801887,-13.329999999999975,1.4999483761728047,-0.012444630029294447,-0.5000000000000323,0.7706036702110175,-0.21487201645935528,-2.886579864025407e-15,1.678134075792605,70,255,255,255
333,6.66,9.273258739978367,3.4699985890760963,-13.339999999999975,1.4999082277232008,-0.016592420204628026,-0.5000000000000323,0.7703070212448507,-0.2159330753286423,-2.55351295663786e-15,1.6833700635485835,70,255,255,255
334,6.68,9.303255878097247,3.4695842164456256,-13.349999999999975,1.499856905943961,-0.020718631523529034,-0.5000000000000323,0.7700120017118516,-0.2169827578857534,-2.55351295663786e-15,1.6886060513045622,70,255,255,255
335,6.7,9.333251769864054,3.4690877518306373,-13.359999999999975,1.499794588340404,-0.024823230749405133,-0.5000000000000323,0.769718618051173,-0.2180212123289671,-2.55351295663786e-15,1.6938420390605413,70,255,255,255
336,6.72,9.363246198895277,3.468509628062866,-13.369999999999974,1.4997214515612038,-0.02890618838856928,-0.5000000000000323,0.769426876026898,-0.21904858467355728,-2.55351295663786e-15,1.6990780268165206,70,255,255,255
337,6.74,9.393238952322422,3.467850278490579,-13.379999999999974,1.499637671357256,-0.032967478614340816,-0.5000000000000325,0.7691367807528082,-0.22006501878582813,-9.658940314238862e-15,1.7043140145725004,70,255,255,255
338,6.76,9.423229820773267,3.467110136906739,-13.389999999999974,1.4995434225422344,-0.03700707919198413,-0.5000000000000325,0.768848336716357,-0.22107065641665682,-1.887379141862766e-15,1.7095500023284804,70,255,255,255
339,6.78,9.453218598352363,3.4662896374786496,-13.399999999999974,1.4994388789548112,-0.0410249714044889,-0.5000000000000328,0.7685615478018746,-0.22206563723455064,-8.992806499463768e-15,1.7147859900844606,70,255,255,255
340,6.8,9.483205082620813,3.4653892146790657,-13.409999999999973,1.4993242134224918,-0.04502113997919541,-0.5000000000000329,0.7682764173130262,-0.2230500988582186,-8.326672684688674e-15,1.720021977840441,70,255,255,255
341,6.82,9.513189074575354,3.46440930321876,-13.419999999999973,1.4991995977270358,-0.04899557301526808,-0.500000000000033,0.7679929479945482,-0.2240241768886637,-7.993605777301127e-15,1.7252579655964217,70,255,255,255
342,6.84,9.543170378626783,3.4633503379805197,-13.429999999999973,1.4990652025714213,-0.05294826191201979,-0.5000000000000331,0.7677111420532852,-0.22498800494079838,-7.66053886991358e-15,1.7304939533524026,70,255,255,255
343,6.86,9.57314880257775,3.462212753954558,-13.439999999999973,1.4989211975483208,-0.0568792012980896,-0.5000000000000332,0.7674310011785473,-0.22594171467458715,-7.327471962526033e-15,1.7357299411083835,70,255,255,255
344,6.88,9.60312415759995,3.4609969861753282,-13.449999999999973,1.4987677511100472,-0.06078838896147541,-0.5000000000000333,0.7671525265618125,-0.22688543582572107,-6.994405055138486e-15,1.7409659288643646,70,255,255,255
345,6.9,9.633096258210749,3.4597034696597198,-13.459999999999972,1.498605030539942,-0.06467582578042358,-0.5000000000000334,0.7668757189157914,-0.22781929623582844,-6.661338147750939e-15,1.746201916620346,70,255,255,255
346,6.92,9.663064922249252,3.458332639346616,-13.469999999999972,1.4984332019251614,-0.06854151565517623,-0.5000000000000336,0.7666005784928749,-0.22874342188222535,-1.3433698597964394e-14,1.7514379043763273,70,255,255,255
347,6.94,9.693029970851867,3.4568849300378046,-13.479999999999974,1.4982524301308344,-0.0723854654405774,-0.5000000000000339,0.7663271051029861,-0.22965793690721203,-1.27675647831893e-14,1.7566738921323088,70,255,255,255
348,6.96,9.722991228427379,3.4553607763402137,-13.489999999999975,1.4980628787755543,-0.07620768487953836,-0.500000000000034,0.7660552981308528,-0.23056296364691836,-4.9960036108132044e-15,1.7619098798882906,70,255,255,255
349,6.98,9.752948522631542,3.453760612609466,-13.499999999999977,1.4978647102081692,-0.08000818653736205,-0.500000000000034,0.7657851565527192,-0.2314586226597044,2.4424906541753444e-15,1.7671458676442724,70,255,255,255
350,7.0,9.782901684341258,3.4520848728947278,-13.509999999999977,1.4976580854858428,-0.08378698573692686,-0.5000000000000338,0.7655166789525144,-0.23234503275412,9.547918011776346e-15,1.7723818554002542,70,255,255,255
351,7.0200000000000005,9.812850547628326,3.4503339908848334,-13.519999999999976,1.4974431643533483,-0.08754410049472856,-0.5000000000000335,0.7652498635374958,-0.23322231101642962,8.881784197001252e-15,1.7776178431562362,70,255,255,255
352,7.04,9.842794949732797,3.448508399855678,-13.529999999999976,1.497220105223566,-0.0912795514577799,-0.5000000000000334,0.764984708153382,-0.23409057283770554,8.215650382226158e-15,1.7828538309122182,70,255,255,255
353,7.0600000000000005,9.87273473103598,3.4466085326188507,-13.539999999999976,1.496989065159153,-0.09499336184136646,-0.5000000000000334,0.7647212102989924,-0.2349499319404971,7.771561172376096e-16,1.7880898186682004,70,255,255,255
354,7.08,9.902669735033086,3.4446348214714977,-13.549999999999976,1.4967501998553514,-0.09868555736765731,-0.5000000000000333,0.764459367140409,-0.23580050040507894,7.882583474838611e-15,1.7933258064241826,70,255,255,255
355,7.1000000000000005,9.932599808305564,3.442587698147394,-13.559999999999976,1.4965036636239084,-0.10235616620516852,-0.5000000000000333,0.764199175524673,-0.2366423886952842,4.440892098500626e-16,1.7985617941801648,70,255,255,255
356,7.12,9.962524800493126,3.440467593769213,-13.569999999999975,1.496249609378074,-0.10600521890907733,-0.5000000000000333,0.7639406319930367,-0.23747570568392867,4.440892098500626e-16,1.803797781936147,70,255,255,255
357,7.140000000000001,9.992444564265499,3.4382749388019653,-13.579999999999975,1.4959881886186503,-0.10963274836238467,-0.5000000000000333,0.7636837327937752,-0.23830055867782973,4.440892098500626e-16,1.8090337696921295,70,255,255,255
358,7.16,10.022358955293921,3.436010163007607,-13.589999999999975,1.495719551421061,-0.11323878971792324,-0.5000000000000333,0.7634284738945829,-0.2391170534424268,4.440892098500626e-16,1.814269757448112,70,255,255,255
359,7.18,10.05226783222239,3.433673695400783,-13.599999999999975,1.4954438464234132,-0.11682338034120808,-0.5000000000000333,0.7631748509945567,-0.2399252942260074,4.440892098500626e-16,1.8195057452040944,70,255,255,255
360,7.2,10.0821710566387,3.4312659642057004,-13.609999999999975,1.4951612208155234,-0.12038655975412638,-0.5000000000000333,0.7629228595357889,-0.24072538378354505,4.440892098500626e-16,1.8247417329600768,70,255,255,255
361,7.22,10.112068493045276,3.428787396814111,-13.619999999999974,1.4948718203288789,-0.12392836957946296,-0.5000000000000333,0.7626724947145735,-0.24151742340015345,4.440892098500626e-16,1.8299777207160595,70,255,255,255
362,7.24,10.141960008829827,3.426238419744386,-13.629999999999974,1.4945757892275113,-0.127448853486258,-0.5000000000000334,0.7624237514922444,-0.24230151291416344,-6.661338147750939e-15,1.8352137084720421,70,255,255,255
363,7.26,10.171845474235822,3.4236194586016664,-13.639999999999974,1.4942732702997499,-0.13094805713599236,-0.5000000000000334,0.7621766246056533,-0.24307775073982646,7.771561172376096e-16,1.8404496962280248,70,255,255,255
364,7.28,10.201724762332837,3.4209309380390747,-13.649999999999974,1.493964404850832,-0.13442602812959656,-0.5000000000000335,0.7619311085773003,-0.24384623388965132,-6.328271240363392e-15,1.8456856839840075,70,255,255,255
365,7.3,10.231597748986765,3.418173281719969,-13.659999999999973,1.493649332696347,-0.13788281595527946,-0.5000000000000336,0.7616871977251268,-0.2446070579963782,-5.995204332975845e-15,1.8509216717399901,70,255,255,255
366,7.32,10.261464312829894,3.4153469122812257,-13.669999999999973,1.4933281921564807,-0.1413184719371708,-0.5000000000000338,0.7614448861719842,-0.24536031733459682,-5.662137425588298e-15,1.8561576594959728,70,255,255,255
367,7.34,10.291324335230914,3.4124522512975304,-13.679999999999975,1.493001120051046,-0.14473304918477373,-0.5000000000000339,0.7612041678547832,-0.2461061048420116,-5.329070518200751e-15,1.8613936472519554,70,255,255,255
368,7.36,10.321177700264819,3.409489719246666,-13.689999999999976,1.4926682516952658,-0.14812660254322185,-0.5000000000000339,0.7609650365333398,-0.24684451214036138,2.1094237467877974e-15,1.866629635007938,70,255,255,255
369,7.38,10.351024294682745,3.4064597354757793,-13.699999999999976,1.4923297208962931,-0.1514991885443355,-0.5000000000000336,0.7607274857989238,-0.2475756295559973,9.2148511043888e-15,1.8718656227639208,70,255,255,255
370,7.4,10.380864007881753,3.40336271816861,-13.709999999999976,1.4919856599504344,-0.1548508653584714,-0.5000000000000334,0.7604915090825195,-0.24829954614012512,8.548717289613705e-15,1.8771016105199037,70,255,255,255
371,7.42,10.410696731874575,3.400199084313667,-13.719999999999976,1.4916361996410663,-0.15818169274716098,-0.5000000000000334,0.7602570996628097,-0.24901634968871525,7.771561172376096e-16,1.8823375982758865,70,255,255,255
372,7.44,10.440522361259319,3.396969249673336,-13.729999999999976,1.491281469237213,-0.1614917320165308,-0.5000000000000334,0.7600242506738883,-0.2497261267620881,7.771561172376096e-16,1.8875735860318694,70,255,255,255
373,7.46,10.470340793189175,3.393673628753906,-13.739999999999975,1.490921596492766,-0.16478104597149906,-0.5000000000000334,0.7597929551127136,-0.25042896270417725,7.771561172376096e-16,1.8928095737878523,70,255,255,255
374,7.48,10.5001519273421,3.390312634776491,-13.749999999999975,1.4905567076463253,-0.16804969887074264,-0.5000000000000334,0.7595632058463074,-0.25112494166147703,7.771561172376096e-16,1.8980455615438352,70,255,255,255
375,7.5,10.529955665890533,3.3868866796488426,-13.759999999999975,1.4901869274216395,-0.1712977563824279,-0.5000000000000334,0.7593349956187111,-0.251814146601679,7.771561172376096e-16,1.903281549299818,70,255,255,255
376,7.5200000000000005,10.559751913471105,3.3833961739380287,-13.769999999999975,1.489812379028627,-0.17452528554069907,-0.5000000000000334,0.7591083170577035,-0.25249665933200205,7.771561172376096e-16,1.908517537055801,70,255,255,255
377,7.54,10.589540577154404,3.3798415268439705,-13.779999999999974,1.4894331841649546,-0.17773235470291773,-0.5000000000000334,0.7588831626812883,-0.25317256051722026,7.771561172376096e-16,1.9137535248117838,70,255,255,255
378,7.5600000000000005,10.619321566414767,3.3762231461738175,-13.789999999999974,1.489049463018156,-0.18091903350764657,-0.5000000000000335,0.7586595249039604,-0.25384192969739505,-6.328271240363392e-15,1.9189895125677667,70,255,255,255
379,7.58,10.649094793100133,3.37254143831715,-13.799999999999974,1.4886613342682693,-0.1840853928333706,-0.5000000000000335,0.7584373960427571,-0.25450484530531514,1.1102230246251565e-15,1.9242255003237496,70,255,255,255
380,7.6000000000000005,10.678860171401952,3.3687968082219912,-13.809999999999974,1.488268915090977,-0.18723150475794945,-0.5000000000000336,0.7582167683230985,-0.2551613846836482,-5.995204332975845e-15,1.9294614880797325,70,255,255,255
381,7.62,10.708617617825176,3.3649896593716155,-13.819999999999975,1.4878723211612292,-0.1903574425187929,-0.5000000000000338,0.7579976338844295,-0.255811624101811,-5.662137425588298e-15,1.9346974758357154,70,255,255,255
382,7.640000000000001,10.738367051158322,3.3611203937621403,-13.829999999999977,1.4874716666573293,-0.19346328047375366,-0.5000000000000338,0.7577799847856618,-0.2564556387725605,1.7763568394002505e-15,1.9399334635916983,70,255,255,255
383,7.66,10.768108392443631,3.357189411880886,-13.839999999999977,1.487067064265469,-0.19654909406272913,-0.5000000000000335,0.75756381301043,-0.2570935028683115,8.881784197001252e-15,1.9451694513476812,70,255,255,255
384,7.68,10.797841564947324,3.3531971126854865,-13.849999999999977,1.486658625184691,-0.19961495976996566,-0.5000000000000334,0.7573491104721615,-0.2577252895371851,8.215650382226158e-15,1.950405439103664,70,255,255,255
385,7.7,10.82756649412997,3.3491438935837454,-13.859999999999976,1.486246459132267,-0.20266095508705798,-0.5000000000000333,0.7571358690189713,-0.2583510709187926,7.882583474838611e-15,1.955641426859647,70,255,255,255
386,7.72,10.85728310761696,3.3450301504142126,-13.869999999999976,1.485830674349472,-0.20568715847663585,-0.5000000000000332,0.7569240804383831,-0.25897091815975815,7.549516567451064e-15,1.9608774146156298,70,255,255,255
387,7.74,10.886991335169114,3.340856277427478,-13.879999999999976,1.4854113776077378,-0.20869364933673112,-0.5000000000000332,0.7567137364618828,-0.25958490142898555,1.1102230246251565e-16,1.9661134023716127,70,255,255,255
388,7.76,10.916691108653417,3.3366226672681614,-13.889999999999976,1.4849886742151719,-0.2116805079658171,-0.5000000000000331,0.7565048287693131,-0.2601930899326736,7.216449660063518e-15,1.9713493901275956,70,255,255,255
389,7.78,10.946382362013885,3.332329710957591,-13.899999999999975,1.4845626680234274,-0.21464781552851345,-0.5000000000000331,0.7562973489931096,-0.26079555192908227,-2.220446049250313e-16,1.9765853778835785,70,255,255,255
390,7.8,10.976065031242584,3.327977797877152,-13.909999999999975,1.4841334614349075,-0.21759565402194814,-0.5000000000000331,0.7560912887223872,-0.26139235474305644,-2.220446049250313e-16,1.9818213656395613,70,255,255,255
391,7.82,11.005739054350789,3.323567315752297,-13.919999999999975,1.4837011554102895,-0.22052410624276964,-0.5000000000000331,0.7558866395068785,-0.26198356478030943,-2.220446049250313e-16,1.9870573533955442,70,255,255,255
392,7.84,11.035404371340316,3.319098650637201,-13.929999999999975,1.4832658494763538,-0.22343325575480077,-0.5000000000000331,0.755683392860731,-0.2625692475414706,-2.220446049250313e-16,1.9922933411515273,70,255,255,255
393,7.86,11.065060924174999,3.314572186900054,-13.939999999999975,1.4828276417341106,-0.22632318685732775,-0.5000000000000331,0.7554815402661681,-0.26314946763590136,-2.220446049250313e-16,1.9975293289075104,70,255,255,255
394,7.88,11.094708656752342,3.309988307208974,-13.949999999999974,1.4823866288671972,-0.22919398455401493,-0.5000000000000331,0.755281073177014,-0.26372428879528376,-2.220446049250313e-16,2.0027653166634933,70,255,255,255
395,7.9,11.124347514875353,3.305347392518525,-13.959999999999974,1.4819429061505511,-0.23204573452244,-0.5000000000000331,0.7550819830220925,-0.2642937738869843,-2.220446049250313e-16,2.0080013044194764,70,255,255,255
396,7.92,11.15397744622454,3.3006498220568403,-13.969999999999974,1.4814965674593266,-0.2348785230842387,-0.5000000000000332,0.754884261208501,-0.2648579849271978,-7.327471962526033e-15,2.0132372921754595,70,255,255,255
397,7.94,11.1835984003301,3.295895973313323,-13.979999999999974,1.4810477052780584,-0.23769243717585414,-0.5000000000000333,0.7546878991247612,-0.26541698309387474,-6.994405055138486e-15,2.0184732799314427,70,255,255,255
398,7.96,11.213210328544301,3.2910862220269252,-13.989999999999974,1.4805964107100527,-0.24048756431988172,-0.5000000000000334,0.7544928881438564,-0.2659708287394359,-6.661338147750939e-15,2.0237092676874258,70,255,255,255
399,7.98,11.242813184014041,3.2862209421749853,-13.999999999999973,1.4801427734869923,-0.24326399259700116,-0.5000000000000335,0.7542992196261522,-0.2665195814032769,-6.328271240363392e-15,2.028945255443409,70,255,255,255
400,8.0,11.272406921653616,3.2813005059626157,-14.009999999999973,1.4796868819787516,-0.24602181061848957,-0.5000000000000336,0.7541068849222105,-0.26706329982406823,-5.995204332975845e-15,2.034181243199392,70,255,255,255
401,8.02,11.30199151654489,3.27632539338909,-14.019999999999975,1.4792297445636589,-0.2487556286762826,-0.5000000000000338,0.7540111686401229,-0.26733342021893974,-5.662137425588298e-15,2.039417230955375,70,255,255,255
402,8.040000000000001,11.33156694577546,3.2712960807295413,-14.029999999999976,1.4787714615285417,-0.2514656329774329,-0.5000000000000338,0.7539164089514678,-0.267600538702229,1.7763568394002505e-15,2.044653218711358,70,255,255,255
403,8.06,11.36113318839332,3.2662130405504883,-14.039999999999978,1.4783121308929768,-0.2541520089526472,-0.5000000000000338,0.7538225955782109,-0.267864694194157,1.7763568394002505e-15,2.0498892064673413,70,255,255,255
404,8.08,11.390690225362244,3.2610767417256907,-14.049999999999978,1.477851848446237,-0.2568149412398762,-0.5000000000000334,0.753729718344757,-0.26812592505002847,1.5987211554602254e-14,2.0551251942233244,70,255,255,255
405,8.1,11.42023803951792,3.255887649452319,-14.059999999999977,1.477390707783855,-0.2594546136685948,-0.5000000000000333,0.7536377671773791,-0.2683842690693602,7.882583474838611e-15,2.060361181979307,70,255,255,255
406,8.120000000000001,11.449776615524797,3.250646225267424,-14.069999999999977,1.4769288003438048,-0.26207120924475774,-0.5000000000000332,0.7535467321036309,-0.2686397635048444,7.549516567451064e-15,2.06559716973529,70,255,255,255
407,8.14,11.479305939833644,3.2453529270646957,-14.079999999999977,1.4764662154422923,-0.2646649101364114,-0.5000000000000331,0.7534566032517452,-0.2688924450711519,7.216449660063518e-15,2.0708331574912733,70,255,255,255
408,8.16,11.508826000639827,3.2400082091114966,-14.089999999999977,1.4760030403091595,-0.2672358976599472,-0.500000000000033,0.7533673708500163,-0.26914234995357755,6.8833827526759706e-15,2.0760691452472564,70,255,255,255
409,8.18,11.538336787842285,3.234612522066157,-14.099999999999977,1.475539360122896,-0.26978435226698055,-0.5000000000000329,0.7532790252261724,-0.2693895138165323,6.5503158452884236e-15,2.081305133003239,70,255,255,255
410,8.2,11.56783829300319,3.22916631299552,-14.109999999999976,1.475075258045258,-0.2723104535318387,-0.5000000000000328,0.7531915568067323,-0.26963397181188237,6.217248937900877e-15,2.086541120759222,70,255,255,255
411,8.22,11.5973305093083,3.2236700253927273,-14.119999999999976,1.4746108152554913,-0.27481438013964243,-0.5000000000000326,0.7531049561163535,-0.26987575858714186,5.88418203051333e-15,2.0917771085152053,70,255,255,255
412,8.24,11.626813431527983,3.218124099195228,-14.129999999999976,1.474146110984161,-0.27729630987496684,-0.5000000000000326,0.7530192137771681,-0.2701149082935179,-1.5543122344752192e-15,2.0970130962711884,70,255,255,255
413,8.26,11.656287055978915,3.2125289708030067,-14.139999999999976,1.473681222546585,-0.2797564196110661,-0.5000000000000325,0.7529343205081093,-0.2703514545938152,5.551115123125783e-15,2.102249084027171,70,255,255,255
414,8.28,11.685751380486431,3.206885073097014,-14.149999999999975,1.4732162253758676,-0.2821948852996467,-0.5000000000000325,0.7528502671242289,-0.2705854306701992,-1.887379141862766e-15,2.107485071783154,70,255,255,255
415,8.3,11.715206404347542,3.2011928354577903,-14.159999999999975,1.4727511930555404,-0.2846118819611761,-0.5000000000000325,0.7527670445360064,-0.2708168692318233,-1.887379141862766e-15,2.1127210595391372,70,255,255,255
416,8.32,11.744652128294579,3.1954526837842763,-14.169999999999975,1.472286197351802,-0.28700758367571205,-0.5000000000000325,0.7526846437486494,-0.2710458025223203,-1.887379141862766e-15,2.1179570472951204,70,255,255,255
417,8.34,11.774088554459485,3.1896650405127915,-14.179999999999975,1.471821308245363,-0.28938216357423857,-0.5000000000000325,0.7526030558613898,-0.27127226232716417,-1.887379141862766e-15,2.123193035051103,70,255,255,255
418,8.36,11.803515686338743,3.1838303246361814,-14.189999999999975,1.4713565939628945,-0.291735793830496,-0.5000000000000325,0.7525222720667694,-0.2714962799808997,-1.887379141862766e-15,2.128429022807086,70,255,255,255
419,8.38,11.832933528758904,3.1779489517231156,-14.199999999999974,1.470892121008077,-0.2940686456532901,-0.5000000000000328,0.7524422836499229,-0.2717178863742484,-8.992806499463768e-15,2.1336650105630692,70,255,255,255
420,8.4,11.86234208784275,3.17202133393753,-14.209999999999974,1.470427954192258,-0.29638088927926914,-0.5000000000000328,0.7523630819878545,-0.2719371119610874,-1.2212453270876722e-15,2.1389009983190523,70,255,255,255
421,8.42,11.891741370976044,3.166047880058207,-14.219999999999974,1.4699641566647126,-0.2986726939661549,-0.5000000000000329,0.7522846585487095,-0.27215398676530855,-8.326672684688674e-15,2.144136986075035,70,255,255,255
422,8.44,11.921131386774894,3.160028995498479,-14.229999999999974,1.4695007899425097,-0.30094422798641535,-0.5000000000000329,0.752207004891042,-0.2723685403875566,-8.881784197001252e-16,2.149372973831018,70,255,255,255
423,8.46,11.950512145053693,3.1539650823260517,-14.239999999999974,1.4690379139399894,-0.3031956586213674,-0.500000000000033,0.7521301126630793,-0.27258080201185103,-7.993605777301127e-15,2.154608961587001,70,255,255,255
424,8.48,11.97988365679365,3.147856539282938,-14.249999999999973,1.4685755869978439,-0.3054271521556963,-0.5000000000000331,0.7520539736019819,-0.2727908004120917,-7.66053886991358e-15,2.1598449493429843,70,255,255,255
425,8.5,12.009245934111886,3.1417037618054904,-14.259999999999973,1.4681138659118143,-0.3076388738723822,-0.5000000000000332,0.7519785795331021,-0.2729985639584535,-7.327471962526033e-15,2.165080937098967,70,255,255,255
426,8.52,12.038598990231106,3.13550714204453,-14.269999999999973,1.467652805960997,-0.30983098804801934,-0.5000000000000333,0.75190392236924,-0.27320412062366883,-6.994405055138486e-15,2.1703169248549496,70,255,255,255
427,8.540000000000001,12.067942839449822,3.1292670688855595,-14.279999999999973,1.4671924609357638,-0.31200365794851964,-0.5000000000000334,0.7518299941098951,-0.2734074979892014,-6.661338147750939e-15,2.1755529126109328,70,255,255,255
428,8.56,12.097277497113128,3.122983927969056,-14.289999999999973,1.466732883165299,-0.31415704582518755,-0.5000000000000336,0.7517567868405214,-0.2736087232513154,-1.3433698597964394e-14,2.180788900366916,70,255,255,255
429,8.58,12.126602979584023,3.116658101710833,-14.299999999999972,1.4662741235447543,-0.3162913129111562,-0.5000000000000338,0.7516842927317764,-0.27380782322703845,-5.662137425588298e-15,2.186024888122899,70,255,255,255
430,8.6,12.155919304215264,3.1102899693224693,-14.309999999999974,1.465816231562023,-0.3184066194181744,-0.500000000000034,0.7516125040387721,-0.2740048243600225,-1.2434497875801753e-14,2.1912608758788816,70,255,255,255
431,8.620000000000001,12.185226489321746,3.1038799068317946,-14.319999999999975,1.4653592553241386,-0.3205031245337336,-0.5000000000000341,0.7515414131003249,-0.27419975272630503,-4.6629367034256575e-15,2.1964968636348647,70,255,255,255
432,8.64,12.214524554153412,3.097428287103424,-14.329999999999977,1.464903241583297,-0.3225809864185254,-0.500000000000034,0.7514710123382051,-0.27439263403997044,2.7755575615628914e-15,2.201732851390848,70,255,255,255
433,8.66,12.243813518868661,3.09093547985934,-14.339999999999979,1.4644482357625048,-0.32464036220421905,-0.5000000000000338,0.7514012942563874,-0.27458349365871604,9.547918011776346e-15,2.206968839146831,70,255,255,255
434,8.68,12.273093404508279,3.084401851699509,-14.349999999999978,1.4639942819808616,-0.32668140799155,-0.5000000000000334,0.7513322514403004,-0.27477235658932175,1.5987211554602254e-14,2.2122048269028136,70,255,255,255
435,8.700000000000001,12.302364232969849,3.077827766122535,-14.359999999999978,1.463541423078469,-0.328704278848709,-0.5000000000000333,0.7512638765560792,-0.2749592474930281,7.882583474838611e-15,2.2174408146587967,70,255,255,255
436,8.72,12.331626026982669,3.0712135835463346,-14.369999999999978,1.4630897006409807,-0.3307091288100239,-0.500000000000033,0.7511961623498172,-0.2751441906908215,1.4654943925052066e-14,2.22267680241478,70,255,255,255
437,8.74,12.360878810083145,3.064559661328836,-14.379999999999978,1.462639155023788,-0.33269611087492396,-0.5000000000000329,0.7511291016468198,-0.27532721016863076,6.5503158452884236e-15,2.227912790170763,70,255,255,255
438,8.76,12.390122606590662,3.0578663537886928,-14.389999999999977,1.4621898253758447,-0.3346653770071781,-0.5000000000000326,0.7510626873508601,-0.2755083295824356,1.3322676295501878e-14,2.2331487779267456,70,255,255,255
439,8.78,12.419357441583925,3.051134012226005,-14.399999999999977,1.4617417496631406,-0.33661707813439923,-0.5000000000000325,0.7509969124434361,-0.2756875722632886,5.551115123125783e-15,2.2383847656827287,70,255,255,255
440,8.8,12.44858334087776,3.044362984943049,-14.409999999999977,1.4612949646918179,-0.3385513641478052,-0.5000000000000324,0.7509317699830294,-0.27586496122225185,5.218048215738236e-15,2.243620753438712,70,255,255,255
441,8.82,12.47780033100038,3.0375536172650044,-14.419999999999977,1.460849506130938,-0.34046838390222833,-0.5000000000000323,0.7508672531043681,-0.27604051915525224,4.884981308350689e-15,2.248856741194695,70,255,255,255
442,8.84,12.507008439171077,3.030706251560677,-14.429999999999977,1.4604054085349054,-0.34236828521636703,-0.5000000000000322,0.7508033550176887,-0.27621426844785285,4.551914400963142e-15,2.2540927289506776,70,255,255,255
443,8.86,12.536207693278389,3.0238212272632117,-14.439999999999976,1.459962705365544,-0.3442512148732688,-0.5000000000000321,0.7507400690080057,-0.27638623117994654,4.218847493575595e-15,2.2593287167066607,70,255,255,255
444,8.88,12.565398121858665,3.016898880890791,-14.449999999999976,1.4595214290138332,-0.3461173186210395,-0.5000000000000322,0.7506773884343788,-0.27655642913036915,-3.219646771412954e-15,2.264564704462644,70,255,255,255
445,8.9,12.594579754075092,3.0099395460673155,-14.459999999999976,1.4590816108213092,-0.3479667411737702,-0.5000000000000321,0.7506153067291865,-0.2767248837814365,4.218847493575595e-15,2.269800692218627,70,255,255,255
446,8.92,12.623752619697115,3.002943553543062,-14.469999999999976,1.458643281101131,-0.34979962621267474,-0.5000000000000322,0.7505538173974015,-0.2768916163234058,-3.219646771412954e-15,2.2750366799746096,70,255,255,255
447,8.94,12.65291674908029,2.9959112312153136,-14.479999999999976,1.458206469158816,-0.3516161163874309,-0.5000000000000321,0.7504929140158708,-0.2770566476588623,4.218847493575595e-15,2.2802726677305927,70,255,255,255
448,8.96,12.682072173146544,2.9888429041489593,-14.489999999999975,1.4577712033126482,-0.3534163533177171,-0.5000000000000322,0.750432590232597,-0.2772199984070328,-3.219646771412954e-15,2.285508655486576,70,255,255,255
449,8.98,12.71121892336482,2.9817388945970604,-14.499999999999975,1.4573375109137643,-0.3552004775949405,-0.5000000000000323,0.7503728397660255,-0.2773816889080288,-2.886579864025407e-15,2.290744643242559,70,255,255,255
450,9.0,12.740357031732138,2.9745995220213777,-14.509999999999975,1.4569054183659165,-0.3569686287841465,-0.5000000000000323,0.7503136564043348,-0.2775417392270178,-2.55351295663786e-15,2.2959806309985415,70,255,255,255
451,9.02,12.769486639828898,2.96742554598788,-14.519999999999975,1.4564804048379836,-0.35869880167486473,-0.5000000000000323,0.7506567937569422,-0.2766123243576608,-2.55351295663786e-15,2.301216618754524,70,255,255,255
452,9.040000000000001,12.798607889679753,2.960217716416911,-14.529999999999974,1.4560624925426964,-0.3603914785484664,-0.5000000000000323,0.7509975316218106,-0.2756858855617164,-2.55351295663786e-15,2.3064526065105073,70,255,255,255
453,9.06,12.827720923674299,2.9529767736859966,-14.539999999999974,1.4556516997273252,-0.3620471365457117,-0.5000000000000325,0.7513358831955594,-0.2747624257840739,-9.658940314238862e-15,2.3116885942664904,70,255,255,255
454,9.08,12.856825884490549,2.9457034487321274,-14.549999999999974,1.455248040812478,-0.36366624769346445,-0.5000000000000325,0.7516718617084562,-0.27384194769199144,-1.887379141862766e-15,2.3169245820224735,70,255,255,255
455,9.1,12.885922915021098,2.9383984631534723,-14.559999999999974,1.454851526527401,-0.36524927893274645,-0.5000000000000328,0.7520054804210907,-0.2729244536802164,-8.992806499463768e-15,2.322160569778456,70,255,255,255
456,9.120000000000001,12.915012158301934,2.9310625293105113,-14.569999999999974,1.4544621640418338,-0.3667966921480421,-0.5000000000000329,0.7523367526211371,-0.2720099458760323,-8.326672684688674e-15,2.3273965575344393,70,255,255,255
457,9.14,12.944093757443824,2.923696350426556,-14.579999999999973,1.454079957094492,-0.36830894419777577,-0.500000000000033,0.7526656916202045,-0.2710984261442315,-7.993605777301127e-15,2.3326325452904224,70,255,255,255
458,9.16,12.973167855566189,2.9163006206876383,-14.589999999999973,1.4537049061182343,-0.3697864869458804,-0.5000000000000331,0.7529923107507716,-0.2701898960920149,-7.66053886991358e-15,2.3378685330464055,70,255,255,255
459,9.18,13.002234595733428,2.9088760253417507,-14.599999999999973,1.4533370083619825,-0.3712297672943849,-0.5000000000000332,0.7533166233632043,-0.2692843570738194,-7.327471962526033e-15,2.343104520802388,70,255,255,255
460,9.200000000000001,13.031294120893618,2.9014232407974117,-14.609999999999973,1.4529762580094543,-0.3726392272169472,-0.5000000000000335,0.7536386428228569,-0.2683818101960759,-1.4099832412739488e-14,2.3483405085583713,70,255,255,255
461,9.22,13.060346573819514,2.8939429347215464,-14.619999999999973,1.452622646294774,-0.3740153037932647,-0.5000000000000336,0.7539583825072498,-0.26748225632189476,-5.995204332975845e-15,2.3535764963143544,70,255,255,255
462,9.24,13.089392097051814,2.8864357661366604,-14.629999999999974,1.45227616161502,-0.37535842924429574,-0.5000000000000339,0.7542758558033282,-0.2665856960756836,-1.27675647831893e-14,2.3588124840703375,70,255,255,255
463,9.26,13.11843083284461,2.878902385517296,-14.639999999999976,1.4519367896397744,-0.37666903096823007,-0.5000000000000339,0.7545910761047967,-0.265692129847696,2.1094237467877974e-15,2.3640484718263206,70,255,255,255
464,9.28,13.147462923112965,2.871343434885753,-14.649999999999977,1.4516045134177358,-0.3779475315771472,-0.5000000000000339,0.7549040568095264,-0.2648015577985127,2.1094237467877974e-15,2.3692844595823033,70,255,255,255
465,9.3,13.176488509382574,2.863759547907067,-14.659999999999977,1.4512793134804507,-0.3791943489343055,-0.5000000000000336,0.7552148113170394,-0.26391397986345616,9.2148511043888e-15,2.3745204473382864,70,255,255,255
466,9.32,13.205507732741438,2.856151349983227,-14.669999999999977,1.4509611679432315,-0.38040989619200694,-0.5000000000000334,0.7555233530260594,-0.26302939575693896,8.548717289613705e-15,2.3797564350942695,70,255,255,255
467,9.34,13.234520733793504,2.8485194583466273,-14.679999999999977,1.4506500526033144,-0.3815945818299853,-0.5000000000000333,0.7558296953321385,-0.2621478049767474,7.882583474838611e-15,2.384992422850252,70,255,255,255
468,9.36,13.26352765261421,2.840864482152742,-14.689999999999976,1.450345941035318,-0.38274880969426633,-0.5000000000000332,0.7561338516253471,-0.26126920680826093,7.549516567451064e-15,2.3902284106062353,70,255,255,255
469,9.38,13.29252862870789,2.833187022572013,-14.699999999999976,1.4500488046840623,-0.3838729790364542,-0.5000000000000332,0.7564358352880338,-0.2603936003286079,1.1102230246251565e-16,2.3954643983622184,70,255,255,255
470,9.4,13.321523800966986,2.825487672880945,-14.709999999999976,1.4497586129548017,-0.3849674845533966,-0.5000000000000331,0.7567356596926501,-0.2595209844107596,7.216449660063518e-15,2.4007003861182015,70,255,255,255
471,9.42,13.350513307633005,2.8177670185524013,-14.719999999999976,1.449475333300932,-0.38603271642718556,-0.5000000000000331,0.7570333381996391,-0.2586513577275614,-2.220446049250313e-16,2.4059363738741846,70,255,255,255
472,9.44,13.37949728625919,2.8100256373450923,-14.729999999999976,1.4491989313092268,-0.38706906036545374,-0.500000000000033,0.7573288841553862,-0.2577847187557043,6.8833827526759706e-15,2.4111723616301672,70,255,255,255
473,9.46,13.408475873674842,2.8022640993922536,-14.739999999999975,1.4489293707826545,-0.38807689764192393,-0.500000000000033,0.7576223108902329,-0.25692106577963497,-5.551115123125783e-16,2.4164083493861503,70,255,255,255
474,9.48,13.437449205951259,2.79448296728951,-14.749999999999975,1.4486666138208382,-0.38905660513717816,-0.500000000000033,0.7579136317165471,-0.2560603968954087,-5.551115123125783e-16,2.4216443371421335,70,255,255,255
475,9.5,13.466417418369224,2.786682796181918,-14.759999999999975,1.4484106208982013,-0.39000855537960616,-0.500000000000033,0.7582028599268564,-0.2552027100144814,-5.551115123125783e-16,2.426880324898116,70,255,255,255
476,9.52,13.495380645388021,2.778864133850188,-14.769999999999975,1.4481613509398612,-0.39093311658650304,-0.500000000000033,0.7584900087920352,-0.25434800286744574,-5.551115123125783e-16,2.432116312654099,70,255,255,255
477,9.540000000000001,13.524339020615928,2.7710275207960824,-14.779999999999974,1.4479187613953186,-0.3918306527052817,-0.500000000000033,0.7587750915595483,-0.25349627300770955,-5.551115123125783e-16,2.4373523004100823,70,255,255,255
478,9.56,13.553292676782128,2.763173490326987,-14.789999999999974,1.447682808309991,-0.39270152345477016,-0.5000000000000331,0.7590581214517498,-0.2526475178151188,-7.66053886991358e-15,2.4425882881660654,70,255,255,255
479,9.58,13.582241745710022,2.7553025686396557,-14.799999999999974,1.4474534463946482,-0.3935460843665644,-0.5000000000000331,0.7593391116642361,-0.2518017344995244,-2.220446049250313e-16,2.4478242759220485,70,255,255,255
480,9.6,13.611186358291878,2.7474152749031275,-14.809999999999974,1.4472306290927885,-0.3943646868264093,-0.5000000000000332,0.7596180753642493,-0.2509589201042948,-7.327471962526033e-15,2.453060263678031,70,255,255,255
481,9.620000000000001,13.640126644464798,2.739512121340816,-14.819999999999974,1.4470143086460143,-0.3951576781155815,-0.5000000000000333,0.7598950256891329,-0.25011907150977525,-6.994405055138486e-15,2.4582962514340143,70,255,255,255
482,9.64,13.669062733187948,2.731593613311771,-14.829999999999973,1.4468044361574492,-0.3959254014522498,-0.5000000000000334,0.7601699757448372,-0.24928218543669312,-6.661338147750939e-15,2.4635322391899974,70,255,255,255
483,9.66,13.697994752421012,2.723660249391115,-14.839999999999973,1.446600961653245,-0.3966681960327892,-0.5000000000000335,0.7604429386044721,-0.2484482584495113,-6.328271240363392e-15,2.46876822694598,70,255,255,255
484,9.68,13.726922829103856,2.7157125214496545,-14.849999999999973,1.4464038341422214,-0.3973863970730265,-0.5000000000000336,0.7607139273069099,-0.24761728695972998,-5.995204332975845e-15,2.474004214701963,70,255,255,255
485,9.700000000000001,13.75584708913733,2.7077509147326664,-14.859999999999975,1.4462130016736923,-0.39808033584939706,-0.5000000000000339,0.7609829548554328,-0.24678926722913752,-1.27675647831893e-14,2.4792402024579463,70,255,255,255
486,9.72,13.7847676573652,2.6997759079378665,-14.869999999999976,1.4460284113935107,-0.3987503397399928,-0.5000000000000339,0.7612500342164245,-0.2459641953730105,2.1094237467877974e-15,2.4844761902139294,70,255,255,255
487,9.74,13.813684657557166,2.691787973292557,-14.879999999999978,1.4458500095983864,-0.39939673226548256,-0.5000000000000339,0.761515178318111,-0.24514206736326546,2.1094237467877974e-15,2.4897121779699125,70,255,255,255
488,9.76,13.842598212392936,2.683787576629959,-14.889999999999977,1.4456777417885138,-0.40001983312988765,-0.5000000000000335,0.7617784000493383,-0.24432287903156025,1.63202784619898e-14,2.494948165725895,70,255,255,255
489,9.78,13.871508443447308,2.675775177464735,-14.899999999999977,1.4455115527185516,-0.40061995826119634,-0.5000000000000334,0.7620397122583976,-0.2435066260723484,8.215650382226158e-15,2.500184153481878,70,255,255,255
490,9.8,13.900415471176247,2.667751229067699,-14.909999999999977,1.4453513864469973,-0.4011974198518014,-0.5000000000000333,0.7622991277518893,-0.24269330404588588,7.882583474838611e-15,2.505420141237861,70,255,255,255
491,9.82,13.929319414903928,2.659716178539724,-14.919999999999977,1.4451971863839979,-0.4017525263987467,-0.5000000000000332,0.762556659293627,-0.24188290838119,7.549516567451064e-15,2.510656128993844,70,255,255,255
492,9.84,13.95822039281068,2.6516704668848483,-14.929999999999977,1.4450488953376306,-0.4022855827437684,-0.5000000000000331,0.7628123196035831,-0.2410754343789536,7.216449660063518e-15,2.515892116749827,70,255,255,255
493,9.86,13.987118521921854,2.643614529082586,-14.939999999999976,1.444906455558698,-0.4027968901131195,-0.500000000000033,0.7630661213568697,-0.24027087721441223,6.8833827526759706e-15,2.5211281045058103,70,255,255,255
494,9.88,14.016013918097535,2.6355487941594427,-14.949999999999976,1.4447698087840732,-0.40328674615716437,-0.500000000000033,0.7633180771827602,-0.23946923194016756,-5.551115123125783e-16,2.5263640922617934,70,255,255,255
495,9.9,14.044906696023107,2.627473685259648,-14.959999999999976,1.4446388962786314,-0.40375544498973315,-0.5000000000000329,0.7635681996637453,-0.23867049348896616,6.5503158452884236e-15,2.5316000800177765,70,255,255,255
496,9.92,14.073796969200624,2.619389619715103,-14.969999999999976,1.4445136588758065,-0.4042032772272258,-0.5000000000000329,0.7638165013346259,-0.23787465667643418,-8.881784197001252e-16,2.536836067773759,70,255,255,255
497,9.94,14.10268484994096,2.611297009114554,-14.979999999999976,1.4443940370168042,-0.404630530027455,-0.5000000000000328,0.7640629946816397,-0.23708171620376922,6.217248937900877e-15,2.542072055529742,70,255,255,255
498,9.96,14.131570449356731,2.6031962593719897,-14.989999999999975,1.4442799707885092,-0.40503748712822046,-0.5000000000000328,0.7643076921416238,-0.2362916666603903,-1.2212453270876722e-15,2.547308043285725,70,255,255,255
499,9.98,14.160453877355934,2.5950877707942777,-14.999999999999975,1.4441713999601227,-0.4054244288856061,-0.5000000000000328,0.7645506061012081,-0.23550450252654506,-1.2212453270876722e-15,2.552544031041708,70,255,255,255
500,10.0,14.189335242636306,2.5869719381480376,-15.009999999999975,1.4440682640185571,-0.40579163231199195,-0.5000000000000328,0.7647917488960436,-0.2347202181758763,-1.2212453270876722e-15,2.557780018797691,70,255,255,255
501,10.02,14.218214784426273,2.5788496191441137,-15.019999999999975,1.4439770894983874,-0.4061159501962049,-0.5000000000000328,0.7653898360227547,-0.23276253760659318,-1.2212453270876722e-15,2.563016006553674,70,255,255,255
502,10.040000000000001,14.247092739306492,2.570721659871574,-15.029999999999974,1.4438977440109289,-0.4063979636269722,-0.5000000000000328,0.7659810452651676,-0.2308095281709171,-1.2212453270876722e-15,2.568251994309657,70,255,255,255
503,10.06,14.275969341156122,2.5625888949285835,-15.039999999999974,1.4438300924815108,-0.4066382471495169,-0.5000000000000329,0.76656541619852,-0.22886123019941518,-8.326672684688674e-15,2.57348798206564,70,255,255,255
504,10.08,14.30484482110245,2.5544521475520647,-15.049999999999974,1.4437739973163355,-0.4068373688259344,-0.5000000000000329,0.7671429886813462,-0.22691768312992253,-8.881784197001252e-16,2.578723969821623,70,255,255,255
505,10.1,14.333719407473733,2.546312229746139,-15.059999999999974,1.4437293185642268,-0.4069958902962945,-0.500000000000033,0.7677138028421859,-0.22497892551434556,-7.993605777301127e-15,2.5839599575776058,70,255,255,255
506,10.120000000000001,14.362593325755201,2.5381699424093314,-15.069999999999974,1.4436959140733767,-0.40711436684037183,-0.5000000000000331,0.76827789906651,-0.22304499502555414,-7.66053886991358e-15,2.589195945333589,70,255,255,255
507,10.14,14.391466798548064,2.530026075460533,-15.079999999999973,1.4436736396432108,-0.40719334743991625,-0.5000000000000332,0.7688353179838604,-0.22111592846436096,-7.327471962526033e-15,2.594431933089572,70,255,255,255
508,10.16,14.420340045531495,2.521881407963705,-15.089999999999973,1.4436623491714755,-0.4072333748413761,-0.5000000000000333,0.7693861004552024,-0.21919176176658067,-6.994405055138486e-15,2.599667920845555,70,255,255,255
509,10.18,14.449213283427428,2.5137367082513253,-15.099999999999973,1.443661894796665,-0.40723498561899474,-0.5000000000000334,0.7699302875604911,-0.21727253001016844,-6.661338147750939e-15,2.6049039086015378,70,255,255,255
510,10.200000000000001,14.478086725968145,2.5055927340465614,-15.109999999999973,1.4436721270358945,-0.40719871023820275,-0.5000000000000336,0.77046792058645,-0.21535826742243266,-1.3433698597964394e-14,2.610139896357521,70,255,255,255
511,10.22,14.506960583866512,2.4974502325841765,-15.119999999999973,1.4436928949183263,-0.407125073119235,-0.5000000000000338,0.7709990410145586,-0.21344900738731767,-5.662137425588298e-15,2.615375884113504,70,255,255,255
512,10.24,14.535835064788797,2.4893099407301587,-15.129999999999974,1.4437240461142558,-0.4070145927009034,-0.500000000000034,0.7715236905092531,-0.2115447824527525,-1.2434497875801753e-14,2.620611871869487,70,255,255,255
513,10.26,14.564710373329996,2.481172585100069,-15.139999999999976,1.4437654270599631,-0.40686778150446157,-0.500000000000034,0.7720419109063338,-0.20964562433806402,2.4424906541753444e-15,2.6258478596254697,70,255,255,255
514,10.28,14.593586710991564,2.473038882176119,-15.149999999999977,1.4438168830784315,-0.40668514619750157,-0.500000000000034,0.7725537442015813,-0.20775156394144853,2.4424906541753444e-15,2.631083847381453,70,255,255,255
515,10.3,14.622464276161486,2.4649095384229627,-15.159999999999979,1.4438782584960335,-0.4064671876578248,-0.5000000000000338,0.7730592325395793,-0.2058626313474997,9.547918011776346e-15,2.636319835137436,70,255,255,255
516,10.32,14.65134326409659,2.456785250402218,-15.169999999999979,1.4439493967552879,-0.4062144010372357,-0.5000000000000334,0.7735584182027434,-0.20397885583478903,1.5987211554602254e-14,2.641555822893419,70,255,255,255
517,10.34,14.680223866907067,2.448666704885714,-15.179999999999978,1.44403014052378,-0.4059272758252057,-0.5000000000000331,0.7740513436005527,-0.2021002658834942,1.4988010832439613e-14,2.6467918106494017,70,255,255,255
518,10.36,14.709106273543053,2.440554578967467,-15.189999999999978,1.444120331799346,-0.40560629591236214,-0.5000000000000328,0.7745380512589866,-0.2002268891830749,1.3988810110276972e-14,2.652027798405385,70,255,255,255
519,10.38,14.737990669783285,2.432449540174392,-15.199999999999978,1.4442198120116154,-0.40525193965375933,-0.5000000000000326,0.775018583810161,-0.19835875263998942,5.88418203051333e-15,2.657263786161368,70,255,255,255
520,10.4,14.766877238225685,2.4243522465757543,-15.209999999999978,1.4443284221200003,-0.4048646799318877,-0.5000000000000324,0.7754929839821654,-0.19649588238545138,1.2656542480726785e-14,2.662499773917351,70,255,255,255
521,10.42,14.79576615827985,2.4162633468913666,-15.219999999999978,1.4444460027082289,-0.4044449842193861,-0.5000000000000323,0.775961294589099,-0.1946383037832209,4.884981308350689e-15,2.6677357616733337,70,255,255,255
522,10.44,14.82465760616136,2.408183480598538,-15.229999999999977,1.4445723940755058,-0.40399331464141996,-0.5000000000000321,0.7764235585213044,-0.1927860414374304,1.1657341758564144e-14,2.672971749429317,70,255,255,255
523,10.46,14.853551754887848,2.400113278037784,-15.239999999999977,1.4447074363243948,-0.4035101280376922,-0.500000000000032,0.7768798187357945,-0.19093911920043813,3.885780586188048e-15,2.6782077371853,70,255,255,255
524,10.48,14.882448774276758,2.392053360517303,-15.249999999999977,1.4448509694455005,-0.4029958760240573,-0.5000000000000319,0.7773301182468764,-0.1890975601807103,3.552713678800501e-15,2.683443724941283,70,255,255,255
525,10.5,14.911348830944739,2.3840043404162286,-15.259999999999977,1.445002833399042,-0.4024510050537094,-0.5000000000000318,0.7777745001169655,-0.18726138675072446,3.219646771412954e-15,2.6886797126972657,70,255,255,255
526,10.52,14.940252088308608,2.3759668212866702,-15.269999999999976,1.4451628681933946,-0.40187595647791813,-0.5000000000000316,0.7782130074475924,-0.18543062055489554,2.886579864025407e-15,2.6939157004532484,70,255,255,255
527,10.540000000000001,14.969158706587821,2.3679413979545445,-15.279999999999976,1.4453309139606847,-0.4012711666062886,-0.5000000000000316,0.7786456833705958,-0.183605282517519,2.55351295663786e-15,2.6991516882092315,70,255,255,255
528,10.56,14.998068842808411,2.359928656619214,-15.289999999999976,1.4455068110295146,-0.4006370667665232,-0.5000000000000318,0.779072571039506,-0.18178539285072925,-4.551914400963142e-15,2.7043876759652146,70,255,255,255
529,10.58,15.026982650808309,2.3519291749519406,-15.299999999999976,1.4456903999948936,-0.39997408336366486,-0.5000000000000316,0.7794937136211118,-0.17997097106246973,2.886579864025407e-15,2.7096236637211977,70,255,255,255
530,10.6,15.055900281244018,2.3439435221931646,-15.309999999999976,1.4458815217854577,-0.3992826379388034,-0.5000000000000318,0.7799091542872117,-0.1781620359644734,-4.551914400963142e-15,2.7148596514771803,70,255,255,255
531,10.620000000000001,15.084821881598579,2.33597225924862,-15.319999999999975,1.4460800177280395,-0.3985631472272276,-0.5000000000000319,0.7803189362065477,-0.17635860568024977,-4.218847493575595e-15,2.7200956392331634,70,255,255,255
532,10.64,15.113747596190773,2.3280159387843,-15.329999999999975,1.446285729609678,-0.39781602321600973,-0.500000000000032,0.7807231025369181,-0.1745606976530771,-3.885780586188048e-15,2.7253316269891465,70,255,255,255
533,10.66,15.142677566185515,2.3200751053202797,-15.339999999999975,1.4464984997371224,-0.3970416732010059,-0.5000000000000321,0.7811216964174694,-0.17276832865399477,-3.552713678800501e-15,2.7305676147451297,70,255,255,255
534,10.68,15.171611929605394,2.3121502953234145,-15.349999999999975,1.446718170993909,-0.39624049984326276,-0.5000000000000322,0.7815147609611649,-0.1709815147897971,-3.219646771412954e-15,2.7358036025011123,70,255,255,255
535,10.700000000000001,15.200550821343295,2.304242037298918,-15.359999999999975,1.4469445868950794,-0.39541290122481854,-0.5000000000000324,0.7819023392474257,-0.16920027151102277,-9.992007221626409e-15,2.7410395902570954,70,255,255,255
536,10.72,15.229494373176088,2.2963508518808404,-15.369999999999974,1.4471775916395995,-0.3945592709038887,-0.5000000000000324,0.7822844743149475,-0.1674246136199402,-2.220446049250313e-15,2.7462755780130785,70,255,255,255
537,10.74,15.2584427137793,2.288477251921452,-15.379999999999974,1.4474170301605516,-0.3936799979694285,-0.5000000000000326,0.7826612091546857,-0.16565455527852374,-9.325873406851315e-15,2.7515115657690616,70,255,255,255
538,10.76,15.287395968742763,2.2806217425795507,-15.389999999999974,1.4476627481731559,-0.3927754670950647,-0.5000000000000326,0.7830325867030091,-0.16389011001642123,-1.5543122344752192e-15,2.7567475535250443,70,255,255,255
539,10.78,15.316354260587177,2.272784821407703,-15.399999999999974,1.4479145922206902,-0.39184605859239185,-0.5000000000000329,0.7833986498350219,-0.16213129073890922,-8.659739592076221e-15,2.7619835412810274,70,255,255,255
540,10.8,15.345317708781545,2.2649669784384305,-15.409999999999973,1.448172409718363,-0.39089214846362597,-0.500000000000033,0.7837594413580494,-0.16037810973483388,-7.993605777301127e-15,2.7672195290370105,70,255,255,255
541,10.82,15.37428642976145,2.2571686962693582,-15.419999999999973,1.4484360489951997,-0.38991410845361313,-0.5000000000000331,0.7841150040052857,-0.15863057868453634,-7.66053886991358e-15,2.7724555167929936,70,255,255,255
542,10.84,15.40326053694813,2.2493904501473345,-15.429999999999973,1.4487053593340002,-0.38891230610118965,-0.5000000000000332,0.784465380429604,-0.1568887086677583,-7.327471962526033e-15,2.7776915045489763,70,255,255,255
543,10.86,15.432240140768318,2.2416327080515366,-15.439999999999973,1.4489801910094269,-0.38788710478989225,-0.5000000000000333,0.7848106131975241,-0.1551525101715292,-6.994405055138486e-15,2.7829274923049594,70,255,255,255
544,10.88,15.461225348674803,2.233895930775576,-15.449999999999973,1.4492603953242706,-0.3868388637980145,-0.5000000000000335,0.7851507447833366,-0.15342199309803006,-1.3766765505351941e-14,2.7881634800609425,70,255,255,255
545,10.9,15.490216265167682,2.226180572008616,-15.459999999999972,1.4495458246439552,-0.38576793834801226,-0.5000000000000336,0.785485817563383,-0.15169716677243458,-5.995204332975845e-15,2.7933994678169256,70,255,255,255
546,10.92,15.519212991816268,2.2184870784155106,-15.469999999999974,1.4498363324293284,-0.3846746796552551,-0.5000000000000339,0.7858158738104872,-0.14997803995072284,-1.27675647831893e-14,2.7986354555729083,70,255,255,255
547,10.94,15.548215627281623,2.210815889715988,-15.479999999999976,1.450131773267793,-0.3835594349761272,-0.5000000000000339,0.7861409556885375,-0.1482646208274686,2.1094237467877974e-15,2.8038714433288914,70,255,255,255
548,10.96,15.577224267339679,2.2031674387628786,-15.489999999999977,1.450432002902823,-0.3824225476554769,-0.5000000000000339,0.7864611052472182,-0.14655691704359758,2.1094237467877974e-15,2.8091074310848745,70,255,255,255
549,10.98,15.606239004904918,2.19554215161941,-15.499999999999977,1.4507368782619199,-0.3812643571734181,-0.5000000000000336,0.7867763644168869,-0.14485493569411448,9.2148511043888e-15,2.814343418840857,70,255,255,255
550,11.0,15.635259930054579,2.1879404476355804,-15.509999999999977,1.4510462574830507,-0.38008519919148653,-0.5000000000000334,0.7870867750035958,-0.1431586833357971,8.548717289613705e-15,2.8195794065968403,70,255,255,255
551,11.02,15.664287166689853,2.180362879864866,-15.519999999999976,1.4513618317637325,-0.3788783885357192,-0.5000000000000333,0.7874572965594724,-0.14110636447463057,7.882583474838611e-15,2.824815394352823,70,255,255,255
552,11.040000000000001,15.693320835080485,2.1728099930139453,-15.529999999999976,1.4516834195316064,-0.3776443425460286,-0.5000000000000332,0.7878211714720303,-0.13906042492541862,7.549516567451064e-15,2.830051382108806,70,255,255,255
553,11.06,15.722361051887383,2.165282323533396,-15.539999999999976,1.4520108403448713,-0.37638347402746114,-0.5000000000000332,0.7881784542127271,-0.137020890067304,1.1102230246251565e-16,2.835287369864789,70,255,255,255
554,11.08,15.751407930186222,2.1577803997073093,-15.549999999999976,1.452343914941975,-0.37509619130433364,-0.5000000000000331,0.7885291992480575,-0.13498778438517017,7.216449660063518e-15,2.8405233576207722,70,255,255,255
555,11.1,15.780461579492002,2.150304741741836,-15.559999999999976,1.4526824652890087,-0.37378289827364747,-0.5000000000000331,0.788873461028908,-0.13296113147936134,-2.220446049250313e-16,2.845759345376755,70,255,255,255
556,11.120000000000001,15.809522105784499,2.1428558618526807,-15.569999999999975,1.4530263146248708,-0.3724439944577788,-0.5000000000000331,0.7892112939801434,-0.13094095407544415,-2.220446049250313e-16,2.850995333132738,70,255,255,255
557,11.14,15.838589611534584,2.135434264351552,-15.579999999999975,1.4533752875042618,-0.37107987505644174,-0.5000000000000331,0.789542752490427,-0.12892727403400897,-2.220446049250313e-16,2.856231320888721,70,255,255,255
558,11.16,15.867664195731356,2.1280404457315933,-15.589999999999975,1.4537292098385752,-0.3696909309979246,-0.5000000000000331,0.789867890902268,-0.1269201123605036,-2.220446049250313e-16,2.861467308644704,70,255,255,255
559,11.18,15.89674595391005,2.1206748947518013,-15.599999999999975,1.454087908934743,-0.3682775489895991,-0.5000000000000331,0.7901867635022995,-0.12491948921509849,-2.220446049250313e-16,2.8667032964006873,70,255,255,255
560,11.200000000000001,15.925834978180692,2.113338092520447,-15.609999999999975,1.4544512135320988,-0.36684011156770363,-0.5000000000000332,0.7904994245117796,-0.12292542392257702,-7.327471962526033e-15,2.8719392841566704,70,255,255,255
561,11.22,15.954931357257438,2.106030512577519,-15.619999999999974,1.4548189538373115,-0.3653789971464017,-0.5000000000000332,0.7908059280773189,-0.12093793498224852,1.1102230246251565e-16,2.8771752719126535,70,255,255,255
562,11.24,15.984035176488588,2.098752620976197,-15.629999999999974,1.455190961557452,-0.36389458006611913,-0.5000000000000333,0.7911063282618276,-0.11895704007787702,-6.994405055138486e-15,2.882411259668636,70,255,255,255
563,11.26,16.01314651788721,2.0915048763633735,-15.639999999999974,1.4555670699312446,-0.36238723064116235,-0.5000000000000333,0.7914006790356848,-0.1169827560876264,4.440892098500626e-16,2.887647247424619,70,255,255,255
564,11.28,16.042265460162383,2.084287730059241,-15.649999999999974,1.4559471137585558,-0.36085731520662157,-0.5000000000000334,0.7916890342681236,-0.11501509909401403,-6.661338147750939e-15,2.892883235180602,70,255,255,255
565,11.3,16.071392078750947,2.0771016261359496,-15.659999999999973,1.4563309294281792,-0.35930519616456436,-0.5000000000000335,0.7919714477188324,-0.11305408439387166,-6.328271240363392e-15,2.898119222936585,70,255,255,255
566,11.32,16.100526445849827,2.0699470014953594,-15.669999999999973,1.4567183549439608,-0.357731232029523,-0.5000000000000336,0.7922479730297698,-0.11109972650830946,-5.995204332975845e-15,2.903355210692568,70,255,255,255
567,11.34,16.129668630448812,2.0628242859458936,-15.679999999999975,1.45710922994932,-0.3561357774732824,-0.5000000000000338,0.7925186637171898,-0.10915203919267813,-5.662137425588298e-15,2.9085911984485513,70,255,255,255
568,11.36,16.158818698363817,2.055733902278514,-15.689999999999976,1.4575033957502113,-0.35451918336897364,-0.5000000000000338,0.7927835731638764,-0.10721103544652826,1.7763568394002505e-15,2.913827186204534,70,255,255,255
569,11.38,16.187976712270547,2.0486762663418245,-15.699999999999978,1.457900695336575,-0.3528817968344799,-0.5000000000000338,0.7930427546115844,-0.1052767275235616,1.7763568394002505e-15,2.919063173960517,70,255,255,255
570,11.4,16.217142731738594,2.0416517871163213,-15.709999999999978,1.45830097340233,-0.3512239612751623,-0.5000000000000334,0.7932962611536845,-0.1033491269415726,1.5987211554602254e-14,2.9242991617165,70,255,255,255
571,11.42,16.246316813265874,2.034660866787803,-15.719999999999978,1.4587040763639405,-0.349546016425911,-0.5000000000000333,0.7935441457280087,-0.10142824449237421,7.882583474838611e-15,2.929535149472483,70,255,255,255
572,11.44,16.27549901031343,2.027703900819952,-15.729999999999977,1.4591098523776134,-0.34784829839253073,-0.500000000000033,0.7937864611098975,-0.09951409025170875,1.4654943925052066e-14,2.934771137228466,70,255,255,255
573,11.46,16.30468937334053,2.020781278026103,-15.739999999999977,1.4595181513551632,-0.34613113969246834,-0.5000000000000329,0.7940232599054411,-0.0976066735891376,6.5503158452884236e-15,2.940007124984449,70,255,255,255
574,11.48,16.3338879498401,2.013893380640205,-15.749999999999977,1.4599288249785867,-0.34439486929488905,-0.5000000000000328,0.7942545945449166,-0.09570600317790909,6.217248937900877e-15,2.945243112740432,70,255,255,255
575,11.5,16.36309478437437,2.0070405843870027,-15.759999999999977,1.4603417267133896,-0.3426398126601116,-0.5000000000000326,0.7944805172764174,-0.09381208700479936,5.88418203051333e-15,2.9504791004964153,70,255,255,255
576,11.52,16.39230991861078,2.0002232585514346,-15.769999999999976,1.4607567118207043,-0.3408662917784099,-0.5000000000000325,0.79470108015967,-0.09192493237992605,5.551115123125783e-15,2.955715088252398,70,255,255,255
577,11.540000000000001,16.421533391358146,1.9934417660472707,-15.779999999999976,1.4611736373682376,-0.3390746252081894,-0.5000000000000324,0.7949163350600384,-0.09004454594652998,5.218048215738236e-15,2.960951076008381,70,255,255,255
578,11.56,16.450765238602948,1.9866964634849997,-15.789999999999976,1.461592362240085,-0.3372651281135486,-0.5000000000000324,0.7951263336427149,-0.08817093369072458,-2.220446049250313e-15,2.966187063764364,70,255,255,255
579,11.58,16.480005493545857,1.979987701238975,-15.799999999999976,1.4620127471454498,-0.33543811230123327,-0.5000000000000323,0.7953311273670886,-0.08630410095120684,4.884981308350689e-15,2.971423051520347,70,255,255,255
580,11.6,16.509254186638383,1.9733158235138353,-15.809999999999976,1.4624346546263036,-0.33359388625699393,-0.5000000000000323,0.795530767481296,-0.08444405242893194,-2.55351295663786e-15,2.97665903927633,70,255,255,255
581,11.620000000000001,16.538511345619664,1.9666811684102081,-15.819999999999975,1.4628579490640188,-0.3317327551813542,-0.5000000000000323,0.7957253050169475,-0.08259079219674555,-2.55351295663786e-15,2.981895027032313,70,255,255,255
582,11.64,16.567776995553363,1.960084067989712,-15.829999999999975,1.463282496685014,-0.3298550210248018,-0.5000000000000323,0.7959147907840264,-0.0807443237089741,-2.55351295663786e-15,2.987131014788296,70,255,255,255
583,11.66,16.597051158864673,1.9535248483392638,-15.839999999999975,1.4637081655654367,-0.3279609825224092,-0.5000000000000323,0.7960992753659613,-0.078904649810968,-2.55351295663786e-15,2.9923670025442792,70,255,255,255
584,11.68,16.62633385537737,1.9470038296347059,-15.849999999999975,1.4641348256349258,-0.32605093522789574,-0.5000000000000323,0.7962788091148654,-0.0770717727485991,-2.55351295663786e-15,2.997602990300262,70,255,255,255
585,11.700000000000001,16.65562510235096,1.940521326203763,-15.859999999999975,1.4645623486794743,-0.32412517154713905,-0.5000000000000325,0.7964534421469437,-0.07524569417770752,-9.658940314238862e-15,3.002838978056245,70,255,255,255
586,11.72,16.68492491451783,1.93407764658834,-15.869999999999974,1.4649906083434314,-0.3221839807711463,-0.5000000000000325,0.7966232243380613,-0.07342641517349789,-1.887379141862766e-15,3.008074965812228,70,255,255,255
587,11.74,16.71423330412044,1.9276730936061701,-15.879999999999974,1.4654194801306712,-0.3202276491084956,-0.5000000000000328,0.7967882053194754,-0.07161393623988106,-8.992806499463768e-15,3.0133109535682108,70,255,255,255
588,11.76,16.74355028094854,1.921307964411825,-15.889999999999974,1.4658488414049515,-0.31825645971725486,-0.5000000000000328,0.7969484344737228,-0.0698082573187617,-1.2212453270876722e-15,3.018546941324194,70,255,255,255
589,11.78,16.77287585237633,1.9149825505570972,-15.899999999999974,1.4662785713895035,-0.3162706927363911,-0.5000000000000329,0.7971039609306658,-0.0680093777992686,-8.326672684688674e-15,3.023782929080177,70,255,255,255
590,11.8,16.80221002339965,1.9086971380507636,-15.909999999999973,1.466708551165863,-0.31427062531667666,-0.500000000000033,0.7972548335636889,-0.06621729652692629,-7.993605777301127e-15,3.02901891683616,70,255,255,255
591,11.82,16.83155279667309,1.9024520074177416,-15.919999999999973,1.4671386636719868,-0.3122565316511044,-0.5000000000000331,0.7974011009860468,-0.06443201181276702,-7.66053886991358e-15,3.034254904592143,70,255,255,255
592,11.84,16.860904172547084,1.8962474337576452,-15.929999999999973,1.4675687936996666,-0.3102286830048198,-0.5000000000000332,0.7975428115473611,-0.06265352144237996,-7.327471962526033e-15,3.039490892348126,70,255,255,255
593,11.86,16.890264149104908,1.8900836868027535,-15.939999999999973,1.4679988278912761,-0.30818734774458056,-0.5000000000000333,0.7976800133302605,-0.06088182268489834,-6.994405055138486e-15,3.0447268801041085,70,255,255,255
594,11.88,16.919632722199626,1.8839610309753985,-15.949999999999973,1.468428654735867,-0.30613279136775223,-0.5000000000000335,0.7978127541471663,-0.05911691230192142,-1.3766765505351941e-14,3.0499628678600916,70,255,255,255
595,11.9,16.94900988549092,1.8778797254447814,-15.959999999999972,1.4688581645646448,-0.30406527653085047,-0.5000000000000336,0.7979410815372152,-0.05735878655637132,-5.995204332975845e-15,3.0551988556160747,70,255,255,255
596,11.92,16.978395630481838,1.8718400241832287,-15.969999999999974,1.4692872495458453,-0.30198506307763767,-0.5000000000000339,0.7980650427633212,-0.05560744122128116,-1.27675647831893e-14,3.060434843372058,70,255,255,255
597,11.94,17.00778994655542,1.865842176021893,-15.979999999999976,1.4697158036790328,-0.2998924080667851,-0.5000000000000339,0.7981846848093735,-0.053862871588516444,2.1094237467877974e-15,3.065670831128041,70,255,255,255
598,11.96,17.037192821011196,1.8598864247059108,-15.989999999999977,1.4701437227888443,-0.29778756579910803,-0.5000000000000339,0.798300054377565,-0.05212507247742609,2.1094237467877974e-15,3.070906818884024,70,255,255,255
599,11.98,17.06660423910156,1.8539730089490232,-15.999999999999977,1.4705709045182014,-0.2956707878443839,-0.5000000000000336,0.7984111978858516,-0.05039403824342348,9.2148511043888e-15,3.076142806640007,70,255,255,255
600,12.0,17.096024184067982,1.848102162487668,-16.009999999999977,1.4709972483210094,-0.2935423230677622,-0.5000000000000334,0.7985181614655401,-0.04866976278649474,8.548717289613705e-15,3.08137879439599,70,255,255,255
601,12.02,17.125452663462085,1.8422742468610533,-16.01999999999998,1.4714239697050795,-0.2913957813307269,-0.5000000000000331,0.7986411687939607,-0.0466077623086154,1.4988010832439613e-14,3.0866147821519725,70,255,255,255
602,12.040000000000001,17.154889681946205,1.83648961698823,-16.02999999999998,1.4718509242060163,-0.2892314936411584,-0.5000000000000328,0.7987583988173272,-0.04455356684688376,1.3988810110276972e-14,3.0918507699079556,70,255,255,255
603,12.06,17.184335241335923,1.8307486212360358,-16.03999999999998,1.472277969485795,-0.2870497876097176,-0.5000000000000325,0.7988699139044263,-0.04250718360859244,1.2989609388114332e-14,3.0970867576639387,70,255,255,255
604,12.08,17.213789340642673,1.8250516014863671,-16.049999999999983,1.4727049653374957,-0.2848509874834298,-0.500000000000032,0.7989757761517187,-0.04046861898754155,2.653433028854124e-14,3.102322745419922,70,255,255,255
605,12.1,17.243251976116454,1.8193988932027931,-16.059999999999985,1.4731317736889777,-0.2826354141787021,-0.5000000000000315,0.7990760473763089,-0.038437878576410685,2.4868995751603507e-14,3.1075587331759045,70,255,255,255
606,12.120000000000001,17.272723141288566,1.8137908254965174,-16.069999999999986,1.4735582586055322,-0.2804033853137861,-0.5000000000000311,0.7991707891091528,-0.03641496717908917,2.353672812205332e-14,3.1127947209318876,70,255,255,255
607,12.14,17.302202827014398,1.8082277211917035,-16.079999999999988,1.4739842862915473,-0.27815521524069625,-0.5000000000000303,0.7992600625884968,-0.03439988882296334,3.6415315207705135e-14,3.1180307086878707,70,255,255,255
608,12.16,17.33169102151622,1.8027098968901716,-16.08999999999999,1.4744097250912178,-0.2758912150765944,-0.5000000000000293,0.7993439287535493,-0.032392646771154276,4.829470157119431e-14,3.123266696443854,70,255,255,255
609,12.18,17.361187710425988,1.7972376630354785,-16.09999999999999,1.4748344454883329,-0.27361169273465263,-0.5000000000000284,0.7994224482383766,-0.030393243534706328,4.529709940470639e-14,3.1285026841998365,70,255,255,255
610,12.200000000000001,17.39069287682809,1.7918113239763904,-16.109999999999992,1.4752583201051734,-0.27131695295440295,-0.5000000000000275,0.7994956813660237,-0.02840168088472007,4.263256414560601e-14,3.1337386719558196,70,255,255,255
611,12.22,17.4202065013021,1.7864311780297586,-16.119999999999994,1.4756812237005508,-0.26900729733158746,-0.5000000000000264,0.799563688142853,-0.026417959864428936,5.417888360170764e-14,3.1389746597118027,70,255,255,255
612,12.24,17.44972856196544,1.7810975175428083,-16.129999999999995,1.4761030331670146,-0.26668302434751723,-0.5000000000000254,0.7996265282531009,-0.024442080801213368,5.084821452783217e-14,3.144210647467786,70,255,255,255
613,12.26,17.479259034515984,1.7758106289548492,-16.139999999999997,1.4765236275272642,-0.26434442939795233,-0.5000000000000242,0.7996842610536461,-0.02247404331855345,6.206146707654625e-14,3.149446635223769,70,255,255,255
614,12.280000000000001,17.50879789227458,1.770570792858419,-16.15,1.4769428879297828,-0.2619918048215119,-0.500000000000023,0.7997369455689879,-0.020513846347913842,5.839773109528323e-14,3.154682622979752,70,255,255,255
615,12.3,17.538345106227453,1.7653782840598664,-16.16,1.4773606976437357,-0.2596254399276273,-0.5000000000000216,0.7997846404864298,-0.018561488140561074,6.894484982922222e-14,3.159918610735735,70,255,255,255
616,12.32,17.567900645068516,1.7602333716393854,-16.17,1.477776942053148,-0.25724562102404636,-0.5000000000000203,0.7998274041514659,-0.016616966279307078,6.494804694057166e-14,3.1651545984917178,70,255,255,255
617,12.34,17.597464475241523,1.7551363190105074,-16.180000000000003,1.4781915086503914,-0.2548526314439,-0.5000000000000191,0.7998652945633653,-0.014680277690180609,6.09512440519211e-14,3.1703905862477004,70,255,255,255
618,12.36,17.627036560982102,1.7500873839790605,-16.190000000000005,1.4786042870290117,-0.2524467515723427,-0.5000000000000177,0.7998983693709533,-0.012751418654021157,7.149836278586008e-14,3.1756265740036835,70,255,255,255
619,12.38,17.65661686435962,1.745086818801605,-16.200000000000006,1.479015168875914,-0.25002825887277463,-0.5000000000000163,0.7999266858685827,-0.010830384817993925,6.716849298982197e-14,3.1808625617596666,70,255,255,255
620,12.4,17.68620534531888,1.740134870243352,-16.210000000000008,1.4794240479629348,-0.24759742791265765,-0.5000000000000148,0.7999503009922958,-0.008917171207024715,7.738254481637341e-14,3.1860985495156497,70,255,255,255
621,12.42,17.715801961721635,1.7352317796355732,-16.22000000000001,1.479830820137823,-0.245154530388934,-0.5000000000000133,0.799969271316169,-0.007011772235150128,7.271960811294775e-14,3.191334537271633,70,255,255,255
622,12.44,17.74540666938793,1.730377782932512,-16.23000000000001,1.4802353833146535,-0.24269983515305743,-0.5000000000000117,0.7999836530488406,-0.005114181716784069,8.260059303211165e-14,3.1965705250276155,70,255,255,255
623,12.46,17.775019422137202,1.725573110767799,-16.240000000000013,1.4806376374636983,-0.2402336082356474,-0.5000000000000101,0.7999935020302159,-0.00322439287789656,7.760458942129844e-14,3.2018065127835986,70,255,255,255
624,12.48,17.804640171829217,1.7208179885103834,-16.250000000000014,1.4810374846007712,-0.23775611287077475,-0.5000000000000087,0.7999988737283472,-0.0013423983671044116,7.294165271787278e-14,3.2070425005395817,70,255,255,255
625,12.5,17.834268868404738,1.7161126363199857,-16.260000000000016,1.4814348287760746,-0.235267609519889,-0.500000000000007,0.7999998232364852,0.0005318097333299226,8.282263763703668e-14,3.2122784882955644,70,255,255,255
626,12.52,17.863905459925988,1.7114572692020777,-16.270000000000017,1.4818295760625626,-0.23276835589539613,-0.5000000000000051,0.7999964052702978,0.0023982398965902586,9.203748874142548e-14,3.2175144760515475,70,255,255,255
627,12.540000000000001,17.893549892616864,1.7068520970623997,-16.28000000000002,1.4822216345438477,-0.23025860698389636,-0.5000000000000033,0.7999886741652535,0.00425690114049308,8.637535131583718e-14,3.2227504638075306,70,255,255,255
628,12.56,17.923202110902896,1.7022973247610178,-16.29000000000002,1.4826109143016628,-0.22773861506909032,-0.5000000000000017,0.7999766838741668,0.00610780301676813,8.104628079763643e-14,3.2279864515635137,70,255,255,255
629,12.58,17.952862057450954,1.6977931521659306,-16.300000000000022,1.482997327402906,-0.22520862975436315,-0.49999999999999983,0.7999604879648994,0.007950955600436942,9.026113190202523e-14,3.233222439319497,70,255,255,255
630,12.6,17.98252967320868,1.6933397742062295,-16.310000000000024,1.4833807878862804,-0.22266889798505451,-0.4999999999999981,0.7999401396182185,0.009786369479287784,8.47655279301307e-14,3.2384584270754795,70,255,255,255
631,12.620000000000001,18.012204897443652,1.688937380924821,-16.320000000000025,1.4837612117485497,-0.2201196640704232,-0.4999999999999965,0.7999156916258039,0.011614055743450159,7.960299086562372e-14,3.2436944148314626,70,255,255,255
632,12.64,18.041887667782262,1.6845861575307146,-16.330000000000027,1.4841385169304298,-0.217561169705315,-0.4999999999999947,0.7998871963884041,0.013434025975068554,8.89843754237063e-14,3.2489304025874457,70,255,255,255
633,12.66,18.071577920248306,1.6802862844508837,-16.34000000000003,1.484512623302128,-0.21499365399154177,-0.4999999999999928,0.7998547059141374,0.015246292238078885,9.786615962070755e-14,3.2541663903434284,70,255,255,255
634,12.68,18.101275589301277,1.676037937381704,-16.35000000000003,1.4848834526485515,-0.21241735345897925,-0.49999999999999095,0.7998182718169338,0.01705086706808522,9.203748874142548e-14,3.2594023780994115,70,255,255,255
635,12.700000000000001,18.13098060787436,1.6718412873399762,-16.360000000000028,1.4852509286542,-0.20983250208639243,-0.49999999999998923,0.7997779453151154,0.018847763462340576,8.654188476953095e-14,3.2646383658553946,70,255,255,255
636,12.72,18.160692907412116,1.6676965007135363,-16.370000000000026,1.4856149768877576,-0.20723933132199537,-0.4999999999999876,0.7997337772301122,0.020636994869830335,8.137934770502397e-14,3.2698743536113777,70,255,255,255
637,12.74,18.190412417907844,1.663603739311461,-16.380000000000024,1.4859755247863982,-0.20463807010375315,-0.4999999999999864,0.7996858179853092,0.022418575181461748,6.233902283270254e-14,3.275110341367361,70,255,255,255
638,12.76,18.22013906794064,1.6595631604138725,-16.390000000000022,1.4863325016398259,-0.20202894487943368,-0.49999999999998523,0.7996341176050239,0.024192518720357083,5.867528685143952e-14,3.2803463291233435,70,255,255,255
639,12.780000000000001,18.24987278471212,1.6555749168213443,-16.40000000000002,1.4866858385740553,-0.19941217962641603,-0.4999999999999844,0.7995787257136076,0.025958840232253352,4.0967229608668276e-14,3.2855823168793266,70,255,255,255
640,12.8,18.27961349408282,1.651639156903919,-16.410000000000018,1.4870354685349545,-0.19678799587126275,-0.4999999999999836,0.7995196915346711,0.02771755487600746,3.8469227803261674e-14,3.2908183046353097,70,255,255,255
641,12.82,18.30936112060825,1.6477560246497378,-16.420000000000016,1.4873813262715594,-0.19415661270906256,-0.4999999999999832,0.7994570638904303,0.02946867821420968,2.1926904736346842e-14,3.2960542923912923,70,255,255,255
642,12.84,18.339115587574636,1.6439256597132867,-16.430000000000014,1.4877233483191747,-0.19151824682255061,-0.49999999999998307,0.7993908912011672,0.03121222620390277,6.38378239159465e-15,3.3012902801472754,70,255,255,255
643,12.86,18.36887681703428,1.6401481974632666,-16.440000000000012,1.4880614729822756,-0.18887311250101252,-0.49999999999998296,0.7993212214848071,0.032948215187409376,6.050715484207103e-15,3.3065262679032585,70,255,255,255
644,12.88,18.398644729840626,1.636423769030087,-16.45000000000001,1.4883956403172205,-0.18622142165897848,-0.4999999999999831,0.7992481023566047,0.03467666188326726,-8.493206138382448e-15,3.3117622556592416,70,255,255,255
645,12.9,18.42841924568292,1.6327525013529927,-16.460000000000008,1.4887257921147892,-0.18356338385471427,-0.4999999999999833,0.7991715810289394,0.03639758337727204,-7.993605777301127e-15,3.3169982434152248,70,255,255,255
646,12.92,18.458200283120572,1.6291345172268223,-16.470000000000006,1.489051871882558,-0.18089920630851408,-0.49999999999998374,0.7990917043112167,0.03811099711362938,-2.170486013142181e-14,3.3222342311712074,70,255,255,255
647,12.94,18.487987759617113,1.6255699353484063,-16.480000000000004,1.489373824827122,-0.17822909392080213,-0.4999999999999841,0.7990085186098712,0.03981692088621448,-2.0372592501871623e-14,3.32747021892719,70,255,255,255
648,12.96,18.517781591573836,1.6220588703626053,-16.490000000000002,1.4896915978361782,-0.17555324929004837,-0.4999999999999848,0.7989220699284699,0.04151537282994068,-3.341771304121721e-14,3.332706206683173,70,255,255,255
649,12.98,18.547581694363046,1.6186014329079952,-16.5,1.4900051394604814,-0.1728718727305038,-0.4999999999999857,0.7988324038679128,0.04320637141223579,-4.5630166312093934e-14,3.3379421944391563,70,255,255,255
650,13.0,18.57738798236096,1.6151977296622,-16.509999999999998,1.4903143998956756,-0.1701851622897606,-0.4999999999999865,0.7987395656267271,0.04488993542462845,-4.296563105299356e-14,3.3431781821951394,70,255,255,255
651,13.02,18.60720036898024,1.6118478633868771,-16.519999999999996,1.4906193309640245,-0.16749331376614307,-0.49999999999998734,0.7986436000014558,0.046566083974441536,-4.0467629247586956e-14,3.348414169951122,70,255,255,255
652,13.040000000000001,18.637018766702163,1.6085519329723585,-16.529999999999994,1.4909198860960393,-0.16479652072593368,-0.4999999999999884,0.7985445513871322,0.04823483647659455,-5.218048215738236e-14,3.353650157707105,70,255,255,255
653,13.06,18.666843087108404,1.6053100334819497,-16.539999999999996,1.4912160203120197,-0.1620949745204396,-0.4999999999999897,0.798442463777844,0.049896212645513735,-6.322720125240266e-14,3.3588861454630883,70,255,255,255
654,13.08,18.696673240912475,1.6021222561958917,-16.549999999999997,1.491507690203517,-0.15938886430290475,-0.49999999999999056,0.79833738076738,0.05155023248715125,-4.518607710224387e-14,3.3641221332190714,70,255,255,255
655,13.1,18.726509137990767,1.5989886886549862,-16.56,1.4917948539147265,-0.1566783770452712,-0.4999999999999914,0.7982293455499595,0.05319691629111102,-4.2521541843143495e-14,3.369358120975054,70,255,255,255
656,13.120000000000001,18.756350687413242,1.5959094147038904,-16.57,1.4920774711238205,-0.1539636975547956,-0.4999999999999922,0.7981184009210402,0.054836284622882744,-4.0023540037736893e-14,3.374594108731037,70,255,255,255
657,13.14,18.786197797473726,1.59288451453408,-16.580000000000002,1.4923555030242295,-0.15124500849052427,-0.4999999999999926,0.7980045892782042,0.05646835831618235,-2.348121697082206e-14,3.3798300964870203,70,255,255,255
658,13.16,18.816050375719843,1.5899140647264873,-16.590000000000003,1.4926289123058794,-0.14852249037963094,-0.4999999999999928,0.7978879526221172,0.05809315846540075,-7.93809462606987e-15,3.3850660842430034,70,255,255,255
659,13.18,18.84590832898257,1.586998138293815,-16.600000000000005,1.4928976631363937,-0.14579632163362233,-0.49999999999999295,0.7977685325575612,0.05971070641815767,-7.438494264988549e-15,3.390302071998986,70,255,255,255
660,13.200000000000001,18.875771563405415,1.5841368047225266,-16.610000000000007,1.49316172114227,-0.14306667856441446,-0.4999999999999931,0.7976463702945367,0.06132102376796226,-6.938893903907228e-15,3.395538059754969,70,255,255,255
661,13.22,18.905639984473215,1.5813301300145208,-16.620000000000008,1.4934210533900356,-0.14033373540028427,-0.49999999999999295,0.7975215066494319,0.06292413234697876,7.771561172376096e-15,3.4007740475109522,70,255,255,255
662,13.24,18.935513497040564,1.5785781767284868,-16.63000000000001,1.4936756283673898,-0.13759766430169942,-0.4999999999999928,0.7973939820462597,0.06452005421889848,7.271960811294775e-15,3.4060100352669354,70,255,255,255
663,13.26,18.96539200535985,1.575881004020946,-16.64000000000001,1.4939254159643462,-0.1348586353770313,-0.49999999999999234,0.7972638365179544,0.06610881167191504,2.098321516541546e-14,3.411246023022918,70,255,255,255
664,13.280000000000001,18.995275413108935,1.573238667686983,-16.650000000000013,1.4941703874543717,-0.1321168166981529,-0.49999999999999195,0.797131109707734,0.06769042721180493,1.965094753586527e-14,3.416482010778901,70,255,255,255
665,13.3,19.025163623418447,1.5706512202006644,-16.660000000000014,1.494410515475537,-0.12937237431592633,-0.4999999999999913,0.7969958408705186,0.06926492355511023,3.269606807521086e-14,3.4217179985348842,70,255,255,255
666,13.32,19.05505653889868,1.5681187107551526,-16.670000000000016,1.4946457740116836,-0.12662547227558255,-0.4999999999999907,0.7968580688744062,0.07083232362242611,3.069766663088558e-14,3.4269539862908673,70,255,255,255
667,13.34,19.084954061666153,1.5656411853025127,-16.680000000000017,1.4948761383736124,-0.12387627263199655,-0.4999999999999901,0.7967178322022059,0.07239265053178923,2.886579864025407e-14,3.43218997404685,70,255,255,255
668,13.36,19.11485609336976,1.5632186865932156,-16.690000000000015,1.4951015851802958,-0.12112493546486075,-0.4999999999999893,0.7965751689530209,0.07394592759216835,4.141131881851834e-14,3.437425961802833,70,255,255,255
669,13.38,19.14476253521656,1.5608512542153403,-16.700000000000014,1.495322092340132,-0.11837161889376006,-0.4999999999999888,0.7964301168438859,0.07549217829705637,2.4702462297909733e-14,3.442661949558816,70,255,255,255
670,13.4,19.174673287997205,1.5585389246334773,-16.71000000000001,1.4955376390322321,-0.11561647909315063,-0.49999999999998834,0.7962827132114509,0.07703142631816169,2.3203661214665772e-14,3.4478979373147993,70,255,255,255
671,13.42,19.20458825211096,1.5562817312273325,-16.72000000000001,1.4957482056877554,-0.11285967030724546,-0.4999999999999882,0.7961329950137157,0.07856369549920096,7.66053886991358e-15,3.453133925070782,70,255,255,255
672,13.44,19.234507327590386,1.5540797043300363,-16.730000000000008,1.4959537739712951,-0.11010134486480934,-0.499999999999988,0.7959809988318065,0.0800890098497892,7.16093850883226e-15,3.458369912826765,70,255,255,255
673,13.46,19.26443041412563,1.551932871266159,-16.740000000000006,1.4961543267623192,-0.10734165319386518,-0.4999999999999882,0.7958267608717999,0.08160739353942931,-7.549516567451064e-15,3.463605900582748,70,255,255,255
674,13.48,19.294357411088363,1.5498412563894328,-16.750000000000004,1.4963498481366726,-0.10458074383631473,-0.4999999999999886,0.7956703169665852,0.08311887089159758,-2.1260770921571748e-14,3.4688418883387313,70,255,255,255
675,13.5,19.324288217555328,1.5478048811201832,-16.76,1.4965403233481458,-0.10181876346247536,-0.499999999999989,0.7955117025777708,0.08462346637792824,-1.992850329202156e-14,3.474077876094714,70,255,255,255
676,13.52,19.35422273233153,1.5458237639824726,-16.770000000000003,1.4967257388101107,-0.09905585688553518,-0.4999999999999894,0.7953509527976271,0.08612120461249176,-1.8762769116165146e-14,3.4793138638506966,70,255,255,255
677,13.540000000000001,19.384160853973075,1.543897920640954,-16.780000000000005,1.496906082077236,-0.09629216707592886,-0.49999999999998973,0.7951881023510669,0.08761211034616943,-1.759703494030873e-14,3.4845498516066797,70,255,255,255
678,13.56,19.41410248080962,1.5420273639374413,-16.790000000000006,1.4970813418272766,-0.09352783517563559,-0.49999999999999006,0.7950231855976607,0.08909620846112148,-1.659783421814609e-14,3.489785839362663,70,255,255,255
679,13.58,19.44404751096648,1.5402121039271932,-16.800000000000008,1.4972515078429496,-0.0907630005124016,-0.4999999999999901,0.7948562365336881,0.09057352396535005,-1.3877787807814457e-15,3.495021827118646,70,255,255,255
680,13.6,19.47399584238636,1.5384521479149154,-16.81000000000001,1.4974165709938965,-0.08799780061388858,-0.4999999999999901,0.7946872887942185,0.09204408198735321,-1.2212453270876722e-15,3.5002578148746286,70,255,255,255
681,13.620000000000001,19.50394737285073,1.5367475004904803,-16.82000000000001,1.4975765232187364,-0.08523237122174984,-0.4999999999999901,0.7945163756552247,0.09350790777087191,-1.2212453270876722e-15,3.5054938026306117,70,255,255,255
682,13.64,19.533902000000875,1.5350981635643675,-16.830000000000013,1.4977313575072142,-0.08246684630563608,-0.49999999999998984,0.7943435300357258,0.0949650266697271,1.2989609388114332e-14,3.510729790386595,70,255,255,255
683,13.66,19.563859621358525,1.5335041364028248,-16.84000000000001,1.4978810678824472,-0.0797013580771318,-0.49999999999998934,0.7941687844999568,0.09641546414274778,2.6367796834847468e-14,3.515965778142578,70,255,255,255
684,13.68,19.59382013434619,1.5319654156627522,-16.85000000000001,1.498025649383273,-0.07693603700362425,-0.4999999999999891,0.793992171259565,0.09785924574878738,1.0658141036401503e-14,3.5212017658985606,70,255,255,255
685,13.700000000000001,19.62378343630712,1.53048199542631,-16.860000000000007,1.4981650980467025,-0.0741710118221061,-0.49999999999998923,0.793813722175834,0.09929639714182933,-4.218847493575595e-15,3.5264377536545437,70,255,255,255
686,13.72,19.653749424524932,1.5290538672352518,-16.870000000000005,1.4982994108904808,-0.07140640955291314,-0.4999999999999893,0.7936334687619272,0.10072694406617873,-3.885780586188048e-15,3.531673741410527,70,255,255,255
687,13.74,19.683717996242848,1.527681020124984,-16.880000000000006,1.4984285858957616,-0.06864235551339838,-0.4999999999999896,0.7934514421851576,0.10215091235174234,-1.7930101847696278e-14,3.53690972916651,70,255,255,255
688,13.76,19.713689048682646,1.526363440658353,-16.890000000000008,1.4985526219898926,-0.06587897333154347,-0.4999999999999897,0.793267673269277,0.10356832790939266,-2.7200464103316335e-15,3.5421457169224926,70,255,255,255
689,13.780000000000001,19.743662479063232,1.525101112959163,-16.90000000000001,1.4986715190293178,-0.06311638495950873,-0.49999999999998973,0.7930821924967852,0.1049792167264175,-2.55351295663786e-15,3.5473817046784757,70,255,255,255
690,13.8,19.773638184618886,1.5238940187454204,-16.91000000000001,1.4987852777826025,-0.06035471068712292,-0.4999999999999895,0.7928950300112586,0.10638360486205263,1.1823875212257917e-14,3.552617692434459,70,255,255,255
691,13.82,19.803616062617156,1.5227421373623142,-16.92000000000001,1.4988938999135772,-0.05759406915531333,-0.4999999999999893,0.7927062156196959,0.10778151844309863,1.1157741397482823e-14,3.557853680190442,70,255,255,255
692,13.84,19.833596010376446,1.5216454458149247,-16.930000000000007,1.4989973879646057,-0.05483457736947753,-0.49999999999998934,0.7925157787948811,0.10917298365961825,-3.7192471324942744e-15,3.5630896679464246,70,255,255,255
693,13.86,19.863577925283245,1.5206039188006688,-16.94000000000001,1.4990957453399825,-0.05207635071279736,-0.4999999999999894,0.7923237486777593,0.11055802676071529,-3.552713678800501e-15,3.5683256557024077,70,255,255,255
694,13.88,19.893561704809034,1.5196175287414788,-16.95000000000001,1.4991889762894566,-0.04931950295949613,-0.49999999999998945,0.7921301540798305,0.11193667405039412,-3.3861802251067274e-15,3.573561643458391,70,255,255,255
695,13.9,19.923547246526873,1.518686245815718,-16.960000000000008,1.499277085891886,-0.046564146288039523,-0.49999999999998923,0.791935023485553,0.11330895188349716,1.099120794378905e-14,3.578797631214374,70,255,255,255
696,13.92,19.95353444812765,1.5178100379898323,-16.970000000000006,1.4993600800390283,-0.04381039129428123,-0.4999999999999893,0.7917383850547611,0.11467488666172208,-3.885780586188048e-15,3.5840336189703565,70,255,255,255
697,13.94,19.98352320743604,1.5169888710497412,-16.980000000000004,1.4994379654194612,-0.04105834700455359,-0.49999999999998934,0.7915402666250928,0.11603450482971497,-3.7192471324942744e-15,3.5892696067263397,70,255,255,255
698,13.96,20.013513422426094,1.516222708631967,-16.990000000000006,1.4995107495026423,-0.0383081208887041,-0.4999999999999897,0.7913406957144272,0.11738783287124072,-1.7763568394002505e-14,3.5945055944823228,70,255,255,255
699,13.98,20.043504991236556,1.5155115122545055,-17.000000000000007,1.4995784405231072,-0.03555981887307816,-0.49999999999999,0.791139699523333,0.118734897305428,-1.6764367671839864e-14,3.5997415822383054,70,255,255,255
700,14.0,20.073497812185852,1.5148552413474365,-17.01000000000001,1.499641047464805,-0.03281354535344863,-0.49999999999999006,0.7909373049375221,0.12007572468308984,-1.5543122344752192e-15,3.6049775699942885,70,255,255,255
701,14.02,20.103491787392365,1.5142540331379186,-17.02000000000001,1.4996987603255598,-0.03006041047589751,-0.4999999999999898,0.7906633968536073,0.12186629097463769,1.2823075934420558e-14,3.610213557750271,70,255,255,255
702,14.040000000000001,20.133486818144526,1.5137080201556166,-17.030000000000012,1.4997515376081112,-0.0273006491151052,-0.49999999999998956,0.790386669651234,0.12364834183130326,1.199040866595169e-14,3.6154495455062543,70,255,255,255
703,14.06,20.163482804933658,1.5132173302879195,-17.040000000000013,1.499799339456565,-0.024534493384853327,-0.49999999999998934,0.7901071738938272,0.1254219030373467,1.1324274851176597e-14,3.6206855332622374,70,255,255,255
704,14.08,20.19347964748644,1.5127820868347184,-17.05000000000001,1.499842127639144,-0.02176217266006045,-0.49999999999998884,0.7898249596258894,0.1271870007192645,2.4868995751603507e-14,3.6259215210182205,70,255,255,255
705,14.1,20.223477244797056,1.5124024085627459,-17.06000000000001,1.4998798655307297,-0.01898391359862345,-0.4999999999999887,0.789540076374457,0.12894366133554835,9.159339953157541e-15,3.631157508774203,70,255,255,255
706,14.120000000000001,20.25347549515896,1.5120784097594844,-17.070000000000007,1.4999125180952098,-0.01619994016306982,-0.4999999999999888,0.7892525731506558,0.13069191166659466,-5.551115123125783e-15,3.6363934965301863,70,255,255,255
707,14.14,20.28347429619631,1.5118102002866438,-17.080000000000005,1.4999400518676393,-0.013410473642025732,-0.4999999999999889,0.7889624984513566,0.13243177880476206,-5.218048215738236e-15,3.6416294842861694,70,255,255,255
708,14.16,20.313473544895036,1.5115978856332137,-17.090000000000003,1.499962434936238,-0.010615732671504927,-0.499999999999989,0.7886699002609274,0.1341632901445796,-4.884981308350689e-15,3.6468654720421525,70,255,255,255
709,14.18,20.34347313763352,1.5114415669680932,-17.100000000000005,1.4999796369242275,-0.007815933256023068,-0.4999999999999894,0.7883748260530784,0.1358864733731008,-1.8762769116165146e-14,3.6521014597981356,70,255,255,255
710,14.200000000000001,20.37347297021295,1.5113413411923022,-17.110000000000007,1.4999916289715312,-0.005011288789542215,-0.49999999999998973,0.7880773227927932,0.13760135646040633,-1.759703494030873e-14,3.6573374475541187,70,255,255,255
711,14.22,20.40347293788728,1.5112973009907773,-17.120000000000008,1.4999983837163373,-0.0022020100762498765,-0.4999999999999898,0.78777743693835,0.13930796765025258,-2.3869795029440866e-15,3.662573435310102,70,255,255,255
712,14.24,20.43347293539281,1.5113095348837537,-17.13000000000001,1.499999875276547,0.0006116946488230076,-0.49999999999998984,0.7874752144434246,0.1410063354508672,-2.220446049250313e-15,3.6678094230660845,70,255,255,255
713,14.26,20.463472856977432,1.5113781272777405,-17.14000000000001,1.499996079231115,0.0034296196993409567,-0.4999999999999896,0.7871707007592709,0.14269648862588902,1.2156942119645464e-14,3.673045410822067,70,255,255,255
714,14.280000000000001,20.49347259642946,1.5115031585160876,-17.150000000000013,1.4999869726012933,0.006251561917355622,-0.4999999999999894,0.786863940836982,0.14437845618545303,1.149080830487037e-14,3.6782813985780503,70,255,255,255
715,14.3,20.523472047106097,1.5116847049291506,-17.16000000000001,1.4999725338317897,0.009077320653146282,-0.4999999999999889,0.7865549791298224,0.14605226737741736,2.503552920529728e-14,3.6835173863340334,70,255,255,255
716,14.32,20.553471101961534,1.5119228388840547,-17.17000000000001,1.4999527427718529,0.011906697745205374,-0.49999999999998873,0.7862438595956339,0.14771795167873558,9.325873406851315e-15,3.6887533740900165,70,255,255,255
717,14.34,20.58346965357466,1.5122176288340619,-17.180000000000007,1.4999275806562917,0.01473949750036533,-0.49999999999998884,0.7859306256993064,0.14937553878696788,-5.384581669432009e-15,3.6939893618459996,70,255,255,255
718,14.36,20.613467594176388,1.5125691393675431,-17.190000000000005,1.499897030086442,0.01757552667406317,-0.49999999999998895,0.7856153204153173,0.15102505861193496,-5.051514762044462e-15,3.6992253496019822,70,255,255,255
719,14.38,20.64346481567661,1.5129774312565578,-17.200000000000003,1.4998610750110863,0.02041459445073939,-0.49999999999998934,0.7852979862303325,0.15266654126751059,-1.892930256985892e-14,3.7044613373579653,70,255,255,255
720,14.4,20.673461209690757,1.513442561505045,-17.210000000000004,1.49981970070734,0.02325651242436783,-0.4999999999999897,0.7849786651458671,0.15430001706355298,-1.7763568394002505e-14,3.7096973251139485,70,255,255,255
721,14.42,20.703456667565987,1.5139645833966273,-17.220000000000006,1.4997728937615094,0.026101094579113294,-0.49999999999999,0.7846573986810039,0.15592551649797473,-1.6764367671839864e-14,3.714933312869931,70,255,255,255
722,14.44,20.733451080406986,1.5145435465420296,-17.230000000000008,1.4997206420499334,0.028948157270113864,-0.49999999999999006,0.7843342278751675,0.15754307024894793,-1.5543122344752192e-15,3.720169300625914,70,255,255,255
723,14.46,20.763444339101383,1.5151794969261172,-17.24000000000001,1.4996629347198147,0.03179751920438493,-0.4999999999999901,0.78400919329095,0.15915270916724575,-1.3877787807814457e-15,3.7254052883818973,70,255,255,255
724,14.48,20.793436334344783,1.515872476954554,-17.25000000000001,1.4995997621700496,0.03464900142184196,-0.4999999999999901,0.7836823350169875,0.1607544642687173,-1.2212453270876722e-15,3.7306412761378804,70,255,255,255
725,14.5,20.823426956665426,1.5166225255000827,-17.260000000000012,1.4995311160320668,0.03750242727643952,-0.49999999999998984,0.7833536926708834,0.16234836672689723,1.2989609388114332e-14,3.7358772638938635,70,255,255,255
726,14.52,20.853416096448438,1.517429677948431,-17.27000000000001,1.4994569891506768,0.04035762241742358,-0.49999999999998934,0.7830233054021786,0.1639344478657456,2.6367796834847468e-14,3.741113251649846,70,255,255,255
727,14.540000000000001,20.88340364395974,1.518293966243845,-17.28000000000001,1.4993773755649464,0.04321441477069478,-0.4999999999999891,0.7826912118953618,0.16551273915251902,1.0658141036401503e-14,3.7463492394058293,70,255,255,255
728,14.56,20.91338948936952,1.5192154189342506,-17.290000000000006,1.4992922704891,0.0460726345202802,-0.49999999999998923,0.7823574503729254,0.1670832721907719,-4.218847493575595e-15,3.7515852271618124,70,255,255,255
729,14.58,20.943373522775392,1.5201940612160487,-17.300000000000004,1.4992016702934572,0.048932114089911244,-0.4999999999999893,0.7820220585984549,0.16864607871348508,-3.885780586188048e-15,3.756821214917795,70,255,255,255
730,14.6,20.9733556342251,1.5212299149785429,-17.310000000000006,1.4991055724854128,0.05179268812470539,-0.4999999999999896,0.7816850738797578,0.170201190576322,-1.7930101847696278e-14,3.762057202673778,70,255,255,255
731,14.620000000000001,21.00333571373891,1.5223229988480018,-17.320000000000007,1.4990039756904654,0.05465419347294977,-0.49999999999998995,0.781346533072028,0.1717486397510105,-1.6930901125533637e-14,3.7672931904297613,70,255,255,255
732,14.64,21.033313651331575,1.5234733282313615,-17.33000000000001,1.4988968796333015,0.05751646916798451,-0.49999999999999,0.7810064725810386,0.1732884583188484,-1.7208456881689926e-15,3.7725291781857444,70,255,255,255
733,14.66,21.063289337033954,1.524680915359565,-17.34000000000001,1.49878428511894,0.06037935641018377,-0.49999999999998973,0.7806649283663704,0.17482067846433375,1.2656542480726785e-14,3.7777651659417275,70,255,255,255
734,14.68,21.09326266091423,1.5259457693305458,-17.350000000000012,1.4986661940139425,0.06324269854903282,-0.4999999999999895,0.7803219359446637,0.1763453324689148,1.1823875212257917e-14,3.78300115369771,70,255,255,255
735,14.700000000000001,21.123233513098786,1.5272678961518518,-17.36000000000001,1.4985426092276983,0.06610634106529924,-0.4999999999999893,0.7799775303929022,0.1778624527048624,1.1157741397482823e-14,3.7882371414536933,70,255,255,255
736,14.72,21.15320178379266,1.5286472987829176,-17.370000000000008,1.4984135346937846,0.06897013155329663,-0.49999999999998906,0.7796317463517168,0.17937207162925992,1.049160758270773e-14,3.7934731292096764,70,255,255,255
737,14.74,21.183167363299688,1.5300839771769823,-17.380000000000006,1.4982789753514092,0.07183391970323921,-0.4999999999999892,0.7792846180287163,0.18087422177811222,-4.385380947269368e-15,3.798709116965659,70,255,255,255
738,14.76,21.21313014204223,1.531577928322656,-17.390000000000004,1.4981389371269442,0.07469755728368585,-0.49999999999998923,0.7789361792018374,0.18236893576057053,-4.052314039881821e-15,3.803945104721642,70,255,255,255
739,14.780000000000001,21.243090010580538,1.5331291462851375,-17.400000000000006,1.497993426915548,0.07756089812407199,-0.4999999999999896,0.778586463222715,0.18385624625327224,-1.8096635301390052e-14,3.8091810924776253,70,255,255,255
740,14.8,21.273046859631794,1.534737622247084,-17.410000000000007,1.4978424525628857,0.0804237980973282,-0.4999999999999897,0.778235503020071,0.18533618599479434,-2.7200464103316335e-15,3.8144170802336084,70,255,255,255
741,14.82,21.30300058008873,1.5364033445491359,-17.42000000000001,1.4976860228469517,0.0832861151025841,-0.49999999999998973,0.7778833311031191,0.1868087877802201,-2.55351295663786e-15,3.8196530679895915,70,255,255,255
742,14.84,21.33295106303793,1.538126298730095,-17.43000000000001,1.4975241474599963,0.08614770904795625,-0.4999999999999898,0.7775299795649839,0.18827408445581573,-2.3869795029440866e-15,3.824889055745574,70,255,255,255
743,14.86,21.362898199777742,1.5399064675667633,-17.440000000000012,1.497356836990564,0.08900844183341929,-0.49999999999998956,0.7771754800861357,0.18973210891381698,1.199040866595169e-14,3.830125043501557,70,255,255,255
744,14.88,21.392841881835857,1.5417438311134384,-17.45000000000001,1.4971841029056423,0.09186817733375863,-0.49999999999998934,0.7768198639378341,0.19118289408732422,1.1324274851176597e-14,3.83536103125754,70,255,255,255
745,14.9,21.422782000986516,1.5436383667410705,-17.460000000000008,1.4970059575329293,0.09472678138160437,-0.4999999999999891,0.7764631619855845,0.1926264729453037,1.0658141036401503e-14,3.840597019013523,70,255,255,255
746,14.92,21.45271844926738,1.5455900491760814,-17.470000000000006,1.4968224140432207,0.09758412175054491,-0.49999999999998923,0.7761054046926036,0.19406287848769516,-4.218847493575595e-15,3.845833006769506,70,255,255,255
747,14.94,21.48265111899604,1.5475988505388478,-17.480000000000004,1.496633486432924,0.10044006813832004,-0.4999999999999893,0.7757466221232907,0.19549214374062315,-3.885780586188048e-15,3.8510689945254892,70,255,255,255
748,14.96,21.51257990278617,1.5496647403818498,-17.490000000000006,1.4964391895066953,0.10329449215009184,-0.4999999999999896,0.7753868439467079,0.1969143017517107,-1.7930101847696278e-14,3.8563049822814723,70,255,255,255
749,14.98,21.542504693563377,1.5517876857274857,-17.500000000000007,1.4962395388602079,0.10614726728179345,-0.49999999999998995,0.7750260994400644,0.1983293855854946,-1.6930901125533637e-14,3.8615409700374554,70,255,255,255
750,15.0,21.572425384580637,1.553967651105557,-17.51000000000001,1.4960345508630568,0.10899826890355462,-0.49999999999999,0.7746644174922043,0.19973742831894087,-1.7208456881689926e-15,3.866776957793438,70,255,255,255
751,15.02,21.602341873920015,1.5562045385875167,-17.52000000000001,1.495824466968845,0.11184437409798943,-0.49999999999998973,0.7743406531193248,0.20098893732426618,1.2656542480726785e-14,3.872012945549421,70,255,255,255
752,15.040000000000001,21.632254060293413,1.5584982487617025,-17.530000000000012,1.4956093186698496,0.11468550870928895,-0.4999999999999895,0.7740163282854327,0.2022343283113365,1.1823875212257917e-14,3.8772489333054043,70,255,255,255
753,15.06,21.66216184305008,1.56084868076029,-17.54000000000001,1.4953891378333741,0.11752159992936599,-0.4999999999999893,0.7736914637554424,0.20347363198203602,1.1157741397482823e-14,3.8824849210613874,70,255,255,255
754,15.08,21.692065122183855,1.5632557322859868,-17.550000000000008,1.4951639566888981,0.12035257628484339,-0.49999999999998906,0.7733660800035607,0.20470687897558862,1.049160758270773e-14,3.88772090881737,70,255,255,255
755,15.1,21.721963798340163,1.5657192996384688,-17.560000000000006,1.494933807815404,0.12317836762409384,-0.4999999999999892,0.7730401972163264,0.20593409986629957,-4.385380947269368e-15,3.892956896573353,70,255,255,255
756,15.120000000000001,21.75185777282274,1.5682392777405554,-17.570000000000007,1.4946987241288827,0.12599890510433207,-0.49999999999998956,0.7727138352956364,0.20715532516135873,-1.8263168755083825e-14,3.8981928843293363,70,255,255,255
757,15.14,21.781746947600137,1.5708155601641305,-17.58000000000001,1.494458738870011,0.1288141211787592,-0.4999999999999896,0.7723870138617529,0.20837058529870361,-2.886579864025407e-15,3.9034288720853194,70,255,255,255
758,15.16,21.811631225311977,1.5734480391558057,-17.59000000000001,1.4942138855920095,0.1316239495837609,-0.4999999999999894,0.7720597522562992,0.20957991064494216,1.149080830487037e-14,3.908664859841302,70,255,255,255
759,15.18,21.84151050927495,1.576136605662329,-17.60000000000001,1.4939641981486718,0.13442832532615867,-0.4999999999999892,0.7717320695452352,0.21078333149333275,1.0824674490095276e-14,3.913900847597285,70,255,255,255
760,15.200000000000001,21.8713847034886,1.5788811493557393,-17.610000000000007,1.4937097106825692,0.1372271846705159,-0.49999999999998923,0.7714039845218194,0.21198087806182148,-4.052314039881821e-15,3.9191368353532683,70,255,255,255
761,15.22,21.90125371264087,1.5816815586582693,-17.620000000000005,1.4934504576134284,0.1400204651264984,-0.4999999999999893,0.7710755157095512,0.21317258049113516,-3.885780586188048e-15,3.9243728231092514,70,255,255,255
762,15.24,21.931117442113404,1.584537720766995,-17.630000000000006,1.4931864736266856,0.14280810543629072,-0.4999999999999896,0.7707466813650997,0.21435846884293028,-1.7930101847696278e-14,3.929608810865234,70,255,255,255
763,15.26,21.96097579798665,1.5874495216782365,-17.640000000000008,1.4929177936622078,0.14559004556206787,-0.4999999999999897,0.7704174994812101,0.21553857309799482,-2.7200464103316335e-15,3.934844798621217,70,255,255,255
764,15.280000000000001,21.99082868704471,1.590416846211707,-17.65000000000001,1.4926444529031893,0.14836622667352392,-0.49999999999998973,0.7700879877895968,0.2167129231545041,-2.55351295663786e-15,3.9400807863772003,70,255,255,255
765,15.3,22.020676016780016,1.5934395780344162,-17.66000000000001,1.492366486765216,0.15113659113545735,-0.4999999999999895,0.7697581637638152,0.21788154882632757,1.1823875212257917e-14,3.9453167741331834,70,255,255,255
766,15.32,22.050517695397726,1.5965175996843244,-17.67000000000001,1.4920839308855047,0.1539010824954144,-0.4999999999999893,0.7694280446221177,0.21904447984138883,1.1157741397482823e-14,3.950552761889166,70,255,255,255
767,15.34,22.08035363181997,1.5996507925937522,-17.680000000000007,1.491796821112305,0.15665964547138989,-0.49999999999998934,0.7690976473302878,0.22020174584007346,-3.7192471324942744e-15,3.9557887496451487,70,255,255,255
768,15.36,22.110183735689862,1.602839037112544,-17.69000000000001,1.4915051934944732,0.15941222593958712,-0.4999999999999894,0.768766988604459,0.22135337637368807,-3.552713678800501e-15,3.961024737401132,70,255,255,255
769,15.38,22.140007917375286,1.6060822125309888,-17.70000000000001,1.491209084271213,0.16215877092223685,-0.49999999999998945,0.7684360849139119,0.22249940090296716,-3.3861802251067274e-15,3.966260725157115,70,255,255,255
770,15.4,22.169826087972524,1.6093801971024984,-17.710000000000008,1.490908529861981,0.16489922857547587,-0.49999999999998923,0.7681049524838529,0.22363984879662666,1.099120794378905e-14,3.971496712913098,70,255,255,255
771,15.42,22.199638159309654,1.612732868066044,-17.720000000000006,1.490603566856558,0.16763354817728568,-0.4999999999999893,0.7677736072981741,0.22477474932996627,-3.885780586188048e-15,3.976732700669081,70,255,255,255
772,15.44,22.22944404394976,1.6161401016683539,-17.730000000000004,1.4902942320052863,0.17036168011549244,-0.49999999999998934,0.7674420651021922,0.22590413168351522,-3.7192471324942744e-15,3.981968688425064,70,255,255,255
773,15.46,22.25924365519395,1.6196017731858705,-17.740000000000006,1.489980562209466,0.17308357587582734,-0.4999999999999897,0.7671103414053677,0.22702802494172436,-1.7763568394002505e-14,3.987204676181047,70,255,255,255
774,15.48,22.28903690708419,1.6231177569464714,-17.750000000000007,1.4896625945119168,0.17579918803004926,-0.49999999999999,0.7667784514840068,0.22814645809170211,-1.6764367671839864e-14,3.99244066393703,70,255,255,255
775,15.5,22.31882371440594,1.626687926350954,-17.76000000000001,1.489340366087699,0.1785084702241295,-0.49999999999999006,0.7664464103839381,0.22925946002199313,-1.5543122344752192e-15,3.9976766516930127,70,255,255,255
776,15.52,22.34860399269064,1.630312153894284,-17.77000000000001,1.489013914234995,0.1812113771664993,-0.4999999999999898,0.766114232923174,0.2303670595214004,1.2823075934420558e-14,4.002912639448995,70,255,255,255
777,15.540000000000001,22.378377658217964,1.6339903111866112,-17.780000000000012,1.4886832763661484,0.18390786461636027,-0.49999999999998956,0.7657819336945487,0.23146928527784805,1.199040866595169e-14,4.008148627204978,70,255,255,255
778,15.56,22.40814462801794,1.6377222689740525,-17.790000000000013,1.4883484899988622,0.1865978893720589,-0.49999999999998934,0.7654495270683361,0.23256616587728438,1.1324274851176597e-14,4.013384614960961,70,255,255,255
779,15.58,22.43790481987289,1.641507897159243,-17.80000000000001,1.4880095927475496,0.18928140925952466,-0.49999999999998884,0.7651170271948485,0.23365772980262725,2.4868995751603507e-14,4.018620602716943,70,255,255,255
780,15.6,22.46765815231919,1.6453470648216584,-17.81000000000001,1.4876666223148445,0.19195838312077318,-0.4999999999999887,0.7647844480070127,0.23474400543274576,9.159339953157541e-15,4.023856590472926,70,255,255,255
781,15.620000000000001,22.497404544648855,1.6492396402377079,-17.820000000000007,1.487319616483262,0.19462877080247412,-0.4999999999999888,0.7644518032229267,0.23582502104148276,-5.551115123125783e-15,4.029092578228909,70,255,255,255
782,15.64,22.527143916910994,1.6531854909005996,-17.830000000000005,1.4869686131070128,0.1972925331445845,-0.4999999999999889,0.7641191063483949,0.2369008047967131,-5.218048215738236e-15,4.034328565984891,70,255,255,255
783,15.66,22.556876189913073,1.6571844835399805,-17.840000000000003,1.4866136501039677,0.1999496319690479,-0.499999999999989,0.7637863706794422,0.2379713847594405,-4.884981308350689e-15,4.039564553740875,70,255,255,255
784,15.68,22.586601285222027,1.6612364841413516,-17.850000000000005,1.4862547654477742,0.20260003006856006,-0.4999999999999894,0.7634536093048077,0.23903678888292934,-1.8762769116165146e-14,4.0448005414968575,70,255,255,255
785,15.700000000000001,22.61631912516523,1.6653413579652596,-17.860000000000007,1.485891997160119,0.20524369119540103,-0.49999999999998973,0.7631208351084162,0.24009704501187287,-1.759703494030873e-14,4.050036529252841,70,255,255,255
786,15.72,22.646029632831294,1.6694989695662663,-17.870000000000008,1.4855253833031385,0.20788058005033425,-0.4999999999999898,0.7627880607718311,0.241152180881595,-2.3869795029440866e-15,4.055272517008824,70,255,255,255
787,15.74,22.675732732070735,1.6737091828116977,-17.88000000000001,1.4851549619719766,0.21051066227157322,-0.49999999999998984,0.762455298776682,0.24220222411728737,-2.220446049250313e-15,4.060508504764806,70,255,255,255
788,15.76,22.705428347496483,1.677971860900174,-17.89000000000001,1.4847807712874852,0.21313390442381605,-0.4999999999999896,0.7621225614070761,0.243247202233279,1.2156942119645464e-14,4.065744492520789,70,255,255,255
789,15.780000000000001,22.735116404484263,1.6822868663799209,-17.900000000000013,1.4844028493890682,0.21575027398734783,-0.4999999999999894,0.7617898607519841,0.24428714263233878,1.149080830487037e-14,4.070980480276773,70,255,255,255
790,15.8,22.764796829172816,1.686654061166865,-17.91000000000001,1.4840212344276673,0.21835973934721167,-0.4999999999999889,0.7614572087076086,0.2453220726050097,2.503552920529728e-14,4.076216468032755,70,255,255,255
791,15.82,22.794469548463994,1.691073306562514,-17.92000000000001,1.48363596455889,0.22096226978244882,-0.49999999999998873,0.7611246169797272,0.2463520193289751,9.325873406851315e-15,4.081452455788739,70,255,255,255
792,15.84,22.82413449002272,1.6955444632716223,-17.930000000000007,1.4832470779362734,0.22355783545540747,-0.49999999999998884,0.7607920970860191,0.24737700986845432,-5.384581669432009e-15,4.0866884435447215,70,255,255,255
793,15.860000000000001,22.853791582276813,1.7000673914196447,-17.940000000000005,1.4828546127046864,0.22614640740112107,-0.49999999999998895,0.760459660358367,0.24839707117363008,-5.051514762044462e-15,4.091924431300705,70,255,255,255
794,15.88,22.88344075441669,1.70464195056998,-17.950000000000003,1.4824586069938723,0.22872795751675704,-0.49999999999998934,0.7601273179451388,0.24941223008010288,-1.892930256985892e-14,4.097160419056688,70,255,255,255
795,15.9,22.91308193639493,1.7092679997410025,-17.960000000000004,1.4820590989121185,0.23130245855113432,-0.4999999999999897,0.7597950808134492,0.2504225133083767,-1.7763568394002505e-14,4.10239640681267,70,255,255,255
796,15.92,22.94271505892573,1.7139453974228889,-17.970000000000006,1.4816561265400663,0.2338698840943124,-0.49999999999999,0.7594629597513998,0.2514279474633715,-1.6764367671839864e-14,4.107632394568653,70,255,255,255
797,15.94,22.972340053484224,1.718674001594234,-17.980000000000008,1.481249727924649,0.23643020856725003,-0.49999999999999006,0.759130965370296,0.25242855903396205,-1.5543122344752192e-15,4.112868382324637,70,255,255,255
798,15.96,23.00195685230569,1.7234536697384646,-17.99000000000001,1.4808399410731616,0.23898340721153521,-0.4999999999999901,0.7587991081068469,0.25342437439254656,-1.3877787807814457e-15,4.11810437008062,70,255,255,255
799,15.98,23.03156538838464,1.7282842588600482,-18.00000000000001,1.4804268039474604,0.24152945607918622,-0.4999999999999901,0.7584673982253408,0.2544154197946391,-1.2212453270876722e-15,4.123340357836603,70,255,255,255
800,16.0,23.061165595473806,1.7331656255004986,-18.010000000000012,1.4800103544582868,0.24406833202252332,-0.49999999999998984,0.7581358458198009,0.2554017213784888,1.2989609388114332e-14,4.1285763455925855,70,255,255,255
801,16.02,23.090757408083,1.738097625754181,-18.02000000000001,1.4795906304597213,0.24660001268411266,-0.49999999999998934,0.757804460816121,0.25638330516472474,2.6367796834847468e-14,4.133812333348568,70,255,255,255
802,16.04,23.120340761477877,1.7430801152839166,-18.03000000000001,1.4791676697437606,0.24912447648678157,-0.4999999999999891,0.757473252974179,0.25736019705602364,1.0658141036401503e-14,4.139048321104551,70,255,255,255
803,16.06,23.149915591678578,1.7481129493363907,-18.040000000000006,1.4787415100350172,0.25164170262370533,-0.49999999999998923,0.7571422318899313,0.2583324228368043,-4.218847493575595e-15,4.144284308860534,70,255,255,255
804,16.080000000000002,23.17948183545829,1.753195982757362,-18.050000000000004,1.4783121889855406,0.2541516710485664,-0.4999999999999893,0.7568114069974843,0.2593000081729432,-3.885780586188048e-15,4.149520296616518,70,255,255,255
805,16.1,23.209039430341686,1.7583290700066776,-18.060000000000006,1.477879744169762,0.25665436246578566,-0.4999999999999896,0.7564807875711471,0.2602629786115136,-1.7930101847696278e-14,4.1547562843725006,70,255,255,255
806,16.12,23.238588314603277,1.763512065173094,-18.070000000000007,1.4774442130795524,0.2591497583208257,-0.49999999999998995,0.7561503827274637,0.2612213595805488,-1.6930901125533637e-14,4.159992272128483,70,255,255,255
807,16.14,23.268128427265665,1.7687448219889053,-18.08000000000001,1.4770056331194035,0.2616378407905672,-0.49999999999999,0.7558202014272235,0.2621751763888251,-1.7208456881689926e-15,4.165228259884467,70,255,255,255
808,16.16,23.2976597080977,1.7740271938443803,-18.09000000000001,1.4765640416017214,0.26411859277375704,-0.49999999999998973,0.7554902524774524,0.26312445422566755,1.2656542480726785e-14,4.170464247640449,70,255,255,255
809,16.18,23.327182097612546,1.7793590338020109,-18.100000000000012,1.4761194757422362,0.2665919978815298,-0.4999999999999895,0.7551605445333837,0.2640692181607762,1.1823875212257917e-14,4.175700235396432,70,255,255,255
810,16.2,23.356695537065658,1.784740194610571,-18.11000000000001,1.4756719726555234,0.2690580404280015,-0.4999999999999893,0.754831086100408,0.26500949314407307,1.1157741397482823e-14,4.180936223152415,70,255,255,255
811,16.22,23.386199968452672,1.7901705287189897,-18.120000000000008,1.4752215693506383,0.27151670542093653,-0.49999999999998906,0.7545018855360043,0.26594530400556865,1.049160758270773e-14,4.186172210908398,70,255,255,255
812,16.240000000000002,23.41569533450721,1.7956498882900396,-18.130000000000006,1.47476830272686,0.2739679785524873,-0.4999999999999892,0.7541729510516496,0.26687667545524885,-4.385380947269368e-15,4.191408198664382,70,255,255,255
813,16.26,23.445181578698598,1.8011781252138397,-18.140000000000008,1.4743122095695442,0.27641184619000675,-0.49999999999998956,0.7538442907147102,0.2678036320829794,-1.8263168755083825e-14,4.1966441864203645,70,255,255,255
814,16.28,23.47465864522952,1.8067550911211783,-18.15000000000001,1.473853326546083,0.2788482953669346,-0.4999999999999896,0.7535159124503115,0.2687261983584309,-2.886579864025407e-15,4.201880174176347,70,255,255,255
815,16.3,23.50412647903356,1.8123806373966533,-18.16000000000001,1.4733916902019708,0.2812773137737555,-0.4999999999999894,0.7531878240431901,0.26964439863102063,1.149080830487037e-14,4.207116161932331,70,255,255,255
816,16.32,23.533585025772698,1.818054615191634,-18.17000000000001,1.472927336956975,0.2836988897490311,-0.4999999999999892,0.7528600331395248,0.27055825712987175,1.0824674490095276e-14,4.212352149688313,70,255,255,255
817,16.34,23.563034231834727,1.823776875437044,-18.180000000000007,1.4724603031014107,0.28611301227050556,-0.49999999999998923,0.7525325472487486,0.2714677979637915,-4.052314039881821e-15,4.217588137444296,70,255,255,255
818,16.36,23.59247404433058,1.8295472688559697,-18.190000000000005,1.4719906247925116,0.2885196709462824,-0.4999999999999893,0.7522053737453421,0.27237304512126453,-3.885780586188048e-15,4.222824125200279,70,255,255,255
819,16.38,23.6219044110916,1.8353656459760912,-18.200000000000003,1.4715183380509111,0.2909188560060768,-0.49999999999998934,0.7518785198706057,0.2732740224704634,-3.7192471324942744e-15,4.228060112956262,70,255,255,255
820,16.4,23.651325280666743,1.841231857141942,-18.210000000000004,1.4710434787572118,0.2933105582925392,-0.4999999999999897,0.7515519927344156,0.2741707537592753,-1.7763568394002505e-14,4.233296100712245,70,255,255,255
821,16.42,23.680736602319715,1.847145752526995,-18.220000000000006,1.4705660826486584,0.2956947692526526,-0.49999999999999,0.7512257993169579,0.2750632626153439,-1.6764367671839864e-14,4.2385320884682285,70,255,255,255
822,16.44,23.710138326026033,1.8531071821455791,-18.230000000000008,1.4700861853159057,0.2980714809292028,-0.49999999999999006,0.7508999464704468,0.27595157254612673,-1.5543122344752192e-15,4.243768076224211,70,255,255,255
823,16.46,23.73953040247003,1.8591159958646255,-18.24000000000001,1.4696038221998808,0.30044068595232193,-0.4999999999999901,0.7505744409208204,0.27683570693896775,-1.3877787807814457e-15,4.249004063980195,70,255,255,255
824,16.48,23.768912783041806,1.8651720434152477,-18.25000000000001,1.4691190285887359,0.3028023775311035,-0.4999999999999901,0.7502492892694216,0.2777156890611833,-1.2212453270876722e-15,4.254240051736177,70,255,255,255
825,16.5,23.798285419834105,1.8712751744041536,-18.260000000000012,1.4686318396148992,0.30515654944529225,-0.49999999999998984,0.7499244979946581,0.2785915420601637,1.2989609388114332e-14,4.25947603949216,70,255,255,255
826,16.52,23.827648265639148,1.8774252383248944,-18.27000000000001,1.4681422902522094,0.30750319603704496,-0.49999999999998934,0.7496000734536454,0.27946328896348693,2.6367796834847468e-14,4.264712027248143,70,255,255,255
827,16.54,23.85700127394541,1.8836220845689498,-18.28000000000001,1.467650415313144,0.3098423122027649,-0.4999999999999891,0.7492760218838301,0.2803309526790472,1.0658141036401503e-14,4.269948015004125,70,255,255,255
828,16.56,23.886344398934334,1.8898655624366498,-18.290000000000006,1.4671562494461334,0.3121738933850083,-0.49999999999998923,0.7489523494045968,0.2811945559951951,-4.218847493575595e-15,4.275184002760109,70,255,255,255
829,16.580000000000002,23.915677595476993,1.896155521147939,-18.300000000000004,1.4666598271329623,0.3144979355644632,-0.4999999999999893,0.7486290620188556,0.28205412158089205,-3.885780586188048e-15,4.2804199905160925,70,255,255,255
830,16.6,23.94500081913072,1.902491809852979,-18.310000000000006,1.4661611826862542,0.31681443525200104,-0.4999999999999896,0.748306165614613,0.28290967198587513,-1.7930101847696278e-14,4.285655978272075,70,255,255,255
831,16.62,23.97431402613566,1.908874277642595,-18.320000000000007,1.4656603502470436,0.3191233894807996,-0.49999999999998995,0.7479836659665242,0.283761229640836,-1.6930901125533637e-14,4.290891966028058,70,255,255,255
832,16.64,24.003617173411307,1.915302773558566,-18.33000000000001,1.4651573637824258,0.32142479579853855,-0.49999999999999,0.747661568737428,0.2846088168576097,-1.7208456881689926e-15,4.296127953784041,70,255,255,255
833,16.66,24.032910218552974,1.9217771466037592,-18.34000000000001,1.4646522570832932,0.32371865225966656,-0.49999999999998973,0.7473398794798644,0.28545245582937606,1.2656542480726785e-14,4.301363941540024,70,255,255,255
834,16.68,24.062193119828216,1.928297245752114,-18.350000000000012,1.4641450637621458,0.3260049574177401,-0.4999999999999895,0.7470186036375752,0.28629216863087137,1.1823875212257917e-14,4.306599929296007,70,255,255,255
835,16.7,24.091465836173235,1.9348629199584706,-18.36000000000001,1.4636358172509842,0.3282837103178333,-0.4999999999999893,0.7466977465469873,0.28712797721861116,1.1157741397482823e-14,4.311835917051989,70,255,255,255
836,16.72,24.12072832718922,1.941474018168251,-18.370000000000008,1.4631245507992803,0.33055491048902025,-0.49999999999998906,0.7463773134386777,0.2879599034311233,1.049160758270773e-14,4.317071904807973,70,255,255,255
837,16.740000000000002,24.14998055313866,1.9481303893269897,-18.380000000000006,1.4626112974720198,0.3328185579369269,-0.4999999999999892,0.7460573094388244,0.2887879689891915,-4.385380947269368e-15,4.322307892563956,70,255,255,255
838,16.76,24.179222474941618,1.9548318823897168,-18.390000000000008,1.462096090147823,0.33507465313635476,-0.49999999999998956,0.7457377395706377,0.2896121954961077,-1.8263168755083825e-14,4.327543880319939,70,255,255,255
839,16.78,24.20845405417196,1.9615783463301963,-18.40000000000001,1.4615789615171408,0.3373231970239757,-0.4999999999999896,0.7454186087557767,0.29043260443793567,-2.886579864025407e-15,4.332779868075922,70,255,255,255
840,16.8,24.23767525305357,1.9683696301500182,-18.41000000000001,1.4610599440805168,0.3395641909910957,-0.4999999999999894,0.7450999218157481,0.2912492171837821,1.149080830487037e-14,4.338015855831905,70,255,255,255
841,16.82,24.26688603445651,1.975205582887548,-18.42000000000001,1.4605390701469259,0.34179763687649056,-0.4999999999999892,0.7447816834732908,0.29206205498607835,1.0824674490095276e-14,4.343251843587888,70,255,255,255
842,16.84,24.296086361893153,1.9820860536267344,-18.430000000000007,1.4600163718321812,0.3440235369593104,-0.49999999999998923,0.7444638983537406,0.2928711389808692,-4.052314039881821e-15,4.348487831343871,70,255,255,255
843,16.86,24.325276199514303,1.9890108915057756,-18.440000000000005,1.459491881057409,0.3462418939520546,-0.4999999999999893,0.744146570986383,0.2936764901881118,-3.885780586188048e-15,4.353723819099853,70,255,255,255
844,16.88,24.354455512105254,1.995979945725648,-18.450000000000003,1.4589656295475912,0.3484527109936161,-0.49999999999998934,0.7438297058057877,0.29447812951198166,-3.7192471324942744e-15,4.358959806855837,70,255,255,255
845,16.9,24.383624265081856,2.002993065558496,-18.460000000000004,1.4584376488301751,0.3506559916423945,-0.4999999999999897,0.7435133071531272,0.29527607774118686,-1.7763568394002505e-14,4.3641957946118195,70,255,255,255
846,16.92,24.41278242448653,2.0100501003558855,-18.470000000000006,1.457907970233746,0.35285173986947926,-0.49999999999999,0.7431973792774815,0.2960703555492906,-1.6764367671839864e-14,4.369431782367803,70,255,255,255
847,16.94,24.441929956984264,2.0171508995569236,-18.480000000000008,1.4573766248867672,0.35503996005190036,-0.49999999999999006,0.7428819263371251,0.2968609834950397,-1.5543122344752192e-15,4.374667770123786,70,255,255,255
848,16.96,24.471066829858593,2.0242953126962426,-18.49000000000001,1.4568436437163792,0.3572206569659484,-0.4999999999999901,0.7425669524008006,0.2976479820227027,-1.3877787807814457e-15,4.379903757879769,70,255,255,255
849,16.98,24.50019301100754,2.031483189411854,-18.50000000000001,1.4563090574472626,0.3593938357805623,-0.4999999999999901,0.7422524614489759,0.29843137146241266,-1.2212453270876722e-15,4.385139745635752,70,255,255,255
850,17.0,24.52930846893955,2.0387143794528697,-18.510000000000012,1.4557728966005612,0.3615595020507852,-0.49999999999998984,0.7419384573750871,0.29921117203051795,1.2989609388114332e-14,4.390375733391735,70,255,255,255
851,17.02,24.55841317276941,2.0459887326870954,-18.52000000000001,1.4552351914928643,0.36371766171128794,-0.49999999999998934,0.7416249439867655,0.29998740382993927,2.6367796834847468e-14,4.395611721147717,70,255,255,255
852,17.04,24.587507092214114,2.0533060991084944,-18.53000000000001,1.4546959722352466,0.3658683210699593,-0.4999999999999891,0.7413119250070511,0.30076008685053324,1.0658141036401503e-14,4.4008477089037,70,255,255,255
853,17.06,24.61659019758876,2.0606663288445257,-18.540000000000006,1.454155268732367,0.3680114868015643,-0.49999999999998923,0.7409994040755905,0.30152924096946165,-4.218847493575595e-15,4.4060836966596835,70,255,255,255
854,17.080000000000002,24.64566245980239,2.068069272163355,-18.550000000000004,1.4536131106816212,0.3701471659414681,-0.4999999999999893,0.7406873847498208,0.30229488595156756,-3.885780586188048e-15,4.411319684415667,70,255,255,255
855,17.1,24.67472385035384,2.0755147794809434,-18.560000000000006,1.4530695275723522,0.3722753658794267,-0.4999999999999896,0.740375870506138,0.3030570414497549,-1.7930101847696278e-14,4.41655567217165,70,255,255,255
856,17.12,24.70377434132754,2.083002701368012,-18.570000000000007,1.4525245486851117,0.37439609435344384,-0.49999999999998995,0.7400648647410537,0.30381572700537723,-1.6930901125533637e-14,4.421791659927632,70,255,255,255
857,17.14,24.73281390538936,2.090532888556886,-18.58000000000001,1.4519782030909762,0.37650935944369307,-0.49999999999999,0.7397543707723349,0.3045709620486281,-1.7208456881689926e-15,4.427027647683616,70,255,255,255
858,17.16,24.76184251578238,2.098105191948216,-18.59000000000001,1.4514305196509152,0.378615169566506,-0.49999999999998973,0.7394443918401314,0.30532276589893875,1.2656542480726785e-14,4.432263635439599,70,255,255,255
859,17.18,24.790860146322686,2.1057194626175844,-18.600000000000012,1.4508815270152096,0.3807135334684246,-0.4999999999999895,0.7391349311080894,0.30607115776537996,1.1823875212257917e-14,4.437499623195581,70,255,255,255
860,17.2,24.819866771395144,2.1133755518219908,-18.61000000000001,1.4503312536229198,0.38280446022031905,-0.4999999999999893,0.7388259916644501,0.306816156747069,1.1157741397482823e-14,4.442735610951564,70,255,255,255
861,17.22,24.848862365949174,2.121073311006222,-18.620000000000008,1.4497797277014026,0.384887959211569,-0.49999999999998906,0.7385175765231372,0.3075577818335804,1.049160758270773e-14,4.447971598707547,70,255,255,255
862,17.240000000000002,24.87784690549449,2.1288125918091083,-18.630000000000006,1.449226977265878,0.38696404014430985,-0.4999999999999892,0.7382096886248285,0.30829605190536247,-4.385380947269368e-15,4.453207586463531,70,255,255,255
863,17.26,24.90682036609687,2.1365932460696633,-18.640000000000008,1.448673030119038,0.3890327130277417,-0.49999999999998956,0.7379023308380153,0.309030985734156,-1.8263168755083825e-14,4.458443574219514,70,255,255,255
864,17.28,24.935782724373883,2.1444151258331132,-18.65000000000001,1.448117913850708,0.39109398817250207,-0.4999999999999896,0.7375955059600495,0.30976260198341954,-2.886579864025407e-15,4.463679561975496,70,255,255,255
865,17.3,24.964733957490633,2.152278083356815,-18.66000000000001,1.4475616558375481,0.3931478761851017,-0.4999999999999894,0.737289216718176,0.3104909192087563,1.149080830487037e-14,4.46891554973148,70,255,255,255
866,17.32,24.99367404315549,2.1601819711160637,-18.67000000000001,1.4470042832427992,0.395194387962422,-0.4999999999999892,0.7369834657705531,0.31121595585834616,1.0824674490095276e-14,4.4741515374874625,70,255,255,255
867,17.34,25.022602959615813,2.1681266418097893,-18.680000000000007,1.446445823016074,0.39723353468627554,-0.49999999999998923,0.7366782557072605,0.31193773027338006,-4.052314039881821e-15,4.479387525243445,70,255,255,255
868,17.36,25.051520685653678,2.1761119483661497,-18.690000000000005,1.4458863018931891,0.3992653278180277,-0.4999999999999893,0.7363735890512949,0.3126562606884994,-3.885780586188048e-15,4.484623512999428,70,255,255,255
869,17.38,25.0804272005816,2.1841377439480154,-18.700000000000003,1.445325746396039,0.40128977909328034,-0.49999999999998934,0.7360694682595509,0.3133715652322371,-3.7192471324942744e-15,4.489859500755411,70,255,255,255
870,17.400000000000002,25.10932248423825,2.192203881958348,-18.710000000000004,1.4447641828325066,0.4033069005166152,-0.49999999999999,0.7357658957237929,0.3140836619274628,-3.197442310920451e-14,4.495095488511395,70,255,255,255
871,17.42,25.138206516984177,2.2003102160454757,-18.720000000000006,1.4442016372964221,0.4053167043563999,-0.49999999999999034,0.7354628737716128,0.3147925686918306,-1.5765166949677223e-14,4.500331476267378,70,255,255,255
872,17.44,25.16707927969753,2.208456600108269,-18.730000000000008,1.4436381356675498,0.4073192031396519,-0.49999999999999034,0.7351604046673751,0.31549830333822926,-5.551115123125783e-16,4.50556746402336,70,255,255,255
873,17.46,25.19594075376976,2.216642888301208,-18.74000000000001,1.4430737036116197,0.40931440964696425,-0.49999999999999034,0.7348584906131519,0.31620088357523646,-5.551115123125783e-16,4.510803451779344,70,255,255,255
874,17.48,25.22479092110137,2.224868935039358,-18.75000000000001,1.4425083665803946,0.4113023369074893,-0.49999999999999034,0.7345571337496445,0.31690032700757353,-5.551115123125783e-16,4.5160394395353265,70,255,255,255
875,17.5,25.253629764097607,2.2331345950032375,-18.760000000000012,1.4419421498117713,0.41328299819398223,-0.49999999999999006,0.734256336157094,0.31759665113656455,1.3655743202889425e-14,4.521275427291309,70,255,255,255
876,17.52,25.282457265664206,2.2414397231435954,-18.770000000000014,1.4413750783299195,0.4152564070179031,-0.4999999999999895,0.7339560998561806,0.3182898733605962,2.7033930649622562e-14,4.526511415047292,70,255,255,255
877,17.54,25.311273409203114,2.249784174686087,-18.780000000000012,1.4408071769454531,0.4172225771245767,-0.499999999999989,0.7336564268089105,0.3189800109755813,2.5368596112684827e-14,4.5317474028032745,70,255,255,255
878,17.56,25.340078178608227,2.258167805135855,-18.79000000000001,1.4402384702556372,0.4191815224884112,-0.49999999999998884,0.7333573189194922,0.3196670811754226,9.658940314238862e-15,4.536983390559258,70,255,255,255
879,17.580000000000002,25.36887155826112,2.2665904702820185,-18.800000000000008,1.4396689826446245,0.42113325730817225,-0.4999999999999887,0.7330587780352018,0.32035110105248044,9.159339953157541e-15,4.542219378315242,70,255,255,255
880,17.6,25.397653533026794,2.275052026202065,-18.810000000000006,1.4390987382837295,0.423077796002317,-0.4999999999999888,0.732760805947237,0.32103208759804003,-5.551115123125783e-15,4.547455366071224,70,255,255,255
881,17.62,25.42642408824943,2.283552329266153,-18.820000000000004,1.438527761131726,0.42501515320438144,-0.4999999999999892,0.7324634043915589,0.32171005770278255,-1.942890293094024e-14,4.552691353827207,70,255,255,255
882,17.64,25.455183209748135,2.2920912361413213,-18.830000000000005,1.4379560749351836,0.42694534375842685,-0.49999999999998956,0.7321665750497254,0.32238502815725656,-1.8263168755083825e-14,4.5579273415831905,70,255,255,255
883,17.66,25.48393088381271,2.300668603795612,-18.840000000000007,1.4373837032288266,0.4288683827145395,-0.4999999999999896,0.7318703195497116,0.323057015652351,-2.886579864025407e-15,4.563163329339173,70,255,255,255
884,17.68,25.51266709719943,2.3092842895021,-18.85000000000001,1.4368106693359277,0.43078428532438784,-0.4999999999999897,0.7315746394667213,0.3237260367797697,-2.7200464103316335e-15,4.568399317095156,70,255,255,255
885,17.7,25.541391837126802,2.3179381508428367,-18.86000000000001,1.4362369963687258,0.43269306703683297,-0.49999999999998973,0.7312795363239875,0.32439210803250756,-2.55351295663786e-15,4.5736353048511385,70,255,255,255
886,17.72,25.57010509127138,2.3266300457127085,-18.87000000000001,1.435662707228873,0.4345947434935945,-0.4999999999999895,0.7309850115935609,0.32505524580532713,1.1823875212257917e-14,4.578871292607122,70,255,255,255
887,17.740000000000002,25.598806847763537,2.335359832323208,-18.88000000000001,1.43508782460791,0.4364893305249703,-0.4999999999999893,0.7306910666970916,0.32571546639523646,1.1157741397482823e-14,4.5841072803631056,70,255,255,255
888,17.76,25.627497095183294,2.34412736920612,-18.890000000000008,1.434512370987764,0.4383768441456095,-0.49999999999998934,0.7303977030065972,0.3263727860019684,-3.7192471324942744e-15,4.589343268119088,70,255,255,255
889,17.78,25.65617582255612,2.3529325152171268,-18.90000000000001,1.4339363686412756,0.4402573005503395,-0.4999999999999894,0.730104921845223,0.32702722072845974,-3.552713678800501e-15,4.594579255875071,70,255,255,255
890,17.8,25.684843019348772,2.361775129539328,-18.910000000000007,1.4333598396327485,0.44213071611004523,-0.4999999999999892,0.7298127244879916,0.3276787865813331,1.0824674490095276e-14,4.599815243631054,70,255,255,255
891,17.82,25.713498675465143,2.37065507168668,-18.920000000000005,1.4327828058185246,0.44399710736760073,-0.49999999999998923,0.7295211121625428,0.3283274994713764,-4.052314039881821e-15,4.605051231387037,70,255,255,255
892,17.84,25.742142781242094,2.379572201507357,-18.930000000000007,1.43220528884758,0.44585649103385305,-0.4999999999999896,0.7292300860498638,0.328973375214026,-1.8096635301390052e-14,4.61028721914302,70,255,255,255
893,17.86,25.77077532744534,2.3885263791870304,-18.94000000000001,1.4316273101621482,0.44770888398365766,-0.4999999999999897,0.7289396472850097,0.32961642952984854,-2.7200464103316335e-15,4.615523206899002,70,255,255,255
894,17.88,25.799396305265304,2.39751746525207,-18.95000000000001,1.4310488909983614,0.4495543032519647,-0.49999999999998945,0.7286497969578154,0.3302566780450238,1.1657341758564144e-14,4.620759194654986,70,255,255,255
895,17.900000000000002,25.828005706313043,2.406545320572669,-18.96000000000001,1.4304700523869158,0.4513927660299563,-0.4999999999999895,0.7283605361135964,0.33089413629182773,-3.219646771412954e-15,4.6259951824109695,70,255,255,255
896,17.92,25.85660352261612,2.4156098063658935,-18.97000000000001,1.4298908151537553,0.4532242896612331,-0.4999999999999893,0.7280718657538423,0.3315288197091154,1.1157741397482823e-14,4.631231170166952,70,255,255,255
897,17.94,25.885189746614536,2.4247107841986546,-18.980000000000008,1.4293111999207797,0.45504889163805284,-0.49999999999998906,0.7277837868369001,0.3321607436428054,1.049160758270773e-14,4.636467157922935,70,255,255,255
898,17.96,25.913764371156667,2.433848115990607,-18.990000000000006,1.4287312271065693,0.45686658959761584,-0.4999999999999892,0.7274963002786488,0.3327899233463629,-4.385380947269368e-15,4.641703145678918,70,255,255,255
899,17.98,25.942327389495208,2.443021664016975,-19.000000000000007,1.4281509169271287,0.45867740131840107,-0.49999999999998956,0.7272094069531643,0.3334163739812836,-1.8263168755083825e-14,4.646939133434901,70,255,255,255
900,18.0,25.97087879528314,2.452231290911306,-19.01000000000001,1.4275702893966509,0.4604813447165502,-0.4999999999999896,0.726923107693377,0.3340401106175768,-2.886579864025407e-15,4.652175121190884,70,255,255,255
901,18.02,25.999418582569707,2.461476859668152,-19.02000000000001,1.4269893643282991,0.46227843784230016,-0.4999999999999894,0.7266374032917197,0.33466114823425,1.149080830487037e-14,4.657411108946866,70,255,255,255
902,18.04,26.027946745796406,2.470758233645681,-19.03000000000001,1.4264081613350041,0.4640686988764625,-0.4999999999999892,0.7263522945007668,0.3352795017197911,1.0824674490095276e-14,4.662647096702849,70,255,255,255
903,18.06,26.05646327979301,2.48007527656822,-19.040000000000006,1.4258266998302822,0.46585214612695175,-0.49999999999998923,0.726067782033865,0.33589518587265244,-4.052314039881821e-15,4.667883084458833,70,255,255,255
904,18.080000000000002,26.084968179773593,2.4894278525287272,-19.050000000000004,1.4252449990290645,0.4676287980253585,-0.4999999999999893,0.7257838665657571,0.3365082154017332,-3.885780586188048e-15,4.673119072214816,70,255,255,255
905,18.1,26.113461441332564,2.4988158259911986,-19.060000000000006,1.424663077948548,0.46939867312357086,-0.4999999999999896,0.7255005487331945,0.3371186049268619,-1.7930101847696278e-14,4.678355059970799,70,255,255,255
906,18.12,26.141943060440745,2.5082390617930073,-19.070000000000007,1.4240809554090568,0.47116179009044074,-0.49999999999998995,0.7252178291355449,0.33772636897927844,-1.6930901125533637e-14,4.6835910477267815,70,255,255,255
907,18.14,26.170413033441445,2.517697425147177,-19.08000000000001,1.4234986500349198,0.47291816770849593,-0.49999999999999,0.7249357083353887,0.33833152200211597,-1.7208456881689926e-15,4.688827035482765,70,255,255,255
908,18.16,26.198871357046553,2.527190781644591,-19.09000000000001,1.4229161802553658,0.47466782487069814,-0.49999999999998973,0.7246541868591104,0.33893407835088146,1.2656542480726785e-14,4.694063023238748,70,255,255,255
909,18.18,26.22731802833266,2.536718997256136,-19.100000000000012,1.4223335643054271,0.4764107805772445,-0.4999999999999895,0.7243732651974799,0.33953405229393646,1.1823875212257917e-14,4.69929901099473,70,255,255,255
910,18.2,26.255753044737197,2.546281938334784,-19.11000000000001,1.4217508202268612,0.4781470539324147,-0.4999999999999893,0.7240929438062261,0.3401314580129766,1.1157741397482823e-14,4.704534998750713,70,255,255,255
911,18.22,26.28417640405458,2.5558794716176134,-19.120000000000008,1.4211679658690815,0.47987666414146113,-0.49999999999998906,0.7238132231066051,0.34072630960351136,1.049160758270773e-14,4.709770986506697,70,255,255,255
912,18.240000000000002,26.312588104432383,2.565511464227764,-19.130000000000006,1.4205850188901044,0.48159963050754295,-0.4999999999999892,0.7235341034859571,0.34131862107534106,-4.385380947269368e-15,4.71500697426268,70,255,255,255
913,18.26,26.340988144367532,2.575177783676338,-19.140000000000008,1.4200019967575035,0.4833159724287031,-0.49999999999998956,0.7232555852982592,0.3419084063530357,-1.8263168755083825e-14,4.720242962018663,70,255,255,255
914,18.28,26.36937652270252,2.5848782978642357,-19.15000000000001,1.4194189167493807,0.4850257093948881,-0.4999999999999896,0.7229776688646682,0.342495679276411,-2.886579864025407e-15,4.725478949774645,70,255,255,255
915,18.3,26.39775323862163,2.594612875083936,-19.16000000000001,1.418835795955344,0.4867288609850101,-0.4999999999999894,0.7227003544740581,0.34308045360100425,1.149080830487037e-14,4.730714937530629,70,255,255,255
916,18.32,26.426118291647178,2.604381384021217,-19.17000000000001,1.4182526512774978,0.4884254468640509,-0.4999999999999892,0.7224236423835484,0.3436627429985491,1.0824674490095276e-14,4.735950925286612,70,255,255,255
917,18.34,26.454471681635805,2.6141836937568215,-19.180000000000007,1.4176694994314438,0.4901154867802071,-0.49999999999998923,0.7221475328190273,0.3442425610574496,-4.052314039881821e-15,4.741186913042594,70,255,255,255
918,18.36,26.482813408774753,2.6240196737680628,-19.190000000000005,1.41708635694729,0.49179900056207626,-0.4999999999999893,0.7218720259756652,0.3448199212832527,-3.885780586188048e-15,4.746422900798577,70,255,255,255
919,18.38,26.511143473578166,2.6338891939303806,-19.200000000000003,1.4165032401706716,0.4934760081158846,-0.49999999999998934,0.7215971220184241,0.34539483709912017,-3.7192471324942744e-15,4.7516588885545605,70,255,255,255
920,18.400000000000002,26.53946187688344,2.6437921245188356,-19.210000000000004,1.4159201652637774,0.49514652942275333,-0.49999999999999,0.7213228210825574,0.34596732184629936,-3.197442310920451e-14,4.756894876310544,70,255,255,255
921,18.42,26.567768619847566,2.653728336209556,-19.220000000000006,1.4153371482063883,0.4968105845360064,-0.49999999999999034,0.7210491232741058,0.3465373887845921,-1.5765166949677223e-14,4.762130864066527,70,255,255,255
922,18.44,26.596063703943503,2.6636977000811264,-19.230000000000008,1.4147542047969217,0.4984681935785166,-0.49999999999999034,0.7207760286703827,0.34710505109282375,-5.551115123125783e-16,4.767366851822509,70,255,255,255
923,18.46,26.624347130956572,2.673700087615928,-19.24000000000001,1.4141713506534852,0.5001193767400914,-0.49999999999999034,0.7205035373204567,0.34767032186930963,-5.551115123125783e-16,4.772602839578493,70,255,255,255
924,18.48,26.65261890298087,2.683735370701426,-19.25000000000001,1.4135886012149357,0.5017641542748965,-0.49999999999999034,0.7202316492456251,0.34823321413232117,-5.551115123125783e-16,4.777838827334476,70,255,255,255
925,18.5,26.68087902241571,2.6938034216314044,-19.260000000000012,1.413005971741947,0.5034025464989186,-0.49999999999999006,0.7199603644398815,0.3487937408205502,1.3655743202889425e-14,4.783074815090458,70,255,255,255
926,18.52,26.70912749196207,2.7039041131071535,-19.270000000000014,1.412423477318086,0.5050345737874656,-0.4999999999999895,0.7196896828703777,0.3493519147935721,2.7033930649622562e-14,4.788310802846441,70,255,255,255
927,18.54,26.73736431461909,2.7140373182386077,-19.280000000000012,1.4118411328508893,0.5066602565727037,-0.499999999999989,0.7194196044778782,0.3499077488323079,2.5368596112684827e-14,4.793546790602424,70,255,255,255
928,18.56,26.765589493680547,2.7242029105454324,-19.29000000000001,1.4112589530729533,0.5082796153412327,-0.49999999999998884,0.7191501291772089,0.350461255639484,9.658940314238862e-15,4.798782778358407,70,255,255,255
929,18.580000000000002,26.793803032731407,2.7344007639580665,-19.300000000000008,1.410676952543025,0.5098926706316969,-0.4999999999999887,0.7188812568577,0.3510124478400925,9.159339953157541e-15,4.804018766114391,70,255,255,255
930,18.6,26.82200493564435,2.7446307528187153,-19.310000000000006,1.4100951456470983,0.5114994430324326,-0.4999999999999888,0.7186129873836222,0.3515613379818467,-5.551115123125783e-15,4.809254753870373,70,255,255,255
931,18.62,26.85019520657634,2.754892751882298,-19.320000000000004,1.4095135465995183,0.5130999531791518,-0.4999999999999892,0.7183453205946168,0.35210793853563904,-1.942890293094024e-14,4.814490741626356,70,255,255,255
932,18.64,26.87837384996522,2.765186636317351,-19.330000000000005,1.4089321694440873,0.514694221752661,-0.49999999999998956,0.7180782563061208,0.3526522618959948,-1.8263168755083825e-14,4.81972672938234,70,255,255,255
933,18.66,26.906540870526324,2.7755122817068836,-19.340000000000007,1.4083510280551776,0.5162822694766152,-0.4999999999999896,0.7178117943097849,0.3531943203815248,-2.886579864025407e-15,4.824962717138322,70,255,255,255
934,18.68,26.934696273249102,2.7858695640491895,-19.35000000000001,1.4077701361388455,0.5178641171153068,-0.4999999999999897,0.7175459343738866,0.35373412623537787,-2.7200464103316335e-15,4.830198704894305,70,255,255,255
935,18.7,26.96284006339378,2.7962583597586192,-19.36000000000001,1.4071895072339524,0.5194397854714887,-0.49999999999998973,0.7172806762437368,0.35427169162568933,-2.55351295663786e-15,4.835434692650288,70,255,255,255
936,18.72,26.990972246488045,2.806678545666304,-19.37000000000001,1.4066091547132866,0.5210092953842317,-0.4999999999999895,0.7170160196420822,0.35480702864603075,1.1823875212257917e-14,4.840670680406271,70,255,255,255
937,18.740000000000002,27.01909282832374,2.8171299990208403,-19.38000000000001,1.40602909178469,0.5225726677268144,-0.4999999999999893,0.7167519642694995,0.3553401493158552,1.1157741397482823e-14,4.845906668162255,70,255,255,255
938,18.76,27.04720181495358,2.8276125974889332,-19.390000000000008,1.4054493314921876,0.5241299234046488,-0.49999999999998934,0.7164885098047868,0.35587106558094317,-3.7192471324942744e-15,4.851142655918237,70,255,255,255
939,18.78,27.075299212687924,2.8381262191559977,-19.40000000000001,1.4048698867171183,0.5256810833532354,-0.4999999999999894,0.7162256559053485,0.35639978931384536,-3.552713678800501e-15,4.85637864367422,70,255,255,255
940,18.8,27.10338502809151,2.848670742526721,-19.410000000000007,1.4042907701792697,0.5272261685361537,-0.4999999999999892,0.715963402207574,0.3569263323143247,1.0824674490095276e-14,4.861614631430204,70,255,255,255
941,18.82,27.13145926798027,2.8592460465255827,-19.420000000000005,1.4037119944380152,0.5287651999430836,-0.49999999999998923,0.7157017483272122,0.3574507063097958,-4.052314039881821e-15,4.866850619186186,70,255,255,255
942,18.84,27.159521939418138,2.8698520104973397,-19.430000000000007,1.4031335718934503,0.5302981985878582,-0.4999999999999896,0.7154406938597406,0.3579729229557635,-1.8096635301390052e-14,4.872086606942169,70,255,255,255
943,18.86,27.187573049713887,2.8804885142074705,-19.44000000000001,1.4025555147875342,0.5318251855065491,-0.4999999999999897,0.7151802383807287,0.358492993836259,-2.7200464103316335e-15,4.8773225946981515,70,255,255,255
944,18.88,27.21561260641799,2.891155437842582,-19.45000000000001,1.4019778352052295,0.5333461817555821,-0.49999999999998945,0.7149203814461971,0.3590109304642747,1.1657341758564144e-14,4.882558582454135,70,255,255,255
945,18.900000000000002,27.243640617319503,2.90185266201078,-19.46000000000001,1.4014005450756466,0.5348612084098836,-0.4999999999999895,0.7146611225929698,0.359526744282197,-3.219646771412954e-15,4.887794570210119,70,255,255,255
946,18.92,27.271657090442968,2.912580067742001,-19.47000000000001,1.4008236561731848,0.5363702865610573,-0.4999999999999893,0.7144024613390246,0.3600404466622372,1.1157741397482823e-14,4.893030557966101,70,255,255,255
947,18.94,27.29966203404534,2.923337536488313,-19.480000000000008,1.4002471801186782,0.537873437315592,-0.49999999999998906,0.7141443971838359,0.3605520489068615,1.049160758270773e-14,4.898266545722084,70,255,255,255
948,18.96,27.327655456612952,2.934124950124175,-19.490000000000006,1.3996711283805385,0.5393706817930969,-0.4999999999999892,0.7138869296087125,0.36106156224921704,-4.385380947269368e-15,4.9035025334780675,70,255,255,255
949,18.98,27.35563736685847,2.9449421909466666,-19.500000000000007,1.399095512275901,0.5408620411245686,-0.49999999999998956,0.7136300580771335,0.36156899785355906,-1.8263168755083825e-14,4.90873852123405,70,255,255,255
950,19.0,27.383607773717905,2.9557891416756803,-19.51000000000001,1.3985203429717685,0.5423475364506855,-0.4999999999999896,0.7133737820350767,0.3620743668156737,-2.886579864025407e-15,4.913974508990033,70,255,255,255
951,19.02,27.41156668634763,2.9666656854540827,-19.52000000000001,1.3979456314861565,0.543827188920131,-0.4999999999999894,0.7131181009113428,0.36257768016329966,1.149080830487037e-14,4.9192104967460155,70,255,255,255
952,19.04,27.439514114121415,2.9775717058478417,-19.53000000000001,1.3973713886892365,0.5453010196879465,-0.4999999999999892,0.712863014117876,0.36307894885654934,1.0824674490095276e-14,4.924446484501999,70,255,255,255
953,19.06,27.467450066627507,2.98850708684612,-19.540000000000006,1.396797625304482,0.5467690499139102,-0.49999999999998923,0.7126085210500801,0.36357818378832585,-4.052314039881821e-15,4.929682472257982,70,255,255,255
954,19.080000000000002,27.4953745536657,2.9994717128613386,-19.550000000000004,1.3962243519098079,0.5482313007609444,-0.4999999999999893,0.7123546210871277,0.3640753957847397,-3.885780586188048e-15,4.934918460013965,70,255,255,255
955,19.1,27.523287585244475,3.0104654687292096,-19.560000000000006,1.395651578938715,0.5496877933935512,-0.4999999999999896,0.7121013135922686,0.3645705956055226,-1.7930101847696278e-14,4.940154447769948,70,255,255,255
956,19.12,27.551189171578102,3.0214882397087353,-19.570000000000007,1.3950793166814308,0.5511385489762739,-0.49999999999998995,0.7118485979131312,0.36506379394444105,-1.6930901125533637e-14,4.9453904355259315,70,255,255,255
957,19.14,27.57907932308382,3.032539911482179,-19.58000000000001,1.394507575286047,0.5525835886721847,-0.49999999999999,0.7115964733820203,0.3655550014297053,-1.7208456881689926e-15,4.950626423281914,70,255,255,255
958,19.16,27.606958050379014,3.043620370155007,-19.59000000000001,1.39393636475966,0.5540229336414008,-0.49999999999998973,0.7113449393162106,0.366044228624379,1.2656542480726785e-14,4.955862411037897,70,255,255,255
959,19.18,27.634825364278402,3.054729502255799,-19.600000000000012,1.3933656949695066,0.5554566050396238,-0.4999999999999895,0.7110939950182371,0.36653148602678515,1.1823875212257917e-14,4.9610983987938795,70,255,255,255
960,19.2,27.662681275791286,3.0658671947361333,-19.61000000000001,1.3927955756440968,0.5568846240167074,-0.4999999999999893,0.7108436397761791,0.36701678407091104,1.1157741397482823e-14,4.966334386549863,70,255,255,255
961,19.22,27.690525796118774,3.077033334970438,-19.620000000000008,1.3922260163743494,0.5583070117152483,-0.49999999999998906,0.7105938728639422,0.3675001331268108,1.049160758270773e-14,4.971570374305846,70,255,255,255
962,19.240000000000002,27.718358936651068,3.0882278107558223,-19.630000000000006,1.3916570266147201,0.559723789269204,-0.4999999999999892,0.710344693541535,0.36798154350100604,-4.385380947269368e-15,4.976806362061829,70,255,255,255
963,19.26,27.746180708964754,3.099450510311873,-19.640000000000008,1.3910886156843316,0.5611349778025335,-0.49999999999998956,0.7100961010553427,0.3684610254368846,-1.8263168755083825e-14,4.982042349817812,70,255,255,255
964,19.28,27.773991124820117,3.11070132228043,-19.65000000000001,1.390520792768098,0.5625405984278649,-0.4999999999999896,0.709848094638396,0.36893858911509764,-2.886579864025407e-15,4.9872783375737955,70,255,255,255
965,19.3,27.801790196158475,3.121980135725334,-19.66000000000001,1.3899535669178484,0.5639406722451843,-0.4999999999999894,0.7096006735106364,0.3694142446539539,1.149080830487037e-14,4.992514325329778,70,255,255,255
966,19.32,27.829577935099543,3.1332868401321448,-19.67000000000001,1.389386947053448,0.5653352203405511,-0.4999999999999892,0.7093538368791779,0.3698880021098129,1.0824674490095276e-14,4.997750313085761,70,255,255,255
967,19.34,27.85735435393882,3.1446213254078415,-19.680000000000007,1.388820941963915,0.566724263784835,-0.49999999999998923,0.7091075839385641,0.3703598714774755,-4.052314039881821e-15,5.0029863008417435,70,255,255,255
968,19.36,27.885119465144992,3.155983481880491,-19.690000000000005,1.388255560308537,0.5681078236324778,-0.4999999999999893,0.7088619138710238,0.37082986269057305,-3.885780586188048e-15,5.008222288597727,70,255,255,255
969,19.38,27.912873281357353,3.1673732002988966,-19.700000000000003,1.3876908106179793,0.5694859209202766,-0.49999999999998934,0.7086168258467191,0.37129798562195365,-3.7192471324942744e-15,5.01345827635371,70,255,255,255
970,19.400000000000002,27.94061581538326,3.1787903718322204,-19.710000000000004,1.3871267012953974,0.5708585766661912,-0.49999999999999,0.7083723190239939,0.3717642500840675,-3.197442310920451e-14,5.018694264109693,70,255,255,255
971,19.42,27.96834708019561,3.190234888069584,-19.720000000000006,1.3865632406175386,0.5722258118681729,-0.49999999999999034,0.7081283925496158,0.3722286658293494,-1.5765166949677223e-14,5.023930251865676,70,255,255,255
972,19.44,27.996067088930328,3.201706641019644,-19.730000000000008,1.386000436735846,0.5735876475030155,-0.49999999999999034,0.707885045559016,0.3726912425505997,-5.551115123125783e-16,5.029166239621659,70,255,255,255
973,19.46,28.02377585488388,3.213205523110149,-19.74000000000001,1.3854382976775557,0.5749441045252289,-0.49999999999999034,0.7076422771765258,0.3731519898813632,-5.551115123125783e-16,5.034402227377642,70,255,255,255
974,19.48,28.051473391510815,3.2247314271874674,-19.75000000000001,1.3848768313467894,0.5762952038659327,-0.49999999999999034,0.7074000865156088,0.3736109173963058,-5.551115123125783e-16,5.039638215133625,70,255,255,255
975,19.5,28.079159712421326,3.236284246516103,-19.760000000000012,1.3843160455256478,0.577640966431773,-0.49999999999999006,0.7071584726790898,0.37406803461158916,1.3655743202889425e-14,5.044874202889608,70,255,255,255
976,19.52,28.106834831378833,3.2478638747781803,-19.770000000000014,1.3837559478752959,0.578981413103859,-0.4999999999999895,0.7069174347593811,0.37452335098524403,2.7033930649622562e-14,5.050110190645591,70,255,255,255
977,19.54,28.134498762297575,3.2594702060729146,-19.780000000000012,1.383196545937045,0.58031656473672,-0.499999999999989,0.7066769718387049,0.37497687591754025,2.5368596112684827e-14,5.055346178401574,70,255,255,255
978,19.56,28.162151519240243,3.27110313491606,-19.79000000000001,1.3826378471334324,0.5816464421572842,-0.49999999999998884,0.7064370829893126,0.37542861875135614,9.658940314238862e-15,5.060582166157556,70,255,255,255
979,19.580000000000002,28.18979311641563,3.2827625562393377,-19.800000000000008,1.3820798587692946,0.5829710661638761,-0.4999999999999887,0.7061977672737008,0.3758785887725451,9.159339953157541e-15,5.06581815391354,70,255,255,255
980,19.6,28.217423568176287,3.2944483653898424,-19.810000000000006,1.3815225880328383,0.584290457525235,-0.4999999999999888,0.7059590237448239,0.37632679521030016,-5.551115123125783e-15,5.071054141669523,70,255,255,255
981,19.62,28.245042889016222,3.3061604581294333,-19.820000000000004,1.3809660419967054,0.5856046369795527,-0.4999999999999892,0.7057208514463045,0.37677324723751693,-1.942890293094024e-14,5.076290129425506,70,255,255,255
982,19.64,28.2726510935686,3.317898730634104,-19.830000000000005,1.3804102276190346,0.5869136252335306,-0.49999999999998956,0.7054832494126392,0.3772179539711543,-1.8263168755083825e-14,5.081526117181489,70,255,255,255
983,19.66,28.30024819660349,3.329663079493333,-19.840000000000007,1.3798551517445177,0.5882174429614562,-0.4999999999999896,0.7052462166694028,0.37766092447259325,-2.886579864025407e-15,5.086762104937472,70,255,255,255
984,19.68,28.3278342130256,3.3414534017094186,-19.85000000000001,1.3793008211054523,0.5895161108042977,-0.4999999999999897,0.7050097522334484,0.3781021677479934,-2.7200464103316335e-15,5.091998092693455,70,255,255,255
985,19.7,28.355409157872057,3.353269594696795,-19.86000000000001,1.3787472423227887,0.5908096493688181,-0.49999999999998973,0.7047738551131055,0.3785416927486475,-2.55351295663786e-15,5.097234080449438,70,255,255,255
986,19.72,28.3829730463102,3.365111556281329,-19.87000000000001,1.3781944219071718,0.5920980792267074,-0.4999999999999895,0.7045385243083739,0.3789795083713351,1.1823875212257917e-14,5.10247006820542,70,255,255,255
987,19.740000000000002,28.410525893635402,3.376979184699604,-19.88000000000001,1.3776423662599808,0.593381420913733,-0.4999999999999893,0.7043037588111164,0.3794156234586721,1.1157741397482823e-14,5.107706055961404,70,255,255,255
988,19.76,28.43806771526889,3.3888723785981822,-19.890000000000008,1.3770910816743598,0.5946596949289075,-0.49999999999998934,0.7040695576052469,0.37985004679946016,-3.7192471324942744e-15,5.112942043717387,70,255,255,255
989,19.78,28.465598526755613,3.400791037032856,-19.90000000000001,1.3765405743362478,0.5959329217336746,-0.4999999999999894,0.7038359196669166,0.3802827871290335,-3.552713678800501e-15,5.11817803147337,70,255,255,255
990,19.8,28.49311834376212,3.4127350594678783,-19.910000000000007,1.3759908503253986,0.5972011217511123,-0.4999999999999892,0.7036028439646979,0.3807138531296033,1.0824674490095276e-14,5.123414019229353,70,255,255,255
991,19.82,28.52062718207445,3.424704345775181,-19.920000000000005,1.3754419156164022,0.5984643153651535,-0.49999999999998923,0.7033703294597641,0.38114325343060074,-4.052314039881821e-15,5.128650006985336,70,255,255,255
992,19.84,28.548125057596042,3.4366987962335775,-19.930000000000007,1.3748937760796949,0.5997225229198233,-0.4999999999999896,0.7031383751060678,0.3815709966090175,-1.8096635301390052e-14,5.133885994741319,70,255,255,255
993,19.86,28.575611986345695,3.4487183115279474,-19.94000000000001,1.3743464374825671,0.6009757647184925,-0.4999999999999897,0.7029069798505161,0.3819970911897448,-2.7200464103316335e-15,5.139121982497302,70,255,255,255
994,19.88,28.6030879844555,3.4607627927484104,-19.95000000000001,1.3737999054901653,0.6022240610231481,-0.49999999999998945,0.7026761426331429,0.3824215456459103,1.1657341758564144e-14,5.144357970253284,70,255,255,255
995,19.900000000000002,28.63055306816883,3.472832141389484,-19.96000000000001,1.3732541856664906,0.603467432053681,-0.4999999999999895,0.7024458623872789,0.3828443683992128,-3.219646771412954e-15,5.149593958009268,70,255,255,255
996,19.92,28.65800725383834,3.4849262593492276,-19.97000000000001,1.372709283475387,0.6047058979871872,-0.4999999999999893,0.7022161380397189,0.38326556782025495,1.1157741397482823e-14,5.154829945765251,70,255,255,255
997,19.94,28.685450557923968,3.4970450489283733,-19.980000000000008,1.3721652042815293,0.6059394789572872,-0.49999999999998906,0.7019869685108872,0.38368515222887467,1.049160758270773e-14,5.160065933521234,70,255,255,255
998,19.96,28.712882996990995,3.5091884128294426,-19.990000000000006,1.371621953351405,0.6071681950534602,-0.4999999999999892,0.7017583527149991,0.38410312989447376,-4.385380947269368e-15,5.165301921277217,70,255,255,255
999,19.98,28.74030458770808,3.5213562541558505,-20.000000000000007,1.3710795358542855,0.6083920663203924,-0.49999999999998956,0.7015302895602216,0.3845195090363449,-1.8263168755083825e-14,5.1705379090332,70,255,255,255
1000,20.0,28.767715346845346,3.5335484764109975,-20.01000000000001,1.3705379568631997,0.609611112757343,-0.4999999999999896,0.7013027779488303,0.3849342978239971,-2.886579864025407e-15,5.175773896789183,70,255,255,255
1001,20.02,28.795115291272463,3.5457649834973477,-20.02000000000001,1.369997221355895,0.6108253543175223,-0.4999999999999894,0.7010758167773651,0.3853475043774783,1.149080830487037e-14,5.1810098845451655,70,255,255,255
1002,20.04,28.82250443795678,3.5580056797154973,-20.03000000000001,1.369457334215797,0.6120348109074866,-0.4999999999999892,0.7008494049367818,0.3857591367676971,1.0824674490095276e-14,5.186245872301148,70,255,255,255
1003,20.06,28.84988280396144,3.570270469763228,-20.040000000000006,1.3689183002329617,0.6132395023865463,-0.49999999999998923,0.7006235413126044,0.38616920301674174,-4.052314039881821e-15,5.191481860057132,70,255,255,255
1004,20.080000000000002,28.87725040644354,3.582559258734552,-20.050000000000004,1.3683801241050224,0.6144394485661897,-0.4999999999999893,0.700398224785071,0.38657771109819733,-3.885780586188048e-15,5.196717847813115,70,255,255,255
1005,20.1,28.904607262652302,3.594871952118742,-20.060000000000006,1.3678428104381317,0.6156346692095189,-0.4999999999999896,0.7001734542292812,0.38698466893746153,-1.7930101847696278e-14,5.201953835569098,70,255,255,255
1006,20.12,28.93195338992726,3.607208455799356,-20.070000000000007,1.3673063637478953,0.6168251840307012,-0.49999999999998995,0.6999492285153394,0.38739008441205797,-1.6930901125533637e-14,5.207189823325081,70,255,255,255
1007,20.14,28.959288805696463,3.6195686760532446,-20.08000000000001,1.366770788460304,0.6180110126944336,-0.49999999999999,0.6997255465084954,0.38779396535194766,-1.7208456881689926e-15,5.212425811081064,70,255,255,255
1008,20.16,28.986613527474717,3.6319525195495532,-20.09000000000001,1.3662360889126555,0.619192174815421,-0.49999999999998973,0.6995024070692847,0.3881963195398393,1.2656542480726785e-14,5.217661798837047,70,255,255,255
1009,20.18,29.013927572861807,3.6443598933487107,-20.100000000000012,1.365702269354474,0.6203686899578671,-0.4999999999999895,0.6992798090536646,0.38859715471149603,1.1823875212257917e-14,5.2228977865930295,70,255,255,255
1010,20.2,29.041230959540776,3.65679070490141,-20.11000000000001,1.3651693339484214,0.6215405776349788,-0.4999999999999893,0.6990577513131504,0.3889964785560426,1.1157741397482823e-14,5.228133774349012,70,255,255,255
1011,20.22,29.0685237052762,3.66924486204758,-20.120000000000008,1.3646372867712053,0.6227078573084842,-0.49999999999998906,0.6988362326949467,0.38939429871626824,1.049160758270773e-14,5.233369762104996,70,255,255,255
1012,20.240000000000002,29.09580582791249,3.6817222730153434,-20.130000000000006,1.364106131814477,0.6238705483881613,-0.4999999999999892,0.6986152520420796,0.38979062278892956,-4.385380947269368e-15,5.238605749860979,70,255,255,255
1013,20.26,29.123077345372202,3.694222846419971,-20.140000000000008,1.3635758729857284,0.6250286702313816,-0.49999999999998956,0.6983948081935248,0.39018545832505064,-1.8263168755083825e-14,5.243841737616962,70,255,255,255
1014,20.28,29.150338275654384,3.706746491262824,-20.15000000000001,1.3630465141091794,0.6261822421426648,-0.4999999999999896,0.6981748999843342,0.39057881283022106,-2.886579864025407e-15,5.249077725372945,70,255,255,255
1015,20.3,29.17758863683292,3.719293116930289,-20.16000000000001,1.3625180589266614,0.627331283373245,-0.4999999999999894,0.6979555262457616,0.3909706937648936,1.149080830487037e-14,5.254313713128928,70,255,255,255
1016,20.32,29.20482844705489,3.731862633192702,-20.17000000000001,1.361990511098494,0.6284758131206506,-0.4999999999999892,0.6977366858053842,0.3913611085446773,1.0824674490095276e-14,5.259549700884911,70,255,255,255
1017,20.34,29.232057724538976,3.744454950203268,-20.180000000000007,1.3614638742043552,0.6296158505282943,-0.49999999999998923,0.6975183774872249,0.39175006454063177,-4.052314039881821e-15,5.2647856886408935,70,255,255,255
1018,20.36,29.25927648757386,3.757069978496969,-20.190000000000005,1.3609381517441472,0.630751414685076,-0.4999999999999893,0.6973006001118709,0.39213756907955755,-3.885780586188048e-15,5.270021676396876,70,255,255,255
1019,20.38,29.286484754516636,3.7697076289894693,-20.200000000000003,1.3604133471388546,0.6318825246249962,-0.49999999999998934,0.6970833524965901,0.3925236294442854,-3.7192471324942744e-15,5.27525766415286,70,255,255,255
1020,20.400000000000002,29.313682543791263,3.782367812976005,-20.210000000000004,1.3598894637313974,0.6330091993267808,-0.49999999999999,0.6968666334554476,0.392908252873964,-3.197442310920451e-14,5.280493651908843,70,255,255,255
1021,20.42,29.340869873887012,3.7950504421302753,-20.220000000000006,1.3593665047874792,0.6341314577135183,-0.49999999999999034,0.6966504417994186,0.39329144656434484,-1.5765166949677223e-14,5.285729639664826,70,255,255,255
1022,20.44,29.36804676335694,3.8077554285033215,-20.230000000000008,1.3588444734964267,0.635249318652306,-0.49999999999999034,0.6964347763365001,0.3936732176680669,-5.551115123125783e-16,5.290965627420809,70,255,255,255
1023,20.46,29.39521323081638,3.8204826845224,-20.24000000000001,1.3583233729720243,0.6363628009539075,-0.49999999999999034,0.6962196358718211,0.39405357329493784,-5.551115123125783e-16,5.296201615176792,70,255,255,255
1024,20.48,29.422369294941447,3.8332321229898483,-20.25000000000001,1.3578032062533454,0.6374719233724221,-0.49999999999999034,0.6960050192077507,0.39443252051221456,-5.551115123125783e-16,5.301437602932775,70,255,255,255
1025,20.5,29.449514974467558,3.8460036570819476,-20.260000000000012,1.3572839763055728,0.6385767046049625,-0.49999999999999006,0.6957909251440048,0.3948100663448821,1.3655743202889425e-14,5.306673590688757,70,255,255,255
1026,20.52,29.476650288187976,3.8587972003477744,-20.270000000000014,1.3567656860208168,0.6396771632913448,-0.4999999999999895,0.69557735247775,0.395186217775929,2.7033930649622562e-14,5.31190957844474,70,255,255,255
1027,20.54,29.503775254952355,3.8716126667080504,-20.280000000000012,1.3562483382189272,0.6407733180137877,-0.499999999999989,0.6953643000037085,0.39556098174662346,2.5368596112684827e-14,5.317145566200723,70,255,255,255
1028,20.56,29.53088989366532,3.884449970453983,-20.29000000000001,1.3557319356482955,0.6418651872966205,-0.49999999999998884,0.6951517665142578,0.39593436515678576,9.658940314238862e-15,5.322381553956706,70,255,255,255
1029,20.580000000000002,29.557994223285053,3.897309026246103,-20.300000000000008,1.3552164809866571,0.6429527896060035,-0.4999999999999887,0.6949397507995314,0.3963063748650596,9.159339953157541e-15,5.32761754171269,70,255,255,255
1030,20.6,29.58508826282189,3.910189749113096,-20.310000000000006,1.3547019768418818,0.6440361433496558,-0.4999999999999888,0.6947282516475174,0.39667701768918223,-5.551115123125783e-15,5.3328535294686725,70,255,255,255
1031,20.62,29.612172031336947,3.9230920544506276,-20.320000000000004,1.3541884257527617,0.6451152668765929,-0.4999999999999892,0.694517267844154,0.39704630040625183,-1.942890293094024e-14,5.338089517224655,70,255,255,255
1032,20.64,29.639245547940742,3.936015858020165,-20.330000000000005,1.3536758301897924,0.6461901784768754,-0.49999999999998956,0.6943067981734262,0.3974142297529939,-1.8263168755083825e-14,5.343325504980639,70,255,255,255
1033,20.66,29.666308831791863,3.948961075947792,-20.340000000000007,1.3531641925559483,0.6472608963813645,-0.4999999999999896,0.6940968414174575,0.3977808124260255,-2.886579864025407e-15,5.348561492736621,70,255,255,255
1034,20.68,29.69336190209561,3.961927624723022,-20.35000000000001,1.3526535151874512,0.6483274387614881,-0.4999999999999897,0.693887396356604,0.39814605508211826,-2.7200464103316335e-15,5.353797480492604,70,255,255,255
1035,20.7,29.7204047781027,3.9749154211976023,-20.36000000000001,1.352143800354533,0.6493898237290151,-0.49999999999998973,0.6936784617695435,0.3985099643384593,-2.55351295663786e-15,5.359033468248587,70,255,255,255
1036,20.72,29.747437479107944,3.987924382584319,-20.37000000000001,1.3516350502621928,0.6504480693358385,-0.4999999999999895,0.6934700364333648,0.39887254677291045,1.1823875212257917e-14,5.36426945600457,70,255,255,255
1037,20.740000000000002,29.774460024448963,4.000954426455794,-20.38000000000001,1.3511272670509498,0.6515021935737679,-0.4999999999999893,0.6932621191236564,0.3992338089242661,1.1157741397482823e-14,5.369505443760554,70,255,255,255
1038,20.76,29.801472433504916,4.014005470743281,-20.390000000000008,1.350620452797587,0.6525522143743295,-0.49999999999998934,0.693054708614591,0.3995937572925089,-3.7192471324942744e-15,5.3747414315165365,70,255,255,255
1039,20.78,29.828474725695234,4.027077433735452,-20.40000000000001,1.350114609515891,0.6535981496085749,-0.4999999999999894,0.6928478036790119,0.39995239833906426,-3.552713678800501e-15,5.379977419272519,70,255,255,255
1040,20.8,29.85546692047838,4.04017023407719,-20.410000000000007,1.3496097391573856,0.6546400170868977,-0.4999999999999892,0.6926414030885153,0.4003097384870532,1.0824674490095276e-14,5.385213407028503,70,255,255,255
1041,20.82,29.88244903735062,4.053283790768368,-20.420000000000005,1.349105843612059,0.6556778345588586,-0.49999999999998923,0.6924355056135332,0.4006657841215428,-4.052314039881821e-15,5.390449394784485,70,255,255,255
1042,20.84,29.909421095844802,4.066418023162628,-20.430000000000007,1.348602924709087,0.6567116197130188,-0.4999999999999896,0.6922301100234132,0.4010205415897961,-1.8096635301390052e-14,5.395685382540468,70,255,255,255
1043,20.86,29.936383115529154,4.079572850966163,-20.44000000000001,1.3481009842175462,0.6577413901767801,-0.4999999999999897,0.6920252150864985,0.4013740172015193,-2.7200464103316335e-15,5.400921370296451,70,255,255,255
1044,20.88,29.963335116006096,4.092748194236488,-20.45000000000001,1.3476000238471266,0.6587671635162334,-0.49999999999998945,0.6918208195702059,0.40172621722910823,1.1657341758564144e-14,5.406157358052434,70,255,255,255
1045,20.900000000000002,29.990277116911074,4.1059439733812075,-20.46000000000001,1.3471000452488346,0.6597889572360149,-0.4999999999999895,0.6916169222411019,0.4020771479078929,-3.219646771412954e-15,5.411393345808418,70,255,255,255
1046,20.92,30.017209137911387,4.119160109156791,-20.47000000000001,1.3466010500156913,0.6608067887791692,-0.4999999999999893,0.6914135218649791,0.4024268154363798,1.1157741397482823e-14,5.4166293335644005,70,255,255,255
1047,20.94,30.044131198705056,4.132396522667332,-20.480000000000008,1.346103039683426,0.6618206755270201,-0.49999999999998906,0.6912106172069294,0.40277522597649384,1.049160758270773e-14,5.421865321320383,70,255,255,255
1048,20.96,30.07104331901968,4.145653135363313,-20.490000000000006,1.3456060157311618,0.6628306347990479,-0.4999999999999892,0.6910082070314179,0.4031223856538175,-4.385380947269368e-15,5.427101309076367,70,255,255,255
1049,20.98,30.097945518611322,4.158929869040368,-20.500000000000007,1.3451099795820973,0.6638366838527752,-0.49999999999998956,0.6908062901023536,0.4034683005578293,-1.8263168755083825e-14,5.432337296832349,70,255,255,255
1050,21.0,30.124837817263405,4.172226645838041,-20.51000000000001,1.344614932604183,0.664838839883658,-0.4999999999999896,0.6906048651831612,0.40381297674213973,-2.886579864025407e-15,5.437573284588332,70,255,255,255
1051,21.02,30.15172023478562,4.185543388238541,-20.52000000000001,1.3441208761107886,0.6658371200249845,-0.4999999999999894,0.6904039310368488,0.4041564202247269,1.149080830487037e-14,5.442809272344315,70,255,255,255
1052,21.04,30.17859279101285,4.198880019065497,-20.53000000000001,1.3436278113613693,0.6668315413477807,-0.4999999999999892,0.6902034864260779,0.4044986369881698,1.0824674490095276e-14,5.448045260100297,70,255,255,255
1053,21.06,30.205455505804093,4.2122364614827115,-20.540000000000006,1.343135739562122,0.6678221208607213,-0.49999999999998923,0.6900035301132282,0.40483963297987924,-4.052314039881821e-15,5.453281247856281,70,255,255,255
1054,21.080000000000002,30.232308399041425,4.225612638992913,-20.550000000000004,1.3426446618666397,0.6688088755100496,-0.4999999999999893,0.6898040608604659,0.40517941411232977,-3.885780586188048e-15,5.458517235612264,70,255,255,255
1055,21.1,30.259151490628955,4.239008475436503,-20.560000000000006,1.3421545793765572,0.6697918221795011,-0.4999999999999896,0.6896050774298063,0.40551798626328633,-1.7930101847696278e-14,5.463753223368247,70,255,255,255
1056,21.12,30.2859848004918,4.252423894990307,-20.570000000000007,1.3416654931421939,0.6707709776902347,-0.49999999999998995,0.6894065785831787,0.40585535527603367,-1.6930901125533637e-14,5.46898921112423,70,255,255,255
1057,21.14,30.312808348575064,4.265858822166322,-20.58000000000001,1.3411774041631879,0.6717463588007702,-0.49999999999999,0.6892085630824882,0.40619152695960065,-1.7208456881689926e-15,5.474225198880213,70,255,255,255
1058,21.16,30.339622154842846,4.279313181810461,-20.59000000000001,1.340690313389127,0.6727179822069305,-0.49999999999998973,0.6890110296896776,0.4065265070889846,1.2656542480726785e-14,5.479461186636196,70,255,255,255
1059,21.18,30.36642623927725,4.292786899101297,-20.600000000000012,1.3402042217201742,0.6736858645417921,-0.4999999999999895,0.6888139771667876,0.4068603014053747,1.1823875212257917e-14,5.484697174392179,70,255,255,255
1060,21.2,30.393220621877404,4.30627989954881,-20.61000000000001,1.3397191300076858,0.6746500223756389,-0.4999999999999893,0.6886174042760159,0.40719291561637244,1.1157741397482823e-14,5.489933162148161,70,255,255,255
1061,21.22,30.4200053226585,4.319792108993128,-20.620000000000008,1.3392350390548249,0.6756104722159225,-0.49999999999998906,0.6884213097797758,0.40752435539621196,1.049160758270773e-14,5.495169149904145,70,255,255,255
1062,21.240000000000002,30.446780361650845,4.333323453603272,-20.630000000000006,1.3387519496171711,0.67656723050723,-0.4999999999999892,0.6882256924407534,0.4078546263859779,-4.385380947269368e-15,5.500405137660128,70,255,255,255
1063,21.26,30.47354575889891,4.346873859875897,-20.640000000000008,1.3382698624033222,0.677520313631254,-0.49999999999998956,0.6880305510219639,0.40818373419382226,-1.8263168755083825e-14,5.505641125416111,70,255,255,255
1064,21.28,30.500301534460423,4.360443254634032,-20.65000000000001,1.337788778075492,0.6784697379067708,-0.4999999999999896,0.6878358842868064,0.40851168439518,-2.886579864025407e-15,5.510877113172094,70,255,255,255
1065,21.3,30.527047708405426,4.374031565025825,-20.66000000000001,1.3373086972501016,0.6794155195896222,-0.4999999999999894,0.6876416909991192,0.40883848253298266,1.149080830487037e-14,5.516113100928077,70,255,255,255
1066,21.32,30.553784300815394,4.387638718523279,-20.67000000000001,1.3368296204983672,0.6803576748727039,-0.4999999999999892,0.687447969923232,0.40916413411787106,1.0824674490095276e-14,5.52134908868406,70,255,255,255
1067,21.34,30.580511331782333,4.4012646429209985,-20.680000000000007,1.3363515483468806,0.6812962198859575,-0.49999999999998923,0.6872547198240192,0.4094886446284061,-4.052314039881821e-15,5.526585076440043,70,255,255,255
1068,21.36,30.607228821407897,4.414909266334926,-20.690000000000005,1.335874481278186,0.6822311706963685,-0.4999999999999893,0.6870619394669506,0.4098120195112784,-3.885780586188048e-15,5.531821064196025,70,255,255,255
1069,21.38,30.633936789802526,4.4285725172010855,-20.700000000000003,1.3353984197313498,0.6831625433079699,-0.49999999999998934,0.6868696276181426,0.41013426418151666,-3.7192471324942744e-15,5.537057051952009,70,255,255,255
1070,21.400000000000002,30.660635257084575,4.442254324274322,-20.710000000000004,1.3349233641025264,0.6840903536618487,-0.49999999999999,0.6866777830444076,0.4104553840226945,-3.197442310920451e-14,5.542293039707992,70,255,255,255
1071,21.42,30.687324243379486,4.455954616627046,-20.720000000000006,1.3344493147455196,0.6850146176361589,-0.49999999999999034,0.6864864045133022,0.41077538438713534,-1.5765166949677223e-14,5.547529027463975,70,255,255,255
1072,21.44,30.714003768818934,4.469673323647968,-20.730000000000008,1.3339762719723358,0.685935351046138,-0.49999999999999034,0.6862954907931762,0.411094270596117,-5.551115123125783e-16,5.552765015219958,70,255,255,255
1073,21.46,30.74067385354001,4.483410375040851,-20.74000000000001,1.3335042360537355,0.6868525696441292,-0.49999999999999034,0.6861050406532183,0.41141204794007397,-5.551115123125783e-16,5.558001002975941,70,255,255,255
1074,21.48,30.767334517684404,4.497165700823243,-20.75000000000001,1.3330332072197768,0.6877662891196071,-0.49999999999999034,0.6859150528635031,0.41172872167879887,-5.551115123125783e-16,5.563236990731924,70,255,255,255
1075,21.5,30.793985781397613,4.510939231325227,-20.760000000000012,1.332563185660357,0.6886765250992086,-0.49999999999999006,0.685725526195036,0.41204429704164214,1.3655743202889425e-14,5.568472978487907,70,255,255,255
1076,21.52,30.820627664828127,4.524730897188162,-20.770000000000014,1.3320941715257446,0.6895832931467669,-0.4999999999999895,0.6855364594197978,0.41235877922771075,2.7033930649622562e-14,5.573708966243889,70,255,255,255
1077,21.54,30.84726018812667,4.538540629363429,-20.780000000000012,1.3316261649271113,0.6904866087633513,-0.499999999999989,0.6853478513107883,0.4126721734060653,2.5368596112684827e-14,5.578944953999872,70,255,255,255
1078,21.56,30.87388337144541,4.552368359111175,-20.79000000000001,1.3311591659370552,0.6913864873873106,-0.49999999999998884,0.685159700642069,0.41298448471591576,9.658940314238862e-15,5.584180941755855,70,255,255,255
1079,21.580000000000002,30.900497234937212,4.566214017999061,-20.800000000000008,1.3306931745901203,0.692282944394319,-0.4999999999999887,0.6849720061888053,0.41329571826681616,9.159339953157541e-15,5.589416929511839,70,255,255,255
1080,21.6,30.92710179875488,4.58007753790101,-20.810000000000006,1.330228190883312,0.6931759950974293,-0.4999999999999888,0.6847847667273074,0.4136058791388577,-5.551115123125783e-15,5.594652917267822,70,255,255,255
1081,21.62,30.95369708305041,4.593958850995953,-20.820000000000004,1.3297642147766056,0.6940656547471264,-0.4999999999999892,0.6845979810350713,0.41391497238286057,-1.942890293094024e-14,5.599888905023804,70,255,255,255
1082,21.64,30.98028310797428,4.6078578897665805,-20.830000000000005,1.3293012461934526,0.6949519385313878,-0.49999999999998956,0.6844116478908181,0.4142230030205649,-1.8263168755083825e-14,5.605124892779788,70,255,255,255
1083,21.66,31.006859893674704,4.621774586998096,-20.840000000000007,1.328839285021279,0.6958348615757449,-0.4999999999999896,0.6842257660745331,0.41452997604481934,-2.886579864025407e-15,5.6103608805357705,70,255,255,255
1084,21.68,31.033427460296945,4.635708875776963,-20.85000000000001,1.328378331111981,0.6967144389433506,-0.4999999999999897,0.6840403343675037,0.41483589641976965,-2.7200464103316335e-15,5.615596868291753,70,255,255,255
1085,21.7,31.059985827982594,4.649660689489664,-20.86000000000001,1.3279183842824158,0.6975906856350491,-0.49999999999998973,0.6838553515523573,0.4151407690810453,-2.55351295663786e-15,5.620832856047736,70,255,255,255
1086,21.72,31.08653501686889,4.663629961821453,-20.87000000000001,1.3274594443148862,0.6984636165894493,-0.4999999999999895,0.6836708164130982,0.41544459893594443,1.1823875212257917e-14,5.626068843803719,70,255,255,255
1087,21.740000000000002,31.113075047088042,4.677616626755113,-20.88000000000001,1.3270015109576216,0.6993332466830022,-0.4999999999999893,0.6834867277351429,0.4157473908636189,1.1157741397482823e-14,5.631304831559703,70,255,255,255
1088,21.76,31.139605938766547,4.691620618569715,-20.890000000000008,1.3265445839252543,0.7001995907300811,-0.49999999999998934,0.683303084305356,0.4160491497152563,-3.7192471324942744e-15,5.636540819315686,70,255,255,255
1089,21.78,31.166127712024533,4.705641871839377,-20.90000000000001,1.3260886628992912,0.7010626634830659,-0.4999999999999894,0.6831198849120846,0.41634988031426196,-3.552713678800501e-15,5.641776807071668,70,255,255,255
1090,21.8,31.192640386975103,4.719680321432025,-20.910000000000007,1.3256337475285782,0.7019224796324294,-0.4999999999999892,0.682937128345193,0.41664958745643965,1.0824674490095276e-14,5.647012794827652,70,255,255,255
1091,21.82,31.219143983723697,4.733735902508162,-20.920000000000005,1.3251798374297652,0.7027790538068286,-0.49999999999998923,0.682754813396095,0.41694827591017036,-4.052314039881821e-15,5.6522487825836345,70,255,255,255
1092,21.84,31.245638522367454,4.7478085505196255,-20.930000000000007,1.3247269321877622,0.7036324005731971,-0.4999999999999896,0.6825729388577869,0.4172459504165906,-1.8096635301390052e-14,5.657484770339617,70,255,255,255
1093,21.86,31.27212402299458,4.761898201208362,-20.94000000000001,1.3242750313561917,0.7044825344368425,-0.4999999999999897,0.6823915035248798,0.41754261568976886,-2.7200464103316335e-15,5.6627207580956,70,255,255,255
1094,21.88,31.298600505683734,4.776004790605193,-20.95000000000001,1.3238241344578385,0.7053294698415453,-0.49999999999998945,0.6822105061936309,0.41783827641688104,1.1657341758564144e-14,5.667956745851583,70,255,255,255
1095,21.900000000000002,31.325067990503435,4.790128255028587,-20.96000000000001,1.323374240985091,0.7061732211696605,-0.4999999999999895,0.6820299456619742,0.4181329372583854,-3.219646771412954e-15,5.673192733607567,70,255,255,255
1096,21.92,31.351526497511443,4.804268531083431,-20.97000000000001,1.3229253504003837,0.7070138027422247,-0.4999999999999893,0.6818498207295499,0.41842660284819466,1.1157741397482823e-14,5.67842872136355,70,255,255,255
1097,21.94,31.377976046754178,4.818425555659812,-20.980000000000008,1.3224774621366304,0.7078512288190629,-0.49999999999998906,0.6816701301977351,0.4187192777938494,1.049160758270773e-14,5.683664709119532,70,255,255,255
1098,21.96,31.40441665826613,4.83259926593179,-20.990000000000006,1.322030575597654,0.7086855135988991,-0.4999999999999892,0.6814908728696726,0.4190109666766872,-4.385380947269368e-15,5.688900696875516,70,255,255,255
1099,21.98,31.4308483520693,4.846789599356179,-21.000000000000007,1.3215846901586148,0.7095166712194705,-0.49999999999998956,0.6813120475502977,0.41930167405201363,-1.8263168755083825e-14,5.6941366846314985,70,255,255,255
1100,22.0,31.45727114817263,4.860996493671332,-21.01000000000001,1.3211398051664303,0.710344715757643,-0.4999999999999896,0.6811336530463676,0.4195914044492697,-2.886579864025407e-15,5.699372672387481,70,255,255,255
1101,22.02,31.483685066571432,4.875219886895923,-21.02000000000001,1.320695919940194,0.7111696612295304,-0.4999999999999894,0.6809556881664881,0.41988016237219977,1.149080830487037e-14,5.704608660143464,70,255,255,255
1102,22.04,31.510090127246865,4.889459717327735,-21.03000000000001,1.3202530337715876,0.7119915215906149,-0.4999999999999892,0.6807781517211394,0.4201679522990173,1.0824674490095276e-14,5.709844647899447,70,255,255,255
1103,22.06,31.536486350165372,4.903715923542453,-21.040000000000006,1.3198111459252915,0.7128103107358713,-0.49999999999998923,0.6806010425227035,0.4204547786825703,-4.052314039881821e-15,5.71508063565543,70,255,255,255
1104,22.080000000000002,31.56287375527816,4.917988444392451,-21.050000000000004,1.319370255639387,0.7136260424998923,-0.4999999999999893,0.6804243593854883,0.42074064595050453,-3.885780586188048e-15,5.720316623411414,70,255,255,255
1105,22.1,31.58925236252068,4.9322772190055915,-21.060000000000006,1.3189303621257602,0.7144387306570178,-0.4999999999999896,0.6802481011257537,0.4210255585054266,-1.7930101847696278e-14,5.725552611167396,70,255,255,255
1106,22.12,31.61562219181209,4.9465821867840205,-21.070000000000007,1.318491464570495,0.7152483889214644,-0.49999999999998995,0.680072266561735,0.42130952072506567,-1.6930901125533637e-14,5.73078859892338,70,255,255,255
1107,22.14,31.641983263054776,4.96090328740297,-21.08000000000001,1.3180535621342682,0.7160550309474591,-0.49999999999999,0.6798968545136672,0.4215925369624338,-1.7208456881689926e-15,5.736024586679362,70,255,255,255
1108,22.16,31.66833559613383,4.975240460809557,-21.09000000000001,1.3176166539527352,0.7168586703293737,-0.49999999999998973,0.679721863803809,0.4218746115459856,1.2656542480726785e-14,5.741260574435345,70,255,255,255
1109,22.18,31.69467921091657,4.989593647221595,-21.100000000000012,1.3171807391369164,0.7176593206018623,-0.4999999999999895,0.679547293256464,0.42215574877977613,1.1823875212257917e-14,5.746496562191328,70,255,255,255
1110,22.2,31.72101412725204,5.003962787126395,-21.11000000000001,1.3167458167735753,0.7184569952400003,-0.4999999999999893,0.6793731416980049,0.42243595294361824,1.1157741397482823e-14,5.751732549947311,70,255,255,255
1111,22.22,31.74734036497055,5.018347821279583,-21.120000000000008,1.316311885925596,0.7192517076594257,-0.49999999999998906,0.6791994079568937,0.4227152282932388,1.049160758270773e-14,5.756968537703294,70,255,255,255
1112,22.240000000000002,31.773657943883197,5.032748690703913,-21.130000000000006,1.3158789456323552,0.7200434712164825,-0.4999999999999892,0.6790260908637048,0.4229935790604342,-4.385380947269368e-15,5.7622045254592775,70,255,255,255
1113,22.26,31.799966883781398,5.047165336688081,-21.140000000000008,1.3154469949100884,0.7208322992083652,-0.49999999999998956,0.678853189251144,0.423271009453223,-1.8263168755083825e-14,5.76744051321526,70,255,255,255
1114,22.28,31.826267204436444,5.061597700785546,-21.15000000000001,1.3150160327522566,0.7216182048732663,-0.4999999999999896,0.6786807019540704,0.4235475236560005,-2.886579864025407e-15,5.772676500971244,70,255,255,255
1115,22.3,31.85255892559904,5.076045724813357,-21.16000000000001,1.3145860581299065,0.7224012013905254,-0.4999999999999894,0.6785086278095153,0.4238231258296897,1.149080830487037e-14,5.777912488727226,70,255,255,255
1116,22.32,31.87884206699888,5.090509350850972,-21.17000000000001,1.3141570699920242,0.7231813018807787,-0.4999999999999892,0.6783369656567019,0.42409782011189173,1.0824674490095276e-14,5.783148476483209,70,255,255,255
1117,22.34,31.9051166483442,5.104988521239094,-21.180000000000007,1.3137290672658917,0.7239585194061123,-0.49999999999998923,0.6781657143370652,0.4243716106170369,-4.052314039881821e-15,5.788384464239192,70,255,255,255
1118,22.36,31.93138268932135,5.119483178578498,-21.190000000000005,1.313302048857433,0.724732866970216,-0.4999999999999893,0.6779948726942696,0.42464450143653254,-3.885780586188048e-15,5.793620451995175,70,255,255,255
1119,22.38,31.95764020959438,5.133993265728869,-21.200000000000003,1.3128760136515605,0.7255043575185386,-0.49999999999998934,0.6778244395742267,0.4249164966389106,-3.7192471324942744e-15,5.798856439751158,70,255,255,255
1120,22.400000000000002,31.98388922880463,5.148518725807638,-21.210000000000004,1.312450960512516,0.7262730039384456,-0.49999999999999,0.6776544138251146,0.4251876002699755,-3.197442310920451e-14,5.8040924275071415,70,255,255,255
1121,22.42,32.010129766570316,5.163059502188826,-21.220000000000006,1.3120268882842094,0.727038819059378,-0.49999999999999034,0.6774847942973933,0.42545781635294805,-1.5765166949677223e-14,5.809328415263124,70,255,255,255
1122,22.44,32.03636184248613,5.177615538501886,-21.230000000000008,1.3116037957905504,0.7278018156530118,-0.49999999999999034,0.6773155798438226,0.42572714888861196,-5.551115123125783e-16,5.814564403019108,70,255,255,255
1123,22.46,32.06258547612285,5.192186778630554,-21.24000000000001,1.311181681835781,0.7285620064334212,-0.49999999999999034,0.6771467693194788,0.42599560185545643,-5.551115123125783e-16,5.81980039077509,70,255,255,255
1124,22.48,32.088800687026946,5.206773166711699,-21.25000000000001,1.3107605452048026,0.7293194040572408,-0.49999999999999034,0.67697836158177,0.42626317920981915,-5.551115123125783e-16,5.825036378531073,70,255,255,255
1125,22.5,32.11500749472022,5.2213746471341755,-21.260000000000012,1.310340384663497,0.7300740211238306,-0.49999999999999006,0.6768103554904517,0.426529884886028,1.3655743202889425e-14,5.830272366287056,70,255,255,255
1126,22.52,32.1412059186994,5.235991164537684,-21.270000000000014,1.3099211989590478,0.7308258701754415,-0.4999999999999895,0.676642749907643,0.4267957227965423,2.7033930649622562e-14,5.835508354043039,70,255,255,255
1127,22.54,32.167395978435806,5.250622663811632,-21.280000000000012,1.3095029868202561,0.7315749636973835,-0.499999999999989,0.67647554369784,0.42706069683209164,2.5368596112684827e-14,5.840744341799022,70,255,255,255
1128,22.56,32.19357769337496,5.265269090093996,-21.29000000000001,1.3090857469578538,0.7323213141181936,-0.49999999999998884,0.6763087357279318,0.4273248108618155,9.658940314238862e-15,5.845980329555005,70,255,255,255
1129,22.580000000000002,32.219751082936256,5.279930388770192,-21.300000000000008,1.3086694780648114,0.7330649338098055,-0.4999999999999887,0.6761423248672136,0.4275880687334008,9.159339953157541e-15,5.851216317310988,70,255,255,255
1130,22.6,32.245916166512586,5.294606505471947,-21.310000000000006,1.3082541788166442,0.7338058350877209,-0.4999999999999888,0.6759763099874003,0.4278504742732186,-5.551115123125783e-15,5.856452305066972,70,255,255,255
1131,22.62,32.27207296347002,5.309297386076171,-21.320000000000004,1.3078398478717164,0.7345440302111821,-0.4999999999999892,0.6758106899626407,0.4281120312864605,-1.942890293094024e-14,5.861688292822954,70,255,255,255
1132,22.64,32.29822149314745,5.324002976703838,-21.330000000000005,1.3074264838715368,0.7352795313833439,-0.49999999999998956,0.6756454636695299,0.42837274355727395,-1.8263168755083825e-14,5.866924280578937,70,255,255,255
1133,22.66,32.32436177485627,5.338723223718867,-21.340000000000007,1.3070140854410581,0.7360123507514496,-0.4999999999999896,0.6754806299871219,0.4286326148488947,-2.886579864025407e-15,5.8721602683349206,70,255,255,255
1134,22.68,32.35049382788005,5.353458073727007,-21.35000000000001,1.3066026511889657,0.736742500407005,-0.4999999999999897,0.675316187796942,0.4288916489037824,-2.7200464103316335e-15,5.877396256090903,70,255,255,255
1135,22.7,32.37661767147421,5.368207473574727,-21.36000000000001,1.30619217970797,0.737469992385956,-0.49999999999998973,0.675152135982999,0.4291498494437509,-2.55351295663786e-15,5.882632243846886,70,255,255,255
1136,22.72,32.40273332486571,5.382971370348105,-21.37000000000001,1.3057826695750896,0.7381948386688655,-0.4999999999999895,0.6749884734317964,0.42940722017010047,1.1823875212257917e-14,5.8878682316028685,70,255,255,255
1137,22.740000000000002,32.42884080725275,5.397749711371726,-21.38000000000001,1.305374119351935,0.7389170511810916,-0.4999999999999893,0.6748251990323438,0.42966376476374823,1.1157741397482823e-14,5.893104219358852,70,255,255,255
1138,22.76,32.45494013780445,5.412542444207586,-21.390000000000008,1.3049665275849882,0.7396366417929674,-0.49999999999998934,0.6746623116761683,0.4299194868853572,-3.7192471324942744e-15,5.898340207114836,70,255,255,255
1139,22.78,32.48103133566057,5.427349516653985,-21.40000000000001,1.304559892805878,0.7403536223199806,-0.4999999999999894,0.6744998102573243,0.4301743901754654,-3.552713678800501e-15,5.903576194870818,70,255,255,255
1140,22.8,32.5071144199312,5.442170876744444,-21.410000000000007,1.3041542135316535,0.7410680045229551,-0.4999999999999892,0.6743376936724045,0.43042847825461383,1.0824674490095276e-14,5.908812182626801,70,255,255,255
1141,22.82,32.5331894096965,5.457006472746609,-21.420000000000005,1.3037494882650542,0.7417798001082325,-0.49999999999998923,0.6741759608205493,0.4306817547234723,-4.052314039881821e-15,5.9140481703827845,70,255,255,255
1142,22.84,32.55925632400639,5.471856253161166,-21.430000000000007,1.3033457154947763,0.7424890207278552,-0.4999999999999896,0.6740146106034574,0.430934223162967,-1.8096635301390052e-14,5.919284158138767,70,255,255,255
1143,22.86,32.585315181880304,5.486720166720761,-21.44000000000001,1.302942893695737,0.7431956779797493,-0.4999999999999897,0.673853641925394,0.43118588713440403,-2.7200464103316335e-15,5.92452014589475,70,255,255,255
1144,22.88,32.61136600230689,5.501598162388919,-21.45000000000001,1.3025410213293345,0.7438997834079089,-0.49999999999998945,0.673693053693201,0.4314367501795947,1.1657341758564144e-14,5.9297561336507325,70,255,255,255
1145,22.900000000000002,32.63740880424376,5.51649018935897,-21.46000000000001,1.3021400968437065,0.7446013485025816,-0.4999999999999895,0.6735328448163046,0.43168681582097884,-3.219646771412954e-15,5.934992121406716,70,255,255,255
1146,22.92,32.66344360661724,5.531396197052979,-21.47000000000001,1.3017401186739834,0.7453003847004528,-0.4999999999999893,0.6733730142067256,0.43193608756174684,1.1157741397482823e-14,5.9402281091627,70,255,255,255
1147,22.94,32.689470428322096,5.546316135120676,-21.480000000000008,1.301341085242543,0.7459969033848335,-0.49999999999998906,0.6732135607790853,0.4321845688859621,1.049160758270773e-14,5.945464096918682,70,255,255,255
1148,22.96,32.71548928822128,5.561249953438392,-21.490000000000006,1.3009429949592557,0.7466909158858455,-0.4999999999999892,0.6730544834506156,0.4324322632586811,-4.385380947269368e-15,5.950700084674666,70,255,255,255
1149,22.98,32.74150020514571,5.576197602108005,-21.500000000000007,1.3005458462217325,0.7473824334806097,-0.49999999999998956,0.6728957811411649,0.43267917412607404,-1.8263168755083825e-14,5.9559360724306485,70,255,255,255
1150,23.0,32.76750319789402,5.591159031455874,-21.51000000000001,1.3001496374155683,0.7480714673934347,-0.4999999999999896,0.6727374527732071,0.4329253049155441,-2.886579864025407e-15,5.961172060186631,70,255,255,255
1151,23.02,32.79349828523232,5.606134192031794,-21.52000000000001,1.299754366914581,0.7487580287960037,-0.4999999999999894,0.6725794972718477,0.4331706590358454,1.149080830487037e-14,5.966408047942614,70,255,255,255
1152,23.04,32.819485485893935,5.621123034607946,-21.53000000000001,1.2993600330810493,0.7494421288075648,-0.4999999999999892,0.6724219135648305,0.43341523987720104,1.0824674490095276e-14,5.9716440356985965,70,255,255,255
1153,23.06,32.84546481857925,5.636125510177848,-21.540000000000006,1.2989666342659474,0.7501237784951202,-0.49999999999998923,0.672264700582545,0.4336590508114193,-4.052314039881821e-15,5.97688002345458,70,255,255,255
1154,23.080000000000002,32.871436301955434,5.65114156995532,-21.550000000000004,1.2985741688091768,0.7508029888736163,-0.4999999999999893,0.6721078572580323,0.4339020951920104,-3.885780586188048e-15,5.982116011210564,70,255,255,255
1155,23.1,32.89739995465623,5.666171165373443,-21.560000000000006,1.2981826350397947,0.7514797709061334,-0.4999999999999896,0.6719513825269914,0.4341443763543008,-1.7930101847696278e-14,5.987351998966546,70,255,255,255
1156,23.12,32.92335579528176,5.681214248083525,-21.570000000000007,1.2977920312762417,0.7521541355040777,-0.49999999999998995,0.6717952753277849,0.4343858976155486,-1.6930901125533637e-14,5.992587986722529,70,255,255,255
1157,23.14,32.94930384239829,5.696270769954072,-21.58000000000001,1.2974023558265635,0.7528260935273717,-0.49999999999999,0.6716395346014443,0.4346266622750558,-1.7208456881689926e-15,5.9978239744785125,70,255,255,255
1158,23.16,32.97524411453806,5.711340683069765,-21.59000000000001,1.2970136069886338,0.7534956557846463,-0.49999999999998973,0.671484159291676,0.43486667361428255,1.2656542480726785e-14,6.003059962234495,70,255,255,255
1159,23.18,33.00117663019906,5.7264239397304335,-21.600000000000012,1.296625783050371,0.7541628330334321,-0.4999999999999895,0.6713291483448667,0.43510593489695826,1.1823875212257917e-14,6.008295949990478,70,255,255,255
1160,23.2,33.02710140784486,5.74152049245004,-21.61000000000001,1.296238882289955,0.7548276359803529,-0.4999999999999893,0.6711745007100868,0.435344449369193,1.1157741397482823e-14,6.01353193774646,70,255,255,255
1161,23.22,33.05301846590438,5.756630293955666,-21.620000000000008,1.29585290297604,0.7554900752813168,-0.49999999999998906,0.6710202153390968,0.43558222025958804,1.049160758270773e-14,6.018767925502444,70,255,255,255
1162,23.240000000000002,33.07892782277174,5.771753297186501,-21.630000000000006,1.2954678433679647,0.7561501615417104,-0.4999999999999892,0.6708662911863508,0.43581925077934625,-4.385380947269368e-15,6.0240039132584275,70,255,255,255
1163,23.26,33.10482949680606,5.786889455292832,-21.640000000000008,1.2950837017159602,0.7568079053165909,-0.49999999999998956,0.6707127272090009,0.43605554412237973,-1.8263168755083825e-14,6.02923990101441,70,255,255,255
1164,23.28,33.130723506331286,5.80203872163505,-21.65000000000001,1.294700476261356,0.75746331711088,-0.4999999999999896,0.6705595223669013,0.43629110346541905,-2.886579864025407e-15,6.034475888770393,70,255,255,255
1165,23.3,33.15660986963602,5.817201049782641,-21.66000000000001,1.2943181652367832,0.7581164073795574,-0.4999999999999894,0.670406675622613,0.43652593196812084,1.149080830487037e-14,6.039711876526376,70,255,255,255
1166,23.32,33.18248860497335,5.832376393513198,-21.67000000000001,1.2939367668663735,0.7587671865278547,-0.4999999999999892,0.6702541859414054,0.436760032773174,1.0824674490095276e-14,6.044947864282359,70,255,255,255
1167,23.34,33.20835973056067,5.847564706811427,-21.680000000000007,1.2935562793659585,0.7594156649114489,-0.49999999999998923,0.6701020522912614,0.4369934090064057,-4.052314039881821e-15,6.050183852038342,70,255,255,255
1168,23.36,33.23422326457954,5.86276594386816,-21.690000000000005,1.2931767009432653,0.7600618528366572,-0.4999999999999893,0.6699502736428797,0.4372260637768872,-3.885780586188048e-15,6.055419839794324,70,255,255,255
1169,23.38,33.2600792251755,5.8779800590793725,-21.700000000000003,1.292798029798109,0.7607057605606309,-0.49999999999998934,0.6697988489696789,0.43745800017703795,-3.7192471324942744e-15,6.060655827550308,70,255,255,255
1170,23.400000000000002,33.285927630457955,5.893207007045204,-21.710000000000004,1.2924202641225835,0.7613473982915495,-0.49999999999999,0.6696477772477988,0.43768922128272975,-3.197442310920451e-14,6.0658918153062915,70,255,255,255
1171,23.42,33.31176849849998,5.90844674256898,-21.720000000000006,1.2920434021012512,0.761986776188816,-0.49999999999999034,0.6694970574561045,0.43791973015338975,-1.5765166949677223e-14,6.071127803062274,70,255,255,255
1172,23.44,33.337601847338206,5.923699220656245,-21.730000000000008,1.2916674419113272,0.7626239043632501,-0.49999999999999034,0.6693466885761875,0.4381495298321025,-5.551115123125783e-16,6.076363790818257,70,255,255,255
1173,23.46,33.363427694972664,5.938964396513791,-21.74000000000001,1.2912923817228652,0.7632587928772849,-0.49999999999999034,0.6691966695923687,0.4383786233457127,-5.551115123125783e-16,6.08159977857424,70,255,255,255
1174,23.48,33.38924605936664,5.954242225548694,-21.75000000000001,1.2909182196989368,0.7638914517451592,-0.49999999999999034,0.6690469994917005,0.4386070137049251,-5.551115123125783e-16,6.086835766330223,70,255,255,255
1175,23.5,33.415056958446556,5.969532663367357,-21.760000000000012,1.2905449539958131,0.7645218909331143,-0.49999999999999006,0.6688976772639689,0.4388347039044056,1.3655743202889425e-14,6.092071754086206,70,255,255,255
1176,23.52,33.44086041010182,5.984835665774549,-21.770000000000014,1.2901725827631394,0.7651501203595873,-0.4999999999999895,0.6687487019016939,0.4390616969228805,2.7033930649622562e-14,6.097307741842188,70,255,255,255
1177,23.54,33.4666564321847,6.000151188772457,-21.780000000000012,1.289801104144111,0.7657761498954065,-0.499999999999989,0.6686000724001325,0.4392879957232356,2.5368596112684827e-14,6.102543729598171,70,255,255,255
1178,23.56,33.49244504251021,6.015479188559737,-21.79000000000001,1.289430516275647,0.7663999893639865,-0.49999999999998884,0.6684517877572798,0.4395136032526146,9.658940314238862e-15,6.107779717354155,70,255,255,255
1179,23.580000000000002,33.51822625885598,6.030819621530568,-21.800000000000008,1.2890608172885585,0.7670216485415218,-0.4999999999999887,0.6683038469738689,0.4397385224425166,9.159339953157541e-15,6.113015705110138,70,255,255,255
1180,23.6,33.54400009896214,6.0461724442737115,-21.810000000000006,1.288692005307718,0.7676411371571825,-0.4999999999999888,0.6681562490533742,0.43996275620889286,-5.551115123125783e-15,6.118251692866121,70,255,255,255
1181,23.62,33.56976658053118,6.061537613571578,-21.820000000000004,1.2883240784522256,0.7682584648933085,-0.4999999999999892,0.6680089930020098,0.4401863074522434,-1.942890293094024e-14,6.1234876806221035,70,255,255,255
1182,23.64,33.595525721227894,6.07691508639929,-21.830000000000005,1.2879570348355731,0.7688736413856039,-0.49999999999998956,0.6678620778287323,0.4404091790577126,-1.8263168755083825e-14,6.128723668378087,70,255,255,255
1183,23.66,33.62127753867921,6.092304819923757,-21.840000000000007,1.287590872565805,0.7694866762233311,-0.4999999999999896,0.6677155025452401,0.44063137389518414,-2.886579864025407e-15,6.13395965613407,70,255,255,255
1184,23.68,33.64702205047412,6.107706771502747,-21.85000000000001,1.2872255897456784,0.7700975789495058,-0.4999999999999897,0.667569266165974,0.4408528948193749,-2.7200464103316335e-15,6.139195643890052,70,255,255,255
1185,23.7,33.672759274163575,6.123120898683969,-21.86000000000001,1.2868611844728226,0.7707063590610914,-0.49999999999998973,0.6674233677081182,0.44107374466992944,-2.55351295663786e-15,6.144431631646035,70,255,255,255
1186,23.72,33.698489227260374,6.138547159204153,-21.87000000000001,1.2864976548398928,0.771313026009192,-0.4999999999999895,0.6672778061915989,0.4412939262715123,1.1823875212257917e-14,6.149667619402019,70,255,255,255
1187,23.740000000000002,33.72421192723907,6.153985510988138,-21.88000000000001,1.2861349989347242,0.7719175891992469,-0.4999999999999893,0.667132580639086,0.44151344243390106,1.1157741397482823e-14,6.154903607158002,70,255,255,255
1188,23.76,33.74992739153588,6.1694359121479625,-21.890000000000008,1.2857732148404846,0.7725200579912248,-0.49999999999998934,0.6669876900759915,0.44173229595207714,-3.7192471324942744e-15,6.160139594913985,70,255,255,255
1189,23.78,33.775635637548596,6.184898320981959,-21.90000000000001,1.2854123006358236,0.7731204416998165,-0.4999999999999894,0.6668431335304698,0.44195048960631794,-3.552713678800501e-15,6.165375582669967,70,255,255,255
1190,23.8,33.801336682636496,6.200372695973852,-21.910000000000007,1.2850522543950202,0.7737187495946289,-0.4999999999999892,0.6666989100334175,0.4421680261622872,1.0824674490095276e-14,6.170611570425951,70,255,255,255
1191,23.82,33.827030544120255,6.2158589957918595,-21.920000000000005,1.2846930741881295,0.7743149909003784,-0.49999999999998923,0.6665550186184723,0.44238490837112426,-4.052314039881821e-15,6.175847558181934,70,255,255,255
1192,23.84,33.85271723928188,6.2313571792878015,-21.930000000000007,1.2843347580811257,0.774909174797083,-0.4999999999999896,0.6664114583220123,0.4426011389695343,-1.8096635301390052e-14,6.181083545937916,70,255,255,255
1193,23.86,33.8783967853646,6.246867205496207,-21.94000000000001,1.283977304136045,0.7755013104202562,-0.4999999999999897,0.6662682281831552,0.44281672067987576,-2.7200464103316335e-15,6.186319533693899,70,255,255,255
1194,23.88,33.904069199572824,6.262389033633428,-21.95000000000001,1.2836207104111248,0.7760914068610983,-0.49999999999998945,0.6661253272437576,0.44303165621024976,1.1657341758564144e-14,6.1915555214498825,70,255,255,255
1195,23.900000000000002,33.92973449907204,6.277922623096762,-21.96000000000001,1.283264974960944,0.7766794731666904,-0.4999999999999895,0.6659827545484133,0.44324594825458674,-3.219646771412954e-15,6.196791509205866,70,255,255,255
1196,23.92,33.955392700988774,6.293467933463566,-21.97000000000001,1.2829100958365574,0.7772655183401843,-0.4999999999999893,0.6658405091444529,0.4434595994927336,1.1157741397482823e-14,6.202027496961849,70,255,255,255
1197,23.94,33.981043822410484,6.3090249244903855,-21.980000000000008,1.2825560710856314,0.7778495513409962,-0.49999999999998906,0.6656985900819413,0.4436726125905401,1.049160758270773e-14,6.207263484717831,70,255,255,255
1198,23.96,34.006687880385535,6.324593556112085,-21.990000000000006,1.2822028987525773,0.7784315810849971,-0.4999999999999892,0.6655569964136773,0.4438849901999442,-4.385380947269368e-15,6.212499472473815,70,255,255,255
1199,23.98,34.03232489192311,6.340173788440979,-22.000000000000007,1.2818505768786816,0.7790116164447044,-0.49999999999998956,0.6654157271951908,0.4440967349590576,-1.8263168755083825e-14,6.217735460229798,70,255,255,255
1200,24.0,34.057954873993154,6.355765581765969,-22.01000000000001,1.2814991035022365,0.7795896662494728,-0.4999999999999896,0.6652747814847427,0.44430784949224994,-2.886579864025407e-15,6.22297144798578,70,255,255,255
1201,24.02,34.08357784352633,6.371368896551682,-22.02000000000001,1.2811484766586663,0.7801657392856849,-0.4999999999999894,0.6651341583433216,0.44451833641023325,1.149080830487037e-14,6.228207435741763,70,255,255,255
1202,24.04,34.10919381741394,6.386983693437621,-22.03000000000001,1.280798694380654,0.7807398442969414,-0.4999999999999892,0.6649938568346424,0.4447281983101444,1.0824674490095276e-14,6.233443423497746,70,255,255,255
1203,24.060000000000002,34.13480281250791,6.402609933237306,-22.040000000000006,1.2804497546982658,0.7813119899842512,-0.49999999999998923,0.6648538760251445,0.44493743777562933,-4.052314039881821e-15,6.238679411253729,70,255,255,255
1204,24.080000000000002,34.16040484562069,6.41824757693743,-22.050000000000004,1.2801016556390736,0.7818821850062211,-0.4999999999999893,0.664714214983989,0.44514605737692375,-3.885780586188048e-15,6.243915399009713,70,255,255,255
1205,24.1,34.18599993352525,6.433896585697015,-22.060000000000006,1.279754395228275,0.7824504379792447,-0.4999999999999896,0.6645748727830569,0.44535405967093616,-1.7930101847696278e-14,6.249151386765695,70,255,255,255
1206,24.12,34.211588092955026,6.449556920846569,-22.070000000000007,1.2794079714888138,0.7830167574776918,-0.49999999999998995,0.664435848496947,0.4455614472013284,-1.6930901125533637e-14,6.254387374521678,70,255,255,255
1207,24.14,34.237169340603856,6.465228543887251,-22.08000000000001,1.2790623824414966,0.7835811520340968,-0.49999999999999,0.6642971412029727,0.44576822249859616,-1.7208456881689926e-15,6.259623362277662,70,255,255,255
1208,24.16,34.262743693125955,6.480911416490039,-22.09000000000001,1.2787176261051096,0.7841436301393472,-0.49999999999998973,0.6641587499811596,0.4459743880801492,1.2656542480726785e-14,6.264859350033644,70,255,255,255
1209,24.18,34.28831116713589,6.496605500494896,-22.100000000000012,1.2783737004965319,0.7847042002428702,-0.4999999999999895,0.6640206739142436,0.446179946450391,1.1823875212257917e-14,6.270095337789627,70,255,255,255
1210,24.2,34.313871779208505,6.512310757909952,-22.11000000000001,1.2780306036308504,0.7852628707528225,-0.4999999999999893,0.6638829120876668,0.4463849001007977,1.1157741397482823e-14,6.27533132554561,70,255,255,255
1211,24.22,34.33942554587893,6.5280271509106775,-22.120000000000008,1.2776883335214682,0.7858196500362745,-0.49999999999998906,0.6637454635895762,0.4465892515099961,1.049160758270773e-14,6.280567313301593,70,255,255,255
1212,24.240000000000002,34.36497248364254,6.543754641839065,-22.130000000000006,1.277346888180217,0.7863745464193994,-0.4999999999999892,0.6636083275108191,0.44679300314384235,-4.385380947269368e-15,6.285803301057577,70,255,255,255
1213,24.26,34.390512608954886,6.559493193202819,-22.140000000000008,1.2770062656174634,0.786927568187658,-0.49999999999998956,0.6634715029449415,0.44699615745549837,-1.8263168755083825e-14,6.291039288813559,70,255,255,255
1214,24.28,34.41604593823173,6.575242767674538,-22.15000000000001,1.276666463842216,0.7874787235859846,-0.4999999999999896,0.6633349889881838,0.44719871688550955,-2.886579864025407e-15,6.296275276569542,70,255,255,255
1215,24.3,34.44157248784898,6.591003328090918,-22.16000000000001,1.2763274808622322,0.7880280208189736,-0.4999999999999894,0.6631987847394787,0.447400683861881,1.149080830487037e-14,6.3015112643255256,70,255,255,255
1216,24.32,34.467092274142665,6.606774837451939,-22.17000000000001,1.2759893146841188,0.7885754680510626,-0.4999999999999892,0.6630628893004469,0.4476020608001525,1.0824674490095276e-14,6.306747252081508,70,255,255,255
1217,24.34,34.49260531340894,6.622557258920073,-22.180000000000007,1.2756519633134376,0.7891210734067189,-0.49999999999998923,0.6629273017753943,0.44780285010347515,-4.052314039881821e-15,6.311983239837491,70,255,255,255
1218,24.36,34.51811162190403,6.6383505558194855,-22.190000000000005,1.275315424754803,0.7896648449706218,-0.4999999999999893,0.6627920212713083,0.448003054162685,-3.885780586188048e-15,6.3172192275934735,70,255,255,255
1219,24.38,34.54361121584427,6.6541546916352425,-22.200000000000003,1.274979697011984,0.7902067907878474,-0.49999999999998934,0.6626570468978544,0.448202675356378,-3.7192471324942744e-15,6.322455215349457,70,255,255,255
1220,24.400000000000002,34.569104111406034,6.669969630012524,-22.210000000000004,1.274644778088001,0.7907469188640515,-0.49999999999999,0.6625223777673726,0.4484017160509837,-3.197442310920451e-14,6.327691203105441,70,255,255,255
1221,24.42,34.594590324725736,6.685795334755837,-22.220000000000006,1.2743106659852215,0.7912852371656515,-0.49999999999999034,0.662388012994873,0.44860017860083823,-1.5765166949677223e-14,6.332927190861423,70,255,255,255
1222,24.44,34.620069871899844,6.7016317698282375,-22.230000000000008,1.2739773587054568,0.7918217536200101,-0.49999999999999034,0.6622539516980334,0.4487980653482575,-5.551115123125783e-16,6.338163178617406,70,255,255,255
1223,24.46,34.645542768984846,6.717478899350549,-22.24000000000001,1.2736448542500547,0.792356476115616,-0.49999999999999034,0.662120192997194,0.44899537862360955,-5.551115123125783e-16,6.3433991663733895,70,255,255,255
1224,24.48,34.671009031997244,6.733336687600595,-22.25000000000001,1.2733131506199926,0.7928894125022655,-0.49999999999999034,0.6619867360153546,0.44919212074538584,-5.551115123125783e-16,6.348635154129372,70,255,255,255
1225,24.5,34.69646867691356,6.7492050990124195,-22.260000000000012,1.272982245815968,0.7934205705912434,-0.49999999999999006,0.6618535798781697,0.44938829402027314,1.3655743202889425e-14,6.353871141885355,70,255,255,255
1226,24.52,34.721921719670334,6.76508409817553,-22.270000000000014,1.2726521378384887,0.7939499581555027,-0.4999999999999895,0.661720723713945,0.4495839007432241,2.7033930649622562e-14,6.3591071296413375,70,255,255,255
1227,24.54,34.747368176164095,6.780973649834126,-22.280000000000012,1.2723228246879605,0.7944775829298452,-0.499999999999989,0.661588166653633,0.44977894319752776,2.5368596112684827e-14,6.36434311739732,70,255,255,255
1228,24.560000000000002,34.77280806225139,6.796873718886348,-22.29000000000001,1.2719943043647757,0.7950034526111007,-0.49999999999998884,0.6614559078308293,0.44997342365487936,9.658940314238862e-15,6.369579105153304,70,255,255,255
1229,24.580000000000002,34.79824139374878,6.812784270383514,-22.300000000000008,1.2716665748693972,0.7955275748583053,-0.4999999999999887,0.6613239463817675,0.4501673443754501,9.159339953157541e-15,6.374815092909287,70,255,255,255
1230,24.6,34.82366818643283,6.828705269529372,-22.310000000000006,1.2713396342024443,0.7960499572928796,-0.4999999999999888,0.6611922814453157,0.45036070760795555,-5.551115123125783e-15,6.38005108066527,70,255,255,255
1231,24.62,34.84908845604013,6.844636681679349,-22.320000000000004,1.271013480364776,0.7965706074988071,-0.4999999999999892,0.6610609121629714,0.4505535155897248,-1.942890293094024e-14,6.385287068421253,70,255,255,255
1232,24.64,34.87450221826728,6.860578472339805,-22.330000000000005,1.2706881113575732,0.7970895330228117,-0.49999999999998956,0.6609298376788573,0.4507457705467679,-1.8263168755083825e-14,6.390523056177236,70,255,255,255
1233,24.66,34.89990948877093,6.876530607167296,-22.340000000000007,1.2703635251824177,0.7976067413745328,-0.4999999999999896,0.6607990571397171,0.450937474693844,-2.886579864025407e-15,6.395759043933219,70,255,255,255
1234,24.68,34.92531028316776,6.89249305196783,-22.35000000000001,1.2700397198413746,0.7981222400267032,-0.4999999999999897,0.6606685696949104,0.45112863023452804,-2.7200464103316335e-15,6.4009950316892015,70,255,255,255
1235,24.7,34.9507046170345,6.908465772696137,-22.36000000000001,1.2697166933370694,0.7986360364153238,-0.49999999999998973,0.6605383744964086,0.4513192393612779,-2.55351295663786e-15,6.406231019445184,70,255,255,255
1236,24.72,34.97609250590796,6.924448735454933,-22.37000000000001,1.2693944436727647,0.7991481379398392,-0.4999999999999895,0.6604084706987898,0.45150930425550023,1.1823875212257917e-14,6.411467007201168,70,255,255,255
1237,24.740000000000002,35.00147396528501,6.9404419064942,-22.38000000000001,1.2690729688524374,0.799658551963312,-0.4999999999999893,0.6602788574592341,0.4516988270876165,1.1157741397482823e-14,6.416702994957151,70,255,255,255
1238,24.76,35.02684901062263,6.956445252210451,-22.390000000000008,1.2687522668808526,0.8001672858125966,-0.49999999999998934,0.6601495339375192,0.45188781001712836,-3.7192471324942744e-15,6.421938982713134,70,255,255,255
1239,24.78,35.0522176573379,6.972458739146021,-22.40000000000001,1.268432335763639,0.8006743467785133,-0.4999999999999894,0.660020499296015,0.45207625519268235,-3.552713678800501e-15,6.427174970469117,70,255,255,255
1240,24.8,35.07757992080805,6.988482333988342,-22.410000000000007,1.2681131735073594,0.8011797421160207,-0.4999999999999892,0.6598917526996789,0.45226416475213466,1.0824674490095276e-14,6.4324109582251,70,255,255,255
1241,24.82,35.10293581637044,7.00451600356923,-22.420000000000005,1.2677947781195844,0.8016834790443882,-0.49999999999998923,0.6597632933160511,0.45245154082261496,-4.052314039881821e-15,6.437646945981083,70,255,255,255
1242,24.84,35.12828535932262,7.020559714864177,-22.430000000000007,1.2674771476089606,0.8021855647473678,-0.4999999999999896,0.6596351203152494,0.45263838552059044,-1.8096635301390052e-14,6.442882933737065,70,255,255,255
1243,24.86,35.15362856492232,7.0366134349916445,-22.44000000000001,1.2671602799852817,0.8026860063733653,-0.4999999999999897,0.6595072328699638,0.45282470095192834,-2.7200464103316335e-15,6.448118921493048,70,255,255,255
1244,24.88,35.178965448387515,7.052677131212357,-22.45000000000001,1.2668441732595566,0.8031848110356113,-0.49999999999998945,0.6593796301554523,0.4530104892119595,1.1657341758564144e-14,6.453354909249032,70,255,255,255
1245,24.900000000000002,35.204296024896394,7.068750770928603,-22.46000000000001,1.266528825444075,0.8036819858123307,-0.4999999999999895,0.6592523113495349,0.45319575238554033,-3.219646771412954e-15,6.458590897005015,70,255,255,255
1246,24.92,35.229620309587446,7.084834321683542,-22.47000000000001,1.2662142345524758,0.804177537746913,-0.4999999999999893,0.6591252756325887,0.4533804925471144,1.1157741397482823e-14,6.463826884760998,70,255,255,255
1247,24.94,35.25493831755944,7.100927751160503,-22.480000000000008,1.2659003985998103,0.8046714738480801,-0.49999999999998906,0.6589985221875428,0.4535647117607748,1.049160758270773e-14,6.4690628725169805,70,255,255,255
1248,24.96,35.28025006387149,7.117031027182304,-22.490000000000006,1.265587315602607,0.8051638010900559,-0.4999999999999892,0.658872050199873,0.45374841208032474,-4.385380947269368e-15,6.474298860272964,70,255,255,255
1249,24.98,35.305555563543074,7.133144117710559,-22.500000000000007,1.265274983578935,0.8056545264127335,-0.49999999999998956,0.6587458588575963,0.45393159554933843,-1.8263168755083825e-14,6.479534848028947,70,255,255,255
1250,25.0,35.33085483155404,7.149266990844996,-22.51000000000001,1.2649634005484651,0.8061436567218422,-0.4999999999999896,0.6586199473512654,0.45411426420122103,-2.886579864025407e-15,6.484770835784929,70,255,255,255
1251,25.02,35.356147882844695,7.165399614822778,-22.52000000000001,1.264652564532532,0.8066311988891146,-0.4999999999999894,0.6584943148739645,0.45429642005926946,1.149080830487037e-14,6.490006823540912,70,255,255,255
1252,25.04,35.38143473231578,7.181541958017827,-22.53000000000001,1.2643424735541926,0.8071171597524525,-0.4999999999999892,0.6583689606213018,0.45447806513673095,1.0824674490095276e-14,6.495242811296896,70,255,255,255
1253,25.060000000000002,35.406715394828545,7.197693988940149,-22.540000000000006,1.264033125638287,0.8076015461160919,-0.49999999999998923,0.6582438837914062,0.45465920143686295,-4.052314039881821e-15,6.500478799052879,70,255,255,255
1254,25.080000000000002,35.43198988520478,7.2138556762351635,-22.550000000000004,1.2637245188114956,0.808084364750769,-0.4999999999999893,0.6581190835849199,0.4548398309529908,-3.885780586188048e-15,6.505714786808862,70,255,255,255
1255,25.1,35.457258218226826,7.230026988683041,-22.560000000000006,1.2634166511023959,0.8085656223938826,-0.4999999999999896,0.6579945592049944,0.4550199556685676,-1.7930101847696278e-14,6.5109507745648445,70,255,255,255
1256,25.12,35.482520408637654,7.246207895198034,-22.570000000000007,1.2631095205415193,0.8090453257496598,-0.49999999999998995,0.6578703098572839,0.45519957755723073,-1.6930901125533637e-14,6.516186762320828,70,255,255,255
1257,25.14,35.507776471140886,7.2623983648278205,-22.58000000000001,1.2628031251614062,0.8095234814893177,-0.49999999999999,0.6577463347499402,0.45537869858286045,-1.7208456881689926e-15,6.521422750076811,70,255,255,255
1258,25.16,35.533026420400816,7.278598366752845,-22.59000000000001,1.2624974629966605,0.8100000962512264,-0.49999999999998973,0.6576226330936068,0.45555732069963645,1.2656542480726785e-14,6.526658737832793,70,255,255,255
1259,25.18,35.558270271042495,7.294807870285666,-22.600000000000012,1.2621925320840024,0.8104751766410705,-0.4999999999999895,0.6574992041014136,0.4557354458520949,1.1823875212257917e-14,6.531894725588776,70,255,255,255
1260,25.2,35.58350803765174,7.311026844870306,-22.61000000000001,1.2618883304623218,0.8109487292320109,-0.4999999999999893,0.6573760469889706,0.45591307597518493,1.1157741397482823e-14,6.53713071334476,70,255,255,255
1261,25.22,35.60873973477519,7.327255260081603,-22.620000000000008,1.2615848561727299,0.8114207605648452,-0.49999999999998906,0.6572531609743627,0.4560902129943247,1.049160758270773e-14,6.542366701100742,70,255,255,255
1262,25.240000000000002,35.633965376920365,7.343493085624567,-22.630000000000006,1.2612821072586091,0.8118912771481678,-0.4999999999999892,0.6571305452781439,0.45626685882545703,-4.385380947269368e-15,6.547602688856726,70,255,255,255
1263,25.26,35.65918497855568,7.359740291333737,-22.640000000000008,1.2609800817656631,0.8123602854585285,-0.49999999999998956,0.6570081991233306,0.4564430153751044,-1.8263168755083825e-14,6.5528386766127085,70,255,255,255
1264,25.28,35.684398554110516,7.375996847172549,-22.65000000000001,1.260678777741967,0.8128277919405931,-0.4999999999999896,0.6568861217353978,0.456618684540425,-2.886579864025407e-15,6.558074664368692,70,255,255,255
1265,25.3,35.70960611797528,7.392262723232695,-22.66000000000001,1.260378193238015,0.8132938030073003,-0.4999999999999894,0.656764312342271,0.4567938682092657,1.149080830487037e-14,6.563310652124675,70,255,255,255
1266,25.32,35.73480768450141,7.408537889733495,-22.67000000000001,1.2600783263067665,0.8137583250400192,-0.4999999999999892,0.6566427701743214,0.45696856826021787,1.0824674490095276e-14,6.568546639880657,70,255,255,255
1267,25.34,35.76000326800148,7.424822317021269,-22.680000000000007,1.2597791750036953,0.8142213643887078,-0.49999999999998923,0.6565214944643601,0.4571427865626702,-4.052314039881821e-15,6.57378262763664,70,255,255,255
1268,25.36,35.78519288274922,7.44111597556871,-22.690000000000005,1.2594807373868322,0.8146829273720674,-0.4999999999999893,0.6564004844476324,0.4573165249768628,-3.885780586188048e-15,6.579018615392624,70,255,255,255
1269,25.38,35.810376542979554,7.457418835974265,-22.700000000000003,1.2591830115168126,0.8151430202776996,-0.49999999999998934,0.6562797393618107,0.4574897853539399,-3.7192471324942744e-15,6.584254603148606,70,255,255,255
1270,25.400000000000002,35.83555426288869,7.47373086896151,-22.710000000000004,1.2588859954569191,0.8156016493622616,-0.49999999999999,0.6561592584469895,0.45766256953600304,-3.197442310920451e-14,6.58949059090459,70,255,255,255
1271,25.42,35.86072605663416,7.490052045378542,-22.720000000000006,1.2585896872731255,0.8160588208516198,-0.49999999999999034,0.6560390409456796,0.4578348793561637,-1.5765166949677223e-14,6.594726578660572,70,255,255,255
1272,25.44,35.88589193833484,7.506382336197363,-22.730000000000008,1.2582940850341389,0.8165145409410047,-0.49999999999999034,0.6559190861028011,0.4580067166385949,-5.551115123125783e-16,6.599962566416556,70,255,255,255
1273,25.46,35.91105192207107,7.522721712513266,-22.74000000000001,1.2579991868114417,0.8169688157951637,-0.49999999999999034,0.6557993931656784,0.45817808319858333,-5.551115123125783e-16,6.605198554172539,70,255,255,255
1274,25.48,35.93620602188465,7.539070145544236,-22.75000000000001,1.2577049906793327,0.8174216515485135,-0.49999999999999034,0.6556799613840333,0.4583489808425809,-5.551115123125783e-16,6.610434541928521,70,255,255,255
1275,25.5,35.96135425177895,7.555427606630341,-22.760000000000012,1.257411494714968,0.8178730543052937,-0.49999999999999006,0.6555607900099797,0.45851941136825536,1.3655743202889425e-14,6.615670529684505,70,255,255,255
1276,25.52,35.98649662571892,7.571794067233136,-22.770000000000014,1.2571186969983992,0.8183230301397162,-0.4999999999999895,0.6554418782980165,0.4586893765645418,2.7033930649622562e-14,6.6209065174404875,70,255,255,255
1277,25.54,36.011633157631174,7.588169498935058,-22.780000000000012,1.2568265956126135,0.8187715850961175,-0.499999999999989,0.655323225505023,0.4588588782116925,2.5368596112684827e-14,6.62614250519647,70,255,255,255
1278,25.560000000000002,36.03676386140405,7.6045538734388405,-22.79000000000001,1.2565351886435705,0.819218725189108,-0.49999999999998884,0.6552048308902508,0.4590279180813273,9.658940314238862e-15,6.631378492952454,70,255,255,255
1279,25.580000000000002,36.061888750887654,7.620947162566915,-22.800000000000008,1.256244474180241,0.8196644564037225,-0.4999999999999887,0.6550866937153198,0.45919649793648337,9.159339953157541e-15,6.636614480708437,70,255,255,255
1280,25.6,36.08700783989395,7.637349338260826,-22.810000000000006,1.2559544503146427,0.8201087846955689,-0.4999999999999888,0.6549688132442102,0.4593646195316645,-5.551115123125783e-15,6.64185046846442,70,255,255,255
1281,25.62,36.112121142196784,7.653760372580646,-22.820000000000004,1.2556651151418774,0.8205517159909764,-0.4999999999999892,0.6548511887432574,0.45953228461289064,-1.942890293094024e-14,6.647086456220403,70,255,255,255
1282,25.64,36.137228671531986,7.670180237704389,-22.830000000000005,1.2553764667601637,0.8209932561871427,-0.49999999999998956,0.6547338194811454,0.45969949491774603,-1.8263168755083825e-14,6.652322443976385,70,255,255,255
1283,25.66,36.162330441597405,7.686608905927434,-22.840000000000007,1.255088503270875,0.8214334111522824,-0.4999999999999896,0.6546167047289009,0.4598662521754288,-2.886579864025407e-15,6.657558431732369,70,255,255,255
1284,25.68,36.187426466052976,7.70304634966195,-22.85000000000001,1.2548012227785708,0.821872186725773,-0.4999999999999897,0.6544998437598863,0.46003255810679794,-2.7200464103316335e-15,6.6627944194883515,70,255,255,255
1285,25.7,36.2125167585208,7.719492541436316,-22.86000000000001,1.254514623391031,0.8223095887183,-0.49999999999998973,0.6543832358497949,0.4601984144244217,-2.55351295663786e-15,6.668030407244334,70,255,255,255
1286,25.72,36.237601332585186,7.735947453894556,-22.87000000000001,1.2542287032192891,0.8227456229120035,-0.4999999999999895,0.6542668802766429,0.46036382283262567,1.1823875212257917e-14,6.673266395000317,70,255,255,255
1287,25.740000000000002,36.26268020179274,7.752411059795769,-22.88000000000001,1.2539434603776631,0.8231802950606217,-0.4999999999999893,0.6541507763207646,0.4605287850275388,1.1157741397482823e-14,6.6785023827563,70,255,255,255
1288,25.76,36.287753379652415,7.768883332013561,-22.890000000000008,1.2536588929837873,0.823613610889636,-0.49999999999998934,0.6540349232648055,0.46069330269714154,-3.7192471324942744e-15,6.683738370512284,70,255,255,255
1289,25.78,36.31282087963559,7.78536424353549,-22.90000000000001,1.2533749991586436,0.8240455760964136,-0.4999999999999894,0.6539193203937158,0.46085737752131195,-3.552713678800501e-15,6.688974358268267,70,255,255,255
1290,25.8,36.33788271517612,7.801853767462497,-22.910000000000007,1.2530917770265904,0.8244761963503506,-0.4999999999999892,0.6538039669947445,0.46102101117187166,1.0824674490095276e-14,6.694210346024249,70,255,255,255
1291,25.82,36.36293889967043,7.818351877008357,-22.920000000000005,1.2528092247153932,0.8249054772930146,-0.49999999999998923,0.6536888623574333,0.4611842053126329,-4.052314039881821e-15,6.699446333780233,70,255,255,255
1292,25.84,36.387989446477555,7.834858545499123,-22.930000000000007,1.2525273403562522,0.8253334245382852,-0.4999999999999896,0.6535740057736095,0.4613469615994432,-1.8096635301390052e-14,6.7046823215362155,70,255,255,255
1293,25.86,36.413034368919234,7.851373746372572,-22.94000000000001,1.2522461220838328,0.8257600436724962,-0.4999999999999897,0.6534593965373803,0.46150928168023125,-2.7200464103316335e-15,6.709918309292198,70,255,255,255
1294,25.88,36.43807368027996,7.8678974531776635,-22.95000000000001,1.2519655680362904,0.8261853402545751,-0.49999999999998945,0.6533450339451263,0.46167116719505225,1.1657341758564144e-14,6.715154297048181,70,255,255,255
1295,25.900000000000002,36.46310739380707,7.8844296395739875,-22.96000000000001,1.2516856763553006,0.8266093198161836,-0.4999999999999895,0.6532309172954953,0.4618326197761325,-3.219646771412954e-15,6.720390284804164,70,255,255,255
1296,25.92,36.48813552271079,7.900970279331225,-22.97000000000001,1.2514064451860825,0.8270319878618555,-0.4999999999999893,0.653117045889396,0.46199364104791385,1.1157741397482823e-14,6.725626272560148,70,255,255,255
1297,25.94,36.51315808016434,7.917519346328608,-22.980000000000008,1.2511278726774273,0.8274533498691365,-0.49999999999998906,0.653003419029991,0.4621542326270982,1.049160758270773e-14,6.7308622603161306,70,255,255,255
1298,25.96,36.538175079303976,7.934076814554382,-22.990000000000006,1.250849956981722,0.8278734112887214,-0.4999999999999892,0.6528900360226915,0.46231439612269143,-4.385380947269368e-15,6.736098248072113,70,255,255,255
1299,25.98,36.56318653322908,7.9506426581052745,-23.000000000000007,1.2505726962549755,0.8282921775445914,-0.49999999999998956,0.6527768961751494,0.46247413313604696,-1.8263168755083825e-14,6.741334235828097,70,255,255,255
1300,26.0,36.588192455002215,7.967216851185958,-23.01000000000001,1.2502960886568422,0.8287096540341509,-0.4999999999999896,0.6526639987972533,0.4626334452609095,-2.886579864025407e-15,6.746570223584079,70,255,255,255
1301,26.02,36.613192857649224,7.983799368108525,-23.02000000000001,1.2500201323506457,0.8291258461283635,-0.4999999999999894,0.6525513432011197,0.46279233408345755,1.149080830487037e-14,6.751806211340062,70,255,255,255
1302,26.04,36.63818775415929,8.000390183291962,-23.03000000000001,1.2497448255034018,0.8295407591718877,-0.4999999999999892,0.6524389287010879,0.46295080118234694,1.0824674490095276e-14,6.757042199096045,70,255,255,255
1303,26.060000000000002,36.66317715748501,8.016989271261627,-23.040000000000006,1.2494701662858425,0.8299543984832113,-0.49999999999998923,0.6523267546137131,0.46310884812875314,-4.052314039881821e-15,6.762278186852028,70,255,255,255
1304,26.080000000000002,36.68816108054246,8.033596606648723,-23.050000000000004,1.2491961528724367,0.8303667693547857,-0.4999999999999893,0.6522148202577609,0.4632664764864133,-3.885780586188048e-15,6.767514174608012,70,255,255,255
1305,26.1,36.71313953621129,8.050212164189787,-23.060000000000006,1.2489227834414123,0.8307778770531596,-0.4999999999999896,0.6521031249542,0.4634236878116688,-1.7930101847696278e-14,6.7727501623639945,70,255,255,255
1306,26.12,36.738112537334786,8.06683591872617,-23.070000000000007,1.248650056174778,0.8311877268191126,-0.49999999999998995,0.6519916680261959,0.46358048365350657,-1.6930901125533637e-14,6.777986150119977,70,255,255,255
1307,26.14,36.76308009671995,8.083467845203526,-23.08000000000001,1.2483779692583425,0.8315963238677863,-0.49999999999999,0.6518804487991046,0.4637368655536005,-1.7208456881689926e-15,6.783222137875961,70,255,255,255
1308,26.16,36.78804222713759,8.100107918671302,-23.09000000000001,1.248106520881737,0.8320036733888173,-0.49999999999998973,0.6517694666004666,0.4638928350463533,1.2656542480726785e-14,6.788458125631943,70,255,255,255
1309,26.18,36.812998941322356,8.116756114282232,-23.100000000000012,1.2478357092384322,0.8324097805464681,-0.4999999999999895,0.6516587207600003,0.464048393658937,1.1823875212257917e-14,6.793694113387926,70,255,255,255
1310,26.2,36.83795025197287,8.133412407291827,-23.11000000000001,1.247565532525759,0.8328146504797567,-0.4999999999999893,0.6515482106095953,0.46420354291133364,1.1157741397482823e-14,6.798930101143909,70,255,255,255
1311,26.22,36.86289617175177,8.15007677305788,-23.120000000000008,1.2472959889449275,0.8332182883025884,-0.49999999999998906,0.6514379354833061,0.46435828431637577,1.049160758270773e-14,6.804166088899892,70,255,255,255
1312,26.240000000000002,36.88783671328579,8.166749187039956,-23.130000000000006,1.2470270767010443,0.8336206991038836,-0.4999999999999892,0.6513278947173456,0.4645126193797865,-4.385380947269368e-15,6.809402076655876,70,255,255,255
1313,26.26,36.91277188916585,8.18342962479891,-23.140000000000008,1.246758794003131,0.8340218879477076,-0.49999999999998956,0.6512180876500796,0.4646665496002197,-1.8263168755083825e-14,6.8146380644118585,70,255,255,255
1314,26.28,36.937701711947135,8.200118061996378,-23.15000000000001,1.246491139064141,0.8344218598733981,-0.4999999999999896,0.6511085136220189,0.4648200764692993,-2.886579864025407e-15,6.819874052167841,70,255,255,255
1315,26.3,36.96262619414915,8.216814474394292,-23.16000000000001,1.2462241101009766,0.8348206198956931,-0.4999999999999894,0.6509991719758143,0.4649732014716593,1.149080830487037e-14,6.825110039923825,70,255,255,255
1316,26.32,36.98754534825584,8.233518837854389,-23.17000000000001,1.2459577053345054,0.8352181730048582,-0.4999999999999892,0.6508900620562489,0.4651259260849824,1.0824674490095276e-14,6.830346027679807,70,255,255,255
1317,26.34,37.01245918671563,8.250231128337726,-23.180000000000007,1.2456919229895773,0.8356145241668128,-0.49999999999998923,0.6507811832102333,0.4652782517800387,-4.052314039881821e-15,6.83558201543579,70,255,255,255
1318,26.36,37.03736772194153,8.266951321904191,-23.190000000000005,1.2454267612950378,0.8360096783232551,-0.4999999999999893,0.6506725347867971,0.465430180020725,-3.885780586188048e-15,6.840818003191773,70,255,255,255
1319,26.38,37.0622709663112,8.283679394712026,-23.200000000000003,1.2451622184837456,0.8364036403917887,-0.49999999999998934,0.6505641161370848,0.4655817122641028,-3.7192471324942744e-15,6.846053990947756,70,255,255,255
1320,26.400000000000002,37.08716893216705,8.300415323017347,-23.210000000000004,1.2448982927925856,0.8367964152660464,-0.49999999999999,0.6504559266143476,0.4657328499604367,-3.197442310920451e-14,6.85128997870374,70,255,255,255
1321,26.42,37.1120616318163,8.317159083173664,-23.220000000000006,1.2446349824624838,0.8371880078158145,-0.49999999999999034,0.6503479655739378,0.4658835945532321,-1.5765166949677223e-14,6.8565259664597225,70,255,255,255
1322,26.44,37.13694907753107,8.333910651631406,-23.230000000000008,1.2443722857384216,0.8375784228871559,-0.49999999999999034,0.6502402323733025,0.46603394747927274,-5.551115123125783e-16,6.861761954215705,70,255,255,255
1323,26.46,37.16183128154846,8.350670004937458,-23.24000000000001,1.2441102008694491,0.8379676653025339,-0.49999999999999034,0.6501327263719769,0.466183910168659,-5.551115123125783e-16,6.866997941971689,70,255,255,255
1324,26.48,37.18670825607063,8.367437119734676,-23.25000000000001,1.2438487261086968,0.8383557398609327,-0.49999999999999034,0.6500254469315779,0.46633348404484354,-5.551115123125783e-16,6.872233929727671,70,255,255,255
1325,26.5,37.2115800132649,8.384211972761436,-23.260000000000012,1.2435878597133911,0.8387426513379816,-0.49999999999999006,0.6499183934157982,0.46648267052467024,1.3655743202889425e-14,6.877469917483654,70,255,255,255
1326,26.52,37.2364465652638,8.400994540851158,-23.270000000000014,1.243327599944864,0.8391284044860741,-0.4999999999999895,0.6498115651903988,0.46663147101840896,2.7033930649622562e-14,6.882705905239637,70,255,255,255
1327,26.54,37.261307924165166,8.417784800931848,-23.280000000000012,1.2430679450685664,0.8395130040344886,-0.499999999999989,0.6497049616232042,0.46677988692979344,2.5368596112684827e-14,6.887941892995619,70,255,255,255
1328,26.560000000000002,37.286164102032245,8.434582730025639,-23.29000000000001,1.2428088933540795,0.8398964546895101,-0.49999999999998884,0.649598582084095,0.46692791965605707,9.658940314238862e-15,6.893177880751603,70,255,255,255
1329,26.580000000000002,37.31101511089375,8.45138830524833,-23.300000000000008,1.2425504430751253,0.8402787611345476,-0.4999999999999887,0.6494924259450016,0.4670755705879688,9.159339953157541e-15,6.898413868507586,70,255,255,255
1330,26.6,37.33586096274394,8.468201503808935,-23.310000000000006,1.242292592509578,0.8406599280302535,-0.4999999999999888,0.649386492579898,0.4672228411098691,-5.551115123125783e-15,6.903649856263569,70,255,255,255
1331,26.62,37.360701669542735,8.485022303009227,-23.320000000000004,1.2420353399394755,0.8410399600146428,-0.4999999999999892,0.6492807813647957,0.4673697325997059,-1.942890293094024e-14,6.908885844019552,70,255,255,255
1332,26.64,37.38553724321576,8.501850680243292,-23.330000000000005,1.2417786836510265,0.8414188617032089,-0.49999999999998956,0.6491752916777368,0.4675162464290685,-1.8263168755083825e-14,6.914121831775535,70,255,255,255
1333,26.66,37.41036769565445,8.518686612997072,-23.340000000000007,1.2415226219346236,0.8417966376890428,-0.4999999999999896,0.6490700228987879,0.46766238396322507,-2.886579864025407e-15,6.919357819531518,70,255,255,255
1334,26.68,37.43519303871615,8.535530078847932,-23.35000000000001,1.2412671530848507,0.8421732925429483,-0.4999999999999897,0.6489649744100342,0.46780814656115555,-2.7200464103316335e-15,6.924593807287501,70,255,255,255
1335,26.7,37.46001328422416,8.552381055464203,-23.36000000000001,1.241012275400492,0.8425488308135578,-0.49999999999998973,0.6488601455955728,0.467953535575587,-2.55351295663786e-15,6.929829795043483,70,255,255,255
1336,26.72,37.48482844396785,8.569239520604752,-23.37000000000001,1.2407579871845424,0.8429232570274491,-0.4999999999999895,0.6487555358415058,0.46809855235302833,1.1823875212257917e-14,6.935065782799467,70,255,255,255
1337,26.740000000000002,37.509638529702734,8.586105452118536,-23.38000000000001,1.240504286744214,0.8432965756892582,-0.4999999999999893,0.6486511445359349,0.4682431982338041,1.1157741397482823e-14,6.94030177055545,70,255,255,255
1338,26.76,37.53444355315055,8.602978827944172,-23.390000000000008,1.240251172390945,0.8436687912817955,-0.49999999999998934,0.648546971068955,0.46838747455208923,-3.7192471324942744e-15,6.945537758311433,70,255,255,255
1339,26.78,37.559243525999364,8.619859626109495,-23.40000000000001,1.2399986424404081,0.8440399082661584,-0.4999999999999894,0.6484430148326472,0.4685313826359418,-3.552713678800501e-15,6.950773746067416,70,255,255,255
1340,26.8,37.58403845990362,8.636747824731131,-23.410000000000007,1.2397466952125158,0.8444099310818445,-0.4999999999999892,0.6483392752210733,0.46867492380733755,1.0824674490095276e-14,6.956009733823399,70,255,255,255
1341,26.82,37.608828366484246,8.653643402014069,-23.420000000000005,1.2394953290314301,0.8447788641468649,-0.49999999999998923,0.6482357516302686,0.46881809938220254,-4.052314039881821e-15,6.961245721579382,70,255,255,255
1342,26.84,37.633613257328754,8.670546336251226,-23.430000000000007,1.2392445422255673,0.8451467118578551,-0.4999999999999896,0.6481324434582368,0.46896091067044776,-1.8096635301390052e-14,6.966481709335365,70,255,255,255
1343,26.86,37.658393143991304,8.68745660582303,-23.44000000000001,1.2389943331276059,0.8455134785901879,-0.4999999999999897,0.6480293501049428,0.4691033589759996,-2.7200464103316335e-15,6.971717697091347,70,255,255,255
1344,26.88,37.68316803799279,8.704374189196992,-23.45000000000001,1.2387447000744911,0.8458791686980828,-0.49999999999998945,0.6479264709723067,0.4692454455968353,1.1657341758564144e-14,6.976953684847331,70,255,255,255
1345,26.900000000000002,37.70793795082094,8.721299064927287,-23.46000000000001,1.2384956414074428,0.8462437865147177,-0.4999999999999895,0.6478238054641979,0.46938717182501394,-3.219646771412954e-15,6.982189672603314,70,255,255,255
1346,26.92,37.73270289393038,8.738231211654334,-23.47000000000001,1.2382471554719598,0.8466073363523379,-0.4999999999999893,0.647721352986428,0.46952853894670893,1.1157741397482823e-14,6.987425660359297,70,255,255,255
1347,26.94,37.757462878742736,8.75517060810438,-23.480000000000008,1.2379992406178248,0.8469698225023657,-0.49999999999998906,0.6476191129467455,0.4696695482422408,1.049160758270773e-14,6.99266164811528,70,255,255,255
1348,26.96,37.782217916646715,8.77211723308909,-23.490000000000006,1.237751895199111,0.8473312492355094,-0.4999999999999892,0.647517084754829,0.4698102009861085,-4.385380947269368e-15,6.997897635871263,70,255,255,255
1349,26.98,37.8069680189982,8.789071065505128,-23.500000000000007,1.2375051175741851,0.8476916208018708,-0.49999999999998956,0.6474152678222813,0.46995049844702147,-1.8263168755083825e-14,7.003133623627246,70,255,255,255
1350,27.0,37.831713197120315,8.806032084333749,-23.51000000000001,1.2372589061057124,0.8480509414310533,-0.4999999999999896,0.6473136615626228,0.470090441887931,-2.886579864025407e-15,7.008369611383229,70,255,255,255
1351,27.02,37.85645346230353,8.823000268640394,-23.52000000000001,1.237013259160662,0.8484092153322694,-0.4999999999999894,0.6472122653912858,0.4702300325660622,1.149080830487037e-14,7.013605599139211,70,255,255,255
1352,27.04,37.88118882580574,8.839975597574282,-23.53000000000001,1.2367681751103088,0.8487664466944465,-0.4999999999999892,0.6471110787256079,0.4703692717329441,1.0824674490095276e-14,7.018841586895194,70,255,255,255
1353,27.060000000000002,37.90591929885234,8.856958050368009,-23.540000000000006,1.236523652330239,0.8491226396863333,-0.49999999999998923,0.6470101009848258,0.47050816063444156,-4.052314039881821e-15,7.024077574651177,70,255,255,255
1354,27.080000000000002,37.930644892636344,8.873947606337142,-23.550000000000004,1.2362796892003522,0.8494777984566053,-0.4999999999999893,0.6469093315900698,0.4706467005107857,-3.885780586188048e-15,7.029313562407161,70,255,255,255
1355,27.1,37.95536561831844,8.89094424487982,-23.560000000000006,1.236036284104865,0.84983192713397,-0.4999999999999896,0.6468087699643567,0.4707848925966043,-1.7930101847696278e-14,7.034549550163144,70,255,255,255
1356,27.12,37.980081487027086,8.907947945476366,-23.570000000000007,1.2357934354323143,0.8501850298272715,-0.49999999999998995,0.6467084155325837,0.4709227381209523,-1.6930901125533637e-14,7.039785537919126,70,255,255,255
1357,27.14,38.004792509858596,8.924958687688878,-23.58000000000001,1.2355511415755591,0.8505371106255932,-0.49999999999999,0.6466082677215238,0.47106023830734245,-1.7208456881689926e-15,7.04502152567511,70,255,255,255
1358,27.16,38.02949869787723,8.941976451160846,-23.59000000000001,1.2353094009317835,0.8508881735983628,-0.49999999999998973,0.6465083259598176,0.47119739437377445,1.2656542480726785e-14,7.0502575134310925,70,255,255,255
1359,27.18,38.05420006211528,8.959001215616755,-23.600000000000012,1.2350682119024992,0.8512382227954544,-0.4999999999999895,0.6464085896779682,0.4713342075327657,1.1823875212257917e-14,7.055493501187075,70,255,255,255
1360,27.2,38.07889661357315,8.976032960861701,-23.61000000000001,1.2348275728935456,0.8515872622472904,-0.4999999999999893,0.6463090583083352,0.47147067899138007,1.1157741397482823e-14,7.060729488943058,70,255,255,255
1361,27.22,38.10358836321945,8.993071666781,-23.620000000000008,1.234587482315094,0.8519352959649446,-0.49999999999998906,0.6462097312851284,0.47160680995125825,1.049160758270773e-14,7.065965476699041,70,255,255,255
1362,27.240000000000002,38.12827532199108,9.010117313339805,-23.630000000000006,1.2343479385816472,0.8522823279402422,-0.4999999999999892,0.6461106080444015,0.4717426016086461,-4.385380947269368e-15,7.071201464455025,70,255,255,255
1363,27.26,38.15295750079332,9.027169880582722,-23.640000000000008,1.2341089401120413,0.8526283621458614,-0.49999999999998956,0.6460116880240464,0.47187805515442466,-1.8263168755083825e-14,7.076437452211008,70,255,255,255
1364,27.28,38.17763491049991,9.044229348633431,-23.65000000000001,1.233870485329447,0.8529734025354334,-0.4999999999999896,0.6459129706637868,0.4720131717741382,-2.886579864025407e-15,7.08167343996699,70,255,255,255
1365,27.3,38.20230756195314,9.061295697694304,-23.66000000000001,1.2336325726613704,0.8533174530436425,-0.4999999999999894,0.6458144554051726,0.47214795264802367,1.149080830487037e-14,7.086909427722974,70,255,255,255
1366,27.32,38.22697546596393,9.07836890804603,-23.67000000000001,1.2333952005396522,0.8536605175863244,-0.4999999999999892,0.6457161416915732,0.47228239895103874,1.0824674490095276e-14,7.0921454154789565,70,255,255,255
1367,27.34,38.25163863331194,9.095448960047243,-23.680000000000007,1.23315836740047,0.8540026000605664,-0.49999999999998923,0.6456180289681722,0.4724165118528906,-4.052314039881821e-15,7.097381403234939,70,255,255,255
1368,27.36,38.27629707474563,9.112535834134139,-23.690000000000005,1.232922071684337,0.8543437043448043,-0.4999999999999893,0.6455201166819611,0.47255029251806374,-3.885780586188048e-15,7.102617390990922,70,255,255,255
1369,27.38,38.30095080098235,9.129629510820118,-23.700000000000003,1.2326863118361027,0.8546838342989214,-0.49999999999998934,0.6454224042817325,0.4726837421058481,-3.7192471324942744e-15,7.107853378746905,70,255,255,255
1370,27.400000000000002,38.32559982270845,9.146729970695405,-23.710000000000004,1.2324510863049525,0.8550229937643444,-0.49999999999999,0.6453248912180757,0.4728168617703674,-3.197442310920451e-14,7.113089366502889,70,255,255,255
1371,27.42,38.350244150579336,9.163837194426689,-23.720000000000006,1.2322163935444066,0.8553611865641412,-0.49999999999999034,0.6452275769433695,0.4729496526606063,-1.5765166949677223e-14,7.118325354258872,70,255,255,255
1372,27.44,38.37488379521958,9.18095116275675,-23.730000000000008,1.2319822320123204,0.8556984165031168,-0.49999999999999034,0.6451304609117768,0.4730821159204377,-5.551115123125783e-16,7.123561342014854,70,255,255,255
1373,27.46,38.399518767223,9.198071856504109,-23.74000000000001,1.231748600170882,0.8560346873679086,-0.49999999999999034,0.6450335425792382,0.4732142526886508,-5.551115123125783e-16,7.128797329770838,70,255,255,255
1374,27.48,38.424149077152734,9.21519925656265,-23.75000000000001,1.231515496486613,0.8563700029270824,-0.49999999999999034,0.6449368214034662,0.4733460640989779,-5.551115123125783e-16,7.1340333175268205,70,255,255,255
1375,27.5,38.44877473554134,9.232333343901274,-23.760000000000012,1.2312829194303663,0.8567043669312269,-0.49999999999999006,0.6448402968439397,0.47347755128012115,1.3655743202889425e-14,7.139269305282803,70,255,255,255
1376,27.52,38.47339575289089,9.249474099563535,-23.770000000000014,1.2310508674773244,0.8570377831130475,-0.4999999999999895,0.6447439683618977,0.4736087153557799,2.7033930649622562e-14,7.144505293038786,70,255,255,255
1377,27.54,38.49801213967303,9.266621504667285,-23.780000000000012,1.2308193391069984,0.8573702551874608,-0.499999999999989,0.6446478354203334,0.47373955744467733,2.5368596112684827e-14,7.1497412807947684,70,255,255,255
1378,27.560000000000002,38.522623906329095,9.283775540404319,-23.79000000000001,1.2305883328032257,0.8577017868516875,-0.49999999999998884,0.6445518974839886,0.4738700786605861,9.658940314238862e-15,7.154977268550752,70,255,255,255
1379,27.580000000000002,38.547231063270175,9.300936188040026,-23.800000000000008,1.230357847054168,0.8580323817853451,-0.4999999999999887,0.644456154019347,0.47400028011235595,9.159339953157541e-15,7.1602132563067356,70,255,255,255
1380,27.6,38.57183362087722,9.318103428913037,-23.810000000000006,1.2301278803523101,0.8583620436505406,-0.4999999999999888,0.6443606044946293,0.4741301629039391,-5.551115123125783e-15,7.165449244062718,70,255,255,255
1381,27.62,38.59643158950111,9.335277244434877,-23.820000000000004,1.2298984311944559,0.858690776091962,-0.4999999999999892,0.6442652483797876,0.47425972813441664,-1.942890293094024e-14,7.170685231818701,70,255,255,255
1382,27.64,38.621024979462746,9.352457616089616,-23.830000000000005,1.2296694980817278,0.8590185827369697,-0.49999999999998956,0.6441700851464978,0.4743889768980238,-1.8263168755083825e-14,7.175921219574684,70,255,255,255
1383,27.66,38.64561380105314,9.36964452543353,-23.840000000000007,1.2294410795195618,0.8593454671956877,-0.4999999999999896,0.6440751142681558,0.47451791028417667,-2.886579864025407e-15,7.181157207330667,70,255,255,255
1384,27.68,38.670198064533494,9.386837954094753,-23.85000000000001,1.2292131740177068,0.8596714330610938,-0.4999999999999897,0.6439803352198706,0.474646529377497,-2.7200464103316335e-15,7.18639319508665,70,255,255,255
1385,27.7,38.6947777801353,9.404037883772936,-23.86000000000001,1.2289857800902206,0.8599964839091095,-0.49999999999998973,0.6438857474784585,0.47477483525783754,-2.55351295663786e-15,7.191629182842632,70,255,255,255
1386,27.72,38.719352958060405,9.42124429623891,-23.87000000000001,1.2287588962554672,0.8603206232986897,-0.4999999999999895,0.643791350522438,0.4749028290003077,1.1823875212257917e-14,7.196865170598616,70,255,255,255
1387,27.740000000000002,38.743923608481126,9.43845717333435,-23.88000000000001,1.2285325210361122,0.8606438547719112,-0.4999999999999893,0.643697143832023,0.4750305116752986,1.1157741397482823e-14,7.2021011583545995,70,255,255,255
1388,27.76,38.76848974154031,9.45567649697143,-23.890000000000008,1.2283066529591211,0.8609661818540616,-0.49999999999998934,0.6436031268891181,0.4751578843485076,-3.7192471324942744e-15,7.207337146110582,70,255,255,255
1389,27.78,38.793051367351424,9.472902249132504,-23.90000000000001,1.228081290555755,0.8612876080537275,-0.4999999999999894,0.6435092991773125,0.4752849480809636,-3.552713678800501e-15,7.212573133866565,70,255,255,255
1390,27.8,38.817608495998655,9.490134411869763,-23.910000000000007,1.2278564323615662,0.8616081368628821,-0.4999999999999892,0.6434156601818735,0.47541170392905124,1.0824674490095276e-14,7.217809121622548,70,255,255,255
1391,27.82,38.84216113753698,9.507372967304901,-23.920000000000005,1.2276320769163949,0.8619277717569718,-0.49999999999998923,0.6433222093897423,0.4755381529445357,-4.052314039881821e-15,7.223045109378531,70,255,255,255
1392,27.84,38.86670930199227,9.5246178976288,-23.930000000000007,1.2274082227643661,0.8622465161950039,-0.4999999999999896,0.6432289462895269,0.4756642961745868,-1.8096635301390052e-14,7.228281097134514,70,255,255,255
1393,27.86,38.89125299936135,9.541869185101193,-23.94000000000001,1.2271848684538824,0.8625643736196312,-0.4999999999999897,0.643135870371497,0.47579013466180325,-2.7200464103316335e-15,7.233517084890496,70,255,255,255
1394,27.88,38.9157922396121,9.559126812050337,-23.95000000000001,1.2269620125376244,0.8628813474572402,-0.49999999999998945,0.643042981127579,0.4759156694442371,1.1657341758564144e-14,7.23875307264648,70,255,255,255
1395,27.900000000000002,38.940327032683555,9.576390760872698,-23.96000000000001,1.2267396535725412,0.863197441118034,-0.4999999999999895,0.6429502780513486,0.47604090155541645,-3.219646771412954e-15,7.2439890604024635,70,255,255,255
1396,27.92,38.96485738848595,9.593661014032621,-23.97000000000001,1.2265177901198494,0.8635126579961184,-0.4999999999999893,0.6428577606380269,0.47616583202437085,1.1157741397482823e-14,7.249225048158446,70,255,255,255
1397,27.94,38.989383316900856,9.610937554062014,-23.980000000000008,1.2262964207450264,0.8638270014695864,-0.49999999999998906,0.6427654283844741,0.4762904618756536,1.049160758270773e-14,7.254461035914429,70,255,255,255
1398,27.96,39.01390482778121,9.628220363560025,-23.990000000000006,1.2260755440178075,0.8641404749006018,-0.4999999999999892,0.6426732807891838,0.4764147921293658,-4.385380947269368e-15,7.259697023670412,70,255,255,255
1399,27.98,39.03842193095146,9.645509425192735,-24.000000000000007,1.225855158512178,0.8644530816354828,-0.49999999999998956,0.6425813173522775,0.4765388238011797,-1.8263168755083825e-14,7.264933011426395,70,255,255,255
1400,28.0,39.062934636207586,9.662804721692831,-24.01000000000001,1.2256352628063711,0.8647648250047856,-0.4999999999999896,0.642489537575499,0.4766625579023611,-2.886579864025407e-15,7.270168999182378,70,255,255,255
1401,28.02,39.08744295331724,9.680106235859299,-24.02000000000001,1.2254158554828611,0.8650757083233858,-0.4999999999999894,0.6423979409622085,0.4767859954397937,1.149080830487037e-14,7.27540498693836,70,255,255,255
1402,28.04,39.11194689201981,9.69741395055711,-24.03000000000001,1.225196935128358,0.865385734890562,-0.4999999999999892,0.6423065270173781,0.47690913741600094,1.0824674490095276e-14,7.280640974694344,70,255,255,255
1403,28.060000000000002,39.136446462026484,9.714727848716912,-24.040000000000006,1.2249785003338023,0.8656949079900772,-0.49999999999998923,0.6422152952475854,0.4770319848291695,-4.052314039881821e-15,7.2858769624503275,70,255,255,255
1404,28.080000000000002,39.160941673020375,9.732047913334718,-24.050000000000004,1.2247605496943603,0.8660032308902598,-0.4999999999999893,0.6421242451610074,0.4771545386731708,-3.885780586188048e-15,7.29111295020631,70,255,255,255
1405,28.1,39.18543253465656,9.749374127471599,-24.060000000000006,1.2245430818094165,0.8663107068440841,-0.4999999999999896,0.642033376267417,0.47727679993758504,-1.7930101847696278e-14,7.296348937962293,70,255,255,255
1406,28.12,39.209919056562214,9.766706474253384,-24.070000000000007,1.2243260952825699,0.8666173390892521,-0.49999999999998995,0.641942688078175,0.47739876960772215,-1.6930901125533637e-14,7.301584925718276,70,255,255,255
1407,28.14,39.234401248336646,9.78404493687035,-24.08000000000001,1.2241095887216262,0.8669231308482724,-0.49999999999999,0.6418521801062267,0.47752044866464494,-1.7208456881689926e-15,7.306820913474259,70,255,255,255
1408,28.16,39.258879119551416,9.80138949857692,-24.09000000000001,1.2238935607385937,0.8672280853285408,-0.49999999999998973,0.6417618518660956,0.47764183808519084,1.2656542480726785e-14,7.312056901230242,70,255,255,255
1409,28.18,39.28335267975041,9.818740142691368,-24.100000000000012,1.2236780099496747,0.867532205722418,-0.4999999999999895,0.6416717028738774,0.4777629388419935,1.1823875212257917e-14,7.317292888986224,70,255,255,255
1410,28.2,39.30782193844991,9.836096852595514,-24.11000000000001,1.223462934975262,0.8678354952073103,-0.4999999999999893,0.6415817326472356,0.47788375190350546,1.1157741397482823e-14,7.322528876742208,70,255,255,255
1411,28.22,39.33228690513871,9.85345961173443,-24.120000000000008,1.223248334439931,0.8681379569457466,-0.49999999999998906,0.6414919407053955,0.47800427823401886,1.049160758270773e-14,7.3277648644981905,70,255,255,255
1412,28.240000000000002,39.35674758927816,9.87082840361614,-24.130000000000006,1.223034206972433,0.8684395940854562,-0.4999999999999892,0.6414023265691389,0.47812451879368806,-4.385380947269368e-15,7.333000852254174,70,255,255,255
1413,28.26,39.38120400030227,9.888203211811328,-24.140000000000008,1.2228205512056896,0.8687404097594478,-0.49999999999998956,0.6413128897607989,0.4782444745385498,-1.8263168755083825e-14,7.338236840010157,70,255,255,255
1414,28.28,39.405656147617805,9.90558401995305,-24.15000000000001,1.2226073657767857,0.8690404070860851,-0.4999999999999896,0.6412236298042542,0.4783641464205455,-2.886579864025407e-15,7.34347282776614,70,255,255,255
1415,28.3,39.43010404060434,9.922970811736434,-24.16000000000001,1.2223946493269628,0.8693395891691642,-0.4999999999999894,0.6411345462249235,0.4784835353875423,1.149080830487037e-14,7.348708815522123,70,255,255,255
1416,28.32,39.454547688614376,9.940363570918393,-24.17000000000001,1.2221824005016122,0.8696379590979897,-0.4999999999999892,0.6410456385497617,0.47860264238335376,1.0824674490095276e-14,7.353944803278106,70,255,255,255
1417,28.34,39.478987100973384,9.957762281317342,-24.180000000000007,1.2219706179502676,0.8699355199474504,-0.49999999999998923,0.6409569063072523,0.4787214683477609,-4.052314039881821e-15,7.359180791034088,70,255,255,255
1418,28.36,39.50342228697992,9.975166926812904,-24.190000000000005,1.2217593003265992,0.8702322747780957,-0.4999999999999893,0.6408683490274039,0.4788400142165331,-3.885780586188048e-15,7.364416778790072,70,255,255,255
1419,28.38,39.52785325590569,9.992577491345628,-24.200000000000003,1.2215484462884054,0.8705282266362091,-0.49999999999998934,0.640779966241744,0.47895828092144876,-3.7192471324942744e-15,7.3696527665460545,70,255,255,255
1420,28.400000000000002,39.552280016995645,10.009993958916706,-24.210000000000004,1.2213380544976065,0.8708233785538841,-0.49999999999999,0.6406917574833141,0.4790762693903158,-3.197442310920451e-14,7.374888754302038,70,255,255,255
1421,28.42,39.57670257946805,10.027416313587688,-24.220000000000006,1.2211281236202376,0.8711177335490984,-0.49999999999999034,0.6406037222866642,0.47919398054699164,-1.5765166949677223e-14,7.380124742058021,70,255,255,255
1422,28.44,39.60112095251458,10.044844539480204,-24.230000000000008,1.22091865232644,0.8714112946257866,-0.49999999999999034,0.6405158601878473,0.47931141531140475,-5.551115123125783e-16,7.385360729814004,70,255,255,255
1423,28.46,39.62553514530039,10.062278620775682,-24.24000000000001,1.2207096392904553,0.8717040647739153,-0.49999999999999034,0.6404281707244157,0.4794285745995735,-5.551115123125783e-16,7.390596717569987,70,255,255,255
1424,28.48,39.6499451669642,10.079718541715074,-24.25000000000001,1.2205010831906171,0.871996046969555,-0.49999999999999034,0.6403406534354131,0.47954545932362674,-5.551115123125783e-16,7.39583270532597,70,255,255,255
1425,28.5,39.67435102661839,10.097164286598574,-24.260000000000012,1.2202929827093434,0.8722872441749531,-0.49999999999999006,0.640253307861372,0.47966207039182424,1.3655743202889425e-14,7.401068693081952,70,255,255,255
1426,28.52,39.69875273334905,10.114615839785346,-24.270000000000014,1.2200853365331292,0.8725776593386064,-0.4999999999999895,0.6401661335443068,0.47977840870857535,2.7033930649622562e-14,7.406304680837936,70,255,255,255
1427,28.54,39.723150296216104,10.132073185693253,-24.280000000000012,1.2198781433525387,0.8728672953953326,-0.499999999999989,0.6400791300277098,0.4798944751744599,2.5368596112684827e-14,7.4115406685939185,70,255,255,255
1428,28.560000000000002,39.74754372425335,10.149536308798579,-24.29000000000001,1.2196714018621977,0.8731561552663424,-0.49999999999998884,0.6399922968565448,0.48001027068624713,9.658940314238862e-15,7.416776656349902,70,255,255,255
1429,28.580000000000002,39.77193302646856,10.167005193635765,-24.300000000000008,1.219465110760786,0.8734442418593098,-0.4999999999999887,0.6399056335772435,0.4801257961369153,9.159339953157541e-15,7.422012644105886,70,255,255,255
1430,28.6,39.79631821184358,10.184479824797133,-24.310000000000006,1.2192592687510275,0.8737315580684433,-0.4999999999999888,0.6398191397376986,0.480241052415671,-5.551115123125783e-15,7.427248631861868,70,255,255,255
1431,28.62,39.82069928933437,10.201960186932624,-24.320000000000004,1.219053874539686,0.8740181067745567,-0.4999999999999892,0.6397328148872605,0.48035604040796887,-1.942890293094024e-14,7.432484619617851,70,255,255,255
1432,28.64,39.84507626787112,10.219446264749527,-24.330000000000005,1.2188489268375524,0.8743038908451376,-0.49999999999998956,0.6396466585767306,0.4804707609955296,-1.8263168755083825e-14,7.437720607373834,70,255,255,255
1433,28.66,39.86944915635831,10.236938043012215,-24.340000000000007,1.2186444243594416,0.8745889131344194,-0.4999999999999896,0.6395606703583576,0.4805852150563604,-2.886579864025407e-15,7.442956595129817,70,255,255,255
1434,28.68,39.89381796367479,10.254435506541883,-24.35000000000001,1.21844036582418,0.874873176483448,-0.4999999999999897,0.6394748497858314,0.4806994034647729,-2.7200464103316335e-15,7.4481925828858,70,255,255,255
1435,28.7,39.91818269867388,10.271938640216286,-24.36000000000001,1.2182367499545999,0.875156683720152,-0.49999999999998973,0.6393891964142783,0.48081332709140195,-2.55351295663786e-15,7.453428570641782,70,255,255,255
1436,28.72,39.94254337018343,10.289447428969474,-24.37000000000001,1.2180335754775296,0.8754394376594109,-0.4999999999999895,0.6393037098002565,0.48092698680322504,1.1823875212257917e-14,7.458664558397765,70,255,255,255
1437,28.740000000000002,39.9668999870059,10.306961857791537,-24.38000000000001,1.2178308411237864,0.8757214411031236,-0.4999999999999893,0.6392183895017507,0.4810403834635802,1.1157741397482823e-14,7.463900546153749,70,255,255,255
1438,28.76,39.991252557918465,10.324481911728343,-24.390000000000008,1.217628545628167,0.876002696840275,-0.49999999999998934,0.6391332350781667,0.4811535179321846,-3.7192471324942744e-15,7.469136533909732,70,255,255,255
1439,28.78,40.015601091673055,10.342007575881283,-24.40000000000001,1.2174266877294404,0.876283207647005,-0.4999999999999894,0.6390482460903271,0.48126639106515307,-3.552713678800501e-15,7.474372521665715,70,255,255,255
1440,28.8,40.03994559699646,10.359538835407017,-24.410000000000007,1.2172252661703373,0.8765629762866735,-0.4999999999999892,0.638963422100466,0.48137900371501635,1.0824674490095276e-14,7.4796085094216975,70,255,255,255
1441,28.82,40.064286082590414,10.377075675517215,-24.420000000000005,1.217024279697544,0.8768420055099293,-0.49999999999998923,0.6388787626722241,0.4814913567307392,-4.052314039881821e-15,7.484844497177681,70,255,255,255
1442,28.84,40.08862255713165,10.39461808147831,-24.430000000000007,1.2168237270616908,0.8771202980547743,-0.4999999999999896,0.6387942673706438,0.48160345095773804,-1.8096635301390052e-14,7.490080484933664,70,255,255,255
1443,28.86,40.112955029271994,10.412166038611243,-24.44000000000001,1.2166236070173464,0.8773978566466307,-0.4999999999999897,0.6387099357621643,0.4817152872378997,-2.7200464103316335e-15,7.495316472689646,70,255,255,255
1444,28.88,40.13728350763846,10.42971953229121,-24.45000000000001,1.216423918323007,0.8776746839984061,-0.49999999999998945,0.6386257674146162,0.48182686640959804,1.1657341758564144e-14,7.500552460445629,70,255,255,255
1445,28.900000000000002,40.161608000833276,10.447278547947422,-24.46000000000001,1.2162246597410886,0.8779507828105588,-0.4999999999999895,0.6385417618972175,0.48193818930771337,-3.219646771412954e-15,7.505788448201613,70,255,255,255
1446,28.92,40.185928517434036,10.464843071062845,-24.47000000000001,1.2160258300379174,0.8782261557711626,-0.4999999999999893,0.6384579187805681,0.4820492567636481,1.1157741397482823e-14,7.511024435957596,70,255,255,255
1447,28.94,40.21024506599371,10.482413087173963,-24.480000000000008,1.2158274279837211,0.8785008055559708,-0.49999999999998906,0.6383742376366451,0.48216006960534613,1.049160758270773e-14,7.516260423713579,70,255,255,255
1448,28.96,40.23455765504076,10.499988581870532,-24.490000000000006,1.2156294523526205,0.8787747348284813,-0.4999999999999892,0.638290718038798,0.4822706286573086,-4.385380947269368e-15,7.521496411469562,70,255,255,255
1449,28.98,40.258866293079215,10.517569540795332,-24.500000000000007,1.2154319019226205,0.8790479462400002,-0.49999999999998956,0.6382073595617438,0.4823809347406125,-1.8263168755083825e-14,7.526732399225545,70,255,255,255
1450,29.0,40.28317098858873,10.535155949643926,-24.51000000000001,1.2152347754755992,0.8793204424297039,-0.4999999999999896,0.6381241617815622,0.4824909886729271,-2.886579864025407e-15,7.531968386981528,70,255,255,255
1451,29.02,40.307471750024675,10.55274779416442,-24.52000000000001,1.215038071797302,0.8795922260247043,-0.4999999999999894,0.6380411242756907,0.4826007912685315,1.149080830487037e-14,7.53720437473751,70,255,255,255
1452,29.04,40.331768585818224,10.570345060157221,-24.53000000000001,1.21484178967733,0.8798632996401101,-0.4999999999999892,0.6379582466229201,0.48271034333833096,1.0824674490095276e-14,7.542440362493493,70,255,255,255
1453,29.060000000000002,40.356061504376406,10.587947733474802,-24.540000000000006,1.2146459279091317,0.8801336658790893,-0.49999999999998923,0.6378755284033897,0.482819645689875,-4.052314039881821e-15,7.547676350249477,70,255,255,255
1454,29.080000000000002,40.3803505140822,10.605555800021461,-24.550000000000004,1.2144504852899942,0.8804033273329319,-0.4999999999999893,0.6377929691985821,0.48292869912737285,-3.885780586188048e-15,7.55291233800546,70,255,255,255
1455,29.1,40.404635623294624,10.623169245753084,-24.560000000000006,1.2142554606210332,0.8806722865811111,-0.4999999999999896,0.6377105685913187,0.4830375044517114,-1.7930101847696278e-14,7.558148325761443,70,255,255,255
1456,29.12,40.42891684034877,10.64078805667691,-24.570000000000007,1.2140608527071841,0.880940546191345,-0.49999999999998995,0.6376283261657556,0.48314606246047065,-1.6930901125533637e-14,7.5633843135174255,70,255,255,255
1457,29.14,40.453194173555914,10.658412218851304,-24.58000000000001,1.2138666603571928,0.8812081087196574,-0.49999999999999,0.6375462415073778,0.4832543739479411,-1.7208456881689926e-15,7.568620301273409,70,255,255,255
1458,29.16,40.47746763120359,10.676041718385513,-24.59000000000001,1.2136728823836063,0.8814749767104387,-0.49999999999998973,0.6374643142029953,0.48336243970514,1.2656542480726785e-14,7.573856289029392,70,255,255,255
1459,29.18,40.50173722155564,10.693676541439443,-24.600000000000012,1.2134795176027635,0.8817411526965068,-0.4999999999999895,0.6373825438407382,0.48347026051982717,1.1823875212257917e-14,7.579092276785374,70,255,255,255
1460,29.2,40.52600295285234,10.711316674223426,-24.61000000000001,1.2132865648347853,0.8820066391991653,-0.4999999999999893,0.637300930010052,0.4835778371765221,1.1157741397482823e-14,7.584328264541357,70,255,255,255
1461,29.22,40.55026483331041,10.728962102997992,-24.620000000000008,1.2130940229035654,0.8822714387282657,-0.49999999999998906,0.6372194723016928,0.48368517045651926,1.049160758270773e-14,7.5895642522973406,70,255,255,255
1462,29.240000000000002,40.57452287112314,10.746612814073638,-24.630000000000006,1.2129018906367612,0.8825355537822652,-0.4999999999999892,0.6371381703077234,0.48379226113790463,-4.385380947269368e-15,7.594800240053324,70,255,255,255
1463,29.26,40.59877707446046,10.764268793810603,-24.640000000000008,1.2127101668657847,0.8827989868482865,-0.49999999999998956,0.6370570236215074,0.48389910999557123,-1.8263168755083825e-14,7.600036227809307,70,255,255,255
1464,29.28,40.62302745146897,10.781930028618646,-24.65000000000001,1.2125188504257907,0.8830617404021757,-0.4999999999999896,0.6369760318377061,0.48400571780123613,-2.886579864025407e-15,7.605272215565289,70,255,255,255
1465,29.3,40.647274010272085,10.799596504956817,-24.66000000000001,1.21232794015567,0.8833238169085618,-0.4999999999999894,0.6368951945522724,0.4841120853234541,1.149080830487037e-14,7.610508203321273,70,255,255,255
1466,29.32,40.67151675897004,10.817268209333236,-24.67000000000001,1.2121374348980387,0.8835852188209142,-0.4999999999999892,0.6368145113624474,0.4842182133276355,1.0824674490095276e-14,7.615744191077256,70,255,255,255
1467,29.34,40.695755705640025,10.834945128304868,-24.680000000000007,1.2119473334992286,0.8838459485816008,-0.49999999999998923,0.6367339818667556,0.48432410257606057,-4.052314039881821e-15,7.620980178833238,70,255,255,255
1468,29.36,40.71999085833621,10.852627248477308,-24.690000000000005,1.2117576348092771,0.8841060086219449,-0.4999999999999893,0.6366536056649997,0.48442975382789527,-3.885780586188048e-15,7.626216166589221,70,255,255,255
1469,29.38,40.74422222508985,10.870314556504553,-24.700000000000003,1.2115683376819186,0.8843654013622831,-0.49999999999998934,0.6365733823582571,0.4845351678392066,-3.7192471324942744e-15,7.6314521543452045,70,255,255,255
1470,29.400000000000002,40.76844981390934,10.888007039088794,-24.710000000000004,1.2113794409745744,0.8846241292120219,-0.49999999999999,0.6364933115488749,0.48464034536297845,-3.197442310920451e-14,7.636688142101188,70,255,255,255
1471,29.42,40.79267363278031,10.905704682980188,-24.720000000000006,1.211190943548342,0.8848821945696937,-0.49999999999999034,0.6364133928404645,0.4847452871491259,-1.5765166949677223e-14,7.641924129857171,70,255,255,255
1472,29.44,40.81689368966567,10.923407474976647,-24.730000000000008,1.211002844267987,0.8851395998230139,-0.49999999999999034,0.6363336258378993,0.4848499939445111,-5.551115123125783e-16,7.647160117613153,70,255,255,255
1473,29.46,40.84110999250571,10.941115401923627,-24.74000000000001,1.2108151420019329,0.8853963473489366,-0.49999999999999034,0.636254010147308,0.4849544664929579,-5.551115123125783e-16,7.652396105369137,70,255,255,255
1474,29.48,40.86532254921815,10.9588284507139,-24.75000000000001,1.2106278356222506,0.8856524395137095,-0.49999999999999034,0.6361745453760713,0.4850587055352672,-5.551115123125783e-16,7.65763209312512,70,255,255,255
1475,29.5,40.88953136769824,10.976546608287359,-24.760000000000012,1.2104409240046492,0.8859078786729301,-0.49999999999999006,0.6360952311328177,0.4851627118092316,1.3655743202889425e-14,7.662868080881102,70,255,255,255
1476,29.52,40.91373645581881,10.99426986163079,-24.770000000000014,1.2102544060284661,0.8861626671716002,-0.4999999999999895,0.6360160670274179,0.48526648604965,2.7033930649622562e-14,7.668104068637085,70,255,255,255
1477,29.54,40.93793782143034,11.011998197777674,-24.780000000000012,1.2100682805766578,0.8864168073441809,-0.499999999999989,0.6359370526709818,0.485370028988343,2.5368596112684827e-14,7.673340056393068,70,255,255,255
1478,29.560000000000002,40.962135472361055,11.029731603807967,-24.79000000000001,1.2098825465357887,0.8866703015146469,-0.49999999999998884,0.6358581876758532,0.485473341354167,9.658940314238862e-15,7.678576044149051,70,255,255,255
1479,29.580000000000002,40.98632941641698,11.047470066847898,-24.800000000000008,1.2096972027960227,0.8869231519965404,-0.4999999999999887,0.6357794716556058,0.48557642387302824,9.159339953157541e-15,7.683812031905035,70,255,255,255
1480,29.6,41.010519661382,11.065213574069759,-24.810000000000006,1.2095122482511125,0.8871753610930252,-0.4999999999999888,0.6357009042250386,0.48567927726789883,-5.551115123125783e-15,7.689048019661017,70,255,255,255
1481,29.62,41.03470621501797,11.082962112691698,-24.820000000000004,1.2093276817983898,0.8874269310969399,-0.4999999999999892,0.6356224850001715,0.4857819022588292,-1.942890293094024e-14,7.694284007417,70,255,255,255
1482,29.64,41.05888908506474,11.100715669977514,-24.830000000000005,1.2091435023387556,0.8876778642908516,-0.49999999999998956,0.6355442135982419,0.48588429956296425,-1.8263168755083825e-14,7.699519995172984,70,255,255,255
1483,29.66,41.08306827924027,11.118474233236457,-24.840000000000007,1.208959708776671,0.8879281629471084,-0.4999999999999896,0.635466089637699,0.48598646989455596,-2.886579864025407e-15,7.704755982928966,70,255,255,255
1484,29.68,41.10724380524068,11.136237789823015,-24.85000000000001,1.2087763000201457,0.8881778293278924,-0.4999999999999897,0.6353881127382,0.4860884139649787,-2.7200464103316335e-15,7.709991970684949,70,255,255,255
1485,29.7,41.131415670740296,11.15400632713672,-24.86000000000001,1.2085932749807293,0.8884268656852714,-0.49999999999998973,0.6353102825206068,0.48619013248274257,-2.55351295663786e-15,7.715227958440932,70,255,255,255
1486,29.72,41.15558388339176,11.171779832621946,-24.87000000000001,1.2084106325735013,0.8886752742612517,-0.4999999999999895,0.6352325986069804,0.4862916261535078,1.1823875212257917e-14,7.720463946196915,70,255,255,255
1487,29.740000000000002,41.179748450826104,11.189558293767702,-24.88000000000001,1.20822837171706,0.8889230572878294,-0.4999999999999893,0.635155060620577,0.48639289568009847,1.1157741397482823e-14,7.725699933952899,70,255,255,255
1488,29.76,41.203909380652775,11.207341698107442,-24.890000000000008,1.208046491333515,0.8891702169870422,-0.49999999999998934,0.6350776681858442,0.48649394176251654,-3.7192471324942744e-15,7.730935921708881,70,255,255,255
1489,29.78,41.22806668045975,11.225130033218862,-24.90000000000001,1.2078649903484742,0.8894167555710206,-0.4999999999999894,0.6350004209284165,0.486594765097955,-3.552713678800501e-15,7.736171909464864,70,255,255,255
1490,29.8,41.25222035781357,11.242923286723704,-24.910000000000007,1.207683867691036,0.8896626752420382,-0.4999999999999892,0.6349233184751109,0.4866953663808123,1.0824674490095276e-14,7.7414078972208475,70,255,255,255
1491,29.82,41.27637042025945,11.260721446287555,-24.920000000000005,1.2075031222937787,0.8899079781925634,-0.49999999999998923,0.634846360453923,0.4867957463027053,-4.052314039881821e-15,7.74664388497683,70,255,255,255
1492,29.84,41.3005168753213,11.27852449961966,-24.930000000000007,1.2073227530927504,0.8901526666053087,-0.4999999999999896,0.6347695464940228,0.48689590555248324,-1.8096635301390052e-14,7.751879872732813,70,255,255,255
1493,29.86,41.32465973050185,11.296332434472726,-24.94000000000001,1.207142759027459,0.8903967426532815,-0.4999999999999897,0.6346928762257505,0.486995844816241,-2.7200464103316335e-15,7.7571158604887955,70,255,255,255
1494,29.88,41.348798993282664,11.314145238642723,-24.95000000000001,1.2069631390408626,0.8906402084998337,-0.49999999999998945,0.6346163492806121,0.48709556477733224,1.1657341758564144e-14,7.762351848244779,70,255,255,255
1495,29.900000000000002,41.37293467112425,11.331962899968698,-24.96000000000001,1.2067838920793592,0.8908830662987114,-0.4999999999999895,0.6345399652912754,0.4871950661163833,-3.219646771412954e-15,7.767587836000763,70,255,255,255
1496,29.92,41.3970667714661,11.349785406332579,-24.97000000000001,1.206605017092776,0.8911253181941036,-0.4999999999999893,0.6344637238915665,0.48729434951130535,1.1157741397482823e-14,7.772823823756745,70,255,255,255
1497,29.94,41.42119530172679,11.367612745658993,-24.980000000000008,1.2064265130343608,0.8913669663206918,-0.49999999999998906,0.6343876247164645,0.4873934156373087,1.049160758270773e-14,7.778059811512728,70,255,255,255
1498,29.96,41.445320269304005,11.385444905915067,-24.990000000000006,1.2062483788607716,0.8916080128036987,-0.4999999999999892,0.6343116674020982,0.4874922651669152,-4.385380947269368e-15,7.7832957992687115,70,255,255,255
1499,29.98,41.469441681574644,11.403281875110245,-25.000000000000007,1.2060706135320656,0.8918484597589362,-0.49999999999998956,0.6342358515857421,0.48759089876997125,-1.8263168755083825e-14,7.788531787024694,70,255,255,255
1500,30.0,41.493559545894875,11.421123641296102,-25.01000000000001,1.2058932160116902,0.8920883092928541,-0.4999999999999896,0.6341601769058124,0.48768931711366087,-2.886579864025407e-15,7.793767774780677,70,255,255,255
