idx,t,px,py,pz,vx,vy,vz,ax,ay,az,yaw,mode,ledr,ledg,ledb
0,0.0,-2.942426406871193,-2.9934846922834955,-10.01,2.878679656440357,0.3257653858252327,-0.5,0.0,0.0,0.0,0.0,70,255,255,255
1,0.02,-2.884845078968677,-2.9869603798507867,-10.02,2.879066395125817,0.3262156216354304,-0.5,0.019336934272978556,0.02251179050988661,0.0,0.00041887902047863906,70,255,255,255
2,0.04,-2.8272487579808026,-2.9804186126761882,-10.03,2.8798160493937117,0.32708835872991765,-0.5,0.03748271339474307,0.04363685472436296,0.0,0.001223126739797626,70,255,255,255
3,0.06,-2.769630645083557,-2.9738514756631425,-10.04,2.880905644862267,0.3283568506522859,-0.5,0.054479773427769995,0.06342459611841406,0.0,0.002381913662049733,70,255,255,255
4,0.08,-2.711984384249423,-2.967251569212627,-10.049999999999999,2.8823130417066936,0.32999532252578656,-0.5,0.07036984222133036,0.08192359367503088,0.0,0.0038668766510003105,70,255,255,255
5,0.1,-2.6543040458492335,-2.96061199013266,-10.059999999999999,2.884016920009488,0.331978953998354,-0.5000000000000001,0.08519391513972163,0.09918157362837154,-7.105427357601002e-15,0.0056519216213134806,70,255,255,255
6,0.12,-2.596584110555676,-2.9539263128989863,-10.069999999999999,2.8859967646778637,0.3342838616836881,-0.5000000000000002,0.09899223341878649,0.11524538426670622,-6.772360450213455e-15,0.007713042014480236,70,255,255,255
7,0.14,-2.538819453556108,-2.9471885712758517,-10.079999999999998,2.8882328499784164,0.33688708115672644,-0.5000000000000003,0.11180426502764007,0.1301609736519158,-6.439293542825908e-15,0.010028151796672291,70,255,255,255
8,0.16,-2.4810053290813734,-2.9403932403046706,-10.089999999999998,2.8907062237367347,0.3397665485590498,-0.5000000000000004,0.12366868791591568,0.14397337011616695,-6.106226635438361e-15,0.01257693181676762,70,255,255,255
9,0.18,-2.4231373552564266,-2.9335352186673296,-10.099999999999998,2.8933986912473393,0.34290108186705737,-0.5000000000000006,0.13462337553023085,0.15672666540037744,-5.773159728050814e-15,0.015340688455733963,70,255,255,255
10,0.2,-2.365211499277685,-2.9266098114298673,-10.109999999999998,2.896292798937076,0.3462703618731153,-0.5000000000000007,0.14470538448683667,0.16846400030289532,-5.440092820663267e-15,0.018302223584061635,70,255,255,255
11,0.22,-2.307224062921227,-2.9196127131713205,-10.119999999999997,2.8993718178228933,0.34985491292733084,-0.5000000000000008,0.15395094429086686,0.17922755271077734,-5.10702591327572e-15,0.021445714922601736,70,255,255,255
12,0.24,-2.249171668385171,-2.912539991501618,-10.129999999999997,2.902619726802809,0.3536360834851278,-0.5000000000000009,0.16239544899579128,0.18905852788984995,-4.773959005888173e-15,0.024756605974537264,70,255,255,255
13,0.26,-2.191051244468835,-2.90538807097155,-10.139999999999997,2.90602119581681,0.3575960265033989,-0.5000000000000011,0.17007345070002744,0.1979971509135533,-1.1546319456101628e-14,0.02822150476279659,70,255,255,255
14,0.28,-2.1328600130905864,-2.898153717377036,-10.149999999999997,2.9095615689124275,0.36171767972568636,-0.5000000000000013,0.1770186547808894,0.20608266111437257,-1.0880185641326534e-14,0.031828090668473814,70,255,255,255
15,0.3,-2.07459547614563,-2.8908340224591442,-10.159999999999997,2.9132268472478122,0.36598474589459357,-0.5000000000000016,0.18326391676924958,0.21335330844536027,-1.021405182655144e-14,0.03556502872217549,70,255,255,255
16,0.32,-2.016255402704365,-2.8834263890005953,-10.169999999999996,2.9170036720632417,0.3703816729274531,-0.5000000000000018,0.18884124077147657,0.21984635164297733,-9.547918011776346e-15,0.03942189075205968,70,255,255,255
17,0.34,-1.957837816551361,-2.8759285163188117,-10.179999999999996,2.9208793076502086,0.37489363408917525,-0.500000000000002,0.1937817793483383,0.22559805808610794,-8.881784197001252e-15,0.04338908284003177,70,255,255,255
18,0.36,-1.8993409840644513,-2.8683383861549285,-10.189999999999996,2.9248416243454813,0.3795065081941695,-0.5000000000000021,0.19811583476362715,0.23064370524971195,-8.215650382226158e-15,0.04745777858144473,70,255,255,255
19,0.38,-1.8407634024329342,-2.8606542489575832,-10.199999999999996,2.928879081575849,0.3842068598672715,-0.5000000000000022,0.20187286151837913,0.23501758365510123,-7.882583474838611e-15,0.051619857684023294,70,255,255,255
20,0.4,-1.7821037882133814,-2.852874610559749,-10.209999999999996,2.9329807109776374,0.3889819198917179,-0.5000000000000023,0.2050814700894148,0.23875300122231868,-7.549516567451064e-15,0.055867849478874215,70,255,255,255
21,0.42,-1.7233610662211112,-2.844998219246341,-10.219999999999995,2.937136099613518,0.39381956567038884,-0.5000000000000027,0.20776943179404528,0.24188228893354852,-1.432187701766452e-14,0.060194880950615696,70,255,255,255
22,0.44,-1.6645343587549586,-2.8370240532098454,-10.229999999999995,2.941335373307629,0.398708301824785,-0.5000000000000029,0.20996368470553106,0.24443680771980886,-1.3322676295501878e-14,0.0645946289250965,70,255,255,255
23,0.46,-1.6056229751525872,-2.828951308390755,-10.239999999999995,2.945569180118565,0.40363724095451586,-0.5000000000000031,0.21169034054679514,0.2464469564865428,-1.2656542480726785e-14,0.06906127608209747,70,255,255,255
24,0.48,-1.5466264016732187,-2.820779386699186,-10.249999999999995,2.949828673968419,0.40859608457845376,-0.5000000000000033,0.21297469249270984,0.24794218119689398,-1.199040866595169e-14,0.07358947048701701,70,255,255,255
25,0.5,-1.487544291704325,-2.812507884613643,-10.259999999999994,2.9541054984446964,0.41357510427714794,-0.5000000000000036,0.21384122381388115,0.24895098493470824,-1.1324274851176597e-14,0.07817428836002163,70,255,255,255
26,0.52,-1.428376456288512,-2.804136582152551,-10.269999999999994,2.95839177079065,0.41856512305459515,-0.5000000000000038,0.21431361729768117,0.24950093887236002,-1.0658141036401503e-14,0.08281119982366451,70,255,255,255
27,0.54,-1.369122854966545,-2.79566543221383,-10.279999999999994,2.9626800660983457,0.42355749693602623,-0.500000000000004,0.2144147653847761,0.2496186940715549,-9.992007221626409e-15,0.08749603739069461,70,255,255,255
28,0.56,-1.3097835869321934,-2.7870945502774904,-10.289999999999994,2.966963401717586,0.4285440968169919,-0.5000000000000042,0.2141667809620298,0.24932999404828377,-9.325873406851315e-15,0.09222496697284094,70,255,255,255
29,0.58,-1.2503588824943397,-2.7784242044659364,-10.299999999999994,2.9712352218926883,0.43351729057771055,-0.5000000000000044,0.21359100875510917,0.2486596880359324,-8.659739592076221e-15,0.0969944612088942,70,255,255,255
30,0.6,-1.1908490948415793,-2.7696548059564288,-10.309999999999993,2.97548938263802,0.4384699254753799,-0.5000000000000048,0.21270803726659526,0.247631744883467,-1.509903313490213e-14,0.10180127492654183,70,255,255,255
31,0.62,-1.1312546921043358,-2.7607868997399097,-10.319999999999993,2.9797201368621753,0.4433953108259466,-0.5000000000000051,0.21153771120776543,0.24626926752833322,-1.4099832412739488e-14,0.10664242256725628,70,255,255,255
32,0.64,-1.0715762497093424,-2.751821155720196,-10.329999999999993,2.983922119749666,0.4482872009856758,-0.5000000000000053,0.21009914437453459,0.24459450798646148,-1.3100631690576847e-14,0.11151515741719223,70,255,255,255
33,0.66,-1.0118144430211808,-2.7427583601473606,-10.339999999999993,2.988090334408072,0.4531397786417623,-0.5000000000000056,0.20841073292029666,0.24262888280432365,-1.2434497875801753e-14,0.11641695249961194,70,255,255,255
34,0.68,-0.9519700402654272,-2.733599407378957,-10.349999999999993,2.992220137787685,0.4579476384201749,-0.5000000000000058,0.2064901689806402,0.24039298892062927,-1.176836406102666e-14,0.12134548299591671,70,255,255,255
35,0.7000000000000001,-0.8920438957278307,-2.7243452919625986,-10.359999999999992,2.996307226879825,0.4627057708179285,-0.500000000000006,0.20435445460699375,0.2379066198876823,-1.1102230246251565e-14,0.12629861007299575,70,255,255,255
36,0.72,-0.8320369432238468,-2.714997101033278,-10.369999999999992,3.000347625199193,0.46740954646602634,-0.5000000000000062,0.20201991596839441,0.23518878240489194,-1.0436096431476471e-14,0.1312743660043871,70,255,255,255
37,0.74,-0.7719501898327499,-2.7055560070187097,-10.379999999999992,3.004337669554844,0.47205470072841077,-0.5000000000000064,0.19950221778256294,0.23225771311922133,-9.769962616701378e-15,0.1362709404817458,70,255,255,255
38,0.76,-0.7117847098904773,-2.6960232606458816,-10.389999999999992,3.0082739971136325,0.47663731864140474,-0.5000000000000068,0.19681637793943052,0.2291308956496993,-1.6209256159527285e-14,0.14128666802139442,70,255,255,255
39,0.78,-0.6515416392352917,-2.6864001842419354,-10.399999999999991,3.0121535327592763,0.48115382019731096,-0.5000000000000071,0.19397678228218274,0.22582507779531164,-1.5210055437364645e-14,0.1463200163783498,70,255,255,255
40,0.8,-0.5912221697003012,-2.676688165322434,-10.409999999999991,3.0159734767495308,0.4856009459750652,-0.5000000000000074,0.190997199512716,0.22235628888771292,-1.4210854715202004e-14,0.15136957588722738,70,255,255,255
41,0.8200000000000001,-0.5308275438468345,-2.6668886504600318,-10.419999999999991,3.0197312926733346,0.48997574312011216,-0.5000000000000077,0.18789079619020033,0.21873985725234912,-1.3211653993039363e-14,0.1564340496558734,70,255,255,255
42,0.84,-0.47035904993265054,-2.657003139426532,-10.42999999999999,3.0234246957091973,0.4942755516749822,-0.5000000000000079,0.18467015179312707,0.21499042774350408,-1.2545520178264269e-14,0.16151224454350638,70,255,255,255
43,0.86,-0.4098180171089398,-2.647033179601304,-10.43999999999999,3.0270516411855377,0.4984979912613982,-0.5000000000000081,0.18134727381701188,0.21112197932080007,-1.1879386363489175e-14,0.16660306286060736,70,255,255,255
44,0.88,-0.34920581084007646,-2.6369803606390216,-10.44999999999999,3.030610313443165,0.5026409481141292,-0.5000000000000083,0.17793361288135556,0.20714784263654634,-1.1213252548714081e-14,0.1717054947328189,70,255,255,255
45,0.9,-0.2885238285400847,-2.626846309389697,-10.45999999999999,3.0340991149995897,0.5067025624662318,-0.5000000000000085,0.17444007782122717,0.2030807176051287,-1.0547118733938987e-14,0.17681861107573216,70,255,255,255
46,0.92,-0.2277734954197968,-2.6166326850640016,-10.46999999999999,3.0375166560143936,0.5106812162847804,-0.5000000000000089,0.17087705074019266,0.19893269092742671,-1.6986412276764895e-14,0.18194155713169097,70,255,255,255
47,0.9400000000000001,-0.1669562605387078,-2.606341174636888,-10.47999999999999,3.0408617440544505,0.5145755213556784,-0.5000000000000092,0.16725440200283948,0.19471525354490427,-1.5987211554602254e-14,0.1870735465236517,70,255,255,255
48,0.96,-0.10607359305556018,-2.5959734884825747,-10.48999999999999,3.044133374157381,0.5183843077156717,-0.5000000000000095,0.1635815051465176,0.19043931799966085,-1.4988010832439613e-14,0.19221385578473424,70,255,255,255
49,0.98,-0.045126978671735214,-2.58553135623399,-10.49999999999999,3.047330719191248,0.5221066124292384,-0.5000000000000099,0.15986725169334542,0.1861152356783341,-1.3988810110276972e-14,0.1973618193254088,70,255,255,255
50,1.0,0.015882083738427602,-2.5750165228598374,-10.50999999999999,3.050453120508141,0.5257416687076224,-0.5000000000000101,0.15612006584465166,0.1817528139191995,-1.2989609388114332e-14,0.20251682480330804,70,255,255,255
51,1.02,0.07698560936438131,-2.5644033810504987,-10.519999999999989,3.055176281297685,0.5306570904669308,-0.5000000000000103,0.23615803947721747,0.24577108796541736,-1.2323475573339238e-14,0.20767830886345398,70,255,255,255
52,1.04,0.1382135413430665,-2.553668017228429,-10.529999999999989,3.0613965989342584,0.5367681911034932,-0.5000000000000105,0.3110158818286646,0.3055550318281173,-1.1657341758564144e-14,0.21284575321926688,70,255,255,255
53,1.06,0.1995938271730429,-2.5427881481859558,-10.539999999999988,3.0690142914988203,0.5439934521236558,-0.5000000000000108,0.38088462822809943,0.3612630510081327,-1.099120794378905e-14,0.2180186810470934,70,255,255,255
54,1.08,0.26115249373679467,-2.5317430589162204,-10.549999999999988,3.0779333281875885,0.5522544634867704,-0.500000000000011,0.4459518344384026,0.4130505681557316,-1.0325074129013956e-14,0.22319665366917243,70,255,255,255
55,1.1,0.32291372089468284,-2.5205135416651387,-10.559999999999988,3.088061357894408,0.561475862554079,-0.5000000000000113,0.5064014853409867,0.4610699533654261,-1.6764367671839864e-14,0.2283792675019638,70,255,255,255
56,1.12,0.3848999136184962,-2.5090818362286424,-10.569999999999988,3.0993096361906654,0.5715852718248221,-0.5000000000000117,0.5624139148128711,0.5054704635371535,-1.5765166949677223e-14,0.2335661512486105,70,255,255,255
57,1.1400000000000001,0.4471317726368106,-2.497431571516003,-10.579999999999988,3.1115929509157203,0.5825132356319606,-0.500000000000012,0.61416573625274,0.5463981903569206,-1.4765966227514582e-14,0.23875696331600407,70,255,255,255
58,1.16,0.5096283635684162,-2.485547708396779,-10.589999999999987,3.1248295465802847,0.594193155961219,-0.5000000000000122,0.6618297832282085,0.5839960164629258,-1.3766765505351941e-14,0.24395138943848482,70,255,255,255
59,1.18,0.5724071845239147,-2.473416483845804,-10.599999999999987,3.1389410477749244,0.6065612275487438,-0.5000000000000124,0.7055750597319888,0.6184035793762352,-1.3100631690576847e-14,0.24914914049164574,70,255,255,255
60,1.2,0.6354842321592332,-2.4610253563977142,-10.609999999999987,3.153852381765924,0.6195563724044986,-0.5000000000000127,0.7455666995499715,0.6497572427877413,-1.2434497875801753e-14,0.2543499504810324,70,255,255,255
61,1.22,0.6988740661682555,-2.4483629529197017,-10.619999999999987,3.1694917004511156,0.6331201739006205,-0.5000000000000129,0.7819659342595933,0.678190074806097,-1.176836406102666e-14,0.25955357469174684,70,255,255,255
62,1.24,0.7625898722050346,-2.435419016708576,-10.629999999999987,3.185790301838952,0.6471968105562937,-0.5000000000000131,0.8149300693918247,0.7038318327836611,-1.1102230246251565e-14,0.2647597879860827,70,255,255,255
63,1.26,0.8266435232291357,-2.42218435691571,-10.639999999999986,3.202682551205054,0.6617329896432961,-0.5000000000000134,0.8446124683050935,0.7268089543501176,-1.7541523789077473e-14,0.26996838323735034,70,255,255,255
64,1.28,0.8910456392705705,-2.408650799301126,-10.649999999999986,3.2201058020717395,0.6766778807292086,-0.5000000000000138,0.8711625433342793,0.7472445542956287,-1.6542323066914832e-14,0.2751791698889952,70,255,255,255
65,1.3,0.9558056456135222,-2.3948111383157586,-10.659999999999986,3.238000317147587,0.6919830492683593,-0.5000000000000141,0.8947257537923781,0.7652584269575342,-1.554312234475219e-14,0.28039197262898713,70,255,255,255
66,1.32,1.0209318294006406,-2.380659090508881,-10.669999999999986,3.2563091893559255,0.7076023903438912,-0.5000000000000144,0.9154436104169243,0.780967053776593,-1.454392162258955e-14,0.28560663017025834,70,255,255,255
67,1.34,1.086431394662106,-2.366189249255723,-10.679999999999986,3.274978263073272,0.7234920626579004,-0.5000000000000147,0.9334536858673301,0.7944836157004663,-1.354472090042691e-14,0.2908229941287065,70,255,255,255
68,1.36,1.1523105157759288,-2.3513970407985156,-10.689999999999985,3.2939560556911385,0.7396104228603761,-0.5000000000000149,0.9488896308933241,0.8059180101237868,-1.2878587085651816e-14,0.29604092799095744,70,255,255,255
69,1.3800000000000001,1.218574389368075,-2.336278681592482,-10.699999999999985,3.313193679607305,0.7559179603016863,-0.5000000000000151,0.9618811958083291,0.8153768720655117,-1.2212453270876722e-14,0.30126030616470695,70,255,255,255
70,1.4000000000000001,1.285227284662987,-2.32083113694673,-10.709999999999985,3.332644764745608,0.7723772322875949,-0.5000000000000153,0.97255425691514,0.8229635992954267,-1.1546319456101628e-14,0.3064810131050351,70,255,255,255
71,1.42,1.352272592296917,-2.305052080948525,-10.719999999999985,3.3522653816964976,0.7889527999102484,-0.5000000000000157,0.9810308475444747,0.8287783811326723,-1.7985612998927536e-14,0.3117029425106157,70,255,255,255
72,1.44,1.419712871608199,-2.28893985765806,-10.729999999999984,3.372013965564097,0.8056111645232458,-0.500000000000016,0.9874291933799801,0.8329182306498717,-1.6986412276764895e-14,0.31692599658422843,70,255,255,255
73,1.46,1.4875498964201834,-2.2724934435595845,-10.739999999999984,3.391851240599216,0.8223207049237857,-0.5000000000000163,0.991863751755949,0.8354770200269996,-1.5987211554602254e-14,0.3221500853524308,70,255,255,255
74,1.48,1.5557846993340183,-2.255712411253585,-10.749999999999984,3.411740145691747,0.8390516152999749,-0.5000000000000167,0.9944452546265494,0.8365455188094568,-1.4988010832439613e-14,0.32737512603965563,70,255,255,255
75,1.5,1.6244176145498201,-2.2385968943736514,-10.759999999999984,3.431645760790097,0.8557758439966723,-0.500000000000017,0.9952807549175122,0.8362114348348709,-1.3988810110276972e-14,0.3326010424923811,70,255,255,255
76,1.52,1.6934483192360155,-2.2211475537106766,-10.769999999999984,3.4515352343097603,0.8724670331487328,-0.5000000000000172,0.9944736759831501,0.8345594576030262,-1.2989609388114332e-14,0.3378277646493672,70,255,255,255
77,1.54,1.762875873467772,-2.203365544526153,-10.779999999999983,3.471377711587826,0.8891004592261913,-0.5000000000000174,0.9921238639032746,0.8316713038729255,-1.2323475573339238e-14,0.343055228054273,70,255,255,255
78,1.56,1.832698758756475,-2.185252485035517,-10.789999999999983,3.4911442644351447,0.9056529745317999,-0.5000000000000177,0.9883276423659466,0.8276257652804346,-1.1657341758564144e-14,0.348283373407265,70,255,255,255
79,1.58,1.902914915193135,-2.1668104260417693,-10.799999999999983,3.5108078218330063,0.9221029496873808,-0.5000000000000179,0.983177869893074,0.8224987577790462,-1.099120794378905e-14,0.3535121461524963,70,255,255,255
80,1.6,1.973521777229466,-2.1480418216989356,-10.809999999999983,3.530343101816541,0.9384302171416866,-0.5000000000000182,0.9767639991767441,0.8163633727152909,-1.7430501486614958e-14,0.35874149609858774,70,255,255,255
81,1.62,2.0445163081211186,-2.1289495013843585,-10.819999999999983,3.5497265445826356,0.954616015728867,-0.5000000000000185,0.9691721383047112,0.8092899293590204,-1.6431300764452317e-14,0.36397137706947047,70,255,255,255
82,1.6400000000000001,2.1158950330582367,-2.1095366426582944,-10.829999999999982,3.56893624685591,0.97064293630321,-0.5000000000000189,0.9604851136637116,0.8013460287171503,-1.5432100042289676e-14,0.36920174658316124,70,255,255,255
83,1.6600000000000001,2.1876540710090824,-2.089806745288843,-10.839999999999982,3.587951897542296,0.9864948684725668,-0.5000000000000192,0.9507825343193121,0.7925966084678452,-1.4432899320127035e-14,0.3744325655562354,70,255,255,255
84,1.68,2.2597891653030007,-2.0697636063198477,-10.849999999999982,3.606754714695909,1.0021569484497659,-0.5000000000000194,0.9401408576806634,0.7831039988599483,-1.3433698597964394e-14,0.3796637980319422,70,255,255,255
85,1.7,2.332295712979426,-2.04941129615908,-10.859999999999982,3.62532738382127,1.0176155080383729,-0.5000000000000197,0.928633456268046,0.7729279794303501,-1.27675647831893e-14,0.3848954109300712,70,255,255,255
86,1.72,2.4051687929300156,-2.028754135663753,-10.869999999999981,3.643653997529473,1.0328580247663617,-0.5000000000000199,0.9163306854101569,0.7621258363994392,-1.2101430968414206e-14,0.39012737381682844,70,255,255,255
87,1.74,2.478403192861288,-2.007796674200181,-10.879999999999981,3.6617199965636145,1.0478730731786046,-0.5000000000000201,0.9032999517070848,0.7507524206121448,-1.1435297153639112e-14,0.3953596586931238,70,255,255,255
88,1.76,2.5519934351054014,-1.9865436686542493,-10.889999999999981,3.6795121122056837,1.0626502772965867,-0.5000000000000204,0.8896057821034646,0.7388602058991083,-1.787459069646502e-14,0.40059223979979414,70,255,255,255
89,1.78,2.625933801306885,-1.9650000633692217,-10.89999999999998,3.697018310074178,1.077180264251375,-0.5000000000000208,0.8753098934246983,0.726499347739415,-1.687538997430238e-14,0.4058250934384095,70,255,255,255
90,1.8,2.7002183560132638,-1.943170970987349,-10.90999999999998,3.7142277353189215,1.0914546190936334,-0.5000000000000211,0.8604712622371755,0.713717742112919,-1.587618925213974e-14,0.4110581978064143,70,255,255,255
91,1.82,2.774840969197603,-1.9210616541717016,-10.91999999999998,3.731130659216948,1.105465840782366,-0.5000000000000214,0.8451461949013255,0.7005610844366339,-1.4876988529977098e-14,0.4162915328454573,70,255,255,255
92,1.84,2.8497953377410195,-1.8986775081846599,-10.92999999999998,3.747718427170824,1.1192072993520825,-0.5000000000000218,0.829388397693787,0.6870729284858268,-1.3877787807814457e-14,0.4215250801018555,70,255,255,255
93,1.86,2.9250750059031887,-1.8760240442995355,-10.93999999999998,3.7639834081084715,1.1326731942562123,-0.500000000000022,0.8132490468823868,0.6732947452064904,-1.2878587085651816e-14,0.4267588225982205,70,255,255,255
94,1.8800000000000001,3.000673384808816,-1.8531068740218786,-10.94999999999998,3.7799189452813646,1.1458585138828439,-0.5000000000000222,0.7967768586446624,0.6592659813315835,-1.2212453270876722e-14,0.4319927447153549,70,255,255,255
95,1.9000000000000001,3.0765837709779342,-1.8299316940971342,-10.95999999999998,3.795519308455912,1.1587589962372247,-0.5000000000000224,0.78001815872737,0.6450241177190417,-1.1546319456101628e-14,0.43722683208359725,70,255,255,255
96,1.92,3.1527993639277527,-1.8065042722814557,-10.96999999999998,3.810779647490935,1.1713710907839228,-0.5000000000000228,0.7630169517511449,0.6306047273349,-1.7985612998927536e-14,0.4424610714828588,70,255,255,255
97,1.94,3.2293132828735995,-1.7828304338526533,-10.979999999999979,3.8256959472923486,1.1836919214401243,-0.5000000000000231,0.7458149900706985,0.6160415328100726,-1.6986412276764895e-14,0.4476954507506581,70,255,255,255
98,1.96,3.306118582556289,-1.758916048838449,-10.989999999999979,3.840264984134488,1.195719250710209,-0.5000000000000234,0.7284518421069639,0.6013664635042382,-1.5987211554602254e-14,0.45292995869751207,70,255,255,255
99,1.98,3.3832082682230085,-1.7347670199394387,-10.999999999999979,3.8544842833359616,1.207451444950512,-0.5000000000000238,0.7109649600736843,0.5866097120151474,-1.4988010832439613e-14,0.45816458502909635,70,255,255,255
100,2.0,3.4605753097885383,-1.710389271124398,-11.009999999999978,3.8683520782764873,1.2188874407520356,-0.5000000000000241,0.6933897470262802,0.5717997900761771,-1.3988810110276972e-14,0.46339932027463254,70,255,255,255
101,2.02,3.5382453150561584,-1.685791335176742,-11.019999999999978,3.8835002633809923,1.2298967973828057,-0.5000000000000243,0.7574092552252605,0.5504678315385012,-1.2989609388114332e-14,0.4686341557210045,70,255,255,255
102,2.04,3.6162418706190276,-1.6609815852122929,-11.029999999999978,3.899827778143471,1.240487498222458,-0.5000000000000245,0.8163757381239378,0.5295350419826255,-1.2323475573339238e-14,0.4738690833521453,70,255,255,255
103,2.06,3.694586625394244,-1.6359682308623507,-11.039999999999978,3.917237738760825,1.2506677174971166,-0.5000000000000248,0.8704980308677013,0.5090109637329296,-1.1657341758564144e-14,0.4791040957932735,70,255,255,255
104,2.08,3.77329937224514,-1.6107593149473538,-11.049999999999978,3.935637342544774,1.2604457957498414,-0.500000000000025,0.9199801891974486,0.4889039126362429,-1.099120794378905e-14,0.4843391862595901,70,255,255,255
105,2.1,3.852398127675925,-1.585362710617019,-11.059999999999977,3.954937771539268,1.269830216516744,-0.5000000000000253,0.9650214497246954,0.4692210383451403,-1.7430501486614958e-14,0.48957434850908,70,255,255,255
106,2.12,3.9318992095868306,-1.559786118933544,-11.069999999999977,3.975054095545283,1.2788295841737471,-0.5000000000000256,1.0058162003007451,0.4499683828501504,-1.6431300764452317e-14,0.4948095767990893,70,255,255,255
107,2.14,4.011817313081705,-1.5340370668751602,-11.079999999999977,3.9959051747437178,1.287452602919193,-0.500000000000026,1.0425539599217535,0.43115093727229925,-1.5432100042289676e-14,0.5000448658463765,70,255,255,255
108,2.16,4.092165584323632,-1.5081229057380046,-11.089999999999977,4.01741356209631,1.2957080568577828,-0.5000000000000263,1.0754193676296273,0.4127726969294847,-1.4432899320127035e-14,0.5052802107903595,70,255,255,255
109,2.18,4.172955692437513,-1.482050809914972,-11.099999999999977,4.0395054056940465,1.3036047911516258,-0.5000000000000265,1.1045921798868203,0.39483671469215076,-1.3433698597964394e-14,0.5105156071593023,70,255,255,255
110,2.2,4.2541978994617615,-1.4558277760308813,-11.109999999999976,4.0621103512124614,1.3111516942045367,-0.5000000000000268,1.1302472759207625,0.37734515264555046,-1.27675647831893e-14,0.5157510508392085,70,255,255,255
111,2.22,4.335901128354231,-1.4294606224139597,-11.119999999999976,4.085161444623486,1.3183576808460868,-0.500000000000027,1.1525546705511989,0.3602993320775123,-1.2101430968414206e-14,0.5209865380452008,70,255,255,255
112,2.24,4.418073029060313,-1.402955988884313,-11.129999999999976,4.108595035304104,1.3252316764823315,-0.5000000000000273,1.171679534030921,0.34369978181223293,-1.8540724511240114e-14,0.5262220652951923,70,255,255,255
113,2.2600000000000002,4.500720042653774,-1.3763203368407015,-11.139999999999976,4.132350679673052,1.331782602180571,-0.5000000000000276,1.187782218447416,0.3275462849119708,-1.7541523789077473e-14,0.5314576293856632,70,255,255,255
114,2.2800000000000002,4.583847463563335,-1.349559949627582,-11.149999999999975,4.15637104547804,1.3380193606559683,-0.500000000000028,1.2010182902494018,0.31183792376986497,-1.6542323066914832e-14,0.536693227369375,70,255,255,255
115,2.3000000000000003,4.667459499900287,-1.3226809331650153,-11.159999999999975,4.180601816847617,1.3439508231283332,-0.5000000000000283,1.2115385684788675,0.29657312361825294,-1.554312234475219e-14,0.5419288565348684,70,255,255,255
116,2.32,4.751559331904562,-1.2956892168246574,-11.169999999999975,4.2049916002137175,1.3495858170178923,-0.5000000000000286,1.2194891683049924,0.28174969447794695,-1.454392162258955e-14,0.547164514387601,70,255,255,255
117,2.34,4.8361491685286255,-1.2685905545356697,-11.179999999999975,4.229491831203163,1.3549331144493901,-0.5000000000000289,1.2250115494722706,0.26736487157489597,-1.354472090042691e-14,0.5524001986325937,70,255,255,255
118,2.36,4.921230302180405,-1.2413905261049814,-11.189999999999975,4.25405668258897,1.3600014215344203,-0.5000000000000291,1.2282425692903578,0.25341535425151007,-1.2878587085651816e-14,0.5576359071584657,70,255,255,255
119,2.38,5.006803161648108,-1.2140945387369326,-11.199999999999974,4.278642973385139,1.3647993684024347,-0.5000000000000293,1.2293145398084935,0.23989734340072388,-1.2212453270876722e-14,0.5628716380227464,70,255,255,255
120,2.4,5.092867363231344,-1.1867078287379034,-11.209999999999974,4.303210079161776,1.3693354999514655,-0.5000000000000295,1.228355288831846,0.22680657745154353,-1.1546319456101628e-14,0.5681073894383634,70,255,255,255
121,2.42,5.1794217601043595,-1.1592354633920998,-11.219999999999974,4.327719843650809,1.3736182672901733,-0.5000000000000299,1.22548822445167,0.21413836693539223,-1.7985612998927536e-14,0.5733431597612096,70,255,255,255
122,2.44,5.266464489938485,-1.1316823429952312,-11.229999999999974,4.352136491706313,1.3776560198434356,-0.5000000000000302,1.220832402775181,0.2018876276631132,-1.6986412276764895e-14,0.5785789474787069,70,255,255,255
123,2.46,5.353993020812034,-1.1040532030333452,-11.239999999999974,4.376426543677409,1.3814569980942937,-0.5000000000000305,1.2145025985548425,0.19004891254291012,-1.5987211554602254e-14,0.5838147511992829,70,255,255,255
124,2.48,5.4420041954369545,-1.0763526164946313,-11.249999999999973,4.40055873124601,1.3850293269356906,-0.5000000000000309,1.2066093784300334,0.1786164420698495,-1.4988010832439613e-14,0.5890505696426915,70,255,255,255
125,2.5,5.530494273732478,-1.0485849963025105,-11.259999999999973,4.424503914776154,1.3883810096060478,-0.5000000000000312,1.1972591765072265,0.1675841335178614,-1.3988810110276972e-14,0.5942864016311061,70,255,255,255
126,2.52,5.6194589737768075,-1.0207545978588433,-11.269999999999973,4.448235002216501,1.3915199221833552,-0.5000000000000314,1.186554372017378,0.15694562886536434,-1.2989609388114332e-14,0.5995222460809262,70,255,255,255
127,2.54,5.708893511168658,-0.9928655216865818,-11.279999999999973,4.471726869592535,1.3944538086130718,-0.5000000000000316,1.1745933688016912,0.14669432148583117,-1.2323475573339238e-14,0.6047581019952393,70,255,255,255
128,2.56,5.798792636831065,-0.9649217161616666,-11.289999999999973,4.494956283120312,1.3971902762457657,-0.5000000000000319,1.1614706763888627,0.13682338163469376,-1.1657341758564144e-14,0.6099939684568859,70,255,255,255
129,2.58,5.889150673290446,-0.9369269803244457,-11.299999999999972,4.517901822969084,1.399736791861046,-0.5000000000000321,1.1472769924385782,0.1273257807640089,-1.099120794378905e-14,0.6152298446220795,70,255,255,255
130,2.6,5.979961549464363,-0.9088849667613462,-11.309999999999972,4.5405438086958325,1.4021006781549727,-0.5000000000000324,1.1320992863374135,0.11819431469634312,-1.7430501486614958e-14,0.6204657297145363,70,255,255,255
131,2.62,6.071218833991778,-0.8807991845479711,-11.319999999999972,4.562864226370716,1.4042891106687572,-0.5000000000000328,1.1160208837441719,0.10942162568922309,-1.6431300764452317e-14,0.6257016230200751,70,255,255,255
132,2.64,6.162915767139949,-0.8526730022452274,-11.329999999999972,4.584846657408567,1.4063091151371858,-0.5000000000000331,1.099121551892539,0.10100022342142756,-1.5432100042289676e-14,0.6309375238816495,70,255,255,255
133,2.66,6.255045291322308,-0.8245096509405108,-11.339999999999971,4.606476209117947,1.4081675652358303,-0.5000000000000334,1.0814775854689787,0.09292250493222465,-1.4432899320127035e-14,0.6361734316947765,70,255,255,255
134,2.68,6.347600080261824,-0.7963122273263764,-11.349999999999971,4.627739446975829,1.40987118070672,-0.5000000000000336,1.0631618928940822,0.0851807735444825,-1.3433698597964394e-14,0.641409345903332,70,255,255,255
135,2.7,6.440572566834478,-0.768083696809521,-11.359999999999973,4.64862432863273,1.4114265258427665,-0.5000000000000339,1.0442440828450454,0.07776725680233443,-1.27675647831893e-14,0.6466452659956817,70,255,255,255
136,2.72,6.533954969627479,-0.7398268966432842,-11.369999999999974,4.669120139650058,1.412840008311843,-0.500000000000034,1.0247905508664008,0.07067412345383128,-4.9960036108132044e-15,0.6518811915011221,70,255,255,255
137,2.74,6.62773931824685,-0.7115445390772438,-11.379999999999976,4.68921743096856,1.4141178783020174,-0.5000000000000341,1.0048645659250894,0.0638934995087117,-4.6629367034256575e-15,0.6571171219866059,70,255,255,255
138,2.7600000000000002,6.721917477408931,-0.683239214517843,-11.389999999999977,4.708907958104056,1.4152662279700392,-0.500000000000034,0.984526356774774,0.057417483401086544,2.7755575615628914e-15,0.6623530570537296,70,255,255,255
139,2.7800000000000002,6.8164811698502135,-0.6549133946943276,-11.399999999999977,4.728184622064108,1.4162909911757686,-0.5000000000000338,0.9638331980026358,0.05123816028647554,9.547918011776346e-15,0.667588996335962,70,255,255,255
140,2.8000000000000003,6.911421998089752,-0.6265694358246113,-11.409999999999977,4.747041411976909,1.4171979434858142,-0.5000000000000335,0.9428394956400226,0.04534761550228361,8.881784197001252e-15,0.6728249394960946,70,255,255,255
141,2.82,7.006731465078181,-0.5982095817760069,-11.419999999999977,4.765473349421431,1.417992702430221,-0.5000000000000334,0.9215968722261341,0.03973794722033763,8.215650382226158e-15,0.6780608862238952,70,255,255,255
142,2.84,7.102400993767098,-0.5698359672160745,-11.429999999999977,4.783476434445862,1.4186807279966163,-0.5000000000000333,0.9001542512215286,0.034401278319757145,7.882583474838611e-15,0.6832968362339503,70,255,255,255
143,2.86,7.198421945632285,-0.5414506207491391,-11.439999999999976,4.801047593259367,1.4192673233467743,-0.5000000000000332,0.8785579406752442,0.029329767507900506,7.549516567451064e-15,0.6885327892636797,70,255,255,255
144,2.88,7.294785638183895,-0.5130554680343169,-11.449999999999976,4.8181846275805,1.4197576357411092,-0.5000000000000331,0.8568517160566556,0.02451561971674221,7.216449660063518e-15,0.6937687450715093,70,255,255,255
145,2.9,7.391483361496373,-0.4846523348811741,-11.459999999999976,4.83488616562389,1.4201566576571394,-0.500000000000033,0.8350769021694893,0.019951095801506336,6.8833827526759706e-15,0.6990047034351913,70,255,255,255
146,2.92,7.48850639379048,-0.45624295031940415,-11.469999999999976,4.851151614705332,1.4204692280884974,-0.500000000000033,0.8132724540720844,0.015628521567903952,-5.551115123125783e-16,0.7042406641502573,70,255,255,255
147,2.94,7.58584601609936,-0.4278289496391727,-11.479999999999976,4.866981115444012,1.4207000340115736,-0.500000000000033,0.7914750369340071,0.011540296153807805,-5.551115123125783e-16,0.7094766270285967,70,255,255,255
148,2.96,7.683493526050146,-0.3994118773990249,-11.489999999999975,4.882375497539314,1.4208536120073878,-0.500000000000033,0.7697191047651186,0.0076788997907109025,-5.551115123125783e-16,0.7147125918971475,70,255,255,255
149,2.98,7.781440250792116,-0.3709931903984892,-11.499999999999975,4.897336237098489,1.4209343500267826,-0.500000000000033,0.7480369779587441,0.004036900969735857,-5.551115123125783e-16,0.7199485585966929,70,255,255,255
150,3.0,7.879677559101924,-0.342574260612739,-11.509999999999975,4.91186541549041,1.4209464892875119,-0.500000000000033,0.7264589195960163,0.0006069630364666789,-5.551115123125783e-16,0.7251845269807533,70,255,255,255
151,3.02,7.9781990767260185,-0.3141871259604444,-11.519999999999975,4.926075881204707,1.4193567326147296,-0.500000000000033,0.7105232857148795,-0.07948783363910905,-5.551115123125783e-16,0.7304204969145676,70,255,255,255
152,3.04,8.076998357131156,-0.28586185121294194,-11.529999999999974,4.939964020256896,1.416263737375123,-0.500000000000033,0.694406952609465,-0.15464976198032754,-5.551115123125783e-16,0.7356564682741553,70,255,255,255
153,3.06,8.176068896155641,-0.25762659827944023,-11.539999999999974,4.95352695122422,1.411762646675085,-0.500000000000033,0.6781465483662004,-0.22505453500190442,-5.551115123125783e-16,0.7408924409454547,70,255,255,255
154,3.08,8.275404145873686,-0.229507695319693,-11.549999999999974,4.9667624859022235,1.4059451479873613,-0.500000000000033,0.6617767339001457,-0.29087493438618417,-5.551115123125783e-16,0.7461284148235288,70,255,255,255
155,3.1,8.374997527697943,-0.20152970464391073,-11.559999999999974,4.97966909121278,1.3988995337891135,-0.5000000000000331,0.6453302655278117,-0.35228070991238813,-7.66053886991358e-15,0.7513643898118355,70,255,255,255
156,3.12,8.474842444744931,-0.17371548936403694,-11.569999999999974,4.9922458523494395,1.3907107639936902,-0.5000000000000332,0.6288380568329739,-0.4094384897711608,-7.327471962526033e-15,0.7566003658215563,70,255,255,255
157,3.14,8.574932293487828,-0.14608627876466504,-11.579999999999973,5.004492437144817,1.3814605299685947,-0.5000000000000333,0.6123292397688944,-0.46251170125477314,-6.994405055138486e-15,0.7618363427709781,70,255,255,255
158,3.16,8.675260474720703,-0.11866173236582409,-11.589999999999973,5.016409061643718,1.3712273199420475,-0.5000000000000334,0.5958312249450302,-0.5116605013273611,-6.661338147750939e-15,0.7670723205849248,70,255,255,255
159,3.18,8.775820403857997,-0.09146000265362052,-11.599999999999973,5.027996456864732,1.3600864856101782,-0.5000000000000335,0.5793697610506836,-0.5570417165934702,-6.328271240363392e-15,0.7723082991942345,70,255,255,255
160,3.2,8.87660552059264,-0.06449779645829577,-11.609999999999973,5.0392558367321785,1.348110309766237,-0.5000000000000336,0.5629689933723236,-0.5988087921970635,-5.995204332975845e-15,0.777544278535278,70,255,255,255
161,3.22,8.97760929793583,-0.037790434962649805,-11.619999999999973,5.050188867159484,1.3353680747822985,-0.5000000000000338,0.5466515213652636,-0.6371117491969258,-5.662137425588298e-15,0.7827802585495166,70,255,255,255
162,3.24,9.078825250661117,-0.011351912326995065,-11.629999999999974,5.060797636264373,1.3219261317827369,-0.500000000000034,0.5304384552444459,-0.6720971499780805,-1.2434497875801753e-14,0.7880162391830948,70,255,255,255
163,3.2600000000000002,9.18024694317503,0.014805047080150714,-11.639999999999976,5.071084625695622,1.307847970357289,-0.5000000000000341,0.5143494715624888,-0.7039080712724018,-4.6629367034256575e-15,0.7932522203864654,70,255,255,255
164,3.2800000000000002,9.281867996836041,0.04066893285354649,-11.649999999999977,5.081052683050562,1.2931942886697885,-0.500000000000034,0.4984028677469441,-0.7326840843750279,2.7755575615628914e-15,0.7984882021140449,70,255,255,255
165,3.3000000000000003,9.383682096743282,0.06622939413007967,-11.659999999999979,5.0907049953620005,1.2780230638266585,-0.5000000000000338,0.4826156155719348,-0.7585612421564965,9.547918011776346e-15,0.8037241843238968,70,255,255,255
166,3.3200000000000003,9.485682998015939,0.09147718657761938,-11.669999999999979,5.100045063632851,1.262389622376986,-0.5000000000000334,0.4670034135425114,-0.7816720724836261,1.5987211554602254e-14,0.8089601669774391,70,255,255,255
167,3.34,9.587864531583865,0.11640412079408904,-11.679999999999978,5.109076678396314,1.246346710823483,-0.5000000000000331,0.4515807381731829,-0.8021455776751549,1.4988010832439613e-14,0.8141961500391767,70,255,255,255
168,3.36,9.69022060950945,0.14100301211470634,-11.689999999999978,5.117803896279213,1.2299445660308648,-0.5000000000000328,0.43636089414494617,-0.8201072396309114,1.3988810110276972e-14,0.8194321334764539,70,255,255,255
169,3.38,9.792745229860365,0.16526763182320928,-11.699999999999978,5.126231017545768,1.2132309854251464,-0.5000000000000325,0.42135606332776554,-0.8356790302859132,1.2989609388114332e-14,0.8246681172592276,70,255,255,255
170,3.4,9.895432481152344,0.18919265976089095,-11.709999999999978,5.134362564598934,1.1962513968840833,-0.5000000000000323,0.4065773526582914,-0.8489794270531564,1.2323475573339238e-14,0.829904101359858,70,255,255,255
171,3.42,9.99827654638067,0.2127736383254002,-11.719999999999978,5.1422032614162285,1.1790489282254617,-0.5000000000000322,0.39203484086473495,-0.8601234329310807,4.551914400963142e-15,0.8351400857529166,70,255,255,255
172,3.44,10.101271706658608,0.23600692784952398,-11.729999999999977,5.149758013896896,1.161664476206189,-0.5000000000000321,0.3777376240334078,-0.8692226009636395,4.218847493575595e-15,0.8403760704150093,70,255,255,255
173,3.46,10.20441234448055,0.2588896633485467,-11.739999999999977,5.157031891097167,1.1441367749511349,-0.500000000000032,0.36369386001350446,-0.8763850627527034,3.885780586188048e-15,0.8456120553246131,70,255,255,255
174,3.48,10.307692946627157,0.28141971262327575,-11.749999999999977,5.164030107330342,1.1265024637364545,-0.5000000000000319,0.3499108116587797,-0.8817155607340186,3.552713678800501e-15,0.8508480404619273,70,255,255,255
175,3.5,10.411108106729326,0.30359563570442916,-11.759999999999977,5.170758005108476,1.1087961540576687,-0.5000000000000318,0.33639488890668456,-0.8853154839392807,3.219646771412954e-15,0.856084025808735,70,255,255,255
176,3.52,10.514652527507375,0.3254166456227914,-11.769999999999976,5.177221038902425,1.0910504959181102,-0.5000000000000316,0.323151689697462,-0.8872829069779242,2.886579864025407e-15,0.8613200113482766,70,255,255,255
177,3.54,10.618321022701318,0.34688257048836035,-11.779999999999976,5.1834247596971705,1.0732962432784485,-0.5000000000000316,0.3101860397372782,-0.8877126319830841,2.55351295663786e-15,0.8665559970651336,70,255,255,255
178,3.56,10.722108518707707,0.3679938168606186,-11.789999999999976,5.189374800319393,1.0555623186129133,-0.5000000000000316,0.2975020311111205,-0.8866962332767618,2.55351295663786e-15,0.8717919829451207,70,255,255,255
179,3.58,10.826010055937996,0.388751334391069,-11.799999999999976,5.195076861514448,1.0378758765225218,-0.5000000000000316,0.28510305975275596,-0.8843221045195759,2.55351295663786e-15,0.8770279689751874,70,255,255,255
180,3.6,10.930020789912996,0.40915658171827124,-11.809999999999976,5.200536698750053,1.02026236636011,-0.5000000000000318,0.2729918617802918,-0.8806755081205899,-4.551914400963142e-15,0.8822639551433274,70,255,255,255
181,3.62,11.03413599210748,0.42921149359479643,-11.819999999999975,5.205760109724199,1.002745593826259,-0.5000000000000319,0.26117054870733014,-0.8758386266925506,-4.218847493575595e-15,0.887499941438495,70,255,255,255
182,3.64,11.13835105055858,0.44891844922478263,-11.829999999999975,5.210752922555016,0.9853477814993093,-0.500000000000032,0.249640641540811,-0.8698906163474851,-3.885780586188048e-15,0.8927359278505277,70,255,255,255
183,3.66,11.242661470251191,0.468280241790114,-11.839999999999975,5.215520984630572,0.96808962826657,-0.5000000000000321,0.23840310377781826,-0.8629076616369682,-3.552713678800501e-15,0.8979719143700764,70,255,255,255
184,3.68,11.347062873293128,0.4873000491426652,-11.849999999999975,5.220070152096864,0.9509903676275607,-0.5000000000000322,0.2274583733145601,-0.8549630319504622,-3.219646771412954e-15,0.9032079009885399,70,255,255,255
185,3.7,11.451550998892378,0.5059814056395389,-11.859999999999975,5.2244062799624995,0.9340678248436802,-0.5000000000000323,0.21680639328179474,-0.8461271391940257,-2.886579864025407e-15,0.9084438876980049,70,255,255,255
186,3.72,11.556121703148357,0.5243281750977804,-11.869999999999974,5.228535212798934,0.9173384729120749,-0.5000000000000323,0.20644664182174122,-0.8364675965802659,-2.55351295663786e-15,0.9136798744911914,70,255,255,255
187,3.74,11.660770958668664,0.5423445248446743,-11.879999999999974,5.232462776015382,0.9008174873446989,-0.5000000000000325,0.19637816082237958,-0.8260492783688029,-9.658940314238862e-15,0.9189158613614016,70,255,255,255
188,3.7600000000000002,11.765494854022421,0.5600349008394064,-11.889999999999974,5.236194767687895,0.8845187997366062,-0.5000000000000328,0.18659958362566353,-0.8149343804046372,-8.992806499463768e-15,0.9241518483024737,70,255,255,255
189,3.7800000000000002,11.87028959304087,0.5774040038416147,-11.899999999999974,5.239736950922434,0.8684551501104127,-0.5000000000000329,0.17710916172695157,-0.8031824813096748,-8.326672684688674e-15,0.9293878353087386,70,255,255,255
190,3.8000000000000003,11.975151493975511,0.5944567666021469,-11.909999999999973,5.243095046732102,0.8526381380266065,-0.500000000000033,0.16790479048339524,-0.790850604190314,-7.993605777301127e-15,0.934623822374981,70,255,255,255
191,3.8200000000000003,12.080076988523693,0.6111983320511865,-11.919999999999973,5.246274727409095,0.8370782724519783,-0.5000000000000331,0.15898403384967885,-0.7779932787314103,-7.66053886991358e-15,0.9398598094964026,70,255,255,255
192,3.84,12.18506262073114,0.6276340324588043,-11.929999999999973,5.249281610372292,0.8217850203808968,-0.5000000000000332,0.15034414815982178,-0.7646626035540722,-7.327471962526033e-15,0.9450957966685891,70,255,255,255
193,3.86,12.290105045780574,0.6437693695429336,-11.939999999999973,5.252121252471778,0.8067668542064631,-0.5000000000000333,0.14198210497430175,-0.7509083087216859,-6.994405055138486e-15,0.9503317838874793,70,255,255,255
194,3.88,12.395201028675215,0.6596099954997487,-11.949999999999973,5.254799144732018,0.7920312978407573,-0.5000000000000334,0.13389461301195738,-0.7367778182852891,-6.661338147750939e-15,0.9555677711493369,70,255,255,255
195,3.9,12.50034744282553,0.6751616949314576,-11.959999999999972,5.257320707515748,0.7775849715854409,-0.5000000000000335,0.1260781391865331,-0.7223163127658188,-6.328271240363392e-15,0.9608037584507245,70,255,255,255
196,3.92,12.605541268547352,0.6904303676465756,-11.969999999999974,5.259691286091107,0.7634336357558991,-0.5000000000000338,0.11852892876793675,-0.7075667914770927,-1.3100631690576847e-14,0.9660397457884798,70,255,255,255
197,3.94,12.71077959147905,0.7054220123078538,-11.979999999999976,5.261916146584876,0.7495822330639126,-0.5000000000000339,0.11124302468842995,-0.6925701345993258,-5.329070518200751e-15,0.9712757331596933,70,255,255,255
198,3.96,12.816059600925152,0.7201427109031645,-11.989999999999977,5.26400047230516,0.7360349297655353,-0.5000000000000339,0.10421628601418842,-0.6773651649188654,2.1094237467877974e-15,0.9765117205616883,70,255,255,255
199,3.98,12.921378588133496,0.7345986140148131,-11.999999999999977,5.265949360417215,0.722795155582428,-0.5000000000000336,0.09744440560278189,-0.6619887091553638,9.2148511043888e-15,0.9817477079920024,70,255,255,255
200,4.0,13.026733944512628,0.7487959268629404,-12.009999999999977,5.267767818956557,0.7098656424063675,-0.5000000000000334,0.09092292696709592,-0.6464756588030229,8.548717289613705e-15,0.9869836954483701,70,255,255,255
201,4.0200000000000005,13.132113030395663,0.7626793681355715,-12.019999999999976,5.26895429415179,0.6941720636315514,-0.5000000000000333,0.05932375976167048,-0.7846789387408055,7.882583474838611e-15,0.9922196829287069,70,255,255,255
202,4.04,13.237503926528529,0.7761974755939703,-12.029999999999976,5.269544806643249,0.6759053729199448,-0.5000000000000332,0.029525624572936948,-0.9133345355803311,7.549516567451064e-15,0.9974556704310954,70,255,255,255
203,4.0600000000000005,13.342895409915993,0.7893024592678282,-12.039999999999976,5.269574169373174,0.6552491836928935,-0.5000000000000332,0.0014681364962250143,-1.0328094613525618,1.1102230246251565e-16,1.0026916579537715,70,255,255,255
204,4.08,13.448276930002931,0.8019500575831099,-12.049999999999976,5.269076004346887,0.6323799157640878,-0.5000000000000331,-0.024908251314300855,-1.1434633964402887,7.216449660063518e-15,1.007927645495112,70,255,255,255
205,4.1,13.553638585208807,0.8140993964767963,-12.059999999999976,5.268082760293805,0.6074669446843188,-0.5000000000000331,-0.0496622026540825,-1.2456485539884483,-2.220446049250313e-16,1.013163633053624,70,255,255,255
206,4.12,13.658971099831728,0.8257128515447237,-12.069999999999975,5.266625731146021,0.580672753396372,-0.5000000000000331,-0.07285145738921184,-1.3397095643973418,-2.220446049250313e-16,1.0183996206279338,70,255,255,255
207,4.14,13.764265801336846,0.8367559132610997,-12.079999999999975,5.264735075255853,0.5521530858187988,-0.5000000000000331,-0.0945327945084351,-1.4259833788786604,-2.220446049250313e-16,1.0236356082167772,70,255,255,255
208,4.16,13.869514598042391,0.8471970553010417,-12.089999999999975,5.262439835277267,0.5220571019971009,-0.5000000000000331,-0.11476199892927408,-1.5047991910848997,-2.220446049250313e-16,1.028871595818992,70,255,255,255
209,4.18,13.974709957215182,0.8570076059906425,-12.099999999999975,5.259767958639536,0.4905275344800404,-0.5000000000000331,-0.13359383188659368,-1.5764783758530239,-2.220446049250313e-16,1.0341075834335083,70,255,255,255
210,4.2,14.079844883586079,0.8661616229025898,-12.109999999999975,5.2567463185448275,0.45770084559736635,-0.5000000000000331,-0.15108200473543665,-1.6413344441337003,-2.220446049250313e-16,1.0393435710593417,70,255,255,255
211,4.22,14.184912898294574,0.8746357706092543,-12.119999999999974,5.253400735424712,0.423707385333228,-0.5000000000000331,-0.16727915600578314,-1.6996730132069173,-2.220446049250313e-16,1.0445795586955873,70,255,255,255
212,4.24,14.289908018270447,0.8824092015993931,-12.129999999999974,5.249755998793706,0.38867154950693567,-0.5000000000000332,-0.18223683155029757,-1.7517917913146153,-7.327471962526033e-15,1.0498155463414118,70,255,255,255
213,4.26,14.394824736059268,0.8894634403591839,-12.139999999999974,5.245835889441072,0.3527119379895408,-0.5000000000000332,-0.19600546763165916,-1.7979805758697425,1.1102230246251565e-16,1.055051533996049,70,255,255,255
214,4.28,14.49965800009737,0.8957822706132026,-12.149999999999974,5.241663201905074,0.3159415127009373,-0.5000000000000333,-0.20863437679992458,-1.838521264430176,-6.994405055138486e-15,1.0602875216587937,70,255,255,255
215,4.3,14.604403195440904,0.9013516257161598,-12.159999999999973,5.23725976717677,0.2784677551478595,-0.5000000000000334,-0.22017173641522003,-1.8736878776538903,-6.661338147750939e-15,1.0655235093289976,70,255,255,255
216,4.32,14.70905612495257,0.906159482181725,-12.169999999999973,5.232646475583263,0.24039282327826067,-0.5000000000000335,-0.23066457967531928,-1.9037465934799405,-6.328271240363392e-15,1.0707594970060639,70,255,255,255
217,4.34,14.81361299094863,0.9101957563305675,-12.179999999999973,5.227843299803016,0.20181370744212357,-0.5000000000000336,-0.240158789012356,-1.928955791806855,-5.995204332975845e-15,1.0759954846894435,70,255,255,255
218,4.36,14.918070377308,0.9134522040358231,-12.189999999999973,5.222869317968482,0.1628223852627782,-0.5000000000000338,-0.2486990917267322,-1.949566108967268,-5.662137425588298e-15,1.0812314723786314,70,255,255,255
219,4.38,15.022425232044277,0.9159223235405491,-12.199999999999974,5.217742736813852,0.12350597523630413,-0.5000000000000339,-0.2563290577314987,-1.9658205013237038,-5.329070518200751e-15,1.0864674600731627,70,255,255,255
220,4.4,15.12667485034084,0.9176012613183405,-12.209999999999976,5.2124809148281805,0.0839468888895713,-0.5000000000000339,-0.2630910992835904,-1.977954317336641,2.1094237467877974e-15,1.0917034477726104,70,255,255,255
221,4.42,15.230816858048371,0.9184857209451395,-12.219999999999978,5.207100385376506,0.044222981339950146,-0.5000000000000339,-0.26902647258371726,-1.9861953774810577,2.1094237467877974e-15,1.096939435476581,70,255,255,255
222,4.44,15.33484919564345,0.9185738749473733,-12.229999999999977,5.201616879753913,0.0044077001116932454,-0.5000000000000336,-0.27417528112968803,-1.990764061412845,9.2148511043888e-15,1.1021754231847123,70,255,255,255
223,4.46,15.438770102646243,0.917865279588883,-12.239999999999977,5.19604535013965,-0.03542976792451594,-0.5000000000000334,-0.27857648071311836,-1.9918734018104591,8.548717289613705e-15,1.1074114108966717,70,255,255,255
224,4.48,15.542578102494655,0.9163607925566561,-12.249999999999977,5.190399992420603,-0.07522435161134244,-0.5000000000000333,-0.2822678859523773,-1.9897291843413256,7.882583474838611e-15,1.1126473986121532,70,255,255,255
225,4.5,15.646271987871764,0.9140624935031392,-12.259999999999977,5.184694268855408,-0.1149149526758502,-0.5000000000000332,-0.285286178259776,-1.984530053225388,7.549516567451064e-15,1.1178833863308748,70,255,255,255
226,4.5200000000000005,15.749850806482815,0.9109736074008656,-12.269999999999976,5.178940930552538,-0.15444430511367524,-0.5000000000000331,-0.28766691514349674,-1.9764676218912518,7.216449660063518e-15,1.1231193740525773,70,255,255,255
227,4.54,15.853313847277565,0.9070984306632953,-12.279999999999976,5.173152039737539,-0.1937588368785179,-0.500000000000033,-0.2894445407499884,-1.9657265882421322,6.8833827526759706e-15,1.1283553617770221,70,255,255,255
228,4.5600000000000005,15.956660627113294,0.9024422599840967,-12.289999999999976,5.167338991786441,-0.23280853395993345,-0.500000000000033,-0.2906523975548643,-1.9524848540707773,-5.551115123125783e-16,1.13359134950399,70,255,255,255
229,4.58,16.059890877853377,0.8970113238456248,-12.299999999999976,5.161512537004134,-0.2715468069235972,-0.5000000000000329,-0.2913227391153814,-1.9369136481831861,6.5503158452884236e-15,1.1388273372332791,70,255,255,255
230,4.6000000000000005,16.16300453389594,0.8908127166460281,-12.309999999999976,5.1556828021281405,-0.3099303599798324,-0.5000000000000329,-0.29148674379966266,-1.9191776528117623,-8.881784197001252e-16,1.1440633249647039,70,255,255,255
231,4.62,16.266001720126738,0.8838543353932642,-12.319999999999975,5.149859311539884,-0.34791906263819483,-0.5000000000000329,-0.29117452941282185,-1.8994351329181196,-8.881784197001252e-16,1.1492993126980933,70,255,255,255
232,4.64,16.36888274029008,0.8761448189132981,-12.329999999999975,5.144051008167041,-0.3854758239983034,-0.5000000000000329,-0.29041516864214323,-1.8778380680054265,-8.881784197001252e-16,1.1545353004332901,70,255,255,255
233,4.66,16.47164806577132,0.8676934895189006,-12.339999999999975,5.138266274062085,-0.4225664697198772,-0.5000000000000329,-0.2892367052478395,-1.8545322860786908,-8.881784197001252e-16,1.1597712881701498,70,255,255,255
234,4.68,16.574298324784188,0.8585102970847391,-12.349999999999975,5.132512950643508,-0.4591596217080738,-0.5000000000000329,-0.28766617092883084,-1.829657599409829,-8.881784197001252e-16,1.1650072759085395,70,255,255,255
235,4.7,16.676834291955938,0.8486057654738648,-12.359999999999975,5.1267983585876,-0.49522658054371477,-0.5000000000000329,-0.2857296027954481,-1.8033479417820488,-8.881784197001252e-16,1.1702432636483364,70,255,255,255
236,4.72,16.779256878303137,0.8379909412602284,-12.369999999999974,5.1211293173598875,-0.5307412106818163,-0.5000000000000329,-0.28345206138561085,-1.775731506905078,-8.881784197001252e-16,1.1754792513894283,70,255,255,255
237,4.74,16.88156712159067,0.8266773446915082,-12.379999999999974,5.115512164376645,-0.5656798284360101,-0.500000000000033,-0.28085764916214373,-1.7469308877096827,-7.993605777301127e-15,1.1807152391317115,70,255,255,255
238,4.76,16.98376617706643,0.8146769228362898,-12.389999999999974,5.109952773787976,-0.6000210927609235,-0.500000000000033,-0.27796952943344966,-1.7170632162456705,-5.551115123125783e-16,1.1859512268750907,70,255,255,255
239,4.78,17.085855308563932,0.8020020048595019,-12.399999999999974,5.104456574875149,-0.6337458988393938,-0.5000000000000331,-0.27480994564134775,-1.6862403039235112,-7.66053886991358e-15,1.1911872146194782,70,255,255,255
240,4.8,17.18783587996505,0.7886652593699722,-12.409999999999973,5.099028570055873,-0.6668372744764818,-0.5000000000000332,-0.2714002409637706,-1.6545687818543984,-7.327471962526033e-15,1.1964232023647934,70,255,255,255
241,4.82,17.289709347014895,0.7746796537840192,-12.419999999999973,5.093673352492248,-0.6992802792976511,-0.5000000000000333,-0.2677608781812868,-1.6221502410584705,-6.994405055138486e-15,1.201659190110962,70,255,255,255
242,4.84,17.391477249480836,0.7600584156491363,-12.429999999999973,5.088395123297034,-0.7310619067441432,-0.5000000000000334,-0.26391145976067865,-1.5890813723245998,-6.661338147750939e-15,1.2068951778579156,70,255,255,255
243,4.86,17.493141203647532,0.7448149958720458,-12.439999999999973,5.083197708334841,-0.7621709888545242,-0.5000000000000335,-0.25987074810968824,-1.5554541055190474,-6.328271240363392e-15,1.2121311656055915,70,255,255,255
244,4.88,17.594702895139843,0.7289630337956942,-12.449999999999973,5.078084574615625,-0.792598103817584,-0.5000000000000336,-0.2556566859607772,-1.5213557481529922,-5.995204332975845e-15,1.217367153353932,70,255,255,255
245,4.9,17.696164072065418,0.7125163240701298,-12.459999999999972,5.07305884627876,-0.8223354862782212,-0.5000000000000338,-0.2512864168432456,-1.4868691230318611,-5.662137425588298e-15,1.2226031411028842,70,255,255,255
246,4.92,17.79752653846875,0.6954887852626369,-12.469999999999974,5.0681233201666425,-0.8513769403746441,-0.500000000000034,-0.2467763056058372,-1.4520727048211417,-1.2434497875801753e-14,1.2278391288523987,70,255,255,255
247,4.94,17.898792148088503,0.6778944301529939,-12.479999999999976,5.063280480987569,-0.8797177554821511,-0.5000000000000341,-0.2421419589536935,-1.4170407553753566,-4.6629367034256575e-15,1.2330751166024305,70,255,255,255
248,4.96,17.999962798409868,0.6597473376602758,-12.489999999999977,5.058532516068241,-0.9073546246359054,-0.500000000000034,-0.23739824596636616,-1.3818434576877126,2.7755575615628914e-15,1.2383111043529387,70,255,255,255
249,4.98,18.101040425003806,0.641061626348226,-12.499999999999979,5.053881329696947,-0.9342855656024861,-0.5000000000000338,-0.23255931856472856,-1.3465470483290323,9.547918011776346e-15,1.2435470921038847,70,255,255,255
250,5.0,18.202026996144987,0.6218514294568745,-12.509999999999978,5.049328557058997,-0.9605098445675769,-0.5000000000000334,-0.22763863189748346,-1.311213948254541,1.5987211554602254e-14,1.2487830798552337,70,255,255,255
251,5.0200000000000005,18.30291832628154,0.6021299860003702,-12.519999999999978,5.044566506827516,-0.9860721728252175,-0.5000000000000331,-0.2381025115740636,-1.27811641288203,1.4988010832439613e-14,1.2540190676069534,70,255,255,255
252,5.04,18.403710633380307,0.5819105586465173,-12.529999999999978,5.039615354938484,-1.0109713676926426,-0.5000000000000328,-0.24755759445155778,-1.2449597433712523,1.3988810110276972e-14,1.259255055359014,70,255,255,255
253,5.0600000000000005,18.504400520766993,0.5612064110772877,-12.539999999999978,5.0344943693343795,-1.0352073784614773,-0.5000000000000326,-0.2560492802052421,-1.2118005384417327,5.88418203051333e-15,1.2644910431113887,70,255,255,255
254,5.08,18.604984959439292,0.5400307867060796,-12.549999999999978,5.029221933615071,-1.0587812185604066,-0.5000000000000324,-0.26362178596540353,-1.1786920049464724,1.2656542480726785e-14,1.269727030864052,70,255,255,255
255,5.1000000000000005,18.705461270852986,0.5183968887043703,-12.559999999999977,5.023815570684624,-1.081694900085467,-0.5000000000000323,-0.2703181465223814,-1.1456840762530192,4.884981308350689e-15,1.274963018616981,70,255,255,255
256,5.12,18.805827110180115,0.4963178612911573,-12.569999999999977,5.018291966356393,-1.1039513706606503,-0.5000000000000322,-0.27618021641154566,-1.1128235287591624,4.551914400963142e-15,1.280199006370154,70,255,255,255
257,5.14,18.906080450037738,0.47380677223935674,-12.579999999999977,5.012666992881171,-1.1255544525900287,-0.5000000000000321,-0.28124867376108487,-1.0801540964689218,4.218847493575595e-15,1.2854349941235519,70,255,255,255
258,5.16,19.006219564685043,0.4508765965541315,-12.589999999999977,5.006955732365339,-1.1465087842612638,-0.500000000000032,-0.2855630257916344,-1.0477165835617517,3.885780586188048e-15,1.2906709818771567,70,255,255,255
259,5.18,19.106243014686008,0.4275402012789481,-12.599999999999977,5.001172500048157,-1.16681976375917,-0.5000000000000319,-0.28916161585907574,-1.015548974895307,3.552713678800501e-15,1.2959069696309518,70,255,255,255
260,5.2,19.206149632034197,0.4038103313860091,-12.609999999999976,4.9953308674094155,-1.1864934946469503,-0.5000000000000318,-0.29208163193709336,-0.9836865443890226,3.219646771412954e-15,1.3011429573849218,70,255,255,255
261,5.22,19.30593850573581,0.37969959670857323,-12.619999999999976,4.989443685080628,-1.205536733871792,-0.5000000000000316,-0.29435911643935775,-0.9521619612420871,2.886579864025407e-15,1.3063789451390528,70,255,255,255
262,5.24,19.405608967846508,0.355220459873559,-12.629999999999976,4.983523105534926,-1.2239568417507116,-0.5000000000000318,-0.2960289772851503,-0.9210053939459861,-4.551914400963142e-15,1.311614932893332,70,255,255,255
263,5.26,19.50516057995716,0.3303852251937218,-12.639999999999976,4.977580605532594,-1.2417617339918583,-0.5000000000000316,-0.2971250001165684,-0.8902446120573317,2.886579864025407e-15,1.3168509206477474,70,255,255,255
264,5.28,19.60459312012318,0.3052060284796036,-12.649999999999975,4.971627008301037,-1.2589598357059124,-0.5000000000000318,-0.29767986157788595,-0.8599050857027097,-4.551914400963142e-15,1.3220869084022884,70,255,255,255
265,5.3,19.703906570231773,0.2796948277323685,-12.659999999999975,4.965672505429576,-1.275560037361757,-0.5000000000000319,-0.29772514357302793,-0.8300100827922368,-4.218847493575595e-15,1.3273228961569448,70,255,255,255
266,5.32,19.803101103800998,0.25386339467956376,-12.669999999999975,4.959726678461202,-1.2915716526402357,-0.500000000000032,-0.2972913484187192,-0.8005807639239291,-3.885780586188048e-15,1.3325588839117073,70,255,255,255
267,5.34,19.902177074204296,0.22772330711677286,-12.679999999999975,4.953798520164877,-1.3070043781395444,-0.5000000000000321,-0.2964079148162284,-0.7716362749654366,-3.552713678800501e-15,1.3377948716665673,70,255,255,255
268,5.36,20.001135003313767,0.20128594201906017,-12.689999999999975,4.947896455473554,-1.3218682548856346,-0.5000000000000322,-0.29510323456615417,-0.7431938373045135,-3.219646771412954e-15,1.3430308594215172,70,255,255,255
269,5.38,20.099975570555255,0.17456246938704206,-12.699999999999974,4.9420283620744385,-1.3361736316009056,-0.5000000000000323,-0.29340466995578485,-0.7152688357635544,-2.886579864025407e-15,1.3482668471765498,70,255,255,255
270,5.4,20.198699602368045,0.14756384679335283,-12.709999999999974,4.9362015906394365,-1.3499311296844623,-0.5000000000000323,-0.29133857175011,-0.6878749041778356,-2.55351295663786e-15,1.3535028349316585,70,255,255,255
271,5.42,20.297308062061745,0.12030081459620735,-12.719999999999974,4.930422984684997,-1.3631516098572738,-0.5000000000000325,-0.2889302977219801,-0.661024008640571,-9.658940314238862e-15,1.3587388226868369,70,255,255,255
272,5.44,20.395802040062783,0.09278389178769318,-12.729999999999974,4.924698900051813,-1.3758461404257083,-0.5000000000000328,-0.2862042316591804,-0.6347265284217212,-8.992806499463768e-15,1.3639748104420797,70,255,255,255
273,5.46,20.494182744542705,0.06502337244535081,-12.739999999999974,4.919035223996023,-1.3880259671171187,-0.5000000000000329,-0.28318380278950084,-0.6089913345705233,-8.326672684688674e-15,1.3692107981973818,70,255,255,255
274,5.48,20.5924514924204,0.0370293227565224,-12.749999999999973,4.9134373938846725,-1.3997024844414205,-0.500000000000033,-0.2798915055675222,-0.5838258662150893,-7.993605777301127e-15,1.3744467859527383,70,255,255,255
275,5.5,20.690609700730185,0.008811578585863972,-12.759999999999973,4.9079104154892725,-1.4108872085329212,-0.5000000000000331,-0.2763489197699762,-0.5592362045750323,-7.66053886991358e-15,1.379682773708145,70,255,255,255
276,5.5200000000000005,20.788658878347633,-0.019620256442676877,-12.769999999999973,4.9024588808723,-1.4215917514270424,-0.5000000000000332,-0.27257673084862777,-0.5352271447060635,-7.327471962526033e-15,1.3849187614635978,70,255,255,255
277,5.54,20.886600618064882,-0.0482568123772168,-12.779999999999973,4.897086985862435,-1.4318277967269963,-0.5000000000000333,-0.26859475049323134,-0.5118022649976979,-6.994405055138486e-15,1.390154749219093,70,255,255,255
278,5.5600000000000005,20.98443658900719,-0.07708895390953587,-12.789999999999973,4.891798547115268,-1.4416070766159532,-0.5000000000000335,-0.2644219373583425,-0.4889639944478439,-1.3766765505351941e-14,1.3953907369746272,70,255,255,255
279,5.58,21.08216852938233,-0.10610778091295087,-12.799999999999972,4.8865970187570325,-1.4509413501707504,-0.5000000000000336,-0.26007641791179825,-0.4667136777398586,-5.995204332975845e-15,1.4006267247301973,70,255,255,255
280,5.6000000000000005,21.179798239554525,-0.13530462857162587,-12.809999999999974,4.8814855086097655,-1.45984238293375,-0.5000000000000339,-0.2555755073633579,-0.4450516381499743,-1.27675647831893e-14,1.4058627124858005,70,255,255,255
281,5.62,21.277327575434466,-0.16467106712562662,-12.819999999999975,4.876466793997044,-1.4683219277000386,-0.500000000000034,-0.25093573063607355,-0.42397723831443734,-4.9960036108132044e-15,1.4110987002414341,70,255,255,255
282,5.64,21.374758442177068,-0.1941989012551825,-12.829999999999977,4.871543337130176,-1.4763917064777932,-0.500000000000034,-0.24617284334338851,-0.4034889388877305,2.4424906541753444e-15,1.4163346879970957,70,255,255,255
283,5.66,21.472092788178575,-0.22388016912678813,-12.839999999999979,4.866717300075398,-1.4840633935802814,-0.5000000000000338,-0.2413018527389008,-0.38358435512441,9.547918011776346e-15,1.4215706757527828,70,255,255,255
284,5.68,21.56933259936464,-0.2537071411229612,-12.849999999999978,4.861990559303272,-1.491348599808655,-0.5000000000000334,-0.23633703860632416,-0.3642603114186851,1.5987211554602254e-14,1.4268066635084937,70,255,255,255
285,5.7,21.666479893761082,-0.28367231827666917,-12.859999999999978,4.8573647198220735,-1.498258857685396,-0.5000000000000331,-0.2312919740599062,-0.3455128938370382,1.4988010832439613e-14,1.4320426512642264,70,255,255,255
286,5.72,21.763536716339033,-0.31376843043064917,-12.869999999999978,4.852841128897517,-1.5048056076989988,-0.5000000000000328,-0.2261795462278151,-0.3273375006801462,1.3988810110276972e-14,1.437278639019979,70,255,255,255
287,5.74,21.860505134126267,-0.3439884341410738,-12.879999999999978,4.848420889361684,-1.5110001855212305,-0.5000000000000326,-0.22101197679165363,-0.3097288911115841,5.88418203051333e-15,1.44251462677575,70,255,255,255
288,5.76,21.957387231576558,-0.37432551034425493,-12.889999999999977,4.8441048725145075,-1.5168538101590576,-0.5000000000000324,-0.21580084235882602,-0.292681231891353,1.2656542480726785e-14,1.4477506145315382,70,255,255,255
289,5.78,22.05418510618899,-0.4047730618043374,-12.899999999999977,4.8398937306216245,-1.5223775730041238,-0.5000000000000323,-0.2105570946441624,-0.2761881422533137,4.884981308350689e-15,1.4529866022873419,70,255,255,255
290,5.8,22.150900864369245,-0.4353247103592063,-12.909999999999977,4.835787909012805,-1.5275824277434427,-0.5000000000000322,-0.20529108044096933,-0.2602427369659468,4.551914400963142e-15,1.4582225900431598,70,255,255,255
291,5.82,22.247536617524958,-0.4659742939811218,-12.919999999999977,4.831787657785581,-1.5324791810957763,-0.5000000000000321,-0.20001256136123935,-0.24483766761668213,4.218847493575595e-15,1.463458577798991,70,255,255,255
292,5.84,22.344094478387337,-0.4967158636679014,-12.929999999999977,4.827893043119018,-1.53707848433898,-0.500000000000032,-0.19473073332813584,-0.2299651621601808,3.885780586188048e-15,1.4686945655548342,70,255,255,255
293,5.86,22.440576557551395,-0.5275436801797896,-12.939999999999976,4.824103958202945,-1.5413908255944124,-0.5000000000000319,-0.18945424580368542,-0.21561706277161874,3.552713678800501e-15,1.4739305533106888,70,255,255,255
294,5.88,22.53698496022716,-0.5584522106364962,-12.949999999999976,4.820420133788196,-1.545426522835331,-0.5000000000000318,-0.18419122073741612,-0.20178486204593016,3.219646771412954e-15,1.4791665410665535,70,255,255,255
295,5.9,22.633321783194432,-0.5894361249882366,-12.959999999999976,4.816841148363757,-1.5491957175870212,-0.5000000000000316,-0.17894927122194115,-0.1884597375845154,2.886579864025407e-15,1.4844025288224278,70,255,255,255
296,5.92,22.72958911195377,-0.6204902923739813,-12.969999999999976,4.813366437966888,-1.552708369287234,-0.5000000000000318,-0.17373551984343738,-0.1756325850106446,-4.551914400963142e-15,1.4896385165783108,70,255,255,255
297,5.94,22.825789018066423,-0.6516097773795081,-12.979999999999976,4.80999530563257,-1.555974250276338,-0.5000000000000319,-0.16855661671590383,-0.16329404945519443,-4.218847493575595e-15,1.4948745043342018,70,255,255,255
298,5.96,22.921923556676198,-0.6827898362072564,-12.989999999999975,4.806726930488784,-1.559002941387417,-0.500000000000032,-0.16341875718927756,-0.15143455555393714,-3.885780586188048e-15,1.5001104920901,70,255,255,255
299,5.98,23.017994764206286,-0.7140259127694039,-12.999999999999975,4.803560376504329,-1.5618038281073743,-0.5000000000000321,-0.15832769922273737,-0.14004433599787403,-3.552713678800501e-15,1.5053464798460052,70,255,255,255
300,6.0,23.114004656224207,-0.7453136347150224,-13.009999999999975,4.8004946008960205,-1.5643860972809258,-0.5000000000000322,-0.15328878041544058,-0.1291134586775744,-3.219646771412954e-15,1.5105824676019166,70,255,255,255
301,6.0200000000000005,23.209947413284404,-0.7766315371027682,-13.019999999999975,4.797137853009899,-1.5658951193872912,-0.5000000000000323,-0.16783739430607003,-0.07545110531827248,-2.886579864025407e-15,1.5158184553578335,70,255,255,255
302,6.04,23.30581767252399,-0.8079593945990708,-13.029999999999974,4.793512961979252,-1.5663928748151315,-0.5000000000000323,-0.18124455153237484,-0.0248877713920157,-2.55351295663786e-15,1.5210544431137558,70,255,255,255
303,6.0600000000000005,23.401610508848357,-0.8392781794622003,-13.039999999999974,4.789641816218399,-1.5659392431564736,-0.5000000000000325,-0.19355728804263084,0.022681582932889466,-9.658940314238862e-15,1.526290430869683,70,255,255,255
304,6.08,23.497321416545244,-0.8705700201311435,-13.049999999999974,4.7855453848443705,-1.5645920334471615,-0.5000000000000325,-0.20482156870142454,0.06736048546561046,-1.887379141862766e-15,1.5315264186256146,70,255,255,255
305,6.1000000000000005,23.59294629133093,-0.9018181604492589,-13.059999999999974,4.781243739284156,-1.562407015905769,-0.5000000000000328,-0.2150822780107564,0.10925087706962056,-8.992806499463768e-15,1.5367624063815504,70,255,255,255
306,6.12,23.688481412831365,-0.9330069195498646,-13.069999999999974,4.7767560750218205,-1.5594379550302875,-0.5000000000000329,-0.22438321311673182,0.14845304377408164,-8.326672684688674e-15,1.54199839413749,70,255,255,255
307,6.140000000000001,23.783923427500213,-0.9641216524282279,-13.079999999999973,4.772100733442314,-1.5557366439181628,-0.500000000000033,-0.23276707897532756,0.18506555560623283,-7.993605777301127e-15,1.5472343818934329,70,255,255,255
308,6.16,23.879269331974836,-0.9951487112218553,-13.089999999999973,4.7672952237311925,-1.551352939681373,-0.5000000000000331,-0.24027548555608025,0.21918521183948947,-7.66053886991358e-15,1.5524703696493791,70,255,255,255
309,6.18,23.974516456870674,-1.026075407218539,-13.099999999999973,4.76235624479189,-1.5463347998341768,-0.5000000000000332,-0.24694894696509273,0.2509069923598066,-7.327471962526033e-15,1.5577063574053283,70,255,255,255
310,6.2,24.069662451013563,-1.056889973609278,-13.109999999999973,4.757299707144402,-1.5407283195369543,-0.5000000000000333,-0.2528268823744062,0.28032401486112635,-6.994405055138486e-15,1.56294234516128,70,255,255,255
311,6.22,24.164705266108992,-1.0875815290009818,-13.119999999999973,4.752140754771455,-1.5345777695851825,-0.5000000000000334,-0.2579476186473837,0.3075274975885929,-6.661338147750939e-15,1.5681783329172343,70,255,255,255
312,6.24,24.2596431418466,-1.1181400417017429,-13.129999999999972,4.7468937868803724,-1.5279256350380572,-0.5000000000000336,-0.26234839455410963,0.3326067273562656,-1.3433698597964394e-14,1.573414320673191,70,255,255,255
313,6.26,24.354474591437615,-1.1485562947894743,-13.139999999999972,4.741572479550869,-1.520812654386575,-0.5000000000000338,-0.2660653664751731,0.3556490325741113,-5.662137425588298e-15,1.5786503084291497,70,255,255,255
314,6.28,24.449198387582435,-1.178821851972795,-13.149999999999974,4.736189807240977,-1.5132778591660396,-0.500000000000034,-0.269133615494594,0.3767397610267642,-1.2434497875801753e-14,1.5838862961851103,70,255,255,255
315,6.3,24.54381354886494,-1.208929024251254,-13.159999999999975,4.730758064125215,-1.5053586139229473,-0.5000000000000341,-0.27158715578807957,0.3959622621546173,-4.6629367034256575e-15,1.5891222839410728,70,255,255,255
316,6.32,24.638319326569757,-1.2388708373802748,-13.169999999999977,4.725288885240921,-1.4970906564510404,-0.500000000000034,-0.2734589442146671,0.4133978735953501,2.7755575615628914e-15,1.594358271697037,70,255,255,255
317,6.34,24.732715191918164,-1.268641000144595,-13.179999999999978,4.719793267420423,-1.4885081382160026,-0.5000000000000338,-0.27478089102494074,0.42912591175188997,9.547918011776346e-15,1.5995942594530026,70,255,255,255
318,6.36,24.82700082371793,-1.2982338734424508,-13.189999999999978,4.714281589988404,-1.479643664892798,-0.5000000000000334,-0.2755838716009391,0.4432236661602298,1.5987211554602254e-14,1.6048302472089697,70,255,255,255
319,6.38,24.92117609642204,-1.3276444401813314,-13.199999999999978,4.708763635205447,-1.4705283369440336,-0.5000000000000331,-0.275897739147835,0.45576639743821623,1.4988010832439613e-14,1.610066234964938,70,255,255,255
320,6.4,25.015241068590846,-1.3568682759847706,-13.209999999999978,4.703248608440261,-1.461191790171961,-0.5000000000000328,-0.2757513382592709,0.46682733860362036,1.3988810110276972e-14,1.6153022227209075,70,255,255,255
321,6.42,25.109195971751937,-1.385901520708387,-13.219999999999978,4.697745158054605,-1.4516622361808145,-0.5000000000000326,-0.2751725192828056,0.4764776995573352,5.88418203051333e-15,1.620538210476878,70,255,255,255
322,6.44,25.203041199651665,-1.4147408507621895,-13.229999999999977,4.692261394986324,-1.4419665026901238,-0.5000000000000325,-0.2741881534140713,0.4847866745345346,5.551115123125783e-15,1.6257741982328495,70,255,255,255
323,6.46,25.29677729789201,-1.4433834522350584,-13.239999999999977,4.686804912017283,-1.4321300736434468,-0.5000000000000324,-0.27282414845201863,0.49182145233385044,5.218048215738236e-15,1.631010185988822,70,255,255,255
324,6.48,25.390404953946295,-1.4718269948162708,-13.249999999999977,4.68138280271428,-1.4221771290606173,-0.5000000000000323,-0.271105465150149,0.497647229141468,4.884981308350689e-15,1.6362461737447953,70,255,255,255
325,6.5,25.48392498754694,-1.5000696065079735,-13.259999999999977,4.676001680032237,-1.4121305845851373,-0.5000000000000322,-0.2690561341021578,0.5023272237740066,4.551914400963142e-15,1.6414821615007693,70,255,255,255
326,6.5200000000000005,25.57733834143834,-1.528109849121608,-13.269999999999976,4.670667694570188,-1.4020121306817264,-0.5000000000000321,-0.2666992731024598,0.5059226951705513,4.218847493575595e-15,1.6467181492567442,70,255,255,255
327,6.54,25.670646072487774,-1.555946694550454,-13.279999999999976,4.665386552471672,-1.3918422714423058,-0.500000000000032,-0.2640571049258069,0.5084929619710328,3.885780586188048e-15,1.6519541370127198,70,255,255,255
328,6.5600000000000005,25.76384934314702,-1.5835795018096905,-13.289999999999976,4.660163532962235,-1.3816403629618192,-0.5000000000000321,-0.26115097547185595,0.510095424024329,-3.552713678800501e-15,1.6571901247686958,70,255,255,255
329,6.58,25.856949413257375,-1.6110079948346565,-13.299999999999976,4.6550035055177466,-1.3714246512482995,-0.500000000000032,-0.2580013722244079,0.5107855856759926,3.885780586188048e-15,1.6624261125246724,70,255,255,255
330,6.6000000000000005,25.94994763219054,-1.638232241027346,-13.309999999999976,4.649910946658222,-1.3612123096344702,-0.5000000000000321,-0.2546279429762235,0.5106170806914703,-3.552713678800501e-15,1.6676621002806495,70,255,255,255
331,6.62,26.042845431317794,-1.6652526305405646,-13.319999999999975,4.644889956362738,-1.3510194756609317,-0.5000000000000322,-0.25104951477419046,0.509641698676917,-3.219646771412954e-15,1.672898088036627,70,255,255,255
332,6.640000000000001,26.135644316799834,-1.6920698562886372,-13.329999999999975,4.639944274101926,-1.3408612874036248,-0.5000000000000323,-0.24728411304062448,0.5079094128653507,-2.886579864025407e-15,1.678134075792605,70,255,255,255
333,6.66,26.22834586268954,-1.7186848946730529,-13.339999999999975,4.635077294485321,-1.3307519192207868,-0.5000000000000323,-0.24334898083022782,0.505468409141896,-2.55351295663786e-15,1.6833700635485835,70,255,255,255
334,6.68,26.320951704339972,-1.7450989870109936,-13.349999999999975,4.630292082521659,-1.3207046168970424,-0.5000000000000323,-0.23926059818312506,0.5023651161872233,-2.55351295663786e-15,1.6886060513045622,70,255,255,255
335,6.7,26.41346353210979,-1.7713136216542849,-13.359999999999975,4.625591388490904,-1.310731732164564,-0.5000000000000323,-0.23503470153771744,0.4986442366239263,-2.55351295663786e-15,1.6938420390605413,70,255,255,255
336,6.72,26.50588308535834,-1.797330516785954,-13.369999999999974,4.620977662427532,-1.3008447565834473,-0.5000000000000323,-0.23068630316861416,0.49434877905583163,-2.55351295663786e-15,1.6990780268165206,70,255,255,255
337,6.74,26.598212146722645,-1.8231516038812647,-13.379999999999974,4.6164530682152005,-1.2910543547655406,-0.5000000000000325,-0.22622971061656738,0.48952009089533255,-9.658940314238862e-15,1.7043140145725004,70,255,255,255
338,6.76,26.690452536668516,-1.848779011819824,-13.389999999999974,4.612019497293587,-1.28137039692796,-0.5000000000000325,-0.2216785460806694,0.4841978918790326,-1.887379141862766e-15,1.7095500023284804,70,255,255,255
339,6.78,26.78260610830809,-1.8742150516351124,-13.399999999999974,4.607678581978724,-1.271801990764426,-0.5000000000000328,-0.21704576574316725,0.47842030817670045,-8.992806499463768e-15,1.7147859900844606,70,255,255,255
340,6.8,26.874674742476063,-1.8994622018875995,-13.409999999999973,4.603431708398708,-1.2623575126243574,-0.5000000000000329,-0.21234367900076023,0.47222390700343064,-8.326672684688674e-15,1.720021977840441,70,255,255,255
341,6.82,26.966660343057008,-1.924523094647427,-13.419999999999973,4.599280029047179,-1.2530446379913704,-0.500000000000033,-0.20758396757647102,0.46564373164934625,-7.993605777301127e-15,1.7252579655964217,70,255,255,255
342,6.84,27.058564832556154,-1.949400502072516,-13.429999999999973,4.595224474957388,-1.243870371254453,-0.5000000000000331,-0.20277770448954513,0.45871333684587134,-7.66053886991358e-15,1.7304939533524026,70,255,255,255
343,6.86,27.15039014790616,-1.9740973235678485,-13.439999999999973,4.591265767500176,-1.23484107476662,-0.5000000000000332,-0.19793537286061103,0.45146482439164903,-7.327471962526033e-15,1.7357299411083835,70,255,255,255
344,6.88,27.24213823650235,-1.9986165735115946,-13.449999999999973,4.587404429809519,-1.2259624971873069,-0.5000000000000333,-0.19306688453287535,0.4439288789656577,-6.994405055138486e-15,1.7409659288643646,70,255,255,255
345,6.9,27.333811052459144,-2.0229613695337174,-13.459999999999972,4.583640797839728,-1.2172398011061294,-0.5000000000000334,-0.18818159848953364,0.4361348040588755,-6.661338147750939e-15,1.746201916620346,70,255,255,255
346,6.92,27.42541055308032,-2.047134921332656,-13.469999999999972,4.579975031058704,-1.208677589946929,-0.5000000000000336,-0.18328833905122455,0.4281105579600126,-1.3433698597964394e-14,1.7514379043763273,70,255,255,255
347,6.94,27.51693869553596,-2.071140520015701,-13.479999999999974,4.57640712278197,-1.2002799341522423,-0.5000000000000339,-0.1783954138367223,0.4198827897343398,-1.27675647831893e-14,1.7566738921323088,70,255,255,255
348,6.96,27.60839743373901,-2.0949815279486903,-13.489999999999975,4.572936910152511,-1.1920503966494695,-0.500000000000034,-0.17351063147294887,0.4114768751386344,-4.9960036108132044e-15,1.7619098798882906,70,255,255,255
349,6.98,27.699788715414446,-2.118661369100712,-13.499999999999977,4.569564083771698,-1.1839920576011005,-0.500000000000034,-0.16864131904064905,0.40291695241844905,2.4424906541753444e-15,1.7671458676442724,70,255,255,255
350,7.0,27.79111447935418,-2.142183519869559,-13.509999999999977,4.566288196986821,-1.1761075384423485,-0.5000000000000338,-0.1637943392438297,0.39422595793760506,9.547918011776346e-15,1.7723818554002542,70,255,255,255
351,7.0200000000000005,27.882367742289507,-2.165548429666102,-13.519999999999976,4.562663146766298,-1.168245489827136,-0.5000000000000335,-0.18125251102611184,0.393102430760631,8.881784197001252e-15,1.7776178431562362,70,255,255,255
352,7.04,27.97354205594944,-2.188756772522115,-13.529999999999976,4.558715682996622,-1.1604171428006347,-0.5000000000000334,-0.19737318848382923,0.39141735132506006,8.215650382226158e-15,1.7828538309122182,70,255,255,255
353,7.0600000000000005,28.064631485278095,-2.21180943253457,-13.539999999999976,4.554471466432772,-1.1526330006227647,-0.5000000000000334,-0.21221082819250725,0.3892071088935014,7.771561172376096e-16,1.7880898186682004,70,255,255,255
354,7.08,28.155630587137875,-2.234707489847172,-13.549999999999976,4.549955092988901,-1.1449028656300926,-0.5000000000000333,-0.2258186721935731,0.3865067496336081,7.882583474838611e-15,1.7933258064241826,70,255,255,255
355,7.1000000000000005,28.24653438950338,-2.257452207159322,-13.559999999999976,4.54519011827532,-1.1372358656074948,-0.5000000000000333,-0.23824873567904703,0.3833500011298929,4.440892098500626e-16,1.7985617941801648,70,255,255,255
356,7.12,28.337338371149936,-2.280045016752458,-13.569999999999975,4.540199082327754,-1.129640479656803,-0.5000000000000333,-0.24955179737831212,0.37976929753459454,4.440892098500626e-16,1.803797781936147,70,255,255,255
357,7.140000000000001,28.42803844183949,-2.3024875080234826,-13.579999999999975,4.535003534477758,-1.1221245635512238,-0.5000000000000333,-0.2597773924998048,0.37579580527895695,4.440892098500626e-16,1.8090337696921295,70,255,255,255
358,7.16,28.518630923005812,-2.3247814155147988,-13.589999999999975,4.529624058316037,-1.1146953745658195,-0.5000000000000333,-0.2689738080860158,0.37145944927021546,4.440892098500626e-16,1.814269757448112,70,255,255,255
359,7.18,28.609112528939875,-2.3469286074303137,-13.599999999999975,4.524080296703155,-1.1073595957757563,-0.5000000000000333,-0.2771880806441409,0.36678893950316294,4.440892098500626e-16,1.8195057452040944,70,255,255,255
360,7.2,28.69948034847557,-2.3689310746266212,-13.609999999999975,4.518390976784761,-1.1001233598153777,-0.5000000000000333,-0.2844659959197138,0.3618117980189264,4.440892098500626e-16,1.8247417329600768,70,255,255,255
361,7.22,28.789731827174993,-2.39079092006847,-13.619999999999974,4.512573934971055,-1.0929922720924394,-0.5000000000000333,-0.29085209068530204,0.35655438614691626,4.440892098500626e-16,1.8299777207160595,70,255,255,255
362,7.24,28.879864750011848,-2.412510348737531,-13.629999999999974,4.506646141842658,-1.0859714334530517,-0.5000000000000334,-0.2963896564198416,0.3510419319693898,-6.661338147750939e-15,1.8352137084720421,70,255,255,255
363,7.26,28.969877224550796,-2.4340916579834113,-13.639999999999974,4.500623726947458,-1.0790654622940243,-0.5000000000000334,-0.3011207447600519,0.34529855795136877,7.771561172376096e-16,1.8404496962280248,70,255,255,255
364,7.28,29.0597676646199,-2.455537228305819,-13.649999999999974,4.494522003455294,-1.0722785161203903,-0.5000000000000335,-0.3050861746082134,0.3393473086816994,-6.328271240363392e-15,1.8456856839840075,70,255,255,255
365,7.3,29.14953477447269,-2.4768495145567573,-13.659999999999973,4.488355492639571,-1.0656143125469038,-0.5000000000000336,-0.3083255407861403,0.33321017867432623,-5.995204332975845e-15,1.8509216717399901,70,255,255,255
366,7.32,29.239177533435832,-2.498031037551623,-13.669999999999973,4.482137948157009,-1.0590761497432735,-0.5000000000000338,-0.31087722412810326,0.32690814018151104,-5.662137425588298e-15,1.8561576594959728,70,255,255,255
367,7.34,29.32869518103781,-2.5190843760780988,-13.679999999999975,4.475882380098789,-1.0526669263237938,-0.5000000000000339,-0.31277840291096304,0.32046117097397975,-5.329070518200751e-15,1.8613936472519554,70,255,255,255
368,7.36,29.418087202613574,-2.5400121592917566,-13.689999999999976,4.469601078788346,-1.046389160682887,-0.5000000000000339,-0.31406506552217994,0.3138882820453377,2.1094237467877974e-15,1.866629635007938,70,255,255,255
369,7.38,29.507353315379632,-2.560817059487334,-13.699999999999976,4.4633056383029075,-1.040245009778864,-0.5000000000000336,-0.3147720242718943,0.30720754520114446,9.2148511043888e-15,1.8718656227639208,70,255,255,255
370,7.4,29.596493454973587,-2.581501785234713,-13.709999999999976,4.457006979697751,-1.0342362873689586,-0.5000000000000334,-0.3149329302577968,0.30043612049527835,8.548717289613705e-15,1.8771016105199037,70,255,255,255
371,7.42,29.685507762451863,-2.6020690748687008,-13.719999999999976,4.4507153739138285,-1.028364481699379,-0.5000000000000334,-0.3145802891961278,0.29359028347897387,7.771561172376096e-16,1.8823375982758865,70,255,255,255
372,7.44,29.774396571738887,-2.6225216903217965,-13.729999999999976,4.4444404643511195,-1.0226307726547774,-0.5000000000000334,-0.3137454781354352,0.28668545223008013,7.771561172376096e-16,1.8875735860318694,70,255,255,255
373,7.46,29.86316039752072,-2.642862411289239,-13.739999999999975,4.438191289091652,-1.0170360483721264,-0.5000000000000334,-0.3124587629733879,0.2797362141325537,7.771561172376096e-16,1.8928095737878523,70,255,255,255
374,7.48,29.951799923575873,-2.6630940297157304,-13.749999999999975,4.431976302757646,-1.011580921324561,-0.5000000000000334,-0.31074931670028416,0.272756352378265,7.771561172376096e-16,1.8980455615438352,70,255,255,255
375,7.5,30.040315991535707,-2.6832193445933554,-13.759999999999975,4.425803397991709,-1.0062657438812523,-0.5000000000000334,-0.30864523829686696,0.26575887216542926,7.771561172376096e-16,1.903281549299818,70,255,255,255
376,7.5200000000000005,30.128709590066656,-2.7032411570603525,-13.769999999999975,4.419679926547381,-1.0010906233498544,-0.5000000000000334,-0.3061735722163741,0.25875602656989727,7.771561172376096e-16,1.908517537055801,70,255,255,255
377,7.54,30.21698184446625,-2.7231622657905223,-13.779999999999974,4.413612719979678,-0.9960554365085027,-0.5000000000000334,-0.303360328385172,0.251759342067589,7.771561172376096e-16,1.9137535248117838,70,255,255,255
378,7.5600000000000005,30.30513400666478,-2.742985462663217,-13.789999999999974,4.40760810992651,-0.9911598436347406,-0.5000000000000335,-0.3002305026584109,0.24477964368810523,-6.328271240363392e-15,1.9189895125677667,70,255,255,255
379,7.58,30.39316744562424,-2.7627135287039994,-13.799999999999974,4.401671947973091,-0.9864033020391108,-0.5000000000000335,-0.2968080976710086,0.2378270797814951,1.1102230246251565e-15,1.9242255003237496,70,255,255,255
380,7.6000000000000005,30.48108363812609,-2.782349230286229,-13.809999999999974,4.39580962509256,-0.9817850791114782,-0.5000000000000336,-0.29311614402655994,0.23091114638162702,-5.995204332975845e-15,1.9294614880797325,70,255,255,255
381,7.62,30.568884159939234,-2.801895315583998,-13.819999999999975,4.390026090657153,-0.9773042648884472,-0.5000000000000338,-0.28917672177036646,0.22404071115154522,-5.662137425588298e-15,1.9346974758357154,70,255,255,255
382,7.640000000000001,30.65657067735954,-2.821354511267008,-13.829999999999977,4.384325871015259,-0.9729597841504988,-0.5000000000000338,-0.2850109820946889,0.21722403689742198,1.7763568394002505e-15,1.9399334635916983,70,255,255,255
383,7.66,30.744144939112154,-2.8407295194281623,-13.839999999999977,4.378713087630694,-0.9687504080577085,-0.5000000000000335,-0.28063916922821264,0.21046880463951245,8.881784197001252e-15,1.9451694513476812,70,255,255,255
384,7.68,30.831608768607783,-2.8600230147348245,-13.849999999999977,4.373191474781435,-0.9646747653331154,-0.5000000000000334,-0.2760806424629605,0.20378213622965524,8.215650382226158e-15,1.950405439103664,70,255,255,255
385,7.7,30.9189640565441,-2.879237641794884,-13.859999999999976,4.367764396815922,-0.9607313530029871,-0.5000000000000333,-0.27135389827566936,0.19717061650641643,7.882583474838611e-15,1.955641426859647,70,255,255,255
386,7.72,31.006212753843418,-2.898376012728952,-13.869999999999976,4.3624348649658735,-0.9569185467033837,-0.5000000000000332,-0.2664765925023893,0.19064031498016754,7.549516567451064e-15,1.9608774146156298,70,255,255,255
387,7.74,31.093356864917723,-2.917440704940203,-13.879999999999976,4.357205553715324,-0.9532346105625533,-0.5000000000000332,-0.2614655625274924,0.18419680704152253,1.1102230246251565e-16,1.9661134023716127,70,255,255,255
388,7.76,31.18039844125225,-2.9364342590735792,-13.889999999999976,4.352078816726303,-0.9496777066687947,-0.5000000000000331,-0.2563368494510474,0.17784519468793136,7.216449660063518e-15,1.9713493901275956,70,255,255,255
389,7.78,31.267339575298696,-2.9553591771562493,-13.899999999999975,4.347056702322302,-0.9462459041335136,-0.5000000000000331,-0.2511057202000666,0.17159012676405383,-2.220446049250313e-16,1.9765853778835785,70,255,255,255
390,7.8,31.35418239466932,-2.9742179209114346,-13.909999999999975,4.3421409685312655,-0.9429371877592579,-0.5000000000000331,-0.24578668955182525,0.16543581871278612,-2.220446049250313e-16,1.9818213656395613,70,255,255,255
391,7.82,31.44092905662313,-2.9930129102378857,-13.919999999999975,4.337333097690482,-0.9397494663225648,-0.5000000000000331,-0.24039354203918073,0.15938607183465403,-2.220446049250313e-16,1.9870573533955442,70,255,255,255
392,7.84,31.527581742835455,-3.0117465218475155,-13.929999999999975,4.33263431061628,-0.9366805804814794,-0.5000000000000331,-0.2349393537100699,0.1534442920542748,-2.220446049250313e-16,1.9922933411515273,70,255,255,255
393,7.86,31.614142654442293,-3.030421088053868,-13.939999999999975,4.3280455803419855,-0.9337283103176107,-0.5000000000000331,-0.2294365137147354,0.14761350819343122,-2.220446049250313e-16,1.9975293289075104,70,255,255,255
394,7.88,31.700614007350854,-3.0490388957043195,-13.949999999999974,4.323567645428041,-0.9308903825225882,-0.5000000000000331,-0.2238967456971901,0.14189638975112984,-2.220446049250313e-16,2.0027653166634933,70,255,255,255
395,7.9,31.78699802780783,-3.0676021852490947,-13.959999999999974,4.31920102284869,-0.928164477238753,-0.5000000000000331,-0.21833112896757,0.13629526419176297,-2.220446049250313e-16,2.0080013044194764,70,255,255,255
396,7.92,31.87329694821703,-3.0861131499403722,-13.969999999999974,4.314946020459982,-0.9255482345638878,-0.5000000000000332,-0.21275011943539823,0.13081213374325507,-7.327471962526033e-15,2.0132372921754595,70,255,255,255
397,7.94,31.959513003198115,-3.104573935154967,-13.979999999999974,4.310802749054301,-0.9230392607297345,-0.5000000000000333,-0.20716357028405508,0.12544869170766193,-6.994405055138486e-15,2.0184732799314427,70,255,255,255
398,7.96,32.045648425878255,-3.122986637834247,-13.989999999999974,4.306771134006914,-0.920635133963985,-0.5000000000000334,-0.2015807523693427,0.12020633828747851,-6.661338147750939e-15,2.0237092676874258,70,255,255,255
399,7.98,32.13170544440867,-3.141353306035154,-13.999999999999973,4.3028509265204,-0.9183334100453602,-0.5000000000000335,-0.19601037432569957,0.11508619593124103,-6.328271240363392e-15,2.028945255443409,70,255,255,255
400,8.0,32.217686278698125,-3.15967593858638,-14.009999999999973,4.299041714473084,-0.9161316275613023,-0.5000000000000336,-0.19046060236580065,0.11008912420289318,-5.995204332975845e-15,2.034181243199392,70,255,255,255
401,8.02,32.30358373565658,-3.177943824991111,-14.019999999999975,4.2948728479229095,-0.9133943202365363,-0.5000000000000338,-0.20844332750875338,0.1368653662382996,-5.662137425588298e-15,2.039417230955375,70,255,255,255
402,8.040000000000001,32.38939118718311,-3.1961469849761754,-14.029999999999976,4.2903725763265275,-0.9101579992532244,-0.5000000000000338,-0.22501357981909642,0.16181604916559633,1.7763568394002505e-15,2.044653218711358,70,255,255,255
403,8.06,32.47510254687153,-3.2142761406470646,-14.039999999999978,4.285567984421265,-0.9064577835444525,-0.5000000000000338,-0.24022959526312793,0.1850107854385945,1.7763568394002505e-15,2.0498892064673413,70,255,255,255
404,8.08,32.56071224724699,-3.232322689189842,-14.049999999999978,4.280485018772703,-0.9023274271388823,-0.5000000000000334,-0.2541482824281074,0.2065178202785114,1.5987211554602254e-14,2.0551251942233244,70,255,255,255
405,8.1,32.646215217538,-3.2502786761308133,-14.059999999999977,4.275148514550477,-0.8977993470485706,-0.5000000000000333,-0.26682521111131585,0.22640400451558607,7.882583474838611e-15,2.060361181979307,70,255,255,255
406,8.120000000000001,32.731606861987515,-3.2681367691632683,-14.069999999999977,4.269582222475763,-0.8929046516227463,-0.5000000000000332,-0.2783146037356916,0.24473477129121002,7.549516567451064e-15,2.06559716973529,70,255,255,255
407,8.14,32.81688303870526,-3.2858902325491526,-14.079999999999977,4.263808835887029,-0.8876731692942217,-0.5000000000000331,-0.2886693294366811,0.2615741164262334,7.216449660063518e-15,2.0708331574912733,70,255,255,255
408,8.16,32.90204003906273,-3.3035329021021305,-14.089999999999977,4.2578500178736585,-0.8821334776488843,-0.500000000000033,-0.29794090066851275,0.27698458226687206,6.8833827526759706e-15,2.0760691452472564,70,255,255,255
409,8.18,32.98707456763133,-3.3210591607571778,-14.099999999999977,4.251726428429951,-0.8763129327523753,-0.5000000000000329,-0.30617947218537545,0.2910272448254474,6.5503158452884236e-15,2.081305133003239,70,255,255,255
410,8.2,33.07198372266303,-3.33846391473061,-14.109999999999976,4.245457751584836,-0.8702376986715996,-0.5000000000000328,-0.3134338422557166,0.3037617040387858,6.217248937900877e-15,2.086541120759222,70,255,255,255
411,8.22,33.15676497711233,-3.355742570273253,-14.119999999999976,4.239062722465352,-0.8639327771321424,-0.5000000000000326,-0.3197514559741981,0.31524607697285867,5.88418203051333e-15,2.0917771085152053,70,255,255,255
412,8.24,33.241416160197424,-3.3728910110183725,-14.129999999999976,4.2325591542545515,-0.8574220372559878,-0.5000000000000326,-0.3251784105400297,0.32553699380773504,-1.5543122344752192e-15,2.0970130962711884,70,255,255,255
413,8.26,33.32593543949756,-3.3899055759249155,-14.139999999999976,4.22596396500705,-0.8507282453271392,-0.5000000000000325,-0.3297594623750655,0.3346895964424257,5.551115123125783e-15,2.102249084027171,70,255,255,255
414,8.28,33.41032130358332,-3.4067830378156323,-14.149999999999975,4.219293204287847,-0.8438730945358447,-0.5000000000000325,-0.33353803596018583,0.3427575395647279,-1.887379141862766e-15,2.107485071783154,70,255,255,255
415,8.3,33.49457254517537,-3.4235205825087345,-14.159999999999975,4.212562079602393,-0.836877234655117,-0.5000000000000325,-0.3365562342726589,0.3497929940363832,-1.887379141862766e-15,2.1127210595391372,70,255,255,255
416,8.32,33.578688244827134,-3.440115788540857,-14.169999999999975,4.205784982588162,-0.8297603016061312,-0.5000000000000325,-0.3388548507115372,0.3558466524492848,-1.887379141862766e-15,2.1179570472951204,70,255,255,255
417,8.34,33.66266775512594,-3.4565666074782944,-14.179999999999975,4.198975514940103,-0.8225409468718613,-0.5000000000000325,-0.34047338240295755,0.360967736713494,-1.887379141862766e-15,2.123193035051103,70,255,255,255
418,8.36,33.746510685406825,-3.4728713448127144,-14.189999999999975,4.192146514044482,-0.8152368667209992,-0.5000000000000325,-0.34145004478106156,0.365204007543109,-1.887379141862766e-15,2.128429022807086,70,255,255,255
419,8.38,33.83021688697278,-3.48902864143685,-14.199999999999974,4.185310078297586,-0.8078648312067817,-0.5000000000000328,-0.3418217873447915,0.3686017757108765,-8.992806499463768e-15,2.1336650105630692,70,255,255,255
420,8.4,33.91378643881453,-3.505037455695007,-14.209999999999974,4.1784775920876855,-0.8004407129078328,-0.5000000000000328,-0.3416243104949821,0.3712059149474424,-1.2212453270876722e-15,2.1389009983190523,70,255,255,255
421,8.42,33.997219633822944,-3.520897046002617,-14.219999999999974,4.171659750420498,-0.7929795153805148,-0.5000000000000329,-0.3408920833593685,0.37305987636589866,-8.326672684688674e-15,2.144136986075035,70,255,255,255
422,8.44,34.080516965486346,-3.5366069540285086,-14.229999999999974,4.164866583170128,-0.7854954012945736,-0.5000000000000329,-0.33965836251851744,0.37420570429706146,-8.881784197001252e-16,2.149372973831018,70,255,255,255
423,8.46,34.16367911506513,-3.55216698843303,-14.239999999999974,4.158107478939167,-0.7780017202260641,-0.500000000000033,-0.33795521154805996,0.37468405342547606,-7.993605777301127e-15,2.154608961587001,70,255,255,255
424,8.48,34.246706939235395,-3.567577209154703,-14.249999999999973,4.151391208513219,-0.7705110360836499,-0.5000000000000331,-0.33581352129737585,0.37453420712070806,-7.66053886991358e-15,2.1598449493429843,70,255,255,255
425,8.5,34.32960145819333,-3.582837912237631,-14.259999999999973,4.144725947896666,-0.7630351541463932,-0.5000000000000332,-0.333263030827637,0.37379409686283394,-7.327471962526033e-15,2.165080937098967,70,255,255,255
426,8.52,34.41236384421169,-3.5979496151914927,-14.269999999999973,4.13811930091793,-0.7555851476930842,-0.5000000000000333,-0.3303323489367891,0.37250032266545163,-6.994405055138486e-15,2.1703169248549496,70,255,255,255
427,8.540000000000001,34.49499541063957,-3.612913042875593,-14.279999999999973,4.131578321393909,-0.7481713842050113,-0.5000000000000334,-0.3270489762010609,0.37068817440364354,-6.661338147750939e-15,2.1755529126109328,70,255,255,255
428,8.56,34.57749760133646,-3.62772911389811,-14.289999999999973,4.125109534844557,-0.7408035511258412,-0.5000000000000336,-0.323439327467578,0.3683916539585026,-1.3433698597964394e-14,2.180788900366916,70,255,255,255
429,8.58,34.659871980531456,-3.6423989275213895,-14.299999999999972,4.118718959749874,-0.7334906811639664,-0.5000000000000338,-0.3195287547341623,0.36564349809373564,-5.662137425588298e-15,2.186024888122899,70,255,255,255
430,8.6,34.74212022309831,-3.6569237510638755,-14.309999999999974,4.11241212834273,-0.7262411771242883,-0.500000000000034,-0.3153415703571607,0.3624752019839056,-1.2434497875801753e-14,2.1912608758788816,70,255,255,255
431,8.620000000000001,34.82424410523696,-3.671305007789034,-14.319999999999975,4.106194106932127,-0.7190628362579385,-0.5000000000000341,-0.3109010705301918,0.3589170433174883,-4.6629367034256575e-15,2.1964968636348647,70,255,255,255
432,8.64,34.90624549555201,-3.685544265271432,-14.329999999999977,4.1000695157525255,-0.7119628741199036,-0.500000000000034,-0.306229558980033,0.3549981069017498,2.7755575615628914e-15,2.201732851390848,70,255,255,255
433,8.66,34.988126346518726,-3.69964322422995,-14.339999999999979,4.094042548335955,-0.7049479479259053,-0.5000000000000338,-0.30134837082849675,0.3507463096999124,9.547918011776346e-15,2.206968839146831,70,255,255,255
434,8.68,35.06988868632681,-3.7136037078179744,-14.349999999999978,4.088116990404501,-0.698024179401212,-0.5000000000000334,-0.2962778965727315,0.34618842623466606,1.5987211554602254e-14,2.2122048269028136,70,255,255,255
435,8.700000000000001,35.15153461109245,-3.7274276513602804,-14.359999999999978,4.082296238281747,-0.6911971771153049,-0.5000000000000333,-0.29103760613773044,0.34135011429535467,7.882583474838611e-15,2.2174408146587967,70,255,255,255
436,8.72,35.233066277428904,-3.7411170925262307,-14.369999999999978,4.076583316822565,-0.6844720582975142,-0.500000000000033,-0.2856460729590893,0.3362559408895338,1.4654943925052066e-14,2.22267680241478,70,255,255,255
437,8.74,35.31448589536613,-3.7546741619288277,-14.379999999999978,4.070980896861476,-0.6778534701298614,-0.5000000000000329,-0.2801209980544206,0.3309294083826385,6.5503158452884236e-15,2.227912790170763,70,255,255,255
438,8.76,35.395795721609744,-3.768101074139116,-14.389999999999977,4.065491312180534,-0.6713456105144066,-0.5000000000000326,-0.2744792340471385,0.32539298077274426,1.3322676295501878e-14,2.2331487779267456,70,255,255,255
439,8.78,35.47699805312971,-3.781400119105384,-14.399999999999977,4.060116575998417,-0.6649522483134024,-0.5000000000000325,-0.26873680910582465,0.31966811005020823,5.551115123125783e-15,2.2383847656827287,70,255,255,255
440,8.8,35.55809522106937,-3.794573653966614,-14.409999999999977,4.054858396983089,-0.6586767430615036,-0.5000000000000324,-0.26290895076638954,0.31377526259493926,5.218048215738236e-15,2.243620753438712,70,255,255,255
441,8.82,35.63908958496519,-3.807624095249617,-14.419999999999977,4.049718194790967,-0.6525220641501668,-0.5000000000000323,-0.25701010960611637,0.3077339455668392,4.884981308350689e-15,2.248856741194695,70,255,255,255
442,8.84,35.719983527267914,-3.8205539114393217,-14.429999999999977,4.044697115136165,-0.6464908094852164,-0.5000000000000322,-0.2510539827400926,0.30156273324751764,4.551914400963142e-15,2.2540927289506776,70,255,255,255
443,8.86,35.800779448155794,-3.8333656159117084,-14.439999999999976,4.039796044393892,-0.6405852236193332,-0.5000000000000321,-0.24505353711364553,0.29527929329416036,4.218847493575595e-15,2.2593287167066607,70,255,255,255
444,8.88,35.88147976063065,-3.8460617602189475,-14.449999999999976,4.035015623742584,-0.6348072153619586,-0.5000000000000322,-0.23902103256538965,0.28890041286873136,-3.219646771412954e-15,2.264564704462644,70,255,255,255
445,8.9,35.96208688588764,-3.8586449277163433,-14.459999999999976,4.030356262849826,-0.6291583748697939,-0.5000000000000321,-0.23296804463794807,0.28244202460823975,4.218847493575595e-15,2.269800692218627,70,255,255,255
446,8.92,36.042603248949796,-3.8711177275207778,-14.469999999999976,4.025818153107532,-0.6236399902217138,-0.5000000000000322,-0.22690548711469827,0.2759192324040045,-3.219646771412954e-15,2.2750366799746096,70,255,255,255
447,8.94,36.123031274558244,-3.883482788790428,-14.479999999999976,4.021401280422262,-0.6182530634825102,-0.5000000000000321,-0.22084363426349451,0.2693463369601782,4.218847493575595e-15,2.2802726677305927,70,255,255,255
448,8.96,36.20337338330958,-3.8957427553156365,-14.489999999999975,4.017105437566892,-0.6129983262604334,-0.5000000000000322,-0.214792142768518,0.26273686110383976,-3.219646771412954e-15,2.285508655486576,70,255,255,255
449,8.98,36.28363198803159,-3.907900280410917,-14.499999999999975,4.012930236100195,-0.607876254764011,-0.5000000000000323,-0.2087600733348296,0.25610357482111956,-2.886579864025407e-15,2.290744643242559,70,255,255,255
450,9.0,36.36380949038881,-3.9199580220981987,-14.509999999999975,4.008875117861199,-0.602887084364098,-0.5000000000000323,-0.20275591194982656,0.24945851999564983,-2.55351295663786e-15,2.2959806309985415,70,255,255,255
451,9.02,36.44389902558327,-3.931864434541449,-14.519999999999975,4.004476759722972,-0.5953206221625201,-0.5000000000000323,-0.21991790691134572,0.37832311007889174,-2.55351295663786e-15,2.301216618754524,70,255,255,255
452,9.040000000000001,36.52389428145232,-3.943571306781587,-14.529999999999974,3.99976279345249,-0.5853436120068997,-0.5000000000000323,-0.23569831352409532,0.49885050778102114,-2.55351295663786e-15,2.3064526065105073,70,255,255,255
453,9.06,36.60378947541,-3.955033639781402,-14.539999999999974,3.9947596978837208,-0.5731166499907283,-0.5000000000000325,-0.25015477843846723,0.6113481008085659,-9.658940314238862e-15,2.3116885942664904,70,255,255,255
454,9.08,36.68357933192455,-3.9662095257086993,-14.549999999999974,3.989492825727471,-0.558794296364865,-0.5000000000000325,-0.26334360781247623,0.7161176812931642,-1.887379141862766e-15,2.3169245820224735,70,255,255,255
455,9.1,36.763259060536036,-3.977060029516533,-14.559999999999974,3.98398643057444,-0.5425251903916927,-0.5000000000000328,-0.27531975765154915,0.8134552986586177,-8.992806499463768e-15,2.322160569778456,70,255,255,255
456,9.120000000000001,36.84282433441677,-3.987549072872165,-14.569999999999974,3.9782636940366793,-0.5244521677816067,-0.5000000000000329,-0.28613682688802466,0.9036511305042968,-8.326672684688674e-15,2.3273965575344393,70,255,255,255
457,9.14,36.92227126947628,-3.997643320479545,-14.579999999999973,3.9723467529757337,-0.5047123803689983,-0.500000000000033,-0.2958470530472863,0.9869893706304212,-7.993605777301127e-15,2.3326325452904224,70,255,255,255
458,9.16,37.00159640401166,-4.007312068833583,-14.589999999999973,3.966256726768691,-0.483437417701879,-0.5000000000000331,-0.304501310352125,1.0637481333559697,-7.66053886991358e-15,2.3378685330464055,70,255,255,255
459,9.18,37.080796678902985,-4.016527137438299,-14.599999999999973,3.9600137445662487,-0.46075343023578663,-0.5000000000000332,-0.312149110122109,1.1341993733046165,-7.327471962526033e-15,2.343104520802388,70,255,255,255
460,9.200000000000001,37.159869418352976,-4.025262762515071,-14.609999999999973,3.953636972499655,-0.43678125383860533,-0.5000000000000335,-0.31883860332968084,1.198608819859066,-1.4099832412739488e-14,2.3483405085583713,70,255,255,255
461,9.22,37.2388123111689,-4.03349549322164,-14.619999999999973,3.9471446407960653,-0.411636535328436,-0.5000000000000336,-0.32461658517947933,1.257235925508465,-5.995204332975845e-15,2.3535764963143544,70,255,255,255
462,9.24,37.31762339258419,-4.041204090397273,-14.629999999999974,3.940554070764425,-0.38542985878167435,-0.5000000000000339,-0.3295285015820215,1.3103338273380851,-1.27675647831893e-14,2.3588124840703375,70,255,255,255
463,9.26,37.39630102661652,-4.048369427844533,-14.639999999999976,3.9338817016164676,-0.35826687236299065,-0.5000000000000339,-0.3336184573978711,1.3581493209341857,2.1094237467877974e-15,2.3640484718263206,70,255,255,255
464,9.28,37.47484388895832,-4.054974396153392,-14.649999999999977,3.9271431170898086,-0.33024841544297007,-0.5000000000000339,-0.33692922633293954,1.4009228460010281,2.1094237467877974e-15,2.3692844595823033,70,255,255,255
465,9.3,37.55325095039517,-4.061003809069048,-14.659999999999977,3.920353071842413,-0.3014706457827647,-0.5000000000000336,-0.33950226236977343,1.4388884830102664,9.2148511043888e-15,2.3745204473382864,70,255,255,255
466,9.32,37.63152146074697,-4.066444312400613,-14.669999999999977,3.913525517589921,-0.2720251665782422,-0.5000000000000334,-0.34137771262459715,1.472273960226125,8.548717289613705e-15,2.3797564350942695,70,255,255,255
467,9.34,37.709654933326156,-4.071284295463989,-14.679999999999977,3.9066736289594424,-0.2419991531687888,-0.5000000000000333,-0.3425944315239362,1.5013006704726708,7.882583474838611e-15,2.384992422850252,70,255,255,255
468,9.36,37.78765112990686,-4.075513805048552,-14.689999999999976,3.899809829035465,-0.21147547922815543,-0.5000000000000332,-0.3431899961988729,1.5261836970316685,7.549516567451064e-15,2.3902284106062353,70,255,255,255
469,9.38,37.865510046198374,-4.0791244618938824,-14.699999999999976,3.892945814575478,-0.18053284226651775,-0.5000000000000332,-0.34320072299935367,1.5471318480818836,1.1102230246251565e-16,2.3954643983622184,70,255,255,255
470,9.4,37.94323189781587,-4.082109379659568,-14.709999999999976,3.886092580874777,-0.14924588828427485,-0.5000000000000331,-0.3426616850350519,1.5643476991121452,7.216449660063518e-15,2.4007003861182015,70,255,255,255
471,9.42,38.020817106741106,-4.084463086368149,-14.719999999999976,3.8792604462617257,-0.11768533542903462,-0.5000000000000331,-0.34160673065255187,1.5780276427620112,-2.220446049250313e-16,2.4059363738741846,70,255,255,255
472,9.44,38.098266288265236,-4.086181448298503,-14.729999999999976,3.8724590762064466,-0.08591809651774526,-0.500000000000033,-0.3400685027639554,1.5883619455644675,6.8833827526759706e-15,2.4111723616301672,70,255,255,255
473,9.46,38.175580238405786,-4.087261596304423,-14.739999999999975,3.865697507027562,-0.054007400296027686,-0.500000000000033,-0.3380784589442283,1.5955348110858787,-5.551115123125783e-16,2.4164083493861503,70,255,255,255
474,9.48,38.25275992178945,-4.087701854530753,-14.749999999999975,3.858984169183174,-0.022012911316462463,-0.500000000000033,-0.3356668922193897,1.5997244489782612,-5.551115123125783e-16,2.4216443371421335,70,255,255,255
475,9.5,38.32980645999212,-4.08750167149729,-14.759999999999975,3.8523269101337645,0.010009151673112275,-0.500000000000033,-0.33286295247048825,1.6011031494787369,-5.551115123125783e-16,2.426880324898116,70,255,255,255
476,9.52,38.40672112032744,-4.086661553518664,-14.769999999999975,3.8457330167661126,0.04200589893131259,-0.500000000000033,-0.32969466838259454,1.5998373629100158,-5.551115123125783e-16,2.432116312654099,70,255,255,255
477,9.540000000000001,38.483505305074814,-4.085183000426536,-14.779999999999974,3.8392092373687023,0.07392765460640802,-0.500000000000033,-0.32618896987050405,1.5960877837547718,-5.551115123125783e-16,2.4373523004100823,70,255,255,255
478,9.56,38.56016054113782,-4.08306844355885,-14.789999999999974,3.8327618031503548,0.10572784338430455,-0.5000000000000331,-0.3223717109173876,1.5900094388948265,-7.66053886991358e-15,2.4425882881660654,70,255,255,255
479,9.58,38.63668847012372,-4.080321185979314,-14.799999999999974,3.8263964492950753,0.13736287897678948,-0.5000000000000331,-0.3182676927639778,1.5817517796242466,-2.220446049250313e-16,2.4478242759220485,70,255,255,255
480,9.6,38.71309083883467,-4.076945344888953,-14.809999999999974,3.820118435547248,0.16879205451803952,-0.5000000000000332,-0.3139006873913699,1.5714587770625021,-7.327471962526033e-15,2.453060263678031,70,255,255,255
481,9.620000000000001,38.789369490161114,-4.072945796190348,-14.819999999999974,3.813932566322423,0.19997743493026293,-0.5000000000000333,-0.30929346124125345,1.5592690206111697,-6.994405055138486e-15,2.4582962514340143,70,255,255,255
482,9.64,38.865526354367915,-4.068328121164098,-14.829999999999973,3.8078432103399793,0.23088375131254157,-0.5000000000000334,-0.30446779912218336,1.5453158191139325,-6.661338147750939e-15,2.4635322391899974,70,255,255,255
483,9.66,38.94156344076342,-4.063098555216088,-14.839999999999973,3.8018543197749457,0.2614782974004605,-0.5000000000000335,-0.2994445282516729,1.5297273043959483,-6.328271240363392e-15,2.46876822694598,70,255,255,255
484,9.68,39.01748282974196,-4.057263938653329,-14.849999999999973,3.795969448927182,0.29173082813794066,-0.5000000000000336,-0.2942435423881946,1.5126265368740075,-5.995204332975845e-15,2.474004214701963,70,255,255,255
485,9.700000000000001,39.0932866651901,-4.050831669445393,-14.859999999999975,3.790191772407009,0.32161346039682853,-0.5000000000000339,-0.28888382600865503,1.4941316129443933,-1.27675647831893e-14,2.4792402024579463,70,255,255,255
486,9.72,39.16897714724684,-4.043809657927908,-14.869999999999976,3.784524102837202,0.35110057587422533,-0.5000000000000339,-0.28338347849034573,1.474355773869839,2.1094237467877974e-15,2.4844761902139294,70,255,255,255
487,9.74,39.244556525408285,-4.036206283404063,-14.879999999999978,3.7789689080720517,0.38016872619225656,-0.5000000000000339,-0.2777597382575112,1.4534075159015625,2.1094237467877974e-15,2.4897121779699125,70,255,255,255
488,9.76,39.320027091966985,-4.0280303525996635,-14.889999999999977,3.7735283279349026,0.40879654021997536,-0.5000000000000335,-0.2720290068574469,1.4313907013859397,1.63202784619898e-14,2.494948165725895,70,255,255,255
489,9.78,39.39539117577651,-4.019291059927016,-14.899999999999977,3.768204190476294,0.43696463363235616,-0.5000000000000334,-0.2662068729304137,1.4084046706190396,8.215650382226158e-15,2.500184153481878,70,255,255,255
490,9.8,39.47065113633162,-4.009997949512679,-14.909999999999977,3.7629980277554487,0.46465552071685956,-0.5000000000000333,-0.2603081360422772,1.384544354225171,7.882583474838611e-15,2.505420141237861,70,255,255,255
491,9.82,39.545809358154585,-4.000160878944003,-14.919999999999977,3.757911091148453,0.4918535284338229,-0.5000000000000332,-0.25434683034978933,1.3599003858481669,7.549516567451064e-15,2.510656128993844,70,255,255,255
492,9.84,39.62086824547833,-3.989789984689344,-14.929999999999977,3.752944366187047,0.5185447127329514,-0.5000000000000331,-0.24833624807028576,1.3345592149564256,7.216449660063518e-15,2.515892116749827,70,255,255,255
493,9.86,39.69583021721697,-3.978895649146855,-14.939999999999976,3.748098586932434,0.5447167771244366,-0.500000000000033,-0.24228896273065326,1.308603219574257,6.8833827526759706e-15,2.5211281045058103,70,255,255,255
494,9.88,39.770697702214754,-3.967488469276861,-14.949999999999976,3.743374249889014,0.5703589934997108,-0.500000000000033,-0.23621685217098243,1.2821108187637074,-5.551115123125783e-16,2.5263640922617934,70,255,255,255
495,9.9,39.84547313476402,-3.95557922677299,-14.959999999999976,3.738771627463384,0.595462125193546,-0.5000000000000329,-0.23013112128149382,1.2551565846917612,6.5503158452884236e-15,2.5316000800177765,70,255,255,255
496,9.92,39.92015895038351,-3.9431788597274675,-14.969999999999976,3.7342907809743586,0.6200183522761186,-0.5000000000000329,-0.22404232445128525,1.2278113541286255,-8.881784197001252e-16,2.536836067773759,70,255,255,255
497,9.94,39.994757581847914,-3.930298435746252,-14.979999999999976,3.729931573220123,0.644021199060772,-0.5000000000000328,-0.21796038771177972,1.2001423392326722,6.217248937900877e-15,2.542072055529742,70,255,255,255
498,9.96,40.0692714554601,-3.9169491264700413,-14.989999999999975,3.7256936806089973,0.6674654638105263,-0.5000000000000328,-0.21189463055627833,1.1722132374877112,-1.2212453270876722e-15,2.547308043285725,70,255,255,255
499,9.98,40.14370298755731,-3.9031421834575637,-14.999999999999975,3.7215766048605725,0.6903471506238755,-0.5000000000000328,-0.20585378742124893,1.144084340667459,-1.2212453270876722e-15,2.552544031041708,70,255,255,255
500,10.0,40.218054581242995,-3.8888889153880015,-15.009999999999975,3.7175796842842836,0.7126634034781026,-0.5000000000000328,-0.19984602881444946,1.1158126427113544,-1.2212453270876722e-15,2.557780018797691,70,255,255,255
501,10.02,40.29232015129918,-3.8741407959401197,-15.019999999999975,3.7132785028091866,0.7374059723940934,-0.5000000000000328,-0.21505907375486055,1.2371284457995375,-1.2212453270876722e-15,2.563016006553674,70,255,255,255
502,10.040000000000001,40.366494115258774,-3.858853002134162,-15.029999999999974,3.7086981979795697,0.7643896902978768,-0.5000000000000328,-0.22901524148085084,1.3491858951891702,-1.2212453270876722e-15,2.568251994309657,70,255,255,255
503,10.06,40.440571372172464,-3.8429842638481313,-15.039999999999974,3.7038628456844314,0.793436914301539,-0.5000000000000329,-0.2417676147569221,1.4523612001831026,-8.326672684688674e-15,2.57348798206564,70,255,255,255
504,10.08,40.514547281879175,-3.8264967166785175,-15.049999999999974,3.6987954853353746,0.824377358480681,-0.5000000000000329,-0.253368017452837,1.547022208957104,-8.881784197001252e-16,2.578723969821623,70,255,255,255
505,10.1,40.58841764478302,-3.809355758180236,-15.059999999999974,3.6935181451921935,0.8570479249140878,-0.500000000000033,-0.2638670071590523,1.6335283216703358,-7.993605777301127e-15,2.5839599575776058,70,255,255,255
506,10.120000000000001,40.66217868213876,-3.791529907513032,-15.069999999999974,3.6880518677867644,0.8912925333602102,-0.5000000000000331,-0.2733138702714415,1.7122304223061233,-7.66053886991358e-15,2.589195945333589,70,255,255,255
507,10.14,40.735827016846734,-3.7729906685145367,-15.079999999999973,3.6824167353986716,0.9269619499247712,-0.5000000000000332,-0.28175661940464636,1.7834708282280516,-7.327471962526033e-15,2.594431933089572,70,255,255,255
508,10.16,40.80935965475751,-3.7537123962134533,-15.089999999999973,3.676631895538695,0.9639136150541612,-0.5000000000000333,-0.2892419929988139,1.8475832564695005,-6.994405055138486e-15,2.599667920845555,70,255,255,255
509,10.18,40.88277396648549,-3.7336721667900474,-15.099999999999973,3.670715586398924,1.0020114711702834,-0.5000000000000334,-0.2958154569885485,1.9048928058061079,-6.661338147750939e-15,2.6049039086015378,70,255,255,255
510,10.200000000000001,40.9560676697301,-3.7128496509851643,-15.109999999999973,3.6646851622307706,1.0411257902441484,-0.5000000000000336,-0.3015212084076717,1.9557159536932522,-1.3433698597964394e-14,2.610139896357521,70,255,255,255
511,10.22,41.0292388121024,-3.691226990953409,-15.119999999999973,3.6585571186146058,1.0811330015877731,-0.5000000000000338,-0.306402180808246,2.0003605671812354,-5.662137425588298e-15,2.615375884113504,70,255,255,255
512,10.24,41.102285754454144,-3.6687886805508727,-15.129999999999974,3.6523471175870963,1.1219155201268223,-0.500000000000034,-0.31050005137547787,2.0391259269524533,-1.2434497875801753e-14,2.620611871869487,70,255,255,255
513,10.26,41.17520715470604,-3.6455214490428745,-15.139999999999976,3.646070012594567,1.1633615753999078,-0.500000000000034,-0.31385524962647127,2.072302763654272,2.4424906541753444e-15,2.6258478596254697,70,255,255,255
514,10.28,41.248001952170895,-3.6214141482125832,-15.149999999999977,3.6397398732429065,1.2053650415145505,-0.500000000000034,-0.31650696758302654,2.100173305732135,2.4424906541753444e-15,2.631083847381453,70,255,255,255
515,10.3,41.320669352367226,-3.596457642847094,-15.159999999999979,3.6333700098166264,1.247825268274474,-0.5000000000000338,-0.318493171313996,2.123011337996177,9.547918011776346e-15,2.636319835137436,70,255,255,255
516,10.32,41.39320881231806,-3.570644704573531,-15.169999999999979,3.6269729975416856,1.290646913678145,-0.5000000000000334,-0.31985061374704804,2.1410822701835595,1.5987211554602254e-14,2.641555822893419,70,255,255,255
517,10.34,41.46562002632943,-3.543969909014045,-15.179999999999978,3.6205607005686438,1.3337397779742932,-0.5000000000000331,-0.32061484865209744,2.154643214807407,1.4988010832439613e-14,2.6467918106494017,70,255,255,255
518,10.36,41.53790291224252,-3.516429536225115,-15.189999999999978,3.614144295654543,1.3770186394464958,-0.5000000000000328,-0.32082024570504153,2.163943073610131,1.3988810110276972e-14,2.652027798405385,70,255,255,255
519,10.38,41.610057598153,-3.488021474383398,-15.199999999999978,3.6077342955237106,1.4204030920858346,-0.5000000000000326,-0.32050000654161614,2.169222631966937,5.88418203051333e-15,2.657263786161368,70,255,255,255
520,10.4,41.682084409590786,-3.458745126677437,-15.209999999999978,3.6013405718893594,1.4638173852980578,-0.5000000000000324,-0.31968618171756624,2.170714660611167,1.2656542480726785e-14,2.662499773917351,70,255,255,255
521,10.42,41.75398385715317,-3.428601321361844,-15.219999999999978,3.5949723781195146,1.507190265779653,-0.5000000000000323,-0.3184096884922343,2.1686440240797626,4.884981308350689e-15,2.6677357616733337,70,255,255,255
522,10.44,41.82575662458382,-3.39759222492813,-15.229999999999977,3.5886383715323387,1.5504548216856873,-0.5000000000000321,-0.3167003293587918,2.1632277953017174,1.1657341758564144e-14,2.672971749429317,70,255,255,255
523,10.46,41.89740355728997,-3.365721258344105,-15.239999999999977,3.582346635307411,1.5935483292012451,-0.500000000000032,-0.3145868112463872,2.1546753757778916,3.885780586188048e-15,2.6782077371853,70,255,255,255
524,10.48,41.968925651289986,-3.3329930163117503,-15.249999999999977,3.576104700000956,1.6364121016177298,-0.5000000000000319,-0.31209676532275354,2.1431886208242314,3.552713678800501e-15,2.683443724941283,70,255,255,255
525,10.5,42.04032404258307,-3.299413189491646,-15.259999999999977,3.5699195646543553,1.6789913410052193,-0.5000000000000318,-0.3092567673300266,2.128961969374472,3.219646771412954e-15,2.6886797126972657,70,255,255,255
526,10.52,42.1115999969328,-3.2649884896403973,-15.269999999999976,3.563797717486573,1.7212349925624333,-0.5000000000000316,-0.3060923583891162,2.112182577860697,2.886579864025407e-15,2.6939157004532484,70,255,255,255
527,10.540000000000001,42.18275490005605,-3.2297265776060633,-15.279999999999976,3.557745156162349,1.7630956017166972,-0.5000000000000316,-0.30262806621120397,2.0930304577131933,2.55351295663786e-15,2.6991516882092315,70,255,255,255
528,10.56,42.25379024820863,-3.1936359941253123,-15.289999999999976,3.551767407629187,1.8045291740375409,-0.5000000000000318,-0.2988874266580792,2.071678616042178,-4.551914400963142e-15,2.7043876759652146,70,255,255,255
529,10.58,42.32470763915898,-3.1567260933649273,-15.299999999999976,3.545869547517278,1.845495038019256,-0.5000000000000316,-0.2948930055954735,2.048293199085756,2.886579864025407e-15,2.7096236637211977,70,255,255,255
530,10.6,42.39550876354093,-3.1190069791493307,-15.309999999999976,3.5400562190975235,1.8859557107798197,-0.5000000000000318,-0.29066642098771434,2.023033638028184,-4.551914400963142e-15,2.7148596514771803,70,255,255,255
531,10.620000000000001,42.46619539657681,-3.0804894438150088,-15.319999999999975,3.534331651793868,1.9258767667160845,-0.5000000000000319,-0.28622836518277195,1.9960527968132387,-4.218847493575595e-15,2.7200956392331634,70,255,255,255
532,10.64,42.53676939016175,-3.0411849096320487,-15.329999999999975,3.528699679247031,1.96522670914801,-0.500000000000032,-0.28159862734185515,1.967497121596268,-3.885780586188048e-15,2.7253316269891465,70,255,255,255
533,10.66,42.6072326653003,-3.0011053727324892,-15.339999999999975,3.5231637569276772,2.003976844977965,-0.5000000000000321,-0.2767961159676897,1.9375067914977637,-3.552713678800501e-15,2.7305676147451297,70,255,255,255
534,10.68,42.67758720488626,-2.9602633494847943,-15.349999999999975,3.5177269792978696,2.0421011623847405,-0.5000000000000322,-0.2718388814903734,1.906215870338773,-3.219646771412954e-15,2.7358036025011123,70,255,255,255
535,10.700000000000001,42.74783504681667,-2.918671825253477,-15.359999999999975,3.5123920965204434,2.0795762115658767,-0.5000000000000324,-0.26674413887131987,1.873752459056802,-9.992007221626409e-15,2.7410395902570954,70,255,255,255
536,10.72,42.817978277431,-2.8763442054827526,-15.369999999999974,3.507161530716699,2.1163809885362213,-0.5000000000000324,-0.2615282901872251,1.8402388485172358,-2.220446049250313e-15,2.7462755780130785,70,255,255,255
537,10.74,42.88801902526647,-2.8332942690430474,-15.379999999999974,3.502037391773501,2.1524968219852694,-0.5000000000000326,-0.25620694715990133,1.8057916724524157,-9.325873406851315e-15,2.7515115657690616,70,255,255,255
538,10.76,42.9579594551205,-2.7895361237792318,-15.389999999999974,3.497021492701526,2.1879072631907808,-0.5000000000000326,-0.25079495359873283,1.770522060275563,-1.5543122344752192e-15,2.7567475535250443,70,255,255,255
539,10.78,43.02780176241144,-2.745084164199603,-15.399999999999974,3.4921153645470167,2.2225979789814385,-0.5000000000000329,-0.24530640772546564,1.7345357895328788,-8.659739592076221e-15,2.7619835412810274,70,255,255,255
540,10.8,43.09754816782864,-2.6999530312448656,-15.409999999999973,3.4873202708599718,2.256556647736869,-0.500000000000033,-0.23975468435224423,1.6979334377715238,-7.993605777301127e-15,2.7672195290370105,70,255,255,255
541,10.82,43.167200912263084,-2.6541575740766823,-15.419999999999973,3.4826372217222428,2.2897728584091768,-0.5000000000000331,-0.2341524568864486,1.6608105336153955,-7.66053886991358e-15,2.7724555167929936,70,255,255,255
542,10.84,43.236762252009875,-2.607712813825757,-15.429999999999973,3.4780669873394907,2.322238012546274,-0.5000000000000332,-0.22851171913760293,1.623257706854849,-7.327471962526033e-15,2.7776915045489763,70,255,255,255
543,10.86,43.3062344542339,-2.5606339092398835,-15.439999999999973,3.4736101112014297,2.3539452292936534,-0.5000000000000333,-0.22284380690305428,1.5853608373689698,-6.994405055138486e-15,2.7829274923049594,70,255,255,255
544,10.88,43.37561979269021,-2.5129361241729256,-15.449999999999973,3.4692669228152,2.384889253347903,-0.5000000000000335,-0.21715941931149496,1.5472012027124729,-1.3766765505351941e-14,2.7881634800609425,70,255,255,255
545,10.9,43.44492054369055,-2.464634796856283,-15.459999999999972,3.465037550017108,2.415066365832123,-0.5000000000000336,-0.21146863990460618,1.508855624211003,-5.995204332975845e-15,2.7933994678169256,70,255,255,255
546,10.92,43.51413898230792,-2.415745310895072,-15.469999999999974,3.460921930868343,2.4444742980605407,-0.5000000000000339,-0.20578095743823743,1.4703966114208837,-1.27675647831893e-14,2.7986354555729083,70,255,255,255
547,10.94,43.583277378810735,-2.3662830679319335,-15.479999999999976,3.4569198251405835,2.4731121481569387,-0.5000000000000339,-0.20010528638799263,1.4318925048199005,2.1094237467877974e-15,2.8038714433288914,70,255,255,255
548,10.96,43.65233799531869,-2.316263461922152,-15.489999999999977,3.4530308253977338,2.5009803004890845,-0.5000000000000339,-0.19444998714248962,1.3934076166072868,2.1094237467877974e-15,2.8091074310848745,70,255,255,255
549,10.98,43.72132308267229,-2.2657018549645698,-15.499999999999977,3.4492543676802874,2.528080347879101,-0.5000000000000336,-0.18882288587232887,1.3550023695008342,9.2148511043888e-15,2.814343418840857,70,255,255,255
550,11.0,43.790234877508276,-2.214613554633616,-15.509999999999977,3.4455897417990684,2.5544150165476927,-0.5000000000000334,-0.18323129406094596,1.3167334334295675,8.548717289613705e-15,2.8195794065968403,70,255,255,255
551,11.02,43.85906848494159,-2.162999974177432,-15.519999999999976,3.441680371665607,2.5806790228091776,-0.5000000000000333,-0.19546850667307725,1.3132003130742538,7.882583474838611e-15,2.824815394352823,70,255,255,255
552,11.040000000000001,43.927819428880134,-2.1108632824974727,-15.529999999999976,3.437547196927252,2.6068345839979647,-0.5000000000000332,-0.20665873691773884,1.3077780594393649,7.549516567451064e-15,2.830051382108806,70,255,255,255
553,11.06,43.99648363405893,-2.0582063553390624,-15.539999999999976,3.433210258939878,2.6328463579205135,-0.5000000000000332,-0.21684689936871404,1.3005886961274418,1.1102230246251565e-16,2.835287369864789,70,255,255,255
554,11.08,44.06505740851092,-2.005032728279572,-15.549999999999976,3.4286887225992055,2.658681352974522,-0.5000000000000331,-0.22607681703361004,1.2917497527004294,7.216449660063518e-15,2.8405233576207722,70,255,255,255
555,11.1,44.13353742647621,-1.9513465514815718,-15.559999999999976,3.4240008982645778,2.6843088399000163,-0.5000000000000331,-0.23439121673138175,1.2813743462747187,-2.220446049250313e-16,2.845759345376755,70,255,255,255
556,11.120000000000001,44.2019207117509,-1.8971525461774592,-15.569999999999975,3.419164263734568,2.709700265205627,-0.5000000000000331,-0.24183172650049478,1.2695712652805353,-2.220446049250313e-16,2.850995333132738,70,255,255,255
557,11.14,44.27020462147562,-1.842455962851298,-15.579999999999975,3.4141954862361468,2.7348291663080575,-0.5000000000000331,-0.24843887492105576,1.2564450551215294,-2.220446049250313e-16,2.856231320888721,70,255,255,255
558,11.16,44.33838683036345,-1.7872625410829432,-15.589999999999975,3.409110444391416,2.759671088417735,-0.5000000000000331,-0.2542520922365248,1.2420961054838693,-2.220446049250313e-16,2.861467308644704,70,255,255,255
559,11.18,44.406465315366006,-1.7315784710189663,-15.599999999999975,3.403924250128107,2.7842035031988486,-0.5000000000000331,-0.2593097131654636,1.2266207390556922,-2.220446049250313e-16,2.8667032964006873,70,255,255,255
560,11.200000000000001,44.47443834077605,-1.6754103564344172,-15.609999999999975,3.398651270502155,2.8084057292274633,-0.5000000000000332,-0.26364898129759684,1.2101113014307456,-7.327471962526033e-15,2.8719392841566704,70,255,255,255
561,11.22,44.5423044437641,-1.6187651793490756,-15.619999999999974,3.3933051494027198,2.832258854267083,-0.5000000000000332,-0.2673060549717565,1.1926562519809805,1.1102230246251565e-16,2.8771752719126535,70,255,255,255
562,11.24,44.610062420346345,-1.561650266161536,-15.629999999999974,3.3878988291119696,2.8557456593769834,-0.5000000000000333,-0.2703160145374994,1.1743402554950313,-6.994405055138486e-15,2.882411259668636,70,255,255,255
563,11.26,44.67771131178022,-1.5040732552642404,-15.639999999999974,3.3824445716938483,2.8788505448647723,-0.5000000000000333,-0.2727128709060729,1.1552442743894478,4.440892098500626e-16,2.887647247424619,70,255,255,255
564,11.28,44.745250391383976,-1.4460420661024205,-15.649999999999974,3.3769539801878676,2.901559458090996,-0.5000000000000334,-0.2745295752990389,1.1354456613111745,-6.661338147750939e-15,2.892883235180602,70,255,255,255
565,11.3,44.81267915177569,-1.3875648696398168,-15.659999999999973,3.371438019585709,2.9238598231301864,-0.5000000000000335,-0.27579803010794235,1.1150182519595244,-6.328271240363392e-15,2.898119222936585,70,255,255,255
566,11.32,44.879997292527094,-1.3286500601940268,-15.669999999999973,3.3659070375701057,2.945740472289503,-0.5000000000000336,-0.27654910078017325,1.0940324579658154,-5.995204332975845e-15,2.903355210692568,70,255,255,255
567,11.34,44.947204708227034,-1.269306228604365,-15.679999999999975,3.3603707849970896,2.9671915794830825,-0.5000000000000338,-0.276812628650803,1.0725553596789807,-5.662137425588298e-15,2.9085911984485513,70,255,255,255
568,11.36,45.014301476949115,-1.209542136695218,-15.689999999999976,3.354838436104222,2.98820459545736,-0.5000000000000338,-0.2766174446433687,1.0506507987138707,1.7763568394002505e-15,2.913827186204534,70,255,255,255
569,11.38,45.08128784911769,-1.1493666929980193,-15.699999999999978,3.3493186084289244,3.008772184859935,-0.5000000000000338,-0.2759913837648864,1.0283794701287508,1.7763568394002505e-15,2.919063173960517,70,255,255,255
570,11.4,45.14816423676614,-1.088788929695178,-15.709999999999978,3.343819382422421,3.028888165142065,-0.5000000000000334,-0.2749613003251614,1.0057990141065076,1.5987211554602254e-14,2.9242991617165,70,255,255,255
571,11.42,45.21493120318107,-1.0278179807495276,-15.719999999999978,3.3383483207461953,3.048547447282526,-0.5000000000000333,-0.2735530838113003,0.9829641070230282,7.882583474838611e-15,2.929535149472483,70,255,255,255
572,11.44,45.28158945292585,-0.9664630611831597,-15.729999999999977,3.3329124872391125,3.067745978318392,-0.500000000000033,-0.2717916753541454,0.9599265517933193,1.4654943925052066e-14,2.934771137228466,70,255,255,255
573,11.46,45.348139822236746,-0.9047334474698341,-15.739999999999977,3.3275184655446353,3.086480685666283,-0.5000000000000329,-0.26970108472385723,0.93673536739455,6.5503158452884236e-15,2.940007124984449,70,255,255,255
574,11.48,45.41458326978452,-0.8426384590055197,-15.749999999999977,3.3221723773887186,3.1047494232157202,-0.5000000000000328,-0.2673044077958333,0.9134368774718502,6.217248937900877e-15,2.945243112740432,70,255,255,255
575,11.5,45.480920867794524,-0.780187440622029,-15.759999999999977,3.3168799005000977,3.1225509191745315,-0.5000000000000326,-0.2646238444310418,0.8900747979405579,5.88418203051333e-15,2.9504791004964153,70,255,255,255
576,11.52,45.547153793517836,-0.7173897461091366,-15.769999999999976,3.311646286165757,3.1398847256446203,-0.5000000000000325,-0.2616807167170383,0.8666903235044376,5.551115123125783e-15,2.955715088252398,70,255,255,255
577,11.540000000000001,45.61328332104615,-0.6542547227110375,-15.779999999999976,3.3064763764153757,3.1567511699049584,-0.5000000000000324,-0.2584954875190628,0.8433222130169025,5.218048215738236e-15,2.960951076008381,70,255,255,255
578,11.56,45.679310813462735,-0.5907916965634912,-15.789999999999976,3.3013746208295154,3.1731513073773137,-0.5000000000000324,-0.2550877792930164,0.8200068736177677,-2.220446049250313e-15,2.966187063764364,70,255,255,255
579,11.58,45.74523771532208,-0.527009959038511,-15.799999999999976,3.2963450929672433,3.1890868762490094,-0.5000000000000323,-0.2514763931136108,0.7967784435847918,4.884981308350689e-15,2.971423051520347,70,255,255,255
580,11.6,45.81106554545027,-0.4629187539639932,-15.809999999999976,3.291391506409723,3.204560253725891,-0.5000000000000323,-0.247679327876015,0.77366887384406,-2.55351295663786e-15,2.97665903927633,70,255,255,255
581,11.620000000000001,45.87679589005861,-0.39852726568623953,-15.819999999999975,3.286517230417162,3.219574413887684,-0.5000000000000323,-0.2437137996280505,0.7507080080896453,-2.55351295663786e-15,2.981895027032313,70,255,255,255
582,11.64,45.94243039616256,-0.3338446079438988,-15.829999999999975,3.2817253051972513,3.2341328871170343,-0.5000000000000323,-0.2395962609955533,0.727923661467528,-2.55351295663786e-15,2.987131014788296,70,255,255,255
583,11.66,46.00797076529824,-0.2688798135224444,-15.839999999999975,3.277018456783982,3.2482397210727223,-0.5000000000000323,-0.23534242066346378,0.70534169778439,-2.55351295663786e-15,2.9923670025442792,70,255,255,255
584,11.68,46.07341874752877,-0.20364182465890762,-15.849999999999975,3.272399111526418,3.261899443176838,-0.5000000000000323,-0.23096726287821134,0.6829861052057833,-2.55351295663786e-15,2.997602990300262,70,255,255,255
585,11.700000000000001,46.13877613573252,-0.13813948416720542,-15.859999999999975,3.2678694101876284,3.27511702458511,-0.5000000000000325,-0.2264850669394658,0.6608790704135903,-9.658940314238862e-15,3.002838978056245,70,255,255,255
586,11.72,46.204044760165615,-0.07238152725502474,-15.869999999999974,3.2634312216546295,3.2878978456090344,-0.5000000000000325,-0.22190942664995328,0.6390410511962421,-1.887379141862766e-15,3.008074965812228,70,255,255,255
587,11.74,46.26922648329083,-0.006376574003864044,-15.879999999999974,3.259086156260726,3.300247662558035,-0.5000000000000328,-0.21725326969516212,0.6174908474500207,-8.992806499463768e-15,3.0133109535682108,70,255,255,255
588,11.76,46.33432319486527,0.05986687751552572,-15.889999999999974,3.254835578722203,3.312172575969488,-0.5000000000000328,-0.21252887692615952,0.596245670572654,-1.2212453270876722e-15,3.018546941324194,70,255,255,255
589,11.78,46.399336807279106,0.12634045751940948,-15.899999999999974,3.2506806206917993,3.323679000194188,-0.5000000000000329,-0.2077479015201784,0.5753212112350108,-8.326672684688674e-15,3.023782929080177,70,255,255,255
590,11.8,46.46426925113774,0.1930359302055011,-15.909999999999973,3.2466221929318766,3.3347736343045815,-0.500000000000033,-0.20292138799613646,0.5547317055196763,-7.993605777301127e-15,3.02901891683616,70,255,255,255
591,11.82,46.52912247107996,0.2599451988913601,-15.919999999999973,3.242660997110621,3.3454634342929497,-0.5000000000000331,-0.19805979106277105,0.5344899994184065,-7.66053886991358e-15,3.034254904592143,70,255,255,255
592,11.84,46.593898421824456,0.3270603106218927,-15.929999999999973,3.238797537225027,3.3557555865266324,-0.5000000000000332,-0.19317299427968937,0.5146076116841403,-7.327471962526033e-15,3.039490892348126,70,255,255,255
593,11.86,46.65859906443755,0.39437346027043946,-15.939999999999973,3.2350321306547722,3.3656574824273373,-0.5000000000000333,-0.1882703285127505,0.4950947950352387,-6.994405055138486e-15,3.0447268801041085,70,255,255,255
594,11.88,46.72322636281458,0.4618769941572715,-15.949999999999973,3.2313649188514484,3.375176694341602,-0.5000000000000335,-0.18336059016619988,0.4759605957132378,-1.3766765505351941e-14,3.0499628678600916,70,255,255,255
595,11.9,46.787782280367935,0.5295634132086625,-15.959999999999972,3.2277958776679254,3.38432095256955,-0.5000000000000336,-0.17845205917615736,0.4572129113973904,-5.995204332975845e-15,3.0551988556160747,70,255,255,255
596,11.92,46.85226877691459,0.5974253756790464,-15.969999999999974,3.224324827332908,3.3930981235191955,-0.5000000000000339,-0.17355251675086603,0.4388585474822597,-1.27675647831893e-14,3.060434843372058,70,255,255,255
597,11.94,46.91668780575611,0.6654556994581208,-15.979999999999976,3.220951442076023,3.4015161889537167,-0.5000000000000339,-0.1686692628442663,0.42090327172606345,2.1094237467877974e-15,3.065670831128041,70,255,255,255
598,11.96,46.98104131094429,0.7336473639841073,-15.989999999999977,3.2176752594089923,3.409583226299327,-0.5000000000000339,-0.16380913335151792,0.4033518672805019,2.1094237467877974e-15,3.070906818884024,70,255,255,255
599,11.98,47.045331224725665,0.8019935117837395,-15.999999999999977,3.214495689068693,3.417307389981607,-0.5000000000000336,-0.1589785170149698,0.38620818411400215,9.2148511043888e-15,3.076142806640007,70,255,255,255
600,12.0,47.10955946515823,0.8704874496589088,-16.009999999999977,3.211412021628065,3.4246968937584654,-0.5000000000000334,-0.15418337203141697,0.3694751888429084,8.548717289613705e-15,3.08137879439599,70,255,255,255
601,12.02,47.173722661594994,0.9391348373554252,-16.01999999999998,3.2081598218381453,3.432369384825821,-0.5000000000000331,-0.16260998949597116,0.38362455336777623,1.4988010832439613e-14,3.0866147821519725,70,255,255,255
602,12.040000000000001,47.23781774969819,1.007940749514636,-16.02999999999998,3.2047544051595565,3.440295607960537,-0.5000000000000328,-0.17027083392943831,0.39631115673579176,1.3988810110276972e-14,3.0918507699079556,70,255,255,255
603,12.06,47.30184195796363,1.076909702660267,-16.03999999999998,3.201210413272304,3.4484476572815552,-0.5000000000000325,-0.17719959436260924,0.40760246605092254,1.2989609388114332e-14,3.0970867576639387,70,255,255,255
604,12.08,47.36579279458515,1.1460456814590427,-16.049999999999983,3.197541831075928,3.4567989399387846,-0.500000000000032,-0.18342910981881566,0.41756413286146365,2.653433028854124e-14,3.102322745419922,70,255,255,255
605,12.1,47.42966803465956,1.2153521642566387,-16.059999999999985,3.1937620037204892,3.4653241398798005,-0.5000000000000315,-0.18899136777193792,0.42625999705079254,2.4868995751603507e-14,3.1075587331759045,70,255,255,255
606,12.120000000000001,47.49346570773234,1.284832147891592,-16.069999999999986,3.189883653639301,3.4739991817476708,-0.5000000000000311,-0.19391750405942165,0.43375209339350906,2.353672812205332e-14,3.1127947209318876,70,255,255,255
607,12.14,47.55718408568346,1.354488171790788,-16.079999999999988,3.185918897556038,3.482801194959795,-0.5000000000000303,-0.19823780416315362,0.440100660606205,3.6415315207705135e-14,3.1180307086878707,70,255,255,255
608,12.16,47.620821670952274,1.4243223413510755,-16.08999999999999,3.1818792634405573,3.4917084780143783,-0.5000000000000293,-0.2019817057740303,0.44536415272917074,4.829470157119431e-14,3.123266696443854,70,255,255,255
609,12.18,47.68437718510006,1.4943363506124352,-16.09999999999999,3.1777757073893764,3.5007004630679863,-0.5000000000000284,-0.20517780255903517,0.44959925268039,4.529709940470639e-14,3.1285026841998365,70,255,255,255
610,12.200000000000001,47.74784955770823,1.564531504228927,-16.109999999999992,3.1736186304083205,3.509757680824592,-0.5000000000000275,-0.20785384905280013,0.45286088783027534,4.263256414560601e-14,3.1337386719558196,70,255,255,255
611,12.22,47.81123791560976,1.634908738744399,-16.119999999999994,3.1694178950763514,3.518861725773604,-0.5000000000000264,-0.2100367665984617,0.4552022474506119,5.417888360170764e-14,3.1389746597118027,70,255,255,255
612,12.24,47.87454157245118,1.7054686431806303,-16.129999999999995,3.165182842071054,3.5279952218115604,-0.5000000000000254,-0.21175265026486567,0.45667480189780685,5.084821452783217e-14,3.144210647467786,70,255,255,255
613,12.26,47.93776001858193,1.7762114789462196,-16.139999999999997,3.1609223065376373,3.537141788279463,-0.5000000000000242,-0.2130267766708407,0.4573283233951342,6.206146707654625e-14,3.149446635223769,70,255,255,255
614,12.280000000000001,48.00089291126763,1.8471371990751229,-16.15,3.1566446342846417,3.5462860064451673,-0.500000000000023,-0.21388361264977007,0.45721090828521715,5.839773109528323e-14,3.154682622979752,70,255,255,255
615,12.3,48.06394006522344,1.9182454668042777,-16.16,3.152357697790847,3.5554133864577397,-0.5000000000000216,-0.21434682468971955,0.4563690006286114,6.894484982922222e-14,3.159918610735735,70,255,255,255
616,12.32,48.12690144346362,1.9895356735002445,-16.17,3.1480689120090917,3.5645103347983476,-0.5000000000000203,-0.21443928908778176,0.4548474170303969,6.494804694057166e-14,3.1651545984917178,70,255,255,255
617,12.34,48.1897771484627,2.0610069559452437,-16.180000000000003,3.143785249953903,3.573564122249964,-0.5000000000000191,-0.21418310275943098,0.4526893725808243,6.09512440519211e-14,3.1703905862477004,70,255,255,255
618,12.36,48.25256741362392,2.132658212993364,-16.190000000000005,3.1395132580609757,3.582562852406006,-0.5000000000000177,-0.21359959464637335,0.4499365078021009,7.149836278586008e-14,3.1756265740036835,70,255,255,255
619,12.38,48.315272595050075,2.204488121608083,-16.200000000000006,3.135259071307603,3.591495430735959,-0.5000000000000163,-0.21270933766862754,0.44662891649764047,6.716849298982197e-14,3.1808625617596666,70,255,255,255
620,12.4,48.37789316361176,2.2764951522925645,-16.210000000000008,3.131028428084217,3.6003515342240595,-0.5000000000000148,-0.21153216116928286,0.442805174405025,7.738254481637341e-14,3.1860985495156497,70,255,255,255
621,12.42,48.44042969730792,2.348677583924469,-16.22000000000001,3.1268266848081763,3.6091215815952378,-0.5000000000000133,-0.21008716380205028,0.43850236855892,7.271960811294775e-14,3.191334537271633,70,255,255,255
622,12.44,48.50288287391336,2.4210335180072833,-16.23000000000001,3.122658830271881,3.6177967041407153,-0.5000000000000117,-0.20839272681475896,0.433756127273885,8.260059303211165e-14,3.1965705250276155,70,255,255,255
623,12.46,48.56525346390772,2.4935608923503625,-16.240000000000013,3.118529499718205,3.6263687171539623,-0.5000000000000101,-0.20646652768378404,0.4286006506623452,7.760458942129844e-14,3.2018065127835986,70,255,255,255
624,12.48,48.627542323680466,2.566257494190084,-16.250000000000014,3.1144429886370775,3.6348300919860903,-0.5000000000000087,-0.2043255540563811,0.4230687416064094,7.294165271787278e-14,3.2070425005395817,70,255,255,255
625,12.5,48.68975038900602,2.639120972764649,-16.260000000000016,3.1104032662778742,3.6431739287282356,-0.500000000000007,-0.2019861179601561,0.4171918371072567,8.282263763703668e-14,3.2122784882955644,70,255,255,255
626,12.52,48.75187866878348,2.712148851355189,-16.270000000000017,3.106413988873055,3.6513939295270093,-0.5000000000000051,-0.1994638702409608,0.4110000399386835,9.203748874142548e-14,3.2175144760515475,70,255,255,255
627,12.540000000000001,48.813928239034865,2.7853385388059437,-16.28000000000002,3.1024785125692045,3.659484372537736,-0.5000000000000033,-0.19677381519250847,0.40452215053635054,8.637535131583718e-14,3.2227504638075306,70,255,255,255
628,12.56,48.87590023715611,2.8586873405363216,-16.29000000000002,3.0985999060623515,3.6674400865188814,-0.5000000000000017,-0.19393032534264698,0.39778569905727057,8.104628079763643e-14,3.2279864515635137,70,255,255,255
629,12.58,48.93779585641481,2.9321924690577186,-16.300000000000022,3.0947809629350864,3.67525642606985,-0.49999999999999983,-0.19094715636325255,0.39081697754844535,9.026113190202523e-14,3.233222439319497,70,255,255,255
630,12.6,48.99961634068868,3.005851054007982,-16.310000000000024,3.0910242136936374,3.6829292475131714,-0.4999999999999981,-0.1878374620724439,0.38364107216607124,8.47655279301307e-14,3.2384584270754795,70,255,255,255
631,12.620000000000001,49.061362979438755,3.0796601517164017,-16.320000000000025,3.0873319375036425,3.6904548854209955,-0.4999999999999965,-0.1846138094997518,0.3762818953912004,7.960299086562372e-14,3.2436944148314626,70,255,255,255
632,12.64,49.12303710291123,3.1536167543120976,-16.330000000000027,3.083706173623918,3.697830129784799,-0.4999999999999947,-0.18128819398621765,0.36876221819017063,8.89843754237063e-14,3.2489304025874457,70,255,255,255
633,12.66,49.184640077561994,3.2277177983886225,-16.34000000000003,3.0801487325380554,3.705052203826241,-0.4999999999999928,-0.177872054293148,0.36110370207209774,9.786615962070755e-14,3.2541663903434284,70,255,255,255
634,12.68,49.24617330169768,3.3019601732375463,-16.35000000000003,3.0766612067841597,3.7121187424461968,-0.49999999999999095,-0.17437628769479074,0.35332693099779267,9.203748874142548e-14,3.2594023780994115,70,255,255,255
635,12.700000000000001,49.30763820132735,3.3763407286637097,-16.360000000000028,3.073244981483519,3.7190277713081645,-0.49999999999998923,-0.1708112650320115,0.34545144309837816,8.654188476953095e-14,3.2646383658553946,70,255,255,255
636,12.72,49.36903622621874,3.4508562823947386,-16.370000000000026,3.0699012445694205,3.725777686551443,-0.4999999999999876,-0.16718684570492748,0.3374957621639414,8.137934770502397e-14,3.2698743536113777,70,255,255,255
637,12.74,49.430368846153094,3.525503627097314,-16.380000000000024,3.0666309967177328,3.7323672351287653,-0.4999999999999864,-0.1635123925843769,0.32947742886611,6.233902283270254e-14,3.275110341367361,70,255,255,255
638,12.76,49.49163754737272,3.6002795370125615,-16.390000000000022,3.0634350609812744,3.7387954957623646,-0.49999999999998523,-0.15979678682292064,0.3214130316799628,5.867528685143952e-14,3.2803463291233435,70,255,255,255
639,12.780000000000001,49.55284382921533,3.6751807742227984,-16.40000000000002,3.0603140921303105,3.745061860511851,-0.4999999999999844,-0.15604844254820538,0.3133182374743235,4.0967229608668276e-14,3.2855823168793266,70,255,255,255
640,12.8,49.61398920092937,3.750204094561732,-16.410000000000018,3.0572685857018724,3.7511660169466716,-0.4999999999999836,-0.1522753214219077,0.3052078217410372,3.8469227803261674e-14,3.2908183046353097,70,255,255,255
641,12.82,49.675075178664585,3.82534625318004,-16.420000000000016,3.0542988867608933,3.757107930915411,-0.4999999999999832,-0.14848494704894444,0.29709569843696304,2.1926904736346842e-14,3.2960542923912923,70,255,255,255
642,12.84,49.736103282632115,3.900604009778114,-16.430000000000014,3.051405198376432,3.7628878299036836,-0.49999999999998307,-0.1446844192230654,0.28899494941363013,6.38378239159465e-15,3.3012902801472754,70,255,255,255
643,12.86,49.797075034428445,3.9759741335175525,-16.440000000000012,3.0485875898165125,3.7685061869719365,-0.49999999999998296,-0.1408804279959912,0.2809178534126371,6.050715484207103e-15,3.3065262679032585,70,255,255,255
644,12.88,49.85799195451775,4.051453407622834,-16.45000000000001,3.0458460044653584,3.773963705264062,-0.4999999999999831,-0.13707926755771505,0.27287591460627203,-8.493206138382448e-15,3.3117622556592416,70,255,255,255
645,12.9,49.91885555986709,4.127038633684381,-16.460000000000008,3.043180267467006,3.7792613030773596,-0.4999999999999833,-0.1332868499176323,0.2648798906648926,-7.993605777301127e-15,3.3169982434152248,70,255,255,255
646,12.92,49.97966736172908,4.202726635674062,-16.470000000000006,3.0405900930994836,3.784400099484058,-0.49999999999998374,-0.12950871837612388,0.25693982033493157,-2.170486013142181e-14,3.3222342311712074,70,255,255,255
647,12.94,50.04042886356676,4.278514263683948,-16.480000000000004,3.03807509188393,3.7893814004943027,-0.4999999999999841,-0.1257500607776958,0.24906505051223116,-2.0372592501871623e-14,3.32747021892719,70,255,255,255
648,12.96,50.101141559115426,4.3543983973989535,-16.490000000000002,3.0356347774331716,3.794206685750265,-0.4999999999999848,-0.12201572253792348,0.24126426279810298,-3.341771304121721e-14,3.332706206683173,70,255,255,255
649,12.98,50.16180693057631,4.4303759493137695,-16.5,3.033268573044442,3.7988775957407914,-0.4999999999999857,-0.1183102194364749,0.2335454995263122,-4.5630166312093934e-14,3.3379421944391563,70,255,255,255
650,13.0,50.222426446937135,4.506443867704286,-16.509999999999998,3.0309758180410418,3.803395919525823,-0.4999999999999865,-0.11463775017001643,0.22591618925159063,-4.296563105299356e-14,3.3431781821951394,70,255,255,255
651,13.02,50.28299849170683,4.582590228801985,-16.519999999999996,3.0286022384845017,3.807318054884952,-0.49999999999998734,-0.1186789778270132,0.19610676795644366,-4.0467629247586956e-14,3.348414169951122,70,255,255,255
652,13.040000000000001,50.34352162133833,4.658803698756128,-16.529999999999994,3.026156481575301,3.810673497707158,-0.4999999999999884,-0.1222878454600389,0.1677721411103006,-5.218048215738236e-14,3.353650157707105,70,255,255,255
653,13.06,50.403994557161646,4.735073516372851,-16.539999999999996,3.0236467911656537,3.8134908808361407,-0.4999999999999897,-0.12548452048236225,0.14086915644912423,-6.322720125240266e-14,3.3588861454630883,70,255,255,255
654,13.08,50.46441617753705,4.811389475973661,-16.549999999999997,3.0210810187702424,3.815797980040487,-0.49999999999999056,-0.12828861977057704,0.11535496021729896,-4.518607710224387e-14,3.3641221332190714,70,255,255,255
655,13.1,50.524785510227936,4.8877419103936,-16.56,3.0184666345440454,3.8176217209969474,-0.4999999999999914,-0.1307192113098501,0.09118704782303322,-4.2521541843143495e-14,3.369358120975054,70,255,255,255
656,13.120000000000001,50.58510172499217,4.964121674137897,-16.57,3.0158107382116714,3.818988187214866,-0.4999999999999922,-0.13279481661869363,0.06832331089593469,-4.0023540037736893e-14,3.374594108731037,70,255,255,255
657,13.14,50.645364126390845,5.040520126714549,-16.580000000000002,3.0131200699336236,3.819922628832606,-0.4999999999999926,-0.13453341390238815,0.04672208088700458,-2.348121697082206e-14,3.3798300964870203,70,255,255,255
658,13.16,50.70557214681276,5.116929116158941,-16.590000000000003,3.0104010210958867,3.8204494722195896,-0.4999999999999928,-0.13595244188684408,0.02634216934918987,-7.93809462606987e-15,3.3850660842430034,70,255,255,255
659,13.18,50.765725339712965,5.193340962765346,-16.600000000000005,3.0076596450101825,3.820592330320243,-0.49999999999999295,-0.13706880428520885,0.007142905032685665,-7.438494264988549e-15,3.390302071998986,70,255,255,255
660,13.200000000000001,50.82582337306323,5.269748443038922,-16.610000000000007,3.004901667513127,3.8203740136787863,-0.4999999999999931,-0.13789887485278074,-0.010915832072854403,-6.938893903907228e-15,3.395538059754969,70,255,255,255
661,13.22,50.8858660230123,5.346144773880649,-16.620000000000008,3.0021324974533954,3.819816542086371,-0.49999999999999295,-0.13845850298657725,-0.027873579620773636,7.771561172376096e-15,3.4007740475109522,70,255,255,255
662,13.24,50.945853167753434,5.422523597016541,-16.63000000000001,2.999357237056844,3.8189411567946023,-0.4999999999999928,-0.13876301982755956,-0.043769264588422896,7.271960811294775e-15,3.4060100352669354,70,255,255,255
663,13.26,51.00578478159664,5.4988789636813795,-16.64000000000001,2.9965806921603173,3.817768333241909,-0.49999999999999234,-0.13882724482635433,-0.058641177634670694,2.098321516541546e-14,3.411246023022918,70,255,255,255
664,13.280000000000001,51.06566092924275,5.575205319566212,-16.650000000000013,2.993807382305648,3.816317794241631,-0.49999999999999195,-0.1386654927334674,-0.07252695001390297,1.965094753586527e-14,3.416482010778901,70,255,255,255
665,13.3,51.12548176025648,5.6514974900378725,-16.660000000000014,2.9910415506860915,3.814608523583023,-0.4999999999999913,-0.13829158097782335,-0.08546353293038988,3.269606807521086e-14,3.4217179985348842,70,255,255,255
666,13.32,51.18524750373524,5.727750665637846,-16.670000000000016,2.988287173938133,3.8126587799986393,-0.4999999999999907,-0.13771883739792523,-0.09748717921918937,3.069766663088558e-14,3.4269539862908673,70,255,255,255
667,13.34,51.24495846317068,5.803960387866921,-16.680000000000017,2.985547971772273,3.810486111453761,-0.4999999999999901,-0.1369601082930081,-0.10863342724392133,2.886579864025407e-14,3.43218997404685,70,255,255,255
668,13.36,51.30461501149942,5.8801225352612345,-16.690000000000015,2.982827416437051,3.8081073697156893,-0.4999999999999893,-0.1360277667610994,-0.11893708690357219,4.141131881851834e-14,3.437425961802833,70,255,255,255
669,13.38,51.36421758633964,5.956233309764491,-16.700000000000014,2.9801287420111655,3.8055387251627977,-0.4999999999999888,-0.13493372129426806,-0.12843222764457263,2.4702462297909733e-14,3.442661949558816,70,255,255,255
670,13.4,51.42376668541002,6.0322892234003955,-16.71000000000001,2.9774549535191377,3.8027956817952595,-0.49999999999998834,-0.133689424601394,-0.13715216837690747,2.3203661214665772e-14,3.4478979373147993,70,255,255,255
671,13.42,51.483262862127354,6.108287085248622,-16.72000000000001,2.974808835866523,3.7998930924113417,-0.4999999999999882,-0.1323058826307384,-0.1451294691958993,7.66053886991358e-15,3.453133925070782,70,255,255,255
672,13.44,51.542706721379176,6.184223988726923,-16.730000000000008,2.9721929625912007,3.796845173915041,-0.499999999999988,-0.13079366376612533,-0.15239592481503772,7.16093850883226e-15,3.458369912826765,70,255,255,255
673,13.46,51.60209891546773,6.260097299181377,-16.740000000000006,2.969609704427774,3.7936655227226947,-0.4999999999999882,-0.1291629081713208,-0.15898255961729824,-7.549516567451064e-15,3.463605900582748,70,255,255,255
674,13.48,51.66144014022138,6.335904641786136,-16.750000000000004,2.967061237682591,3.7903671302379736,-0.4999999999999886,-0.12742333725915422,-0.164919624236064,-2.1260770921571748e-14,3.4688418883387313,70,255,255,255
675,13.5,51.72073113126973,6.411643889753464,-16.76,2.9645495524173495,3.786962398366395,-0.499999999999989,-0.12558426326208938,-0.17023659357892162,-1.992850329202156e-14,3.474077876094714,70,255,255,255
676,13.52,51.77997266047852,6.487313152854307,-16.770000000000003,2.9620764604396763,3.783463155042165,-0.4999999999999894,-0.12365459888366859,-0.17496216621148797,-1.8762769116165146e-14,3.4793138638506966,70,255,255,255
677,13.540000000000001,51.83916553254051,6.562910766249143,-16.780000000000005,2.9596436030994826,3.7798806697417624,-0.49999999999998973,-0.12164286700968763,-0.17912426502012924,-1.759703494030873e-14,3.4845498516066797,70,255,255,255
678,13.56,51.89831058171832,6.6384352796283475,-16.790000000000006,2.957252458890263,3.7762256689602376,-0.49999999999999006,-0.11955721046097834,-0.18275003907624976,-1.659783421814609e-14,3.489785839362663,70,255,255,255
679,13.58,51.95740866873542,6.7138854466609015,-16.800000000000008,2.954904350854894,3.772508351627708,-0.4999999999999901,-0.11740540176845471,-0.1858658666264792,-1.3877787807814457e-15,3.495021827118646,70,255,255,255
680,13.6,52.01646067781133,6.789260214749801,-16.81000000000001,2.9526004537958013,3.7687384044449663,-0.4999999999999901,-0.11519485295464404,-0.1884973591370933,-1.2212453270876722e-15,3.5002578148746286,70,255,255,255
681,13.620000000000001,52.075467513837125,6.864558715092171,-16.82000000000001,2.9503418012897034,3.764925017118518,-0.4999999999999901,-0.11293262530489301,-0.19066936632242415,-1.2212453270876722e-15,3.5054938026306117,70,255,255,255
682,13.64,52.13443009968727,6.939780253041705,-16.830000000000013,2.9481292925074296,3.7610768974767073,-0.49999999999998984,-0.11062543911368161,-0.19240598209054705,1.2989609388114332e-14,3.510729790386595,70,255,255,255
683,13.66,52.19334937366406,7.014924298770702,-16.84000000000001,2.9459636988396025,3.7572022864498824,-0.49999999999998934,-0.10827968339134886,-0.19373055134123884,2.6367796834847468e-14,3.515965778142578,70,255,255,255
684,13.68,52.25222628707065,7.089990478228678,-16.85000000000001,2.9438456703292237,3.753308972898788,-0.4999999999999891,-0.10590142551893589,-0.19466567755473685,1.0658141036401503e-14,3.5212017658985606,70,255,255,255
685,13.700000000000001,52.3110618019089,7.164978564394209,-16.860000000000007,2.9417757419124633,3.7494043082765613,-0.49999999999998923,-0.10349642083801802,-0.19523323111131674,-4.218847493575595e-15,3.5264377536545437,70,255,255,255
686,13.72,52.36985688869828,7.239888468816426,-16.870000000000005,2.9397543394691703,3.7454952211108665,-0.4999999999999893,-0.10107012216464284,-0.19545435828475144,-3.885780586188048e-15,3.531673741410527,70,255,255,255
687,13.74,52.428612524411975,7.314720233442301,-16.880000000000006,2.937781785684847,3.7415882312937763,-0.4999999999999896,-0.09862768921616372,-0.1953494908545168,-1.7930101847696278e-14,3.53690972916651,70,255,255,255
688,13.76,52.487329690526494,7.389474022725663,-16.890000000000008,2.9358583057260095,3.7376894641680813,-0.4999999999999897,-0.09617399794187742,-0.19493835628473555,-2.7200464103316335e-15,3.5421457169224926,70,255,255,255
689,13.780000000000001,52.546009371181114,7.464150116013657,-16.90000000000001,2.9339840327310633,3.7338046643997003,-0.49999999999998973,-0.093713649747317,-0.19423998841905776,-2.55351295663786e-15,3.5473817046784757,70,255,255,255
690,13.8,52.60465255144349,7.538748900206194,-16.91000000000001,2.932159013118966,3.729939209626823,-0.4999999999999895,-0.09125098060486447,-0.1932727386438775,1.1823875212257917e-14,3.552617692434459,70,255,255,255
691,13.82,52.66326021567786,7.613270862683741,-16.92000000000001,2.930383211718126,3.7260981238773554,-0.4999999999999893,-0.08879007004199346,-0.1920542874733786,1.1157741397482823e-14,3.557853680190442,70,255,255,255
692,13.84,52.72183334601222,7.687716584498683,-16.930000000000007,2.9286565167181093,3.7222860907470925,-0.49999999999998934,-0.0863347500008409,-0.19060165651315053,-3.7192471324942744e-15,3.5630896679464246,70,255,255,255
693,13.86,52.78037292090116,7.762086733825321,-16.94000000000001,2.926978744446867,3.71850746633189,-0.4999999999999894,-0.08388861356213084,-0.18893122076011615,-3.552713678800501e-15,3.5683256557024077,70,255,255,255
694,13.88,52.83887991378069,7.83638205966348,-16.95000000000001,2.9253496439763063,3.71476629190791,-0.49999999999998945,-0.08145502352803957,-0.18705872119902134,-3.3861802251067274e-15,3.573561643458391,70,255,255,255
695,13.9,52.89735529181187,7.910603385790575,-16.960000000000008,2.923768901559139,3.711066306354756,-0.49999999999998923,-0.07903712085837755,-0.1849992776577043,1.099120794378905e-14,3.578797631214374,70,255,255,255
696,13.92,52.95580001470987,7.984751604956916,-16.970000000000006,2.922236144900029,3.707410958317064,-0.4999999999999893,-0.07663783295548265,-0.1827674018846035,-3.885780586188048e-15,3.5840336189703565,70,255,255,255
697,13.94,53.014215033655155,8.05882767331893,-16.980000000000004,2.920750947264148,3.703803418100766,-0.49999999999998934,-0.07425988179406806,-0.1803770108148819,-3.7192471324942744e-15,3.5892696067263397,70,255,255,255
698,13.96,53.07260129028368,8.132832605104948,-16.990000000000006,2.9193128314263195,3.700246589300926,-0.4999999999999897,-0.07190579189143165,-0.1778414399920063,-1.7763568394002505e-14,3.5945055944823228,70,255,255,255
699,13.98,53.13095971575296,8.20676746750812,-17.000000000000007,2.9179212734640005,3.696743120158635,-0.49999999999999,-0.06957789811594406,-0.17517345711454713,-1.6764367671839864e-14,3.5997415822383054,70,255,255,255
700,14.0,53.18929122988091,8.280633375801022,-17.01000000000001,2.9165757063974005,3.693295414645068,-0.49999999999999006,-0.06727835333000964,-0.17238527567834527,-1.5543122344752192e-15,3.6049775699942885,70,255,255,255
701,14.02,53.24759608050169,8.35445408696735,-17.02000000000001,2.9152425310389067,3.691035558316342,-0.4999999999999898,-0.06665876792469128,-0.11299281643631343,1.2823075934420558e-14,3.610213557750271,70,255,255,255
702,14.040000000000001,53.30587454324102,8.42825200488718,-17.030000000000012,2.913923136966607,3.689895895991492,-0.49999999999998956,-0.06596970361497778,-0.05698311624248298,1.199040866595169e-14,3.6154495455062543,70,255,255,255
703,14.06,53.364126919407695,8.50204822567698,-17.040000000000013,2.9126188083338453,3.6898110394900057,-0.49999999999998934,-0.06521643163808433,-0.004242825074314727,1.1324274851176597e-14,3.6206855332622374,70,255,255,255
704,14.08,53.422353533970494,8.575862582401637,-17.05000000000001,2.9113307281400616,3.690717836232883,-0.49999999999998884,-0.06440400968919269,0.045339837143873574,2.4868995751603507e-14,3.6259215210182205,70,255,255,255
705,14.1,53.48055473361864,8.64971368912465,-17.06000000000001,2.910059982407227,3.692555336150674,-0.4999999999999887,-0.06353728664171543,0.09187499588954928,9.159339953157541e-15,3.631157508774203,70,255,255,255
706,14.120000000000001,53.538730884903856,8.72361898426571,-17.070000000000007,2.908807564260858,3.6952647570530157,-0.4999999999999888,-0.06262090731844783,0.13547104511708907,-5.551115123125783e-15,3.6363934965301863,70,255,255,255
707,14.14,53.596882372462154,8.797594773237858,-17.080000000000005,2.9075743779148002,3.698789448607391,-0.4999999999999889,-0.06165931730288987,0.17623457771875506,-5.218048215738236e-15,3.6416294842861694,70,255,255,255
708,14.16,53.65500959731334,8.871656270339221,-17.090000000000003,2.9063612425591883,3.7030748550681905,-0.499999999999989,-0.06065676778059048,0.21427032303997917,-4.884981308350689e-15,3.6468654720421525,70,255,255,255
709,14.18,53.71311297523636,8.945817639877035,-17.100000000000005,2.905168896151165,3.7080684768906917,-0.4999999999999894,-0.059617320401171625,0.24968109112505754,-1.8762769116165146e-14,3.6521014597981356,70,255,255,255
710,14.200000000000001,53.77119293521853,9.0200920365042,-17.110000000000007,2.9039979991081277,3.713719831358277,-0.49999999999998973,-0.058544852151855675,0.28256772337926606,-1.759703494030873e-14,3.6573374475541187,70,255,255,255
711,14.22,53.8292499179766,9.094491644751102,-17.120000000000008,2.902849137903446,3.719980412345093,-0.4999999999999898,-0.05744306023408985,0.3130290493407779,-2.3869795029440866e-15,3.662573435310102,70,255,255,255
712,14.24,53.88728437454789,9.16902771773771,-17.13000000000001,2.901722828564746,3.726803649330406,-0.49999999999998984,-0.05631546693499612,0.3411618492656632,-2.220446049250313e-15,3.6678094230660845,70,255,255,255
713,14.26,53.94529676494939,9.243710615053214,-17.14000000000001,2.9006195200750113,3.734144865775131,-0.4999999999999896,-0.055165424486745884,0.36706082223622527,1.2156942119645464e-14,3.673045410822067,70,255,255,255
714,14.280000000000001,54.003287556902926,9.31854983979252,-17.150000000000013,2.8995395976768874,3.7419612369653907,-0.4999999999999894,-0.05399611990619979,0.39081855951300026,1.149080830487037e-14,3.6782813985780503,70,255,255,255
715,14.3,54.06125722462454,9.393554074740972,-17.16000000000001,2.898483386080714,3.7502117474225494,-0.4999999999999889,-0.05281057980865356,0.4125255228579303,2.503552920529728e-14,3.6835173863340334,70,255,255,255
716,14.32,54.11920624767608,9.46873121770045,-17.17000000000001,2.8974511525769286,3.758857147973861,-0.49999999999998873,-0.05161167518927412,0.43227002756557864,9.325873406851315e-15,3.6887533740900165,70,255,255,255
717,14.34,54.177135109877156,9.544088415951906,-17.180000000000007,2.8964431100535935,3.7678599125727947,-0.49999999999998884,-0.05040212616676687,0.45013822994667274,-5.384581669432009e-15,3.6939893618459996,70,255,255,255
718,14.36,54.235044298275554,9.61963209985097,-17.190000000000005,2.8954594199199186,3.777184194953134,-0.49999999999998895,-0.04918450668373664,0.4662141190169766,-5.051514762044462e-15,3.6992253496019822,70,255,255,255
719,14.38,54.29293430217429,9.695368015554893,-17.200000000000003,2.8945001949367395,3.7867957851961878,-0.49999999999998934,-0.04796124915895694,0.4805795121526728,-1.892930256985892e-14,3.7044613373579653,70,255,255,255
720,14.4,54.350805612213385,9.771301256880609,-17.210000000000004,2.8935655019549986,3.796662066285803,-0.4999999999999897,-0.046734649087038616,0.49331405448075705,-1.7763568394002505e-14,3.7096973251139485,70,255,255,255
721,14.42,54.40865871950465,9.847436296295037,-17.220000000000006,2.892655364563381,3.8067519707214426,-0.49999999999999,-0.04550686958088512,0.5044952217819785,-1.6764367671839864e-14,3.714933312869931,70,255,255,255
722,14.44,54.46649411481758,9.923777015040141,-17.230000000000008,2.8917697656463055,3.8170359372552483,-0.49999999999999006,-0.04427994585377526,0.5141983266902859,-1.5543122344752192e-15,3.720169300625914,70,255,255,255
723,14.46,54.52431228781465,10.000326732396438,-17.24000000000001,2.8909086498535665,3.8274858678148767,-0.4999999999999901,-0.043055789636943675,0.5224965279814118,-1.3877787807814457e-15,3.7254052883818973,70,255,255,255
724,14.48,54.58211372633431,10.077088234089835,-17.25000000000001,2.8900719259829724,3.838075084669882,-0.4999999999999901,-0.04183619352970247,0.5294608427502765,-1.2212453270876722e-15,3.7306412761378804,70,255,255,255
725,14.5,54.63989891571986,10.154063799847746,-17.260000000000012,2.8892594692773876,3.8487782878955743,-0.49999999999998984,-0.04062283527924615,0.5351601612846015,1.2989609388114332e-14,3.7358772638938635,70,255,255,255
726,14.52,54.697668338192614,10.231255230111437,-17.27000000000001,2.888471123637641,3.8595715131845507,-0.49999999999998934,-0.03941728198733818,0.5396612644488186,2.6367796834847468e-14,3.741113251649846,70,255,255,255
727,14.540000000000001,54.75542247226767,10.308663871912488,-17.28000000000001,2.8877067037528055,3.8704320900525526,-0.4999999999999891,-0.038220994241788375,0.5430288434000952,1.0658141036401503e-14,3.7463492394058293,70,255,255,255
728,14.56,54.81316179221066,10.386290643922125,-17.290000000000006,2.8869659971494017,3.881338600481849,-0.49999999999998923,-0.0370353301701809,0.5453255214648141,-4.218847493575595e-15,3.7515852271618124,70,255,255,255
729,14.58,54.87088676753388,10.464136060682966,-17.300000000000004,2.8862487661611094,3.892270838042075,-0.4999999999999893,-0.03586154941460862,0.5466118780113143,-3.885780586188048e-15,3.756821214917795,70,255,255,255
730,14.6,54.928597862530296,10.542200256033471,-17.310000000000006,2.885554749820603,3.9032097675252793,-0.4999999999999896,-0.034700817025313135,0.5469464741602033,-1.7930101847696278e-14,3.762057202673778,70,255,255,255
731,14.620000000000001,54.9862955358438,10.62048300573605,-17.320000000000007,2.8848836656751606,3.91413748512891,-0.49999999999998995,-0.03355420727210223,0.5463858801815387,-1.6930901125533637e-14,3.7672931904297613,70,255,255,255
732,14.64,55.043980240074355,10.698983749320401,-17.33000000000001,2.8842352115277112,3.9250371792175756,-0.49999999999999,-0.03242270737247965,0.5449847044332614,-1.7208456881689926e-15,3.7725291781857444,70,255,255,255
733,14.66,55.10165242141645,10.777701611154233,-17.34000000000001,2.8836090671050107,3.9358930916916317,-0.49999999999998973,-0.03130722113502449,0.5427956237027973,1.2656542480726785e-14,3.7777651659417275,70,255,255,255
734,14.68,55.159312519329546,10.856635420753994,-17.350000000000012,2.8830048956546506,3.9466904799879963,-0.4999999999999895,-0.030208572518000576,0.5398694148182388,1.1823875212257917e-14,3.78300115369771,70,255,255,255
735,14.700000000000001,55.216960966239,10.935783732348716,-17.36000000000001,2.882422345472612,3.9574155797360575,-0.4999999999999893,-0.029127509101944504,0.5362549874030629,1.1157741397482823e-14,3.7882371414536933,70,255,255,255
736,14.72,55.274598187266264,11.015144843710498,-17.370000000000008,2.8818610513630856,3.9680555680891163,-0.49999999999998906,-0.02806470547632589,0.5319994176529308,1.049160758270773e-14,3.7934731292096764,70,255,255,255
737,14.74,55.33222459998691,11.094716814265489,-17.380000000000006,2.881320636032296,3.9785985277495075,-0.4999999999999892,-0.027020766539484153,0.5271479830195624,-4.385380947269368e-15,3.798709116965659,70,255,255,255
738,14.76,55.38984061421527,11.174497482499556,-17.390000000000004,2.8808007114180483,3.9890334117033346,-0.49999999999998923,-0.025996230712372892,0.521744197691357,-4.052314039881821e-15,3.803945104721642,70,255,255,255
739,14.780000000000001,55.4474466318144,11.25448448267313,-17.400000000000006,2.880300879956734,3.999350008678666,-0.4999999999999896,-0.02499157306571753,0.5158298487665767,-1.8096635301390052e-14,3.8091810924776253,70,255,255,255
740,14.8,55.50504304653019,11.33467526085991,-17.410000000000007,2.879820735789514,4.00953890933905,-0.4999999999999897,-0.024007208360993904,0.5094450330192171,-2.7200464103316335e-15,3.8144170802336084,70,255,255,255
741,14.82,55.562630243848375,11.415067090324357,-17.42000000000001,2.8793598659094104,4.019591473222328,-0.49999999999998973,-0.023043494005170917,0.5026281941638775,-2.55351295663786e-15,3.8196530679895915,70,255,255,255
742,14.84,55.6202086008734,11.495657086253015,-17.43000000000001,2.8789178512510047,4.029499796432912,-0.4999999999999898,-0.022100732920281807,0.49541616052919046,-2.3869795029440866e-15,3.824889055745574,70,255,255,255
743,14.86,55.677778486227886,11.576442219854895,-17.440000000000012,2.878494267724448,4.039256680094027,-0.49999999999998956,-0.02117917632783506,0.48784418305574295,1.199040866595169e-14,3.830125043501557,70,255,255,255
744,14.88,55.73534025997179,11.65741933184619,-17.45000000000001,2.8780886871954725,4.048855599564784,-0.49999999999998934,-0.020279026448775106,0.4799459735378435,1.1324274851176597e-14,3.83536103125754,70,255,255,255
745,14.9,55.79289427354006,11.7385851453347,-17.460000000000008,2.877700678413069,4.058290674425451,-0.4999999999999891,-0.019400439120155433,0.47175374303332296,1.0658141036401503e-14,3.840597019013523,70,255,255,255
746,14.92,55.850440869697785,11.819936278119357,-17.470000000000006,2.8773298078864955,4.067556639232856,-0.49999999999998923,-0.018543526328683946,0.4632982403702246,-4.218847493575595e-15,3.845833006769506,70,255,255,255
747,14.94,55.90798038251205,11.901469254420288,-17.480000000000004,2.8769756407132445,4.076648815046502,-0.4999999999999893,-0.017708358662556822,0.45460879068231064,-3.885780586188048e-15,3.8510689945254892,70,255,255,255
748,14.96,55.965513137339244,11.983180516054782,-17.490000000000006,2.8766377413595943,4.085563081724715,-0.4999999999999896,-0.01689496768252141,0.44571333391061607,-1.7930101847696278e-14,3.8563049822814723,70,255,255,255
749,14.98,56.02303945082715,12.065066433074561,-17.500000000000007,2.8763156743953338,4.094295850988933,-0.49999999999998995,-0.01610334821302306,0.436638463210933,-1.6930901125533637e-14,3.8615409700374554,70,255,255,255
750,15.0,56.080559630930836,12.147123313879625,-17.51000000000001,2.876009005184243,4.102844040253175,-0.49999999999999,-0.01533346055454432,0.42740946321209883,-1.7208456881689926e-15,3.866776957793438,70,255,255,255
751,15.02,56.13807577291137,12.229326162697468,-17.52000000000001,2.8758070990268454,4.110142440892165,-0.49999999999998973,-0.010095307869881776,0.3649200319494943,1.2656542480726785e-14,3.872012945549421,70,255,255,255
752,15.040000000000001,56.195589852775164,12.311651249953115,-17.530000000000012,2.875703993189772,4.116254362782397,-0.4999999999999895,-0.005155291853665478,0.305596094511563,1.1823875212257917e-14,3.8772489333054043,70,255,255,255
753,15.06,56.25310373126763,12.394076074264591,-17.54000000000001,2.875693924623142,4.12124121557377,-0.4999999999999893,-0.0005034283314797605,0.24934263956865754,1.1157741397482823e-14,3.8824849210613874,70,255,255,255
754,15.08,56.31061915781164,12.476579324753546,-17.550000000000008,2.875771327200436,4.125162524447751,-0.49999999999998906,0.0038701288646887377,0.19606544369902013,1.049160758270773e-14,3.88772090881737,70,255,255,255
755,15.1,56.36813777438781,12.55914084371245,-17.560000000000006,2.8759308288088943,4.128075947945184,-0.4999999999999892,0.007975080422913283,0.14567117487163594,-4.385380947269368e-15,3.892956896573353,70,255,255,255
756,15.120000000000001,56.42566111935389,12.641741589666672,-17.570000000000007,2.8761672483040743,4.130037297711066,-0.49999999999998956,0.011820974759004788,0.0980674882941237,-1.8263168755083825e-14,3.8981928843293363,70,255,255,255
757,15.14,56.48319063120072,12.724363600866866,-17.58000000000001,2.87647559234158,4.131100560009665,-0.4999999999999896,0.015417201875288278,0.05316311492997183,-2.886579864025407e-15,3.9034288720853194,70,255,255,255
758,15.16,56.54072765224269,12.806989959244254,-17.59000000000001,2.8768510520984116,4.131317918869341,-0.4999999999999894,0.01877298784158654,0.010867942983778356,1.149080830487037e-14,3.908664859841302,70,255,255,255
759,15.18,56.5982734322406,12.889604754858698,-17.60000000000001,2.877288999895799,4.130739780722252,-0.4999999999999892,0.02189738986936396,-0.028906907354415257,1.0824674490095276e-14,3.913900847597285,70,255,255,255
760,15.200000000000001,56.6558291319553,12.972193050866895,-17.610000000000007,2.877784985734833,4.129414800409842,-0.49999999999998923,0.02479929195170172,-0.06624901562052532,-4.052314039881821e-15,3.9191368353532683,70,255,255,255
761,15.22,56.71339582663042,13.054740849035506,-17.620000000000005,2.878334733755672,4.127389908430528,-0.4999999999999893,0.027487401041947912,-0.10124459896569782,-3.885780586188048e-15,3.9243728231092514,70,255,255,255
762,15.24,56.77097450940303,13.137235055821735,-17.630000000000006,2.878934138630574,4.124710339311492,-0.4999999999999896,0.029970243745101044,-0.13397845595181934,-1.7930101847696278e-14,3.929608810865234,70,255,255,255
763,15.26,56.82856609464104,13.219663449041569,-17.640000000000008,2.879579261900495,4.121419660991707,-0.4999999999999897,0.032256163496072965,-0.16453391598924494,-2.7200464103316335e-15,3.934844798621217,70,255,255,255
764,15.280000000000001,56.88617142120633,13.302014645143739,-17.65000000000001,2.8802663282645042,4.117559805108531,-0.49999999999998973,0.03435331820044407,-0.1929927941588203,-2.55351295663786e-15,3.9400807863772003,70,255,255,255
765,15.3,56.94379125564294,13.384278067105443,-17.66000000000001,2.8809917218307723,4.1131710980851794,-0.4999999999999895,0.03626967831340533,-0.21943535116759483,1.1823875212257917e-14,3.9453167741331834,70,255,255,255
766,15.32,57.00142629528969,13.46644391296387,-17.67000000000001,2.881751982337458,4.1082922929213,-0.4999999999999893,0.03801302533427853,-0.2439402581939718,1.1157741397482823e-14,3.950552761889166,70,255,255,255
767,15.34,57.059077171316716,13.548503124995742,-17.680000000000007,2.8825438013513254,4.102960601593587,-0.49999999999998934,0.039590950693369376,-0.2665845663856632,-3.7192471324942744e-15,3.9557887496451487,70,255,255,255
768,15.36,57.11674445168575,13.630447359555301,-17.69000000000001,2.8833640184515215,4.097211727977994,-0.4999999999999894,0.04101085500980073,-0.28744368077962745,-3.552713678800501e-15,3.961024737401132,70,255,255,255
769,15.38,57.17442864403386,13.712268957579493,-17.70000000000001,2.8842096174055065,4.09107990120958,-0.49999999999998945,0.04227994769925303,-0.30659133842068176,-3.3861802251067274e-15,3.966260725157115,70,255,255,255
770,15.4,57.23213019848073,13.7939609157675,-17.710000000000008,2.885077722343726,4.084597909400344,-0.49999999999998923,0.04340524691098535,-0.32409959046183,1.099120794378905e-14,3.971496712913098,70,255,255,255
771,15.42,57.28984951035952,13.875516858440292,-17.720000000000006,2.8859655939392255,4.077797133639629,-0.4999999999999893,0.0443935797749746,-0.3400387880357618,-3.885780586188048e-15,3.976732700669081,70,255,255,255
772,15.44,57.34758692287148,13.956931010084407,-17.730000000000004,2.8868706255980157,4.07070758220574,-0.49999999999998934,0.045251582939504154,-0.3544775716944102,-3.7192471324942744e-15,3.981968688425064,70,255,255,255
773,15.46,57.40534272966479,14.038198168582834,-17.740000000000006,2.8877903396656444,4.063357924921364,-0.4999999999999897,0.04598570338142416,-0.36748286421879195,-1.7763568394002505e-14,3.987204676181047,70,255,255,255
774,15.48,57.46311717733789,14.119313679134619,-17.750000000000007,2.888722383655073,4.0557755275891845,-0.49999999999999,0.046602199471435846,-0.3791198666089972,-1.6764367671839864e-14,3.99244066393703,70,255,255,255
775,15.5,57.52091046786791,14.200273408863575,-17.76000000000001,2.8896645265006105,4.0479864864478,-0.49999999999999006,0.04710714227687118,-0.38945205706921815,-1.5543122344752192e-15,3.9976766516930127,70,255,255,255
776,15.52,57.57872276096475,14.281073722115407,-17.77000000000001,2.890614654842338,4.04001566259159,-0.4999999999999898,0.04750641708636749,-0.39854119281050604,1.2823075934420558e-14,4.002912639448995,70,255,255,255
777,15.540000000000001,57.63655417635165,14.361711456441439,-17.780000000000012,2.8915707693451367,4.031886716301614,-0.49999999999998956,0.047805725139942634,-0.40644731449879723,1.199040866595169e-14,4.008148627204978,70,255,255,255
778,15.56,57.69440479597277,14.442183899266197,-17.790000000000013,2.8925309810561384,4.023622141237961,-0.49999999999998934,0.04801058555008364,-0.4132287531826129,1.1324274851176597e-14,4.013384614960961,70,255,255,255
779,15.58,57.752274666128855,14.52248876523514,-17.80000000000001,2.8934935078041137,4.015243298447155,-0.49999999999998884,0.04812633739876171,-0.41894213954031256,2.4868995751603507e-14,4.018620602716943,70,255,255,255
780,15.6,57.81016379954173,14.602624174237967,-17.81000000000001,2.8944566706440464,4.006770450141289,-0.4999999999999887,0.04815814199664237,-0.4236424152932794,9.159339953157541e-15,4.023856590472926,70,255,255,255
781,15.620000000000001,57.86807217734873,14.682588630102138,-17.820000000000007,2.895418890349876,3.9982227932085572,-0.4999999999999888,0.04811098529146873,-0.42738284663658366,-5.551115123125783e-15,4.029092578228909,70,255,255,255
782,15.64,57.925999751027895,14.762380999950492,-17.830000000000005,2.896378683958119,3.989618492417663,-0.4999999999999889,0.04798968041216378,-0.4302150395446973,-5.218048215738236e-15,4.034328565984891,70,255,255,255
783,15.66,57.98394644425519,14.84200049421612,-17.840000000000003,2.897334661364857,3.980974713281362,-0.499999999999989,0.047798870336908106,-0.43218895681504677,-4.884981308350689e-15,4.039564553740875,70,255,255,255
784,15.68,58.04191215469476,14.921446647307059,-17.850000000000005,2.89828552197833,3.972307654546997,-0.4999999999999894,0.047543030673657505,-0.43335293671827335,-1.8762769116165146e-14,4.0448005414968575,70,255,255,255
785,15.700000000000001,58.09989675572334,15.000719298912747,-17.860000000000007,2.8992300514291527,3.9636325802844263,-0.49999999999998973,0.047226472541132214,-0.43375371312853206,-1.759703494030873e-14,4.050036529252841,70,255,255,255
786,15.72,58.157900098090145,15.07981857594363,-17.870000000000008,2.900167118339962,3.9549638515441625,-0.4999999999999898,0.046853345540456726,-0.43343643701318824,-2.3869795029440866e-15,4.055272517008824,70,255,255,255
787,15.74,58.215922011513264,15.158744875094847,-17.88000000000001,2.901095671156101,3.9463149575608516,-0.49999999999998984,0.04642764080695594,-0.43244469916554396,-2.220446049250313e-15,4.060508504764806,70,255,255,255
788,15.76,58.27396230621404,15.237498846024435,-17.89000000000001,2.9020147350387453,3.9376985464794494,-0.4999999999999896,0.04595319413220089,-0.43082055407010067,1.2156942119645464e-14,4.065744492520789,70,255,255,255
789,15.780000000000001,58.33202077439047,15.316081375136106,-17.900000000000013,2.902923408821692,3.9291264555835728,-0.4999999999999894,0.04543368914733836,-0.428604544793842,1.149080830487037e-14,4.070980480276773,70,255,255,255
790,15.8,58.39009719163113,15.394493569956257,-17.91000000000001,2.90382086203287,3.9206097410075227,-0.4999999999999889,0.044872660558902044,-0.42583572880251097,2.503552920529728e-14,4.076216468032755,70,255,255,255
791,15.82,58.44819131827076,15.472736744094565,-17.92000000000001,2.9047063319814477,3.912158706915431,-0.49999999999998873,0.044273497428880315,-0.42255170460458835,9.325873406851315e-15,4.081452455788739,70,255,255,255
792,15.84,58.506302900688986,15.550812402777222,-17.930000000000007,2.9055791209112627,3.9037829341328076,-0.49999999999998884,0.0436394464907619,-0.4187886391311597,-5.384581669432009e-15,4.0866884435447215,70,255,255,255
793,15.860000000000001,58.56443167255341,15.628722228941573,-17.940000000000005,2.906438593221154,3.8954913082175375,-0.49999999999998895,0.04297361549457257,-0.41458129576351466,-5.051514762044462e-15,4.091924431300705,70,255,255,255
794,15.88,58.62257735600846,15.706468069880755,-17.950000000000003,2.907284172752621,3.887292046959043,-0.49999999999998934,0.04227897657333601,-0.4099630629247244,-1.892930256985892e-14,4.097160419056688,70,255,255,255
795,15.9,58.68073966281136,15.784051924426674,-17.960000000000004,2.9081153401451183,3.8791927272959312,-0.4999999999999897,0.0415583696248647,-0.4049659831555892,-1.7763568394002505e-14,4.10239640681267,70,255,255,255
796,15.92,58.738918295416546,15.861475930659552,-17.970000000000006,2.9089316302591564,3.87120031164394,-0.49999999999999,0.04081450570191336,-0.39962078259955325,-1.6764367671839864e-14,4.107632394568653,70,255,255,255
797,15.94,58.79711294800989,15.938742354132101,-17.980000000000008,2.9097326296672605,3.8633211736274458,-0.49999999999999006,0.04004997040520086,-0.3939569008247066,-1.5543122344752192e-15,4.112868382324637,70,255,255,255
798,15.96,58.855323307494146,16.015853576596285,-17.99000000000001,2.910517974212734,3.8555611232091453,-0.4999999999999901,0.039267227273681815,-0.38800252091501664,-1.3877787807814457e-15,4.11810437008062,70,255,255,255
799,15.98,58.913549054426866,16.09281208522056,-18.00000000000001,2.9112873466360614,3.847925431213816,-0.4999999999999901,0.03846862116637206,-0.3817845997664753,-1.2212453270876722e-15,4.123340357836603,70,255,255,255
800,16.0,58.97178986391224,16.169620462285426,-18.010000000000012,2.9120404742686943,3.8404188532432717,-0.49999999999998984,0.03765638163164686,-0.3753288985272074,1.2989609388114332e-14,4.1285763455925855,70,255,255,255
801,16.02,59.03004953584836,16.24627290330837,-18.02000000000001,2.9129835968059568,3.83262205114724,-0.49999999999998934,0.0471561268631171,-0.3898401048015896,2.6367796834847468e-14,4.133812333348568,70,255,255,255
802,16.04,59.08833161195951,16.322764201573502,-18.03000000000001,2.9141038055575113,3.8245649132566037,-0.4999999999999891,0.05601043757772084,-0.40285689453181295,1.0658141036401503e-14,4.139048321104551,70,255,255,255
803,16.06,59.14663938561984,16.399089720596294,-18.040000000000006,2.915388683016498,3.816275951139664,-0.49999999999998923,0.06424387294933842,-0.4144481058469909,-4.218847493575595e-15,4.144284308860534,70,255,255,255
804,16.080000000000002,59.20497591148497,16.475245367328082,-18.050000000000004,2.9168262932565376,3.807782336589387,-0.4999999999999893,0.07188051200198364,-0.424680727513842,-3.885780586188048e-15,4.149520296616518,70,255,255,255
805,16.1,59.26334401492766,16.551227566098785,-18.060000000000006,2.918405172134382,3.7991099385350524,-0.4999999999999896,0.07894394389221926,-0.43361990271672024,-1.7930101847696278e-14,4.1547562843725006,70,255,255,255
806,16.12,59.321746301274175,16.62703323329526,-18.070000000000007,2.920114317325558,3.790283359823791,-0.49999999999998995,0.08545725955880368,-0.4413289355630856,-1.6930901125533637e-14,4.159992272128483,70,255,255,255
807,16.14,59.38018516483855,16.70265975277168,-18.08000000000001,2.92194317821896,3.7813259738209557,-0.49999999999999,0.09144304467009468,-0.4478693001417642,-1.7208456881689926e-15,4.165228259884467,70,255,255,255
808,16.16,59.43866279775245,16.778104951987313,-18.09000000000001,2.923881645695026,3.7722599607816463,-0.49999999999998973,0.0969233738032842,-0.45330065196547853,1.2656542480726785e-14,4.170464247640449,70,255,255,255
809,16.18,59.49718119858866,16.85336707886629,-18.100000000000012,2.9259200418108335,3.7631063439489134,-0.4999999999999895,0.1019198057903643,-0.4576808416366376,1.1823875212257917e-14,4.175700235396432,70,255,255,255
810,16.2,59.555742180776946,16.928444779373038,-18.11000000000001,2.928049109414213,3.7538850253372953,-0.4999999999999893,0.10645338016896178,-0.4610659305809124,1.1157741397482823e-14,4.180936223152415,70,255,255,255
811,16.22,59.614347380811104,17.003337075796303,-18.120000000000008,2.9302600017077443,3.7446148211633035,-0.49999999999998906,0.11054461467656651,-0.4635102086995855,1.049160758270773e-14,4.186172210908398,70,255,255,255
812,16.240000000000002,59.67299826624675,17.07804334573405,-18.130000000000006,2.9325442717823496,3.73531349688736,-0.4999999999999892,0.11421350373027161,-0.46506621379718727,-4.385380947269368e-15,4.191408198664382,70,255,255,255
813,16.26,59.73169614348953,17.152563301770737,-18.140000000000008,2.9348938621390444,3.725997801834422,-0.49999999999998956,0.1174795178347412,-0.46578475264688235,-1.8263168755083825e-14,4.1966441864203645,70,255,255,255
814,16.28,59.790442165373854,17.226896971838002,-18.15000000000001,2.9373010942163327,3.7166835033631944,-0.4999999999999896,0.12036160386441663,-0.46571492356137956,-2.886579864025407e-15,4.201880174176347,70,255,255,255
815,16.3,59.849237338532646,17.301044680249127,-18.16000000000001,2.939758657939655,3.707385420556328,-0.4999999999999894,0.12287818616612611,-0.46490414034331495,1.149080830487037e-14,4.207116161932331,70,255,255,255
816,16.32,59.908082530558815,17.375007029397256,-18.17000000000001,2.9422596013082924,3.6981174574064526,-0.4999999999999892,0.12504716843186392,-0.4633981574937591,1.0824674490095276e-14,4.212352149688313,70,255,255,255
817,16.34,59.9669784769595,17.44878488210676,-18.180000000000007,2.9447973200341355,3.6888926354751885,-0.49999999999998923,0.12688593629214928,-0.461241096563207,-4.052314039881821e-15,4.217588137444296,70,255,255,255
818,16.36,60.02592578790441,17.522379344626852,-18.190000000000005,2.9473655472457914,3.6797231260045087,-0.4999999999999893,0.1284113605827928,-0.45847547353398976,-3.885780586188048e-15,4.222824125200279,70,255,255,255
819,16.38,60.084924954769825,17.59579175025609,-18.200000000000003,2.949958343270572,3.670620281461931,-0.49999999999998934,0.12963980123903518,-0.4551422271288743,-3.7192471324942744e-15,4.228060112956262,70,255,255,255
820,16.4,60.143976356479946,17.66902364358615,-18.210000000000004,2.9525700855060504,3.6615946665030386,-0.4999999999999897,0.1305871117739179,-0.45128074794463613,-1.7763568394002505e-14,4.233296100712245,70,255,255,255
821,16.42,60.203080265647785,17.742076765352884,-18.220000000000006,2.9551954583920086,3.652656088336744,-0.49999999999999,0.13126864429790075,-0.4469289083147183,-1.6764367671839864e-14,4.2385320884682285,70,255,255,255
822,16.44,60.26223685451764,17.814953037882496,-18.230000000000008,2.9578294434928,3.643813626480558,-0.49999999999999006,0.13169925503957502,-0.44212309280931095,-1.5543122344752192e-15,4.243768076224211,70,255,255,255
823,16.46,60.32144620071163,17.88765455112039,-18.24000000000001,2.960467309699373,3.6350756618948425,-0.4999999999999901,0.1318933103286568,-0.43689822928575905,-1.3877787807814457e-15,4.249004063980195,70,255,255,255
824,16.48,60.38070829278281,17.960183549230127,-18.25000000000001,2.9631046035594504,3.6264499054867074,-0.4999999999999901,0.13186469300385806,-0.43128782040675073,-1.2212453270876722e-15,4.254240051736177,70,255,255,255
825,16.5,60.44002303557769,18.032542417749642,-18.260000000000012,2.9657371397436454,3.6179434259757506,-0.49999999999998984,0.13162680920975367,-0.4253239755478453,1.2989609388114332e-14,4.25947603949216,70,255,255,255
826,16.52,60.49939025541078,18.10473367129195,-18.27000000000001,2.9683609916546163,3.609562677115359,-0.49999999999998934,0.131192595548542,-0.4190374430195787,2.6367796834847468e-14,4.264712027248143,70,255,255,255
827,16.54,60.55880970505449,18.17675994177724,-18.28000000000001,2.970972482185699,3.601313524264675,-0.4999999999999891,0.13057452655413426,-0.41245764253418926,1.0658141036401503e-14,4.269948015004125,70,255,255,255
828,16.56,60.61828106854719,18.248623967183395,-18.290000000000006,2.9735681746348375,3.5932012703076777,-0.49999999999998923,0.1297846224569077,-0.4056126978498642,-4.218847493575595e-15,4.275184002760109,70,255,255,255
829,16.580000000000002,60.67780396582277,18.320328580801736,-18.300000000000004,2.97614486377903,3.585230680917078,-0.4999999999999893,0.12883445720963405,-0.39852946952998813,-3.885780586188048e-15,4.2804199905160925,70,255,255,255
830,16.6,60.737377957165045,18.391876700984973,-18.310000000000006,2.9786995671139427,3.577406009161916,-0.4999999999999896,0.12773516674561858,-0.39123358775810946,-1.7930101847696278e-14,4.285655978272075,70,255,255,255
831,16.62,60.7970025474903,18.46327132137415,-18.320000000000007,2.9812295162627955,3.5697310194588736,-0.49999999999998995,0.12649745744265006,-0.38374948515211615,-1.6930901125533637e-14,4.290891966028058,70,255,255,255
832,16.64,60.85667719046146,18.534515501591518,-18.33000000000001,2.983732148558114,3.5622090108683486,-0.49999999999999,0.1251316147659387,-0.3761004295262591,-1.7208456881689926e-15,4.296127953784041,70,255,255,255
833,16.66,60.91640129243745,18.605612358386264,-18.34000000000001,2.986205098799439,3.5548428397373346,-0.49999999999998973,0.12364751206624325,-0.3683085565507067,1.2656542480726785e-14,4.301363941540024,70,255,255,255
834,16.68,60.97617421626124,18.676565057220106,-18.350000000000012,2.9886461911896225,3.547634941692071,-0.4999999999999895,0.12205461950919139,-0.36039490226319293,1.1823875212257917e-14,4.306599929296007,70,255,255,255
835,16.7,61.035995284890284,18.747376804279792,-18.36000000000001,2.9910534314519093,3.5405873529842844,-0.4999999999999893,0.12036201311434125,-0.3523794353893286,1.1157741397482823e-14,4.311835917051989,70,255,255,255
836,16.72,61.095863784872876,18.818050838903705,-18.370000000000008,2.993424999129553,3.533701731195659,-0.49999999999998906,0.11857838388218855,-0.34428108943127134,1.049160758270773e-14,4.317071904807973,70,255,255,255
837,16.740000000000002,61.155778969674266,18.888590426409824,-18.380000000000006,2.9957592400693493,3.526979375305908,-0.4999999999999892,0.11671204698982107,-0.3361177944875493,-4.385380947269368e-15,4.322307892563956,70,255,255,255
838,16.76,61.215740062856064,18.958998851312433,-18.390000000000008,2.998054659090064,3.5204212451305215,-0.49999999999998956,0.11477095103574264,-0.3279065087693289,-1.8263168755083825e-14,4.327543880319939,70,255,255,255
839,16.78,61.27574626111279,19.02927941091513,-18.40000000000001,3.0003099128364097,3.5140279801349186,-0.4999999999999896,0.1127626873172809,-0.31966324978015015,-2.886579864025407e-15,4.332779868075922,70,255,255,255
840,16.8,61.33579673716917,19.099435409267777,-18.41000000000001,3.0025238028188537,3.5077999176323047,-0.4999999999999894,0.11069449912219875,-0.31140312513068613,1.149080830487037e-14,4.338015855831905,70,255,255,255
841,16.82,61.39589064254196,19.169470151475238,-18.42000000000001,3.0046952686392583,3.5017371103731048,-0.4999999999999892,0.10857329102023972,-0.3031403629599887,1.0824674490095276e-14,4.343251843587888,70,255,255,255
842,16.84,61.45602711017,19.239386938345923,-18.430000000000007,3.0068233814020333,3.495839343534329,-0.49999999999998923,0.10640563813874548,-0.2948883419387913,-4.052314039881821e-15,4.348487831343871,70,255,255,255
843,16.86,61.5162052569162,19.309189061368276,-18.440000000000005,3.0089073373102164,3.490106151117694,-0.4999999999999893,0.10419779540915641,-0.2866596208317631,-3.885780586188048e-15,4.353723819099853,70,255,255,255
844,16.88,61.576424185945115,19.37887979800359,-18.450000000000003,3.01094645144563,3.4845368317657375,-0.49999999999998934,0.10195570677066756,-0.2784659675978096,-3.7192471324942744e-15,4.358959806855837,70,255,255,255
845,16.9,61.63668298897976,19.448462407283703,-18.460000000000004,3.012940151732023,3.479130464005542,-0.4999999999999897,0.09968501431964771,-0.27031838800976216,-1.7763568394002505e-14,4.3641957946118195,70,255,255,255
846,16.92,61.696980748441355,19.517940125702303,-18.470000000000006,3.0148879730798788,3.4738859209300195,-0.49999999999999,0.09739106739280201,-0.2622271537761236,-1.6764367671839864e-14,4.369431782367803,70,255,255,255
847,16.94,61.75731653947558,19.58731616338884,-18.480000000000008,3.0167895517113537,3.468801884327009,-0.49999999999999006,0.09507893157374481,-0.2542018301505147,-1.5543122344752192e-15,4.374667770123786,70,255,255,255
848,16.96,61.81768943186886,19.656593700554176,-18.49000000000001,3.018644619663619,3.463876858266725,-0.4999999999999901,0.09275339761328505,-0.24625130301419373,-1.3877787807814457e-15,4.379903757879769,70,255,255,255
849,16.98,61.87809849185823,19.72577588419734,-18.50000000000001,3.0204529994687044,3.4591091821583007,-0.4999999999999901,0.09041899025426225,-0.23838380542122106,-1.2212453270876722e-15,4.385139745635752,70,255,255,255
850,17.0,61.938542783838386,19.794865825063066,-18.510000000000012,3.022214599007752,3.4544970432863975,-0.49999999999998984,0.08807997695237946,-0.23060694359516276,1.2989609388114332e-14,4.390375733391735,70,255,255,255
851,17.02,61.99902755338792,19.86385948024825,-18.52000000000001,3.0242384774765583,3.4496827592593133,-0.49999999999998934,0.10119392344032452,-0.2407142013541992,2.6367796834847468e-14,4.395611721147717,70,255,255,255
852,17.04,62.05955766658659,19.932753203481067,-18.53000000000001,3.0265056599337883,3.444686161640803,-0.4999999999999891,0.11335912286150984,-0.24982988092552505,1.0658141036401503e-14,4.4008477089037,70,255,255,255
853,17.06,62.12013762499956,20.001543727157117,-18.540000000000006,3.0289979206482047,3.439526183802541,-0.49999999999998923,0.12461303572082993,-0.25799889191309333,-4.218847493575595e-15,4.4060836966596835,70,255,255,255
854,17.080000000000002,62.180771580345706,20.07022814484756,-18.550000000000004,3.0316977673072345,3.434220884522255,-0.4999999999999893,0.13499233295148194,-0.2652649640143072,-3.885780586188048e-15,4.411319684415667,70,255,255,255
855,17.1,62.2414633488457,20.13880389427887,-18.560000000000006,3.0345884249995447,3.4287874715653133,-0.4999999999999896,0.1445328846155043,-0.2716706478470683,-1.7930101847696278e-14,4.41655567217165,70,255,255,255
856,17.12,62.302216425245916,20.207268740783128,-18.570000000000007,3.037653820010831,3.423242325213047,-0.49999999999998995,0.15326975056430792,-0.27725731761332506,-1.6930901125533637e-14,4.421791659927632,70,255,255,255
857,17.14,62.36303399651531,20.275620761217194,-18.58000000000001,3.0408785634699367,3.417601021703339,-0.49999999999999,0.1612371729552824,-0.282065175485402,-1.7208456881689926e-15,4.427027647683616,70,255,255,255
858,17.16,62.42391895521292,20.34385832834822,-18.59000000000001,3.0442479348804588,3.4118783565512514,-0.49999999999998973,0.16846857052611375,-0.2861332576043818,1.2656542480726785e-14,4.432263635439599,70,255,255,255
859,17.18,62.48487391252434,20.41198009570261,-18.600000000000012,3.0477478655710555,3.4060883677195704,-0.4999999999999895,0.17499653452982633,-0.2894994415840557,1.1823875212257917e-14,4.437499623195581,70,255,255,255
860,17.2,62.54590121096626,20.479984982874836,-18.61000000000001,3.0513649220958166,3.400244358611202,-0.4999999999999893,0.18085282623804577,-0.292200455418417,1.1157741397482823e-14,4.442735610951564,70,255,255,255
861,17.22,62.60700293675854,20.54787216129198,-18.620000000000008,3.055086289614253,3.3943589208573206,-0.49999999999998906,0.18606837592184045,-0.29427188769405355,1.049160758270773e-14,4.447971598707547,70,255,255,255
862,17.240000000000002,62.668180931864114,20.615641040429523,-18.630000000000006,3.058899755278716,3.388443956877065,-0.4999999999999892,0.19067328322313015,-0.2957481990127886,-4.385380947269368e-15,4.453207586463531,70,255,255,255
863,17.26,62.72943680569722,20.68329125447325,-18.640000000000008,3.0627936916553793,3.382510702186384,-0.49999999999998956,0.1946968188331799,-0.2966627345340287,-1.8263168755083825e-14,4.458443574219514,70,255,255,255
864,17.28,62.79077194650129,20.75082264942196,-18.65000000000001,3.0667570402033086,3.3765697474354095,-0.4999999999999896,0.1981674273964753,-0.2970477375487346,-2.886579864025407e-15,4.463679561975496,70,255,255,255
865,17.3,62.85218753239798,20.818235270625067,-18.66000000000001,3.070779294834551,3.3706310601553597,-0.4999999999999894,0.20111273156211862,-0.29693436400248663,1.149080830487037e-14,4.46891554973148,70,255,255,255
866,17.32,62.913684542109515,20.88552935074902,-18.67000000000001,3.0748504855766976,3.3647040061976274,-0.4999999999999892,0.20355953710733754,-0.29635269788662155,1.0824674490095276e-14,4.4741515374874625,70,255,255,255
867,17.34,62.97526376535667,20.952705298166006,-18.680000000000007,3.078961162357907,3.358797370849206,-0.49999999999998923,0.20553383906048017,-0.29533176742107914,-4.052314039881821e-15,4.479387525243445,70,255,255,255
868,17.36,63.03692581293533,21.019763685758207,-18.690000000000005,3.0831023789329857,3.352919379610094,-0.4999999999999893,0.20706082875392617,-0.29389956195559286,-3.885780586188048e-15,4.484623512999428,70,255,255,255
869,17.38,63.098671126474684,21.086705240130602,-18.700000000000003,3.087265676967781,3.347077718619716,-0.49999999999998934,0.20816490173976465,-0.2920830495189013,-3.7192471324942744e-15,4.489859500755411,70,255,255,255
870,17.400000000000002,63.16049998788064,21.153530831225016,-18.710000000000004,3.0914430702978555,3.341279554720733,-0.49999999999999,0.20886966650372418,-0.2899081949491449,-3.197442310920451e-14,4.495095488511395,70,255,255,255
871,17.42,63.22241252846816,21.220241462328016,-18.720000000000006,3.095627029376163,3.335531555149899,-0.49999999999999034,0.20919795391537832,-0.28739997854169186,-1.5765166949677223e-14,4.500331476267378,70,255,255,255
872,17.44,63.28440873778663,21.286838260464954,-18.730000000000008,3.0998104659232855,3.3298399068468383,-0.49999999999999034,0.2091718273561054,-0.28458241515302785,-5.551115123125783e-16,4.50556746402336,70,255,255,255
873,17.46,63.34648847214248,21.353322467172408,-18.74000000000001,3.1039867177926173,3.3242103353727694,-0.49999999999999034,0.2088125934665812,-0.2814785737034389,-5.551115123125783e-16,4.510803451779344,70,255,255,255
874,17.48,63.40865146282372,21.419695429641052,-18.75000000000001,3.108149534061835,3.3186481234323115,-0.49999999999999034,0.20814081346087132,-0.27811059702288565,-5.551115123125783e-16,4.5160394395353265,70,255,255,255
875,17.5,63.470897324030936,21.485958592220904,-18.760000000000012,3.1122930603609147,3.3131581289925527,-0.49999999999999006,0.20717631495400202,-0.27449972198794415,1.3655743202889425e-14,4.521275427291309,70,255,255,255
876,17.52,63.53322556051985,21.552113488280796,-18.770000000000014,3.116411824445987,3.3077448029945544,-0.4999999999999895,0.20593820425360043,-0.2706662998999114,2.7033930649622562e-14,4.526511415047292,70,255,255,255
877,17.54,63.5956355749604,21.618161732413864,-18.780000000000012,3.1205007220273555,3.302412206653408,-0.499999999999989,0.2044448790684239,-0.26662981705732314,2.5368596112684827e-14,4.5317474028032745,70,255,255,255
878,17.56,63.65812667501758,21.68410501298074,-18.79000000000001,3.1245550028591125,3.297164028343848,-0.49999999999998884,0.20271404158784367,-0.26240891547799494,9.658940314238862e-15,4.536983390559258,70,255,255,255
879,17.580000000000002,63.720698080159515,21.749945084982127,-18.800000000000008,3.128570257096905,3.292003600069276,-0.4999999999999887,0.2007627118896167,-0.2580214137286232,9.159339953157541e-15,4.542219378315242,70,255,255,255
880,17.6,63.78334892819811,21.815683763252384,-18.810000000000006,3.1325424019295887,3.28693391351283,-0.4999999999999888,0.19860724163419174,-0.25348432782228913,-5.551115123125783e-15,4.547455366071224,70,255,255,255
881,17.62,63.846078281567905,21.881322915965782,-18.820000000000004,3.136467668489739,3.281957635669914,-0.4999999999999892,0.1962633280074999,-0.24881389214581962,-1.942890293094024e-14,4.552691353827207,70,255,255,255
882,17.64,63.908885133348846,21.946864458447028,-18.830000000000005,3.14034258904721,3.277077124062264,-0.49999999999998956,0.19374602787356743,-0.24402558038250355,-1.8263168755083825e-14,4.5579273415831905,70,255,255,255
883,17.66,63.97176841303863,22.012310347277715,-18.840000000000007,3.144163984489272,3.2722944415343362,-0.4999999999999896,0.19106977210309495,-0.2391341263963742,-2.886579864025407e-15,4.563163329339173,70,255,255,255
884,17.68,64.03472699208044,22.077662574690383,-18.85000000000001,3.1479289520901417,3.2676113706333925,-0.4999999999999897,0.18824838004347155,-0.23415354504718033,-2.7200464103316335e-15,4.568399317095156,70,255,255,255
885,17.7,64.09775968915189,22.14292316324189,-18.86000000000001,3.151634853572129,3.263029427575255,-0.49999999999998973,0.1852950740993764,-0.2290971529068715,-2.55351295663786e-15,4.5736353048511385,70,255,255,255
886,17.72,64.16086527522108,22.208094160757852,-18.87000000000001,3.155279303459996,3.2585498757982485,-0.4999999999999895,0.18222249439335148,-0.22397758885032504,1.1823875212257917e-14,4.578871292607122,70,255,255,255
887,17.740000000000002,64.22404247837568,22.27317763554002,-18.88000000000001,3.1588601577295696,3.25417373910835,-0.4999999999999893,0.17904271347869116,-0.21880683449494365,1.1157741397482823e-14,4.5841072803631056,70,255,255,255
888,17.76,64.2872899884307,22.3381756718284,-18.890000000000008,3.1623755027511162,3.2499018144190344,-0.49999999999998934,0.17576725107732294,-0.2135962344657676,-3.7192471324942744e-15,4.589343268119088,70,255,255,255
889,17.78,64.35060646132125,22.403090365510195,-18.90000000000001,3.1658236445274817,3.2457346840897707,-0.4999999999999894,0.17240708881827516,-0.20835651646317865,-3.552713678800501e-15,4.594579255875071,70,255,255,255
890,17.8,64.41399052328578,22.467923820067544,-18.910000000000007,3.1692030982265362,3.2416727278674826,-0.4999999999999892,0.1689726849527191,-0.2030978111144126,1.0824674490095276e-14,4.599815243631054,70,255,255,255
891,17.82,64.47744077484592,22.532678142756257,-18.920000000000005,3.1725125780069985,3.237716134435707,-0.49999999999998923,0.16547398902312338,-0.19782967158878106,-4.052314039881821e-15,4.605051231387037,70,255,255,255
892,17.84,64.54095579458864,22.59735544100779,-18.930000000000007,3.1757509871363365,3.2338649125765038,-0.4999999999999896,0.16192045646690456,-0.19256109296014667,-1.8096635301390052e-14,4.61028721914302,70,255,255,255
893,17.86,64.60453414275662,22.661957819046798,-18.94000000000001,3.1789174083990113,3.230118901950494,-0.4999999999999897,0.15832106313372973,-0.18730053130050317,-2.7200464103316335e-15,4.615523206899002,70,255,255,255
894,17.88,64.66817436465249,22.72648737471681,-18.95000000000001,3.1820110947930007,3.226477783500687,-0.49999999999998945,0.1546843196994634,-0.1820559224903482,1.1657341758564144e-14,4.620759194654986,70,255,255,255
895,17.900000000000002,64.73187499386273,22.790946196506532,-18.96000000000001,3.185031460512197,3.2229410894860315,-0.4999999999999895,0.15101828595982125,-0.1768347007327793,-3.219646771412954e-15,4.6259951824109695,70,255,255,255
896,17.92,64.79563455530698,22.85533636076955,-18.97000000000001,3.1879780722119357,3.2195082131508403,-0.4999999999999893,0.1473305849869253,-0.17164381675954976,1.1157741397482823e-14,4.631231170166952,70,255,255,255
897,17.94,64.85945156811808,22.91965992913028,-18.980000000000008,3.190850640554665,3.2161784180364825,-0.49999999999998906,0.1436284171364708,-0.16648975571788327,1.049160758270773e-14,4.636467157922935,70,255,255,255
898,17.96,64.92332454835872,22.983918946069117,-18.990000000000006,3.1936490120324574,3.212950846941891,-0.4999999999999892,0.1399185738896156,-0.1613785547295712,-4.385380947269368e-15,4.641703145678918,70,255,255,255
899,17.98,64.98725201157998,23.04811543667991,-19.000000000000007,3.196373161062844,3.209824530539631,-0.49999999999998956,0.1362074515193319,-0.15631582011298706,-1.8263168755083825e-14,4.646939133434901,70,255,255,255
900,18.0,65.05123247522707,23.112251404593,-19.01000000000001,3.199023182354221,3.2067983956544066,-0.4999999999999896,0.1325010645688578,-0.15130674426122148,-2.886579864025407e-15,4.652175121190884,70,255,255,255
901,18.02,65.11527227308166,23.176323557758362,-19.02000000000001,3.201989892729226,3.203607658268125,-0.4999999999999894,0.14833551875024442,-0.1595368693140764,1.149080830487037e-14,4.657411108946866,70,255,255,255
902,18.04,65.17937726396379,23.240328903752577,-19.03000000000001,3.2052495441062403,3.2002672997106676,-0.4999999999999892,0.16298256885072115,-0.16701792787287184,1.0824674490095276e-14,4.662647096702849,70,255,255,255
903,18.06,65.24355285085545,23.304264736589097,-19.040000000000006,3.208779344582942,3.196791641825997,-0.49999999999998923,0.17649002383507462,-0.17378289423353088,-4.052314039881821e-15,4.667883084458833,70,255,255,255
904,18.080000000000002,65.30780399960611,23.368128623861626,-19.050000000000004,3.2125574375325865,3.193194363626362,-0.4999999999999893,0.1889046474822238,-0.17986390998174917,-3.885780586188048e-15,4.673119072214816,70,255,255,255
905,18.1,65.37213525721526,23.431918394221142,-19.060000000000006,3.216562880458077,3.1894885179757795,-0.4999999999999896,0.20027214627451828,-0.18529228252913343,-1.7930101847696278e-14,4.678355059970799,70,255,255,255
906,18.12,65.43655076968831,23.495632125186628,-19.070000000000007,3.2207756236521825,3.185686548274347,-0.49999999999998995,0.21063715970528385,-0.19009848507162586,-1.6930901125533637e-14,4.6835910477267815,70,255,255,255
907,18.14,65.50105429946251,23.55926813128896,-19.08000000000001,3.225176488709675,3.1818003051166377,-0.49999999999999,0.22004325287463056,-0.19431215788545897,-1.7208456881689926e-15,4.688827035482765,70,255,255,255
908,18.16,65.56564924240121,23.622824952546942,-19.09000000000001,3.2297471469346606,3.177841062899081,-0.49999999999998973,0.2285329112492649,-0.19796211087783266,1.2656542480726785e-14,4.694063023238748,70,255,255,255
909,18.18,65.63033864435488,23.686301343274,-19.100000000000012,3.234470097683928,3.1738195363528154,-0.4999999999999895,0.23614753746337414,-0.2010763273132814,1.1823875212257917e-14,4.69929901099473,70,255,255,255
910,18.2,65.69512521728858,23.7496962612136,-19.11000000000001,3.2393286466848226,3.1697458969800376,-0.4999999999999893,0.2429274500447387,-0.20368196863889,1.1157741397482823e-14,4.704534998750713,70,255,255,255
911,18.22,65.76001135497586,23.813008857001066,-19.120000000000008,3.2443068843638447,3.165629789373335,-0.49999999999998906,0.24891188395111596,-0.20580538033513252,1.049160758270773e-14,4.709770986506697,70,255,255,255
912,18.240000000000002,65.82499914826026,23.876238463949043,-19.130000000000006,3.2493896642200215,3.1614803473989146,-0.4999999999999892,0.25413899280883756,-0.207472098721035,-4.385380947269368e-15,4.71500697426268,70,255,255,255
913,18.26,65.89009039988576,23.939384588153562,-19.140000000000008,3.254562581274954,3.1573062102259972,-0.49999999999998956,0.25864585274660934,-0.2087068586458587,-1.8263168755083825e-14,4.720242962018663,70,255,255,255
914,18.28,65.95528663889836,24.00244689891728,-19.15000000000001,3.259811950629427,3.1531155381859697,-0.4999999999999896,0.26246846772365373,-0.20953360200136828,-2.886579864025407e-15,4.725478949774645,70,255,255,255
915,18.3,66.02058913462145,24.065425219486205,-19.16000000000001,3.2651247861545016,3.148916028446123,-0.4999999999999894,0.26564177625371643,-0.20997548699233626,1.149080830487037e-14,4.730714937530629,70,255,255,255
916,18.32,66.0859989102083,24.128319518095886,-19.17000000000001,3.2704887793431014,3.14471493048403,-0.4999999999999892,0.26819965942999335,-0.21005489810466615,1.0824674490095276e-14,4.735950925286612,70,255,255,255
917,18.34,66.15151675577523,24.19112989932288,-19.180000000000007,3.275892278346314,3.1405190613497638,-0.49999999999998923,0.2701749501606181,-0.20979345671329863,-4.052314039881821e-15,4.741186913042594,70,255,255,255
918,18.36,66.21714324111957,24.253856595736966,-19.190000000000005,3.281324267216857,3.1363348207042705,-0.4999999999999893,0.27159944352717247,-0.20921203227465668,-3.885780586188048e-15,4.746422900798577,70,255,255,255
919,18.38,66.28287872802719,24.31649995984943,-19.200000000000003,3.286774345380498,3.1321682056232563,-0.49999999999998934,0.2725039081820402,-0.2083307540507069,-3.7192471324942744e-15,4.7516588885545605,70,255,255,255
920,18.400000000000002,66.34872338217427,24.37906045635257,-19.210000000000004,3.2922327073545894,3.128024825156983,-0.49999999999999,0.2729180987045807,-0.2071690233136536,-3.197442310920451e-14,4.756894876310544,70,255,255,255
921,18.42,66.4146771846289,24.441538654645313,-19.220000000000006,3.2976901227313458,3.123909914637312,-0.49999999999999034,0.2728707688378189,-0.20574552598356366,-1.5765166949677223e-14,4.762130864066527,70,255,255,255
922,18.44,66.48073994295774,24.5039352216398,-19.230000000000008,3.3031379164420036,3.1198283497242776,-0.49999999999999034,0.27238968553288734,-0.20407824565171628,-5.551115123125783e-16,4.767366851822509,70,255,255,255
923,18.46,66.54691130194408,24.566250914843508,-19.24000000000001,3.308567949316593,3.115784660185343,-0.49999999999999034,0.2715016437294646,-0.20218447694673358,-5.551115123125783e-16,4.772602839578493,70,255,255,255
924,18.48,66.61319075392313,24.628486575711534,-19.25000000000001,3.313972598952677,3.111783043401324,-0.49999999999999034,0.27023248180419746,-0.20008083920094988,-5.551115123125783e-16,4.777838827334476,70,255,255,255
925,18.5,66.67957764874124,24.69064312326341,-19.260000000000012,3.3193447409051484,3.1078273775937806,-0.49999999999999006,0.26860709762357393,-0.1977832903771719,1.3655743202889425e-14,4.783074815090458,70,255,255,255
926,18.52,66.74607120334541,24.7527215479588,-19.270000000000014,3.3246777302079,3.103921234769416,-0.4999999999999895,0.26664946513757837,-0.19530714121821902,2.7033930649622562e-14,4.788310802846441,70,255,255,255
927,18.54,66.81267051101015,24.814722905826354,-19.280000000000012,3.32996538323703,3.1000678933777586,-0.499999999999989,0.26438265145651885,-0.19266706958287338,2.5368596112684827e-14,4.793546790602424,70,255,255,255
928,18.56,66.87937455020864,24.876648312839936,-19.29000000000001,3.3352019599241114,3.0962703506790725,-0.49999999999998884,0.26182883435405824,-0.1898771349342936,9.658940314238862e-15,4.798782778358407,70,255,255,255
929,18.580000000000002,66.94618219313517,24.938498939536338,-19.300000000000008,3.3403821463269674,3.0925313348200985,-0.4999999999999887,0.2590093201427912,-0.1869507929487133,9.159339953157541e-15,4.804018766114391,70,255,255,255
930,18.6,67.01309221388647,25.000276005868653,-19.310000000000006,3.3455010375644063,3.088853316615827,-0.4999999999999888,0.2559445618719418,-0.1839009102135698,-5.551115123125783e-15,4.809254753870373,70,255,255,255
931,18.62,67.08010329630888,25.061980776289374,-19.320000000000004,3.350554121120372,3.0852385210361035,-0.4999999999999892,0.2526541777983038,-0.18073977898618976,-1.942890293094024e-14,4.814490741626356,70,255,255,255
932,18.64,67.14721404151932,25.1236145550573,-19.330000000000005,3.3555372605220644,3.0816889383963817,-0.49999999999998956,0.24915697008461546,-0.17747913198609488,-1.8263168755083825e-14,4.81972672938234,70,255,255,255
933,18.66,67.21442297510724,25.185178681762352,-19.340000000000007,3.360446679395698,3.0782063352524855,-0.4999999999999896,0.24547094368168176,-0.17413015719481173,-2.886579864025407e-15,4.824962717138322,70,255,255,255
934,18.68,67.28172855402529,25.246674527062346,-19.35000000000001,3.365278945902757,3.0747922649996955,-0.4999999999999897,0.2416133253529531,-0.170703512639514,-2.7200464103316335e-15,4.830198704894305,70,255,255,255
935,18.7,67.34912917317646,25.308103488625886,-19.36000000000001,3.3700309575588254,3.0714480781769495,-0.49999999999998973,0.23760058280342022,-0.16720934113729635,-2.55351295663786e-15,4.835434692650288,70,255,255,255
936,18.72,67.4166231717052,25.369466987275434,-19.37000000000001,3.374699926436313,3.068174932477362,-0.4999999999999895,0.2334484438743809,-0.16365728497938958,1.1823875212257917e-14,4.840670680406271,70,255,255,255
937,18.740000000000002,67.48420883900023,25.430766463324765,-19.38000000000001,3.379283364751731,3.0649738024666626,-0.4999999999999893,0.22917191577090268,-0.16005650053496856,1.1157741397482823e-14,4.845906668162255,70,255,255,255
938,18.76,67.55188442041698,25.492003373104996,-19.390000000000008,3.3837790708374995,3.061845489011535,-0.49999999999998934,0.22478530428842092,-0.15641567275637058,-3.7192471324942744e-15,4.851142655918237,70,255,255,255
939,18.78,67.61964812272693,25.5531791856734,-19.40000000000001,3.388185115497659,3.0587906284201734,-0.4999999999999894,0.2203022330079678,-0.1527430295680996,-3.552713678800501e-15,4.85637864367422,70,255,255,255
940,18.8,67.68749811930185,25.614295379699353,-19.410000000000007,3.39249982874629,3.0558097012976972,-0.4999999999999892,0.2157356624315585,-0.1490463561238058,1.0824674490095276e-14,4.861614631430204,70,255,255,255
941,18.82,67.75543255504039,25.67535344052174,-19.420000000000005,3.396721786926887,3.05290304111937,-0.49999999999998923,0.21109790902983416,-0.1453330089163627,-4.052314039881821e-15,4.866850619186186,70,255,255,255
942,18.84,67.82344955104459,25.736354857372238,-19.430000000000007,3.4008498002104424,3.0500708425248275,-0.4999999999999896,0.20640066417775405,-0.14160992972711384,-1.8096635301390052e-14,4.872086606942169,70,255,255,255
943,18.86,67.89154720905398,25.797301120758974,-19.44000000000001,3.4048829004695262,3.0473131693367943,-0.4999999999999897,0.20165501295418542,-0.1378836594016537,-2.7200464103316335e-15,4.8773225946981515,70,255,255,255
944,18.88,67.95972361564449,25.858193720005133,-19.45000000000001,3.4088203295251907,3.0446299623079804,-0.49999999999998945,0.19687145278321694,-0.13416035144068728,1.1657341758564144e-14,4.882558582454135,70,255,255,255
945,18.900000000000002,68.02797684619975,25.919034140937136,-19.46000000000001,3.4126615277631527,3.0420210466000803,-0.4999999999999895,0.19205991189809835,-0.1304457853950156,-3.219646771412954e-15,4.887794570210119,70,255,255,255
946,18.92,68.09630496866205,25.979823863717115,-19.47000000000001,3.4164061231152933,3.0394861389989702,-0.4999999999999893,0.1872297676070378,-0.12674538005550184,1.1157741397482823e-14,4.893030557966101,70,255,255,255
947,18.94,68.1647060470701,26.040564360814525,-19.480000000000008,3.4200539204021982,3.037024854870405,-0.49999999999998906,0.18238986434525284,-0.12306420642827831,1.049160758270773e-14,4.898266545722084,70,255,255,255
948,18.96,68.23317814489074,26.101257095111738,-19.490000000000006,3.4236048910321237,3.034636714860637,-0.4999999999999892,0.17754853149627303,-0.11940700048839403,-4.385380947269368e-15,4.9035025334780675,70,255,255,255
949,18.98,68.30171932815178,26.16190351813867,-19.500000000000007,3.4270591630514793,3.032321151346554,-0.49999999999998956,0.17271360096776744,-0.11577817570413051,-1.8263168755083825e-14,4.90873852123405,70,255,255,255
950,19.0,68.37032766838261,26.22250506843147,-19.51000000000001,3.430417011541668,3.0300775146400385,-0.4999999999999896,0.16789242450942465,-0.11218183532578019,-2.886579864025407e-15,4.913974508990033,70,255,255,255
951,19.02,68.43901015593124,26.28306009930283,-19.52000000000001,3.4341243774315378,3.027751543568012,-0.4999999999999894,0.18536829449348868,-0.11629855360134478,1.149080830487037e-14,4.9192104967460155,70,255,255,255
952,19.04,68.50777324308908,26.343567137297754,-19.53000000000001,3.4381543578916847,3.02535189974612,-0.4999999999999892,0.20149902300735167,-0.1199821910945933,1.0824674490095276e-14,4.924446484501999,70,255,255,255
953,19.06,68.57662286605066,26.404024874157145,-19.540000000000006,3.4424811480791546,3.0228868429694695,-0.49999999999998923,0.21633950937350344,-0.1232528388325167,-4.052314039881821e-15,4.929682472257982,70,255,255,255
954,19.080000000000002,68.64556446638157,26.46443215899927,-19.550000000000004,3.447080016546011,3.0203642421061896,-0.4999999999999893,0.22994342334281903,-0.1261300431639918,-3.885780586188048e-15,4.934918460013965,70,255,255,255
955,19.1,68.7146030119897,26.524787990718526,-19.560000000000006,3.4519272804059424,3.0177915859628586,-0.4999999999999896,0.2423631929965686,-0.128632807166555,-1.7930101847696278e-14,4.940154447769948,70,255,255,255
956,19.12,68.78374301759595,26.58509151060065,-19.570000000000007,3.4570002803131876,3.015175994106109,-0.49999999999998995,0.2536499953622666,-0.1307795928374782,-1.6930901125533637e-14,4.9453904355259315,70,255,255,255
957,19.14,68.85298856470206,26.645341995153164,-19.58000000000001,3.462277355305057,3.0125242276257165,-0.49999999999999,0.26385374959348384,-0.13258832401962417,-1.7208456881689926e-15,4.950626423281914,70,255,255,255
958,19.16,68.92234332105319,26.705538849149672,-19.59000000000001,3.467737817556485,3.009842699825468,-0.49999999999998973,0.2730231125713751,-0.13407639001241067,1.2656542480726785e-14,4.955862411037897,70,255,255,255
959,19.18,68.99181055959504,26.765681598886253,-19.600000000000012,3.473361927092296,3.0071374868290364,-0.4999999999999895,0.2812054767905505,-0.13526064982159003,1.1823875212257917e-14,4.9610983987938795,70,255,255,255
960,19.2,69.06139317692504,26.825769885648032,-19.61000000000001,3.4791308665001703,3.004414338088986,-0.4999999999999893,0.28844697039371203,-0.1361574370025238,1.1157741397482823e-14,4.966334386549863,70,255,255,255
961,19.22,69.13109371123873,26.88580345938379,-19.620000000000008,3.485026715684732,3.001678686787918,-0.49999999999998906,0.29479245922807573,-0.13678256505339315,1.049160758270773e-14,4.971570374305846,70,255,255,255
962,19.240000000000002,69.20091435977275,26.945782172586224,-19.630000000000006,3.4910324267006847,2.998935660121577,-0.4999999999999892,0.30028555079764807,-0.13715133331707197,-4.385380947269368e-15,4.976806362061829,70,255,255,255
963,19.26,69.27085699574677,27.005705974375314,-19.640000000000008,3.4971317987005177,2.9961900894545432,-0.49999999999998956,0.30496859999164005,-0.13727853335168394,-1.8263168755083825e-14,4.982042349817812,70,255,255,255
964,19.28,69.34092318480737,27.06557490478211,-19.65000000000001,3.503309453029999,2.9934465203399263,-0.4999999999999896,0.30888271647406107,-0.13717845573084642,-2.886579864025407e-15,4.9872783375737955,70,255,255,255
965,19.3,69.41111420097741,27.125389089230012,-19.66000000000001,3.509550808502423,2.9907092223951643,-0.4999999999999894,0.31206777362121185,-0.13686489723808704,1.149080830487037e-14,4.992514325329778,70,255,255,255
966,19.32,69.48143104211502,27.185148733210546,-19.67000000000001,3.5158420568804583,2.9879821990267783,-0.4999999999999892,0.31456241890175285,-0.13635116841929795,1.0824674490095276e-14,4.997750313085761,70,255,255,255
967,19.34,69.55187444488686,27.2448541171505,-19.680000000000007,3.522170138592362,2.985269196997575,-0.49999999999998923,0.31640408559518773,-0.13565010146018164,-4.052314039881821e-15,5.0029863008417435,70,255,255,255
968,19.36,69.62244489926101,27.30450559146711,-19.690000000000005,3.5285227187073627,2.982573715830449,-0.4999999999999893,0.31762900575002906,-0.13477405835628575,-3.885780586188048e-15,5.008222288597727,70,255,255,255
969,19.38,69.69314266252488,27.36410357180798,-19.700000000000003,3.534888163193091,2.9798990170435444,-0.49999999999998934,0.31827222428641466,-0.13373493934523717,-3.7192471324942744e-15,5.01345827635371,70,255,255,255
970,19.400000000000002,69.7639677728344,27.42364853447222,-19.710000000000004,3.541255515476127,2.977248133212107,-0.49999999999999,0.3183676141518119,-0.13254419157187325,-3.197442310920451e-14,5.018694264109693,70,255,255,255
971,19.42,69.83492006230091,27.48314101200928,-19.720000000000006,3.5476144733249786,2.9746238768529385,-0.49999999999999034,0.3179478924425756,-0.13121281795842776,-1.5765166949677223e-14,5.023930251865676,70,255,255,255
972,19.44,69.90599916962238,27.542581588991837,-19.730000000000008,3.5539553660731382,2.9720288491278777,-0.49999999999999034,0.31704463740798783,-0.12975138625304972,-5.551115123125783e-16,5.029166239621659,70,255,255,255
973,19.46,69.97720455226634,27.601970897959102,-19.74000000000001,3.5602691321982496,2.9694654483632377,-0.49999999999999034,0.31568830625556954,-0.1281700382319957,-5.551115123125783e-16,5.034402227377642,70,255,255,255
974,19.48,70.04853549821178,27.661309615526754,-19.75000000000001,3.566547297271897,2.9669358783826167,-0.49999999999999034,0.31390825368235165,-0.1264784990310419,-5.551115123125783e-16,5.039638215133625,70,255,255,255
975,19.5,70.11999113725764,27.720598458659772,-19.760000000000012,3.57278195229305,2.964442156650943,-0.49999999999999006,0.31173275105765885,-0.12468608658369096,1.3655743202889425e-14,5.044874202889608,70,255,255,255
976,19.52,70.19157045190597,27.779838181104335,-19.770000000000014,3.5789657324168247,2.9619861222280504,-0.4999999999999895,0.3091890061887206,-0.12280172114463195,2.7033930649622562e-14,5.050110190645591,70,255,255,255
977,19.54,70.26327228782775,27.839029569974944,-19.780000000000012,3.5850917960888657,2.959569443530488,-0.499999999999989,0.30630318360205333,-0.12083393487810934,2.5368596112684827e-14,5.055346178401574,70,255,255,255
978,19.56,70.33509536391963,27.898173442492958,-19.79000000000001,3.591153804594401,2.957193625900653,-0.49999999999998884,0.3031004252767695,-0.11879088149176065,9.658940314238862e-15,5.060582166157556,70,255,255,255
979,19.580000000000002,70.40703828196023,27.95727064287261,-19.800000000000008,3.597145902029814,2.9548600189826897,-0.4999999999999887,0.2996048717706521,-0.11668034589816001,9.159339953157541e-15,5.06581815391354,70,255,255,255
980,19.6,70.4790995358743,28.01632203935071,-19.810000000000006,3.603062695703415,2.952569823904954,-0.4999999999999888,0.2958396836800321,-0.11450975388678986,-5.551115123125783e-15,5.071054141669523,70,255,255,255
981,19.62,70.55127752061372,28.075328521356095,-19.820000000000004,3.6088992369710335,2.9503241002691563,-0.4999999999999892,0.2918270633809281,-0.11228618178988858,-1.942890293094024e-14,5.076290129425506,70,255,255,255
982,19.64,70.62357054066395,28.134290996815025,-19.830000000000005,3.6146510025110006,2.948123772946598,-0.49999999999998956,0.28758827699835177,-0.11001636612791854,-1.8263168755083825e-14,5.081526117181489,70,255,255,255
983,19.66,70.69597681818479,28.193210389588668,-19.840000000000007,3.6203138760421103,2.9459696386822007,-0.4999999999999896,0.28314367655547823,-0.10770671321986791,-2.886579864025407e-15,5.086762104937472,70,255,255,255
984,19.68,70.76849450079453,28.252087637038812,-19.85000000000001,3.6258841304872456,2.9438623725072977,-0.4999999999999897,0.27851272225677004,-0.10536330874514999,-2.7200464103316335e-15,5.091998092693455,70,255,255,255
985,19.7,70.84112166900623,28.31092368771806,-19.86000000000001,3.631358410584453,2.941802533962399,-0.49999999999998973,0.2737140048603779,-0.10299192724492379,-2.55351295663786e-15,5.097234080449438,70,255,255,255
986,19.72,70.91385634332515,28.369719499180686,-19.87000000000001,3.6367337159464523,2.939790573131377,-0.4999999999999895,0.2687652680999548,-0.1005980415511063,1.1823875212257917e-14,5.10247006820542,70,255,255,255
987,19.740000000000002,70.98669649101653,28.42847603591046,-19.88000000000001,3.6420073845687786,2.9378268364887288,-0.4999999999999893,0.2636834311163083,-0.09818683213240975,1.1157741397482823e-14,5.107706055961404,70,255,255,255
988,19.76,71.05964003255225,28.487194267361694,-19.890000000000008,3.647177076786013,2.9359115725617793,-0.49999999999998934,0.25848461086173646,-0.09576319634746522,-3.7192471324942744e-15,5.112942043717387,70,255,255,255
989,19.78,71.13268484774575,28.54587516610989,-19.90000000000001,3.652240759674916,2.9340449374098703,-0.4999999999999894,0.2531841444451297,-0.09333175759544288,-3.552713678800501e-15,5.11817803147337,70,255,255,255
990,19.8,71.2058287815838,28.604519706108345,-19.910000000000007,3.657196691902564,2.932226999922742,-0.4999999999999892,0.2477966113824137,-0.0908968743564067,1.0824674490095276e-14,5.123414019229353,70,255,255,255
991,19.82,71.27906964976414,28.663128861047156,-19.920000000000005,3.662043409017069,2.930457746940487,-0.49999999999998923,0.24233585572523664,-0.08846264911274249,-4.052314039881821e-15,5.128650006985336,70,255,255,255
992,19.84,71.3524052439477,28.721703602811107,-19.930000000000007,3.666779709177836,2.9287370881975847,-0.4999999999999896,0.2368150080383673,-0.08603293714511073,-1.8096635301390052e-14,5.133885994741319,70,255,255,255
993,19.86,71.42583333673414,28.78024490003298,-19.94000000000001,3.671404639321831,2.9270648610936623,-0.4999999999999897,0.2312465071997476,-0.08361135519611418,-2.7200464103316335e-15,5.139121982497302,70,255,255,255
994,19.88,71.49935168636938,28.838753716738854,-19.95000000000001,3.6759174817618305,2.9254408352937475,-0.49999999999998945,0.22564212199997336,-0.08120128999573906,1.1657341758564144e-14,5.144357970253284,70,255,255,255
995,19.900000000000002,71.57295804119363,28.89723101108207,-19.96000000000001,3.680317741212172,2.923864717160881,-0.4999999999999895,0.22001297251707364,-0.07880590664334086,-3.219646771412954e-15,5.149593958009268,70,255,255,255
996,19.92,71.64665014383837,28.955677734162553,-19.97000000000001,3.6846051322371127,2.922336154024051,-0.4999999999999893,0.21436955124703294,-0.07642815684151083,1.1157741397482823e-14,5.154829945765251,70,255,255,255
997,19.94,71.7204257351807,29.014094828928243,-19.980000000000008,3.688779567116537,2.920854738284514,-0.49999999999998906,0.208721743971227,-0.07407078697685554,1.049160758270773e-14,5.160065933521234,70,255,255,255
998,19.96,71.79428255806316,29.072483229155516,-19.990000000000006,3.692841144123369,2.9194200113636155,-0.4999999999999892,0.20307885034157902,-0.07173634604491053,-4.385380947269368e-15,5.165301921277217,70,255,255,255
999,19.98,71.8682183607873,29.130843858505422,-20.000000000000007,3.6967901362067535,2.9180314674953114,-0.49999999999998956,0.19744960416921975,-0.06942719341519599,-1.8263168755083825e-14,5.1705379090332,70,255,255,255
1000,20.0,71.9422309003888,29.189177629652754,-20.01000000000001,3.7006269800747633,2.9166885573666352,-0.4999999999999896,0.191842193400503,-0.06714550643381179,-2.886579864025407e-15,5.175773896789183,70,255,255,255
1001,20.02,72.0163273474013,29.247484783632117,-20.02000000000001,3.704822350625114,2.9153576989682395,-0.4999999999999894,0.2097685275175385,-0.06654291991979333,1.149080830487037e-14,5.1810098845451655,70,255,255,255
1002,20.04,72.09051430787459,29.305765589603514,-20.03000000000001,3.709348023663984,2.9140402985697444,-0.4999999999999892,0.2262836519435103,-0.06587001992474129,1.0824674490095276e-14,5.186245872301148,70,255,255,255
1003,20.06,72.16479784667389,29.36402034273415,-20.040000000000006,3.7141769399652005,2.912737656531794,-0.49999999999998923,0.24144581506081986,-0.06513210189752305,-4.052314039881821e-15,5.191481860057132,70,255,255,255
1004,20.080000000000002,72.23918351024723,29.42224936216575,-20.050000000000004,3.7192831786669416,2.911450971580017,-0.4999999999999893,0.2553119350870574,-0.06433424758885886,-3.885780586188048e-15,5.196717847813115,70,255,255,255
1005,20.1,72.31367634885609,29.480452989065455,-20.060000000000006,3.7246419304432523,2.910181344985165,-0.4999999999999896,0.2679375888155371,-0.06348132974260956,-1.7930101847696278e-14,5.201953835569098,70,255,255,255
1006,20.12,72.38828093826623,29.538631584758424,-20.070000000000007,3.7302294705068166,2.9089297846483744,-0.49999999999998995,0.27937700317821434,-0.06257801683953845,-1.6930901125533637e-14,5.207189823325081,70,255,255,255
1007,20.14,72.46300140089616,29.596785528940238,-20.08000000000001,3.7360231314962955,2.9076972090907,-0.49999999999999,0.2896830494739482,-0.06162877788372301,-1.7208456881689926e-15,5.212425811081064,70,255,255,255
1008,20.16,72.53784142642213,29.654915217967165,-20.09000000000001,3.7420012762985526,2.9064844513462873,-0.49999999999998973,0.2989072401128605,-0.060637887220638564,1.2656542480726785e-14,5.217661798837047,70,255,255,255
1009,20.18,72.6128042918392,29.71302106322234,-20.100000000000012,3.748143270853138,2.9052922627587314,-0.4999999999999895,0.3070997277292542,-0.05960942937779112,1.1823875212257917e-14,5.2228977865930295,70,255,255,255
1010,20.2,72.68789288097886,29.771103489555944,-20.11000000000001,3.754429456983624,2.9041213166803614,-0.4999999999999893,0.314309306524299,-0.05854730391849916,1.1157741397482823e-14,5.228133774349012,70,255,255,255
1011,20.22,72.76310970348482,29.82916293379743,-20.120000000000008,3.7608411252976484,2.9029722120743515,-0.49999999999998906,0.3205834157012264,-0.057455230300493376,1.049160758270773e-14,5.233369762104996,70,255,255,255
1012,20.240000000000002,72.83845691324872,29.887199843337825,-20.130000000000006,3.7673604881948974,2.9018454770197306,-0.4999999999999892,0.3259681448624647,-0.056336752731048545,-4.385380947269368e-15,5.238605749860979,70,255,255,255
1013,20.26,72.91393632630911,29.945214674780214,-20.140000000000008,3.7739706530197403,2.9007415721195016,-0.49999999999998956,0.3305082412421534,-0.05519524501144479,-1.8263168755083825e-14,5.243841737616962,70,255,255,255
1014,20.28,72.98954943821697,30.00320789265646,-20.15000000000001,3.7806555953928025,2.8996608938122415,-0.4999999999999896,0.3342471186531091,-0.05403391536299473,-2.886579864025407e-15,5.249077725372945,70,255,255,255
1015,20.3,73.06529744087203,30.06117996820821,-20.16000000000001,3.7874001327533935,2.898603777587664,-0.4999999999999894,0.3372268680295547,-0.052855811228875726,1.149080830487037e-14,5.254313713128928,70,255,255,255
1016,20.32,73.14118123883487,30.119131378230346,-20.17000000000001,3.7941898981424855,2.8975705011067676,-0.4999999999999892,0.33948826945459265,-0.05166382404482128,1.0824674490095276e-14,5.259549700884911,70,255,255,255
1017,20.34,73.21720146511996,30.177062603974893,-20.180000000000007,3.801011314253745,2.8965612872273008,-0.49999999999998923,0.3410708055629903,-0.05046069397335229,-4.052314039881821e-15,5.2647856886408935,70,255,255,255
1018,20.36,73.29335849647552,30.2349741301136,-20.190000000000005,3.807851567778064,2.8955763069353844,-0.4999999999999893,0.3420126762159419,-0.049249014595818874,-3.885780586188048e-15,5.270021676396876,70,255,255,255
1019,20.38,73.36965246815681,30.292866443757283,-20.200000000000003,3.8146985840650185,2.8946156821842326,-0.49999999999998934,0.3423508143477285,-0.04803123755757843,-3.7192471324942744e-15,5.27525766415286,70,255,255,255
1020,20.400000000000002,73.44608328819928,30.350740033530105,-20.210000000000004,3.8215410021227947,2.8936794886410024,-0.49999999999999,0.34212090288880015,-0.04680967716149942,-3.197442310920451e-14,5.280493651908843,70,255,255,255
1021,20.42,73.5226506511988,30.408595388696963,-20.220000000000006,3.8283681499762485,2.892767758342887,-0.49999999999999034,0.34135739267268317,-0.04558651490577725,-1.5765166949677223e-14,5.285729639664826,70,255,255,255
1022,20.44,73.59935405160682,30.466432998342235,-20.230000000000008,3.835170020401074,2.891880482263656,-0.49999999999999034,0.34009352124127146,-0.04436380396154194,-5.551115123125783e-16,5.290965627420809,70,255,255,255
1023,20.46,73.67619279654782,30.524253350598073,-20.24000000000001,3.8419372470503093,2.8910176127919036,-0.49999999999999034,0.33836133246176514,-0.04314347358762083,-5.551115123125783e-16,5.296201615176792,70,255,255,255
1024,20.48,73.75316601816758,30.58205693192052,-20.25000000000001,3.8486610809878514,2.890179066122336,-0.49999999999999034,0.33619169687711414,-0.041927333478397166,-5.551115123125783e-16,5.301437602932775,70,255,255,255
1025,20.5,73.83027268552041,30.63984422641175,-20.260000000000012,3.855333367642102,2.8893647245614926,-0.49999999999999006,0.3336143327125325,-0.04071707804216018,1.3655743202889425e-14,5.306673590688757,70,255,255,255
1026,20.52,73.90751161600424,30.697615715186735,-20.270000000000014,3.8619465241914117,2.888574438749348,-0.4999999999999895,0.330657827465489,-0.03951429060722145,2.7033930649622562e-14,5.31190957844474,70,255,255,255
1027,20.54,73.98488148635208,30.7553718757827,-20.280000000000012,3.8684935173915975,2.88780802979828,-0.499999999999989,0.3273496600092951,-0.03832044755341135,2.5368596112684827e-14,5.317145566200723,70,255,255,255
1028,20.56,74.06238084318917,30.81311318160972,-20.29000000000001,3.8749678418544864,2.887065291350945,-0.49999999999998884,0.32371622314444437,-0.037136922366746816,9.658940314238862e-15,5.322381553956706,70,255,255,255
1029,20.580000000000002,74.14000811316488,30.87084010144089,-20.300000000000008,3.8813634987851766,2.8863459915586356,-0.4999999999999887,0.31978284653451405,-0.03596498961545658,9.159339953157541e-15,5.32761754171269,70,255,255,255
1030,20.6,74.21776161266857,30.928553098940526,-20.310000000000006,3.88767497518451,2.8856498749817177,-0.4999999999999888,0.31557381996666933,-0.03480582884589678,-5.551115123125783e-15,5.3328535294686725,70,255,255,255
1031,20.62,74.29563955713901,30.9862526322288,-20.320000000000004,3.8938972235221296,2.88497666441379,-0.4999999999999892,0.31111241688098135,-0.03366052839636646,-1.942890293094024e-14,5.338089517224655,70,255,255,255
1032,20.64,74.3736400699767,31.043939153481425,-20.330000000000005,3.9000256418843966,2.884326062631223,-0.49999999999998956,0.3064209181133446,-0.0325300891283673,-1.8263168755083825e-14,5.343325504980639,70,255,255,255
1033,20.66,74.45176119106871,31.10161310856282,-20.340000000000007,3.9060560546004535,2.8836977540697464,-0.4999999999999896,0.30152063580283883,-0.031415428073841234,-2.886579864025407e-15,5.348561492736621,70,255,255,255
1034,20.68,74.53000088493569,31.159274936691414,-20.35000000000001,3.9119846933487272,2.883091406429793,-0.4999999999999897,0.296431937413681,-0.03031738199767231,-2.7200464103316335e-15,5.353797480492604,70,255,255,255
1035,20.7,74.6083570485106,31.21692507013566,-20.36000000000001,3.9178081787452874,2.8825066722122954,-0.49999999999998973,0.29117426982800954,-0.029236710874870564,-2.55351295663786e-15,5.359033468248587,70,255,255,255
1036,20.72,74.68682751855889,31.27456393393939,-20.37000000000001,3.9235235024146022,2.881943190186655,-0.4999999999999895,0.2857661834657472,-0.028174101282025354,1.1823875212257917e-14,5.36426945600457,70,255,255,255
1037,20.740000000000002,74.76541007874974,31.33219194567524,-20.38000000000001,3.9291280095424375,2.881400586792602,-0.4999999999999893,0.2802253563917665,-0.027130169702669793,1.1157741397482823e-14,5.369505443760554,70,255,255,255
1038,20.76,74.84410246638794,31.389809515224794,-20.390000000000008,3.9346193819098754,2.88087847747767,-0.49999999999998934,0.2745686183719047,-0.026105465746594003,-3.7192471324942744e-15,5.3747414315165365,70,255,255,255
1039,20.78,74.92290237881608,31.447417044584235,-20.40000000000001,3.9399956214067524,2.880376467972016,-0.4999999999999894,0.26881197484384955,-0.025100475282691992,-3.552713678800501e-15,5.379977419272519,70,255,255,255
1040,20.8,75.00180747949652,31.50501492769428,-20.410000000000007,3.945255034022107,2.8798941555022926,-0.4999999999999892,0.26297063076772087,-0.024115623486174798,1.0824674490095276e-14,5.385213407028503,70,255,255,255
1041,20.82,75.0808154037827,31.562603550293204,-20.420000000000005,3.9503962143086455,2.8794311299462954,-0.49999999999998923,0.25705901432693556,-0.0231512777998657,-4.052314039881821e-15,5.390449394784485,70,255,255,255
1042,20.84,75.15992376438905,31.620183289791807,-20.430000000000007,3.955418030317639,2.8789869749300903,-0.4999999999999896,0.2510908004496799,-0.022207750810253835,-1.8096635301390052e-14,5.395685382540468,70,255,255,255
1043,20.86,75.23913015656905,31.677754515169195,-20.44000000000001,3.9603196090001256,2.8785612688693156,-0.4999999999999897,0.2450789341243338,-0.02128530303873255,-2.7200464103316335e-15,5.400921370296451,70,255,255,255
1044,20.88,75.31843216301044,31.73531758688832,-20.45000000000001,3.9651003220698042,2.8781535859563427,-0.49999999999998945,0.23903565348393707,-0.020384145648639773,1.1657341758564144e-14,5.406157358052434,70,255,255,255
1045,20.900000000000002,75.3978273584569,31.792872856830222,-20.46000000000001,3.969759772322532,2.8777634970949655,-0.4999999999999895,0.2329725126363793,-0.019504443068853128,-3.219646771412954e-15,5.411393345808418,70,255,255,255
1046,20.92,75.47731331406503,31.850420668245906,-20.47000000000001,3.974297780406921,2.8773905707842653,-0.4999999999999893,0.2269004042194438,-0.018646315535006064,1.1157741397482823e-14,5.4166293335644005,70,255,255,255
1047,20.94,75.55688760150584,31.90796135572497,-20.480000000000008,3.9787143720401366,2.8770343739532986,-0.49999999999998906,0.22082958166079258,-0.0178098415483241,1.049160758270773e-14,5.421865321320383,70,255,255,255
1048,20.96,75.63654779681909,31.965495245179937,-20.490000000000006,3.983009765662636,2.8766944727482113,-0.4999999999999892,0.2147696811249764,-0.016995060254366923,-4.385380947269368e-15,5.427101309076367,70,255,255,255
1049,20.98,75.7162914840296,32.0230226538454,-20.500000000000007,3.9871843605252666,2.876370433273378,-0.49999999999998956,0.20872974313152381,-0.016201973741649667,-1.8263168755083825e-14,5.432337296832349,70,255,255,255
1050,21.0,75.79611625853363,32.08054389029117,-20.51000000000001,3.9912387252018395,2.876061822288144,-0.4999999999999896,0.20271823382864884,-0.015430549261690185,-2.886579864025407e-15,5.437573284588332,70,255,255,255
1051,21.02,75.87602898239048,32.13806105041828,-20.52000000000001,3.9956361928424875,2.875858006355686,-0.4999999999999894,0.2198733820324006,-0.010190796622912668,1.149080830487037e-14,5.442809272344315,70,255,255,255
1052,21.04,75.9560359652169,32.19557611089585,-20.53000000000001,4.0003491413211405,2.8757530238783287,-0.4999999999999892,0.23564742393265758,-0.005249123867849814,1.0824674490095276e-14,5.448045260100297,70,255,255,255
1053,21.06,76.03614298723829,32.253090933152265,-20.540000000000006,4.005351101069953,2.87574111282073,-0.49999999999998923,0.2500979874406264,-0.0005955528799206355,-4.052314039881821e-15,5.453281247856281,70,255,255,255
1054,21.080000000000002,76.11635532180384,32.310607267311376,-20.550000000000004,4.010616728277119,2.8758167079553982,-0.4999999999999893,0.263281360358274,0.003779756733408579,-3.885780586188048e-15,5.458517235612264,70,255,255,255
1055,21.1,76.19667775736167,32.368126756070545,-20.560000000000006,4.016121777891604,2.8759744379585803,-0.4999999999999896,0.27525248072420005,0.007886500159098198,-1.7930101847696278e-14,5.463753223368247,70,255,255,255
1056,21.12,76.27711461889146,32.42565093851795,-20.570000000000007,4.021843076489584,2.8762091223701605,-0.49999999999998995,0.28606492989901966,0.011734220579012966,-1.6930901125533637e-14,5.46898921112423,70,255,255,255
1057,21.14,76.35766978879255,32.483181253886556,-20.58000000000001,4.027758495054296,2.8765157684305764,-0.49999999999999,0.2957709282355756,0.015332303020802573,-1.7208456881689926e-15,5.474225198880213,70,255,255,255
1058,21.16,76.43834672722691,32.5407190452427,-20.59000000000001,4.0338469217180295,2.8768895678072015,-0.49999999999998973,0.30442133318668585,0.018689968831254067,1.2656542480726785e-14,5.479461186636196,70,255,255,255
1059,21.18,76.51914849191716,32.59826556310714,-20.600000000000012,4.040088234512182,2.8773258932220602,-0.4999999999999895,0.31206563970762513,0.02181627074292969,1.1823875212257917e-14,5.484697174392179,70,255,255,255
1060,21.2,76.60007775740053,32.655821969006986,-20.61000000000001,4.046463274168458,2.877820294992195,-0.4999999999999893,0.3187519828137697,0.02472008850673868,1.1157741397482823e-14,5.489933162148161,70,255,255,255
1061,21.22,76.68113683374077,32.71338933895686,-20.620000000000008,4.05295381701168,2.8783684974934567,-0.49999999999998906,0.32452714216109335,0.027410125063091595,1.049160758270773e-14,5.495169149904145,70,255,255,255
1062,21.240000000000002,76.76232768470041,32.770968666868015,-20.630000000000006,4.059542547982083,2.8789663955579767,-0.4999999999999892,0.3294365485201354,0.029894903226012293,-4.385380947269368e-15,5.500405137660128,70,255,255,255
1063,21.26,76.84365194537686,32.82856086788431,-20.640000000000008,4.066213033822482,2.879610050815056,-0.49999999999998956,0.3335242920199537,0.03218276285396282,-1.8263168755083825e-14,5.505641125416111,70,255,255,255
1064,21.28,76.92511093930612,32.88616678164401,-20.65000000000001,4.072949696463333,2.8802956879847295,-0.4999999999999896,0.33683313204254617,0.03428185848366905,-2.886579864025407e-15,5.510877113172094,70,255,255,255
1065,21.3,77.00670569503885,32.94378717546666,-20.66000000000001,4.079737786636384,2.8810196911327695,-0.4999999999999894,0.3394045086525548,0.0362001574020101,1.149080830487037e-14,5.516113100928077,70,255,255,255
1066,21.32,77.08843696219375,33.00142274746457,-20.67000000000001,4.086563357745426,2.881778599895438,-0.4999999999999892,0.3412785554521083,0.03794543813341589,1.0824674490095276e-14,5.52134908868406,70,255,255,255
1067,21.34,77.17030522699416,33.05907412957821,-20.680000000000007,4.093413240020525,2.8825691056818363,-0.49999999999998923,0.3424941137549542,0.039525289319923385,-4.052314039881821e-15,5.526585076440043,70,255,255,255
1068,21.36,77.25231072729376,33.11674189053543,-20.690000000000005,4.1002750149800775,2.8833880478612826,-0.4999999999999893,0.3430887479776361,0.040947108972304136,-3.885780586188048e-15,5.531821064196025,70,255,255,255
1069,21.38,77.33445346709823,33.17442653873428,-20.700000000000003,4.107136990223082,2.884232409942707,-0.49999999999998934,0.34309876215023216,0.04221810407121174,-3.7192471324942744e-15,5.537057051952009,70,255,255,255
1070,21.400000000000002,77.41673323058967,33.23212852504933,-20.710000000000004,4.1139881745721425,2.885099315752661,-0.49999999999999,0.3425592174530099,0.043345290497729394,-3.197442310920451e-14,5.542293039707992,70,255,255,255
1071,21.42,77.4991495956614,33.28984824556169,-20.720000000000006,4.120818253585936,2.885986025618137,-0.49999999999999034,0.3415039506896633,0.04433549327379405,-1.5765166949677223e-14,5.547529027463975,70,255,255,255
1072,21.44,77.58170194697055,33.347586044212896,-20.730000000000008,4.127617565458156,2.886889932560018,-0.49999999999999034,0.33996559361099443,0.04519534709406514,-5.551115123125783e-16,5.552765015219958,70,255,255,255
1073,21.46,77.66438948851692,33.40534221538295,-20.74000000000001,4.134377077318302,2.887808558502613,-0.49999999999999034,0.3379755930072932,0.045931297129746085,-5.551115123125783e-16,5.558001002975941,70,255,255,255
1074,21.48,77.74721125575589,33.46311700639304,-20.75000000000001,4.141088361948122,2.8887395505043707,-0.49999999999999034,0.3355642314910039,0.04654960008787601,-5.551115123125783e-16,5.563236990731924,70,255,255,255
1075,21.5,77.8301661272544,33.52091061993333,-20.760000000000012,4.147743574926028,2.8896806770145385,-0.49999999999999006,0.33276064889527124,0.0470563255083829,1.3655743202889425e-14,5.568472978487907,70,255,255,255
1076,21.52,77.9132528358986,33.578723216416535,-20.770000000000014,4.154335432210369,2.8906298241601958,-0.4999999999999895,0.3295928642170951,0.047457357282854495,2.7033930649622562e-14,5.573708966243889,70,255,255,255
1077,21.54,77.99646997966202,33.63655491625789,-20.780000000000012,4.160857188171106,2.89158499206778,-0.499999999999989,0.3260877980368617,0.047758395379208896,2.5368596112684827e-14,5.578944953999872,70,255,255,255
1078,21.56,78.07981603194358,33.69440580208235,-20.79000000000001,4.1673026140781175,2.892544291222923,-0.49999999999998884,0.3222712953505722,0.04796495775716103,9.658940314238862e-15,5.584180941755855,70,255,255,255
1079,21.580000000000002,78.16328935148465,33.752275920859795,-20.800000000000008,4.173665977053177,2.893505938872125,-0.4999999999999887,0.3181681487529797,0.048082382460095996,9.159339953157541e-15,5.589416929511839,70,255,255,255
1080,21.6,78.24688819187448,33.810165285969184,-20.810000000000006,4.179942019491439,2.8944682554695023,-0.4999999999999888,0.3138021219131213,0.04811582986884977,-5.551115123125783e-15,5.594652917267822,70,255,255,255
1081,21.62,78.33061071065362,33.868073879192615,-20.820000000000004,4.186125938957212,2.895429661171608,-0.4999999999999892,0.3091959732886336,0.048070285105299426,-1.942890293094024e-14,5.599888905023804,70,255,255,255
1082,21.64,78.41445497802476,33.926001652640274,-20.830000000000005,4.1922133685577005,2.8963886723830363,-0.49999999999998956,0.30437148002441194,0.047950560571397016,-1.8263168755083825e-14,5.605124892779788,70,255,255,255
1083,21.66,78.49841898518072,33.98394853060738,-20.840000000000007,4.19820035779746,2.8973438983552886,-0.4999999999999896,0.29934946198795487,0.0477612986126128,-2.886579864025407e-15,5.6103608805357705,70,255,255,255
1084,21.68,78.58250065225903,34.0419144113642,-20.85000000000001,4.204083353915349,2.89829403784116,-0.4999999999999897,0.29414980589445516,0.04750697429357542,-2.7200464103316335e-15,5.615596868291753,70,255,255,255
1085,21.7,78.66669783593312,34.099899168880334,-20.86000000000001,4.209859183704892,2.899237875806656,-0.49999999999998973,0.2887914894771555,0.04719189827479786,-2.55351295663786e-15,5.620832856047736,70,255,255,255
1086,21.72,78.75100833664948,34.15790265448438,-20.87000000000001,4.2155250358181275,2.9001742802022545,-0.4999999999999895,0.2832926056617593,0.0468202197799239,1.1823875212257917e-14,5.626068843803719,70,255,255,255
1087,21.740000000000002,78.83542990552053,34.215924698460285,-20.88000000000001,4.221078443552253,2.901102198795117,-0.4999999999999893,0.2776703867062933,0.04639592964313488,1.1157741397482823e-14,5.631304831559703,70,255,255,255
1088,21.76,78.91996025088288,34.27396511158156,-20.890000000000008,4.2265172681176395,2.9020206560636583,-0.49999999999998934,0.2719412282693163,0.04592286342707119,-3.7192471324942744e-15,5.636540819315686,70,255,255,255
1089,21.78,79.00459704453058,34.33202368658468,-20.90000000000001,4.2318396823851065,2.902928750155708,-0.4999999999999894,0.266120713373347,0.045404704602481694,-3.552713678800501e-15,5.641776807071668,70,255,255,255
1090,21.8,79.08933792763278,34.3901001995829,-20.910000000000007,4.237044155109701,2.903825649911308,-0.4999999999999892,0.26022363622973277,0.04484498778000612,1.0824674490095276e-14,5.647012794827652,70,255,255,255
1091,21.82,79.17418051634533,34.44819441142192,-20.920000000000005,4.2421294356276364,2.9047105919510368,-0.49999999999998923,0.25426402589675323,0.04424710198643478,-4.052314039881821e-15,5.6522487825836345,70,255,255,255
1092,21.84,79.25912240712579,34.50630606897853,-20.930000000000007,4.247094539022483,2.9055828778305828,-0.4999999999999896,0.24825516974236006,0.043614293977308094,-1.8096635301390052e-14,5.657484770339617,70,255,255,255
1093,21.86,79.34416118176091,34.564434906403775,-20.94000000000001,4.251938731756195,2.90644187126215,-0.4999999999999897,0.24220963668559659,0.042949671578372595,-2.7200464103316335e-15,5.6627207580956,70,255,255,255
1094,21.88,79.4292944121161,34.62258064631184,-20.95000000000001,4.256661517760066,2.9072869954031266,-0.49999999999998945,0.2361393001935701,0.042256207048833705,1.1657341758564144e-14,5.667956745851583,70,255,255,255
1095,21.900000000000002,79.51451966461572,34.68074300091609,-20.96000000000001,4.261262624980284,2.9081177302123233,-0.4999999999999895,0.23005536101088975,0.041536740459845234,-3.219646771412954e-15,5.673192733607567,70,255,255,255
1096,21.92,79.59983450446316,34.738921673113566,-20.97000000000001,4.265741992372312,2.908933609873951,-0.4999999999999893,0.22396836960139144,0.0407939830813957,1.1157741397482823e-14,5.67842872136355,70,255,255,255
1097,21.94,79.68523649960991,34.79711635751936,-20.980000000000008,4.270099757338015,2.9097342202894056,-0.49999999999998906,0.21788824828514297,0.040030520772737166,1.049160758270773e-14,5.683664709119532,70,255,255,255
1098,21.96,79.7707232244819,34.855326741452096,-20.990000000000006,4.274336243599027,2.9105191966367925,-0.4999999999999892,0.21182431305062188,0.03924881736934749,-4.385380947269368e-15,5.688900696875516,70,255,255,255
1099,21.98,79.85629226347189,34.913552505872055,-21.000000000000007,4.278451949499612,2.9112882209980397,-0.49999999999998956,0.20578529502924958,0.0384512180623684,-1.8263168755083825e-14,5.6941366846314985,70,255,255,255
1100,22.0,79.94194121420652,34.97179332627312,-21.01000000000001,4.282447536731954,2.9120410200533384,-0.4999999999999896,0.19977936161714638,0.03763995276493004,-2.886579864025407e-15,5.699372672387481,70,255,255,255
1101,22.02,80.02767616263273,35.03005300293022,-21.02000000000001,4.286747421310117,2.912983832854651,-0.4999999999999894,0.21499422890810216,0.04714064006563712,1.149080830487037e-14,5.704608660143464,70,255,255,255
1102,22.04,80.11350269194429,35.08833507793175,-21.03000000000001,4.291326465578023,2.914103750076735,-0.4999999999999892,0.22895221339531346,0.055995861104194855,1.0824674490095276e-14,5.709844647899447,70,255,255,255
1103,22.06,80.19942590381396,35.14664284500349,-21.040000000000006,4.296160593483462,2.9153883535867884,-0.49999999999998923,0.2417063952719385,0.06423017550267263,-4.052314039881821e-15,5.71508063565543,70,255,255,255
1104,22.080000000000002,80.28545043912203,35.20497935914033,-21.050000000000004,4.301226765403532,2.916825706841918,-0.4999999999999893,0.2533085960035333,0.07186766275648893,-3.885780586188048e-15,5.720316623411414,70,255,255,255
1105,22.1,80.37158049817847,35.263347446042175,-21.060000000000006,4.306502952822283,2.91840434509221,-0.4999999999999896,0.26380937093756973,0.07893191251461174,-1.7930101847696278e-14,5.725552611167396,70,255,255,255
1106,22.12,80.45781986043667,35.32174971135051,-21.070000000000007,4.311968112909925,2.920113265416755,-0.49999999999998995,0.27325800438207093,0.08544601622723436,-1.6930901125533637e-14,5.73078859892338,70,255,255,255
1107,22.14,80.54417190369767,35.380188549682885,-21.08000000000001,4.317602163050183,2.921941916618578,-0.49999999999999,0.28170250701288246,0.09143256009114964,-1.7208456881689926e-15,5.736024586679362,70,255,255,255
1108,22.16,80.63063962280486,35.43866615346295,-21.09000000000001,4.323385955359677,2.9238801890031194,-0.49999999999998973,0.28918961547468935,0.09691361922706809,1.2656542480726785e-14,5.741260574435345,70,255,255,255
1109,22.18,80.71722564782968,35.49718452154422,-21.100000000000012,4.329301251240556,2.9259184040636006,-0.4999999999999895,0.2957647940439765,0.10191075302406771,1.1823875212257917e-14,5.746496562191328,70,255,255,255
1110,22.2,80.80393226174978,35.555745467626124,-21.11000000000001,4.335330696005128,2.9280473040953687,-0.4999999999999893,0.30147223822860614,0.10644500158840442,1.1157741397482823e-14,5.751732549947311,70,255,255,255
1111,22.22,80.89076141762196,35.614350628461324,-21.120000000000008,4.341457793608749,2.930258041760096,-0.49999999999998906,0.3063548801810212,0.11053688323635624,1.049160758270773e-14,5.756968537703294,70,255,255,255
1112,22.240000000000002,80.97771475525246,35.673001471853716,-21.130000000000006,4.347666881524909,2.932542169619542,-0.4999999999999892,0.31045439580802636,0.11420639297230828,-4.385380947269368e-15,5.7622045254592775,70,255,255,255
1113,22.26,81.06479361736835,35.73169930444686,-21.140000000000008,4.353943105794191,2.9348916296574474,-0.49999999999998956,0.31381121346411156,0.11747300189527232,-1.8263168755083825e-14,5.76744051321526,70,255,255,255
1114,22.28,81.15199906529388,35.79044527930301,-21.15000000000001,4.360272396276576,2.9372987428070445,-0.4999999999999896,0.31646452411924386,0.12035565747984256,-2.886579864025407e-15,5.772676500971244,70,255,255,255
1115,22.3,81.23933189413657,35.84924040327302,-21.16000000000001,4.366641442134506,2.9397561985005916,-0.4999999999999894,0.3184522928965121,0.12287278467734764,1.149080830487037e-14,5.777912488727226,70,255,255,255
1116,22.32,81.326792647488,35.90808554415815,-21.17000000000001,4.373037667572076,2.9422570442563427,-0.4999999999999892,0.31981127187848735,0.1250422877875499,1.0824674490095276e-14,5.783148476483209,70,255,255,255
1117,22.34,81.41438163164509,35.966981437664494,-21.180000000000007,4.379449207853807,2.944794675317356,-0.49999999999998923,0.32057701408656314,0.1268815530506675,-4.052314039881821e-15,5.788384464239192,70,255,255,255
1118,22.36,81.50209892935757,36.02592869415161,-21.190000000000005,4.3858648856246,2.9473628243556185,-0.4999999999999893,0.3207838885396379,0.12840745191311553,-3.885780586188048e-15,5.793620451995175,70,255,255,255
1119,22.38,81.58994441310858,36.08492780517669,-21.200000000000003,4.392274187550677,2.949955551254033,-0.49999999999998934,0.32046509630383824,0.12963634492073872,-3.7192471324942744e-15,5.798856439751158,70,255,255,255
1120,22.400000000000002,81.67791775793458,36.14397914983625,-21.210000000000004,4.3986672412996395,2.9525672329779553,-0.49999999999999,0.3196526874481558,0.1305840861961034,-3.197442310920451e-14,5.8040924275071415,70,255,255,255
1121,22.42,81.7660184537921,36.20308300090719,-21.220000000000006,4.4050347928761155,2.955192553547095,-0.49999999999999034,0.31837757882380746,0.13126602845697866,-1.5765166949677223e-14,5.809328415263124,70,255,255,255
1122,22.44,81.85424581747866,36.26223953078955,-21.230000000000008,4.411368184327932,2.9578264941178283,-0.49999999999999034,0.31666957259082995,0.13169702853665743,-5.551115123125783e-16,5.814564403019108,70,255,255,255
1123,22.46,81.94259900411538,36.321448817253255,-21.24000000000001,4.417659331836247,2.960464323185146,-0.49999999999999034,0.3145573754157427,0.13189145336589725,-5.551115123125783e-16,5.81980039077509,70,255,255,255
1124,22.48,82.03107701819941,36.38071084899151,-21.25000000000001,4.423900704201656,2.963101586912746,-0.49999999999999034,0.3120686182704313,0.13186318637999594,-5.551115123125783e-16,5.825036378531073,70,255,255,255
1125,22.5,82.11967872423415,36.44002553098349,-21.260000000000012,4.430085301736948,2.9657340995990475,-0.49999999999999006,0.3092298767646069,0.13162563431507124,1.3655743202889425e-14,5.830272366287056,70,255,255,255
1126,22.52,82.20840285694567,36.499392689669214,-21.270000000000014,4.436206635575875,2.9683579342862303,-0.4999999999999895,0.3060666919463113,0.13119173435912757,2.7033930649622562e-14,5.835508354043039,70,255,255,255
1127,22.54,82.29724803109379,36.55881207793959,-21.280000000000012,4.442258707406075,2.970969413518741,-0.499999999999989,0.30260359150998273,0.13057396162555657,2.5368596112684827e-14,5.840744341799022,70,255,255,255
1128,22.56,82.38621275088644,36.618283379944735,-21.29000000000001,4.448235989633145,2.973565100257089,-0.49999999999998884,0.29886411135349356,0.129784336917385,9.658940314238862e-15,5.845980329555005,70,255,255,255
1129,22.580000000000002,82.47529541900607,36.67780621572378,-21.300000000000008,4.454133405981709,2.9761417889521433,-0.4999999999999887,0.29487081742824817,0.1288344347527013,9.159339953157541e-15,5.851216317310988,70,255,255,255
1130,22.6,82.56449434525683,36.73738014565947,-21.310000000000006,4.45994631253832,2.9786964967845884,-0.4999999999999888,0.2906453278305614,0.1277353916222448,-5.551115123125783e-15,5.856452305066972,70,255,255,255
1131,22.62,82.65380775484164,36.79700467476094,-21.320000000000004,4.465670479240004,2.9812264550736485,-0.4999999999999892,0.28620833508422194,0.12649791445300318,-1.942890293094024e-14,5.861688292822954,70,255,255,255
1132,22.64,82.74323379627786,36.856679256778115,-21.330000000000005,4.471302071811334,2.983729100858665,-0.49999999999998956,0.28157962856648044,0.12513228925081776,-1.8263168755083825e-14,5.866924280578937,70,255,255,255
1133,22.66,82.83277054896091,36.916403298151245,-21.340000000000007,4.476837634152018,2.986202068656624,-0.4999999999999896,0.2767781170341719,0.12364838989794746,-2.886579864025407e-15,5.8721602683349206,70,255,255,255
1134,22.68,82.92241603038443,36.97617616179921,-21.35000000000001,4.482274071176147,2.9886431823982726,-0.4999999999999897,0.27182185120646984,0.12205568708242387,-2.7200464103316335e-15,5.877396256090903,70,255,255,255
1135,22.7,83.01216820302649,37.03599717075011,-21.36000000000001,4.487608632103478,2.9910504475450033,-0.49999999999998973,0.26672804636654135,0.12036325733652209,-2.55351295663786e-15,5.882632243846886,70,255,255,255
1136,22.72,83.10202498091054,37.095865611617874,-21.37000000000001,4.492838894202334,2.9934220433882754,-0.4999999999999895,0.26151310494281965,0.11857979216361114,1.1823875212257917e-14,5.8878682316028685,70,255,255,255
1137,22.740000000000002,83.1919842358502,37.15578073792853,-21.38000000000001,4.497962746983067,2.995756315532948,-0.4999999999999893,0.2561926390366338,0.11671360723362989,1.1157741397482823e-14,5.893104219358852,70,255,255,255
1138,22.76,83.28204380338701,37.21574177329984,-21.390000000000008,4.502978376840314,2.9980517685655057,-0.49999999999998934,0.2507814928623917,0.11477265162788797,-3.7192471324942744e-15,5.898340207114836,70,255,255,255
1139,22.78,83.37220148842985,37.275747914477996,-21.40000000000001,4.507884252141713,3.000307058907823,-0.4999999999999894,0.24529376506993028,0.11276451711585223,-3.552713678800501e-15,5.903576194870818,70,255,255,255
1140,22.8,83.46245507060506,37.33579833423513,-21.410000000000007,4.512679108760131,3.002520987856766,-0.4999999999999892,0.23974283092090598,0.11069644744714724,1.0824674490095276e-14,5.908812182626801,70,255,255,255
1141,22.82,83.55280230932598,37.39589218413132,-21.420000000000005,4.517361936045958,3.004692494809619,-0.49999999999998923,0.2341413642913457,0.10857534764266186,-4.052314039881821e-15,5.9140481703827845,70,255,255,255
1142,22.84,83.64324094859069,37.45602859714482,-21.430000000000007,4.521931963235493,3.006820650675023,-0.4999999999999896,0.22850135947670047,0.1064077932702121,-1.8096635301390052e-14,5.919284158138767,70,255,255,255
1143,22.86,83.73376872151651,37.5162066901742,-21.44000000000001,4.52638864629101,3.0089046514688405,-0.4999999999999897,0.22283415277586816,0.10420003969086222,-2.7200464103316335e-15,5.92452014589475,70,255,255,255
1144,22.88,83.82438335461987,37.576425566416084,-21.45000000000001,4.530731655167661,3.0109438120940966,-0.49999999999998945,0.217150443832546,0.1019580312627979,1.1657341758564144e-14,5.9297561336507325,70,255,255,255
1145,22.900000000000002,83.91508257184991,37.63668431762216,-21.46000000000001,4.534960861501976,3.0129375603039046,-0.4999999999999895,0.2114603167157556,0.09968741049039931,-3.219646771412954e-15,5.934992121406716,70,255,255,255
1146,22.92,84.00586409838424,37.696982026239084,-21.47000000000001,4.53907632671636,3.0148854308460553,-0.4999999999999893,0.20577326071918023,0.09739352710753701,1.1157741397482823e-14,5.9402281091627,70,255,255,255
1147,22.94,84.0967256641949,37.75731776743484,-21.480000000000008,4.543078290533665,3.0167870597877413,-0.49999999999998906,0.20009819086524328,0.09508144708429933,1.049160758270773e-14,5.945464096918682,70,255,255,255
1148,22.96,84.18766500739282,37.817690611015216,-21.490000000000006,4.54696715989561,3.018642179018683,-0.4999999999999892,0.19444346809723712,0.09275596154708365,-4.385380947269368e-15,5.950700084674666,70,255,255,255
1149,22.98,84.2786798773584,37.87809962323383,-21.500000000000007,4.5507434982785355,3.0204506109307556,-0.49999999999998956,0.1888169191462623,0.0904215956036345,-1.8263168755083825e-14,5.9559360724306485,70,255,255,255
1150,23.0,84.36976803766639,37.93854386849927,-21.51000000000001,4.55440801539977,3.0222122632720323,-0.4999999999999896,0.1832258560617106,0.08808261706383513,-2.886579864025407e-15,5.961172060186631,70,255,255,255
1151,23.02,84.46093438340414,37.999028592401515,-21.52000000000001,4.558317286887328,3.024236195112111,-0.4999999999999894,0.19546357437788586,0.10119659200393372,1.149080830487037e-14,5.966408047942614,70,255,255,255
1152,23.04,84.55218339085704,38.05955866102932,-21.53000000000001,4.562450372644849,3.0265034313901205,-0.4999999999999892,0.20665428787606466,0.11336181390046374,1.0824674490095276e-14,5.9716440356985965,70,255,255,255
1153,23.06,84.64351913547462,38.120138575954556,-21.540000000000006,4.566787230878923,3.0289957462617387,-0.49999999999998923,0.21684291170367498,0.1246157435809172,-4.052314039881821e-15,5.97688002345458,70,255,255,255
1154,23.080000000000002,84.73494530939998,38.18077248890071,-21.550000000000004,4.571308696267783,3.0316956473075565,-0.4999999999999893,0.2260732694430292,0.1349950522908867,-3.885780586188048e-15,5.982116011210564,70,255,255,255
1155,23.1,84.82646523856073,38.24146421609102,-21.560000000000006,4.575996458037521,3.034586359515447,-0.4999999999999896,0.234388088486865,0.14453561039453078,-1.7930101847696278e-14,5.987351998966546,70,255,255,255
1156,23.12,84.91808189932046,38.30221725227254,-21.570000000000007,4.580833037986451,3.0376518090761535,-0.49999999999998995,0.24182899744647646,0.15327247803532407,-1.6930901125533637e-14,5.992587986722529,70,255,255,255
1157,23.14,85.00979793469037,38.363034784413124,-21.58000000000001,4.585801768495903,3.04087660702921,-0.49999999999999,0.24843652547262085,0.16123989765281488,-1.7208456881689926e-15,5.9978239744785125,70,255,255,255
1158,23.16,85.10161567010164,38.42391970506901,-21.59000000000001,4.590886770563431,3.044246032794351,-0.49999999999998973,0.2542501033763944,0.16847128825705004,1.2656542480726785e-14,6.003059962234495,70,255,255,255
1159,23.18,85.19353712873948,38.48487462542144,-21.600000000000012,4.596072931892243,3.0477460176216264,-0.4999999999999895,0.2593080664405756,0.17499924136378198,1.1823875212257917e-14,6.008295949990478,70,255,255,255
1160,23.2,85.28556404644085,38.54590188798127,-21.61000000000001,4.601345885068535,3.051363127991585,-0.4999999999999893,0.2636476588146124,0.18085551849794168,1.1157741397482823e-14,6.01353193774646,70,255,255,255
1161,23.22,85.37769788615797,38.60700357896118,-21.620000000000008,4.606691985856377,3.0550845489950746,-0.49999999999998906,0.2673050393920766,0.18607105017446868,1.049160758270773e-14,6.018767925502444,70,255,255,255
1162,23.240000000000002,85.46993985199073,38.66818154031559,-21.630000000000006,4.612098291637816,3.058898067720477,-0.4999999999999892,0.27031528907196556,0.19067593627012203,-4.385380947269368e-15,6.0240039132584275,70,255,255,255
1163,23.26,85.5622909027912,38.729437381449074,-21.640000000000008,4.617552540023984,3.062792056674517,-0.49999999999998956,0.27271241930840784,0.19469944770200742,-1.8263168755083825e-14,6.02923990101441,70,255,255,255
1164,23.28,85.65475176534443,38.7907724905943,-21.65000000000001,4.62304312766118,3.06675545726115,-0.4999999999999896,0.27452938185984976,0.19817002933164174,-2.886579864025407e-15,6.034475888770393,70,255,255,255
1165,23.3,85.7473229471295,38.852188045861126,-21.66000000000001,4.628559089254124,3.070777763341481,-0.4999999999999894,0.2757980796472008,0.20111530401654498,1.149080830487037e-14,6.039711876526376,70,255,255,255
1166,23.32,85.84000474866605,38.91368502595905,-21.67000000000001,4.634090076826922,3.07484900489616,-0.4999999999999892,0.27654937863990625,0.20356207773395063,1.0824674490095276e-14,6.044947864282359,70,255,255,255
1167,23.34,85.93279727545087,38.97526422059525,-21.680000000000007,4.639626339240666,3.0789597318102393,-0.49999999999998923,0.27681312068718267,0.20553634570396184,-4.052314039881821e-15,6.050183852038342,70,255,255,255
1168,23.36,86.02570044949057,39.03692624055123,-21.690000000000005,4.645158701985035,3.0831009977990917,-0.4999999999999893,0.2766181372184562,0.2070632994426198,-3.885780586188048e-15,6.055419839794324,70,255,255,255
1169,23.38,86.11871402043577,39.098671527441084,-21.700000000000003,4.650678547259802,3.0872643444926484,-0.49999999999998934,0.2759922637383667,0.2081673346778392,-3.7192471324942744e-15,6.060655827550308,70,255,255,255
1170,23.400000000000002,86.21183757632299,39.16050036315496,-21.710000000000004,4.656177794360705,3.091441785693919,-0.49999999999999,0.27496235504515365,0.208872060063523,-3.197442310920451e-14,6.0658918153062915,70,255,255,255
1171,23.42,86.30507055393065,39.22241287899149,-21.720000000000006,4.661648880382813,3.0956257918265173,-0.49999999999999034,0.27355430110541423,0.20920030662991485,-1.5765166949677223e-14,6.071127803062274,70,255,255,255
1172,23.44,86.39841224875572,39.284409064483185,-21.730000000000008,4.66708474125322,3.099809274584752,-0.49999999999999034,0.2717930435203044,0.20917413791172512,-5.551115123125783e-16,6.076363790818257,70,255,255,255
1173,23.46,86.49186182461779,39.346488775919156,-21.74000000000001,4.672478793103632,3.103985571798671,-0.49999999999999034,0.26970259252058604,0.2088148606959508,-5.551115123125783e-16,6.08159977857424,70,255,255,255
1174,23.48,86.58541832289764,39.40865174456966,-21.75000000000001,4.67782491399229,3.1081484325253914,-0.49999999999999034,0.26730604443292094,0.20814303633601794,-5.551115123125783e-16,6.086835766330223,70,255,255,255
1175,23.5,86.67908067141731,39.4708975846172,-21.760000000000012,4.683117425983477,3.1122920023769827,-0.49999999999999006,0.26462559955937426,0.20717849257957077,1.3655743202889425e-14,6.092071754086206,70,255,255,255
1176,23.52,86.77284769296915,39.53322580079908,-21.770000000000014,4.688351077591856,3.1164108090941895,-0.4999999999999895,0.26168258041896664,0.20594033586034888,2.7033930649622562e-14,6.097307741842188,70,255,255,255
1177,23.54,86.86671811350111,39.59563579576657,-21.780000000000012,4.693521026597822,3.1204997483743275,-0.499999999999989,0.25849745029830373,0.20444696400690532,2.5368596112684827e-14,6.102543729598171,70,255,255,255
1178,23.56,86.96069056996589,39.658126877165785,-21.79000000000001,4.698622823239109,3.1245540699607726,-0.49999999999998884,0.255089832064364,0.20271607932224134,9.658940314238862e-15,6.107779717354155,70,255,255,255
1179,23.580000000000002,87.05476361784154,39.720698264445794,-21.800000000000008,4.703652393782974,3.1285693640006085,-0.4999999999999887,0.25147852719326824,0.2007647019918064,9.159339953157541e-15,6.113015705110138,70,255,255,255
1180,23.6,87.14893573833119,39.783349095399316,-21.810000000000006,4.708606024482392,3.1325415476761678,-0.4999999999999888,0.24768153497089784,0.19860918377796644,-5.551115123125783e-15,6.118251692866121,70,255,255,255
1181,23.62,87.24320534524956,39.84607843244162,-21.820000000000004,4.71348034591891,3.1364668521154266,-0.4999999999999892,0.24371607182590527,0.1962652219629324,-1.942890293094024e-14,6.1234876806221035,70,255,255,255
1182,23.64,87.33757079160425,39.908885268633334,-21.830000000000005,4.718272317734004,3.1403418095854594,-0.49999999999998956,0.23959859075469314,0.19374787350163558,-1.8263168755083825e-14,6.128723668378087,70,255,255,255
1183,23.66,87.43203037587925,39.97176853345278,-21.840000000000007,4.722979213750053,3.144163240972467,-0.4999999999999896,0.23534480080244702,0.1910715693503966,-2.886579864025407e-15,6.13395965613407,70,255,255,255
1184,23.68,87.52658234802888,40.034727098323806,-21.85000000000001,4.727598607481376,3.147928243551213,-0.4999999999999897,0.2309696865661408,0.18825012893728754,-2.7200464103316335e-15,6.139195643890052,70,255,255,255
1185,23.7,87.62122491518959,40.09775978190473,-21.86000000000001,4.7321283580350855,3.1516341790460665,-0.49999999999998973,0.22648752768548608,0.18529677474268436,-2.55351295663786e-15,6.144431631646035,70,255,255,255
1186,23.72,87.7159562471176,40.16086535514443,-21.87000000000001,4.736566596400953,3.1552786619852693,-0.4999999999999895,0.22191191829337775,0.18222414696014333,1.1823875212257917e-14,6.149667619402019,70,255,255,255
1187,23.740000000000002,87.81077448136018,40.22404254611142,-21.88000000000001,4.740911712128866,3.158859548349459,-0.4999999999999893,0.21725578639560705,0.17904431820948652,1.1157741397482823e-14,6.154903607158002,70,255,255,255
1188,23.76,87.90567772816803,40.28729004460172,-21.890000000000008,4.745162340391932,3.162374924514952,-0.49999999999998934,0.2125314131533278,0.17576880827466468,-3.7192471324942744e-15,6.160139594913985,70,255,255,255
1189,23.78,88.00066407515669,40.350606506531555,-21.90000000000001,4.749317349432824,3.1658230964918057,-0.4999999999999894,0.20775045204458475,0.17240859884269577,-3.552713678800501e-15,6.165375582669967,70,255,255,255
1190,23.8,88.0957315917245,40.41399055812068,-21.910000000000007,4.753375828390405,3.1692025794561762,-0.4999999999999892,0.2029239478791025,0.16897414821852053,1.0824674490095276e-14,6.170611570425951,70,255,255,255
1191,23.82,88.19087833323456,40.4774407998722,-21.920000000000005,4.757337075503345,3.1725120875760684,-0.49999999999998923,0.19806235564695918,0.16547540599461286,-4.052314039881821e-15,6.175847558181934,70,255,255,255
1192,23.84,88.2861023449683,40.54095581035478,-21.930000000000007,4.761200586686939,3.17575052412916,-0.4999999999999896,0.19317555917972484,0.16192182765456886,-1.8096635301390052e-14,6.181083545937916,70,255,255,255
1193,23.86,88.38140166585788,40.604534149793004,-21.94000000000001,4.7649660444790545,3.178916971910974,-0.4999999999999897,0.18827288960579125,0.15832238909069796,-2.7200464103316335e-15,6.186319533693899,70,255,255,255
1194,23.88,88.4767743320049,40.66817436347163,-21.95000000000001,4.768633307350714,3.1820106839313356,-0.49999999999998945,0.18336314358296057,0.15468560101806794,1.1657341758564144e-14,6.1915555214498825,70,255,255,255
1195,23.900000000000002,88.57221837999242,40.73187498495956,-21.96000000000001,4.7722023993765506,3.1850310743967007,-0.4999999999999895,0.1784546012918229,0.15101952326824897,-3.219646771412954e-15,6.196791509205866,70,255,255,255
1196,23.92,88.66773184999762,40.795634539159074,-21.97000000000001,4.775673500260072,3.1879777099756232,-0.4999999999999893,0.1735550441760454,0.14733177894612925,1.1157741397482823e-14,6.202027496961849,70,255,255,255
1197,23.94,88.76331278871179,40.85945154518596,-21.980000000000008,4.779046935708402,3.1908503013443634,-0.49999999999998906,0.16867177241651454,0.14362956843701147,1.049160758270773e-14,6.207263484717831,70,255,255,255
1198,23.96,88.85895925207481,40.92332451908615,-21.990000000000006,4.782323168150936,3.193648695009342,-0.4999999999999892,0.1638116221266479,0.13991968324894444,-4.385380947269368e-15,6.212499472473815,70,255,255,255
1199,23.98,88.95466930783073,40.98725197639421,-22.000000000000007,4.785502787796111,3.196372865402922,-0.49999999999998956,0.15898098225879043,0.13620851967898684,-1.8263168755083825e-14,6.217735460229798,70,255,255,255
1200,24.0,89.05044103791113,41.05123243453919,-22.01000000000001,4.78858650402034,3.199022907248756,-0.4999999999999896,0.15418581121143937,0.1325020922917064,-2.886579864025407e-15,6.22297144798578,70,255,255,255
1201,24.02,89.14627781295164,41.11527222728689,-22.02000000000001,4.7918387520258054,3.201989637385119,-0.4999999999999894,0.16261240027329738,0.14833650681815858,1.149080830487037e-14,6.228207435741763,70,255,255,255
1202,24.04,89.24218269727781,41.17937721344182,-22.03000000000001,4.795244216308827,3.205249307746362,-0.4999999999999892,0.1702732141510621,0.1629835180621524,1.0824674490095276e-14,6.233443423497746,70,255,255,255
1203,24.060000000000002,89.3381584623808,41.24355279597074,-22.040000000000006,4.798788255149898,3.2087791264464145,-0.49999999999998923,0.17720194205350648,0.17649093500261603,-4.052314039881821e-15,6.238679411253729,70,255,255,255
1204,24.080000000000002,89.43420760005307,41.30780394070824,-22.050000000000004,4.802456883613388,3.2125572368750275,-0.4999999999999893,0.18343142317453065,0.18890552143063966,-3.885780586188048e-15,6.243915399009713,70,255,255,255
1205,24.1,89.5303323351834,41.37213519463928,-22.060000000000006,4.806236756516411,3.216562696551801,-0.4999999999999896,0.1889936451511396,0.20027298383866698,-1.7930101847696278e-14,6.249151386765695,70,255,255,255
1206,24.12,89.62653463821133,41.436550703755,-22.070000000000007,4.810115151395949,3.2207754557863617,-0.49999999999998995,0.1939197439768927,0.21063796172805294,-1.6930901125533637e-14,6.254387374521678,70,255,255,255
1207,24.14,89.72281623724136,41.501054230478815,-22.08000000000001,4.814079951501604,3.2251763361904686,-0.49999999999999,0.1982400052827904,0.22004402020534863,-1.7208456881689926e-15,6.259623362277662,70,255,255,255
1208,24.16,89.81917862981815,41.56564917066052,-22.09000000000001,4.818119628839641,3.2297470090853015,-0.49999999999998973,0.2019838669018279,0.22853364474163707,1.2656542480726785e-14,6.264859350033644,70,255,255,255
1209,24.18,89.91562309436401,41.63033857013742,-22.100000000000012,4.822223227292375,3.2344699738447855,-0.4999999999999895,0.20517992263668994,0.23614823797419637,1.1823875212257917e-14,6.270095337789627,70,255,255,255
1210,24.2,90.01215070128072,41.695125140861684,-22.11000000000001,4.826380345835401,3.2393285362134256,-0.4999999999999893,0.20785592715127343,0.24292811843200868,1.1157741397482823e-14,6.27533132554561,70,255,255,255
1211,24.22,90.1087623237182,41.76001127659438,-22.120000000000008,4.830581121873631,3.244306786634884,-0.49999999999998906,0.21003880191151048,0.24891252107290818,1.049160758270773e-14,6.280567313301593,70,255,255,255
1212,24.240000000000002,90.20545864801251,41.82499906816689,-22.130000000000006,4.834816214715694,3.249389578625317,-0.4999999999999892,0.21175464210316797,0.2541395995216509,-4.385380947269368e-15,6.285803301057577,70,255,255,255
1213,24.26,90.30224018379661,41.89009031831136,-22.140000000000008,4.839076789204811,3.2545625072234006,-0.49999999999998956,0.21302872445586907,0.25864642990418263,-1.8263168755083825e-14,6.291039288813559,70,255,255,255
1214,24.28,90.39910727378707,41.9552865560623,-22.15000000000001,4.8433544995229765,3.2598118875469195,-0.4999999999999896,0.21388551590825067,0.2624690161759373,-2.886579864025407e-15,6.296275276569542,70,255,255,255
1215,24.3,90.49606010325074,42.02058905073197,-22.16000000000001,4.8476414731839395,3.265124733483829,-0.4999999999999894,0.2143486830481427,0.2656422968454786,1.149080830487037e-14,6.3015112643255256,70,255,255,255
1216,24.32,90.59309870915533,42.085998825462845,-22.17000000000001,4.851930295229273,3.2704887365438275,-0.4999999999999892,0.21444110226670166,0.2682001529999396,1.0824674490095276e-14,6.306747252081508,70,255,255,255
1217,24.34,90.69022298900813,42.151516670360735,-22.180000000000007,4.856213992640643,3.2758922448946337,-0.49999999999998923,0.21418487056850033,0.27017541754030283,-4.052314039881821e-15,6.311983239837491,70,255,255,255
1218,24.36,90.78743270938774,42.217143155212845,-22.190000000000005,4.860486018980231,3.2813242426054376,-0.4999999999999893,0.21360131697937046,0.2715998855402071,-3.885780586188048e-15,6.3172192275934735,70,255,255,255
1219,24.38,90.88472751417315,42.282878641795214,-22.200000000000003,4.864740239270197,3.286774329118302,-0.49999999999998934,0.2127110144983151,0.27250432564320715,-3.7192471324942744e-15,6.322455215349457,70,255,255,255
1220,24.400000000000002,90.98210693247557,42.34872329577455,-22.210000000000004,4.868970915121058,3.292232698966683,-0.49999999999999,0.2115337925430545,0.2729184924190524,-3.197442310920451e-14,6.327691203105441,70,255,255,255
1221,24.42,91.07957038627794,42.41467709820972,-22.220000000000006,4.873172690117796,3.2976901217586922,-0.49999999999999034,0.21008874983692127,0.27287113960045817,-1.5765166949677223e-14,6.332927190861423,70,255,255,255
1222,24.44,91.17711719778737,42.480739856658545,-22.230000000000008,4.877340575471664,3.303137922441244,-0.49999999999999034,0.20839426769340452,0.27239003412758667,-5.551115123125783e-16,6.338163178617406,70,255,255,255
1223,24.46,91.27474659650626,42.54691121589574,-22.24000000000001,4.88146993594467,3.3085679618598145,-0.49999999999999034,0.2064680236502765,0.27150197092852535,-5.551115123125783e-16,6.3433991663733895,70,255,255,255
1224,24.48,91.37245772602732,42.613190668248286,-22.25000000000001,4.885556476052907,3.313972617627172,-0.49999999999999034,0.20432700541182935,0.27023278836788567,-5.551115123125783e-16,6.348635154129372,70,255,255,255
1225,24.5,91.4702496505584,42.67957756355455,-22.260000000000012,4.8895962265540875,3.319344765313162,-0.49999999999999006,0.20198752505902995,0.2686073842994823,1.3655743202889425e-14,6.353871141885355,70,255,255,255
1226,24.52,91.56812136118288,42.74607111875388,-22.270000000000014,4.8935855312238346,3.3246777599663684,-0.4999999999999895,0.19946523348737255,0.26664973266033254,2.7033930649622562e-14,6.3591071296413375,70,255,255,255
1227,24.54,91.66607178186136,42.81267042711343,-22.280000000000012,4.897521033924562,3.3299654179773133,-0.499999999999989,0.19677513503638,0.2643829005472482,2.5368596112684827e-14,6.36434311739732,70,255,255,255
1228,24.560000000000002,91.76409977518077,42.87937446709927,-22.29000000000001,4.901399665970092,3.3352019992917166,-0.49999999999998884,0.19393160227651318,0.2618290657201583,9.658940314238862e-15,6.369579105153304,70,255,255,255
1229,24.580000000000002,91.86220414785653,42.946182110898896,-22.300000000000008,4.905218633788461,3.340382189981266,-0.4999999999999887,0.1909483909184475,0.2590095344774559,9.159339953157541e-15,6.374815092909287,70,255,255,255
1230,24.6,91.96038365599422,43.013092132602466,-22.310000000000006,4.9089754068847915,3.345501085178349,-0.4999999999999888,0.1878386548164892,0.25594475985415244,-5.551115123125783e-15,6.38005108066527,70,255,255,255
1231,24.62,92.05863701011633,43.08010321605007,-22.320000000000004,4.91266770610545,3.350554172380199,-0.4999999999999892,0.18461496103288422,0.2526543600925044,-1.942890293094024e-14,6.385287068421253,70,255,255,255
1232,24.64,92.15696287996042,43.14721396235261,-22.330000000000005,4.916293492204222,3.3555373151270067,-0.49999999999998956,0.18128930493862683,0.24915713734039446,-1.8263168755083825e-14,6.390523056177236,70,255,255,255
1233,24.66,92.25535989905462,43.21442289709376,-22.340000000000007,4.919850954710665,3.3604467370576807,-0.4999999999999896,0.17787312532215882,0.2454710965336968,-2.886579864025407e-15,6.395759043933219,70,255,255,255
1234,24.68,92.35382666907662,43.28172847722068,-22.35000000000001,4.923338501100307,3.365279006346099,-0.4999999999999897,0.1743773194821472,0.24161346442091824,-2.7200464103316335e-15,6.4009950316892015,70,255,255,255
1235,24.7,92.45236176400195,43.34912909763108,-22.36000000000001,4.926754746265934,3.3700310205199364,-0.49999999999998973,0.17081225828136493,0.23760070869186567,-2.55351295663786e-15,6.406231019445184,70,255,255,255
1236,24.72,92.55096373404773,43.416623097464345,-22.37000000000001,4.930098502288722,3.374699991663389,-0.4999999999999895,0.1671878011393888,0.2334485571726237,1.1823875212257917e-14,6.411467007201168,70,255,255,255
1237,24.740000000000002,92.64963110941788,43.48420876610444,-22.38000000000001,4.933368768507604,3.379283432004451,-0.4999999999999893,0.16351331094412203,0.22917201705311063,1.1157741397482823e-14,6.416702994957151,70,255,255,255
1238,24.76,92.74836240385558,43.55188434890217,-22.390000000000008,4.936564721884865,3.3837791398867196,-0.49999999999998934,0.15979766886305757,0.22478539411343856,-3.7192471324942744e-15,6.421938982713134,70,255,255,255
1239,24.78,92.8471561180089,43.619648052624676,-22.40000000000001,4.939685707665598,3.388185186125111,-0.4999999999999894,0.15604928903662696,0.22030231191955485,-3.552713678800501e-15,6.427174970469117,70,255,255,255
1240,24.8,92.94601074261547,43.68749805063956,-22.410000000000007,4.942731230328344,3.3924999007442755,-0.4999999999999892,0.15227613313731148,0.21573573095824283,1.0824674490095276e-14,6.4324109582251,70,255,255,255
1241,24.82,93.04492476151195,43.755432487841524,-22.420000000000005,4.9457009448239235,3.3967218600979767,-0.49999999999998923,0.1484857247789808,0.21109796768505973,-4.052314039881821e-15,6.437646945981083,70,255,255,255
1242,24.84,93.14389665447393,43.823449485328865,-22.430000000000007,4.9485946480991725,3.4008498743671765,-0.4999999999999896,0.1446851637624702,0.20640071345998834,-1.8096635301390052e-14,6.442882933737065,70,255,255,255
1243,24.86,93.24292489989197,43.891547144837546,-22.44000000000001,4.951412270902071,3.404882975434114,-0.4999999999999897,0.14088114014493325,0.20165505334688083,-2.7200464103316335e-15,6.448118921493048,70,255,255,255
1244,24.88,93.34200797728927,43.95972355294013,-22.45000000000001,4.954153869864476,3.4088204051292186,-0.49999999999998945,0.13707994812028002,0.1968714847552282,1.1657341758564144e-14,6.453354909249032,70,255,255,255
1245,24.900000000000002,93.44114436968644,44.02797678501708,-22.46000000000001,4.956819619858478,3.412661603847288,-0.4999999999999895,0.1332874997000859,0.19205993590347914,-3.219646771412954e-15,6.458590897005015,70,255,255,255
1246,24.92,93.54033256581889,44.096304909007664,-22.47000000000001,4.959409806622189,3.416406199528995,-0.4999999999999893,0.12950933818560273,0.1872297840853312,1.1157741397482823e-14,6.463826884760998,70,255,255,255
1247,24.94,93.6395710622119,44.16470598894773,-22.480000000000008,4.961924819650606,3.4200539970034303,-0.49999999999998906,0.12575065142083286,0.1823898737217644,1.049160758270773e-14,6.4690628725169805,70,255,255,255
1248,24.96,93.73885836511884,44.23317808830147,-22.490000000000006,4.964365145346999,3.423604967687071,-0.4999999999999892,0.12201628481967841,0.1775485341820464,-4.385380947269368e-15,6.474298860272964,70,255,255,255
1249,24.98,93.83819299232745,44.30171927309416,-22.500000000000007,4.9667313604301775,3.427059239634272,-0.49999999999998956,0.11831075415892389,0.17271359736004177,-1.8263168755083825e-14,6.479534848028947,70,255,255,255
1250,25.0,93.93757347483931,44.37032761485284,-22.51000000000001,4.969024125592799,3.430417087934103,-0.4999999999999896,0.11463825813111228,0.16789241499155105,-2.886579864025407e-15,6.484770835784929,70,255,255,255
1251,25.02,94.03700142913509,44.439010103923295,-22.52000000000001,4.971397714789193,3.4341244535228093,-0.4999999999999894,0.11867945981966255,0.18536827943530954,1.149080830487037e-14,6.490006823540912,70,255,255,255
1252,25.04,94.13647829875178,44.507773192594854,-22.53000000000001,4.973843480834619,3.438154433578116,-0.4999999999999892,0.1222883022712935,0.20149900276532984,1.0824674490095276e-14,6.495242811296896,70,255,255,255
1253,25.060000000000002,94.23600536234963,44.576622817060134,-22.540000000000006,4.976353179892463,3.44248122326394,-0.49999999999998923,0.12548495289221417,0.2163394842912143,-4.052314039881821e-15,6.500478799052879,70,255,255,255
1254,25.080000000000002,94.3355837415589,44.64556441888291,-22.550000000000004,4.978918960463487,3.4470800911389516,-0.4999999999999893,0.12828902855115487,0.2299433937505797,-3.885780586188048e-15,6.505714786808862,70,255,255,255
1255,25.1,94.43521440860707,44.71460296596938,-22.560000000000006,4.9815333524079835,3.4519273543232,-0.4999999999999896,0.13071959722484028,0.24236315921241314,-1.7930101847696278e-14,6.5109507745648445,70,255,255,255
1256,25.12,94.5348981937274,44.78374297303892,-22.570000000000007,4.984189256016436,3.457000353477036,-0.49999999999998995,0.1327951804226286,0.2536499576917963,-1.6930901125533637e-14,6.516186762320828,70,255,255,255
1257,25.14,94.63463579235027,44.85298852159179,-22.58000000000001,4.986879931143232,3.462277427643637,-0.49999999999999,0.13453375633979725,0.2638537083300747,-1.7208456881689926e-15,6.521422750076811,70,255,255,255
1258,25.16,94.7344277720786,44.92234327937186,-22.59000000000001,4.989598986417069,3.4677378890035726,-0.49999999999998973,0.13595276369186493,0.2730230679967711,1.2656542480726785e-14,6.526658737832793,70,255,255,255
1259,25.18,94.83427457944941,44.9918105193236,-22.600000000000012,4.992340368540686,3.4733619975870655,-0.4999999999999895,0.1370691061808671,0.2812054291746455,1.1823875212257917e-14,6.531894725588776,70,255,255,255
1260,25.2,94.93417654648324,45.06139313804334,-22.61000000000001,4.9950983516917,3.4791309359869693,-0.4999999999999893,0.13789915755069515,0.28844691999518535,1.1157741397482823e-14,6.53713071334476,70,255,255,255
1261,25.22,95.03413389702395,45.1310936737256,-22.620000000000008,4.9978675270354245,3.485026784112859,-0.49999999999998906,0.13845876718619365,0.2947924062944871,1.049160758270773e-14,6.542366701100742,70,255,255,255
1262,25.240000000000002,95.13414675287115,45.200914323606085,-22.630000000000006,5.000642792359748,3.491032494024175,-0.4999999999999892,0.13876326621617707,0.3002854955657992,-4.385380947269368e-15,6.547602688856726,70,255,255,255
1263,25.26,95.23421513970797,45.27085696090364,-22.640000000000008,5.0034193418413135,3.4971318648779333,-0.49999999999998956,0.13882747407828155,0.3049685426879001,-1.8263168755083825e-14,6.5528386766127085,70,255,255,255
1264,25.28,95.334338992827,45.34092315126413,-22.65000000000001,5.0061926559515175,3.50330951802422,-0.4999999999999896,0.1386657055102063,0.3088826573143484,-2.886579864025407e-15,6.558074664368692,70,255,255,255
1265,25.3,95.4345181626572,45.41111416870974,-22.66000000000001,5.0089584915100644,3.509550872280451,-0.4999999999999894,0.1382917779273356,0.312067712811531,1.149080830487037e-14,6.563310652124675,70,255,255,255
1266,25.32,95.53475242009506,45.481431011098,-22.67000000000001,5.01171287189316,3.5158421194132186,-0.4999999999999892,0.1377190191547628,0.31456235663838683,1.0824674490095276e-14,6.568546639880657,70,255,255,255
1267,25.34,95.63504146164311,45.55187441509509,-22.680000000000007,5.014452077402718,3.5221701998545183,-0.49999999999998923,0.13696027547794998,0.31640402206497686,-4.052314039881821e-15,6.57378262763664,70,255,255,255
1268,25.36,95.73538491435916,45.62244487066864,-22.690000000000005,5.0171726358023365,3.5285227786771323,-0.4999999999999893,0.13602791998092734,0.3176289411307045,-3.885780586188048e-15,6.579018615392624,70,255,255,255
1269,25.38,95.83578234061966,45.69314263510568,-22.700000000000003,5.019871313025172,3.534888221852065,-0.49999999999998934,0.13493386114180606,0.3182721587466384,-3.7192471324942744e-15,6.584254603148606,70,255,255,255
1270,25.400000000000002,95.93623324270082,45.76396774656186,-22.710000000000004,5.022545104058277,3.5412555728090993,-0.49999999999999,0.13368955165521879,0.3183675478517123,-3.197442310920451e-14,6.58949059090459,70,255,255,255
1271,25.42,96.03673706718097,45.83492003714826,-22.720000000000006,5.02519122400738,3.5476145293197763,-0.49999999999999034,0.1323059974551688,0.3179478255338446,-1.5765166949677223e-14,6.594726578660572,70,255,255,255
1272,25.44,96.13729320916788,45.90599914556267,-22.730000000000008,5.027807099345603,3.5539554207204604,-0.49999999999999034,0.1307937669111503,0.31704457003420616,-5.551115123125783e-16,6.599962566416556,70,255,255,255
1273,25.46,96.23790101635485,45.9772045292725,-22.74000000000001,5.030390359349058,3.5602691854915105,-0.49999999999999034,0.1291630001727455,0.31568823855250194,-5.551115123125783e-16,6.605198554172539,70,255,255,255
1274,25.48,96.3385597929093,46.04853547625664,-22.75000000000001,5.032938827721825,3.5665473492070703,-0.49999999999999034,0.12742341863834294,0.31390818577798285,-5.551115123125783e-16,6.610434541928521,70,255,255,255
1275,25.5,96.43926880319754,46.11999111631401,-22.760000000000012,5.035450514412348,3.5727820028685247,-0.49999999999999006,0.12558433452614537,0.3117326830727247,1.3655743202889425e-14,6.615670529684505,70,255,255,255
1276,25.52,96.54002727535,46.19157043194668,-22.770000000000014,5.037923607622859,3.578965781633262,-0.4999999999999895,0.12365466052552865,0.30918893823685556,2.7033930649622562e-14,6.6209065174404875,70,255,255,255
1277,25.54,96.64083440467026,46.26327226882566,-22.780000000000012,5.040356466013019,3.58509184394906,-0.499999999999989,0.12164291950800443,0.30630311578992586,2.5368596112684827e-14,6.62614250519647,70,255,255,255
1278,25.560000000000002,96.74168935689224,46.33509534584772,-22.79000000000001,5.042747611098629,3.5911538511031535,-0.49999999999998884,0.11955725428046282,0.30310035770465715,9.658940314238862e-15,6.631378492952454,70,255,255,255
1279,25.580000000000002,96.84259127128915,46.407038264791595,-22.800000000000008,5.04509571984582,3.597145947193795,-0.4999999999999887,0.11740543735957853,0.29960480453209204,9.159339953157541e-15,6.636614480708437,70,255,255,255
1280,25.6,96.94353926363837,46.47909951958221,-22.810000000000006,5.047399617460906,3.6030627395310484,-0.4999999999999888,0.11519488075426754,0.29583961686264937,-5.551115123125783e-15,6.64185046846442,70,255,255,255
1281,25.62,97.04453242904589,46.55127750517166,-22.820000000000004,5.049658270375626,3.6088992794723764,-0.4999999999999892,0.11293264573599515,0.29182699706639914,-1.942890293094024e-14,6.647086456220403,70,255,255,255
1282,25.64,97.14556984463444,46.62357052604561,-22.830000000000005,5.05187077942734,3.614651043697628,-0.49999999999998956,0.11062545258569045,0.2875882112625785,-1.8263168755083825e-14,6.652322443976385,70,255,255,255
1283,25.66,97.2466505720991,46.69597680436415,-22.840000000000007,5.054036373233344,3.6203139159270084,-0.4999999999999896,0.10827969030021123,0.2831436114690078,-2.886579864025407e-15,6.657558431732369,70,255,255,255
1284,25.68,97.34777366013427,46.76849448774585,-22.85000000000001,5.056154401758294,3.625884169084702,-0.4999999999999897,0.10590142624746868,0.2785126578846677,-2.7200464103316335e-15,6.6627944194883515,70,255,255,255
1285,25.7,97.44893814673573,46.84112165670405,-22.86000000000001,5.0582243300734095,3.6313584479099577,-0.49999999999998973,0.10349641575581714,0.2737139412627809,-2.55351295663786e-15,6.668030407244334,70,255,255,255
1286,25.72,97.55014306138185,46.91385633174438,-22.87000000000001,5.0602457323059795,3.636733752016602,-0.4999999999999895,0.10107011162848067,0.2687652053322003,1.1823875212257917e-14,6.673266395000317,70,255,255,255
1287,25.740000000000002,97.65138742709739,46.9866964801324,-22.88000000000001,5.062218285777385,3.6420074194011813,-0.4999999999999893,0.09862767357027735,0.26368336922896374,1.1157741397482823e-14,6.6785023827563,70,255,255,255
1288,25.76,97.75267026240394,47.05964002234039,-22.890000000000008,5.064141765327742,3.6471771103992037,-0.49999999999998934,0.09617397751780121,0.258484549901111,-3.7192471324942744e-15,6.683738370512284,70,255,255,255
1289,25.78,97.85399058316044,47.13268483818216,-22.90000000000001,5.06601603782503,3.6522407920882647,-0.4999999999999894,0.09371362486439949,0.2531840844530495,-3.552713678800501e-15,6.688974358268267,70,255,255,255
1290,25.8,97.95534740429757,47.20582877264488,-22.910000000000007,5.067841056856437,3.6571967231362,-0.4999999999999892,0.09125095157039631,0.24779655239677512,1.0824674490095276e-14,6.694210346024249,70,255,255,255
1291,25.82,98.05673974144956,47.279069641426716,-22.920000000000005,5.069616857599469,3.6620434390918017,-0.49999999999998923,0.0887900371515693,0.24233579778007153,-4.052314039881821e-15,6.699446333780233,70,255,255,255
1292,25.84,98.15816661248697,47.352405236189014,-22.930000000000007,5.071343551870236,3.6667797381150793,-0.4999999999999896,0.08633471353836875,0.23681495116387064,-1.8096635301390052e-14,6.7046823215362155,70,255,255,255
1293,25.86,98.2596270389539,47.42583332953188,-22.94000000000001,5.073021323346244,3.671404667143536,-0.4999999999999897,0.08388857380036896,0.23124645142282985,-2.7200464103316335e-15,6.709918309292198,70,255,255,255
1294,25.88,98.36112004741311,47.49935167970169,-22.95000000000001,5.074650422960814,3.6759175084904148,-0.49999999999998945,0.08145498072849389,0.2256420673439381,1.1657341758564144e-14,6.715154297048181,70,255,255,255
1295,25.900000000000002,98.46264467070243,47.5729580350391,-22.96000000000001,5.076231164466252,3.6803177668704574,-0.4999999999999895,0.07903707527189852,0.2200129190021216,-3.219646771412954e-15,6.720390284804164,70,255,255,255
1296,25.92,98.56419994910569,47.646650138176064,-22.97000000000001,5.077763920162695,3.6846051568482636,-0.4999999999999893,0.0766377848221591,0.2143694988903051,1.1157741397482823e-14,6.725626272560148,70,255,255,255
1297,25.94,98.66578493144148,47.72042572999015,-22.980000000000008,5.07924911678957,3.688779590704004,-0.49999999999998906,0.07425983134373393,0.20872169278701813,1.049160758270773e-14,6.7308622603161306,70,255,255,255
1298,25.96,98.76739867607301,47.794282553324365,-22.990000000000006,5.080687231576446,3.692841166710833,-0.4999999999999892,0.07190573934379696,0.2030788003414461,-4.385380947269368e-15,6.736098248072113,70,255,255,255
1299,25.98,98.86904025184202,47.868218356480725,-23.000000000000007,5.082078788450065,3.696790157818074,-0.49999999999998956,0.06957784368094533,0.19744955536204412,-1.8263168755083825e-14,6.741334235828097,70,255,255,255
1300,26.0,98.9707087389299,47.9422308964954,-23.01000000000001,5.083424354394223,3.7006270007339315,-0.4999999999999896,0.06727829720791689,0.19184214579286563,-2.886579864025407e-15,6.746570223584079,70,255,255,255
1301,26.02,99.07240388950191,48.016327343902525,-23.02000000000001,5.084757528600355,3.704822370356204,-0.4999999999999894,0.06665871030659964,0.20976848111363644,1.149080830487037e-14,6.751806211340062,70,255,255,255
1302,26.04,99.1741254279318,48.09051430475235,-23.03000000000001,5.086076921494012,3.709348042491112,-0.4999999999999892,0.06596964468282174,0.22628360674538595,1.0824674490095276e-14,6.757042199096045,70,255,255,255
1303,26.060000000000002,99.2758730529103,48.1647978439106,-23.040000000000006,5.087381248925313,3.7141769579124815,-0.49999999999998923,0.06521637156503513,0.24144577106848875,-4.052314039881821e-15,6.762278186852028,70,255,255,255
1304,26.080000000000002,99.37764643946826,48.239183507825764,-23.050000000000004,5.088669327898109,3.7192831957584493,-0.4999999999999893,0.06440394863979737,0.25531189229839946,-3.885780586188048e-15,6.767514174608012,70,255,255,255
1305,26.1,99.47944524091614,48.31367634675983,-23.060000000000006,5.089940072393554,3.724641946702987,-0.4999999999999896,0.06353722477221613,0.26793754722688723,-1.7930101847696278e-14,6.7727501623639945,70,255,255,255
1306,26.12,99.58126909070192,48.388280936479,-23.070000000000007,5.091192489289095,3.730229485958669,-0.49999999999998995,0.06262084477706775,0.279376962784077,-1.6930901125533637e-14,6.777986150119977,70,255,255,255
1307,26.14,99.68311760418939,48.46300139940228,-23.08000000000001,5.092425674373694,3.7360231461640168,-0.49999999999999,0.06165925422995944,0.2896830102673986,-1.7208456881689926e-15,6.783222137875961,70,255,255,255
1308,26.16,99.7849903803586,48.537841425206395,-23.09000000000001,5.093638808459874,3.7420012902057223,-0.49999999999998973,0.06065670430895942,0.2989072020852852,1.2656542480726785e-14,6.788458125631943,70,255,255,255
1309,26.18,99.88688700343046,48.61280429088686,-23.100000000000012,5.094831153592999,3.7481432840231377,-0.4999999999999895,0.05961725665628048,0.3070996908707673,1.1823875212257917e-14,6.793694113387926,70,255,255,255
1310,26.2,99.98880704441763,48.68789288027565,-23.11000000000001,5.096002049358041,3.754429469439612,-0.4999999999999893,0.058544788252107516,0.31430927082372895,1.1157741397482823e-14,6.798930101143909,70,255,255,255
1311,26.22,100.0907500626033,48.7631097030169,-23.120000000000008,5.097150909283861,3.7608411370625356,-0.49999999999998906,0.057442996290980375,0.3205833811461676,1.049160758270773e-14,6.804166088899892,70,255,255,255
1312,26.240000000000002,100.1927156069502,48.83845691300273,-23.130000000000006,5.098277217344931,3.7673604992913257,-0.4999999999999892,0.056315403053530666,0.32596811143949544,-4.385380947269368e-15,6.809402076655876,70,255,255,255
1313,26.26,100.29470321744141,48.91393632627213,-23.140000000000008,5.099380524560239,3.773970663470063,-0.49999999999998956,0.05516536076540213,0.33050820893686605,-1.8263168755083825e-14,6.8146380644118585,70,255,255,255
1314,26.28,100.3967124263552,48.98954943837651,-23.15000000000001,5.100460445688985,3.7806556052190654,-0.4999999999999896,0.05399605643731942,0.33424708745011333,-2.886579864025407e-15,6.819874052167841,70,255,255,255
1315,26.3,100.49874275947565,49.06529744121605,-23.16000000000001,5.101516656022557,3.7874001419773182,-0.4999999999999894,0.052810516678608366,0.33722683791264974,1.149080830487037e-14,6.825110039923825,70,255,255,255
1316,26.32,100.60079373724109,49.14118123935176,-23.17000000000001,5.102548888272132,3.7941899067854536,-0.4999999999999892,0.051611612478747126,0.33948824040676095,1.0824674490095276e-14,6.830346027679807,70,255,255,255
1317,26.34,100.70286487583212,49.217201465798496,-23.180000000000007,5.10355692955115,3.801011322336785,-0.49999999999998923,0.050402063950914844,0.3410707775665851,-4.052314039881821e-15,6.83558201543579,70,255,255,255
1318,26.36,100.80495568820116,49.29335849730493,-23.190000000000005,5.104540618451798,3.8078515753218385,-0.4999999999999893,0.049184445032414814,0.3420126492526703,-3.885780586188048e-15,6.840818003191773,70,255,255,255
1319,26.38,100.90706568504545,49.36965246912673,-23.200000000000003,5.105499842214538,3.8146985910898152,-0.49999999999998934,0.04796118813696992,0.34235078839883215,-3.7192471324942744e-15,6.846053990947756,70,255,255,255
1320,26.400000000000002,101.00919437572524,49.4460832892997,-23.210000000000004,5.106434533989624,3.8215410086485115,-0.49999999999999,0.046734588754310025,0.3421208779348248,-3.197442310920451e-14,6.85128997870374,70,255,255,255
1321,26.42,101.11134126912903,49.52265065242015,-23.220000000000006,5.107344670189475,3.8283681560223894,-0.49999999999999034,0.045506809992557073,0.34135736869389754,-1.5765166949677223e-14,6.8565259664597225,70,255,255,255
1322,26.44,101.21350587448764,49.59935405293988,-23.230000000000008,5.1082302679306855,3.83517002598674,-0.49999999999999034,0.04427988706053565,0.340093498217533,-5.551115123125783e-16,6.861761954215705,70,255,255,255
1323,26.46,101.31568770213893,49.67619279798377,-23.24000000000001,5.109091382564388,3.8419372521941924,-0.49999999999999034,0.04305573168513277,0.33836131037260353,-5.551115123125783e-16,6.866997941971689,70,255,255,255
1324,26.48,101.4178862642448,49.75316601969793,-23.25000000000001,5.109928105293619,3.8486610857082275,-0.49999999999999034,0.04183613646152118,0.33619167570175534,-5.551115123125783e-16,6.872233929727671,70,255,255,255
1325,26.5,101.52010107546232,49.83027268713707,-23.260000000000012,5.1107405608762795,3.855333371956829,-0.49999999999999006,0.04062277913302026,0.33361431243005546,1.3655743202889425e-14,6.877469917483654,70,255,255,255
1326,26.52,101.62233165357057,49.90751161769943,-23.270000000000014,5.111528905412232,3.8619465281179233,-0.4999999999999895,0.03941722679762005,0.33065780805472134,2.7033930649622562e-14,6.882705905239637,70,255,255,255
1327,26.54,101.72457752005484,49.98488148811837,-23.280000000000012,5.112293324213021,3.8684935209469042,-0.499999999999989,0.03822094003943999,0.32734964144905776,2.5368596112684827e-14,6.887941892995619,70,255,255,255
1328,26.560000000000002,101.82683820064989,50.06238084501947,-23.29000000000001,5.113034029752676,3.8749678450551737,-0.49999999999998884,0.037035276982727794,0.3237162054134637,9.658940314238862e-15,6.893177880751603,70,255,255,255
1329,26.580000000000002,101.92911322584385,50.14000811505242,-23.300000000000008,5.113751259698001,3.8813635016474,-0.4999999999999887,0.03586149726622434,0.31978282961130944,9.159339953157541e-15,6.898413868507586,70,255,255,255
1330,26.6,102.03140213134418,50.2177616146069,-23.310000000000006,5.114445275016742,3.887674977723998,-0.4999999999999888,0.03470076593707461,0.3155738038298912,-5.551115123125783e-15,6.903649856263569,70,255,255,255
1331,26.62,102.13370445850742,50.29563955912198,-23.320000000000004,5.115116358161986,3.8938972257541824,-0.4999999999999892,0.03355415726219668,0.3111124015092219,-1.942890293094024e-14,6.908885844019552,70,255,255,255
1332,26.64,102.23601975473404,50.37364007199846,-23.330000000000005,5.115764811331109,3.90002564382389,-0.49999999999998956,0.03242265845615577,0.3064209034853733,-1.8263168755083825e-14,6.914121831775535,70,255,255,255
1333,26.66,102.33834757382999,50.451761193123694,-23.340000000000007,5.116390954797609,3.906056056261838,-0.4999999999999896,0.03130717332497124,0.30152062189739137,-2.886579864025407e-15,6.919357819531518,70,255,255,255
1334,26.68,102.44068747633628,50.530000887018616,-23.35000000000001,5.116995125314096,3.911984694746031,-0.4999999999999897,0.030208525824350296,0.2964319242096609,-2.7200464103316335e-15,6.924593807287501,70,255,255,255
1335,26.7,102.54303902982798,50.60835705061646,-23.36000000000001,5.117577674584744,3.91780817989212,-0.49999999999998973,0.029127463532407027,0.2911742573044491,-2.55351295663786e-15,6.929829795043483,70,255,255,255
1336,26.72,102.6454018091841,50.68682752068295,-23.37000000000001,5.1181389678054705,3.923523503324157,-0.4999999999999895,0.028064661036325766,0.2857661716018538,1.1823875212257917e-14,6.935065782799467,70,255,255,255
1337,26.740000000000002,102.7477753968295,50.7654100808875,-23.38000000000001,5.118679382270119,3.9291280102274952,-0.4999999999999893,0.027020723232420885,0.2802253451669183,1.1157741397482823e-14,6.94030177055545,70,255,255,255
1338,26.76,102.85015938295031,50.844102468535155,-23.390000000000008,5.119199306040909,3.9346193823828104,-0.49999999999998934,0.02599618853953256,0.2745686077657501,-3.7192471324942744e-15,6.945537758311433,70,255,255,255
1339,26.78,102.95255336568394,50.92290238096874,-23.40000000000001,5.119699136681441,3.939995621679535,-0.4999999999999894,0.024991532026579222,0.26881196483623393,-3.552713678800501e-15,6.950773746067416,70,255,255,255
1340,26.8,103.05495695128495,51.00180748165087,-23.410000000000007,5.120179280050504,3.9452550341063097,-0.4999999999999892,0.024007168453128003,0.26297062133873306,1.0824674490095276e-14,6.956009733823399,70,255,255,255
1341,26.82,103.15736975426805,51.08081540593518,-23.420000000000005,5.120640149154995,3.950396214215449,-0.49999999999998923,0.023043455224565967,0.2570590054569526,-4.052314039881821e-15,6.961245721579382,70,255,255,255
1342,26.84,103.25979139752926,51.15992376653634,-23.430000000000007,5.121082163060223,3.9554180300578357,-0.4999999999999896,0.02210069526137559,0.2510907921193417,-1.8096635301390052e-14,6.966481709335365,70,255,255,255
1343,26.86,103.36222151244637,51.23913015870802,-23.44000000000001,5.1215057458558935,3.960319608584128,-0.4999999999999897,0.021179139783525258,0.24507892631462047,-2.7200464103316335e-15,6.971717697091347,70,255,255,255
1344,26.88,103.4646597389599,51.31843216513818,-23.45000000000001,5.121911325676108,3.9651003215076495,-0.49999999999998945,0.020278991010730607,0.23903564617605966,1.1657341758564144e-14,6.976953684847331,70,255,255,255
1345,26.900000000000002,103.56710572563533,51.39782736057065,-23.46000000000001,5.122299333771682,3.9697597716238895,-0.4999999999999895,0.019400404778701308,0.23297250581199247,-3.219646771412954e-15,6.982189672603314,70,255,255,255
1346,26.92,103.66955912970799,51.477313316162274,-23.47000000000001,5.122670203633141,3.9742977795810974,-0.4999999999999893,0.018543493072912476,0.22690039786039717,1.1157741397482823e-14,6.987425660359297,70,255,255,255
1347,26.94,103.77201961711124,51.556887603584194,-23.480000000000008,5.123024370162752,3.978714371096084,-0.49999999999998906,0.017708326480555314,0.2208295757493408,1.049160758270773e-14,6.99266164811528,70,255,255,255
1348,26.96,103.87448686248912,51.63654779887637,-23.490000000000006,5.12336226889398,3.9830097646089593,-0.4999999999999892,0.016894936561392626,0.21476967564375515,-4.385380947269368e-15,6.997897635871263,70,255,255,255
1349,26.98,103.97696054919426,51.716291486063774,-23.500000000000007,5.123684335256757,3.9871843593702287,-0.49999999999998956,0.016103318138855904,0.20872973806347428,-1.8263168755083825e-14,7.003133623627246,70,255,255,255
1350,27.0,104.079440369272,51.79611626054284,-23.51000000000001,5.12399100388701,3.991238723953371,-0.4999999999999896,0.01533343151263633,0.20271822915711013,-2.886579864025407e-15,7.008369611383229,70,255,255,255
1351,27.02,104.18192422746168,51.876028984373,-23.52000000000001,5.124192909483905,3.9956361915081917,-0.4999999999999894,0.010095279844740901,0.21987337774102755,1.149080830487037e-14,7.013605599139211,70,255,255,255
1352,27.04,104.28441014775728,51.95603596717117,-23.53000000000001,5.124296014780489,4.000349139908302,-0.4999999999999892,0.005155264829216577,0.23564742000551853,1.0824674490095276e-14,7.018841586895194,70,255,255,255
1353,27.060000000000002,104.38689626941381,52.036142989162876,-23.540000000000006,5.124306082826308,4.005351099585545,-0.49999999999998923,0.0005034022909446989,0.2500979838621804,-4.052314039881821e-15,7.024077574651177,70,255,255,255
1354,27.080000000000002,104.48938084300876,52.116355323697434,-23.550000000000004,5.124228679747533,4.01061672672781,-0.4999999999999893,-0.0038701539387657746,0.2632813571132484,-3.885780586188048e-15,7.029313562407161,70,255,255,255
1355,27.1,104.59186222656189,52.19667775922311,-23.560000000000006,5.124069177656565,4.016121776283766,-0.4999999999999896,-0.00797510454839312,0.27525247779782447,-1.7930101847696278e-14,7.034549550163144,70,255,255,255
1356,27.12,104.69433888171584,52.27711462071969,-23.570000000000007,5.123832757697483,4.021843074829303,-0.49999999999998995,-0.011820997954144374,0.2860649272768656,-1.6930901125533637e-14,7.039785537919126,70,255,255,255
1357,27.14,104.79680936998012,52.35766979058664,-23.58000000000001,5.123524413214306,4.027758493347373,-0.49999999999999,-0.015417224158846388,0.2957709259035095,-1.7208456881689926e-15,7.04502152567511,70,255,255,255
1358,27.16,104.89927234904071,52.43834672898604,-23.59000000000001,5.123148953029654,4.033846919969996,-0.49999999999998973,-0.018773009232621263,0.3044213311311115,1.2656542480726785e-14,7.0502575134310925,70,255,255,255
1359,27.18,105.00172656913715,52.51914849364061,-23.600000000000012,5.122711004821911,4.0400882327283005,-0.4999999999999895,-0.021897410387174965,0.31206563791524733,1.1823875212257917e-14,7.055493501187075,70,255,255,255
1360,27.2,105.10417086950893,52.60007775908768,-23.61000000000001,5.1222150185895945,4.0464632723537335,-0.4999999999999893,-0.024799311615828934,0.31875198127166904,1.1157741397482823e-14,7.060729488943058,70,255,255,255
1361,27.22,105.20660417491278,52.6811368353911,-23.620000000000008,5.121665270192151,4.052953815170867,-0.49999999999998906,-0.027487419872175956,0.3245271408566994,1.049160758270773e-14,7.065965476699041,70,255,255,255
1362,27.240000000000002,105.30902549221192,52.7623276863135,-23.630000000000006,5.121065864956924,4.059542546119693,-0.4999999999999892,-0.029970261761337547,0.32943654744128814,-4.385380947269368e-15,7.071201464455025,70,255,255,255
1363,27.26,105.41143390703877,52.843651946952356,-23.640000000000008,5.120420741342557,4.066213031942789,-0.49999999999998956,-0.03225618071833658,0.3335242911548253,-1.8263168755083825e-14,7.076437452211008,70,255,255,255
1364,27.28,105.51382858053177,52.925110940843766,-23.65000000000001,5.119733674649581,4.072949694570383,-0.4999999999999896,-0.03435333464880763,0.33683313137970483,-2.886579864025407e-15,7.08167343996699,70,255,255,255
1365,27.3,105.61620874614715,53.00670569653845,-23.66000000000001,5.11900828076942,4.079737784734001,-0.4999999999999894,-0.03626969400800828,0.33940450818088674,1.149080830487037e-14,7.086909427722974,70,255,255,255
1366,27.32,105.71857370654642,53.08843696365519,-23.67000000000001,5.118248019963516,4.086563355837219,-0.4999999999999892,-0.03801304029522257,0.3412785551609101,1.0824674490095276e-14,7.0921454154789565,70,255,255,255
1367,27.34,105.82092283055971,53.17030522841739,-23.680000000000007,5.117456200664701,4.093413238109897,-0.49999999999998923,-0.03959096494074288,0.3424941136338804,-4.052314039881821e-15,7.097381403234939,70,255,255,255
1368,27.36,105.92325555022558,53.25231072867879,-23.690000000000005,5.1166359832934285,4.10027501307023,-0.4999999999999893,-0.04101086856359881,0.34308874801664935,-3.885780586188048e-15,7.102617390990922,70,255,255,255
1369,27.38,106.02557135790721,53.33445346844513,-23.700000000000003,5.115790384081841,4.1071369883170235,-0.49999999999998934,-0.042279960579400644,0.34309876233966996,-3.7192471324942744e-15,7.107853378746905,70,255,255,255
1370,27.400000000000002,106.1278698034852,53.41673323189859,-23.710000000000004,5.114922278899095,4.113988172672696,-0.49999999999999,-0.043405259137268004,0.34255921778359166,-3.197442310920451e-14,7.113089366502889,70,255,255,255
1371,27.42,106.23015049162663,53.499149596932504,-23.720000000000006,5.1140344070717525,4.120818251695742,-0.49999999999999034,-0.04439359136712895,0.3415039511523501,-1.5765166949677223e-14,7.118325354258872,70,255,255,255
1372,27.44,106.3324130791305,53.5817019482041,-23.730000000000008,5.113129375193413,4.127617563579685,-0.49999999999999034,-0.045251593916987964,0.339965594197154,-5.551115123125783e-16,7.123561342014854,70,255,255,255
1373,27.46,106.43465727234887,53.66438948971317,-23.74000000000001,5.112209660918141,4.134377075453856,-0.49999999999999034,-0.045985713763610825,0.3379755937085491,-5.551115123125783e-16,7.128797329770838,70,255,255,255
1374,27.48,106.53688282468353,53.74721125691517,-23.75000000000001,5.111277616732592,4.141088360099843,-0.49999999999999034,-0.046602209277419426,0.3355642322993413,-5.551115123125783e-16,7.1340333175268205,70,255,255,255
1375,27.5,106.63908953415758,53.83016612837709,-23.760000000000012,5.110335473702081,4.147743573095903,-0.49999999999999006,-0.047107151525559665,0.33276064980301534,1.3655743202889425e-14,7.139269305282803,70,255,255,255
1376,27.52,106.7412772410613,53.913252836985095,-23.770000000000014,5.109385345186154,4.154335430400239,-0.4999999999999895,-0.047506425796361995,0.32959286521677633,2.7033930649622562e-14,7.144505293038786,70,255,255,255
1377,27.54,106.8434458256717,53.996469980712746,-23.780000000000012,5.108429230519562,4.160857186382666,-0.499999999999989,-0.04780573332961424,0.3260877991213418,2.5368596112684827e-14,7.1497412807947684,70,255,255,255
1378,27.560000000000002,106.94559520604479,54.079816032959,-23.79000000000001,5.107469018654811,4.167302612312928,-0.49999999999998884,-0.04801059323751655,0.32227129651311603,9.658940314238862e-15,7.154977268550752,70,255,255,255
1379,27.580000000000002,107.04772533588005,54.163289352465256,-23.800000000000008,5.106506491762776,4.173665975312666,-0.4999999999999887,-0.048126344601782556,0.31816814998690823,9.159339953157541e-15,7.1602132563067356,70,255,255,255
1380,27.6,107.1498362024558,54.24688819282079,-23.810000000000006,5.1055433287881185,4.179942017776911,-0.4999999999999888,-0.04815814873286861,0.3138021232122794,-5.551115123125783e-15,7.165449244062718,70,255,255,255
1381,27.62,107.25192782463493,54.33061071156619,-23.820000000000004,5.104581108956557,4.186125937269852,-0.4999999999999892,-0.0481109915780733,0.30919597464700654,-1.942890293094024e-14,7.170685231818701,70,255,255,255
1382,27.64,107.35400025093956,54.41445497890416,-23.830000000000005,5.103621315231236,4.192213366898575,-0.49999999999998956,-0.047989686266063813,0.30437148143619996,-1.8263168755083825e-14,7.175921219574684,70,255,255,255
1383,27.66,107.45605355769388,54.49841898602751,-23.840000000000007,5.102665337715741,4.198200356167531,-0.4999999999999896,-0.047798875774775595,0.2993494634477667,-2.886579864025407e-15,7.181157207330667,70,255,255,255
1384,27.68,107.5580878472339,54.58250065307382,-23.85000000000001,5.101714477001507,4.2040833523154735,-0.4999999999999897,-0.047543035711695936,0.2941498073971056,-2.7200464103316335e-15,7.18639319508665,70,255,255,255
1385,27.7,107.66010324618306,54.66669783671654,-23.86000000000001,5.100769947457602,4.209859182135826,-0.49999999999998973,-0.047226477195261296,0.288791491017629,-2.55351295663786e-15,7.191629182842632,70,255,255,255
1386,27.72,107.76209990379228,54.75100833740215,-23.87000000000001,5.099832880461076,4.215525034280533,-0.4999999999999895,-0.04685334982629197,0.283292607235313,1.1823875212257917e-14,7.196865170598616,70,255,255,255
1387,27.740000000000002,107.8640779903436,54.83542990624308,-23.88000000000001,5.098904327566282,4.221078442046701,-0.4999999999999893,-0.04642764473969052,0.2776703883084153,1.1157741397482823e-14,7.2021011583545995,70,255,255,255
1388,27.76,107.96603769561584,54.91996025157597,-23.890000000000008,5.097985263611746,4.226517266644617,-0.49999999999998934,-0.045953197726766426,0.2719412298957895,-3.7192471324942744e-15,7.207337146110582,70,255,255,255
1389,27.78,108.0679792274111,55.00459704519487,-23.90000000000001,5.097076589763381,4.2318396809450185,-0.4999999999999894,-0.04543369241825701,0.2661207150200964,-3.552713678800501e-15,7.212573133866565,70,255,255,255
1390,27.8,108.16990281014095,55.089337928268925,-23.910000000000007,5.096179136492974,4.237044153702876,-0.4999999999999892,-0.044872663520359346,0.26022363789290015,1.0824674490095276e-14,7.217809121622548,70,255,255,255
1391,27.82,108.27180868347078,55.17418051695401,-23.920000000000005,5.09529366649108,4.2421294342543305,-0.49999999999998923,-0.044273500094700324,0.2542640275727095,-4.052314039881821e-15,7.223045109378531,70,255,255,255
1392,27.84,108.37369710102105,55.259122407707665,-23.930000000000007,5.09442087751359,4.247094537682883,-0.4999999999999896,-0.04363944887447602,0.24825517142760933,-1.8096635301390052e-14,7.228281097134514,70,255,255,255
1393,27.86,108.47556832912429,55.344161182316675,-23.94000000000001,5.093561405161405,4.251938730450422,-0.4999999999999897,-0.0429736176092419,0.2422096383769361,-2.7200464103316335e-15,7.233517084890496,70,255,255,255
1394,27.88,108.57742264563615,55.42929441264644,-23.95000000000001,5.092715825592769,4.25666151648818,-0.49999999999998945,-0.04227897843177697,0.2361393018878779,1.1657341758564144e-14,7.23875307264648,70,255,255,255
1395,27.900000000000002,108.67926033879951,55.514519665121284,-23.96000000000001,5.091884658167981,4.261262623742284,-0.4999999999999895,-0.0415583712394092,0.23005536270519933,-3.219646771412954e-15,7.2439890604024635,70,255,255,255
1396,27.92,108.78108170616004,55.599834504944646,-23.97000000000001,5.0910683680262885,4.265741991168146,-0.4999999999999893,-0.04081450708464107,0.22396837129311908,1.1157741397482823e-14,7.249225048158446,70,255,255,255
1397,27.94,108.88288705353193,55.685236500067994,-23.980000000000008,5.090267368594932,4.27009975616758,-0.49999999999998906,-0.04004997156782952,0.2178882499717174,1.049160758270773e-14,7.254461035914429,70,255,255,255
1398,27.96,108.98467669401253,55.77072322491724,-23.990000000000006,5.089482024030382,4.274336242462173,-0.4999999999999892,-0.03926722822748552,0.2118243147296237,-4.385380947269368e-15,7.259697023670412,70,255,255,255
1399,27.98,109.08645094704437,55.856292263885166,-24.000000000000007,5.088712651591934,4.2784519483961425,-0.49999999999998956,-0.03846862192240419,0.20578529669846013,-1.8263168755083825e-14,7.264933011426395,70,255,255,255
1400,28.0,109.18821013752333,55.9419412145984,-24.01000000000001,5.087959523947923,4.282447535661632,-0.4999999999999896,-0.03765638220054779,0.19977936327445178,-2.886579864025407e-15,7.270168999182378,70,255,255,255
1401,28.02,109.28995046555139,56.027676163003854,-24.02000000000001,5.087016401402818,4.286747420272663,-0.4999999999999894,-0.047156127255262525,0.2149942305515733,1.149080830487037e-14,7.27540498693836,70,255,255,255
1402,28.04,109.39166838940432,56.11350269229531,-24.03000000000001,5.085896192646757,4.291326464573127,-0.4999999999999892,-0.05601043780303616,0.22895221502322638,1.0824674490095276e-14,7.280640974694344,70,255,255,255
1403,28.060000000000002,109.49336061570804,56.19942590414553,-24.040000000000006,5.084611315186409,4.296160592510779,-0.49999999999998923,-0.06424387301737955,0.24170639688258522,-4.052314039881821e-15,7.2858769624503275,70,255,255,255
1404,28.080000000000002,109.595024089807,56.28545043943478,-24.050000000000004,5.083173704947966,4.301226764462685,-0.4999999999999893,-0.07188051192215461,0.2533085975953302,-3.885780586188048e-15,7.29111295020631,70,255,255,255
1405,28.1,109.6966559863285,56.37158049847304,-24.060000000000006,5.081594826074495,4.306502951912868,-0.4999999999999896,-0.07894394367356483,0.2638093725091224,-1.7930101847696278e-14,7.296348937962293,70,255,255,255
1406,28.12,109.7982536999463,56.45781986071367,-24.070000000000007,5.079885680890295,4.31196811203151,-0.49999999999998995,-0.08545725920999558,0.27325800593208527,-1.6930901125533637e-14,7.301584925718276,70,255,255,255
1407,28.14,109.89981483634642,56.54417190395772,-24.08000000000001,5.078056820006305,4.317602162202314,-0.49999999999999,-0.09144304419953819,0.2817025085401861,-1.7208456881689926e-15,7.306820913474259,70,255,255,255
1408,28.16,110.00133720339726,56.63063962304856,-24.09000000000001,5.0761183525419264,4.323385954541876,-0.49999999999998973,-0.09692337321891209,0.28918961697811163,1.2656542480726785e-14,7.312056901230242,70,255,255,255
1409,28.18,110.10281880252606,56.71722564805761,-24.100000000000012,5.074079956439926,4.329301250452328,-0.4999999999999895,-0.1019198051000263,0.2957647955226177,1.1823875212257917e-14,7.317292888986224,70,255,255,255
1410,28.2,110.2042578203031,56.80393226196252,-24.11000000000001,5.0719508888523235,4.33533069524596,-0.4999999999999893,-0.10645337938009547,0.3014722396815994,1.1157741397482823e-14,7.322528876742208,70,255,255,255
1411,28.22,110.30565262023462,56.89076141782009,-24.120000000000008,5.069739996576397,4.341457792878112,-0.49999999999998906,-0.11054461379635949,0.30635488160757074,1.049160758270773e-14,7.3277648644981905,70,255,255,255
1412,28.240000000000002,110.40700173476505,56.97771475543653,-24.130000000000006,5.067455726521087,4.347666880822262,-0.4999999999999892,-0.11421350276548914,0.3104543972074749,-4.385380947269368e-15,7.333000852254174,70,255,255,255
1413,28.26,110.50830385748876,57.06479361753891,-24.140000000000008,5.065106136185244,4.353943105118978,-0.49999999999998956,-0.11747951679216051,0.31381121483578234,-1.8263168755083825e-14,7.338236840010157,70,255,255,255
1414,28.28,110.60955783557137,57.15199906545148,-24.15000000000001,5.0626989041302375,4.360272395628231,-0.4999999999999896,-0.12036160275032604,0.31646452546267057,-2.886579864025407e-15,7.34347282776614,70,255,255,255
1415,28.3,110.71076266237998,57.239331894281726,-24.16000000000001,5.060241340430505,4.366641441512455,-0.4999999999999894,-0.12287818498666159,0.31845229421117516,1.149080830487037e-14,7.348708815522123,70,255,255,255
1416,28.32,110.81191747032172,57.32679264762124,-24.17000000000001,5.057740397086648,4.373037666975735,-0.4999999999999892,-0.12504716719282616,0.31981127316403857,1.0824674490095276e-14,7.353944803278106,70,255,255,255
1417,28.34,110.91302152388946,57.414381631766894,-24.180000000000007,5.055202678386666,4.3794492072825895,-0.49999999999998923,-0.12688593499907252,0.3205770153426988,-4.052314039881821e-15,7.359180791034088,70,255,255,255
1418,28.36,111.01407421291348,57.50209892946845,-24.190000000000005,5.052634451201847,4.38586488507791,-0.4999999999999893,-0.1284113592409959,0.32078388976604977,-3.885780586188048e-15,7.364416778790072,70,255,255,255
1419,28.38,111.11507504601758,57.58994441320901,-24.200000000000003,5.050041655204777,4.392274187027918,-0.49999999999998934,-0.12963979985351592,0.32046509750040997,-3.7192471324942744e-15,7.3696527665460545,70,255,255,255
1420,28.400000000000002,111.21602364427754,57.67791775802502,-24.210000000000004,5.047429912997786,4.398667240800213,-0.49999999999999,-0.13058711034954484,0.31965268861473994,-3.197442310920451e-14,7.374888754302038,70,255,255,255
1421,28.42,111.31691973508036,57.76601845387301,-24.220000000000006,5.044804540141,4.405034792399421,-0.49999999999999034,-0.13126864283927642,0.3183775799603863,-1.5765166949677223e-14,7.380124742058021,70,255,255,255
1422,28.44,111.41776314618176,57.85424581755048,-24.230000000000008,5.042170555069978,4.411368183873368,-0.49999999999999034,-0.13169925355111545,0.3166695736973262,-5.551115123125783e-16,7.385360729814004,70,255,255,255
1423,28.46,111.51855379995963,57.94259900417854,-24.24000000000001,5.039532688893688,4.41765933140321,-0.49999999999999034,-0.13189330881448313,0.3145573764921439,-5.551115123125783e-16,7.390596717569987,70,255,255,255
1424,28.48,111.61929170786092,58.03107701825433,-24.25000000000001,5.036895395064327,4.423900703789549,-0.49999999999999034,-0.13186469146804125,0.312068619316924,-5.551115123125783e-16,7.39583270532597,70,255,255,255
1425,28.5,111.71997696503915,58.119678724281236,-24.260000000000012,5.034262858911208,4.430085301345175,-0.49999999999999006,-0.13162680765598012,0.309229877781279,1.3655743202889425e-14,7.401068693081952,70,255,255,255
1426,28.52,111.82060974517978,58.208402856985316,-24.270000000000014,5.031639007031599,4.436206635203841,-0.4999999999999895,-0.13119259398044747,0.3060666929333049,2.7033930649622562e-14,7.406304680837936,70,255,255,255
1427,28.54,111.92119029551043,58.29724803112638,-24.280000000000012,5.029027516532097,4.442258707053192,-0.499999999999989,-0.1305745249750494,0.302603592467543,2.5368596112684827e-14,7.4115406685939185,70,255,255,255
1428,28.560000000000002,112.02171893199272,58.38621275091236,-24.29000000000001,5.026431824114699,4.448235989298828,-0.49999999999998884,-0.12978462086993758,0.2988641122818265,9.658940314238862e-15,7.416776656349902,70,255,255,255
1429,28.580000000000002,112.12219603469276,58.47529541902566,-24.300000000000008,5.023855135002342,4.454133405665379,-0.4999999999999887,-0.12883445561783802,0.294870818327567,9.159339953157541e-15,7.422012644105886,70,255,255,255
1430,28.6,112.22262204332675,58.564494345270454,-24.310000000000006,5.021300431699307,4.459946312239404,-0.4999999999999888,-0.12773516515178684,0.29064532870121873,-5.551115123125783e-15,7.427248631861868,70,255,255,255
1431,28.62,112.3229974529784,58.65380775484961,-24.320000000000004,5.018770482582315,4.465670478957934,-0.4999999999999892,-0.12649745584954974,0.28620833592650996,-1.942890293094024e-14,7.432484619617851,70,255,255,255
1432,28.64,112.42332280998477,58.74323379628052,-24.330000000000005,5.016267850318795,4.471302071545551,-0.49999999999998956,-0.12513161317602428,0.28157962938085657,-1.8263168755083825e-14,7.437720607373834,70,255,255,255
1433,28.66,112.52359870798695,58.83277054895856,-24.340000000000007,5.013794900109158,4.476837633901969,-0.4999999999999896,-0.12364751048185507,0.27677811782088835,-2.886579864025407e-15,7.442956595129817,70,255,255,255
1434,28.68,112.62382578414196,58.922416030377384,-24.35000000000001,5.011353807750507,4.48227407094129,-0.4999999999999897,-0.12205461793252592,0.27182185196604713,-2.7200464103316335e-15,7.4481925828858,70,255,255,255
1435,28.7,112.72400471549234,59.01216820301505,-24.36000000000001,5.008946567519557,4.487608631883275,-0.49999999999998973,-0.12036201154752124,0.2667280470993054,-2.55351295663786e-15,7.453428570641782,70,255,255,255
1436,28.72,112.8241362154898,59.102024980894974,-24.37000000000001,5.006574999873014,4.492838893996259,-0.4999999999999895,-0.11857838232712226,0.26151310564921193,1.1823875212257917e-14,7.458664558397765,70,255,255,255
1437,28.740000000000002,112.92422103066909,59.19198423583079,-24.38000000000001,5.004240758964052,4.497962746790603,-0.4999999999999893,-0.11671204544813829,0.2561926397171854,1.1157741397482823e-14,7.463900546153749,70,255,255,255
1438,28.76,113.02425993746857,59.282043803364004,-24.390000000000008,5.001945339973867,4.502978376660952,-0.49999999999998934,-0.11477094950925615,0.2507814935174286,-3.7192471324942744e-15,7.469136533909732,70,255,255,255
1439,28.78,113.12425373919372,59.372201488403505,-24.40000000000001,4.999690086257716,4.507884251974954,-0.4999999999999894,-0.11276268580754945,0.24529376570007244,-3.552713678800501e-15,7.474372521665715,70,255,255,255
1440,28.8,113.22420326311982,59.462455070575615,-24.410000000000007,4.9974761963051035,4.512679108605486,-0.4999999999999892,-0.11069449763060124,0.2397428315265966,1.0824674490095276e-14,7.4796085094216975,70,255,255,255
1441,28.82,113.3241093577301,59.552802309293675,-24.420000000000005,4.995304730514143,4.517361935902947,-0.49999999999998923,-0.10857328954802092,0.23414136487308923,-4.052314039881821e-15,7.484844497177681,70,255,255,255
1442,28.84,113.42397289008571,59.64324094855575,-24.430000000000007,4.9931766177804,4.521931963103648,-0.4999999999999896,-0.10640563668715952,0.22850136003502097,-1.8096635301390052e-14,7.490080484933664,70,255,255,255
1443,28.86,113.52379474332372,59.733768721479144,-24.44000000000001,4.991092661900815,4.526388646169871,-0.4999999999999897,-0.10419779397924067,0.2228341533111493,-2.7200464103316335e-15,7.495316472689646,70,255,255,255
1444,28.88,113.62357581427959,59.82438335458028,-24.45000000000001,4.989053547793546,4.530731655056781,-0.49999999999998945,-0.10195570536344967,0.21715044434546016,1.1657341758564144e-14,7.500552460445629,70,255,255,255
1445,28.900000000000002,113.7233170112303,59.9150825718083,-24.46000000000001,4.987059847534828,4.534960861400917,-0.4999999999999895,-0.09968501293592613,0.2114603172067877,-3.219646771412954e-15,7.505788448201613,70,255,255,255
1446,28.92,113.82301925175457,60.005864098340794,-24.47000000000001,4.985112026214158,4.539076326624694,-0.4999999999999893,-0.09739106603349779,0.20577326118885342,1.1157741397482823e-14,7.511024435957596,70,255,255,255
1447,28.94,113.92268346070676,60.096725664149815,-24.480000000000008,4.983210447609369,4.543078290450976,-0.49999999999998906,-0.09507893023946856,0.20009819131406914,1.049160758270773e-14,7.516260423713579,70,255,255,255
1448,28.96,114.02231056830043,60.18766500734625,-24.490000000000006,4.981355379683273,4.546967159821489,-0.4999999999999892,-0.09275339630478197,0.19444346852566952,-4.385380947269368e-15,7.521496411469562,70,255,255,255
1449,28.98,114.1219015082985,60.2786798773105,-24.500000000000007,4.979546999903833,4.550743498212588,-0.49999999999998956,-0.09041898897200085,0.1888169195549585,-1.8263168755083825e-14,7.526732399225545,70,255,255,255
1450,29.0,114.2214572163063,60.369768037617334,-24.51000000000001,4.9777854003898945,4.554408015341612,-0.4999999999999896,-0.08807997569691661,0.1832258564511715,-2.886579864025407e-15,7.531968386981528,70,255,255,255
1451,29.02,114.32097490008573,60.46093193001356,-24.52000000000001,4.975884188971013,4.558194619811225,-0.4999999999999894,-0.09506057094407705,0.18933022348064554,1.149080830487037e-14,7.53720437473751,70,255,255,255
1452,29.04,114.42045199577173,60.552173728569834,-24.53000000000001,4.973854784299756,4.56208992781384,-0.4999999999999892,-0.10147023356285167,0.19476540013075105,1.0824674490095276e-14,7.542440362493493,70,255,255,255
1453,29.060000000000002,114.5198861582721,60.643495352262725,-24.540000000000006,4.97170812501874,4.566081184644675,-0.49999999999998923,-0.10733296405079695,0.1995628415417352,-4.052314039881821e-15,7.547676350249477,70,255,255,255
1454,29.080000000000002,114.61927525189328,60.73489847720999,-24.550000000000004,4.969454681059401,4.570156247363105,-0.4999999999999893,-0.1126721979669627,0.203753135921505,-3.885780586188048e-15,7.55291233800546,70,255,255,255
1455,29.1,114.71861734119354,60.8263845485603,-24.560000000000006,4.967104465012771,4.574303567515526,-0.4999999999999896,-0.11751080233145927,0.20736600762103663,-1.7930101847696278e-14,7.558148325761443,70,255,255,255
1456,29.12,114.81791068206454,60.91795479203917,-24.570000000000007,4.964667043549764,4.578512173943654,-0.49999999999998995,-0.12187107315035473,0.21043032140640605,-1.6930901125533637e-14,7.5633843135174255,70,255,255,255
1457,29.14,114.91715371304193,61.00961022515318,-24.58000000000001,4.962151548869703,4.582771655700662,-0.49999999999999,-0.12577473400305728,0.21297408785038563,-1.7208456881689926e-15,7.568620301273409,70,255,255,255
1458,29.16,115.01634504684507,61.1013516680551,-24.59000000000001,4.959566690157098,4.5870721450960055,-0.49999999999998973,-0.12924293563021472,0.2150244697671786,1.2656542480726785e-14,7.573856289029392,70,255,255,255
1459,29.18,115.11548346214563,61.19317975407287,-24.600000000000012,4.956920765027843,4.591404300888351,-0.4999999999999895,-0.132296256462773,0.21660778961731086,1.1823875212257917e-14,7.579092276785374,70,255,255,255
1460,29.2,115.21456789556457,61.28509493990576,-24.61000000000001,4.954221670947144,4.595759291644613,-0.4999999999999893,-0.13495470403496146,0.21774953781306472,1.1157741397482823e-14,7.584328264541357,70,255,255,255
1461,29.22,115.31359743389662,61.37709751549139,-24.620000000000008,4.951476916602616,4.600128779281744,-0.49999999999998906,-0.13723771722639366,0.21847438185656998,1.049160758270773e-14,7.5895642522973406,70,255,255,255
1462,29.240000000000002,115.41257130656096,61.469187613547525,-24.630000000000006,4.948693633217042,4.604504902806675,-0.4999999999999892,-0.13916416927866493,0.21880617624657983,-4.385380947269368e-15,7.594800240053324,70,255,255,255
1463,29.26,115.5114888782767,61.56136521879289,-24.640000000000008,4.9458785857863,4.608880262268498,-0.49999999999998956,-0.1407523715371024,0.2187679730911274,-1.8263168755083825e-14,7.600036227809307,70,255,255,255
1464,29.28,115.61034964196128,61.653630176851614,-24.65000000000001,4.943038184228988,4.613247902935858,-0.4999999999999896,-0.14202007786558024,0.2183820333680293,-2.886579864025407e-15,7.605272215565289,70,255,255,255
1465,29.3,115.70915321184998,61.74598220284584,-24.66000000000001,4.940178494435194,4.617601299711357,-0.4999999999999894,-0.142984489689705,0.21766983877493917,1.149080830487037e-14,7.610508203321273,70,255,255,255
1466,29.32,115.80789931683404,61.838420889681714,-24.67000000000001,4.937305249202775,4.621934341793665,-0.4999999999999892,-0.14366226162090623,0.2166521041153926,1.0824674490095276e-14,7.615744191077256,70,255,255,255
1467,29.34,115.90658779401505,61.930945716033655,-24.680000000000007,4.934423859050422,4.626241317597041,-0.49999999999998923,-0.14406950761766701,0.21534879016883401,-4.052314039881821e-15,7.620980178833238,70,255,255,255
1468,29.36,116.005218582473,62.02355605403239,-24.690000000000005,4.931539422897574,4.6305168999369375,-0.4999999999999893,-0.14422180764238313,0.21377911699478336,-3.885780586188048e-15,7.626216166589221,70,255,255,255
1469,29.38,116.10379171724504,62.11625117666218,-24.700000000000003,4.928656738602105,4.634756131489418,-0.49999999999998934,-0.14413421477343213,0.21196157762402645,-3.7192471324942744e-15,7.6314521543452045,70,255,255,255
1470,29.400000000000002,116.20230732351199,62.20903026487281,-24.710000000000004,4.925780313347448,4.638954410531245,-0.49999999999999,-0.1438212627328479,0.20991395209134822,-3.197442310920451e-14,7.636688142101188,70,255,255,255
1471,29.42,116.30076561098942,62.30189241441214,-24.720000000000006,4.922914373871559,4.6431074769665885,-0.49999999999999034,-0.1432969737944303,0.2076533217672063,-1.5765166949677223e-14,7.641924129857171,70,255,255,255
1472,29.44,116.39916686852003,62.394836642385044,-24.730000000000008,4.920062876530874,4.647211398645543,-0.49999999999999034,-0.14257486703425126,0.20519608394773226,-5.551115123125783e-16,7.647160117613153,70,255,255,255
1473,29.46,116.49751145886388,62.48786189354462,-24.74000000000001,4.917229517193027,4.6512625579788045,-0.49999999999999034,-0.14166796689236438,0.20255796666308434,-5.551115123125783e-16,7.652396105369137,70,255,255,255
1474,29.48,116.59579981368294,62.58096704632166,-24.75000000000001,4.9144177409527865,4.655257638852182,-0.49999999999999034,-0.14058881201202578,0.1997540436688734,-5.551115123125783e-16,7.65763209312512,70,255,255,255
1475,29.5,116.69403242871627,62.674150918598535,-24.760000000000012,4.911630751666281,4.65919361384387,-0.49999999999999006,-0.1393494643252735,0.1967987495844179,1.3655743202889425e-14,7.662868080881102,70,255,255,255
1476,29.52,116.79220985914225,62.76741227323347,-24.770000000000014,4.908871521299144,4.663067731746785,-0.4999999999999895,-0.13796151835683723,0.1937058951457269,2.7033930649622562e-14,7.668104068637085,70,255,255,255
1477,29.54,116.89033271512395,62.86074982334142,-24.780000000000012,4.906142799084802,4.666877505397607,-0.499999999999989,-0.1364361107171126,0.19048868254112072,2.5368596112684827e-14,7.673340056393068,70,255,255,255
1478,29.560000000000002,116.98840165753374,62.95416223733769,-24.79000000000001,4.903447120489631,4.670620699813622,-0.49999999999998884,-0.13478392975855247,0.18715972080074295,9.658940314238862e-15,7.678576044149051,70,255,255,255
1479,29.580000000000002,117.08641739385338,63.04764814375045,-24.800000000000008,4.90078681598223,4.674295320637851,-0.4999999999999887,-0.133015225370003,0.18373104121149186,9.159339953157541e-15,7.683812031905035,70,255,255,255
1480,29.6,117.18438067424547,63.1412061358083,-24.810000000000006,4.898164019604548,4.677899602892484,-0.4999999999999888,-0.13113981888413306,0.18021411273163856,-5.551115123125783e-15,7.689048019661017,70,255,255,255
1481,29.62,117.28229228779233,63.2348347758091,-24.820000000000004,4.895580677343004,4.681432000040088,-0.4999999999999892,-0.12916711307718298,0.17661985738019848,-1.942890293094024e-14,7.694284007417,70,255,255,255
1482,29.64,117.3801530588983,63.32853259927613,-24.830000000000005,4.893038555298249,4.684891173351649,-0.49999999999998956,-0.12710610223775465,0.1729586655780544,-1.8263168755083825e-14,7.699519995172984,70,255,255,255
1483,29.66,117.47796384385136,63.42229811890773,-24.840000000000007,4.890539247652547,4.688275981580031,-0.4999999999999896,-0.12496538228509468,0.16924041141908486,-2.886579864025407e-15,7.704755982928966,70,255,255,255
1484,29.68,117.57572552754004,63.51612982832648,-24.85000000000001,4.888084184434187,4.691585470937058,-0.4999999999999897,-0.12275316091798683,0.16547446785140085,-2.7200464103316335e-15,7.709991970684949,70,255,255,255
1485,29.7,117.67343902032162,63.610026205633915,-24.86000000000001,4.885674639078679,4.694818865372042,-0.49999999999998973,-0.12047726777543755,0.16166972174918648,-2.55351295663786e-15,7.715227958440932,70,255,255,255
1486,29.72,117.77110525503736,63.7039857167769,-24.87000000000001,4.88331173578682,4.697975557149209,-0.4999999999999895,-0.11814516459295454,0.1578345888583561,1.1823875212257917e-14,7.720463946196915,70,255,255,255
1487,29.740000000000002,117.86872518417096,63.798006818731324,-24.88000000000001,4.88099645668006,4.701055097721186,-0.4999999999999893,-0.11576395533802764,0.15397702859884976,1.1157741397482823e-14,7.725699933952899,70,255,255,255
1488,29.76,117.96629977714603,63.89208796250923,-24.890000000000008,4.878729648753862,4.7040571888953675,-0.49999999999998934,-0.11334039630986847,0.1501045587090628,-3.7192471324942744e-15,7.730935921708881,70,255,255,255
1489,29.78,118.06383001775863,63.986227595995025,-24.90000000000001,4.876512030630074,4.706981674289743,-0.4999999999999894,-0.11088090618937052,0.1462242697187639,-3.552713678800501e-15,7.736171909464864,70,255,255,255
1490,29.8,118.16131690174082,64.08042416661651,-24.910000000000007,4.874344199109551,4.709828531074469,-0.4999999999999892,-0.10839157602618421,0.1423428392362993,1.0824674490095276e-14,7.7414078972208475,70,255,255,255
1491,29.82,118.25876143445134,64.17467612385641,-24.920000000000005,4.87222663552653,4.7125978619952695,-0.49999999999998923,-0.105878179151075,0.13846654604005693,-4.052314039881821e-15,7.74664388497683,70,255,255,255
1492,29.84,118.35616462868947,64.2689819216099,-24.930000000000007,4.870159711906492,4.7152898876745075,-0.4999999999999896,-0.10334618100189452,0.1346012839619073,-1.8096635301390052e-14,7.751879872732813,70,255,255,255
1493,29.86,118.45352750262806,64.36334002039362,-24.94000000000001,4.868143696929451,4.717904939185589,-0.4999999999999897,-0.10080074885206347,0.1307525755540384,-2.7200464103316335e-15,7.7571158604887955,70,255,255,255
1494,29.88,118.55085107786208,64.45774888941155,-24.95000000000001,4.86617876170079,4.720443450896185,-0.49999999999998945,-0.09824676143303535,0.12692558552980682,1.1657341758564144e-14,7.762351848244779,70,255,255,255
1495,29.900000000000002,118.64813637756872,64.55220700848307,-24.96000000000001,4.864264985331974,4.72290595357559,-0.4999999999999895,-0.09568881844083421,0.12312513397024549,-3.219646771412954e-15,7.767587836000763,70,255,255,255
1496,29.92,118.7453844247754,64.6467128698383,-24.97000000000001,4.862402360333601,4.7252930677613865,-0.4999999999999893,-0.09313124991867294,0.11935570928982919,1.1157741397482823e-14,7.772823823756745,70,255,255,255
1497,29.94,118.84259624073187,64.74126497978591,-24.980000000000008,4.8605907978234395,4.727605497380495,-0.49999999999998906,-0.09057812550803668,0.11562148095539015,1.049160758270773e-14,7.778059811512728,70,255,255,255
1498,29.96,118.93977284338291,64.8358618602583,-24.990000000000006,4.858830132552216,4.729844023619523,-0.4999999999999892,-0.08803326356121399,0.111926311951426,-4.385380947269368e-15,7.7832957992687115,70,255,255,255
1499,29.98,119.0369152459379,64.93050205023908,-25.000000000000007,4.857120127750027,4.732009499039296,-0.49999999999998956,-0.08550024010944934,0.10827377098863167,-1.8263168755083825e-14,7.788531787024694,70,255,255,255
1500,30.0,119.13402445553383,65.02518410707765,-25.01000000000001,4.855460479796414,4.734102841928297,-0.4999999999999896,-0.0829823976806372,0.10466714445006797,-2.886579864025407e-15,7.793767774780677,70,255,255,255
