idx,t,px,py,pz,vx,vy,vz,ax,ay,az,yaw,mode,ledr,ledg,ledb
0,0.0,3.0534846922834955,-2.962426406871193,-10.01,2.6742346141747677,1.8786796564403567,-0.5,0.0,0.0,0.0,0.0,70,255,255,255
1,0.02,3.106972379850787,-2.924845078968677,-10.02,2.6743843783645698,1.8790663951258164,-0.5,0.007488209490114084,0.019336934272979223,0.0,0.00041887902047863906,70,255,255,255
2,0.04,3.1604658734761886,-2.8872487579808026,-10.03,2.6746746812700826,1.8798160493937113,-0.5,0.014515145275634467,0.03748271339474307,0.0,0.001223126739797626,70,255,255,255
3,0.06,3.213967805997863,-2.849630645083557,-10.04,2.675096626083714,1.8809056448622667,-0.5,0.021097240681585028,0.05447977342777066,0.0,0.002381913662049733,70,255,255,255
4,0.08,3.2674806387814486,-2.811984384249423,-10.049999999999999,2.675641639179276,1.8823130417066933,-0.5,0.02725065477808908,0.07036984222132903,0.0,0.0038668766510003105,70,255,255,255
5,0.1,3.3210066680702264,-2.7743040458492336,-10.059999999999999,2.676301464438899,1.8840169200094878,-0.5000000000000001,0.03299126298115551,0.08519391513972097,-7.105427357601002e-15,0.0056519216213134806,70,255,255,255
6,0.12,3.374548031218473,-2.7365841105556763,-10.069999999999999,2.6770681574123243,1.8859967646778635,-0.5000000000000002,0.0383346486712699,0.09899223341878649,-6.772360450213455e-15,0.007713042014480236,70,255,255,255
7,0.14,3.4281067128050324,-2.698819453556108,-10.079999999999998,2.6779340793279665,1.8882328499784162,-0.5000000000000003,0.04329609578210203,0.1118042650276394,-6.439293542825908e-15,0.010028151796672291,70,255,255,255
8,0.16,3.481684550624517,-2.6610053290813735,-10.089999999999998,2.678891890974227,1.8907062237367345,-0.5000000000000004,0.047890582313032226,0.12366868791591568,-6.106226635438361e-15,0.01257693181676762,70,255,255,255
9,0.18,3.53528324155389,-2.6231373552564268,-10.099999999999998,2.679934546468635,1.893398691247339,-0.5000000000000006,0.052132774720408115,0.13462337553023018,-5.773159728050814e-15,0.015340688455733963,70,255,255,255
10,0.2,3.5889043472925204,-2.585211499277685,-10.109999999999998,2.6810552869315107,1.8962927989370757,-0.5000000000000007,0.05603702314378545,0.144705384486836,-5.440092820663267e-15,0.018302223584061635,70,255,255,255
11,0.22,3.6425492999741205,-2.5472240629212273,-10.119999999999997,2.682247634080005,1.899371817822893,-0.5000000000000008,0.0596173574247314,0.15395094429086864,-5.10702591327572e-15,0.021445714922601736,70,255,255,255
12,0.24,3.6962194076492714,-2.509171668385171,-10.129999999999997,2.683505383757544,1.9026197268028089,-0.5000000000000009,0.06288748387694376,0.1623954489957924,-4.773959005888173e-15,0.024756605974537264,70,255,255,255
13,0.26,3.7499158596375293,-2.4710512444688346,-10.139999999999997,2.6848225994129007,1.9060211958168094,-0.5000000000000011,0.06586078276781748,0.17007345070002744,-1.1546319456101628e-14,0.02822150476279659,70,255,255,255
14,0.28,3.8036397317483766,-2.432860013090586,-10.149999999999997,2.686193605542357,1.9095615689124272,-0.5000000000000013,0.06855030647281124,0.1770186547808894,-1.0880185641326534e-14,0.031828090668473814,70,255,255,255
15,0.3,3.85739199137053,-2.39459547614563,-10.159999999999997,2.68761298110766,1.9132268472478122,-0.5000000000000016,0.07096877826514625,0.1832639167692478,-1.021405182655144e-14,0.03556502872217549,70,255,255,255
16,0.32,3.911173502429365,-2.356255402704365,-10.169999999999996,2.6890755529417545,1.9170036720632417,-0.5000000000000018,0.07312859170471953,0.1888412407714759,-9.547918011776346e-15,0.03942189075205968,70,255,255,255
17,0.34,3.9649850302124365,-2.3178378165513607,-10.179999999999996,2.6905763891535783,1.9208793076502084,-0.500000000000002,0.07504181059119208,0.19378177934833518,-8.881784197001252e-15,0.04338908284003177,70,255,255,255
18,0.36,4.018827246063287,-2.279340984064451,-10.189999999999996,2.692110792542529,1.924841624345481,-0.5000000000000021,0.07672016944752924,0.19811583476362538,-8.215650382226158e-15,0.04745777858144473,70,255,255,255
19,0.38,4.072700731943939,-2.2407634024329344,-10.199999999999996,2.693674294032556,1.9288790815758485,-0.5000000000000022,0.07817507450136674,0.20187286151837913,-7.882583474838611e-15,0.051619857684023294,70,255,255,255
20,0.4,4.126605984866643,-2.202103788213382,-10.209999999999996,2.6952626461352116,1.932980710977637,-0.5000000000000023,0.07941760513277485,0.20508147008941569,-7.549516567451064e-15,0.055867849478874215,70,255,255,255
21,0.42,4.18054342119565,-2.1633610662211114,-10.219999999999995,2.6968718164503733,1.9371360996135178,-0.5000000000000027,0.08045851575808705,0.2077694317940484,-1.432187701766452e-14,0.060194880950615696,70,255,255,255
22,0.44,4.234513380819906,-2.1245343587549588,-10.229999999999995,2.6984979812127867,1.9413353733076284,-0.5000000000000029,0.08130823812066845,0.2099636847055304,-1.3322676295501878e-14,0.0645946289250965,70,255,255,255
23,0.46,4.2885161311977456,-2.0856229751525874,-10.239999999999995,2.7001375188919967,1.9455691801185644,-0.5000000000000031,0.08197688396049907,0.21169034054679647,-1.2656542480726785e-14,0.06906127608209747,70,255,255,255
24,0.48,4.3425518712748,-2.046626401673219,-10.249999999999995,2.7017870038527088,1.9498286739684185,-0.5000000000000033,0.0824742480356071,0.21297469249271161,-1.199040866595169e-14,0.07358947048701701,70,255,255,255
25,0.5,4.396620735276442,-2.007544291704325,-10.259999999999994,2.703443200082096,1.9541054984446962,-0.5000000000000036,0.08280981146934874,0.21384122381388204,-1.1324274851176597e-14,0.07817428836002163,70,255,255,255
26,0.52,4.450722796376243,-1.968376456288512,-10.269999999999994,2.70510305499007,1.9583917707906497,-0.5000000000000038,0.0829927453987116,0.21431361729768095,-1.0658141036401503e-14,0.08281119982366451,70,255,255,255
27,0.54,4.504858070242005,-1.9291228549665451,-10.279999999999994,2.706763693288064,1.9626800660983452,-0.500000000000004,0.0830319148996792,0.2144147653847761,-9.992007221626409e-15,0.08749603739069461,70,255,255,255
28,0.56,4.559026518461033,-1.8897835869321935,-10.289999999999994,2.708422410951399,1.9669634017175859,-0.5000000000000042,0.08293588316674727,0.21416678096203112,-9.325873406851315e-15,0.09222496697284094,70,255,255,255
29,0.58,4.613228051846431,-1.8503588824943398,-10.299999999999994,2.710076669269893,1.971235221892688,-0.5000000000000044,0.08271291592472707,0.2135910087551094,-8.659739592076221e-15,0.0969944612088942,70,255,255,255
30,0.6,4.667462533626249,-1.8108490948415794,-10.309999999999993,2.711724088990928,1.97548938263802,-0.5000000000000048,0.08237098605174298,0.21270803726659593,-1.509903313490213e-14,0.10180127492654183,70,255,255,255
31,0.62,4.721729782517425,-1.771254692104336,-10.319999999999993,2.7133624445587974,1.9797201368621753,-0.5000000000000051,0.08191777839345749,0.21153771120776632,-1.4099832412739488e-14,0.10664242256725628,70,255,255,255
32,0.64,4.7760295756865006,-1.7315762497093425,-10.329999999999993,2.7149896584537823,1.983922119749666,-0.5000000000000053,0.08136069474924401,0.21009914437453325,-1.3100631690576847e-14,0.11151515741719223,70,255,255,255
33,0.66,4.830361651599181,-1.691814443021181,-10.339999999999993,2.716603795634024,1.9880903344080718,-0.5000000000000056,0.08070685901208297,0.20841073292029666,-1.2434497875801753e-14,0.11641695249961194,70,255,255,255
34,0.68,4.884725712760839,-1.6519700402654274,-10.349999999999993,2.718203058082919,1.9922201377876847,-0.5000000000000058,0.07996312244473147,0.20649016898064043,-1.176836406102666e-14,0.12134548299591671,70,255,255,255
35,0.7000000000000001,4.939121428350128,-1.612043895727831,-10.359999999999992,2.719785779464429,1.9963072268798245,-0.500000000000006,0.07913606907550941,0.2043544546069953,-1.1102230246251565e-14,0.12629861007299575,70,255,255,255
36,0.72,4.993548436747895,-1.572036943223847,-10.369999999999992,2.7213504198883873,2.0003476251991925,-0.5000000000000062,0.07823202119791928,0.20201991596839664,-1.0436096431476471e-14,0.1312743660043871,70,255,255,255
37,0.74,5.048006347963646,-1.53195018983275,-10.379999999999992,2.7228955607875687,2.004337669554844,-0.5000000000000064,0.07725704495906704,0.19950221778256605,-9.769962616701378e-15,0.1362709404817458,70,255,255,255
38,0.76,5.102494745961807,-1.4917847098904775,-10.389999999999992,2.724419899908021,2.0082739971136325,-0.5000000000000068,0.07621695602261358,0.19681637793943052,-1.6209256159527285e-14,0.14128666802139442,70,255,255,255
39,0.78,5.157013190890084,-1.451541639235292,-10.399999999999991,2.7259222464138753,2.0121535327592763,-0.5000000000000071,0.07511732529270798,0.1939767822821823,-1.5210055437364645e-14,0.1463200163783498,70,255,255,255
40,0.8,5.211561221212237,-1.4112221697003013,-10.409999999999991,2.727401516107598,2.0159734767495308,-0.5000000000000074,0.07396348468613301,0.19099719951271776,-1.4210854715202004e-14,0.15136957588722738,70,255,255,255
41,0.8200000000000001,5.2661383557475645,-1.3708275438468347,-10.419999999999991,2.728856726766407,2.0197312926733346,-0.5000000000000077,0.07276053294045148,0.18789079619019855,-1.3211653993039363e-14,0.1564340496558734,70,255,255,255
42,0.84,5.320744095619471,-1.3303590499326508,-10.42999999999999,2.730286993595343,2.0234246957091973,-0.5000000000000079,0.0715133414468041,0.1846701517931284,-1.2545520178264269e-14,0.16151224454350638,70,255,255,255
43,0.86,5.375377926115417,-1.28981801710894,-10.43999999999999,2.7316915247972724,2.0270516411855377,-0.5000000000000081,0.07022656009646555,0.18134727381701232,-1.1879386363489175e-14,0.16660306286060736,70,255,255,255
44,0.88,5.430039318460614,-1.2492058108400768,-10.44999999999999,2.733069617259892,2.030610313443165,-0.5000000000000083,0.06890462313099022,0.17793361288135578,-1.1213252548714081e-14,0.1717054947328189,70,255,255,255
45,0.9,5.484727731507807,-1.208523828540085,-10.45999999999999,2.7344206523596206,2.0340991149995897,-0.5000000000000085,0.06755175498643728,0.17444007782122872,-1.0547118733938987e-14,0.17681861107573216,70,255,255,255
46,0.92,5.539442613345448,-1.1677734954197971,-10.46999999999999,2.735744091882072,2.0375166560143936,-0.5000000000000089,0.0661719761225763,0.17087705074019421,-1.6986412276764895e-14,0.18194155713169097,70,255,255,255
47,0.9400000000000001,5.594183402826621,-1.1269562605387082,-10.47999999999999,2.7370394740586472,2.0408617440544505,-0.5000000000000092,0.06476910882875098,0.16725440200284014,-1.5987211554602254e-14,0.1870735465236517,70,255,255,255
48,0.96,5.648949531020993,-1.0860735930555605,-10.48999999999999,2.7383064097186156,2.044133374157381,-0.5000000000000095,0.06334678299842977,0.16358150514652037,-1.4988010832439613e-14,0.19221385578473424,70,255,255,255
49,0.98,5.703740422592111,-1.0451269786717357,-10.49999999999999,2.7395445785559183,2.047330719191248,-0.5000000000000099,0.061908441865127894,0.15986725169334592,-1.3988810110276972e-14,0.1973618193254088,70,255,255,255
50,1.0,5.758555497102307,-1.0041179162615728,-10.50999999999999,2.740753725509775,2.050453120508141,-0.5000000000000101,0.060457347692842944,0.15612006584465332,-1.2989609388114332e-14,0.20251682480330804,70,255,255,255
51,1.02,5.813410806345468,-0.963026390635619,-10.519999999999989,2.742765462158025,2.054576281297685,-0.5000000000000103,0.10058683241250765,0.20615803947721778,-1.2323475573339238e-14,0.20767830886345398,70,255,255,255
52,1.04,5.868321374632275,-0.9218337194569338,-10.529999999999989,2.745528414340368,2.0596335589342583,-0.5000000000000105,0.1381476091171372,0.2528638818286657,-1.1657341758564144e-14,0.21284575321926688,70,255,255,255
53,1.06,5.923301236400301,-0.8805225031616775,-10.539999999999988,2.748993088401266,2.0655608147628204,-0.5000000000000108,0.1732337030448976,0.2963627914281002,-1.099120794378905e-14,0.2180186810470934,70,255,255,255
54,1.08,5.9783634731512905,-0.8390765758320269,-10.549999999999988,2.7531118375495085,2.0722963664825262,-0.500000000000011,0.2059374574121251,0.33677758598528307,-1.0325074129013956e-14,0.22319665366917243,70,255,255,255
55,1.1,6.033520249696915,-0.7974809570428838,-10.559999999999988,2.7578388272812178,2.0797809394571556,-0.5000000000000113,0.23634948658545651,0.37422864873145834,-1.6764367671839864e-14,0.2283792675019638,70,255,255,255
56,1.12,6.0887828496964715,-0.7557218047009907,-10.569999999999988,2.763129999977815,2.0879576170946534,-0.5000000000000117,0.26455863482984965,0.40883388187489444,-1.5765166949677223e-14,0.2335661512486105,70,255,255,255
57,1.1400000000000001,6.144161710472173,-0.7137863688923701,-10.579999999999988,2.768943038785092,2.0967717904310277,-0.500000000000012,0.2906519403638539,0.4407086668187232,-1.4765966227514582e-14,0.23875696331600407,70,255,255,255
58,1.16,6.199666457089659,-0.67166294675143,-10.589999999999987,2.775237330874317,2.106171107047008,-0.5000000000000122,0.31471460446123123,0.4699658307990111,-1.3766765505351941e-14,0.24395138943848482,70,255,255,255
59,1.18,6.255305935693284,-0.6293408383626453,-10.599999999999987,2.7819739301812296,2.116105419439232,-0.5000000000000124,0.3368299653456348,0.4967156196112046,-1.3100631690576847e-14,0.24914914049164574,70,255,255,255
60,1.2,6.311088246087561,-0.5868103037034194,-10.609999999999987,2.789115519713878,2.1265267329612976,-0.5000000000000127,0.3570794766324177,0.521065676103289,-1.2434497875801753e-14,0.2543499504810324,70,255,255,255
61,1.22,6.36702077355787,-0.5440625206345437,-10.619999999999987,2.7966263735154655,2.137389153443779,-0.5000000000000129,0.37554269007938634,0.5431210241240829,-1.176836406102666e-14,0.25955357469174684,70,255,255,255
62,1.24,6.423110219925146,-0.5010895439426182,-10.629999999999987,2.8044723183637736,2.1486488345962798,-0.5000000000000131,0.3922972424154043,0.5629840576250307,-1.1102230246251565e-14,0.2647597879860827,70,255,255,255
63,1.26,6.4793626338308306,-0.4578842654368431,-10.639999999999986,2.8126206952842416,2.160263925288754,-0.5000000000000134,0.4074188460233996,0.5807545346237215,-1.7541523789077473e-14,0.26996838323735034,70,255,255,255
64,1.28,6.53578344024982,-0.41444037510076914,-10.649999999999986,2.821040320949467,2.172194516803696,-0.5000000000000138,0.42098128326127604,0.5965295757470932,-1.6542323066914832e-14,0.2751791698889952,70,255,255,255
65,1.3,6.592377469230494,-0.37075232329786245,-10.659999999999986,2.8297014490337,2.1844025901453334,-0.5000000000000141,0.4330564042116607,0.6104036670818664,-1.554312234475219e-14,0.28039197262898713,70,255,255,255
66,1.32,6.649148983862232,-0.3268152840281281,-10.669999999999986,2.838575731586866,2.196851963486718,-0.5000000000000144,0.44371412765828655,0.6224686670692225,-1.454392162258955e-14,0.28560663017025834,70,255,255,255
67,1.34,6.706101707472007,-0.28262511923151773,-10.679999999999986,2.847636180488743,2.2095082398305186,-0.5000000000000147,0.4530224450938576,0.6328138171900264,-1.354472090042691e-14,0.2908229941287065,70,255,255,255
68,1.36,6.76323885005281,-0.23817834413242894,-10.689999999999985,2.8568571290401663,2.22233875495444,-0.5000000000000149,0.46104742757114936,0.6415257561960794,-1.2878587085651816e-14,0.29604092799095744,70,255,255,255
69,1.3800000000000001,6.820563133927699,-0.19347209361827938,-10.699999999999985,2.8662141937444803,2.235312525707477,-0.5000000000000151,0.4678532352156872,0.6486885376518552,-1.2212453270876722e-14,0.30126030616470695,70,255,255,255
70,1.4000000000000001,6.878076818654279,-0.14850408964390582,-10.709999999999985,2.8756842363289845,2.2484001987186777,-0.5000000000000153,0.47350212922520685,0.6543836505600404,-1.1546319456101628e-14,0.3064810131050351,70,255,255,255
71,1.42,6.9357817251753335,-0.10327260965239113,-10.719999999999985,2.885245326052732,2.2615739995757345,-0.5000000000000157,0.4780544861873932,0.6586900428528373,-1.7985612998927536e-14,0.3117029425106157,70,255,255,255
72,1.44,6.99367925922221,-0.057776456001860634,-10.729999999999984,2.894876702343811,2.2748076825265247,-0.500000000000016,0.4815688145539494,0.6616841475395029,-1.6986412276764895e-14,0.31692599658422843,70,255,255,255
73,1.46,7.051770433978333,-0.012014926386806575,-10.739999999999984,2.9045587378061155,2.2880764807527028,-0.5000000000000163,0.4841017731152286,0.663439911308905,-1.5987211554602254e-14,0.3221500853524308,70,255,255,255
74,1.48,7.110055892010985,0.0340122147584051,-10.749999999999984,2.9142729016326325,2.3013570572605837,-0.5000000000000167,0.48570819132584386,0.6640288253940501,-1.4988010832439613e-14,0.32737512603965563,70,255,255,255
75,1.5,7.168535926480173,0.08030476388702215,-10.759999999999984,2.9240017234593867,2.314627456430853,-0.500000000000017,0.48644109133770685,0.6635199585134552,-1.3988810110276972e-14,0.3326010424923811,70,255,255,255
76,1.52,7.227210501634001,0.12686210501232403,-10.769999999999984,2.933728757691441,2.3278670562650943,-0.5000000000000172,0.4863517116027105,0.6619799917120742,-1.2989609388114332e-14,0.3378277646493672,70,255,255,255
77,1.54,7.286079272600595,0.17368323543959874,-10.779999999999983,2.943438548329706,2.341056521363735,-0.5000000000000174,0.4854895319132537,0.6594732549320381,-1.2323475573339238e-14,0.343055228054273,70,255,255,255
78,1.56,7.345141604487091,0.2207667905729338,-10.789999999999983,2.953116594324788,2.354177756666753,-0.5000000000000177,0.4839022997541047,0.6560617651509122,-1.1657341758564144e-14,0.348283373407265,70,255,255,255
79,1.58,7.4043965907967255,0.2681110678126418,-10.799999999999983,2.962749315481686,2.3672138619854013,-0.5000000000000179,0.4816360578448933,0.6518052659324116,-1.099120794378905e-14,0.3535121461524963,70,255,255,255
80,1.6,7.463843071175463,0.31571404955964644,-10.809999999999983,2.97232401893684,2.380149087350232,-0.5000000000000182,0.47873517275768496,0.64676126824153,-1.7430501486614958e-14,0.35874149609858774,70,255,255,255
81,1.62,7.5234796484999995,0.36357342534360426,-10.819999999999983,2.981828866226826,2.39296878919789,-0.5000000000000185,0.4752423644992936,0.640985092382917,-1.6431300764452317e-14,0.36397137706947047,70,255,255,255
82,1.6400000000000001,7.583304705319318,0.4116866130919333,-10.829999999999982,2.99125284096589,2.40565938741645,-0.5000000000000189,0.47119873695320713,0.634529910928006,-1.5432100042289676e-14,0.36920174658316124,70,255,255,255
83,1.6600000000000001,7.643316419662268,0.4600507795572634,-10.839999999999982,3.0005857171475054,2.418208323266508,-0.5000000000000192,0.4666438090807645,0.6274467925029044,-1.4432899320127035e-14,0.3744325655562354,70,255,255,255
84,1.68,7.7035127802239325,0.5086628599211197,-10.849999999999982,3.0098180280832283,2.430604018192814,-0.5000000000000194,0.46161554678613204,0.6197847463153023,-1.3433698597964394e-14,0.3796637980319422,70,255,255,255
85,1.7,7.763891600943738,0.5575195765918979,-10.859999999999982,3.018941035990315,2.4428358335389113,-0.5000000000000197,0.456150395354328,0.611590767304854,-1.27675647831893e-14,0.3848954109300712,70,255,255,255
86,1.72,7.824450534988495,0.6066174572153991,-10.869999999999981,3.0279467022378324,2.4548940311750584,-0.5000000000000199,0.4502833123758627,0.6029098818073453,-1.2101430968414206e-14,0.39012737381682844,70,255,255,255
87,1.74,7.885187088153682,0.6559528519163518,-10.879999999999981,3.0368276582593583,2.4667697350476345,-0.5000000000000201,0.4440478010763069,0.5937851936287939,-1.1435297153639112e-14,0.3953596586931238,70,255,255,255
88,1.76,7.946098631696458,0.7055219497894769,-10.889999999999981,3.0455771771388185,2.4784548936562576,-0.5000000000000204,0.43747594397300027,0.5842579304311495,-1.787459069646502e-14,0.40059223979979414,70,255,255,255
89,1.78,8.007182414613949,0.7553207946587367,-10.89999999999998,3.0541891458745294,2.489942243462991,-0.5000000000000208,0.4305984367855342,0.5743674903366744,-1.687538997430238e-14,0.4058250934384095,70,255,255,255
90,1.8,8.068435575380452,0.8053453001234618,-10.90999999999998,3.0626580383251385,2.501225273236258,-0.5000000000000211,0.4234446225304569,0.5641514886633301,-1.587618925213974e-14,0.4110581978064143,70,255,255,255
91,1.82,8.129855153157248,0.8555912639100705,-10.91999999999998,3.0709788888398313,2.512298189330428,-0.5000000000000214,0.4160425257346434,0.5536458047085242,-1.4876988529977098e-14,0.4162915328454573,70,255,255,255
92,1.84,8.191438098488726,0.9060543815480804,-10.92999999999998,3.0791472665739392,2.5231558819004976,-0.5000000000000218,0.4084188867053995,0.5428846285034736,-1.3877787807814457e-14,0.4215250801018555,70,255,255,255
93,1.86,8.253181283498524,0.9567302593890764,-10.93999999999998,3.087159250489923,2.5337938920498,-0.500000000000022,0.4005991957991806,0.5319005074651217,-1.2878587085651816e-14,0.4267588225982205,70,255,255,255
94,1.8800000000000001,8.315081511599375,1.0076144269872231,-10.94999999999998,3.095011405042604,2.5442083799073423,-0.5000000000000222,0.39260772763405827,0.520724392877125,-1.2212453270876722e-14,0.4319927447153549,70,255,255,255
95,1.9000000000000001,8.377135526730305,1.0587023488598244,-10.95999999999998,3.1027007565464966,2.5543960936300585,-0.5000000000000224,0.3844675751946274,0.5093856861358077,-1.1546319456101628e-14,0.43722683208359725,70,255,255,255
96,1.92,8.439340022134747,1.109989435646306,-10.96999999999998,3.1102247702221217,2.5643543393240815,-0.5000000000000228,0.37620068378125104,0.49791228470114524,-1.7985612998927536e-14,0.4424610714828588,70,255,255,255
97,1.94,8.501691648693093,1.1614710546838665,-10.979999999999979,3.117581327917294,2.5740809518780225,-0.5000000000000231,0.36782788475862516,0.48633062769704605,-1.6986412276764895e-14,0.4476954507506581,70,255,255,255
98,1.96,8.564187022823063,1.2131425400178704,-10.989999999999979,3.124768706498529,2.5835742667002,-0.5000000000000234,0.3593689290617492,0.47466574110887594,-1.5987211554602254e-14,0.45292995869751207,70,255,255,255
99,1.98,8.626822733961202,1.2649992018648866,-10.999999999999979,3.131785556906933,2.5928330923508045,-0.5000000000000238,0.35084252042018393,0.46294128253022215,-1.4988010832439613e-14,0.45816458502909635,70,255,255,255
100,2.0,8.689595351638646,1.3170363355460684,-11.009999999999978,3.1386308838722217,2.601856684059089,-0.5000000000000241,0.3422663482644359,0.4511795854142382,-1.3988810110276972e-14,0.46339932027463254,70,255,255,255
101,2.02,8.752524030465104,1.369237889761189,-11.019999999999978,3.146433941322856,2.610077710756036,-0.5000000000000243,0.39015287253173137,0.4110513348473317,-1.2989609388114332e-14,0.4686341557210045,70,255,255,255
102,2.04,8.81562652607586,1.421588513215181,-11.029999999999978,3.155124780537795,2.6175311726996093,-0.5000000000000245,0.4345419607469445,0.3726730971786849,-1.2323475573339238e-14,0.4738690833521453,70,255,255,255
103,2.06,8.878919250661228,1.4740735371798992,-11.039999999999978,3.164636229268436,2.624251198235903,-0.5000000000000248,0.4755724365320395,0.3360012768146703,-1.1657341758564144e-14,0.4791040957932735,70,255,255,255
104,2.08,8.942417327313747,1.526678958010069,-11.049999999999978,3.174903832625868,2.630271041508495,-0.500000000000025,0.5133801678715906,0.3009921636295929,-1.099120794378905e-14,0.4843391862595901,70,255,255,255
105,2.1,9.00613464317709,1.5793914196441485,-11.059999999999977,3.1858657931671113,2.635623081703971,-0.5000000000000253,0.5480980270621609,0.2676020097738121,-1.7430501486614958e-14,0.48957434850908,70,255,255,255
106,2.12,9.070083901383574,1.6321981961190015,-11.069999999999977,3.1974629103242713,2.640338823742646,-0.5000000000000256,0.5798558578580053,0.23578710193374253,-1.6431300764452317e-14,0.4948095767990893,70,255,255,255
107,2.14,9.134276671769832,1.6850871741255349,-11.079999999999977,3.209638519312942,2.6444489003266654,-0.500000000000026,0.6087804494335249,0.2055038292009792,-1.5432100042289676e-14,0.5000448658463765,70,255,255,255
108,2.16,9.198723440362809,1.7380468356307504,-11.089999999999977,3.2223384296488504,2.6479830752607745,-0.5000000000000263,0.634995516795426,0.17670874670546421,-1.4432899320127035e-14,0.5052802107903595,70,255,255,255
109,2.18,9.263433657630701,1.7910662405900317,-11.099999999999977,3.2355108633946252,2.6509702479640733,-0.5000000000000265,0.6586216872887358,0.1493586351649494,-1.3433698597964394e-14,0.5105156071593023,70,255,255,255
110,2.2,9.328415785495734,1.8441350097719134,-11.109999999999976,3.249106393251681,2.6534384590940854,-0.5000000000000268,0.6797764928527874,0.12341055650060317,-1.27675647831893e-14,0.5157510508392085,70,255,255,255
111,2.22,9.393677343107845,1.8972433077160613,-11.119999999999976,3.2630778806055694,2.6554148972074,-0.500000000000027,0.6985743676944289,0.09882190566571492,-1.2101430968414206e-14,0.5209865380452008,70,255,255,255
112,2.24,9.45922495138038,1.950381825843742,-11.129999999999976,3.2773804136267146,2.656925906384037,-0.5000000000000273,0.715126651057266,0.0755504588318554,-1.8540724511240114e-14,0.5262220652951923,70,255,255,255
113,2.2600000000000002,9.525064376290825,2.0035417657386523,-11.139999999999976,3.291971245522247,2.6579969947455147,-0.5000000000000276,0.7295415947766299,0.05355441807389694,-1.7541523789077473e-14,0.5314576293856632,70,255,255,255
114,2.2800000000000002,9.591200570951399,2.0567148226146394,-11.149999999999975,3.306809733028671,2.6586528437993646,-0.500000000000028,0.7419243753211906,0.03279245269249742,-1.6542323066914832e-14,0.536693227369375,70,255,255,255
115,2.3000000000000003,9.657637716455985,2.1098931689855505,-11.159999999999975,3.3218572752293225,2.658917318545558,-0.5000000000000283,0.7523771100325698,0.013223737309674188,-1.554312234475219e-14,0.5419288565348684,70,255,255,255
116,2.32,9.724379261511485,2.1630694385512097,-11.169999999999975,3.3370772527750265,2.6588134782829607,-0.5000000000000286,0.7609988772851999,-0.005192013129879047,-1.454392162258955e-14,0.547164514387601,70,255,255,255
117,2.34,9.791427960863105,2.21623671031234,-11.179999999999975,3.352434967581007,2.6583635880565195,-0.5000000000000289,0.7678857402990342,-0.022494511322050048,-1.354472090042691e-14,0.5524001986325937,70,255,255,255
118,2.36,9.858785912524464,2.2693884929261086,-11.189999999999975,3.367897583067958,2.6575891306884283,-0.5000000000000291,0.7731307743475515,-0.03872286840457084,-1.2878587085651816e-14,0.5576359071584657,70,255,255,255
119,2.38,9.926454593824669,2.322518709312888,-11.199999999999974,3.3834340650102424,2.6565108193389744,-0.5000000000000293,0.7768240971142095,-0.0539155674726981,-1.2212453270876722e-14,0.5628716380227464,70,255,255,255
120,2.4,9.994434896285657,2.375621681523792,-11.209999999999974,3.399015123049432,2.655148610545199,-0.5000000000000295,0.7790529019594752,-0.06811043968877772,-1.1546319456101628e-14,0.5681073894383634,70,255,255,255
121,2.42,10.062727159344194,2.4286921158775483,-11.219999999999974,3.41461315292685,2.653521717687831,-0.5000000000000299,0.7799014938709008,-0.08134464286839105,-1.7985612998927536e-14,0.5733431597612096,70,255,255,255
122,2.44,10.131331202933882,2.4817250883743336,-11.229999999999974,3.430202179484399,2.6516486248392583,-0.5000000000000302,0.7794513278774398,-0.09365464242863819,-1.6986412276764895e-14,0.5785789474787069,70,255,255,255
123,2.46,10.200246358943458,2.534716030393284,-11.239999999999974,3.4457578004787788,2.6495471009475104,-0.5000000000000305,0.7777810497189845,-0.10507619458738793,-1.5987211554602254e-14,0.5838147511992829,70,255,255,255
124,2.48,10.269471501568463,2.587660714679552,-11.249999999999973,3.4612571312501883,2.647234214313405,-0.5000000000000309,0.7749665385704811,-0.11564433170526867,-1.4988010832439613e-14,0.5890505696426915,70,255,255,255
125,2.5,10.339005076574118,2.640555241625954,-11.259999999999973,3.4766787502827716,2.644726347320098,-0.5000000000000312,0.7710809516291741,-0.12539334966534943,-1.3988810110276972e-14,0.5942864016311061,70,255,255,255
126,2.52,10.408845129487926,2.6933960258534806,-11.269999999999973,3.4920026456904067,2.6420392113763307,-0.5000000000000314,0.7661947703817482,-0.13435679718836235,-1.2989609388114332e-14,0.5995222460809262,70,255,255,255
127,2.54,10.478989332741085,2.7461797830942136,-11.279999999999973,3.507210162657938,2.639187862036641,-0.5000000000000316,0.7603758483765506,-0.14256746698449252,-1.2323475573339238e-14,0.6047581019952393,70,255,255,255
128,2.56,10.549435011778376,2.7989035173794883,-11.289999999999973,3.5222839518646234,2.636186714263727,-0.5000000000000319,0.7536894603342672,-0.15005738864567997,-1.1657341758564144e-14,0.6099939684568859,70,255,255,255
129,2.58,10.620179170156645,2.8515645085354886,-11.299999999999972,3.537207918913383,2.63304955780002,-0.5000000000000321,0.7461983524379829,-0.1568578231853608,-1.099120794378905e-14,0.6152298446220795,70,255,255,255
130,2.6,10.691218513652373,2.9041602999878346,-11.309999999999972,3.5519671747864145,2.629789572617309,-0.5000000000000324,0.7379627936515778,-0.16299925913556734,-1.7430501486614958e-14,0.6204657297145363,70,255,255,255
131,2.62,10.76254947339927,2.9566886868761353,-11.319999999999972,3.566547987344865,2.626419344415026,-0.5000000000000328,0.7290406279225077,-0.16851141011414095,-1.6431300764452317e-14,0.6257016230200751,70,255,255,255
132,2.64,10.83416822807702,3.0091477044789245,-11.329999999999972,3.5809377338875152,2.6229508801394696,-0.5000000000000331,0.7194873271325166,-0.17342321377782177,-1.5432100042289676e-14,0.6309375238816495,70,255,255,255
133,2.66,10.906070725172638,3.061535616948882,-11.339999999999971,3.5951248547808454,2.619395623497877,-0.5000000000000334,0.7093560446665022,-0.17776283207963273,-1.4432899320127035e-14,0.6361734316947765,70,255,255,255
134,2.68,10.978252701336046,3.1138509063577384,-11.349999999999971,3.609098808170385,2.6157644704428367,-0.5000000000000336,0.6986976694769806,-0.1815576527520082,-1.3433698597964394e-14,0.641409345903332,70,255,255,255
135,2.7,11.050709701851666,3.166092262049819,-11.359999999999973,3.622850025780939,2.612067784604044,-0.5000000000000339,0.6875608805276734,-0.18483429193963907,-1.27675647831893e-14,0.6466452659956817,70,255,255,255
136,2.72,11.123437099247887,3.218258570302736,-11.369999999999974,3.6363698698110682,2.608315412645866,-0.500000000000034,0.6759922015064799,-0.18761859790891044,-4.9960036108132044e-15,0.6518811915011221,70,255,255,255
137,2.74,11.196430111066391,3.270348904293348,-11.379999999999976,3.6496505909251513,2.6045166995305986,-0.5000000000000341,0.6640360557041465,-0.18993565576336824,-4.6629367034256575e-15,0.6571171219866059,70,255,255,255
138,2.7600000000000002,11.269683816813279,3.3223625143667213,-11.389999999999977,3.6626852873443676,2.6006805036686518,-0.500000000000034,0.6517348209608205,-0.1918097930973377,2.7755575615628914e-15,0.6623530570537296,70,255,255,255
139,2.7800000000000002,11.343193174114,3.374298818605485,-11.399999999999977,3.675467865036139,2.5968152119382055,-0.5000000000000338,0.6391288845885672,-0.1932645865223135,9.547918011776346e-15,0.667588996335962,70,255,255,255
140,2.8000000000000003,11.416953034093996,3.426157393696648,-11.409999999999977,3.687992998999805,2.5929287545581383,-0.5000000000000335,0.6262566981833038,-0.1943228690033587,8.881784197001252e-15,0.6728249394960946,70,255,255,255
141,2.82,11.49095815600689,3.477937966092633,-11.419999999999977,3.7002560956447104,2.589028619799236,-0.5000000000000334,0.6131548322452618,-0.19500673794513546,8.215650382226158e-15,0.6780608862238952,70,255,255,255
142,2.84,11.565203221131997,3.5296404034630298,-11.429999999999977,3.7122532562553485,2.585121868519842,-0.5000000000000333,0.5998580305319097,-0.1953375639696917,7.882583474838611e-15,0.6832968362339503,70,255,255,255
143,2.86,11.639682845962733,3.5812647064332945,-11.439999999999976,3.7239812415367988,2.5812151485132335,-0.5000000000000332,0.586399264072516,-0.1953360003304243,7.549516567451064e-15,0.6885327892636797,70,255,255,255
144,2.88,11.714391594707381,3.6328110006063956,-11.449999999999976,3.735437437232362,2.577314708655054,-0.5000000000000331,0.572809784778157,-0.19502199290898314,7.216449660063518e-15,0.6937687450715093,70,255,255,255
145,2.9,11.789323991123462,3.684279528863199,-11.459999999999976,3.7466198208040784,2.5734264128401705,-0.500000000000033,0.5591191785858229,-0.19441479074417245,6.8833827526759706e-15,0.6990047034351913,70,255,255,255
146,2.92,11.864474529706776,3.7356706439371847,-11.469999999999976,3.7575269291656643,2.5695557536992895,-0.500000000000033,0.5453554180792888,-0.19353295704406026,-5.551115123125783e-16,0.7042406641502573,70,255,255,255
147,2.94,11.939837686255903,3.7869848012589165,-11.479999999999976,3.7681578274563488,2.5657078660865955,-0.500000000000033,0.5315449145342228,-0.1923943806346866,-5.551115123125783e-16,0.7094766270285967,70,255,255,255
148,2.96,12.015407927832765,3.838222552065528,-11.489999999999975,3.7785120788431206,2.5618875403305785,-0.500000000000033,0.5177125693386007,-0.19101628780085633,-5.551115123125783e-16,0.7147125918971475,70,255,255,255
149,2.98,12.091179722139525,3.889384536770349,-11.499999999999975,3.788589715337996,2.558099235241047,-0.500000000000033,0.5038818247437753,-0.1894152544765748,-5.551115123125783e-16,0.7199485585966929,70,255,255,255
150,3.0,12.167147546331847,3.9404714785876718,-11.509999999999975,3.798391209616097,2.5543470908661554,-0.500000000000033,0.4900747139050532,-0.18760721874458808,-5.551115123125783e-16,0.7251845269807533,70,255,255,255
151,3.02,12.24330064316179,3.9914423814376527,-11.519999999999975,3.807654841497134,2.5485451424990484,-0.500000000000033,0.4631815940518469,-0.29009741835534797,-5.551115123125783e-16,0.7304204969145676,70,255,255,255
152,3.04,12.31962860438007,4.042258894667586,-11.529999999999974,3.816398060913921,2.5408256614966467,-0.500000000000033,0.43716097083935557,-0.385974050120097,-5.551115123125783e-16,0.7356564682741553,70,255,255,255
153,3.06,12.396121366449334,4.0928852156873194,-11.539999999999974,3.824638103463246,2.5313160509866712,-0.500000000000033,0.4120021274662622,-0.4754805254987664,-5.551115123125783e-16,0.7408924409454547,70,255,255,255
154,3.08,12.472769205963116,4.143287994369647,-11.549999999999974,3.8323919756890787,2.520138934116393,-0.500000000000033,0.3876936112916196,-0.5588558435139213,-5.551115123125783e-16,0.7461284148235288,70,255,255,255
155,3.1,12.54956273479542,4.193436239262735,-11.559999999999974,3.8396764416152664,2.507412244654422,-0.5000000000000331,0.36422329630937655,-0.6363344730985392,-7.66053886991358e-15,0.7513643898118355,70,255,255,255
156,3.12,12.626492895004906,4.243301225655923,-11.569999999999974,3.8465080104743063,2.4932493196593994,-0.5000000000000332,0.3415784429519868,-0.7081462497511253,-7.327471962526033e-15,0.7566003658215563,70,255,255,255
157,3.14,12.703550953516508,4.292856405534789,-11.579999999999973,3.8529029255800524,2.4777589939433002,-0.5000000000000333,0.31974575528730886,-0.7745162858049519,-6.994405055138486e-15,0.7618363427709781,70,255,255,255
158,3.16,12.780728496602379,4.3420773194562,-11.589999999999973,3.858877154293533,2.461045696070535,-0.5000000000000334,0.29871143567404745,-0.8356648936382656,-6.661338147750939e-15,0.7670723205849248,70,255,255,255
159,3.18,12.858017424183025,4.390941510369142,-11.599999999999973,3.8644463790323433,2.4432095456471,-0.5000000000000335,0.27846123694051395,-0.8918075211717547,-6.328271240363392e-15,0.7723082991942345,70,255,255,255
160,3.2,12.935409943968532,4.439428439402477,-11.609999999999973,3.869625989275381,2.424346451666713,-0.5000000000000336,0.25898051215188245,-0.943154699019364,-5.995204332975845e-15,0.777544278535278,70,255,255,255
161,3.22,13.012898565458851,4.48751940363634,-11.619999999999973,3.8744310745160035,2.404548211693159,-0.5000000000000338,0.2402542620311343,-0.9899119986776825,-5.662137425588298e-15,0.7827802585495166,70,255,255,255
162,3.24,13.090476093821211,4.53519745586974,-11.629999999999974,3.878876418117971,2.3839026116699866,-0.500000000000034,0.22226718009837265,-1.0322800011586222,-1.2434497875801753e-14,0.7880162391830948,70,255,255,255
163,3.2600000000000002,13.168135623661808,4.582447326392945,-11.639999999999976,3.8829764920298393,2.36249352616021,-0.5000000000000341,0.20500369559341536,-1.070454275488848,-4.6629367034256575e-15,0.7932522203864654,70,255,255,255
164,3.2800000000000002,13.245870532708103,4.629255346769542,-11.649999999999977,3.8867454523147558,2.3404010188298403,-0.500000000000034,0.18844801424581403,-1.1046253665184818,2.7755575615628914e-15,0.7984882021140449,70,255,255,255
165,3.3000000000000003,13.323674475417182,4.675609375629539,-11.659999999999979,3.890197135453881,2.317701442999842,-0.5000000000000338,0.17258415695626672,-1.1349787914999032,9.547918011776346e-15,0.8037241843238968,70,255,255,255
166,3.3200000000000003,13.40154137652484,4.7214987264715695,-11.669999999999979,3.8933450553829405,2.2944675421015215,-0.5000000000000334,0.1573959964529692,-1.1616950449160433,1.5987211554602254e-14,0.8089601669774391,70,255,255,255
167,3.34,13.479465424549293,4.7669140974691775,-11.679999999999978,3.8962024012226513,2.2707685498804144,-0.5000000000000331,0.14286729198553605,-1.1849496110553495,1.4988010832439613e-14,0.8141961500391767,70,255,255,255
168,3.36,13.557441065262594,4.811847503273246,-11.689999999999978,3.898782035665031,2.246670290203442,-0.5000000000000328,0.1289817221189824,-1.2049129838486057,1.3988810110276972e-14,0.8194321334764539,70,255,255,255
169,3.38,13.63546299514217,4.856292208799915,-11.699999999999978,3.9010964939788115,2.22223527633344,-0.5000000000000325,0.11572291568902138,-1.221750693500107,1.2989609388114332e-14,0.8246681172592276,70,255,255,255
170,3.4,13.713526154814138,4.900242664990799,-11.709999999999978,3.903157983598407,2.1975228095441817,-0.5000000000000323,0.10307448097976168,-1.2356233394629215,1.2323475573339238e-14,0.829904101359858,70,255,255,255
171,3.42,13.79162572249938,4.943694446529952,-11.719999999999978,3.9049783842620767,2.172589076957685,-0.5000000000000322,0.09102003318349361,-1.2466866293248244,4.551914400963142e-15,0.8351400857529166,70,255,255,255
172,3.44,13.8697571074727,4.986644191499831,-11.729999999999977,3.9065692486661145,2.147487248493923,-0.5000000000000321,0.07954322020190485,-1.2550914231880947,4.218847493575595e-15,0.8403760704150093,70,255,255,255
173,3.46,13.947915943544762,5.029089542956453,-11.739999999999977,3.9079418036030527,2.122267572831074,-0.500000000000032,0.0686277468468961,-1.2609837831424664,3.885780586188048e-15,0.8456120553246131,70,255,255,255
174,3.48,14.026098082575823,5.071029092402096,-11.749999999999977,3.9091069515530172,2.096977472282143,-0.5000000000000319,0.0582573974982199,-1.2645050274465492,3.552713678800501e-15,0.8508480404619273,70,255,255,255
175,3.5,14.104299588029793,5.112462325132119,-11.759999999999977,3.9100752726985064,2.0716616365011737,-0.5000000000000318,0.048416057274467406,-1.2657917890484742,3.219646771412954e-15,0.856084025808735,70,255,255,255
176,3.52,14.182516728576472,5.1533895674309065,-11.769999999999976,3.9108570273339565,2.046362114939338,-0.5000000000000316,0.03908773177251046,-1.2649760780918058,2.886579864025407e-15,0.8613200113482766,70,255,255,255
177,3.54,14.260745971749323,5.193811935590467,-11.779999999999976,3.911462158642553,2.021118407977986,-0.5000000000000316,0.030256565429829685,-1.2621853480675895,2.55351295663786e-15,0.8665559970651336,70,255,255,255
178,3.56,14.338983977665599,5.233731286723911,-11.789999999999976,3.9119002958138136,1.9959675566722277,-0.5000000000000316,0.021906858563026876,-1.2575425652879173,2.55351295663786e-15,0.8717919829451207,70,255,255,255
179,3.58,14.417227592815129,5.273150171344807,-11.799999999999976,3.912180757476504,1.9709442310448164,-0.5000000000000316,0.014023083134524938,-1.251166281370566,2.55351295663786e-15,0.8770279689751874,70,255,255,255
180,3.6,14.495473843923579,5.312071787682328,-11.809999999999976,3.9123125554224782,1.9460808168760553,-0.5000000000000318,0.0065898972987179505,-1.2431707084380625,-4.551914400963142e-15,0.8822639551433274,70,255,255,255
181,3.62,14.573719931895539,5.35049993770115,-11.819999999999975,3.912304398598026,1.9214075009410951,-0.5000000000000319,-0.0004078412226120598,-1.233665796748005,-4.218847493575595e-15,0.887499941438495,70,255,255,255
182,3.64,14.651963225842344,5.388438984794178,-11.829999999999975,3.912164697340292,1.896952354651404,-0.500000000000032,-0.006985062886705418,-1.222757314484555,-3.885780586188048e-15,0.8927359278505277,70,255,255,255
183,3.66,14.73020125719909,5.425893813115424,-11.839999999999975,3.911901567837285,1.8727414160623292,-0.5000000000000321,-0.013156475150339908,-1.2105469294537392,-3.552713678800501e-15,0.8979719143700764,70,255,255,255
184,3.68,14.808431713934908,5.462869788519695,-11.849999999999975,3.9115228367909265,1.8487987702135764,-0.5000000000000322,-0.0189365523179168,-1.197132292437644,-3.219646771412954e-15,0.9032079009885399,70,255,255,255
185,3.7,14.886652434860178,5.499372721075177,-11.859999999999975,3.911036046263492,1.825146627774084,-0.5000000000000323,-0.024339526371723874,-1.1826071219746161,-2.886579864025407e-15,0.9084438876980049,70,255,255,255
186,3.72,14.964861404033952,5.5354088291145205,-11.869999999999974,3.9104484586886894,1.8018054019671998,-0.5000000000000323,-0.029379378740114426,-1.1670612903442061,-2.55351295663786e-15,0.9136798744911914,70,255,255,255
187,3.74,15.043056745274543,5.5709847047896455,-11.879999999999974,3.909767062029481,1.7787937837562584,-0.5000000000000325,-0.03406983296041233,-1.1505809105470755,-9.658940314238862e-15,0.9189158613614016,70,255,255,255
188,3.7600000000000002,15.121236716775854,5.606107281095138,-11.889999999999974,3.908998575065586,1.7561288152746406,-0.5000000000000328,-0.038424348194765034,-1.1332484240808938,-8.992806499463768e-15,0.9241518483024737,70,255,255,255
189,3.7800000000000002,15.199399705831743,5.640783800324901,-11.899999999999974,3.908149452794427,1.7338259614881575,-0.5000000000000329,-0.04245611355794221,-1.1151426893241567,-8.326672684688674e-15,0.9293878353087386,70,255,255,255
190,3.8000000000000003,15.277544223670345,5.675021783926525,-11.909999999999973,3.9072258919300746,1.7118991800811594,-0.500000000000033,-0.046178043217629305,-1.0963390703499034,-7.993605777301127e-15,0.934623822374981,70,255,255,255
191,3.8200000000000003,15.355668900400055,5.708829003717748,-11.919999999999973,3.9062338364855025,1.6903609895611285,-0.5000000000000331,-0.049602772228596326,-1.0769095260015487,-7.66053886991358e-15,0.9398598094964026,70,255,255,255
192,3.84,15.433772480068539,5.742213454429341,-11.929999999999973,3.9051789834242356,1.6692225355796786,-0.5000000000000332,-0.05274265306333481,-1.0569226990724918,-7.327471962526033e-15,0.9450957966685891,70,255,255,255
193,3.86,15.511853815835902,5.775183327538758,-11.939999999999973,3.9040667883681737,1.6484936554708653,-0.5000000000000333,-0.05560975280308744,-1.0364440054406614,-6.994405055138486e-15,0.9503317838874793,70,255,255,255
194,3.88,15.589911865262884,5.807746986358969,-11.949999999999973,3.9029024713490945,1.6281829410105046,-0.5000000000000334,-0.05821585095396342,-1.0155357230180333,-6.661338147750939e-15,0.9555677711493369,70,255,255,255
195,3.9,15.667945685714724,5.839912942347025,-11.959999999999972,3.901691022592009,1.608297799402826,-0.5000000000000335,-0.0605724378542698,-0.9942570803839359,-6.328271240363392e-15,0.9608037584507245,70,255,255,255
196,3.92,15.745954429881108,5.87168983259709,-11.969999999999974,3.9004372083192096,1.5888445125032407,-0.5000000000000338,-0.06269071363998702,-0.9726643449792725,-1.3100631690576847e-14,0.9660397457884798,70,255,255,255
197,3.94,15.823937341412398,5.903086398482856,-11.979999999999976,3.899145576564475,1.5698282942883022,-0.5000000000000339,-0.0645815877367335,-0.9508109107469209,-5.329070518200751e-15,0.9712757331596933,70,255,255,255
198,3.96,15.901893750672148,5.934111465414577,-11.989999999999977,3.897820462987529,1.551253346586076,-0.5000000000000339,-0.06625567884730588,-0.9287473851113113,2.1094237467877974e-15,0.9765117205616883,70,255,255,255
199,3.98,15.979823070605736,5.964773923676219,-11.999999999999977,3.8964659966794275,1.533122913082123,-0.5000000000000336,-0.06772331540507626,-0.9065216751976601,9.2148511043888e-15,0.9817477079920024,70,255,255,255
200,4.0,16.057724792724738,5.995082710308583,-12.009999999999977,3.8950861059501327,1.5154393316181525,-0.5000000000000334,-0.06899453646474019,-0.8841790731985164,8.548717289613705e-15,0.9869836954483701,70,255,255,255
201,4.0200000000000005,16.13558401116987,6.024972662604383,-12.019999999999976,3.8929609222565444,1.4944976147900135,-0.5000000000000333,-0.10625918467940654,-1.0470858414069433,7.882583474838611e-15,0.9922196829287069,70,255,255,255
202,4.04,16.213386782439276,6.054383197753713,-12.029999999999976,3.89013856347043,1.4705267574664813,-0.5000000000000332,-0.1411179393057207,-1.1985428661766075,7.549516567451064e-15,0.9974556704310954,70,255,255,255
203,4.0600000000000005,16.291120089956703,6.083258134982692,-12.039999999999976,3.8866653758713996,1.443746861448997,-0.5000000000000332,-0.17365937995153802,-1.3389948008742172,1.1102230246251565e-16,1.0026916579537715,70,255,255,255
204,4.08,16.36877180928247,6.111545521320549,-12.049999999999976,3.8825859662883855,1.4143693168928257,-0.5000000000000331,-0.20397047915071198,-1.4688772278085636,7.216449660063518e-15,1.007927645495112,70,255,255,255
205,4.1,16.446330673984384,6.13919746105618,-12.059999999999976,3.8779432350957594,1.3825969867815786,-0.5000000000000331,-0.2321365596312992,-1.588616505562356,-2.220446049250313e-16,1.013163633053624,70,255,255,255
206,4.12,16.523786242183583,6.166169948935715,-12.069999999999975,3.872778409960007,1.3486243939767382,-0.5000000000000331,-0.25824125678761867,-1.6986296402420233,-2.220446049250313e-16,1.0183996206279338,70,255,255,255
207,4.14,16.601128863788343,6.192422707143483,-12.079999999999975,3.8671310802379333,1.3126379103884078,-0.5000000000000331,-0.2823664861036992,-1.7993241794165211,-2.220446049250313e-16,1.0236356082167772,70,255,255,255
208,4.16,16.678349648426988,6.21791902610023,-12.089999999999975,3.861039231932272,1.2748159478373382,-0.5000000000000331,-0.304592415283063,-1.8910981275534866,-2.220446049250313e-16,1.028871595818992,70,255,255,255
209,4.18,16.755440434089294,6.242625609104257,-12.099999999999975,3.8545392831153276,1.2353291502013752,-0.5000000000000331,-0.32499744084721316,-1.9743398817981483,-2.220446049250313e-16,1.0341075834335083,70,255,255,255
210,4.2,16.832393756484013,6.266512420833494,-12.109999999999975,3.8476661197358846,1.1943405864618302,-0.5000000000000331,-0.3436581689721514,-2.049428186977253,-2.220446049250313e-16,1.0393435710593417,70,255,255,255
211,4.22,16.909202819118594,6.289552539719232,-12.119999999999974,3.8404531317290993,1.1520059442869013,-0.5000000000000331,-0.36064940033925463,-2.116732108746445,-2.220446049250313e-16,1.0445795586955873,70,255,255,255
212,4.24,16.985861464105664,6.3117220141954355,-12.129999999999974,3.832932249353424,1.1084737238101914,-0.5000000000000332,-0.37604411878375243,-2.176611023835493,-7.327471962526033e-15,1.0498155463414118,70,255,255,255
213,4.26,17.06236414369932,6.332999722821087,-12.139999999999974,3.825133979682793,1.0638854312825703,-0.5000000000000332,-0.3899134835315641,-2.2294146263810593,1.1102230246251565e-16,1.055051533996049,70,255,255,255
214,4.28,17.138705892563046,6.35336723826699,-12.149999999999974,3.817087443186376,1.0183757722951365,-0.5000000000000333,-0.4023268248208365,-2.275482949371688,-6.994405055138486e-15,1.0602875216587937,70,255,255,255
215,4.3,17.214882300769688,6.372808695152787,-12.159999999999973,3.808820410332115,0.972072844289859,-0.5000000000000334,-0.41335164271304636,-2.3151464002638793,-6.661338147750939e-15,1.0655235093289976,70,255,255,255
216,4.32,17.29088948753277,6.391310661714639,-12.169999999999973,3.8003593381540477,0.9250983280926166,-0.5000000000000335,-0.42305360890336097,-2.3487258098621195,-6.328271240363392e-15,1.0707594970060639,70,255,255,255
217,4.34,17.36672407566731,6.408862015279056,-12.179999999999973,3.791729406727087,0.8775676782208429,-0.5000000000000336,-0.43149657134804587,-2.376532493588682,-5.995204332975845e-15,1.0759954846894435,70,255,255,255
218,4.36,17.44238316677724,6.425453821513752,-12.189999999999973,3.7829545554964494,0.8295903117348047,-0.5000000000000338,-0.4387425615318694,-2.398868324301913,-5.662137425588298e-15,1.0812314723786314,70,255,255,255
219,4.38,17.517864317165486,6.441079217422107,-12.199999999999974,3.7740575194123247,0.7812697954177354,-0.5000000000000339,-0.4448518042062348,-2.416025815853462,-5.329070518200751e-15,1.0864674600731627,70,255,255,255
220,4.4,17.59316551446196,6.455733298043819,-12.209999999999976,3.765059864823657,0.7327040310856042,-0.5000000000000339,-0.4498827294333876,-2.4282882166065622,2.1094237467877974e-15,1.0917034477726104,70,255,255,255
221,4.42,17.66828515496372,6.469413006820664,-12.219999999999978,3.755982025088061,0.6839854388422463,-0.5000000000000339,-0.453891986779817,-2.4359296121678966,2.1094237467877974e-15,1.096939435476581,70,255,255,255
222,4.44,17.74322202168088,6.482117029582863,-12.229999999999977,3.7468433358579287,0.6352011381099245,-0.5000000000000336,-0.456934461506616,-2.439215036616087,9.2148511043888e-15,1.1021754231847123,70,255,255,255
223,4.46,17.817975263080992,6.4938456921084455,-12.239999999999977,3.7376620700057006,0.5864331262791486,-0.5000000000000334,-0.4590632926114142,-2.4384005915387963,8.548717289613705e-15,1.1074114108966717,70,255,255,255
224,4.48,17.892544372524075,6.504600861205141,-12.249999999999977,3.728455472154066,0.5377584548347549,-0.5000000000000333,-0.46032989258172785,-2.433733572219683,7.882583474838611e-15,1.1126473986121532,70,255,255,255
225,4.5,17.966929168379664,6.514385849261698,-12.259999999999977,3.7192397927795517,0.4892494028278716,-0.5000000000000332,-0.4607839687257118,-2.425452600344167,7.549516567451064e-15,1.1178833863308748,70,255,255,255
226,4.5200000000000005,18.041129774816874,6.523205322213207,-12.269999999999976,3.7100303218605304,0.440973647575459,-0.5000000000000331,-0.4604735459510576,-2.4137877626206303,7.216449660063518e-15,1.1231193740525773,70,255,255,255
227,4.54,18.115146603257735,6.53106521086282,-12.279999999999976,3.7008414220431427,0.3929944324806528,-0.500000000000033,-0.45944499086938695,-2.3989607547403082,6.8833827526759706e-15,1.1283553617770221,70,255,255,255
228,4.5600000000000005,18.188980334483755,6.537972625500384,-12.289999999999976,3.6916865613009984,0.34537073187814826,-0.500000000000033,-0.4577430371072122,-2.381185030125227,-5.551115123125783e-16,1.13359134950399,70,255,255,255
229,4.58,18.26263190138509,6.543935773756771,-12.299999999999976,3.68257834506677,0.2981574128193713,-0.5000000000000329,-0.4554108117114186,-2.360665952938847,6.5503158452884236e-15,1.1388273372332791,70,255,255,255
230,4.6000000000000005,18.336102472341413,6.548963881631215,-12.309999999999976,3.673528547815958,0.25140539372219234,-0.5000000000000329,-0.4524898625406095,-2.337600954858949,-8.881784197001252e-16,1.1440633249647039,70,255,255,255
231,4.62,18.409393435223116,6.553067117627604,-12.319999999999975,3.664548144085158,0.2051617998194709,-0.5000000000000329,-0.4490201865400145,-2.312179695136071,-8.881784197001252e-16,1.1492993126980933,70,255,255,255
232,4.64,18.482506382001297,6.5562565199346,-12.329999999999975,3.655647338909138,0.15947011534978403,-0.5000000000000329,-0.4450402588009843,-2.284584223484344,-8.881784197001252e-16,1.1545353004332901,70,255,255,255
233,4.66,18.555443093954555,6.558543926583446,-12.339999999999975,3.646835597662894,0.11437033244230105,-0.5000000000000329,-0.4405870623121939,-2.2549891453741493,-8.881784197001252e-16,1.1597712881701498,70,255,255,255
234,4.68,18.628205527460487,6.5599419085165644,-12.349999999999975,3.638121675296633,0.06989909665594174,-0.5000000000000329,-0.4356961183130359,-2.223561789317965,-8.881784197001252e-16,1.1650072759085395,70,255,255,255
235,4.7,18.700795800359554,6.560463705499378,-12.359999999999975,3.6295136449533425,0.02608984914069682,-0.5000000000000329,-0.430401517164527,-2.190462375762246,-8.881784197001252e-16,1.1702432636483364,70,255,255,255
236,4.72,18.77321617887876,6.560123164807305,-12.369999999999974,3.621018925960193,-0.017027034603676126,-0.5000000000000329,-0.42473594965747896,-2.1558441872186473,-8.881784197001252e-16,1.1754792513894283,70,255,255,255
237,4.74,18.84546906510249,6.558934682619516,-12.379999999999974,3.612644311186565,-0.05942410938943854,-0.500000000000033,-0.4187307386813921,-2.1198537392881205,-7.993605777301127e-15,1.1807152391317115,70,255,255,255
238,4.76,18.917556984977747,6.556913148050827,-12.389999999999974,3.604395993762925,-0.10107672843444974,-0.500000000000033,-0.4124158711819854,-2.08263095225056,-5.551115123125783e-16,1.1859512268750907,70,255,255,255
239,4.78,18.98948257684087,6.554073889752973,-12.399999999999974,3.596279593156152,-0.14196291489268284,-0.5000000000000331,-0.4058200303386421,-2.044309322911655,-7.66053886991358e-15,1.1911872146194782,70,255,255,255
240,4.8,19.061248580452833,6.550432625016553,-12.409999999999973,3.588300180598205,-0.18206323682101125,-0.5000000000000332,-0.3989706278973637,-2.00501609641642,-7.327471962526033e-15,1.1964232023647934,70,255,255,255
241,4.82,19.13285782653016,6.54600541130503,-12.419999999999973,3.5804623038662466,-0.221360685576144,-0.5000000000000333,-0.3918938365979163,-1.964872437756637,-6.994405055138486e-15,1.201659190110962,70,255,255,255
242,4.84,19.20431322675843,6.54080860015242,-12.429999999999973,3.5727700114134886,-0.2598405576304646,-0.5000000000000334,-0.38461462263790214,-1.923993602716031,-6.661338147750939e-15,1.2068951778579156,70,255,255,255
243,4.86,19.275617764275452,6.534858793356606,-12.439999999999973,3.5652268758511036,-0.2974903397907349,-0.5000000000000335,-0.3771567781192533,-1.8824891080135144,-6.328271240363392e-15,1.2121311656055915,70,255,255,255
244,4.88,19.346774484611103,6.528172801400623,-12.449999999999973,3.557836016782569,-0.3342995977991414,-0.5000000000000336,-0.36954295342673227,-1.8404629004203263,-5.995204332975845e-15,1.217367153353932,70,255,255,255
245,4.9,19.41778648707096,6.520767604034783,-12.459999999999972,3.5506001229927637,-0.3702598682919826,-0.5000000000000338,-0.36179468949027616,-1.7980135246420577,-5.662137425588298e-15,1.2226031411028842,70,255,255,255
246,4.92,19.48865691655086,6.512660312953035,-12.469999999999974,3.543521473995027,-0.40536455408740374,-0.500000000000034,-0.3539324498868406,-1.7552342897710562,-1.2434497875801753e-14,1.2278391288523987,70,255,255,255
247,4.94,19.559388955769663,6.503868136497636,-12.479999999999976,3.5366019609402315,-0.4396088227699774,-0.5000000000000341,-0.3459756527397735,-1.7122134341286854,-4.6629367034256575e-15,1.2330751166024305,70,255,255,255
248,4.96,19.629985817907517,6.494408346326904,-12.489999999999977,3.5298431068926885,-0.47298950853658245,-0.500000000000034,-0.3379427023771462,-1.669034288330251,2.7755575615628914e-15,1.2383111043529387,70,255,255,255
249,4.98,19.700450739637088,6.484298245981605,-12.499999999999979,3.523246086478439,-0.5055050172649502,-0.5000000000000338,-0.32985102071247807,-1.6257754364183912,9.547918011776346e-15,1.2435470921038847,70,255,255,255
250,5.0,19.77078697453533,6.473555141286337,-12.509999999999978,3.5168117449121477,-0.5371552347634097,-0.5000000000000334,-0.32171707831456864,-1.582510874922971,1.5987211554602254e-14,1.2487830798552337,70,255,255,255
251,5.0200000000000005,19.840990672271925,6.4621821311044,-12.519999999999978,3.510184886829738,-0.5686505090968544,-0.5000000000000331,-0.3313429041204894,-1.5747637166722397,1.4988010832439613e-14,1.2540190676069534,70,255,255,255
252,5.04,19.911058425595826,6.450183136216075,-12.529999999999978,3.5033876661951084,-0.5999497444162519,-0.5000000000000328,-0.3398610317314792,-1.5649617659698758,1.3988810110276972e-14,1.259255055359014,70,255,255,255
253,5.0600000000000005,19.980987249202116,6.4375628437303565,-12.539999999999978,3.4964411803144078,-0.631014624285934,-0.5000000000000326,-0.34732429403503406,-1.553243993484104,5.88418203051333e-15,1.2644910431113887,70,255,255,255
254,5.08,20.050774559191712,6.4243266536058545,-12.549999999999978,3.4893654994798093,-0.6618095062250919,-0.5000000000000324,-0.3537840417299307,-1.5397440969578984,1.2656542480726785e-14,1.269727030864052,70,255,255,255
255,5.1000000000000005,20.12041815312127,6.4104806272398855,-12.559999999999977,3.4821796964778824,-0.6923013182984548,-0.5000000000000323,-0.35929015009634657,-1.5245906036681405,4.884981308350689e-15,1.274963018616981,70,255,255,255
256,5.12,20.18991619063974,6.396031438083912,-12.569999999999977,3.4749018759234698,-0.7224594577986526,-0.5000000000000322,-0.3638910277206411,-1.5079069750098901,4.551914400963142e-15,1.280199006370154,70,255,255,255
257,5.14,20.25926717470739,6.380986324242775,-12.579999999999977,3.4675492033826076,-0.7522556920568749,-0.5000000000000321,-0.36763362704311353,-1.4898117129111172,4.218847493575595e-15,1.2854349941235519,70,255,255,255
258,5.16,20.3284699333924,6.365353043014518,-12.589999999999977,3.460137934250548,-0.7816640614128274,-0.500000000000032,-0.3705634566029685,-1.470418467797625,3.885780586188048e-15,1.2906709818771567,70,255,255,255
259,5.18,20.39752360223947,6.349139827327124,-12.599999999999977,3.4526834423533743,-0.8106607843696765,-0.5000000000000319,-0.3727245948586786,-1.4498361478424542,3.552713678800501e-15,1.2959069696309518,70,255,255,255
260,5.2,20.466427607204352,6.332355344028032,-12.609999999999976,3.445200248244029,-0.8392241649546375,-0.5000000000000318,-0.3741597054672572,-1.428169029248052,3.219646771412954e-15,1.3011429573849218,70,255,255,255
261,5.22,20.535181648147667,6.31500865398201,-12.619999999999976,3.4377020471658173,-0.8673345023010878,-0.5000000000000316,-0.37491005391058785,-1.405516867322516,2.886579864025407e-15,1.3063789451390528,70,255,255,255
262,5.24,20.60378568288084,6.297109173932738,-12.629999999999976,3.430201736658596,-0.8949740024635837,-0.5000000000000318,-0.37501552536105187,-1.3819750081247972,-4.551914400963142e-15,1.311614932893332,70,255,255,255
263,5.26,20.672239911756538,6.27866664008328,-12.639999999999976,3.4227114437849178,-0.9221266924729025,-0.5000000000000316,-0.37451464368391996,-1.3576345004659385,2.886579864025407e-15,1.3168509206477474,70,255,255,255
264,5.28,20.740544762795647,6.259691073350596,-12.649999999999975,3.4152425519553677,-0.94877833663422,-0.5000000000000318,-0.3734445914775031,-1.3325822080658725,-4.551914400963142e-15,1.3220869084022884,70,255,255,255
265,5.3,20.808700877342332,6.240192746249241,-12.659999999999975,3.407805727334225,-0.974916355067758,-0.5000000000000319,-0.37184123105712796,-1.3069009216768983,-4.218847493575595e-15,1.3273228961569448,70,255,255,255
266,5.32,20.8767090962385,6.220182151359487,-12.669999999999975,3.4004109448083795,-1.0005297444876897,-0.500000000000032,-0.3697391262922798,-1.2806694709965825,-3.885780586188048e-15,1.3325588839117073,70,255,255,255
267,5.34,20.944570446508582,6.199669971335251,-12.679999999999975,3.3930675135041546,-1.0256090012117596,-0.5000000000000321,-0.36717156521125327,-1.253962836203491,-3.552713678800501e-15,1.3377948716665673,70,255,255,255
268,5.36,21.012286128545348,6.178667050407432,-12.689999999999975,3.38578410183834,-1.0501460463909607,-0.5000000000000322,-0.3641705832907318,-1.226852258960059,-3.219646771412954e-15,1.3430308594215172,70,255,255,255
269,5.38,21.079857503787174,6.157184367338518,-12.699999999999974,3.3785687620912963,-1.0741341534456985,-0.5000000000000323,-0.36076698735219326,-1.1994053527368917,-2.886579864025407e-15,1.3482668471765498,70,255,255,255
270,5.4,21.147286082877002,6.135233009784675,-12.709999999999974,3.3714289544914924,-1.0975678776921534,-0.5000000000000323,-0.35699037999019145,-1.1716862123227454,-2.55351295663786e-15,1.3535028349316585,70,255,255,255
271,5.42,21.214573514293047,6.112824150021874,-12.719999999999974,3.3643715708022537,-1.1204429881400277,-0.5000000000000325,-0.3528691844619458,-1.143755522393723,-9.658940314238862e-15,1.3587388226868369,70,255,255,255
272,5.44,21.281721573441104,6.089969021993063,-12.729999999999974,3.357402957402849,-1.14275640144052,-0.5000000000000328,-0.3484306699702331,-1.1156706650246193,-8.992806499463768e-15,1.3639748104420797,70,255,255,255
273,5.46,21.34873215219825,6.06667889963384,-12.739999999999974,3.350528937857327,-1.1645061179611924,-0.5000000000000329,-0.34370097727608506,-1.087485826033615,-8.326672684688674e-15,1.3692107981973818,70,255,255,255
274,5.48,21.41560724889756,6.042965076434592,-12.749999999999973,3.3437548349657287,-1.185691159962401,-0.500000000000033,-0.33870514457992495,-1.0592521000604238,-7.993605777301127e-15,1.3744467859527383,70,255,255,255
275,5.5,21.48234895874343,6.01883884619763,-12.759999999999973,3.337085492293444,-1.2063115118481114,-0.5000000000000331,-0.3334671336142354,-1.0310175942855233,-7.66053886991358e-15,1.379682773708145,70,255,255,255
276,5.5200000000000005,21.54895946464694,5.994311484948385,-12.769999999999973,3.3305252951755904,-1.2263680624622366,-0.5000000000000332,-0.3280098558926774,-1.0028275307062648,-7.327471962526033e-15,1.3849187614635978,70,255,255,255
277,5.54,21.615441028470826,5.969394233960384,-12.779999999999973,3.3240781911942903,-1.245862549400089,-0.5000000000000333,-0.32235519906500354,-0.9747243468926243,-6.994405055138486e-15,1.390154749219093,70,255,255,255
278,5.5600000000000005,21.681795982673382,5.944098283854321,-12.789999999999973,3.317747710127721,-1.2647975053031446,-0.5000000000000335,-0.3165240533284681,-0.9467477951527853,-1.3766765505351941e-14,1.3953907369746272,70,255,255,255
279,5.58,21.748026722340796,5.91843475973224,-12.799999999999972,3.3115369833707042,-1.2831762061040461,-0.5000000000000336,-0.3105363378508219,-0.9189350400450809,-5.995204332975845e-15,1.4006267247301973,70,255,255,255
280,5.6000000000000005,21.814135697597347,5.892414707308487,-12.809999999999974,3.3054487628274787,-1.3010026211876415,-0.5000000000000339,-0.30441102716127055,-0.8913207541797734,-1.27675647831893e-14,1.4058627124858005,70,255,255,255
281,5.62,21.88012540638291,5.86604907999983,-12.819999999999975,3.299485439278086,-1.3182813654328354,-0.500000000000034,-0.2981661774696356,-0.8639372122596889,-4.9960036108132044e-15,1.4110987002414341,70,255,255,255
282,5.64,21.94599838758732,5.839348726937847,-12.829999999999977,3.293649060220575,-1.3350176530991393,-0.500000000000034,-0.2918189528755448,-0.836814383315198,2.4424906541753444e-15,1.4163346879970957,70,255,255,255
283,5.66,22.01175721453116,5.812324381867427,-12.839999999999979,3.2879413471919254,-1.3512172535210207,-0.5000000000000338,-0.28538565143247974,-0.8099800210940735,9.547918011776346e-15,1.4215706757527828,70,255,255,255
284,5.68,22.077404488782584,5.784986652895977,-12.849999999999978,3.282363712571251,-1.3668864485724699,-0.5000000000000334,-0.2788817310337244,-0.7834597525724629,1.5987211554602254e-14,1.4268066635084937,70,255,255,255
285,5.7,22.142942834299973,5.757346013058704,-12.859999999999978,3.276917275869466,-1.3820319918636308,-0.5000000000000331,-0.272321835089242,-0.7572771645580403,1.4988010832439613e-14,1.4320426512642264,70,255,255,255
286,5.72,22.208374891890177,5.729412791666087,-12.869999999999978,3.2716028795101604,-1.3966610696308543,-0.5000000000000328,-0.26571981796528243,-0.731453888361181,1.3988810110276972e-14,1.437278639019979,70,255,255,255
287,5.74,22.273703313972316,5.701197166400465,-12.879999999999978,3.26642110410696,-1.4107812632811496,-0.5000000000000326,-0.2590887701600084,-0.706009682514765,5.88418203051333e-15,1.44251462677575,70,255,255,255
288,5.76,22.33893075963718,5.6727091561294305,-12.889999999999977,3.261372283243144,-1.4244005135516917,-0.5000000000000324,-0.2524410431908022,-0.6809625135271025,1.2656542480726785e-14,1.4477506145315382,70,255,255,255
289,5.78,22.404059889992375,5.643958614404534,-12.899999999999977,3.256456517759731,-1.4375270862448328,-0.5000000000000323,-0.24578827417064852,-0.65632863465706,4.884981308350689e-15,1.4529866022873419,70,255,255,255
290,5.8,22.46909336378355,5.6149552236145555,-12.909999999999977,3.2516736895586704,-1.4501695394989083,-0.5000000000000322,-0.23914141005303158,-0.6321226627037682,4.551914400963142e-15,1.4582225900431598,70,255,255,255
291,5.82,22.534033833282113,5.585708489763454,-12.919999999999977,3.247023474928143,-1.4623366925550552,-0.5000000000000321,-0.23251073152637414,-0.6083576528073482,4.218847493575595e-15,1.463458577798991,70,255,255,255
292,5.84,22.59888394043006,5.556227737843849,-12.929999999999977,3.2425053573973255,-1.4740375959802594,-0.500000000000032,-0.22590587654088212,-0.5850451712602163,3.885780586188048e-15,1.4686945655548342,70,255,255,255
293,5.86,22.663646313232626,5.526522107777711,-12.939999999999976,3.2381186401282847,-1.4852815033068976,-0.5000000000000319,-0.2193358634520437,-0.5621953663319059,3.552713678800501e-15,1.4739305533106888,70,255,255,255
294,5.88,22.728323562389683,5.496600550896728,-12.949999999999976,3.233862457852944,-1.4960778440491607,-0.5000000000000318,-0.2128091137670376,-0.539817037113155,3.219646771412954e-15,1.4791665410665535,70,255,255,255
295,5.9,22.79291827815695,5.46647182693559,-12.959999999999976,3.2297357883633224,-1.5064361980569236,-0.5000000000000316,-0.20633347448106942,-0.5179177003881534,2.886579864025407e-15,1.4844025288224278,70,255,255,255
296,5.92,22.85743302742822,5.436144501512233,-12.969999999999976,3.22573746356346,-1.5163662711678443,-0.5000000000000318,-0.1999162399931138,-0.4965036555460287,-4.551914400963142e-15,1.4896385165783108,70,255,255,255
297,5.94,22.92187035103005,5.405626944069858,-12.979999999999976,3.2218661800916517,-1.5258778721187556,-0.5000000000000319,-0.19356417359042455,-0.4755800475455598,-4.218847493575595e-15,1.4948745043342018,70,255,255,255
298,5.96,22.986232761220485,5.374927326256303,-12.989999999999975,3.218120509521768,-1.5349808906777365,-0.500000000000032,-0.1872835284941714,-0.45515092794903933,-3.885780586188048e-15,1.5001104920901,70,255,255,255
299,5.98,23.05052273938354,5.344053620717131,-12.999999999999975,3.2144989081526063,-1.5436852769586085,-0.5000000000000321,-0.18108006845809488,-0.4352193140436018,-3.552713678800501e-15,1.5053464798460052,70,255,255,255
300,6.0,23.114742733911424,5.313013600279531,-13.009999999999975,3.210999726394313,-1.5520010218800087,-0.5000000000000322,-0.17495908791466164,-0.4157872460700103,-3.219646771412954e-15,1.5105824676019166,70,255,255,255
301,6.0200000000000005,23.178889885967788,5.281819025321051,-13.019999999999975,3.207357602818163,-1.5597287479239943,-0.5000000000000323,-0.18210617880749824,-0.3863863021992864,-2.886579864025407e-15,1.5158184553578335,70,255,255,255
302,6.04,23.242961624794408,5.25048119788382,-13.029999999999974,3.2035869413309492,-1.5668913718615398,-0.5000000000000323,-0.188533074360679,-0.35813119687727735,-2.55351295663786e-15,1.5210544431137558,70,255,255,255
303,6.0600000000000005,23.30695565453972,5.219010971091405,-13.039999999999974,3.1997014872657155,-1.5735113396207316,-0.5000000000000325,-0.19427270326169044,-0.3309983879595957,-9.658940314238862e-15,1.526290430869683,70,255,255,255
304,6.08,23.370869941437793,5.187418758718929,-13.049999999999974,3.195714344903647,-1.5796106186238563,-0.5000000000000325,-0.1993571181034164,-0.30496395015622957,-1.887379141862766e-15,1.5315264186256146,70,255,255,255
305,6.1000000000000005,23.434702701337198,5.155714544891931,-13.059999999999974,3.1916379949703337,-1.585210691349873,-0.5000000000000328,-0.2038174966656734,-0.28000363630082514,-8.992806499463768e-15,1.5367624063815504,70,255,255,255
306,6.12,23.498452387578798,5.123907893890751,-13.069999999999974,3.187484312079943,-1.5903325500590462,-0.5000000000000329,-0.20768414451952832,-0.25609293545865763,-8.326672684688674e-15,1.54199839413749,70,255,255,255
307,6.140000000000001,23.562117679220847,5.092007960038382,-13.079999999999973,3.1832645821025247,-1.594996692618452,-0.500000000000033,-0.21098649887093224,-0.23320712797028897,-7.993605777301127e-15,1.5472343818934329,70,255,255,255
308,6.16,23.625697469609474,5.060023497651002,-13.089999999999973,3.1789895194312634,-1.5992231193689814,-0.5000000000000331,-0.2137531335630629,-0.21132133752646842,-7.66053886991358e-15,1.5524703696493791,70,255,255,255
309,6.18,23.689190855292036,5.027962871031475,-13.099999999999973,3.1746692841280644,-1.603031330976366,-0.5000000000000332,-0.21601176515995846,-0.19041058036923042,-7.327471962526033e-15,1.5577063574053283,70,255,255,255
310,6.2,23.752597125270583,4.995834064487263,-13.109999999999973,3.1703134989273285,-1.606440327210623,-0.5000000000000333,-0.217789260036787,-0.17044981171284412,-6.994405055138486e-15,1.56294234516128,70,255,255,255
311,6.22,23.81591575059217,4.96364469235526,-13.119999999999973,3.16593126607923,-1.6094686066001649,-0.5000000000000334,-0.2191116424049402,-0.1514139694770935,-6.661338147750939e-15,1.5681783329172343,70,255,255,255
312,6.24,23.879146374272473,4.931402009017087,-13.129999999999972,3.1615311840151668,-1.6121341669086515,-0.5000000000000336,-0.220004103203161,-0.13327801542433138,-1.3433698597964394e-14,1.573414320673191,70,255,255,255
313,6.26,23.942288801548862,4.899112918889398,-13.139999999999972,3.1571213638193996,-1.6144545063844526,-0.5000000000000338,-0.22049100978836433,-0.11601697379005271,-5.662137425588298e-15,1.5786503084291497,70,255,255,255
314,6.28,24.005342990458704,4.866783986374711,-13.149999999999974,3.152709445492144,-1.6164466257343681,-0.500000000000034,-0.22059591636279574,-0.09960596749576989,-1.2434497875801753e-14,1.5838862961851103,70,255,255,255
315,6.3,24.068309042738516,4.834421445759211,-13.159999999999975,3.1483026139906123,-1.618127030774991,-0.5000000000000341,-0.22034157507656937,-0.08402025203114283,-4.6629367034256575e-15,1.5891222839410728,70,255,255,255
316,6.32,24.131187195039228,4.802031211044874,-13.169999999999977,3.143907615035664,-1.619511735716814,-0.500000000000034,-0.21974994774739764,-0.06923524709115036,2.7755575615628914e-15,1.594358271697037,70,255,255,255
317,6.34,24.193977810452683,4.7696188857041175,-13.179999999999978,3.139530770672833,-1.620616267037858,-0.5000000000000338,-0.21884221814157545,-0.055226566052205106,9.547918011776346e-15,1.5995942594530026,70,255,255,255
318,6.36,24.256681370344236,4.737189772346013,-13.189999999999978,3.1351779945775715,-1.6214556679052565,-0.5000000000000334,-0.2176388047630753,-0.041970043369921495,1.5987211554602254e-14,1.6048302472089697,70,255,255,255
319,6.38,24.319298466486146,4.704748882283916,-13.199999999999978,3.1308548070955777,-1.62204450310484,-0.5000000000000331,-0.21615937409969144,-0.029441759979176307,1.4988010832439613e-14,1.610066234964938,70,255,255,255
320,6.4,24.381829793486347,4.672300944995109,-13.209999999999978,3.1265663500100276,-1.6223968644403584,-0.5000000000000328,-0.2144228542775095,-0.01761806677591382,1.3988810110276972e-14,1.6153022227209075,70,255,255,255
321,6.42,24.444276141506915,4.639850417463799,-13.219999999999978,3.1223174010284707,-1.6225263765655185,-0.5000000000000326,-0.2124474490778514,-0.0064756062580031415,5.88418203051333e-15,1.620538210476878,70,255,255,255
322,6.44,24.506638389266577,4.607401493399528,-13.229999999999977,3.1181123879830386,-1.6224462032135416,-0.5000000000000325,-0.2102506522716152,0.004008667598844218,5.551115123125783e-15,1.6257741982328495,70,255,255,255
323,6.46,24.568917497321344,4.57495811232372,-13.239999999999977,3.1139554027384353,-1.6221690537904192,-0.5000000000000324,-0.20784926223015487,0.013857471156125456,5.218048215738236e-15,1.631010185988822,70,255,255,255
324,6.48,24.631114501617404,4.54252396851773,-13.249999999999977,3.1098502148030036,-1.6217071902994968,-0.5000000000000323,-0.20525939677158878,0.023093174546117146,4.884981308350689e-15,1.6362461737447953,70,255,255,255
325,6.5,24.693230507310183,4.510102519826401,-13.259999999999977,3.1058002846388897,-1.621072434566428,-0.5000000000000322,-0.20249650820570686,0.03173778665343674,4.551914400963142e-15,1.6414821615007693,70,255,255,255
326,6.5200000000000005,24.755266682843544,4.477696996311703,-13.269999999999976,3.1018087766680766,-1.6202761757349147,-0.5000000000000321,-0.1995753985406572,0.039812941575668725,4.218847493575595e-15,1.6467181492567442,70,255,255,255
327,6.54,24.81722425428298,4.445310408751603,-13.279999999999976,3.09787857197172,-1.6193293780049935,-0.500000000000032,-0.1965102348178367,0.04733988649605192,3.885780586188048e-15,1.6519541370127198,70,255,255,255
328,6.5600000000000005,24.8791044998966,4.412945556979865,-13.289999999999976,3.0940122806808663,-1.6182425885869374,-0.5000000000000321,-0.1933145645426837,0.054339470902812215,-3.552713678800501e-15,1.6571901247686958,70,255,255,255
329,6.58,24.940908744977744,4.380605038062963,-13.299999999999976,3.090212254057251,-1.6170259458451028,-0.500000000000032,-0.19000133118077311,0.06083213709172974,3.885780586188048e-15,1.6624261125246724,70,255,255,255
330,6.6000000000000005,25.002638356903013,4.3482912543108165,-13.309999999999976,3.086480596263437,-1.6156891876073036,-0.5000000000000321,-0.1865828896906816,0.0668379118899578,-3.552713678800501e-15,1.6676621002806495,70,255,255,255
331,6.62,25.064294740419456,4.3160064211184865,-13.319999999999975,3.0828191758221073,-1.6142416596164781,-0.5000000000000322,-0.18307102206649128,0.07237639954127206,-3.219646771412954e-15,1.672898088036627,70,255,255,255
332,6.640000000000001,25.125879333154753,4.283752574636435,-13.329999999999975,3.0792296367648184,-1.6126923241025932,-0.5000000000000323,-0.17947695286444798,0.07746677569424243,-2.886579864025407e-15,1.678134075792605,70,255,255,255
333,6.66,25.187393601344173,4.251531579267358,-13.339999999999975,3.0757134094710192,-1.6110497684538547,-0.5000000000000323,-0.17581136468995817,0.08212778243692154,-2.55351295663786e-15,1.6833700635485835,70,255,255,255
334,6.68,25.248839035768142,4.21934513498801,-13.349999999999975,3.072271721198571,-1.6093222139673917,-0.5000000000000323,-0.17208441362241533,0.08637772432314716,-2.55351295663786e-15,1.6886060513045622,70,255,255,255
335,6.7,25.310217147894292,4.187194784494797,-13.359999999999975,3.0689056063074283,-1.6075175246606463,-0.5000000000000323,-0.16830574455712277,0.0902344653372733,-2.55351295663786e-15,1.6938420390605413,70,255,255,255
336,6.72,25.37152946621786,4.155081920172282,-13.369999999999974,3.065615916178539,-1.605643216125726,-0.5000000000000323,-0.16448450644446755,0.0937154267460194,-2.55351295663786e-15,1.6990780268165206,70,255,255,255
337,6.74,25.432777532794468,4.123007790884083,-13.379999999999974,3.062403328830374,-1.6037064644099772,-0.5000000000000325,-0.1606293674082524,0.09683758578743973,-9.658940314238862e-15,1.7043140145725004,70,255,255,255
338,6.76,25.493962899959186,4.090973508585943,-13.389999999999974,3.0592683582358466,-1.601714114906995,-0.5000000000000325,-0.15674852972635644,0.09961747514911945,-1.887379141862766e-15,1.7095500023284804,70,255,255,255
339,6.78,25.55508712722604,4.058980054761078,-13.399999999999974,3.0562113633426904,-1.5996726912432178,-0.5000000000000328,-0.1528497446578232,0.102071183188857,-8.992806499463768e-15,1.7147859900844606,70,255,255,255
340,6.8,25.616151778362056,4.0270282866781555,-13.409999999999973,3.0532325568006513,-1.5975884041461554,-0.5000000000000329,-0.1489403271019505,0.10421435485311448,-8.326672684688674e-15,1.720021977840441,70,255,255,255
341,6.82,25.67715841863004,3.9951189434725323,-13.419999999999973,3.05033201339913,-1.5954671602811605,-0.500000000000033,-0.14502717007606503,0.10606219324974231,-7.993605777301127e-15,1.7252579655964217,70,255,255,255
342,6.84,25.738108612194424,3.9632526520516422,-13.429999999999973,3.0475096782191375,-1.593314571044493,-0.5000000000000331,-0.14111675899962384,0.10762946183338218,-7.66053886991358e-15,1.7304939533524026,70,255,255,255
343,6.86,25.7990039196845,3.9314299328256177,-13.439999999999973,3.0447653745036707,-1.5911359613012317,-0.5000000000000332,-0.13721518577334324,0.10893048716306275,-7.327471962526033e-15,1.7357299411083835,70,255,255,255
344,6.88,25.859845895909515,3.8996512052644703,-13.449999999999973,3.0420988112508023,-1.5889363780573615,-0.5000000000000333,-0.13332816264343084,0.10997916219350823,-6.994405055138486e-15,1.7409659288643646,70,255,255,255
345,6.9,25.920636087720194,3.867916793283348,-13.459999999999972,3.039509590533981,-1.5867205990561093,-0.5000000000000334,-0.12946103584105417,0.11078895006261136,-6.661338147750939e-15,1.746201916620346,70,255,255,255
346,6.92,25.981376032011276,3.8362269304575616,-13.469999999999972,3.0369972145541912,-1.5844931412893197,-0.5000000000000336,-0.12561879898949213,0.1113728883394729,-1.3433698597964394e-14,1.7514379043763273,70,255,255,255
347,6.94,26.04206725385985,3.8045817650692544,-13.479999999999974,3.034561092428779,-1.5822582694153522,-0.5000000000000339,-0.12180610627061395,0.11174359369837572,-1.27675647831893e-14,1.7566738921323088,70,255,255,255
348,6.96,26.10271126479429,3.7729813649877415,-13.489999999999975,3.0322005467218816,-1.5800200040756356,-0.500000000000034,-0.1180272853448665,0.11191326698582937,-4.9960036108132044e-15,1.7619098798882906,70,255,255,255
349,6.98,26.163309561188722,3.741425722385688,-13.499999999999977,3.0299148197215198,-1.5777821301026584,-0.500000000000034,-0.11428635001809173,0.11189369864885679,2.4424906541753444e-15,1.7671458676442724,70,255,255,255
350,7.0,26.223863622778094,3.709914758293433,-13.509999999999977,3.0277030794685014,-1.5755482046127731,-0.5000000000000338,-0.11058701265092008,0.111696274494268,9.547918011776346e-15,1.7723818554002542,70,255,255,255
351,7.0200000000000005,26.284371840581276,3.6784394164323837,-13.519999999999976,3.0254108901590366,-1.57376709305246,-0.5000000000000335,-0.11460946547324147,0.08905557801565034,8.881784197001252e-15,1.7776178431562362,70,255,255,255
352,7.04,26.344832775506063,3.6469911269050947,-13.529999999999976,3.023046746239407,-1.5724144763644414,-0.5000000000000334,-0.11820719598148033,0.06763083440092932,8.215650382226158e-15,1.7828538309122182,70,255,255,255
353,7.0600000000000005,26.40524515045839,3.6155617907242332,-13.539999999999976,3.0206187476164947,-1.5714668090430806,-0.5000000000000334,-0.12139993114561687,0.04738336606804627,7.771561172376096e-16,1.7880898186682004,70,255,255,255
354,7.08,26.465607842665797,3.584143764516351,-13.549999999999976,3.018134610370293,-1.5709013103940919,-0.5000000000000333,-0.12420686231009581,0.02827493244943291,7.882583474838611e-15,1.7933258064241826,70,255,255,255
355,7.1000000000000005,26.52591987621455,3.5527298454144516,-13.559999999999976,3.0156016774377927,-1.5706959550949717,-0.5000000000000333,-0.1266466466250029,0.010267764956012115,4.440892098500626e-16,1.7985617941801648,70,255,255,255
356,7.12,26.58618041479961,3.5213132561521876,-13.569999999999975,3.0130269292528644,-1.5708294631132063,-0.5000000000000333,-0.1287374092464253,-0.006675400911727802,4.440892098500626e-16,1.803797781936147,70,255,255,255
357,7.140000000000001,26.646388754686164,3.4898876303714492,-13.579999999999975,3.0104169943277492,-1.5712812890369252,-0.5000000000000333,-0.13049674625576557,-0.022591296185951126,4.440892098500626e-16,1.8090337696921295,70,255,255,255
358,7.16,26.70654431788142,3.458446998154043,-13.589999999999975,3.0077781597627387,-1.5720316108703216,-0.5000000000000333,-0.13194172825052553,-0.03751609166981762,4.440892098500626e-16,1.814269757448112,70,255,255,255
359,7.18,26.76664664551485,3.4269857717871655,-13.599999999999975,3.00511638167153,-1.5730613183438813,-0.5000000000000333,-0.13308890456041977,-0.051485373677979895,4.440892098500626e-16,1.8195057452040944,70,255,255,255
360,7.2,26.826695391425062,3.3954987317714207,-13.609999999999975,3.0024372955106418,-1.574352000787237,-0.5000000000000333,-0.13395430804440522,-0.06453412216777576,4.440892098500626e-16,1.8247417329600768,70,255,255,255
361,7.22,26.886690315951103,3.363981013079215,-13.619999999999974,2.999746226302112,-1.5758859346102911,-0.5000000000000333,-0.1345534604264782,-0.07669669115270672,4.440892098500626e-16,1.8299777207160595,70,255,255,255
362,7.24,26.946631279925892,3.332428091670492,-13.629999999999974,2.997048198739533,-1.5776460704361452,-0.5000000000000334,-0.13490137812894432,-0.08800679129270383,-6.661338147750939e-15,1.8352137084720421,70,255,255,255
363,7.26,27.00651823886926,3.3008357712719456,-13.639999999999974,2.9943479471682477,-1.5796160199273097,-0.5000000000000334,-0.13501257856426774,-0.09849747455822766,7.771561172376096e-16,1.8404496962280248,70,255,255,255
364,7.28,27.066351237377884,3.269200170425052,-13.649999999999974,2.9916499254312923,-1.5817800423446804,-0.5000000000000335,-0.13490108684776603,-0.10820112086853229,-6.328271240363392e-15,1.8456856839840075,70,255,255,255
365,7.3,27.12613040370935,3.2375177098075154,-13.659999999999973,2.988958316573386,-1.5841230308768168,-0.5000000000000336,-0.13458044289530502,-0.11714942660682182,-5.995204332975845e-15,1.8509216717399901,70,255,255,255
366,7.32,27.185855944557268,3.2057850998320117,-13.669999999999973,2.986277042395959,-1.5866304987751818,-0.5000000000000338,-0.13406370887134278,-0.12537339491824917,-5.662137425588298e-15,1.8561576594959728,70,255,255,255
367,7.34,27.245528140014404,3.1739993285254284,-13.679999999999975,2.9836097728568665,-1.5892885653291642,-0.5000000000000339,-0.13336347695462214,-0.13290332769911783,-5.329070518200751e-15,1.8613936472519554,70,255,255,255
368,7.36,27.305147338720584,3.1421576496911694,-13.689999999999976,2.980959935309071,-1.5920839417129407,-0.5000000000000339,-0.13249187738977763,-0.13976881918882067,2.1094237467877974e-15,1.866629635007938,70,255,255,255
369,7.38,27.364713953192048,3.1102575713564793,-13.699999999999976,2.978330723573171,-1.5950039167345094,-0.5000000000000336,-0.13146058679501582,-0.14599875107843197,9.2148511043888e-15,1.8718656227639208,70,255,255,255
370,7.4,27.424228455328834,3.078296844506168,-13.709999999999976,2.9757251068392296,-1.5980363425155684,-0.5000000000000334,-0.13028083669706225,-0.15162128905295003,8.548717289613705e-15,1.8771016105199037,70,255,255,255
371,7.42,27.48369137209671,3.046273452103582,-13.719999999999976,2.9731458383939042,-1.6011696201292984,-0.5000000000000334,-0.128963422266271,-0.15666388068650483,7.771561172376096e-16,1.8823375982758865,70,255,255,255
372,7.44,27.5431032813801,3.0141855983991506,-13.729999999999976,2.9705954641693904,-1.6043926852215575,-0.5000000000000334,-0.12751871122569503,-0.16115325461295305,7.771561172376096e-16,1.8875735860318694,70,255,255,255
373,7.46,27.60246480800232,2.982031698526361,-13.739999999999975,2.9680763311111984,-1.6076949936394862,-0.5000000000000334,-0.125956652909605,-0.16511542089642894,7.771561172376096e-16,1.8928095737878523,70,255,255,255
374,7.48,27.661776619909567,2.949810368384559,-13.749999999999975,2.9655905953622423,-1.6110665070900756,-0.5000000000000334,-0.12428678744780841,-0.16857567252946692,7.771561172376096e-16,1.8980455615438352,70,255,255,255
375,7.5,27.72103942451479,2.917520414807562,-13.759999999999975,2.963140230261166,-1.6144976788498449,-0.5000000000000334,-0.1225182550538162,-0.17155858798846801,7.771561172376096e-16,1.903281549299818,70,255,255,255
376,7.5200000000000005,27.780253965197854,2.8851608260166537,-13.769999999999975,2.9607270341532583,-1.6179794395454279,-0.5000000000000334,-0.12065980539536447,-0.17408803477915535,7.771561172376096e-16,1.908517537055801,70,255,255,255
377,7.54,27.83942101795811,2.8527307623561824,-13.779999999999974,2.9583526380127023,-1.6215031830235629,-0.5000000000000334,-0.11871980702780771,-0.1761871739067491,7.771561172376096e-16,1.9137535248117838,70,255,255,255
378,7.5600000000000005,27.898541388215616,2.8202295473096277,-13.789999999999974,2.956018512875281,-1.6250607523277318,-0.5000000000000335,-0.11670625687105085,-0.17787846520844353,-6.328271240363392e-15,1.9189895125677667,70,255,255,255
379,7.58,27.957615907757237,2.787656658793678,-13.799999999999974,2.9537259770810267,-1.6286444257974857,-0.5000000000000335,-0.11462678971271645,-0.17918367348769482,1.1102230246251565e-15,1.9242255003237496,70,255,255,255
380,7.6000000000000005,28.01664543182377,2.755011720727571,-13.809999999999974,2.95147620332662,-1.6322469033053382,-0.5000000000000336,-0.11248868772032772,-0.18012387539261887,-5.995204332975845e-15,1.9294614880797325,70,255,255,255
381,7.62,28.075630836334323,2.7222944948746712,-13.819999999999975,2.9492702255276777,-1.6358612926449905,-0.5000000000000338,-0.11029888994712289,-0.18071946698261065,-5.662137425588298e-15,1.9346974758357154,70,255,255,255
382,7.640000000000001,28.13457301524415,2.6895048729529996,-13.829999999999977,2.9471089454913497,-1.6394810960835913,-0.5000000000000338,-0.10806400181640496,-0.1809901719300373,1.7763568394002505e-15,1.9399334635916983,70,255,255,255
383,7.66,28.19347287803215,2.6566428690112054,-13.839999999999977,2.944993139399937,-1.643100197089702,-0.5000000000000335,-0.10579030457063521,-0.18095505030552683,8.881784197001252e-15,1.9451694513476812,70,255,255,255
384,7.68,28.25233134731428,2.623708612066252,-13.849999999999977,2.9429234641064914,-1.6467128472476618,-0.5000000000000334,-0.10348376467228437,-0.18063250789799512,8.215650382226158e-15,1.950405439103664,70,255,255,255
385,7.7,28.31114935657915,2.5907023389988897,-13.859999999999976,2.9409004632436044,-1.6503136533681075,-0.5000000000000333,-0.10115004314435172,-0.18004030602228438,7.882583474838611e-15,1.955641426859647,70,255,255,255
386,7.72,28.36992784804209,2.5576243877028197,-13.869999999999976,2.938924573146823,-1.653897564803497,-0.5000000000000332,-0.09879450483908325,-0.17919557176947443,7.549516567451064e-15,1.9608774146156298,70,255,255,255
387,7.74,28.428667770613977,2.524475190483287,-13.879999999999976,2.9369961285943353,-1.6574598609766371,-0.5000000000000332,-0.09642222762438157,-0.17811480865700902,1.1102230246251565e-16,1.9661134023716127,70,255,255,255
388,7.76,28.48737007798127,2.4912552677006996,-13.889999999999976,2.9351153683647677,-1.6609961391293857,-0.5000000000000331,-0.09403801147837632,-0.17681390763743532,7.216449660063518e-15,1.9713493901275956,70,255,255,255
389,7.78,28.546035726793573,2.457965221654741,-13.899999999999975,2.933282440615113,-1.6645023022979222,-0.5000000000000331,-0.09164638748272758,-0.1753081584268239,-2.220446049250313e-16,1.9765853778835785,70,255,255,255
390,7.8,28.604665674955193,2.4246057307043363,-13.909999999999975,2.9314974080809755,-1.6679745475202292,-0.5000000000000331,-0.08925162670687259,-0.17361226111535677,-2.220446049250313e-16,1.9818213656395613,70,255,255,255
391,7.82,28.663260880017223,2.391177543618722,-13.919999999999975,2.929760253101479,-1.6714093542807253,-0.5000000000000331,-0.08685774897483078,-0.1717403380248015,-2.220446049250313e-16,1.9870573533955442,70,255,255,255
392,7.84,28.721822297666648,2.357681474154796,-13.929999999999975,2.9280708824713115,-1.674803473196302,-0.5000000000000331,-0.08446853150836375,-0.16970594577883258,-2.220446049250313e-16,1.9922933411515273,70,255,255,255
393,7.86,28.780350880309097,2.324118395855848,-13.939999999999975,2.9264291321225224,-1.6781539149473896,-0.5000000000000331,-0.08208751743945353,-0.16752208755438103,-2.220446049250313e-16,1.9975293289075104,70,255,255,255
394,7.88,28.838847575741873,2.2904892370667067,-13.949999999999974,2.924834771638787,-1.6814579394570557,-0.5000000000000331,-0.07971802418677187,-0.1652012254833055,-2.220446049250313e-16,2.0027653166634933,70,255,255,255
395,7.9,28.897313325913974,2.2567949761602955,-13.959999999999974,2.9232875086049757,-1.68471304532057,-0.5000000000000331,-0.07736315169055974,-0.16275529317572257,-2.220446049250313e-16,2.0080013044194764,70,255,255,255
396,7.92,28.955749065769872,2.223036636970549,-13.969999999999974,2.921786992794947,-1.6879169594873205,-0.5000000000000332,-0.07502579050143243,-0.16019570833751295,-7.327471962526033e-15,2.0132372921754595,70,255,255,255
397,7.94,29.014155722173882,2.1892152844266204,-13.979999999999974,2.9203328202005707,-1.6910676271964455,-0.5000000000000333,-0.0727086297188313,-0.15753338545625972,-6.994405055138486e-15,2.0184732799314427,70,255,255,255
398,7.96,29.072534212911982,2.155332020383279,-13.989999999999974,2.9189245369050583,-1.6941632021670685,-0.5000000000000334,-0.0704141647756309,-0.15477874853114604,-6.661338147750939e-15,2.0237092676874258,70,255,255,255
399,7.98,29.130885445768058,2.121387979642408,-13.999999999999973,2.9175616428037507,-1.6972020370435463,-0.5000000000000335,-0.0681447050653845,-0.15194174382389658,-6.328271240363392e-15,2.028945255443409,70,255,255,255
400,8.0,29.18921031767157,2.0873843261604934,-14.009999999999973,2.9162435951755574,-1.7001826740957255,-0.5000000000000336,-0.06590238140966953,-0.14903185260895557,-5.995204332975845e-15,2.034181243199392,70,255,255,255
401,8.02,29.247509054060913,2.053324847737918,-14.019999999999975,2.9149368194671212,-1.7029739211287618,-0.5000000000000338,-0.06533878542181926,-0.13956235165181496,-5.662137425588298e-15,2.039417230955375,70,255,255,255
402,8.040000000000001,29.305781908665,2.019213194226947,-14.029999999999976,2.9136427302043906,-1.7055826755485513,-0.5000000000000338,-0.06470446313653655,-0.13043772098947115,1.7763568394002505e-15,2.044653218711358,70,255,255,255
403,8.06,29.36402916139987,1.9850528799688507,-14.039999999999978,2.912362636743443,-1.7080157129048168,-0.5000000000000338,-0.06400467304737578,-0.12165186781327453,1.7763568394002505e-15,2.0498892064673413,70,255,255,255
404,8.08,29.422251116349585,1.9508472863016186,-14.049999999999978,2.911097747485709,-1.7102796833615996,-0.5000000000000334,-0.06324446288669261,-0.11319852283914678,1.5987211554602254e-14,2.0551251942233244,70,255,255,255
405,8.1,29.480448099829623,1.9165996641300158,-14.059999999999977,2.9098491740018084,-1.7123811085801381,-0.5000000000000333,-0.06242867419503417,-0.10507126092692531,7.882583474838611e-15,2.060361181979307,70,255,255,255
406,8.120000000000001,29.53862045853088,1.8823131365501282,-14.069999999999977,2.908617935062886,-1.7143263789943775,-0.5000000000000332,-0.061561946946134594,-0.09726352071196565,7.549516567451064e-15,2.06559716973529,70,255,255,255
407,8.14,29.59676855774245,1.84799070152093,-14.079999999999977,2.9074049605785444,-1.7161217514599125,-0.5000000000000331,-0.06064872421707346,-0.08976862327675184,7.216449660063518e-15,2.0708331574912733,70,255,255,255
408,8.16,29.654892779651263,1.8136352345757756,-14.089999999999977,2.906211095440684,-1.7177733472577208,-0.500000000000033,-0.0596932568930173,-0.08257978989040926,6.8833827526759706e-15,2.0760691452472564,70,255,255,255
409,8.18,29.71299352171672,1.7792494915670838,-14.099999999999977,2.9050371032727367,-1.7192871504345892,-0.5000000000000329,-0.05869960839736743,-0.075690158843422,6.5503158452884236e-15,2.081305133003239,70,255,255,255
410,8.2,29.7710711951184,1.74483611143783,-14.109999999999976,2.903883670083976,-1.7206690064626913,-0.5000000000000328,-0.05767165943803043,-0.06909280140510399,6.217248937900877e-15,2.086541120759222,70,255,255,255
411,8.22,29.829126223274972,1.7103976190138037,-14.119999999999976,2.9027514078287533,-1.7219246212013082,-0.5000000000000326,-0.05661311276112224,-0.06278073693084973,5.88418203051333e-15,2.0917771085152053,70,255,255,255
412,8.24,29.887159040432387,1.6759364278109192,-14.129999999999976,2.9016408578706647,-1.7230595601442271,-0.5000000000000326,-0.05552749790443068,-0.056746947145948745,-1.5543122344752192e-15,2.0970130962711884,70,255,255,255
413,8.26,29.945170090319422,1.6414548428521816,-14.139999999999976,2.900552494351815,-1.7240792479368814,-0.5000000000000325,-0.054418175942503755,-0.05098438963270935,5.551115123125783e-15,2.102249084027171,70,255,255,255
414,8.28,30.00315982486877,1.6069550634892251,-14.149999999999975,2.899486727467479,-1.7249889681478183,-0.5000000000000325,-0.05328834421677797,-0.04548601054685042,-1.887379141862766e-15,2.107485071783154,70,255,255,255
415,8.3,30.061128703001703,1.572439186223633,-14.159999999999975,2.8984439066466026,-1.725793863279604,-0.5000000000000325,-0.05214104104383299,-0.040244756589280284,-1.887379141862766e-15,2.1127210595391372,70,255,255,255
416,8.32,30.119077189474478,1.5379092075235377,-14.169999999999975,2.8974243236386905,-1.7264989350047761,-0.5000000000000325,-0.05097915039560075,-0.03525358625861075,-1.887379141862766e-15,2.1179570472951204,70,255,255,255
417,8.34,30.177005753784634,1.5033670266312782,-14.179999999999975,2.8964282155077776,-1.7271090446129715,-0.5000000000000325,-0.049805406545643915,-0.03050548040976775,-1.887379141862766e-15,2.123193035051103,70,255,255,255
418,8.36,30.23491486913532,1.4688144483581616,-14.189999999999975,2.895455767534253,-1.7276289136558356,-0.5000000000000325,-0.048622398676212875,-0.025993452143199036,-1.887379141862766e-15,2.128429022807086,70,255,255,255
419,8.38,30.29280501145583,1.434253185862625,-14.199999999999974,2.8945071160254323,-1.7280631247768197,-0.5000000000000328,-0.04743257544105095,-0.021710556049206797,-8.992806499463768e-15,2.1336650105630692,70,255,255,255
420,8.4,30.350676658476548,1.3996848634083563,-14.209999999999974,2.893582351035846,-1.728416122713443,-0.5000000000000328,-0.04623824947930766,-0.017649896831164025,-1.2212453270876722e-15,2.1389009983190523,70,255,255,255
421,8.42,30.408530288856515,1.3651110190991549,-14.219999999999974,2.8926815189983244,-1.7286922154600683,-0.5000000000000329,-0.04504160187609019,-0.013804637331273684,-8.326672684688674e-15,2.144136986075035,70,255,255,255
422,8.44,30.466366381361855,1.3305331075875608,-14.229999999999974,2.891804625267003,-1.7288955755797013,-0.5000000000000329,-0.043844686566073765,-0.010168005981646244,-8.881784197001252e-16,2.149372973831018,70,255,255,255
423,8.46,30.524185414093324,1.2959525027544854,-14.239999999999974,2.8909516365734804,-1.7290302416537702,-0.500000000000033,-0.04264943467613902,-0.006733303703438498,-7.993605777301127e-15,2.154608961587001,70,255,255,255
424,8.48,30.581987863761274,1.2613705003572995,-14.249999999999973,2.890122483397398,-1.72910011985929,-0.5000000000000331,-0.04145765880412933,-0.0034939102759845575,-7.66053886991358e-15,2.1598449493429843,70,255,255,255
425,8.5,30.63977420500633,1.2267883206440346,-14.259999999999973,2.8893170622527906,-1.7291089856632447,-0.5000000000000332,-0.04027105723036284,-0.00044329019773714506,-7.327471962526033e-15,2.165080937098967,70,255,255,255
426,8.52,30.69754490976416,1.1922071109315457,-14.269999999999973,2.888535237891602,-1.729060485624442,-0.5000000000000333,-0.0390912180594305,0.0024250019401310663,-6.994405055138486e-15,2.1703169248549496,70,255,255,255
427,8.540000000000001,30.755300446672678,1.1576279481456755,-14.279999999999973,2.8877768454258046,-1.7289581392935098,-0.5000000000000334,-0.03791962328986154,0.005117316546611628,-6.661338147750939e-15,2.1755529126109328,70,255,255,255
428,8.56,30.81304128052007,1.1230518413216335,-14.289999999999973,2.8870416923696203,-1.728805341202105,-0.5000000000000336,-0.03675765280921439,0.007639904570240663,-1.3433698597964394e-14,2.180788900366916,70,255,255,255
429,8.58,30.870767871732138,1.0884797340629775,-14.299999999999972,2.886329560603362,-1.7286053629328022,-0.5000000000000338,-0.03560658831291841,0.00999891346513948,-5.662137425588298e-15,2.186024888122899,70,255,255,255
430,8.6,30.928480675897347,1.0539125069577473,-14.309999999999974,2.88564020826046,-1.7283613552615062,-0.500000000000034,-0.03446761714509172,0.01220038356479991,-1.2434497875801753e-14,2.1912608758788816,70,255,255,255
431,8.620000000000001,30.986180143328134,1.019350979950455,-14.319999999999975,2.8849733715392625,-1.7280763503646108,-0.5000000000000341,-0.033341836059876506,0.014250244844766335,-4.6629367034256575e-15,2.1964968636348647,70,255,255,255
432,8.64,31.043866718656957,0.9847959146687852,-14.329999999999977,2.8843287664412203,-1.727753264083487,-0.500000000000034,-0.03223025490211384,0.01615431405619394,2.7755575615628914e-15,2.201732851390848,70,255,255,255
433,8.66,31.1015408404657,0.9502480167040005,-14.339999999999979,2.883706090437101,-1.727394898239238,-0.5000000000000338,-0.031133800205962014,0.017918292212446785,9.547918011776346e-15,2.206968839146831,70,255,255,255
434,8.68,31.159202940946955,0.9157079378441805,-14.349999999999978,2.883105024062876,-1.7270039429910022,-0.5000000000000334,-0.030053318711250387,0.019547762411783465,1.5987211554602254e-14,2.2122048269028136,70,255,255,255
435,8.700000000000001,31.216853445595895,0.8811762782595521,-14.359999999999978,2.8825252324469512,-1.7265829792314165,-0.5000000000000333,-0.028989580796253023,0.021048187979289867,7.882583474838611e-15,2.2174408146587967,70,255,255,255
436,8.72,31.274492772931303,0.8466535886392886,-14.369999999999978,2.881966366770413,-1.7261344810131767,-0.500000000000033,-0.027943283826921128,0.022424910911990503,1.4654943925052066e-14,2.22267680241478,70,255,255,255
437,8.74,31.332121334244544,0.8121403722792696,-14.379999999999978,2.8814280656619804,-1.7256608180009512,-0.5000000000000329,-0.026915055421622647,0.023683150611270687,6.5503158452884236e-15,2.227912790170763,70,255,255,255
438,8.76,31.38973953337513,0.7776370871204056,-14.389999999999977,2.880909956529341,-1.725164257943199,-0.5000000000000326,-0.025905456631968082,0.024828002887614886,1.3322676295501878e-14,2.2331487779267456,70,255,255,255
439,8.78,31.4473477665117,0.7431441477372307,-14.399999999999977,2.8804116568285596,-1.7246469691587438,-0.5000000000000325,-0.024914985039081294,0.025864439222759827,5.551115123125783e-15,2.2383847656827287,70,255,255,255
440,8.8,31.504946422017166,0.7086619272765659,-14.409999999999977,2.879932775273246,-1.7241110230332433,-0.5000000000000324,-0.023944077765669647,0.026797306275025967,5.218048215738236e-15,2.243620753438712,70,255,255,255
441,8.82,31.56253588027687,0.6741907593461467,-14.419999999999977,2.8794729129851606,-1.7235583965209607,-0.5000000000000323,-0.02299311440427365,0.027631325614129176,4.884981308350689e-15,2.248856741194695,70,255,255,255
442,8.84,31.62011651356863,0.6397309398531963,-14.429999999999977,2.8790316645879304,-1.7229909746475227,-0.5000000000000322,-0.02206241986150692,0.028371093671902603,4.551914400963142e-15,2.2540927289506776,70,255,255,255
443,8.86,31.67768868595354,0.6052827287930044,-14.439999999999976,2.8786086192455396,-1.722410553009596,-0.5000000000000321,-0.02115226711953877,0.0290210818963359,4.218847493575595e-15,2.2593287167066607,70,255,255,255
444,8.88,31.735252753186487,0.570846351987651,-14.449999999999976,2.878203361647246,-1.7218188402676708,-0.5000000000000322,-0.020262879914668463,0.029585637096255724,-3.219646771412954e-15,2.264564704462644,70,255,255,255
445,8.9,31.792809062645297,0.5364220027750835,-14.459999999999976,2.877815472940561,-1.721217460628374,-0.5000000000000321,-0.019394435334251003,0.030068981964839647,4.218847493575595e-15,2.269800692218627,70,255,255,255
446,8.92,31.850357953277577,0.5020098436488241,-14.469999999999976,2.8774445316139183,-1.7206079563129708,-0.5000000000000322,-0.01854706633212011,0.03047521577016421,-3.219646771412954e-15,2.2750366799746096,70,255,255,255
447,8.94,31.90789975556419,0.4676100078486454,-14.479999999999976,2.8770901143306387,-1.719991790008932,-0.5000000000000321,-0.01772086416399299,0.030808315201937386,4.218847493575595e-15,2.2802726677305927,70,255,255,255
448,8.96,31.965434791498506,0.43322260090261216,-14.489999999999975,2.8767517967157734,-1.7193703473016628,-0.5000000000000322,-0.016915880743265888,0.031072135363468423,-3.219646771412954e-15,2.285508655486576,70,255,255,255
449,8.98,32.022963374580456,0.3988477021209384,-14.499999999999975,2.8764291540974014,-1.718744939083688,-0.5000000000000323,-0.016132130918609988,0.031270410898739165,-2.886579864025407e-15,2.290744643242559,70,255,255,255
450,9.0,32.08048580982454,0.3644853660421624,-14.509999999999975,2.8761217622039217,-1.7181168039387988,-0.5000000000000323,-0.01536959467397736,0.031406757244454075,-2.55351295663786e-15,2.2959806309985415,70,255,255,255
451,9.02,32.138004189750816,0.33018237170573655,-14.519999999999975,2.875918996313847,-1.7151497168212932,-0.5000000000000323,-0.010138294503725387,0.1483543558752779,-2.55351295663786e-15,2.301216618754524,70,255,255,255
452,9.040000000000001,32.195520487816665,0.29598259646195824,-14.529999999999974,2.875814903292398,-1.7099887621889163,-0.5000000000000323,-0.0052046510724501616,0.2580477316188504,-2.55351295663786e-15,2.3064526065105073,70,255,255,255
453,9.06,32.25303656240299,0.2619271198695588,-14.539999999999974,2.875803729316291,-1.702773829619972,-0.5000000000000325,-0.000558698805362301,0.36074662844722005,-9.658940314238862e-15,2.3116885942664904,70,255,255,255
454,9.08,32.31055416074541,0.22805432583590352,-14.549999999999974,2.875879917121167,-1.6936397016827645,-0.5000000000000325,0.0038093902437994487,0.4567063968603714,-1.887379141862766e-15,2.3169245820224735,70,255,255,255
455,9.1,32.3680749228074,0.19440000294182172,-14.559999999999974,2.8760381030996793,-1.6827161447040893,-0.5000000000000328,0.007909298925622643,0.5461778489337574,-8.992806499463768e-15,2.322160569778456,70,255,255,255
456,9.120000000000001,32.42560038509268,0.1609974428994697,-14.569999999999974,2.876273114263845,-1.6701280021176004,-0.5000000000000329,0.011750558208289075,0.6294071293244449,-8.326672684688674e-15,2.3273965575344393,70,255,255,255
457,9.14,32.48313198439437,0.1278775370977116,-14.579999999999973,2.8765799650846615,-1.655995290087905,-0.500000000000033,0.015342541040823221,0.7066356014847736,-7.993605777301127e-15,2.3326325452904224,70,255,255,255
458,9.16,32.5406710614788,0.09506887119529475,-14.589999999999973,2.8769538542214166,-1.6404332951208427,-0.5000000000000331,0.01869445683774984,0.7780997483531069,-7.66053886991358e-15,2.3378685330464055,70,255,255,255
459,9.18,32.59821886470185,0.06259781772760269,-14.599999999999973,2.877390161152535,-1.6235526733846033,-0.5000000000000332,0.021815346555910775,0.8440310868119749,-7.327471962526033e-15,2.343104520802388,70,255,255,255
460,9.200000000000001,32.65577655355624,0.030488626698000384,-14.609999999999973,2.877884442719265,-1.605459551480115,-0.5000000000000335,0.024714078336513623,0.9046560952244103,-1.4099832412739488e-14,2.3483405085583713,70,255,255,255
461,9.22,32.7133452021481,-0.0012364858702500203,-14.619999999999973,2.8784324295929635,-1.5862556284125202,-0.5000000000000336,0.027399343684909816,0.9601961533797421,-5.995204332975845e-15,2.3535764963143544,70,255,255,255
462,9.24,32.770925802601624,-0.032557251440820285,-14.629999999999974,2.8790300226762136,-1.5660382785285132,-0.5000000000000339,0.029879654162508817,1.0108674942003466,-1.27675647831893e-14,2.3588124840703375,70,255,255,255
463,9.26,32.82851926839057,-0.06345526454475815,-14.639999999999976,2.8796732894475094,-1.5449006551968933,-0.5000000000000339,0.03216333856478881,1.0568811665809936,2.1094237467877974e-15,2.3640484718263206,70,255,255,255
464,9.28,32.88612643759575,-0.09391390044519511,-14.649999999999977,2.8803584602587344,-1.522931795021848,-0.5000000000000339,0.03425854056124855,1.098443008752273,2.1094237467877974e-15,2.3692844595823033,70,255,255,255
465,9.3,32.94374807608763,-0.12391823489300036,-14.659999999999977,2.881081924594195,-1.5002167223902625,-0.5000000000000336,0.0361732167730322,1.1357536315792705,9.2148511043888e-15,2.3745204473382864,70,255,255,255
466,9.32,33.00138488063362,-0.15345496597631517,-14.669999999999977,2.8818402272995005,-1.47683655416574,-0.5000000000000334,0.03791513526526513,1.1690084112261223,8.548717289613705e-15,2.3797564350942695,70,255,255,255
467,9.34,33.05903748192939,-0.1825123380633755,-14.679999999999977,2.8826300647881307,-1.452868604353016,-0.5000000000000333,0.039491874431514695,1.1983974906362014,7.882583474838611e-15,2.384992422850252,70,255,255,255
468,9.36,33.11670644755405,-0.21108006783471714,-14.689999999999976,2.883448281233105,-1.4283864885670827,-0.5000000000000332,0.04091082224870357,1.2241057892966576,7.549516567451064e-15,2.3902284106062353,70,255,255,255
469,9.38,33.17439228484906,-0.23914927239774894,-14.699999999999976,2.8842918647507307,-1.4034602281515904,-0.5000000000000332,0.04217917588129039,1.2463130207746098,1.1102230246251565e-16,2.3954643983622184,70,255,255,255
470,9.4,33.23209544372072,-0.2667123994737685,-14.709999999999976,2.885157943583021,-1.3781563538009776,-0.5000000000000331,0.04330394161450535,1.2651937175306478,7.216449660063518e-15,2.4007003861182015,70,255,255,255
471,9.42,33.28981631936642,-0.29376315964477473,-14.719999999999976,2.886043782284964,-1.352538008550312,-0.5000000000000331,0.044291935097129365,1.2809172625332745,-2.220446049250313e-16,2.4059363738741846,70,255,255,255
472,9.44,33.34755525492487,-0.3202964606448947,-14.729999999999976,2.8869467779224567,-1.3266650500059982,-0.500000000000033,0.04514978187464003,1.29364792721569,6.8833827526759706e-15,2.4111723616301672,70,255,255,255
473,9.46,33.405312544050595,-0.3463083436788812,-14.739999999999975,2.8878644562863474,-1.300594151699326,-0.500000000000033,0.04588391819453763,1.303544915333614,-5.551115123125783e-16,2.4164083493861503,70,255,255,255
474,9.48,33.46308843341315,-0.37179592174794773,-14.749999999999975,2.8887944681276694,-1.2743789034533275,-0.500000000000033,0.046500592066104574,1.3107624122999308,-5.551115123125783e-16,2.4216443371421335,70,255,255,255
475,9.5,33.52088312512152,-0.39675731996117886,-14.759999999999975,2.8897345854188305,-1.2480699106615558,-0.500000000000033,0.0470058645580651,1.3154496395885886,-5.551115123125783e-16,2.426880324898116,70,255,255,255
476,9.52,33.57869677907443,-0.42119161780888337,-14.769999999999975,2.890682697645175,-1.2217148923852241,-0.500000000000033,0.047405611317225205,1.3177509138165853,-5.551115123125783e-16,2.432116312654099,70,255,255,255
477,9.540000000000001,33.63652951523705,-0.4450987933725363,-14.779999999999974,2.8916368081310297,-1.1953587781826482,-0.500000000000033,0.047705524292736445,1.3178057101287939,-5.551115123125783e-16,2.4373523004100823,70,255,255,255
478,9.56,33.69438141584513,-0.46847966944437885,-14.789999999999974,2.892595030404046,-1.169043803592127,-0.5000000000000331,0.04791111365081413,1.3157487295260657,-7.66053886991358e-15,2.4425882881660654,70,255,255,255
479,9.58,33.75225252753716,-0.4913358615283045,-14.799999999999974,2.8935555846013576,-1.1428096041962816,-0.5000000000000331,0.04802770986559057,1.311709969792259,-2.220446049250313e-16,2.4478242759220485,70,255,255,255
480,9.6,33.81014286341558,-0.5136697276923539,-14.809999999999974,2.894516793920791,-1.1166933082024655,-0.5000000000000332,0.04806046597167235,1.305814799690813,-7.327471962526033e-15,2.453060263678031,70,255,255,255
481,9.620000000000001,33.86805240503798,-0.5354843202419568,-14.819999999999974,2.8954770811201085,-1.0907296274801466,-0.5000000000000333,0.048014359965862674,1.2981840361159473,-6.994405055138486e-15,2.4582962514340143,70,255,255,255
482,9.64,33.92598110433932,-0.5567833391820006,-14.829999999999973,2.8964349650669976,-1.0649509470021907,-0.5000000000000334,0.047894197344446,1.2889340238977895,-6.661338147750939e-15,2.4635322391899974,70,255,255,255
483,9.66,33.983928885486165,-0.5775710874348546,-14.839999999999973,2.8973890573422887,-1.039387412642701,-0.5000000000000335,0.047704613764544934,1.2781767179744854,-6.328271240363392e-15,2.46876822694598,70,255,255,255
484,9.68,34.04189564666414,-0.5978524277806455,-14.849999999999973,2.8983380588986374,-1.0140670172895445,-0.5000000000000336,0.047450077817435155,1.2660197676578187,-5.995204332975845e-15,2.474004214701963,70,255,255,255
485,9.700000000000001,34.09988126179967,-0.6176327414853436,-14.859999999999975,2.8992807567766907,-0.9890156852349066,-0.5000000000000339,0.04713489390266501,1.252566602731899,-1.27675647831893e-14,2.4792402024579463,70,255,255,255
486,9.72,34.15788558221728,-0.6369178885815869,-14.869999999999976,2.9002160208805408,-0.9642573548121632,-0.5000000000000339,0.04676320519249977,1.2379165211371643,2.1094237467877974e-15,2.4844761902139294,70,255,255,255
487,9.74,34.21590843823356,-0.6557141697666284,-14.879999999999978,2.901142800814074,-0.9398140592520773,-0.5000000000000339,0.046338996676650535,1.222164778004295,2.1094237467877974e-15,2.4897121779699125,70,255,255,255
488,9.76,34.27394964068915,-0.6740282898813441,-14.889999999999977,2.9020601227796154,-0.9157060057357854,-0.5000000000000335,0.04586609827707022,1.2054026758145906,1.63202784619898e-14,2.494948165725895,70,255,255,255
489,9.78,34.33200898241996,-0.6918673229338699,-14.899999999999977,2.9029670865401,-0.8919516526262862,-0.5000000000000334,0.04534818802421858,1.1877176554749644,8.215650382226158e-15,2.500184153481878,70,255,255,255
490,9.8,34.390086239668875,-0.7092386786311529,-14.909999999999977,2.903862862445814,-0.8685677848641471,-0.5000000000000333,0.04478879528571689,1.169193388106956,7.882583474838611e-15,2.505420141237861,70,255,255,255
491,9.82,34.44818117343941,-0.7261500703814918,-14.919999999999977,2.9047466885265947,-0.845569587516946,-0.5000000000000332,0.044191304039039814,1.1499098673600572,7.549516567451064e-15,2.510656128993844,70,255,255,255
492,9.84,34.50629353079241,-0.7426094847310026,-14.929999999999977,2.905617867650209,-0.8229707174755421,-0.5000000000000331,0.04355895618070216,1.1299435020701973,7.216449660063518e-15,2.515892116749827,70,255,255,255
493,9.86,34.56442304608736,-0.7586251521968758,-14.939999999999976,2.9064757647474884,-0.8007833732936538,-0.500000000000033,0.04289485486398181,1.1093672090944164,6.8833827526759706e-15,2.5211281045058103,70,255,255,255
494,9.88,34.62256944216946,-0.7742055194602838,-14.949999999999976,2.9073198041046586,-0.7790183631704012,-0.500000000000033,0.042201967858506606,1.0882505061626295,-5.551115123125783e-16,2.5263640922617934,70,255,255,255
495,9.9,34.68073243150392,-0.7893592228818531,-14.959999999999976,2.9081494667231538,-0.7576851710784633,-0.5000000000000329,0.04148313092475764,1.0666596045968917,6.5503158452884236e-15,2.5316000800177765,70,255,255,255
496,9.92,34.73891171725886,-0.8040950633027193,-14.969999999999976,2.908964287747105,-0.7367920210433084,-0.5000000000000329,0.04074105119755966,1.0446575017577429,-8.881784197001252e-16,2.536836067773759,70,255,255,255
497,9.94,34.79710699433803,-0.818421982094351,-14.979999999999976,2.909763853958547,-0.7163459395815859,-0.5000000000000328,0.039978310572089004,1.0223040730861288,6.217248937900877e-15,2.542072055529742,70,255,255,255
498,9.96,34.855317950364835,-0.8323490384205355,-14.989999999999975,2.9105478013402917,-0.6963528163092284,-0.5000000000000328,0.03919736908724181,0.9996561636178745,-1.2212453270876722e-15,2.547308043285725,70,255,255,255
499,9.98,34.91354426661896,-0.8458853876751777,-14.999999999999975,2.9113158127063103,-0.6768174627321099,-0.5000000000000328,0.03840056830092475,0.9767676788559267,-1.2212453270876722e-15,2.552544031041708,70,255,255,255
500,10.0,34.97178561892695,-0.8590402610598625,-15.009999999999975,2.9120676153993603,-0.6577436692342393,-0.5000000000000328,0.03759013465249428,0.9536896748935275,-1.2212453270876722e-15,2.557780018797691,70,255,255,255
501,10.02,35.0300458079083,-0.8717674183021424,-15.019999999999975,2.9130094490676055,-0.6363578621139973,-0.5000000000000328,0.04709168341226633,1.069290356012105,-1.2212453270876722e-15,2.563016006553674,70,255,255,255
502,10.040000000000001,35.08832837600667,-0.8840240778917448,-15.029999999999974,2.914128404918666,-0.6128329794801181,-0.5000000000000328,0.055947792553031395,1.1762441316939585,-1.2212453270876722e-15,2.568251994309657,70,255,255,255
503,10.06,35.14663661731252,-0.8957707780052574,-15.039999999999974,2.9154120652922106,-0.5873350056756345,-0.5000000000000329,0.06418301867724097,1.27489869022418,-8.326672684688674e-15,2.57348798206564,70,255,255,255
504,10.08,35.20497358719372,-0.9069712404638348,-15.049999999999974,2.9168484940602926,-0.5600231229288699,-0.5000000000000329,0.07182143840410093,1.3655941373382294,-8.881784197001252e-16,2.578723969821623,70,255,255,255
505,10.1,35.26334211173038,-0.91759223775961,-15.059999999999974,2.9184262268332115,-0.531049864788756,-0.500000000000033,0.07888663864594303,1.448662907005695,-7.993605777301127e-15,2.5839599575776058,70,255,255,255
506,10.120000000000001,35.32174479695035,-0.9276034631794483,-15.069999999999974,2.92013426099824,-0.5005612709919177,-0.5000000000000331,0.0854017082514158,1.5244296898419143,-7.66053886991358e-15,2.589195945333589,70,255,255,255
507,10.14,35.38018403786269,-0.936977404048005,-15.079999999999973,2.921962045617187,-0.4686970434278337,-0.5000000000000332,0.09138923094736295,1.5932113782042021,-7.327471962526033e-15,2.594431933089572,70,255,255,255
508,10.16,35.43866202728684,-0.9456892181057378,-15.089999999999973,2.9238994712074278,-0.43559070288664115,-0.5000000000000333,0.09687127951202523,1.6553170270596267,-6.994405055138486e-15,2.599667920845555,70,255,255,255
509,10.18,35.49718076447543,-0.9537166130315744,-15.099999999999973,2.9259368594297395,-0.40136974629183253,-0.5000000000000334,0.10186941111558534,1.7110478297404301,-6.661338147750939e-15,2.6049039086015378,70,255,255,255
510,10.200000000000001,35.55574206352953,-0.9610397291143179,-15.109999999999973,2.9280649527050433,-0.3661558041371763,-0.5000000000000336,0.1064046637651832,1.760697107732811,-1.3433698597964394e-14,2.610139896357521,70,255,255,255
511,10.22,35.61434756160515,-0.9676410250715921,-15.119999999999973,2.9302749037809184,-0.330064797863711,-0.5000000000000338,0.11049755379375314,1.8045503136732657,-5.662137425588298e-15,2.615375884113504,70,255,255,255
512,10.24,35.6729987269105,-0.9735051670101642,-15.129999999999974,2.9325582652676085,-0.2932070969286027,-0.500000000000034,0.11416807433451348,1.8428850467554165,-1.2434497875801753e-14,2.620611871869487,70,255,255,255
513,10.26,35.73169686649374,-0.9786189205168251,-15.139999999999976,2.9349069791620868,-0.2556876753330461,-0.500000000000034,0.11743569472391968,1.8759710797778293,2.4424906541753444e-15,2.6258478596254697,70,255,255,255
514,10.28,35.79044313382129,-0.9829710458646495,-15.149999999999977,2.9373133663776545,-0.21760626739122102,-0.500000000000034,0.12031936077838745,1.904070397091253,2.4424906541753444e-15,2.631083847381453,70,255,255,255
515,10.3,35.849238536147205,-0.9865521963153816,-15.159999999999979,2.9397701162955023,-0.1790575225366103,-0.5000000000000338,0.12283749589238901,1.9274372427305355,9.547918011776346e-15,2.636319835137436,70,255,255,255
516,10.32,35.90808394167428,-0.9893548194948966,-15.169999999999979,2.942270276353624,-0.14013115897574868,-0.5000000000000334,0.12500800290609426,1.9463181780430814,1.5987211554602254e-14,2.641555822893419,70,255,255,255
517,10.34,35.96698008650803,-0.9913730618151507,-15.179999999999978,2.9448072416875104,-0.10091211601270855,-0.5000000000000331,0.12684826669431004,1.960952148152006,1.4988010832439613e-14,2.6467918106494017,70,255,255,255
518,10.36,36.02592758140475,-0.992602675912758,-15.189999999999978,2.9473747448360808,-0.06148070488036151,-0.5000000000000328,0.12837515742851346,1.9715705566173523,1.3988810110276972e-14,2.652027798405385,70,255,255,255
519,10.38,36.08492691831526,-0.9930409310712915,-15.199999999999978,2.949966845525417,-0.02191275792667751,-0.5000000000000326,0.12960503446682115,1.9783973476842,5.88418203051333e-15,2.657263786161368,70,255,255,255
520,10.4,36.1439784767261,-0.9926865265916128,-15.209999999999978,2.95257792054197,0.017720223983937133,-0.5000000000000324,0.13055375082764353,1.9816490955307322,1.2656542480726785e-14,2.662499773917351,70,255,255,255
521,10.42,36.20308252980022,-0.9915395080719527,-15.219999999999978,2.9552026537060803,0.05735092598300959,-0.5000000000000323,0.13123665820551444,1.9815350999536228,4.884981308350689e-15,2.6677357616733337,70,255,255,255
522,10.44,36.26223925031934,-0.989601186557112,-15.229999999999977,2.9578360259558316,0.09691607574203388,-0.5000000000000321,0.13166861248756723,1.9782574879512147,1.1657341758564144e-14,2.672971749429317,70,255,255,255
523,10.46,36.321448716430346,-0.9868740605139961,-15.239999999999977,2.960473305550486,0.1363563021557987,-0.500000000000032,0.13186397973273634,1.9720113206882397,3.885780586188048e-15,2.6782077371853,70,255,255,255
524,10.48,36.380710917198385,-0.9833617405887409,-15.249999999999977,2.9631100384019984,0.1756159962627573,-0.5000000000000319,0.1318366425756179,1.9629847053479312,3.552713678800501e-15,2.683443724941283,70,255,255,255
525,10.5,36.44002575796923,-0.979068877098926,-15.259999999999977,2.9657420385423947,0.214643174490747,-0.5000000000000318,0.1316000070198271,1.951358911399484,3.219646771412954e-15,2.6886797126972657,70,255,255,255
526,10.52,36.49939306554391,-0.9740010902127791,-15.269999999999976,2.9683653787341173,0.25338934430734106,-0.5000000000000316,0.1311670095861297,1.9373084908297047,2.886579864025407e-15,2.6939157004532484,70,255,255,255
527,10.540000000000001,36.55881259316851,-0.9681649027658688,-15.279999999999976,2.97097638122978,0.29180937234551696,-0.5000000000000316,0.13055012478313532,1.9210014019087955,2.55351295663786e-15,2.6991516882092315,70,255,255,255
528,10.56,36.618284025342255,-0.9615676756645264,-15.289999999999976,2.9735716086871524,0.3298613550671185,-0.5000000000000318,0.129761372868626,1.902599136080076,-4.551914400963142e-15,2.7043876759652146,70,255,255,255
529,10.58,36.677806982447144,-0.9542175458241506,-15.299999999999976,2.9761478552446006,0.36750649201878555,-0.5000000000000316,0.1288123278724056,1.8822568475833519,2.886579864025407e-15,2.7096236637211977,70,255,255,255
530,10.6,36.737381025202374,-0.9461233665895988,-15.309999999999976,2.978702137761628,0.40470896172759147,-0.5000000000000318,0.12771412585137876,1.860123485440297,-4.551914400963142e-15,2.7148596514771803,70,255,255,255
531,10.620000000000001,36.797005658946944,-0.9372946505840674,-15.319999999999975,2.9812316872286337,0.44143580027657414,-0.5000000000000319,0.12647747335027804,1.8363419274491326,-4.218847493575595e-15,2.7200956392331634,70,255,255,255
532,10.64,36.856680337753936,-0.9277415149321945,-15.329999999999975,2.9837339403494707,0.4776567825936443,-0.500000000000032,0.1251126560418565,1.8110491158535078,-3.885780586188048e-15,2.7253316269891465,70,255,255,255
533,10.66,36.91640446837994,-0.9174746288025742,-15.339999999999975,2.9862065312999158,0.5133443064810094,-0.5000000000000321,0.12362954752225042,1.7843761943682557,-3.552713678800501e-15,2.7305676147451297,70,255,255,255
534,10.68,36.97617741405323,-0.9065051632144496,-15.349999999999975,2.9886472836646716,0.5484732794062319,-0.5000000000000322,0.12203761823778203,1.7564486462611293,-3.219646771412954e-15,2.7358036025011123,70,255,255,255
535,10.700000000000001,37.035998498104334,-0.8948447430530424,-15.359999999999975,2.9910542025550964,0.5830210080703604,-0.5000000000000324,0.1203459445212367,1.7273864332064233,-9.992007221626409e-15,2.7410395902570954,70,255,255,255
536,10.72,37.09586700744252,-0.8825054012377784,-15.369999999999974,2.993425466909425,0.6169670907631976,-0.5000000000000324,0.11856321771642975,1.697304134641859,-2.220446049250313e-15,2.7462755780130785,70,255,255,255
537,10.74,37.15578219588206,-0.8694995349875642,-15.379999999999974,2.995759421976857,0.6502933125107124,-0.5000000000000326,0.11669775337159427,1.6663110873757412,-9.325873406851315e-15,2.7515115657690616,70,255,255,255
538,10.76,37.21574328732179,-0.8558398641272676,-15.389999999999974,2.9980545719864975,0.6829835430148282,-0.5000000000000326,0.11475750048201316,1.6345115252057891,-1.5543122344752192e-15,2.7567475535250443,70,255,255,255
539,10.78,37.275749478781826,-0.8415393913796408,-15.399999999999974,3.000309573001798,0.7150236373813423,-0.5000000000000329,0.11275005076503719,1.6020047183257051,-8.659739592076221e-15,2.7619835412810274,70,255,255,255
540,10.8,37.33579994330104,-0.8266113645870904,-15.409999999999973,3.0025232259607963,0.7464013396275246,-0.500000000000033,0.1106826479499059,1.5688851123091159,-7.993605777301127e-15,2.7672195290370105,70,255,255,255
541,10.82,37.39589383269908,-0.8110692408079504,-15.419999999999973,3.0046944699021347,0.777106188957001,-0.5000000000000331,0.10856219706692505,1.535242466473817,-7.66053886991358e-15,2.7724555167929936,70,255,255,255
542,10.84,37.45603028020661,-0.7949266522322335,-15.429999999999973,3.0068223753765673,0.8071294287858466,-0.5000000000000332,0.10639527372162405,1.5011619914422774,-7.327471962526033e-15,2.7776915045489763,70,255,255,255
543,10.86,37.51620840296748,-0.778197373862226,-15.439999999999973,3.008906138043349,0.836463918500373,-0.5000000000000333,0.10418813333907417,1.4667244857263224,-6.994405055138486e-15,2.7829274923049594,70,255,255,255
544,10.88,37.57642730441649,-0.760895292903748,-15.449999999999973,3.010945072450672,0.8651040479238965,-0.5000000000000335,0.10194672036616392,1.4320064711761733,-1.3766765505351941e-14,2.7881634800609425,70,255,255,255
545,10.9,37.63668607653647,-0.743034379814412,-15.459999999999972,3.0129386059990524,0.8930456544667993,-0.5000000000000336,0.09967667741901742,1.3970803271451415,-5.995204332975845e-15,2.7933994678169256,70,255,255,255
546,10.92,37.6969838019982,-0.724628660955783,-15.469999999999974,3.0148862730863497,0.92028594293145,-0.5000000000000339,0.0973833543648599,1.3620144232325384,-1.27675647831893e-14,2.7986354555729083,70,255,255,255
547,10.94,37.75731955618686,-0.705692192796963,-15.479999999999976,3.0167877094328883,0.9468234079410005,-0.5000000000000339,0.09507181732692116,1.32687325047752,2.1094237467877974e-15,2.8038714433288914,70,255,255,255
548,10.96,37.81769240911856,-0.6862390376177883,-15.489999999999977,3.01864264658496,0.9726577589587415,-0.5000000000000339,0.09274685760358059,1.291717550887049,2.1094237467877974e-15,2.8091074310848745,70,255,255,255
549,10.98,37.87810142725045,-0.6662832406605372,-15.499999999999977,3.020450906594789,0.9977898478625531,-0.5000000000000336,0.09041300049143919,1.2566044451905762,9.2148511043888e-15,2.814343418840857,70,255,255,255
550,11.0,37.938545675187946,-0.6458388086797967,-15.509999999999977,3.022212396874894,1.022221599037025,-0.5000000000000334,0.08807451400525679,1.2215875587235872,8.548717289613705e-15,2.8195794065968403,70,255,255,255
551,11.02,37.99903039871122,-0.62490680443251,-15.519999999999976,3.0242361761637073,1.0466002123643323,-0.5000000000000333,0.10118896444065895,1.2189306663653707,7.882583474838611e-15,2.824815394352823,70,255,255,255
552,11.040000000000001,38.0595604640927,-0.6034890070258304,-15.529999999999976,3.0265032690738445,1.0708898703339818,-0.5000000000000332,0.11335464550685703,1.2144828984824763,7.549516567451064e-15,2.830051382108806,70,255,255,255
553,11.06,38.12014037308148,-0.5815878660895368,-15.539999999999976,3.02899544943937,1.0950570468146812,-0.5000000000000332,0.12460901827626625,1.208358824034971,1.1102230246251565e-16,2.835287369864789,70,255,255,255
554,11.08,38.18077427757197,-0.5592064576252689,-15.549999999999976,3.031695224524375,1.1190704232133983,-0.5000000000000331,0.13498875425025458,1.2006688199358593,7.216449660063518e-15,2.8405233576207722,70,255,255,255
555,11.1,38.24146599395208,-0.5363484415026126,-15.559999999999976,3.034585819005555,1.1429008061328143,-0.5000000000000331,0.14452972405899445,1.191519145970797,-2.220446049250313e-16,2.845759345376755,70,255,255,255
556,11.120000000000001,38.30221901712744,-0.5130180205712322,-15.569999999999975,3.0376511587679698,1.1665210465690163,-0.5000000000000331,0.15326698812073802,1.181012021810099,-2.220446049250313e-16,2.850995333132738,70,255,255,255
557,11.14,38.363036534218466,-0.48921990135750626,-15.579999999999975,3.040875854551125,1.189905960686299,-0.5000000000000331,0.16123478915776301,1.1692457058641321,-2.220446049250313e-16,2.856231320888721,70,255,255,255
558,11.16,38.42392143792808,-0.46495925631348206,-15.589999999999975,3.044245185480524,1.2130322522012098,-0.5000000000000331,0.16846654646993198,1.1563145757455418,-2.220446049250313e-16,2.861467308644704,70,255,255,255
559,11.18,38.484876339578435,-0.4402416875854127,-15.599999999999975,3.0477450825179035,1.2358784364034672,-0.5000000000000331,0.1749948518689859,1.1423092101128731,-2.220446049250313e-16,2.8667032964006873,70,255,255,255
560,11.200000000000001,38.545903581815665,-0.41507319226867057,-15.609999999999975,3.051362111861527,1.258424765837107,-0.5000000000000332,0.18085146718116096,1.1273164716819986,-7.327471962526033e-15,2.8719392841566704,70,255,255,255
561,11.22,38.60700525098218,-0.38946012911544753,-15.619999999999974,3.0550834583260684,1.2806531576611524,-0.5000000000000332,0.18606732322707487,1.1114195912022713,1.1102230246251565e-16,2.8771752719126535,70,255,255,255
562,11.24,38.668183189156785,-0.3634091866613423,-15.629999999999974,3.0588969087299307,1.3025471227052605,-0.5000000000000333,0.19067252019310876,1.0946982522054038,-6.994405055138486e-15,2.882411259668636,70,255,255,255
563,11.26,38.72943900586311,-0.33692735273669916,-15.639999999999974,3.062790835316107,1.324091696232157,-0.5000000000000333,0.19469632930881886,1.0772286763448202,4.440892098500626e-16,2.887647247424619,70,255,255,255
564,11.28,38.79077408944773,-0.31002188532839453,-15.649999999999974,3.066754179231121,1.3452733704152313,-0.5000000000000334,0.19816719575070874,1.059083709153719,-6.661338147750939e-15,2.892883235180602,70,255,255,255
565,11.3,38.85218961812943,-0.2827002847576661,-15.659999999999973,3.070776434084979,1.3660800285364203,-0.5000000000000335,0.20111274269290735,1.0403329060594524,-6.328271240363392e-15,2.898119222936585,70,255,255,255
566,11.32,38.9136865707217,-0.25497026713953724,-15.669999999999973,3.074847629613584,1.386500880906443,-0.5000000000000336,0.2035597764302408,1.0210426185011325,-5.995204332975845e-15,2.903355210692568,70,255,255,255
567,11.34,38.97526573703097,-0.2268397390894057,-15.679999999999975,3.0789583154636055,1.4065264025065771,-0.5000000000000338,0.20553429250107147,1.00127608000671,-5.662137425588298e-15,2.9085911984485513,70,255,255,255
568,11.36,39.03692772793334,-0.19831677364243658,-15.689999999999976,3.083099545118398,1.426148272348456,-0.5000000000000338,0.20706148273962244,0.9810934920939427,1.7763568394002505e-15,2.913827186204534,70,255,255,255
569,11.38,39.098672985132986,-0.16940958735152,-15.699999999999978,3.087262859982228,1.4453593145458281,-0.5000000000000338,0.20816574319151782,0.960552109868605,1.7763568394002505e-15,2.919063173960517,70,255,255,255
570,11.4,39.160501790605764,-0.14012651852972305,-15.709999999999978,3.0914402736387707,1.4641534410898478,-0.5000000000000334,0.20887068282714472,0.9397063272009827,1.5987211554602254e-14,2.9242991617165,70,255,255,255
571,11.42,39.22241427573174,-0.11047600660337814,-15.719999999999978,3.0956242562986134,1.4825255963172457,-0.5000000000000333,0.20919913299213544,0.9186077613698966,7.882583474838611e-15,2.929535149472483,70,255,255,255
572,11.44,39.28441043012072,-0.08046657254220503,-15.729999999999977,3.0998077194493017,1.5004717030586554,-0.500000000000033,0.20917315753442223,0.8973053370704851,1.4654943925052066e-14,2.934771137228466,70,255,255,255
573,11.46,39.34649011013513,-0.050106800333156024,-15.739999999999977,3.1039840007203447,1.5179886104524503,-0.5000000000000329,0.20881406355214827,0.8758453696897377,6.5503158452884236e-15,2.940007124984449,70,255,255,255
574,11.48,39.40865304711462,-0.01940531946500289,-15.749999999999977,3.108146848974487,1.5350740434076566,-0.5000000000000328,0.20814241270709788,0.8542716477603183,6.217248937900877e-15,2.945243112740432,70,255,255,255
575,11.5,39.47089885530733,0.011629211608954339,-15.759999999999977,3.1122904096355355,1.5517265536978615,-0.5000000000000326,0.2071780330524433,0.8326255145102477,5.88418203051333e-15,2.9504791004964153,70,255,255,255
576,11.52,39.533227039512575,0.042988121062284355,-15.769999999999976,3.1164092102620184,1.5679454726665008,-0.5000000000000325,0.2059400313241473,0.810945948431965,5.551115123125783e-15,2.955715088252398,70,255,255,255
577,11.540000000000001,39.59563700244008,0.07466273837273474,-15.779999999999976,3.1204981463750077,1.5837308655225188,-0.5000000000000324,0.20444680564946394,0.7892696428009023,5.218048215738236e-15,2.960951076008381,70,255,255,255
578,11.56,39.65812805179103,0.1066444081168168,-15.789999999999976,3.1245524675475314,1.599083487204103,-0.5000000000000324,0.2027160586261858,0.7676310840792069,-2.220446049250313e-15,2.966187063764364,70,255,255,255
579,11.58,39.72069940706628,0.13892450291255737,-15.799999999999976,3.1285677637621414,1.6140047397870287,-0.5000000000000323,0.20076481073050756,0.7460626291462875,4.884981308350689e-15,2.971423051520347,70,255,255,255
580,11.6,39.78335020610712,0.17149443554081903,-15.809999999999976,3.13253995204237,1.6284966314130829,-0.5000000000000323,0.19860941401142673,0.7245945813027093,-2.55351295663786e-15,2.97665903927633,70,255,255,255
581,11.620000000000001,39.846079511374384,0.20434567027508055,-15.819999999999975,3.1364652633630317,1.6425617367130765,-0.5000000000000323,0.1962655660330932,0.7032552649996753,-2.55351295663786e-15,2.981895027032313,70,255,255,255
582,11.64,39.90888631597126,0.2374697334490424,-15.829999999999975,3.140340229843587,1.6562031586980928,-0.5000000000000323,0.19374832402776665,0.6820710992508088,-2.55351295663786e-15,2.987131014788296,70,255,255,255
583,11.66,39.97176954941582,0.2708582232908795,-15.839999999999975,3.144161672228073,1.6694244920918542,-0.5000000000000323,0.19107211922430656,0.661066669688074,-2.55351295663786e-15,2.9923670025442792,70,255,255,255
584,11.68,40.03472808316891,0.3045028190524076,-15.849999999999975,3.1479266876544396,1.6822297880764063,-0.5000000000000323,0.18825077131831724,0.6402647992276025,-2.55351295663786e-15,2.997602990300262,70,255,255,255
585,11.700000000000001,40.09776073592322,0.33839528946086217,-15.859999999999975,3.151632637715492,1.6946235204227265,-0.5000000000000325,0.18529750305261983,0.6196866173160078,-9.658940314238862e-15,3.002838978056245,70,255,255,255
586,11.72,40.160866278659476,0.3725275005204093,-15.869999999999974,3.155277136813051,1.7066105529773543,-0.5000000000000325,0.18222495487793156,0.5993516277313904,-1.887379141862766e-15,3.008074965812228,70,255,255,255
587,11.74,40.2240434394756,0.40689142268992334,-15.879999999999974,3.1588580408063693,1.7181961084757038,-0.5000000000000328,0.17904519966592058,0.57927777491748,-8.992806499463768e-15,3.0133109535682108,70,255,255,255
588,11.76,40.287290908194706,0.4414791374629704,-15.889999999999974,3.162373435955313,1.7293857386523546,-0.5000000000000328,0.17576975744717194,0.5594815088325362,-1.2212453270876722e-15,3.018546941324194,70,255,255,255
589,11.78,40.350607340757875,0.47628284337533694,-15.899999999999974,3.165821628158306,1.7401852956183257,-0.5000000000000329,0.1724096101496544,0.5399778482985567,-8.326672684688674e-15,3.023782929080177,70,255,255,255
590,11.8,40.41399136340757,0.5112948614648392,-15.909999999999973,3.169201132484581,1.7506009044751127,-0.500000000000033,0.16897521631373014,0.520780442839351,-7.993605777301127e-15,3.02901891683616,70,255,255,255
591,11.82,40.477441576667566,0.5465076402075411,-15.919999999999973,3.1725106629998177,1.7606389371350957,-0.5000000000000331,0.16547652576183847,0.5019016329991426,-7.66053886991358e-15,3.034254904592143,70,255,255,255
592,11.84,40.54095655912524,0.5819137599538976,-15.929999999999973,3.1757491228838544,1.7703059873178266,-0.5000000000000332,0.16192299420184275,0.4833525091365478,-7.327471962526033e-15,3.039490892348126,70,255,255,255
593,11.86,40.60453487102202,0.6175059368877306,-15.939999999999973,3.1789155948387497,1.7796088466916484,-0.5000000000000333,0.15832359774476235,0.46514296869108973,-6.994405055138486e-15,3.0447268801041085,70,255,255,255
594,11.88,40.66817505765772,0.6532770265303326,-15.949999999999973,3.1820093317851237,1.7885544821300978,-0.5000000000000335,0.15468684731870397,0.4472817719224662,-1.3766765505351941e-14,3.0499628678600916,70,255,255,255
595,11.9,40.731875652614605,0.6892200268113845,-15.959999999999972,3.185029747844373,1.7971500140525953,-0.5000000000000336,0.15102080296247866,0.4297765961248716,-5.995204332975845e-15,3.0551988556160747,70,255,255,255
596,11.92,40.795635180806684,0.7253280807277649,-15.969999999999974,3.187976409604031,1.805402695819022,-0.5000000000000339,0.14733308798289624,0.4126340883213324,-1.27675647831893e-14,3.060434843372058,70,255,255,255
597,11.94,40.85945216135995,0.7615944786107232,-15.979999999999976,3.190849027663257,1.8133198941479158,-0.5000000000000339,0.1436309029613101,0.39585991644469276,2.1094237467877974e-15,3.065670831128041,70,255,255,255
598,11.96,40.92332511032905,0.7980126600212872,-15.989999999999977,3.1936474484551836,1.820909070528203,-0.5000000000000339,0.1399210395963153,0.37945881901435174,2.1094237467877974e-15,3.070906818884024,70,255,255,255
599,11.98,40.987252543255906,0.834576215293179,-15.999999999999977,3.1963716463425804,1.8281777635945908,-0.5000000000000336,0.13620989436984487,0.36343465331939506,9.2148511043888e-15,3.076142806640007,70,255,255,255
600,12.0,41.051232977575566,0.8712788867419192,-16.009999999999977,3.199021715983099,1.8351335724370073,-0.5000000000000334,0.13250348202594608,0.34779044212082577,8.548717289613705e-15,3.08137879439599,70,255,255,255
601,12.02,41.11527274705862,0.9081292972593563,-16.01999999999998,3.201988474152491,1.842520525871856,-0.5000000000000331,0.14833790846960415,0.369347671742436,1.4988010832439613e-14,3.0866147821519725,70,255,255,255
602,12.040000000000001,41.17937771051314,0.9451353159813183,-16.02999999999998,3.2052481727259536,1.8503009360980955,-0.5000000000000328,0.16298492867313108,0.38902051131197934,1.3988810110276972e-14,3.0918507699079556,70,255,255,255
603,12.06,41.243553270908365,0.9823040909223559,-16.03999999999998,3.208778019761524,1.8584387470518802,-0.5000000000000325,0.17649235177852374,0.40689054768923305,1.2989609388114332e-14,3.0970867576639387,70,255,255,255
604,12.08,41.307804394080286,1.0196420808061966,-16.049999999999983,3.21255615859622,1.8668994941920312,-0.500000000000032,0.18890694173478506,0.4230373570075494,2.653433028854124e-14,3.102322745419922,70,255,255,255
605,12.1,41.37213562701429,1.0571550860892354,-16.059999999999985,3.216561646699957,1.8756502641519421,-0.5000000000000315,0.2002744051868679,0.4375384979955541,2.4868995751603507e-14,3.1075587331759045,70,255,255,255
606,12.120000000000001,41.436551115701,1.0948482791758452,-16.069999999999986,3.220774434335628,1.884659654330492,-0.5000000000000311,0.2106393817835328,0.45046950892750326,2.353672812205332e-14,3.1127947209318876,70,255,255,255
607,12.14,41.50105462256242,1.1327262338256507,-16.079999999999988,3.2251753430710988,1.8938977324902768,-0.5000000000000303,0.2200454367735527,0.461903907989236,3.6415315207705135e-14,3.1180307086878707,70,255,255,255
608,12.16,41.56564954344615,1.1707929537541981,-16.08999999999999,3.229746044186405,1.9033359964273664,-0.5000000000000293,0.2285350557653114,0.47191319685447963,4.829470157119431e-14,3.123266696443854,70,255,255,255
609,12.18,41.63033892418649,1.2090519004296545,-16.09999999999999,3.2344690370169724,1.9129473337728233,-0.5000000000000284,0.23614964152836349,0.4805668672728416,4.529709940470639e-14,3.1285026841998365,70,255,255,255
610,12.200000000000001,41.69512547673192,1.2475060200693024,-16.109999999999992,3.239327627271356,1.922705981982393,-0.5000000000000275,0.24292951271918595,0.48793241047848324,4.263256414560601e-14,3.1337386719558196,70,255,255,255
611,12.22,41.76001159483911,1.2861577698406443,-16.119999999999994,3.2443059053597203,1.932587488567093,-0.5000000000000264,0.24891390441820693,0.4940753292350024,5.417888360170764e-14,3.1389746597118027,70,255,255,255
612,12.24,41.824999369334456,1.3250091432729219,-16.129999999999995,3.249388724767084,1.9425686716138801,-0.5000000000000254,0.25414097036818317,0.49905915233935505,5.084821452783217e-14,3.144210647467786,70,255,255,255
613,12.26,41.89009060294452,1.364061694885765,-16.139999999999997,3.2545616805032553,1.9526275806421542,-0.5000000000000242,0.2586477868085746,0.5029454514137046,6.206146707654625e-14,3.149446635223769,70,255,255,255
614,12.280000000000001,41.9552868246977,1.4033165640425365,-16.15,3.25981108765933,1.9627434578385812,-0.500000000000023,0.2624703578037262,0.5057938598213474,5.839773109528323e-14,3.154682622979752,70,255,255,255
615,12.3,42.020589303899676,1.4427744980367276,-16.16,3.2651239600986623,1.9728966997095572,-0.5000000000000216,0.2656436219666243,0.5076620935488012,6.894484982922222e-14,3.159918610735735,70,255,255,255
616,12.32,42.08599906368584,1.48243587442048,-16.17,3.2704879893083545,1.9830688191876158,-0.5000000000000203,0.2682014604846108,0.5086059739029296,6.494804694057166e-14,3.1651545984917178,70,255,255,255
617,12.34,42.15151689415455,1.5223007225849834,-16.180000000000003,3.2758915234354493,1.993242408225167,-0.5000000000000191,0.2701767063547349,0.5086794518775637,6.09512440519211e-14,3.1703905862477004,70,255,255,255
618,12.36,42.21714336508515,1.562368744603107,-16.190000000000005,3.2813235465302992,2.0034011009061814,-0.5000000000000177,0.27160115474250457,0.5079346340507183,7.149836278586008e-14,3.1756265740036835,70,255,255,255
619,12.38,42.28287883824551,1.6026393353451822,-16.200000000000006,3.286773658017888,2.0135295371037616,-0.5000000000000163,0.2725055743794278,0.5064218098790181,6.716849298982197e-14,3.1808625617596666,70,255,255,255
620,12.4,42.34872347929383,1.6431116018793621,-16.210000000000008,3.2922320524162694,2.0236133267089977,-0.5000000000000148,0.2729197199190807,0.5041894802617963,7.738254481637341e-14,3.1860985495156497,70,255,255,255
621,12.42,42.414677269280226,1.6837843821684433,-16.22000000000001,3.29768949931976,2.0336390144540615,-0.5000000000000133,0.27287234517453074,0.5012843872531894,7.271960811294775e-14,3.191334537271633,70,255,255,255
622,12.44,42.48074001575348,1.7246562630754467,-16.23000000000001,3.3031373236630066,2.0435940453501713,-0.5000000000000117,0.2723912171623346,0.49775154480549366,8.260059303211165e-14,3.1965705250276155,70,255,255,255
623,12.46,42.5469113634791,1.7657255976906234,-16.240000000000013,3.3085673862806764,2.053466730758831,-0.5000000000000101,0.2715031308834779,0.4936342704329877,7.760458942129844e-14,3.2018065127835986,70,255,255,255
624,12.48,42.61319080477462,1.8069905219928761,-16.250000000000014,3.3139720647761135,2.0632462151126334,-0.5000000000000087,0.27023392477186636,0.4889742176901226,7.294165271787278e-14,3.2070425005395817,70,255,255,255
625,12.5,42.679577689468836,1.8484489708588743,-16.260000000000016,3.31934423471106,2.072922443299904,-0.500000000000007,0.2686084967473268,0.4838114093635264,8.282263763703668e-14,3.2122784882955644,70,255,255,255
626,12.52,42.74607123449138,1.890098693433385,-16.270000000000017,3.32467725112725,2.082486128725535,-0.5000000000000051,0.26665082080949887,0.4781842712815412,9.203748874142548e-14,3.2175144760515475,70,255,255,255
627,12.540000000000001,42.81267053309957,1.9319372678745559,-16.28000000000002,3.3299649304095427,2.091928722058544,-0.5000000000000033,0.26438396411463083,0.47212966665044287,8.637535131583718e-14,3.2227504638075306,70,255,255,255
628,12.56,42.87937456374955,1.9739621154880589,-16.29000000000002,3.3352015324991204,2.101242380675155,-0.5000000000000017,0.2618301044788791,0.4656829308305537,8.104628079763643e-14,3.2279864515635137,70,255,255,255
629,12.58,42.946182198618835,2.01617051426415,-16.300000000000022,3.340381743464202,2.1104199388045655,-0.49999999999999983,0.25901054825408076,0.4588779064705282,9.026113190202523e-14,3.233222439319497,70,255,255,255
630,12.6,43.01309221178753,2.0585596118318104,-16.310000000000024,3.345500658434714,2.1194548783830003,-0.4999999999999981,0.2559457485255794,0.45174697892175164,8.47655279301307e-14,3.2384584270754795,70,255,255,255
631,12.620000000000001,43.080103287085656,2.101126437844214,-16.320000000000025,3.3505537649063766,2.128341300620193,-0.4999999999999965,0.25265532358315035,0.4443211118596455,7.960299086562372e-14,3.2436944148314626,70,255,255,255
632,12.64,43.14721402561403,2.143867915809835,-16.330000000000027,3.355536926418767,2.1370738982810384,-0.4999999999999947,0.2491580756195133,0.4366298830422719,8.89843754237063e-14,3.2489304025874457,70,255,255,255
633,12.66,43.21442295294625,2.186780874383512,-16.34000000000003,3.360446366611021,2.14564792868386,-0.4999999999999928,0.2454720096127141,0.42870152014107354,9.786615962070755e-14,3.2541663903434284,70,255,255,255
634,12.68,43.281728526019414,2.229862058131822,-16.35000000000003,3.3652786536580397,2.1540591874154944,-0.49999999999999095,0.24161435235093753,0.4205629365817223,9.203748874142548e-14,3.2594023780994115,70,255,255,255
635,12.700000000000001,43.3491291397212,2.2731081377870668,-16.360000000000028,3.3700306850892625,2.162303982762243,-0.49999999999998923,0.2376015715611417,0.41223976733741496,8.654188476953095e-14,3.2646383658553946,70,255,255,255
636,12.72,43.41662313318103,2.3165157200041597,-16.370000000000026,3.3746996729913463,2.170379110854643,-0.4999999999999876,0.23344939510418605,0.4037564046200117,8.137934770502397e-14,3.2698743536113777,70,255,255,255
637,12.74,43.484208795772936,2.3600813566346197,-16.380000000000024,3.379283129595396,2.178281831523008,-0.4999999999999864,0.22917283020248114,0.39513603341826076,6.233902283270254e-14,3.275110341367361,70,255,255,255
638,12.76,43.55188437283791,2.403801553531814,-16.390000000000022,3.383778853248727,2.186009844859711,-0.49999999999998523,0.22478618266657646,0.38640066683514496,5.867528685143952e-14,3.2803463291233435,70,255,255,255
639,12.780000000000001,43.61964807113332,2.44767277890148,-16.40000000000002,3.3881849147705387,2.193561268483313,-0.4999999999999844,0.22030307609056754,0.3775711811800968,4.0967229608668276e-14,3.2855823168793266,70,255,255,255
640,12.8,43.68749806401713,2.491691471211456,-16.410000000000018,3.3924996441902864,2.200934615498802,-0.4999999999999836,0.21573647098738258,0.368667350774448,3.8469227803261674e-14,3.2908183046353097,70,255,255,255
641,12.82,43.75543249637447,2.535854046674405,-16.420000000000016,3.3967216178670214,2.2081287731474397,-0.4999999999999832,0.211098683836763,0.3597078824318971,2.1926904736346842e-14,3.2960542923912923,70,255,255,255
642,12.84,43.82344948929422,2.580156906317185,-16.430000000000014,3.400849645987443,2.215142982139,-0.49999999999998307,0.20640140602107993,0.35071044957800734,6.38378239159465e-15,3.3012902801472754,70,255,255,255
643,12.86,43.891547144503015,2.6245964426503554,-16.440000000000012,3.4048827604399365,2.2219768166585205,-0.49999999999998296,0.20165572262466114,0.3416917259760268,6.050715484207103e-15,3.3065262679032585,70,255,255,255
644,12.88,43.95972354856424,2.6691690459511372,-16.45000000000001,3.4088202030614543,2.228630165039093,-0.4999999999999831,0.19687213107588342,0.33266741902862096,-8.493206138382448e-15,3.3117622556592416,70,255,255,255
645,12.9,44.027976776849314,2.71387111017297,-16.460000000000008,3.4126614142536607,2.235103211091645,-0.4999999999999833,0.19206055961030755,0.32365230262759814,-7.993605777301127e-15,3.3169982434152248,70,255,255,255
646,12.92,44.096304897288604,2.7586990384946133,-16.470000000000006,3.4164060219644057,2.2413964160821735,-0.49999999999998374,0.18723038553725146,0.31466024952643235,-2.170486013142181e-14,3.3222342311712074,70,255,255,255
647,12.94,44.16470597390921,2.8036492485215416,-16.480000000000004,3.4200538310302404,2.2475105013464156,-0.4999999999999841,0.18239045329174042,0.3057042632120939,-2.0372592501871623e-14,3.32747021892719,70,255,255,255
648,12.96,44.233178070166716,2.8487181771521723,-16.490000000000002,3.4236048128753547,2.2534464315315255,-0.4999999999999848,0.17754909225570792,0.2967965092554903,-3.341771304121721e-14,3.332706206683173,70,255,255,255
649,12.98,44.30171925207796,2.8939022851212512,-16.5,3.427059095562039,2.2592053984539544,-0.4999999999999857,0.17271413433421445,0.2879483461214578,-4.5630166312093934e-14,3.3379421944391563,70,255,255,255
650,13.0,44.37032759116171,2.939198061232499,-16.509999999999998,3.4304169541875,2.264788805562388,-0.4999999999999865,0.16789293127304372,0.2791703554216771,-4.296563105299356e-14,3.3431781821951394,70,255,255,255
651,13.02,44.43901007775564,2.9845989555847177,-16.519999999999996,3.4341243296962927,2.2700447176109377,-0.49999999999998734,0.18536877543963515,0.2627956024274858,-4.0467629247586956e-14,3.348414169951122,70,255,255,255
652,13.040000000000001,44.507773164141135,3.030098643081596,-16.529999999999994,3.438154319274603,2.2749843748439194,-0.4999999999999884,0.20149947891552822,0.24698286164908057,-5.218048215738236e-14,3.353650157707105,70,255,255,255
653,13.06,44.57662278650303,3.07569102006357,-16.539999999999996,3.442481118094935,2.2796188490986937,-0.4999999999999897,0.2163399410166007,0.23172371273872194,-6.322720125240266e-14,3.3588861454630883,70,255,255,255
654,13.08,44.645564386397524,3.1213702007874726,-16.549999999999997,3.4470799947246547,2.283959036195146,-0.49999999999999056,0.2299438314859792,0.21700935482260553,-4.518607710224387e-14,3.3641221332190714,70,255,255,255
655,13.1,44.71460293172338,3.167130513768741,-16.56,3.451927266292591,2.2880156490634205,-0.4999999999999914,0.24236357839682876,0.20283064341374013,-4.2521541843143495e-14,3.369358120975054,70,255,255,255
656,13.120000000000001,44.783742937192734,3.2129664980002737,-16.57,3.4570002734679437,2.2917992115766195,-0.4999999999999922,0.25365035876762265,0.1891781256599594,-4.0023540037736893e-14,3.374594108731037,70,255,255,255
657,13.14,44.85298848429879,3.258872899061394,-16.580000000000002,3.4622773553027857,2.295320053056026,-0.4999999999999926,0.2638540917420902,0.17604207397033234,-2.348121697082206e-14,3.3798300964870203,70,255,255,255
658,13.16,44.922343240778524,3.30484466512974,-16.590000000000003,3.467737823986612,2.2985883034173007,-0.4999999999999928,0.27302343419132136,0.16341251806373336,-7.93809462606987e-15,3.3850660842430034,70,255,255,255
659,13.18,44.99181047956969,3.350876942908279,-16.600000000000005,3.4733619395585893,2.301613888926953,-0.49999999999999295,0.28120577859886664,0.1512792754826262,-7.438494264988549e-15,3.390302071998986,70,255,255,255
660,13.200000000000001,45.061393097262105,3.3969650734790644,-16.610000000000007,3.4791308846205147,2.304406528539266,-0.4999999999999931,0.2884472530962712,0.13963198061563142,-6.938893903907228e-15,3.395538059754969,70,255,255,255
661,13.22,45.13109363204392,3.443104588094758,-16.620000000000008,3.485026739090891,2.306975730784699,-0.49999999999999295,0.29479272351883257,0.12846011227165155,7.771561172376096e-15,3.4007740475109522,70,255,255,255
662,13.24,45.200914281144684,3.4892912039183916,-16.63000000000001,3.491032455038059,2.3093307911816727,-0.4999999999999928,0.30028579735839456,0.1177530198486787,7.271960811294775e-15,3.4060100352669354,70,255,255,255
663,13.26,45.270856917777245,3.5355208197212806,-16.64000000000001,3.4971318316278954,2.311480790144459,-0.49999999999999234,0.3049688294918247,0.10749994813932551,2.098321516541546e-14,3.411246023022918,70,255,255,255
664,13.280000000000001,45.34092310758163,3.581789511548496,-16.650000000000013,3.5033094902192965,2.3134345913607697,-0.49999999999999195,0.3088829295700557,0.09769006081552734,1.965094753586527e-14,3.416482010778901,70,255,255,255
665,13.3,45.4111141245744,3.628093528360765,-16.660000000000014,3.5095508496384222,2.3152008406134463,-0.4999999999999913,0.3120679709562926,0.08831246263383408,3.269606807521086e-14,3.4217179985348842,70,255,255,255
666,13.32,45.481430966607604,3.6744292876611953,-16.670000000000016,3.515842101660539,2.316787965021503,-0.4999999999999907,0.3145626011058358,0.07935622040282997,3.069766663088558e-14,3.4269539862908673,70,255,255,255
667,13.34,45.55187437034213,3.7207933711147265,-16.680000000000017,3.522170186726231,2.318204172676564,-0.4999999999999901,0.31640425328461186,0.07081038275304019,2.886579864025407e-14,3.43218997404685,70,255,255,255
668,13.36,45.62244482574046,3.767182520167758,-16.690000000000015,3.5285227699167794,2.3194574526515606,-0.4999999999999893,0.31762915952742965,0.06266399874983364,4.141131881851834e-14,3.437425961802833,70,255,255,255
669,13.38,45.69314259008469,3.8135936316749444,-16.700000000000014,3.5348882172115883,2.320555575359337,-0.4999999999999888,0.31827236474044085,0.05490613538883604,2.4702462297909733e-14,3.442661949558816,70,255,255,255
670,13.4,45.763967701525665,3.8600237535397364,-16.71000000000001,3.5412555720487298,2.3215060932395946,-0.49999999999998834,0.3183677418570716,0.047525894012861336,2.3203661214665772e-14,3.4478979373147993,70,255,255,255
671,13.42,45.83491999216982,3.906470080374804,-16.72000000000001,3.547614532207924,2.322316341753375,-0.4999999999999882,0.31794800795973277,0.040512425689023246,7.66053886991358e-15,3.453133925070782,70,255,255,255
672,13.44,45.905999100710495,3.9529299491881047,-16.730000000000008,3.5539554270335936,2.3229934406650457,-0.499999999999988,0.3170447412834734,0.033854945583511764,7.16093850883226e-15,3.458369912826765,70,255,255,255
673,13.46,45.97720448461077,3.999400835099954,-16.740000000000006,3.5602691950140293,2.323544295592474,-0.4999999999999882,0.3156883990217896,0.027542746371413962,-7.549516567451064e-15,3.463605900582748,70,255,255,255
674,13.48,46.048535431845394,4.045880347096091,-16.750000000000004,3.5665473617311756,2.3239755998068308,-0.4999999999999886,0.31390833585732647,0.021565210717831018,-2.1260770921571748e-14,3.4688418883387313,70,255,255,255
675,13.5,46.119991072209274,4.092366223821374,-16.76,3.5727820181940833,2.324293836264157,-0.499999999999989,0.31173282314538664,0.01591182286631554,-1.992850329202156e-14,3.474077876094714,70,255,255,255
676,13.52,46.191570388200624,4.138856329418405,-16.770000000000003,3.578965799567666,2.324505279851543,-0.4999999999999894,0.3091890686791303,0.010572179369308099,-1.8762769116165146e-14,3.4793138638506966,70,255,255,255
677,13.540000000000001,46.263272225486766,4.185348649415034,-16.780000000000005,3.5850918643070853,2.3246159998314457,-0.49999999999998973,0.30630323697096573,0.005535998995142677,-1.759703494030873e-14,3.4845498516066797,70,255,255,255
678,13.56,46.3350953029609,4.231841286664401,-16.790000000000006,3.5911538737068076,2.324631862468346,-0.49999999999999006,0.3031004699861257,0.0007931318450191682,-1.659783421814609e-14,3.489785839362663,70,255,255,255
679,13.58,46.40703822239835,4.278332457340853,-16.800000000000008,3.597145971872175,2.3245585338226054,-0.4999999999999901,0.2996049082683707,-0.003666432287049215,-1.3877787807814457e-15,3.495021827118646,70,255,255,255
680,13.6,46.47909947772075,4.324820486994794,-16.81000000000001,3.603062766120184,2.3244014826970147,-0.4999999999999901,0.29583971240046525,-0.007852556279535072,-1.2212453270876722e-15,3.5002578148746286,70,255,255,255
681,13.620000000000001,46.55127746387706,4.371303806669237,-16.82000000000001,3.608899307815081,2.3241659837221667,-0.4999999999999901,0.2918270847448392,-0.011774948742405478,-1.2212453270876722e-15,3.5054938026306117,70,255,255,255
682,13.64,46.62357048534992,4.417780949080585,-16.830000000000013,3.614651073643339,2.323857120567376,-0.49999999999998984,0.2875882914128849,-0.015443157739535529,1.2989609388114332e-14,3.510729790386595,70,255,255,255
683,13.66,46.69597676429655,4.464250544865875,-16.84000000000001,3.6203139473316313,2.323479789264487,-0.49999999999998934,0.2831436844146298,-0.018866565144453507,2.6367796834847468e-14,3.515965778142578,70,255,255,255
684,13.68,46.76849444833276,4.510711318898524,-16.85000000000001,3.625884201810455,2.32303870163247,-0.4999999999999891,0.278512723941188,-0.02205438160084494,1.0658141036401503e-14,3.5212017658985606,70,255,255,255
685,13.700000000000001,46.841121617969264,4.557162086674349,-16.860000000000007,3.631358481825213,2.3225383887912843,-0.49999999999998923,0.27371400073790264,-0.025015642059273535,-4.218847493575595e-15,3.5264377536545437,70,255,255,255
686,13.72,46.91385629370918,4.60360175076943,-16.870000000000005,3.636733786995725,2.321983204754026,-0.4999999999999893,0.26876525852559485,-0.02775920186291403,-3.885780586188048e-15,3.531673741410527,70,255,255,255
687,13.74,46.98669644281567,4.6500292973711685,-16.880000000000006,3.642007455324372,2.3213773300869187,-0.4999999999999896,0.2636834164323498,-0.030293733355361674,-1.7930101847696278e-14,3.53690972916651,70,255,255,255
688,13.76,47.059639985758714,4.696443792883713,-16.890000000000008,3.6471771471523406,2.320724775627221,-0.4999999999999897,0.25848459139843216,-0.03262772298489347,-2.7200464103316335e-15,3.5421457169224926,70,255,255,255
689,13.780000000000001,47.13268480234997,4.742844380608705,-16.90000000000001,3.6522408295627473,2.3200293862496237,-0.49999999999998973,0.2531841205203369,-0.0347694688798601,-2.55351295663786e-15,3.5473817046784757,70,255,255,255
690,13.8,47.20582873757455,4.789230277502149,-16.91000000000001,3.657196761228789,2.319294844672205,-0.4999999999999895,0.2477965833020752,-0.03672707887093818,1.1823875212257917e-14,3.552617692434459,70,255,255,255
691,13.82,47.27906960712864,4.835600771008019,-16.92000000000001,3.662043477704461,2.3185246752934776,-0.4999999999999893,0.24233582378362106,-0.03850846893635529,1.1157741397482823e-14,3.557853680190442,70,255,255,255
692,13.84,47.35240520267174,4.881955215969069,-16.930000000000007,3.666779777154825,2.317722248052527,-0.49999999999998934,0.23681497251819472,-0.04012136204755157,-3.7192471324942744e-15,3.5630896679464246,70,255,255,255
693,13.86,47.42583329680219,4.928293031615162,-16.94000000000001,3.671404706522279,2.3168907823046707,-0.4999999999999894,0.23124646837269003,-0.04157328739279631,-3.552713678800501e-15,3.5683256557024077,70,255,255,255
694,13.88,47.49935164776468,4.974613698629272,-16.95000000000001,3.675917548124809,2.316033350705521,-0.49999999999998945,0.2256420801265171,-0.042871579957483696,-3.3861802251067274e-15,3.573561643458391,70,255,255,255
695,13.9,47.57295800389832,5.020916756291206,-16.960000000000008,3.6803178066817477,2.3151528830967134,-0.49999999999998923,0.22001292784693227,-0.04402338044037579,1.099120794378905e-14,3.578797631214374,70,255,255,255
696,13.92,47.646650107833565,5.067201799698946,-16.970000000000006,3.6846051967621385,2.3142521703870016,-0.4999999999999893,0.21436950401954835,-0.04503563548558809,-3.885780586188048e-15,3.5840336189703565,70,255,255,255
697,13.94,47.720425700446576,5.113468477067402,-16.980000000000004,3.6887796306504455,2.3133338684227756,-0.49999999999998934,0.20872169441535693,-0.045915098211310124,-3.7192471324942744e-15,3.5892696067263397,70,255,255,255
698,13.96,47.79428252457905,5.159716487104251,-16.990000000000006,3.6928412066239735,2.3124005018424487,-0.4999999999999897,0.20307879867640688,-0.04666832901633544,-1.7763568394002505e-14,3.5945055944823228,70,255,255,255
699,13.98,47.868218328531775,5.205945576462441,-17.000000000000007,3.696790197636051,2.311454467909516,-0.49999999999999,0.1974495506038707,-0.047301696646649294,-1.6764367671839864e-14,3.5997415822383054,70,255,255,255
700,14.0,47.94223086933975,5.2521555372688296,-17.01000000000001,3.7006270403987456,2.3104980403194255,-0.49999999999999006,0.19184213813473416,-0.047821379504512596,-1.5543122344752192e-15,3.6049775699942885,70,255,255,255
701,14.02,48.016327317536025,5.298377544875521,-17.02000000000001,3.7048224098135814,2.311100380334576,-0.4999999999999898,0.20976847074179483,0.03011700075752577,1.2823075934420558e-14,3.610213557750271,70,255,255,255
702,14.040000000000001,48.09051427916983,5.344640884838614,-17.030000000000012,3.7093480816903672,2.313166998154629,-0.49999999999998956,0.22628359383928398,0.10333089100265092,1.199040866595169e-14,3.6154495455062543,70,255,255,255
703,14.06,48.16479781910596,5.39097301944907,-17.040000000000013,3.7141769968063825,2.3166067305227775,-0.49999999999998934,0.24144575580075545,0.17198661840743723,1.1324274851176597e-14,3.6206855332622374,70,255,255,255
704,14.08,48.23918348379202,5.437399653188956,-17.05000000000001,3.719283234303087,2.3213316869943474,-0.49999999999998884,0.2553118748352343,0.2362478235784895,2.4868995751603507e-14,3.6259215210182205,70,255,255,255
705,14.1,48.31367632348917,5.483944797072812,-17.06000000000001,3.7246419848576457,2.3272571941927787,-0.4999999999999887,0.267937527727927,0.29627535992155174,9.159339953157541e-15,3.631157508774203,70,255,255,255
706,14.120000000000001,48.38828091396288,5.530630831838071,-17.070000000000007,3.7302295236857006,2.3343017382629423,-0.4999999999999888,0.2793769414027345,0.3522272035081788,-5.551115123125783e-15,3.6363934965301863,70,255,255,255
707,14.14,48.46300137763146,5.577478569952511,-17.080000000000005,3.736023183428716,2.3423869057220217,-0.4999999999999889,0.28968298715077845,0.40425837295397127,-5.218048215738236e-15,3.6416294842861694,70,255,255,255
708,14.16,48.53784140417098,5.624507316410486,-17.090000000000003,3.742001326976206,2.3514373228987475,-0.499999999999989,0.2989071773744807,0.4525208588362939,-4.884981308350689e-15,3.6468654720421525,70,255,255,255
709,14.18,48.61280427057639,5.671734928293337,-17.100000000000005,3.7481433202702252,2.3613805941425783,-0.4999999999999894,0.30709966470096317,0.4971635621915351,-1.8762769116165146e-14,3.6521014597981356,70,255,255,255
710,14.200000000000001,48.68789286067913,5.719177873072847,-17.110000000000007,3.7544295051367125,2.372147238975498,-0.49999999999998973,0.31430924332436083,0.5383322416459819,-1.759703494030873e-14,3.6573374475541187,70,255,255,255
711,14.22,48.76310968412284,5.766851285639856,-17.120000000000008,3.760841172185532,2.383670628350428,-0.4999999999999898,0.320583352440976,0.5761694687465013,-2.3869795029440866e-15,3.662573435310102,70,255,255,255
712,14.24,48.83845689479921,5.814769024043293,-17.13000000000001,3.767360533818467,2.395886920171848,-0.49999999999998984,0.32596808164672897,0.6108145910709974,-2.220446049250313e-15,3.6678094230660845,70,255,255,255
713,14.26,48.91393630874685,5.862943723927814,-17.14000000000001,3.773970697381857,2.4087349942260543,-0.4999999999999896,0.33050817816950184,0.6424037027103067,1.2156942119645464e-14,3.673045410822067,70,255,255,255
714,14.280000000000001,48.98954942151681,5.911386851661026,-17.150000000000013,3.780655638498174,2.422156386660593,-0.4999999999999894,0.334247055815855,0.6710696217269483,1.149080830487037e-14,3.6782813985780503,70,255,255,255
715,14.3,49.06529742500898,5.960108756143922,-17.16000000000001,3.787400174608456,2.436095224144749,-0.4999999999999889,0.33722680551409967,0.6969418742078002,2.503552920529728e-14,3.6835173863340334,70,255,255,255
716,14.32,49.14118122378409,6.009118719300633,-17.17000000000001,3.794189938755289,2.4504981578355705,-0.49999999999998873,0.33948820734164675,0.7201466845410724,9.325873406851315e-15,3.6887533740900165,70,255,255,255
717,14.34,49.21720145085676,6.058425005245969,-17.180000000000007,3.8010113536338443,2.465314297266752,-0.49999999999998884,0.3410707439277658,0.7408069715590799,-5.384581669432009e-15,3.6939893618459996,70,255,255,255
718,14.36,49.29335848297549,6.108034908131384,-17.190000000000005,3.807851605936413,2.4804951442707823,-0.49999999999998895,0.3420126151284255,0.7590423502015144,-5.051514762044462e-15,3.6992253496019822,70,255,255,255
719,14.38,49.36965245539577,6.157954798672146,-17.200000000000003,3.8146986210138705,2.4959945270380843,-0.49999999999998934,0.3423507538728874,0.7749691383651021,-1.892930256985892e-14,3.7044613373579653,70,255,255,255
720,14.4,49.44608327615329,6.208190169360355,-17.210000000000004,3.8215410378755994,2.5117685344104337,-0.4999999999999897,0.34212084308644597,0.7887003686174698,-1.7763568394002505e-14,3.7096973251139485,70,255,255,255
721,14.42,49.52265063984424,6.2587456783703495,-17.220000000000006,3.8283681845475646,2.527775450499732,-0.49999999999999,0.34135733359825204,0.8003458044649037,-1.6764367671839864e-14,3.714933312869931,70,255,255,255
722,14.44,49.59935404092037,6.3096251921646935,-17.230000000000008,3.835170053806477,2.543975689717219,-0.49999999999999006,0.34009346294561826,0.8100119608743492,-1.5543122344752192e-15,3.720169300625914,70,255,255,255
723,14.46,49.67619278650649,6.360831826810543,-17.24000000000001,3.841937279306306,2.560331732292456,-0.4999999999999901,0.3383612749914433,0.8178021287618575,-1.3877787807814457e-15,3.7254052883818973,70,255,255,255
724,14.48,49.75316600874873,6.41236798801766,-17.25000000000001,3.848661112111796,2.5768080603558574,-0.4999999999999901,0.3361916402745191,0.8238164031700697,-1.2212453270876722e-15,3.7306412761378804,70,255,255,255
725,14.5,49.83027267670177,6.464235409910725,-17.260000000000012,3.855333397652119,2.593371094653232,-0.49999999999998984,0.3336142770161521,0.8281517148687132,1.2989609388114332e-14,3.7358772638938635,70,255,255,255
726,14.52,49.907511607763894,6.516435192549839,-17.27000000000001,3.8619465531063204,2.6099891319556647,-0.49999999999998934,0.3306577727100528,0.8309018651216484,2.6367796834847468e-14,3.741113251649846,70,255,255,255
727,14.540000000000001,49.98488147866851,6.568967838214302,-17.28000000000001,3.868493545230841,2.6266322832231697,-0.4999999999999891,0.32734960622602927,0.8321575633752407,1.0658141036401503e-14,3.7463492394058293,70,255,255,255
728,14.56,50.06238083604127,6.621833286465819,-17.290000000000006,3.8749678686380618,2.6432724125758136,-0.49999999999998923,0.32371617036104805,0.8320064676321928,-4.218847493575595e-15,3.7515852271618124,70,255,255,255
729,14.58,50.140008106531944,6.675030948008249,-17.300000000000004,3.88136352453357,2.659883077121524,-0.4999999999999893,0.3197827947754064,0.8305332272855135,-3.885780586188048e-15,3.756821214917795,70,255,255,255
730,14.6,50.21776160653032,6.728559737361958,-17.310000000000006,3.8876749999186346,2.6764394676854435,-0.4999999999999896,0.31557376925324476,0.827819528195977,-1.7930101847696278e-14,3.762057202673778,70,255,255,255
731,14.620000000000001,50.29563955147558,6.782418104371589,-17.320000000000007,3.8938972472632676,2.692918350481578,-0.49999999999998995,0.31111236723164337,0.8239441398067289,-1.6930901125533637e-14,3.7672931904297613,70,255,255,255
732,14.64,50.373640064768665,6.83660406456686,-17.33000000000001,3.900025664654142,2.7092980097635206,-0.49999999999999,0.30642086954371406,0.8189829640971173,-1.7208456881689926e-15,3.7725291781857444,70,255,255,255
733,14.66,50.45176118629708,6.891115228396605,-17.34000000000001,3.906056076420658,2.7255581914872713,-0.49999999999998973,0.30152058832581075,0.8130090861875292,1.2656542480726785e-14,3.7777651659417275,70,255,255,255
734,14.68,50.53000088058191,6.945948829356916,-17.350000000000012,3.9119847142414517,2.7416800480155636,-0.4999999999999895,0.2964318910396697,0.8060928264146154,1.1823875212257917e-14,3.78300115369771,70,255,255,255
735,14.700000000000001,50.60835704455656,7.001101751034709,-17.36000000000001,3.9178081987327524,2.7576460838896804,-0.4999999999999893,0.29117422456504505,0.7983017937058348,1.1157741397482823e-14,3.7882371414536933,70,255,255,255
736,14.72,50.686827514986945,7.056570553088539,-17.370000000000008,3.923523521519144,2.773440102691473,-0.49999999999998906,0.2857661393195827,0.7897009400896322,1.049160758270773e-14,3.7934731292096764,70,255,255,255
737,14.74,50.765410075542675,7.112351496188843,-17.380000000000006,3.929128027786463,2.789047155015198,-0.4999999999999892,0.28022531336593426,0.7803526161862555,-4.385380947269368e-15,3.798709116965659,70,255,255,255
738,14.76,50.84410246352899,7.16844056594016,-17.390000000000004,3.934619399315825,2.8044534875658216,-0.49999999999998923,0.2745685764681105,0.7703166275311828,-4.052314039881821e-15,3.803945104721642,70,255,255,255
739,14.780000000000001,50.92290237628893,7.224833495808113,-17.400000000000006,3.939995637997062,2.8196464933976495,-0.4999999999999896,0.2688119340618478,0.7596502915913863,-1.8096635301390052e-14,3.8091810924776253,70,255,255,255
740,14.8,51.00180747728531,7.281525789074203,-17.410000000000007,3.94525504981917,2.8346146633044778,-0.4999999999999897,0.2629705911054008,0.748408495341411,-2.7200464103316335e-15,3.8144170802336084,70,255,255,255
741,14.82,51.08081540187201,7.338512739841602,-17.42000000000001,3.9503962293347823,2.8493475383699556,-0.49999999999998973,0.257058975780613,0.7366437532738899,-2.55351295663786e-15,3.8196530679895915,70,255,255,255
742,14.84,51.15992376276391,7.395789453115291,-17.43000000000001,3.955418044595063,2.8638356636844593,-0.4999999999999898,0.25109076301404043,0.7244062657251766,-2.3869795029440866e-15,3.824889055745574,70,255,255,255
743,14.86,51.23913015521493,7.453350863979941,-17.440000000000012,3.960319622550916,2.878070543232544,-0.49999999999998956,0.24507889779264902,0.7117439774042285,1.199040866595169e-14,3.830125043501557,70,255,255,255
744,14.88,51.31843216191325,7.511191755899,-17.45000000000001,3.9651003349158778,2.8920445959529184,-0.49999999999998934,0.23903561824809438,0.6987026360187172,1.1324274851176597e-14,3.83536103125754,70,255,255,255
745,14.9,51.397827357602964,7.569306778158418,-17.460000000000008,3.9697597844856176,2.905751112970892,-0.4999999999999891,0.23297247848698222,0.6853258508986815,1.0658141036401503e-14,3.840597019013523,70,255,255,255
746,14.92,51.47731331344114,7.627690462478445,-17.470000000000006,3.974297791908537,2.9191842160013803,-0.49999999999998923,0.22690037114596473,0.6716551515244058,-4.218847493575595e-15,3.845833006769506,70,255,255,255
747,14.94,51.55688760109917,7.6863372388168205,-17.480000000000004,3.978714382901568,2.9323388169187834,-0.4999999999999893,0.2208295496515409,0.6577300458701489,-3.885780586188048e-15,3.8510689945254892,70,255,255,255
748,14.96,51.63654779661727,7.7452414503865885,-17.490000000000006,3.983009775904916,2.9452105784884193,-0.4999999999999896,0.21476965016739902,0.6435880784817831,-1.7930101847696278e-14,3.8563049822814723,70,255,255,255
749,14.98,51.71629148402066,7.804397367911641,-17.500000000000007,3.987184370169156,2.957795876252642,-0.49999999999998995,0.20872971321200273,0.6292648882111256,-1.6930901125533637e-14,3.8615409700374554,70,255,255,255
750,15.0,51.796116258706014,7.863799203142908,-17.51000000000001,3.9912387342678115,2.9700917615633533,-0.49999999999999,0.20271820493279247,0.6147942655355632,-1.7208456881689926e-15,3.866776957793438,70,255,255,255
751,15.02,51.876028982733025,7.923430917627833,-17.52000000000001,3.9956362013507114,2.9815857242462434,-0.49999999999998973,0.21987335414500242,0.5746981341445005,1.2656542480726785e-14,3.872012945549421,70,255,255,255
752,15.040000000000001,51.956035965718854,7.983277067414207,-17.530000000000012,4.000349149291469,2.992307489318689,-0.4999999999999895,0.23564739703789161,0.5360882536222884,1.1823875212257917e-14,3.8772489333054043,70,255,255,255
753,15.06,52.03614298788929,8.043322792090471,-17.54000000000001,4.005351108521907,3.002286233813201,-0.4999999999999893,0.2500979615219059,0.4989372247256014,1.1157741397482823e-14,3.8824849210613874,70,255,255,255
754,15.08,52.11635532259389,8.103553803549936,-17.550000000000008,4.010616735229877,3.011550572973264,-0.49999999999998906,0.26328133539847,0.46321695800314533,1.049160758270773e-14,3.88772090881737,70,255,255,255
755,15.1,52.19667775828117,8.163956374513461,-17.560000000000006,4.0161217843639925,3.020128548176289,-0.4999999999999892,0.2752524567057719,0.42889876015123507,-4.385380947269368e-15,3.892956896573353,70,255,255,255
756,15.120000000000001,52.27711461993117,8.224517326843449,-17.570000000000007,4.021843082500071,3.0280476164993733,-0.49999999999998956,0.28606490680393915,0.3959534161542262,-1.8263168755083825e-14,3.8981928843293363,70,255,255,255
757,15.14,52.357669789943586,8.285224019680369,-17.58000000000001,4.027758500620977,3.0353346418459966,-0.4999999999999896,0.29577090604530465,0.3643512673311595,-2.886579864025407e-15,3.9034288720853194,70,255,255,255
758,15.16,52.43834672848076,8.346064337431452,-17.59000000000001,4.033846926858628,3.0420158875541916,-0.4999999999999894,0.3044213118825212,0.33406228540974636,1.149080830487037e-14,3.908664859841302,70,255,255,255
759,15.18,52.51914849326564,8.407026677639635,-17.60000000000001,4.040088239244037,3.048117010409131,-0.4999999999999892,0.31206561927047627,0.30505614274696713,1.0824674490095276e-14,3.913900847597285,70,255,255,255
760,15.200000000000001,52.60007775883581,8.468099938759345,-17.610000000000007,4.046463278508524,3.0536630559854423,-0.49999999999998923,0.3187519632243614,0.277302278815581,-4.052314039881821e-15,3.9191368353532683,70,255,255,255
761,15.22,52.68113683525534,8.529273507864282,-17.620000000000005,4.052953820976521,3.058678455246921,-0.4999999999999893,0.3245271233998519,0.2507699630739473,-3.885780586188048e-15,3.9243728231092514,70,255,255,255
762,15.24,52.762327686287094,8.590537248310955,-17.630000000000006,4.059542551587868,3.063187022333639,-0.4999999999999896,0.32943653056734945,0.2254283543358988,-1.7930101847696278e-14,3.929608810865234,70,255,255,255
763,15.26,52.843651947028796,8.65188148738033,-17.640000000000008,4.066213037084986,3.067211953468743,-0.4999999999999897,0.33352427485588354,0.20124655675518888,-2.7200464103316335e-15,3.934844798621217,70,255,255,255
764,15.280000000000001,52.925110941016754,8.71329700391872,-17.65000000000001,4.072949699397933,3.070775826919514,-0.49999999999998973,0.3368331156473534,0.1781936725385469,-2.55351295663786e-15,3.9400807863772003,70,255,255,255
765,15.3,53.006705696801916,8.77477501599771,-17.66000000000001,4.079737789258059,3.07390060394949,-0.4999999999999895,0.33940449300628206,0.156238851498808,1.1823875212257917e-14,3.9453167741331834,70,255,255,255
766,15.32,53.08843696400329,8.836307168611723,-17.67000000000001,4.086563360068756,3.0766076307006713,-0.4999999999999893,0.3412785405348604,0.13535133755905848,1.1157741397482823e-14,3.950552761889166,70,255,255,255
767,15.34,53.170305228844484,8.897885521430663,-17.680000000000007,4.093413242059693,3.078917640946983,-0.49999999999998934,0.3424940995468617,0.11550051231559832,-3.7192471324942744e-15,3.9557887496451487,70,255,255,255
768,15.36,53.25231072917946,8.959502536623908,-17.69000000000001,4.100275016748871,3.080850759662324,-0.4999999999999894,0.3430887344588891,0.09665593576704934,-3.552713678800501e-15,3.961024737401132,70,255,255,255
769,15.38,53.334453469014164,9.02115106677088,-17.70000000000001,4.107136991734893,3.082426507348608,-0.49999999999998945,0.34309874930109796,0.07878738431420285,-3.3861802251067274e-15,3.966260725157115,70,255,255,255
770,15.4,53.416733232530966,9.082824342872305,-17.710000000000008,4.113988175839969,3.08366380507128,-0.49999999999998923,0.34255920525382777,0.06186488613360286,1.099120794378905e-14,3.971496712913098,70,255,255,255
771,15.42,53.499149597623415,9.14451596247534,-17.720000000000006,4.120818254622389,3.0845809801518005,-0.4999999999999893,0.34150393912099464,0.04585875402602291,-3.885780586188048e-15,3.976732700669081,70,255,255,255
772,15.44,53.581701948948925,9.206219877924712,-17.730000000000004,4.127617566275459,3.0851957724685697,-0.49999999999998934,0.3399655826535417,0.030739615838465184,-3.7192471324942744e-15,3.981968688425064,70,255,255,255
773,15.46,53.66438949050749,9.267930384751105,-17.740000000000006,4.134377077928297,3.0855253413197063,-0.4999999999999897,0.3379755826419206,0.01647844255683273,-1.7763568394002505e-14,3.987204676181047,70,255,255,255
774,15.48,53.747211257754735,9.329642110207166,-17.750000000000007,4.1410883623622725,3.085586272802986,-0.49999999999999,0.3355642216987551,0.003046574163983795,-1.6764367671839864e-14,3.99244066393703,70,255,255,255
775,15.5,53.83016612925784,9.391350001960568,-17.76000000000001,4.147743575155422,3.0853945876701068,-0.49999999999999006,0.33276063965747493,-0.009584256643959232,-1.5543122344752192e-15,3.9976766516930127,70,255,255,255
776,15.52,53.91325283790315,9.453049316952853,-17.77000000000001,4.154335432265726,3.084965749614251,-0.4999999999999898,0.329592855515207,-0.021441902792783907,1.2823075934420558e-14,4.002912639448995,70,255,255,255
777,15.540000000000001,53.996469981664404,9.514735610431886,-17.780000000000012,4.16085718806278,3.084314673951687,-0.49999999999998956,0.32608778985268394,-0.03255378312820101,1.199040866595169e-14,4.008148627204978,70,255,255,255
778,15.56,54.07981603394072,9.576404725165084,-17.790000000000013,4.167302613816102,3.083455736659877,-0.49999999999998934,0.3222712876661129,-0.042946864590502454,1.1324274851176597e-14,4.013384614960961,70,255,255,255
779,15.58,54.163289353473665,9.638052780839809,-17.80000000000001,4.173665976647111,3.0824027837362427,-0.49999999999998884,0.3181681415504709,-0.05264764618172402,2.4868995751603507e-14,4.018620602716943,70,255,255,255
780,15.6,54.246888193852676,9.699676163656676,-17.81000000000001,4.179942018950617,3.0811691408433712,-0.4999999999999887,0.31380211517527723,-0.06168214464357824,9.159339953157541e-15,4.023856590472926,70,255,255,255
781,15.620000000000001,54.33061071261849,9.761271516120837,-17.820000000000007,4.1861259382905835,3.079767623208046,-0.4999999999999888,0.30919596699834706,-0.070075881766273,-5.551115123125783e-15,4.029092578228909,70,255,255,255
782,15.64,54.41445497997397,9.822835727035699,-17.830000000000005,4.1922133677738795,3.0782105457430298,-0.4999999999999889,0.3043714741648058,-0.07785387325080517,-5.218048215738236e-15,4.034328565984891,70,255,255,255
783,15.66,54.49841898711206,9.88436592170294,-17.840000000000003,4.198200356904732,3.0765097333620486,-0.499999999999989,0.29934945654262446,-0.08504061904905802,-4.884981308350689e-15,4.039564553740875,70,255,255,255
784,15.68,54.582500654170495,9.945859452332138,-17.850000000000005,4.204083352921678,3.0746765314598696,-0.4999999999999894,0.2941498008472969,-0.09166009510894346,-1.8762769116165146e-14,4.0448005414968575,70,255,255,255
785,15.700000000000001,54.66669783782285,10.007313888662754,-17.860000000000007,4.209859182617925,3.072721816530809,-0.49999999999998973,0.2887914848123536,-0.0977357464530404,-1.759703494030873e-14,4.050036529252841,70,255,255,255
786,15.72,54.75100833851575,10.068727008800762,-17.870000000000008,4.215525034645201,3.070656006900365,-0.4999999999999898,0.28329260136378753,-0.10329048152218201,-2.3869795029440866e-15,4.055272517008824,70,255,255,255
787,15.74,54.835429907361764,10.130096790271683,-17.88000000000001,4.2210784423004,3.06848907354603,-0.49999999999998984,0.2776703827599585,-0.10834666771674506,-2.220446049250313e-15,4.060508504764806,70,255,255,255
788,15.76,54.919960252697635,10.191421401291375,-17.89000000000001,4.226517266793598,3.0662305509846046,-0.4999999999999896,0.2719412246599182,-0.11292612807127966,1.2156942119645464e-14,4.065744492520789,70,255,255,255
789,15.780000000000001,55.00459704631754,10.252699192255468,-17.900000000000013,4.2318396809953285,3.0638895482046125,-0.4999999999999894,0.2661207100865015,-0.11705013899961392,1.149080830487037e-14,4.070980480276773,70,255,255,255
790,15.8,55.08933792939075,10.313928687447941,-17.91000000000001,4.237044153660354,3.061474759623615,-0.4999999999999889,0.2602236332512833,-0.12073942904987112,2.503552920529728e-14,4.076216468032755,70,255,255,255
791,15.82,55.17418051807324,10.37510857696897,-17.92000000000001,4.242129434124613,3.0589944760514025,-0.49999999999998873,0.25426402321297203,-0.12401417861062658,9.325873406851315e-15,4.081452455788739,70,255,255,255
792,15.84,55.25912240882267,10.436237708881793,-17.930000000000007,4.247094537471409,3.0564565956411633,-0.49999999999998884,0.24825516733983122,-0.12689402051196463,-5.384581669432009e-15,4.0866884435447215,70,255,255,255
793,15.860000000000001,55.34416118342592,10.49731508157803,-17.940000000000005,4.251938730162436,3.0538686348118356,-0.49999999999998895,0.24220963455136513,-0.12939804146638023,-5.051514762044462e-15,4.091924431300705,70,255,255,255
794,15.88,55.429294413748494,10.558339836360547,-17.950000000000003,4.256661516128734,3.0512377391258916,-0.49999999999998934,0.23613929831489333,-0.13154478429721017,-1.892930256985892e-14,4.097160419056688,70,255,255,255
795,15.9,55.51451966621482,10.619311250242705,-17.960000000000004,4.26126262331624,3.0485706941078257,-0.4999999999999897,0.23005535937529853,-0.1333522509033016,-1.7763568394002505e-14,4.10239640681267,70,255,255,255
796,15.92,55.59983450602842,10.680228728962497,-17.970000000000006,4.265741990680182,3.0458739359895937,-0.49999999999999,0.22396836819709076,-0.1348379059115965,-1.6764367671839864e-14,4.107632394568653,70,255,255,255
797,15.94,55.685236501140864,10.741091800209901,-17.980000000000008,4.270099755622191,3.043153562370195,-0.49999999999999006,0.21788824710047283,-0.13601868096993286,-1.5543122344752192e-15,4.112868382324637,70,255,255,255
798,15.96,55.77072322597814,10.801900107065451,-17.99000000000001,4.2743362418636766,3.040415342777491,-0.4999999999999901,0.21182431207431307,-0.13691097963519328,-1.3877787807814457e-15,4.11810437008062,70,255,255,255
799,15.98,55.85629226493311,10.862653401647876,-18.00000000000001,4.2784519477486835,3.037664729121228,-0.4999999999999901,0.20578529425036063,-0.13753068281313974,-1.2212453270876722e-15,4.123340357836603,70,255,255,255
800,16.0,55.9419412156325,10.923351538968417,-18.010000000000012,4.282447534969185,3.03490686602707,-0.49999999999998984,0.1997793610250529,-0.13789315470791008,1.2989609388114332e-14,4.1285763455925855,70,255,255,255
801,16.02,56.027676164023276,10.983998600389503,-18.02000000000001,4.286747419539036,3.0323530710543354,-0.49999999999998934,0.21499422849253236,-0.127689748636719,2.6367796834847468e-14,4.133812333348568,70,255,255,255
802,16.04,56.11350269329932,11.044598504113257,-18.03000000000001,4.291326463801964,3.0299951861876955,-0.4999999999999891,0.22895221314641745,-0.1178942433319885,1.0658141036401503e-14,4.139048321104551,70,255,255,255
803,16.06,56.19942590513343,11.105155008701988,-18.040000000000006,4.296160591705564,3.0278252294365715,-0.49999999999998923,0.24170639518000048,-0.10849783755620201,-4.218847493575595e-15,4.144284308860534,70,255,255,255
804,16.080000000000002,56.28545044040597,11.165671716642885,-18.050000000000004,4.301226763626751,3.0258353970448346,-0.4999999999999893,0.2533085960593615,-0.09949161958683961,-3.885780586188048e-15,4.149520296616518,70,255,255,255
805,16.1,56.371580499426955,11.22615207794854,-18.060000000000006,4.306502951049395,3.024018065282748,-0.4999999999999896,0.2638093711321883,-0.09086658810433557,-1.7930101847696278e-14,4.1547562843725006,70,255,255,255
806,16.12,56.457819861649824,11.286599393785409,-18.070000000000007,4.311968111143531,3.0223657918433515,-0.49999999999998995,0.2732580047068325,-0.08261367196982627,-1.6930901125533637e-14,4.159992272128483,70,255,255,255
807,16.14,56.544171904875675,11.347016820122704,-18.08000000000001,4.317602161292721,3.020871316864787,-0.49999999999999,0.28170250745950476,-0.07472374892822709,-1.7208456881689926e-15,4.165228259884467,70,255,255,255
808,16.16,56.63063962394794,11.407407371394692,-18.09000000000001,4.323385953613423,3.01952756359937,-0.49999999999998973,0.28918961603505977,-0.06718766327084147,1.2656542480726785e-14,4.170464247640449,70,255,255,255
809,16.18,56.7172256489381,11.467773924169682,-18.100000000000012,4.3293012495076315,3.0183276387495366,-0.4999999999999895,0.2957647947104416,-0.05999624249166313,1.1823875212257917e-14,4.175700235396432,70,255,255,255
810,16.2,56.80393226282385,11.528119220819484,-18.11000000000001,4.3353306942875065,3.017264832490112,-0.4999999999999893,0.3014722389937283,-0.053140312971244,1.1157741397482823e-14,4.180936223152415,70,255,255,255
811,16.22,56.89076141866202,11.588445873183398,-18.120000000000008,4.341457791908259,3.016332618195686,-0.49999999999998906,0.306354881037624,-0.046610714721302404,1.049160758270773e-14,4.186172210908398,70,255,255,255
812,16.240000000000002,56.977714756258884,11.648756366221223,-18.130000000000006,4.347666879843246,3.015524651891231,-0.4999999999999892,0.3104543967493161,-0.04039831522275561,-4.385380947269368e-15,4.191408198664382,70,255,255,255
813,16.26,57.06479361834154,11.709053061650092,-18.140000000000008,4.353943104132914,3.0148347714434345,-0.49999999999998956,0.3138112144834153,-0.03449402238981847,-1.8263168755083825e-14,4.1966441864203645,70,255,255,255
814,16.28,57.15199906623428,11.769338201560284,-18.15000000000001,4.3602723946371205,3.014256995509614,-0.4999999999999896,0.3164645252103453,-0.028888796691025842,-2.886579864025407e-15,4.201880174176347,70,255,255,255
815,16.3,57.23933189504464,11.829613912005494,-18.16000000000001,4.366641440518186,3.0137855222604246,-0.4999999999999894,0.31845229405328634,-0.023573662459459577,1.149080830487037e-14,4.207116161932331,70,255,255,255
816,16.32,57.32679264836425,11.889882206563334,-18.17000000000001,4.37303766598009,3.0134147278919876,-0.4999999999999892,0.3198112730951772,-0.018539718421847873,1.0824674490095276e-14,4.212352149688313,70,255,255,255
817,16.34,57.41438163248999,11.950144989862183,-18.180000000000007,4.379449206287242,3.013139164942447,-0.49999999999998923,0.3205770153576051,-0.013778147477025104,-4.052314039881821e-15,4.217588137444296,70,255,255,255
818,16.36,57.502098930171684,12.01040406107073,-18.190000000000005,4.385864884084436,3.0129535604273885,-0.4999999999999893,0.3207838898597011,-0.0092802257529212,-3.885780586188048e-15,4.222824125200279,70,255,255,255
819,16.38,57.58994441389244,12.070661117346889,-18.200000000000003,4.392274186037794,3.0128528138079673,-0.49999999999998934,0.32046509766790887,-0.005037330971052523,-3.7192471324942744e-15,4.228060112956262,70,255,255,255
820,16.4,57.677917758688736,12.13091775724299,-18.210000000000004,4.39866723981482,3.0128319948050364,-0.4999999999999897,0.31965268885134,-0.0010409501465522553,-1.7763568394002505e-14,4.233296100712245,70,255,255,255
821,16.42,57.76601845451714,12.19117548406443,-18.220000000000006,4.405034791420054,3.0128863410720115,-0.49999999999999,0.3183775802616937,0.002717313348759909,-1.6764367671839864e-14,4.2385320884682285,70,255,255,255
822,16.44,57.854245818175166,12.251435709179203,-18.230000000000008,4.411368182901232,3.0130112557386703,-0.49999999999999006,0.31666957405891605,0.006245733332946646,-1.5543122344752192e-15,4.243768076224211,70,255,255,255
823,16.46,57.94259900478396,12.311699755275955,-18.24000000000001,4.417659330439428,3.0132023048375656,-0.4999999999999901,0.31455737690979824,0.009552454944760314,-1.3877787807814457e-15,4.249004063980195,70,255,255,255
824,16.48,58.03107701884066,12.371968859568439,-18.25000000000001,4.4239007028351605,3.013455214624204,-0.4999999999999901,0.31206861978659806,0.012645489331941207,-1.2212453270876722e-15,4.254240051736177,70,255,255,255
825,16.5,58.11967872484868,12.432244176944472,-18.260000000000012,4.430085300401143,3.0137658688016637,-0.49999999999998984,0.30922987829911364,0.015532708872970424,1.2989609388114332e-14,4.25947603949216,70,255,255,255
826,16.52,58.208402857534104,12.492526783057668,-18.27000000000001,4.4362066342710555,3.0141303056598105,-0.49999999999998934,0.30606669349561333,0.018221842907337304,2.6367796834847468e-14,4.264712027248143,70,255,255,255
827,16.54,58.29724803165675,12.552817677360444,-18.28000000000001,4.4422587061324705,3.0145447151388303,-0.4999999999999891,0.30260359307074847,0.020720473950984974,1.0658141036401503e-14,4.269948015004125,70,255,255,255
828,16.56,58.386212751424566,12.61311778607697,-18.290000000000006,4.44823598839092,3.0150054358263043,-0.49999999999998923,0.2988641129224492,0.023036034373702385,-4.218847493575595e-15,4.275184002760109,70,255,255,255
829,16.580000000000002,58.47529541951999,12.673427965114902,-18.300000000000004,4.454133404770968,3.015508951896626,-0.4999999999999893,0.2948708190024565,0.025175803516096273,-3.885780586188048e-15,4.2804199905160925,70,255,255,255
830,16.6,58.56449434574717,12.733749002914925,-18.310000000000006,4.459946311359111,3.0160518900011115,-0.4999999999999896,0.2906453294071527,0.027146905224282314,-1.7930101847696278e-14,4.285655978272075,70,255,255,255
831,16.62,58.65380775530902,12.79408162323726,-18.320000000000007,4.4656704780923215,3.016631016116744,-0.49999999999998995,0.2862083366605175,0.028956305781607128,-1.6930901125533637e-14,4.290891966028058,70,255,255,255
832,16.64,58.74323379672292,12.854426487884481,-18.33000000000001,4.471302070695122,3.0172432323610687,-0.49999999999999,0.28157963014005993,0.03061081221625228,-1.7208456881689926e-15,4.296127953784041,70,255,255,255
833,16.66,58.832770549384264,12.914784199360088,-18.34000000000001,4.4768376330671735,3.017885573780374,-0.49999999999998973,0.27677811860258306,0.032117070965270056,1.2656542480726785e-14,4.301363941540024,70,255,255,255
834,16.68,58.922416030786714,12.975155303462447,-18.350000000000012,4.482274070122526,3.01855520511789,-0.4999999999999895,0.2718218527676033,0.03348156687579795,1.1823875212257917e-14,4.306599929296007,70,255,255,255
835,16.7,59.01216820340833,13.035540291813815,-18.36000000000001,4.487608631080891,3.0192494175683837,-0.4999999999999893,0.26672804791827875,0.03471062252468915,1.1157741397482823e-14,4.311835917051989,70,255,255,255
836,16.72,59.10202498127254,13.095939604324318,-18.370000000000008,4.492838893210556,3.019965625525156,-0.49999999999998906,0.26151310648325055,0.035810397838616836,1.049160758270773e-14,4.317071904807973,70,255,255,255
837,16.740000000000002,59.19198423619298,13.15635363159082,-18.380000000000006,4.4979627460218365,3.0207013633251005,-0.4999999999999892,0.2561926405640218,0.03678688999721169,-4.385380947269368e-15,4.322307892563956,70,255,255,255
838,16.76,59.28204380371117,13.216782717230762,-18.390000000000008,4.502978375909335,3.0214542819971455,-0.49999999999998956,0.25078149437495956,0.037645933602243886,-1.8263168755083825e-14,4.327543880319939,70,255,255,255
839,16.78,59.37220148873598,13.277227160151144,-18.40000000000001,4.507884251240661,3.02222214601909,-0.4999999999999896,0.24529376656626578,0.03839320109722033,-2.886579864025407e-15,4.332779868075922,70,255,255,255
840,16.8,59.46245507089375,13.337687216752894,-18.41000000000001,4.512679107888652,3.023002830087505,-0.4999999999999894,0.23974283239956584,0.039034203420741154,1.149080830487037e-14,4.338015855831905,70,255,255,255
841,16.82,59.55280230959783,13.398163103070996,-18.42000000000001,4.517361935203673,3.0237943159050924,-0.4999999999999892,0.23414136575103672,0.03957429087936992,1.0824674490095276e-14,4.343251843587888,70,255,255,255
842,16.84,59.64324094884627,13.458654996850788,-18.430000000000007,4.521931962421998,3.024594688989594,-0.49999999999998923,0.22850136091622453,0.040018654225072225,-4.052314039881821e-15,4.348487831343871,70,255,255,255
843,16.86,59.733768721756384,13.519163039560949,-18.440000000000005,4.526388645505878,3.0254021355080596,-0.4999999999999893,0.22283415419402175,0.04037232592327955,-3.885780586188048e-15,4.353723819099853,70,255,255,255
844,16.88,59.82438335484459,13.57968733834375,-18.450000000000003,4.530731654410448,3.026214939140022,-0.49999999999998934,0.21715044522848181,0.04064018159811811,-3.7192471324942744e-15,4.358959806855837,70,255,255,255
845,16.9,59.91508257206004,13.640227967903206,-18.460000000000004,4.534960860772217,3.02703147797286,-0.4999999999999897,0.21146031808846733,0.04082694164190137,-1.7763568394002505e-14,4.3641957946118195,70,255,255,255
846,16.92,60.00586409858031,13.700784972331853,-18.470000000000006,4.539076326013577,3.0278502214323897,-0.49999999999999,0.20577326206799995,0.040937172976486025,-1.6764367671839864e-14,4.369431782367803,70,255,255,255
847,16.94,60.09672566437746,13.761358366876882,-18.480000000000008,4.543078289857363,3.0286697272514735,-0.49999999999999006,0.20009819218935387,0.04097529095418251,-1.5543122344752192e-15,4.374667770123786,70,255,255,255
848,16.96,60.187665007562366,13.821948139646466,-18.49000000000001,4.546967159245282,3.0294886384792274,-0.4999999999999901,0.1944434693959316,0.04094556138769434,-1.3877787807814457e-15,4.379903757879769,70,255,255,255
849,16.98,60.27867987751544,13.88255425325713,-18.50000000000001,4.550743497653665,3.030305680533167,-0.4999999999999901,0.1888169204191037,0.04085210269697015,-1.2212453270876722e-15,4.385139745635752,70,255,255,255
850,17.0,60.36976803781143,13.943176646423058,-18.510000000000012,4.5544080147998285,3.0311196582964346,-0.49999999999998984,0.1832258573082033,0.04069888816337652,1.2989609388114332e-14,4.390375733391735,70,255,255,255
851,17.02,60.46093438353767,14.003821416907082,-18.52000000000001,4.55831728631178,3.032238524201146,-0.49999999999998934,0.19546357559756622,0.05594329523557029,2.6367796834847468e-14,4.395611721147717,70,255,255,255
852,17.04,60.55218339097953,14.06449426080255,-18.53000000000001,4.562450372093152,3.033642194773367,-0.4999999999999891,0.2066542890685783,0.07018352861105592,1.0658141036401503e-14,4.4008477089037,70,255,255,255
853,17.06,60.64351913558654,14.125200487519752,-18.540000000000006,4.5667872303505295,3.035311335860132,-0.49999999999998923,0.21684291286886204,0.08345705433823358,-4.218847493575595e-15,4.4060836966596835,70,255,255,255
854,17.080000000000002,60.73494530950178,14.185945034491848,-18.550000000000004,4.5713086957621405,3.0372273486048296,-0.4999999999999893,0.22607327058056725,0.09580063723489163,-3.885780586188048e-15,4.411319684415667,70,255,255,255
855,17.1,60.826465238652865,14.2467324815936,-18.560000000000006,4.575996457554073,3.039372355087592,-0.4999999999999896,0.23438808959659507,0.10725032413812663,-1.7930101847696278e-14,4.41655567217165,70,255,255,255
856,17.12,60.91808189940336,14.307567065267076,-18.570000000000007,4.580833037524639,3.041729183673763,-0.49999999999998995,0.24182899852830442,0.11784142930854236,-1.6930901125533637e-14,4.421791659927632,70,255,255,255
857,17.14,61.009797934764464,14.368452692349305,-18.58000000000001,4.585801768055167,3.0442813541113996,-0.49999999999999,0.2484365265264321,0.12760852188183813,-1.7208456881689926e-15,4.427027647683616,70,255,255,255
858,17.16,61.10161567016733,14.429392953597638,-18.59000000000001,4.590886770143213,3.047013062416714,-0.49999999999998973,0.2542501044022787,0.13658541526572643,1.2656542480726785e-14,4.432263635439599,70,255,255,255
859,17.18,61.19353712879717,14.490391136909325,-18.600000000000012,4.596072931491983,3.0499091655843573,-0.4999999999999895,0.2593080674385009,0.14480515838216634,1.1823875212257917e-14,4.437499623195581,70,255,255,255
860,17.2,61.28556404649092,14.551450240232477,-18.61000000000001,4.601345884687676,3.0529551661575214,-0.4999999999999893,0.26364765978466576,0.15230002865820058,1.1157741397482823e-14,4.442735610951564,70,255,255,255
861,17.22,61.37769788620081,14.612572984166295,-18.620000000000008,4.606691985494364,3.056137196690958,-0.49999999999998906,0.26730504033439395,0.1591015266718152,1.049160758270773e-14,4.447971598707547,70,255,255,255
862,17.240000000000002,61.46993985202669,14.673761824249059,-18.630000000000006,4.612098291294098,3.0594420041381976,-0.4999999999999892,0.2703152899866774,0.16524037236198774,-4.385380947269368e-15,4.453207586463531,70,255,255,255
863,17.26,61.56229090282065,14.735018962932909,-18.640000000000008,4.617552539698013,3.062856934192496,-0.49999999999998956,0.27271242019577624,0.17074650271492464,-1.8263168755083825e-14,4.458443574219514,70,255,255,255
864,17.28,61.6547517653677,14.796346361245096,-18.65000000000001,4.623043127352413,3.066369915609343,-0.4999999999999896,0.2745293827200097,0.17564907084235104,-2.886579864025407e-15,4.463679561975496,70,255,255,255
865,17.3,61.74732294714694,14.85774575013583,-18.66000000000001,4.628559088962022,3.0699694445367185,-0.4999999999999894,0.27579808048044985,0.17997644636877252,1.149080830487037e-14,4.46891554973148,70,255,255,255
866,17.32,61.84000474867796,14.919218641513384,-18.67000000000001,4.634090076550951,3.073644568877707,-0.4999999999999892,0.2765493794464664,0.18375621704941913,1.0824674490095276e-14,4.4741515374874625,70,255,255,255
867,17.34,61.93279727545757,14.980766338967555,-18.680000000000007,4.6396263389803,3.077384872708546,-0.49999999999998923,0.2768131214674332,0.18701519154195312,-4.052314039881821e-15,4.479387525243445,70,255,255,255
868,17.36,62.02570044949236,15.042389948183029,-18.690000000000005,4.6451587017397555,3.0811804607737154,-0.4999999999999893,0.2766181379727808,0.18977940325845966,-3.885780586188048e-15,4.484623512999428,70,255,255,255
869,17.38,62.11871402043295,15.104090387044595,-18.700000000000003,4.650678547029097,3.085021943078251,-0.49999999999998934,0.2759922644670709,0.1920741152267702,-3.7192471324942744e-15,4.489859500755411,70,255,255,255
870,17.400000000000002,62.21183757631583,15.165868395436517,-18.710000000000004,4.656177794144069,3.0889004195961043,-0.49999999999999,0.2749623557486096,0.193923825892663,-3.197442310920451e-14,4.495095488511395,70,255,255,255
871,17.42,62.30507055391943,15.227724544738757,-18.720000000000006,4.661648880179748,3.0928074651120467,-0.49999999999999034,0.2735543017839701,0.19535227579712666,-1.5765166949677223e-14,4.500331476267378,70,255,255,255
872,17.44,62.39841224874069,15.289659247023025,-18.730000000000008,4.667084741063236,3.096735114213368,-0.49999999999999034,0.27179304417437766,0.19638245506604868,-5.551115123125783e-16,4.50556746402336,70,255,255,255
873,17.46,62.49186182459921,15.351672763951953,-18.74000000000001,4.672478792926249,3.1006758464463826,-0.49999999999999034,0.26970259315067846,0.1970366116507294,-5.551115123125783e-16,4.510803451779344,70,255,255,255
874,17.48,62.58541832287575,15.413765215384986,-18.75000000000001,4.6778249138270365,3.1046225716516163,-0.49999999999999034,0.26730604503939137,0.19733626026168283,-5.551115123125783e-16,4.5160394395353265,70,255,255,255
875,17.5,62.67908067139235,15.475936587694795,-18.760000000000012,4.68311742582989,3.1085686154904075,-0.49999999999999006,0.2646256001426739,0.19730219193956122,1.3655743202889425e-14,4.521275427291309,70,255,255,255
876,17.52,62.77284769294134,15.538186741798286,-18.770000000000014,4.688351077449481,3.112507705174601,-0.4999999999999895,0.2616825809795742,0.19695448420967132,2.7033930649622562e-14,4.526511415047292,70,255,255,255
877,17.54,62.86671811347067,15.600515420906486,-18.780000000000012,4.693521026466215,3.1164339554099776,-0.499999999999989,0.2584974508366713,0.1963125117688369,2.5368596112684827e-14,4.5317474028032745,70,255,255,255
878,17.56,62.96069056993302,15.662922257997748,-18.79000000000001,4.698622823117834,3.12034185456309,-0.49999999999998884,0.25508983258097384,0.19539495765561998,9.658940314238862e-15,4.536983390559258,70,255,255,255
879,17.580000000000002,63.05476361780645,15.725406783018952,-18.800000000000008,4.7036523936716055,3.1242262510602297,-0.4999999999999887,0.2514785276886018,0.19421982485699418,9.159339953157541e-15,4.542219378315242,70,255,255,255
880,17.6,63.148935738294064,15.787968429819479,-18.810000000000006,4.708606024380513,3.128082340026359,-0.4999999999999888,0.24768153544540716,0.19280444830646726,-5.551115123125783e-15,4.547455366071224,70,255,255,255
881,17.62,63.24320534521058,15.850606542822899,-18.820000000000004,4.713480345826114,3.1319056501709928,-0.4999999999999892,0.24371607228004422,0.19116550723169112,-1.942890293094024e-14,4.552691353827207,70,255,255,255
882,17.64,63.33757079156358,15.913320383441443,-18.830000000000005,4.718272317649894,3.1356920309271894,-0.49999999999998956,0.23959859118900262,0.18931903780982395,-1.8263168755083825e-14,4.5579273415831905,70,255,255,255
883,17.66,63.432030375837066,15.976109136238424,-18.840000000000007,4.722979213674243,3.139437639849045,-0.4999999999999896,0.2353448012174928,0.18728044609276884,-2.886579864025407e-15,4.563163329339173,70,255,255,255
884,17.68,63.52658234798533,16.03897191484387,-18.85000000000001,4.72759860741349,3.1431389302723445,-0.4999999999999897,0.23096968696233766,0.18506452116498195,-2.7200464103316335e-15,4.568399317095156,70,255,255,255
885,17.7,63.62122491514483,16.101907767628717,-18.86000000000001,4.732128357974757,3.146792639242325,-0.49999999999998973,0.22648752806334116,0.18268544849901813,-2.55351295663786e-15,4.5736353048511385,70,255,255,255
886,17.72,63.71595624707179,16.164915683142954,-18.87000000000001,4.736566596347824,3.150395775711833,-0.4999999999999895,0.221911918653392,0.1801568234754085,1.1823875212257917e-14,4.578871292607122,70,255,255,255
887,17.740000000000002,63.81077448131344,16.227994595323207,-18.88000000000001,4.740911712082589,3.153945609012547,-0.4999999999999893,0.2172557867382574,0.17749166503568325,1.1157741397482823e-14,4.5841072803631056,70,255,255,255
888,17.76,63.90567772812048,16.291143388475234,-18.890000000000008,4.745162340352173,3.1574396576013117,-0.49999999999998934,0.21253141347917293,0.17470242943825287,-3.7192471324942744e-15,4.589343268119088,70,255,255,255
889,17.78,64.00066407510846,16.354360902036895,-18.90000000000001,4.749317349399255,3.160875678083103,-0.4999999999999894,0.20775045235408918,0.171801024089552,-3.552713678800501e-15,4.594579255875071,70,255,255,255
890,17.8,64.09573159167572,16.417645935127126,-18.910000000000007,4.753375828362709,3.164251654511568,-0.4999999999999892,0.20292394817273518,0.16879882142325586,1.0824674490095276e-14,4.599815243631054,70,255,255,255
891,17.82,64.19087833318534,16.480997250886478,-18.920000000000005,4.757337075481213,3.167565787967621,-0.49999999999998923,0.19806235592519084,0.1657066728026524,-4.052314039881821e-15,4.605051231387037,70,255,255,255
892,17.84,64.28610234491875,16.5444135806148,-18.930000000000007,4.761200586670073,3.170816486416077,-0.4999999999999896,0.19317555944302534,0.1625349224227901,-1.8096635301390052e-14,4.61028721914302,70,255,255,255
893,17.86,64.38140166580808,16.607893627711597,-18.94000000000001,4.764966044467165,3.174002354839874,-0.4999999999999897,0.1882728898546011,0.15929342118985002,-2.7200464103316335e-15,4.615523206899002,70,255,255,255
894,17.88,64.47677433195496,16.67143607142462,-18.95000000000001,4.768633307343522,3.177122185651014,-0.49999999999998945,0.18336314381780738,0.15599154055697895,1.1657341758564144e-14,4.620759194654986,70,255,255,255
895,17.900000000000002,64.57221837994243,16.73503957041216,-18.96000000000001,4.772202399373785,3.1801749493769584,-0.4999999999999895,0.17845460151314807,0.1526381862972359,-3.219646771412954e-15,4.6259951824109695,70,255,255,255
896,17.92,64.66773184994766,16.798702766124578,-18.97000000000001,4.775673500261471,3.1831597856208576,-0.4999999999999893,0.1735550443843179,0.14924181219496147,1.1157741397482823e-14,4.631231170166952,70,255,255,255
897,17.94,64.76331278866193,16.86242428601045,-18.980000000000008,4.779046935713715,3.1860759942936436,-0.49999999999998906,0.16867177261217936,0.1458104336392947,1.049160758270773e-14,4.636467157922935,70,255,255,255
898,17.96,64.85895925202513,16.926202746552764,-18.990000000000006,4.782323168159917,3.188923027115707,-0.4999999999999892,0.16381162231011803,0.14235164110315868,-4.385380947269368e-15,4.641703145678918,70,255,255,255
899,17.98,64.9546693077813,16.990036756140476,-19.000000000000007,4.785502787808529,3.191700479385575,-0.49999999999998956,0.15898098243057124,0.13887261349342284,-1.8263168755083825e-14,4.646939133434901,70,255,255,255
900,18.0,65.05044103786202,17.05392491778073,-19.01000000000001,4.788586504035966,3.194408082012749,-0.4999999999999896,0.15418581137188792,0.13538013135868887,-2.886579864025407e-15,4.652175121190884,70,255,255,255
901,18.02,65.14627781290291,17.11787364384081,-19.02000000000001,4.791838752044423,3.1974363030039497,-0.4999999999999894,0.1626124004228684,0.15141104956002183,1.149080830487037e-14,4.657411108946866,70,255,255,255
902,18.04,65.24218269722951,17.181888865042886,-19.03000000000001,4.795244216330226,3.200761060103749,-0.4999999999999892,0.1702732142901242,0.16623785498997012,1.0824674490095276e-14,4.662647096702849,70,255,255,255
903,18.06,65.33815846233298,17.245976049873573,-19.040000000000006,4.798788255173875,3.204359241534272,-0.49999999999998923,0.17720194218246377,0.17990907152613467,-4.052314039881821e-15,4.667883084458833,70,255,255,255
904,18.080000000000002,65.43420760000578,17.31014022356848,-19.050000000000004,4.802456883639753,3.2082086847453866,-0.4999999999999893,0.18343142329387696,0.19247216055573446,-3.885780586188048e-15,4.673119072214816,70,255,255,255
905,18.1,65.53033233513668,17.374385986666905,-19.060000000000006,4.806236756544977,3.212288154921119,-0.4999999999999896,0.18899364526122042,0.20397350878662213,-1.7930101847696278e-14,4.678355059970799,70,255,255,255
906,18.12,65.62653463816521,17.43871753313273,-19.070000000000007,4.810115151426539,3.216577323291311,-0.49999999999998995,0.19391974407809442,0.2144584185096008,-1.6930901125533637e-14,4.6835910477267815,70,255,255,255
907,18.14,65.72281623719589,17.50313866803863,-19.08000000000001,4.814079951534048,3.2210567452949026,-0.49999999999999,0.19824000537547803,0.22397110017957367,-1.7208456881689926e-15,4.688827035482765,70,255,255,255
908,18.16,65.81917862977336,17.567652824811404,-19.09000000000001,4.818119628873776,3.225707838638684,-0.49999999999998973,0.20198386698639403,0.23255466718907014,1.2656542480726785e-14,4.694063023238748,70,255,255,255
909,18.18,65.91562309431993,17.632263082037262,-19.100000000000012,4.822223227328045,3.2305128612928944,-0.4999999999999895,0.2051799227134543,0.24025113271050103,1.1823875212257917e-14,4.69929901099473,70,255,255,255
910,18.2,66.01215070123737,17.696972179826517,-19.11000000000001,4.826380345872457,3.2354548894626607,-0.4999999999999893,0.20785592722059132,0.24710140848830564,1.1157741397482823e-14,4.704534998750713,70,255,255,255
911,18.22,66.1087623236756,17.761782535737957,-19.120000000000008,4.830581121911932,3.2405177955719777,-0.49999999999998906,0.21003880197371316,0.2531453054658561,1.049160758270773e-14,4.709770986506697,70,255,255,255
912,18.240000000000002,66.2054586479707,17.82669626026385,-19.130000000000006,4.834816214755104,3.245686226294699,-0.4999999999999892,0.21175464215862494,0.258421536136058,-4.385380947269368e-15,4.71500697426268,70,255,255,255
913,18.26,66.3022401837556,17.89171517187715,-19.140000000000008,4.839076789245202,3.2509455806648626,-0.49999999999998956,0.21302872450487165,0.26296771850818645,-1.8263168755083825e-14,4.720242962018663,70,255,255,255
914,18.28,66.39910727374688,17.95684081164308,-19.15000000000001,4.843354499564224,3.2562819882966303,-0.4999999999999896,0.21388551595112837,0.2668203815883752,-2.886579864025407e-15,4.725478949774645,70,255,255,255
915,18.3,66.49606010321139,18.02207445739792,-19.16000000000001,4.847641473225927,3.2616822877420946,-0.4999999999999894,0.2143486830851522,0.27001497227321725,1.149080830487037e-14,4.730714937530629,70,255,255,255
916,18.32,66.59309870911683,18.087417137498186,-19.17000000000001,4.85193029527189,3.2671340050133213,-0.4999999999999892,0.21444110229813784,0.2725858635613303,1.0824674490095276e-14,4.735950925286612,70,255,255,255
917,18.34,66.6902229889705,18.152869644144047,-19.180000000000007,4.856213992683783,3.2726253322931305,-0.49999999999998923,0.21418487059463942,0.274566363990457,-4.052314039881821e-15,4.741186913042594,70,255,255,255
918,18.36,66.78743270935098,18.218432546281196,-19.190000000000005,4.860486019023792,3.2781451068573593,-0.4999999999999893,0.2136013170004727,0.2759887282114373,-3.885780586188048e-15,4.746422900798577,70,255,255,255
919,18.38,66.88472751413727,18.284106202085788,-19.200000000000003,4.864740239314086,3.2836827902296397,-0.49999999999998934,0.21271101451468422,0.27688416861402443,-3.7192471324942744e-15,4.7516588885545605,70,255,255,255
920,18.400000000000002,66.98210693244057,18.34989077103755,-19.210000000000004,4.8689709151651845,3.2892284475880946,-0.49999999999999,0.2115337925549161,0.2772828679227448,-3.197442310920451e-14,4.756894876310544,70,255,255,255
921,18.42,67.07957038624382,18.415786225586388,-19.220000000000006,4.873172690162075,3.2947727274417784,-0.49999999999999034,0.21008874984454717,0.27721399268418345,-1.5765166949677223e-14,4.762130864066527,70,255,255,255
922,18.44,67.17711719775414,18.48179236241825,-19.230000000000008,4.877340575516016,3.3003068415932115,-0.49999999999999034,0.20839426769704783,0.2767057075716517,-5.551115123125783e-16,4.767366851822509,70,255,255,255
923,18.46,67.27474659647392,18.547908813326288,-19.24000000000001,4.881469935989019,3.305822545401887,-0.49999999999999034,0.20646802365012018,0.2757851904337696,-5.551115123125783e-16,4.772602839578493,70,255,255,255
924,18.48,67.37245772599586,18.614135055693534,-19.25000000000001,4.885556476097182,3.311312118362276,-0.49999999999999034,0.2043270054081594,0.2744786480194641,-5.551115123125783e-16,4.777838827334476,70,255,255,255
925,18.5,67.47024965052782,18.680470422593704,-19.260000000000012,4.889596226598224,3.3167683450085397,-0.49999999999999006,0.2019875250520542,0.2728113323131791,1.3655743202889425e-14,4.783074815090458,70,255,255,255
926,18.52,67.56812136115317,18.74691411251684,-19.270000000000014,4.893585531267769,3.322184496156891,-0.4999999999999895,0.19946523347729084,0.27080755741757834,2.7033930649622562e-14,4.788310802846441,70,255,255,255
927,18.54,67.66607178183254,18.81346519872675,-19.280000000000012,4.8975210339682365,3.327554310495368,-0.499999999999989,0.19677513502337884,0.2684907169238455,2.5368596112684827e-14,4.793546790602424,70,255,255,255
928,18.56,67.76409977515281,18.88012263825734,-19.29000000000001,4.90139966601345,3.332871976529621,-0.49999999999998884,0.19393160226070894,0.2658833017126474,9.658940314238862e-15,4.798782778358407,70,255,255,255
929,18.580000000000002,67.86220414782944,18.946885280555186,-19.300000000000008,4.905218633831454,3.33813211489225,-0.4999999999999887,0.1909483909001839,0.2630069181314387,9.159339953157541e-15,4.804018766114391,70,255,255,255
930,18.6,67.96038365596799,19.01375187577563,-19.310000000000006,4.908975406927371,3.3433297610221704,-0.4999999999999888,0.18783865479585593,0.2598823064960385,-5.551115123125783e-15,4.809254753870373,70,255,255,255
931,18.62,68.05863701009093,19.08072108274002,-19.320000000000004,4.912667706147572,3.348460348219538,-0.4999999999999892,0.18461496101007935,0.25652935986837333,-1.942890293094024e-14,4.814490741626356,70,255,255,255
932,18.64,68.15696287993585,19.147791476561636,-19.330000000000005,4.916293492245849,3.3535196910807894,-0.49999999999998956,0.18128930491383777,0.25296714306257684,-1.8263168755083825e-14,4.81972672938234,70,255,255,255
933,18.66,68.25535989903088,19.214961555947987,-19.340000000000007,4.919850954751761,3.3585039693175136,-0.4999999999999896,0.17787312529555965,0.24921391183621155,-2.886579864025407e-15,4.824962717138322,70,255,255,255
934,18.68,68.35382666905369,19.282229750187227,-19.35000000000001,4.9233385011408375,3.363409711962004,-0.4999999999999897,0.1743773194538445,0.2452871322245036,-2.7200464103316335e-15,4.830198704894305,70,255,255,255
935,18.7,68.45236176397981,19.34959442582646,-19.36000000000001,4.926754746305868,3.3682337819615626,-0.49999999999998973,0.17081225825151947,0.24120349997794133,-2.55351295663786e-15,4.835434692650288,70,255,255,255
936,18.72,68.55096373402637,19.41705389304972,-19.37000000000001,4.930098502328031,3.3729733611628867,-0.4999999999999895,0.16718780110815068,0.23697896006620223,1.1823875212257917e-14,4.840670680406271,70,255,255,255
937,18.740000000000002,68.64963110939729,19.484606411763462,-19.38000000000001,4.933368768546264,3.3776259356871488,-0.4999999999999893,0.16351331091163068,0.23262872621310837,1.1157741397482823e-14,4.845906668162255,70,255,255,255
938,18.76,68.74836240383574,19.552250197397377,-19.390000000000008,4.936564721922853,3.3821892816957333,-0.49999999999998934,0.15979766882944446,0.22816730042921884,-3.7192471324942744e-15,4.851142655918237,70,255,255,255
939,18.78,68.8471561179898,19.6199834264283,-19.40000000000001,4.9396857077028935,3.3866614515459665,-0.4999999999999894,0.1560492890020182,0.22360849251167192,-3.552713678800501e-15,4.85637864367422,70,255,255,255
940,18.8,68.9460107425971,19.68780424163501,-19.410000000000007,4.94273123036493,3.39104076033559,-0.4999999999999892,0.15227613310182253,0.2189654394811562,1.0824674490095276e-14,4.861614631430204,70,255,255,255
941,18.82,69.04492476149429,19.755710757091695,-19.420000000000005,4.945700944859785,3.395325772834176,-0.49999999999998923,0.14848572474272181,0.2142506249293068,-4.052314039881821e-15,4.866850619186186,70,255,255,255
942,18.84,69.14389665445697,19.823701062907677,-19.430000000000007,4.9485946481342955,3.3995152907991897,-0.4999999999999896,0.1446851637255433,0.2094758982506808,-1.8096635301390052e-14,4.872086606942169,70,255,255,255
943,18.86,69.24292489987569,19.891773229721156,-19.44000000000001,4.951412270936444,3.403608340673901,-0.4999999999999897,0.14088114010743524,0.20465249373556382,-2.7200464103316335e-15,4.8773225946981515,70,255,255,255
944,18.88,69.34200797727365,19.959925312954436,-19.45000000000001,4.95415386989809,3.4076041616639285,-0.49999999999998945,0.1370799480823024,0.19979104950138193,1.1657341758564144e-14,4.882558582454135,70,255,255,255
945,18.900000000000002,69.44114436967148,20.028155356838212,-19.46000000000001,4.956819619891324,3.411502194188771,-0.4999999999999895,0.13328749966171483,0.19490162624210994,-3.219646771412954e-15,4.887794570210119,70,255,255,255
946,18.92,69.54033256580456,20.0964613982123,-19.47000000000001,4.9594098066542625,3.4153020687042974,-0.4999999999999893,0.129509338146919,0.1899937257763309,1.1157741397482823e-14,4.893030557966101,70,255,255,255
947,18.94,69.6395710621982,20.164841470110137,-19.480000000000008,4.961924819681901,3.419003594891843,-0.49999999999998906,0.125750651381912,0.18507630937727582,1.049160758270773e-14,4.898266545722084,70,255,255,255
948,18.96,69.73885836510576,20.23329360513432,-19.490000000000006,4.964365145377513,3.422606751209186,-0.4999999999999892,0.12201628478059057,0.1801578158671555,-4.385380947269368e-15,4.9035025334780675,70,255,255,255
949,18.98,69.83819299231496,20.30181583863029,-19.500000000000007,4.9667313604599075,3.426111674798431,-0.49999999999998956,0.11831075411973657,0.17524617946225618,-1.8263168755083825e-14,4.90873852123405,70,255,255,255
950,19.0,69.93757347482739,20.370406211665202,-19.51000000000001,4.969024125621745,3.4295186517455214,-0.4999999999999896,0.11463825809188766,0.17034884735451428,-2.886579864025407e-15,4.913974508990033,70,255,255,255
951,19.02,70.03700142912373,20.439071684380412,-19.52000000000001,4.971397714817355,3.433273635760553,-0.4999999999999894,0.11867945978051697,0.18774920075156531,1.149080830487037e-14,4.9192104967460155,70,255,255,255
952,19.04,70.13647829874097,20.507818679149313,-19.53000000000001,4.973843480862,3.437349738445025,-0.4999999999999892,0.12228830223222431,0.20380513422360025,1.0824674490095276e-14,4.924446484501999,70,255,255,255
953,19.06,70.23600536233936,20.5766531025676,-19.540000000000006,4.976353179919064,3.441721170914476,-0.49999999999998923,0.12548495285321604,0.21857162347256365,-4.052314039881821e-15,4.929682472257982,70,255,255,255
954,19.080000000000002,70.33558374154914,20.6455803669494,-19.550000000000004,4.978918960489313,3.446363219089858,-0.4999999999999893,0.12828902851244983,0.2321024087690886,-3.885780586188048e-15,4.934918460013965,70,255,255,255
955,19.1,70.4352144085978,20.714605411324435,-19.560000000000006,4.981533352433042,3.4512522187517325,-0.4999999999999896,0.13071959718641235,0.24444998309371746,-1.7930101847696278e-14,4.940154447769948,70,255,255,255
956,19.12,70.53489819371862,20.783732721932665,-19.570000000000007,4.984189256040732,3.456365530411451,-0.49999999999998995,0.132795180384516,0.25566558298592446,-1.6930901125533637e-14,4.9453904355259315,70,255,255,255
957,19.14,70.63463579234195,20.852966352213674,-19.58000000000001,4.986879931166773,3.4616815140504875,-0.49999999999999,0.13453375630203812,0.2657991819518153,-1.7208456881689926e-15,4.950626423281914,70,255,255,255
958,19.16,70.73442777207075,20.9223099422892,-19.59000000000001,4.989598986439863,3.4671795037762605,-0.49999999999998973,0.13595276365449482,0.27489948628865735,1.2656542480726785e-14,4.955862411037897,70,255,255,255
959,19.18,70.834274579442,20.991766737938,-19.600000000000012,4.992340368562742,3.4728397824400044,-0.4999999999999895,0.13706910614391887,0.283013933187203,1.1823875212257917e-14,4.9610983987938795,70,255,255,255
960,19.2,70.93417654647625,21.061339609063193,-19.61000000000001,4.995098351713025,3.478643556259579,-0.4999999999999893,0.13789915751420168,0.2901886909787388,1.1157741397482823e-14,4.966334386549863,70,255,255,255
961,19.22,71.03413389701737,21.131031067652945,-19.620000000000008,4.997867527056029,3.4845729294875234,-0.49999999999998906,0.13845876715018512,0.29646866139721384,1.049160758270773e-14,4.971570374305846,70,255,255,255
962,19.240000000000002,71.13414675286496,21.20084328523619,-19.630000000000006,5.000642792379643,3.4906108791621713,-0.4999999999999892,0.13876326618068102,0.30189748373240466,-4.385380947269368e-15,4.976806362061829,70,255,255,255
963,19.26,71.23421513970217,21.270778109835735,-19.640000000000008,5.003419341860509,3.4967412299772405,-0.49999999999998956,0.13882747404332285,0.30651754075345217,-1.8263168755083825e-14,4.982042349817812,70,255,255,255
964,19.28,71.33433899282157,21.340837082421796,-19.65000000000001,5.006192655970025,3.502948629303001,-0.4999999999999896,0.13866570547581247,0.31036996628804436,-2.886579864025407e-15,4.9872783375737955,70,255,255,255
965,19.3,71.43451816265213,21.411021452869594,-19.66000000000001,5.0089584915278955,3.509218522389891,-0.4999999999999894,0.1382917778935262,0.31349465434448875,1.149080830487037e-14,4.992514325329778,70,255,255,255
966,19.32,71.53475242009033,21.48133219542526,-19.67000000000001,5.011712871910326,3.515537127783303,-0.4999999999999892,0.1377190191215627,0.31593026967059634,1.0824674490095276e-14,4.997750313085761,70,255,255,255
967,19.34,71.6350414616387,21.551770023684785,-19.680000000000007,5.014452077419234,3.5218914129762164,-0.49999999999998923,0.1369602754453787,0.3177142596456668,-4.052314039881821e-15,5.0029863008417435,70,255,255,255
968,19.36,71.73538491435507,21.62233540509127,-19.690000000000005,5.0171726358182145,3.5282690703243524,-0.4999999999999893,0.13602791994900176,0.31888286740681027,-3.885780586188048e-15,5.008222288597727,70,255,255,255
969,19.38,71.83578234061588,21.6930285749562,-19.700000000000003,5.019871313040426,3.534658493246641,-0.49999999999998934,0.13493386111054306,0.3194711461144317,-3.7192471324942744e-15,5.01345827635371,70,255,255,255
970,19.400000000000002,71.93623324269734,21.763849550010843,-19.710000000000004,5.022545104072917,3.5410487527319585,-0.49999999999999,0.1336895516245784,0.3195129742658689,-3.197442310920451e-14,5.018694264109693,70,255,255,255
971,19.42,72.03673706717777,21.834798141494268,-19.720000000000006,5.0251912240214205,3.547429574171345,-0.49999999999999034,0.13230599742517324,0.31904107196932374,-1.5765166949677223e-14,5.023930251865676,70,255,255,255
972,19.44,72.13729320916495,21.905873967784935,-19.730000000000008,5.027807099359057,3.5537913145332536,-0.49999999999999034,0.1307937668818191,0.3180870180954325,-5.551115123125783e-16,5.029166239621659,70,255,255,255
973,19.46,72.2379010163522,21.97707646658289,-19.74000000000001,5.030390359361939,3.560124939897754,-0.49999999999999034,0.12916300014409288,0.31668126822502485,-5.551115123125783e-16,5.034402227377642,70,255,255,255
974,19.48,72.33855979290688,22.048404906650173,-19.75000000000001,5.032938827734146,3.5664220033641074,-0.49999999999999034,0.1274234186103289,0.3148531733176716,-5.551115123125783e-16,5.039638215133625,70,255,255,255
975,19.5,72.43926880319536,22.119858399117067,-19.760000000000012,5.035450514424123,3.5726746233446565,-0.49999999999999006,0.12558433449884632,0.31263099902744695,1.3655743202889425e-14,5.044874202889608,70,255,255,255
976,19.52,72.54002727534804,22.191435908362198,-19.770000000000014,5.0379236076341005,3.57887546225658,-0.4999999999999895,0.12365466049890195,0.3100419455961947,2.7033930649622562e-14,5.050110190645591,70,255,255,255
977,19.54,72.64083440466851,22.26313626247463,-19.780000000000012,5.040356466023743,3.5850177056217376,-0.499999999999989,0.1216429194821238,0.307112168257869,2.5368596112684827e-14,5.055346178401574,70,255,255,255
978,19.56,72.74168935689069,22.334958163306304,-19.79000000000001,5.042747611108847,3.5910950415835505,-0.49999999999998884,0.11955725425522612,0.30386679809064754,9.658940314238862e-15,5.060582166157556,70,255,255,255
979,19.580000000000002,72.8425912712878,22.406900196123278,-19.800000000000008,5.04509571985555,3.5971016408486816,-0.4999999999999887,0.11740543733511899,0.30032996325654837,9.159339953157541e-15,5.06581815391354,70,255,255,255
980,19.6,72.9435392636372,22.47896083886448,-19.810000000000006,5.04739961747016,3.603032137060106,-0.4999999999999888,0.11519488073047768,0.2965248105712299,-5.551115123125783e-15,5.071054141669523,70,255,255,255
981,19.62,73.04453242904489,22.551138471016625,-19.820000000000004,5.049658270384418,3.6088816076071084,-0.4999999999999892,0.11293264571289452,0.29247352735011356,-1.942890293094024e-14,5.076290129425506,70,255,255,255
982,19.64,73.14556984463361,22.62343138211416,-19.830000000000005,5.051870779435684,3.6146455548766783,-0.49999999999998956,0.11062545256329326,0.2881973634785018,-1.8263168755083825e-14,5.081526117181489,70,255,255,255
983,19.66,73.24665057209843,22.695837779873155,-19.840000000000007,5.054036373241254,3.620319887949831,-0.4999999999999896,0.10827969027847484,0.2837166536576383,-2.886579864025407e-15,5.086762104937472,70,255,255,255
984,19.68,73.34777366013375,22.768355797968063,-19.85000000000001,5.056154401765782,3.6259009047454343,-0.4999999999999897,0.10590142622640997,0.27905083978016565,-2.7200464103316335e-15,5.091998092693455,70,255,255,255
985,19.7,73.44893814673536,22.84098350346033,-19.86000000000001,5.05822433008049,3.631385274613268,-0.49999999999998973,0.1034964157353988,0.2742184933916949,-2.55351295663786e-15,5.097234080449438,70,255,255,255
986,19.72,73.55014306138162,22.913718903887872,-19.87000000000001,5.060245732312665,3.63677002137721,-0.4999999999999895,0.10107011160871693,0.2692373381970983,1.1823875212257917e-14,5.10247006820542,70,255,255,255
987,19.740000000000002,73.65138742709729,22.986559954024447,-19.88000000000001,5.062218285783687,3.6420525068286724,-0.4999999999999893,0.09862767355113089,0.26412427257312876,1.1157741397482823e-14,5.107706055961404,70,255,255,255
988,19.76,73.75267026240397,23.05950456231784,-19.890000000000008,5.064141765333673,3.647230414669681,-0.49999999999998934,0.09617397749929424,0.2588953920504147,-3.7192471324942744e-15,5.112942043717387,70,255,255,255
989,19.78,73.85399058316058,23.13255059701593,-19.90000000000001,5.066016037830603,3.6523017349043165,-0.4999999999999894,0.09371362484649204,0.25356601173179705,-3.552713678800501e-15,5.11817803147337,70,255,255,255
990,19.8,73.95534740429781,23.20569589198946,-19.910000000000007,5.067841056861665,3.6572647486765866,-0.4999999999999892,0.09125095155310792,0.2481506886135083,1.0824674490095276e-14,5.123414019229353,70,255,255,255
991,19.82,74.0567397414499,23.278938252260506,-19.920000000000005,5.069616857604363,3.6621180135521976,-0.49999999999998923,0.08879003713491951,0.2426632437805405,-4.052314039881821e-15,5.128650006985336,70,255,255,255
992,19.84,74.15816661248739,23.35227545924533,-19.930000000000007,5.07134355187481,3.6668603492411473,-0.4999999999999896,0.08633471352232025,0.23711678444749484,-1.8096635301390052e-14,5.133885994741319,70,255,255,255
993,19.86,74.2596270389544,23.425705275720482,-19.94000000000001,5.073021323350509,3.671490823757534,-0.4999999999999897,0.08388857378494396,0.23152372581933278,-2.7200464103316335e-15,5.139121982497302,70,255,255,255
994,19.88,74.3611200474137,23.499225450520733,-19.95000000000001,5.0746504229647815,3.676008740012485,-0.49999999999998945,0.08145498071365243,0.2258958127475359,1.1657341758564144e-14,5.144357970253284,70,255,255,255
995,19.900000000000002,74.4626446707031,23.572833722977446,-19.96000000000001,5.076231164469934,3.680413622835679,-0.4999999999999895,0.07903707525760861,0.22024414115970936,-3.219646771412954e-15,5.149593958009268,70,255,255,255
996,19.92,74.56419994910642,23.646527827105857,-19.97000000000001,5.0777639201661025,3.684705206420504,-0.4999999999999893,0.07663778480844297,0.2145791792412428,1.1157741397482823e-14,5.154829945765251,70,255,255,255
997,19.94,74.66578493144227,23.720305495549606,-19.980000000000008,5.079249116792713,3.688883422187526,-0.49999999999998906,0.07425983133055691,0.20891078835109722,1.049160758270773e-14,5.160065933521234,70,255,255,255
998,19.96,74.76739867607387,23.79416446329082,-19.990000000000006,5.080687231579337,3.692948387060586,-0.4999999999999892,0.07190573933118394,0.20324824365301497,-4.385380947269368e-15,5.165301921277217,70,255,255,255
999,19.98,74.86904025184292,23.86810247113381,-20.000000000000007,5.082078788452715,3.696900392149525,-0.49999999999998956,0.06957784366886166,0.19760025444695328,-1.8263168755083825e-14,5.1705379090332,70,255,255,255
1000,20.0,74.97070873893085,23.942117268970474,-20.01000000000001,5.083424354396643,3.700739891833248,-0.4999999999999896,0.06727829719638745,0.19197498418614423,-2.886579864025407e-15,5.175773896789183,70,255,255,255
1001,20.02,75.07240388950291,24.016216020534305,-20.02000000000001,5.0847575286025535,3.7049375781915557,-0.4999999999999894,0.06665871029553294,0.20988431791537288,1.149080830487037e-14,5.1810098845451655,70,255,255,255
1002,20.04,75.17412542793282,24.09040532540882,-20.03000000000001,5.086076921495998,3.7094652437257993,-0.4999999999999892,0.06596964467224797,0.2263832767121814,1.0824674490095276e-14,5.186245872301148,70,255,255,255
1003,20.06,75.27587305291136,24.164691242317232,-20.040000000000006,5.087381248927096,3.714295845420568,-0.49999999999998923,0.06521637155492765,0.24153008473842918,-4.052314039881821e-15,5.191481860057132,70,255,255,255
1004,20.080000000000002,75.37764643946936,24.239079311880104,-20.050000000000004,5.0886693278997,3.71940347814352,-0.4999999999999893,0.06440394863018373,0.25538163614758913,-3.885780586188048e-15,5.196717847813115,70,255,255,255
1005,20.1,75.47944524091726,24.313574578836516,-20.060000000000006,5.0899400723949615,3.7247633478206064,-0.4999999999999896,0.063537224763067,0.2679934838543008,-1.7930101847696278e-14,5.201953835569098,70,255,255,255
1006,20.12,75.58126909070306,24.38818161372538,-20.070000000000007,5.091192489290329,3.730351744443095,-0.49999999999998995,0.06262084476835383,0.27941983112443713,-1.6930901125533637e-14,5.207189823325081,70,255,255,255
1007,20.14,75.68311760419056,24.462904534024574,-20.08000000000001,5.092425674374763,3.736146014959666,-0.49999999999999,0.061659254221710924,0.2897135258285717,-1.7208456881689926e-15,5.212425811081064,70,255,255,255
1008,20.16,75.78499038035977,24.53774702474665,-20.09000000000001,5.093638808460785,3.742124536103849,-0.49999999999998973,0.06065670430109282,0.29892605720913457,1.2656542480726785e-14,5.217661798837047,70,255,255,255
1009,20.18,75.88688700343165,24.612712358490732,-20.100000000000012,5.094831153593762,3.7482666872041555,-0.4999999999999895,0.059617256648828665,0.30710755501533615,1.1823875212257917e-14,5.2228977865930295,70,255,255,255
1010,20.2,75.98880704441882,24.687803414951162,-20.11000000000001,5.096002049358662,3.754552823021458,-0.4999999999999893,0.05854478824504383,0.3143067908651296,1.1157741397482823e-14,5.228133774349012,70,255,255,255
1011,20.22,76.09075006260451,24.76302269988427,-20.120000000000008,5.097150909284349,3.760964246655429,-0.49999999999998906,0.05744299628434035,0.32057118169855814,1.049160758270773e-14,5.233369762104996,70,255,255,255
1012,20.240000000000002,76.19271560695142,24.838372363535456,-20.130000000000006,5.098277217345294,3.7674831825592556,-0.4999999999999892,0.05631540304723348,0.3259467951913244,-4.385380947269368e-15,5.238605749860979,70,255,255,255
1013,20.26,76.29470321744263,24.91385421852944,-20.140000000000008,5.099380524560482,3.7740927496992986,-0.49999999999998956,0.0551653607594238,0.3304783570021601,-1.8263168755083825e-14,5.243841737616962,70,255,255,255
1014,20.28,76.39671242635642,24.98946975722732,-20.15000000000001,5.100460445689116,3.7807769348939613,-0.4999999999999896,0.0539960564317008,0.3342092597331323,-2.886579864025407e-15,5.249077725372945,70,255,255,255
1015,20.3,76.49874275947687,25.065220168554593,-20.16000000000001,5.101516656022582,3.787520566363655,-0.4999999999999894,0.052810516673328145,0.33718157348468614,1.149080830487037e-14,5.254313713128928,70,255,255,255
1016,20.32,76.60079373724231,25.141106354305023,-20.17000000000001,5.102548888272058,3.7943092875215263,-0.4999999999999892,0.051611612473783985,0.3394360578935651,1.0824674490095276e-14,5.259549700884911,70,255,255,255
1017,20.34,76.70286487583333,25.217128944925673,-20.180000000000007,5.103556929550983,3.801129531032432,-0.49999999999998923,0.050402063946247466,0.34101217554528285,-4.052314039881821e-15,5.2647856886408935,70,255,255,255
1018,20.36,76.80495568820236,25.293288314788985,-20.190000000000005,5.104540618451545,3.807968493165572,-0.4999999999999893,0.049184445028084056,0.3419481066570098,-3.885780586188048e-15,5.270021676396876,70,255,255,255
1019,20.38,76.90706568504665,25.36958459695827,-20.200000000000003,5.105499842214204,3.8148141084642,-0.49999999999998934,0.04796118813295447,0.34228076493139525,-3.7192471324942744e-15,5.27525766415286,70,255,255,255
1020,20.400000000000002,77.00919437572644,25.446017697453346,-20.210000000000004,5.106434533989215,3.82165502475391,-0.49999999999999,0.04673458875053704,0.3420458144854881,-3.197442310920451e-14,5.280493651908843,70,255,255,255
1021,20.42,77.11134126913022,25.52258730902353,-20.220000000000006,5.107344670188995,3.8284805785091716,-0.49999999999999034,0.04550680998901058,0.34127768776309164,-1.5765166949677223e-14,5.285729639664826,70,255,255,255
1022,20.44,77.21350587448883,25.59929292443545,-20.230000000000008,5.108230267930139,3.8352807705960443,-0.49999999999999034,0.04427988705719965,0.3400096043436327,-5.551115123125783e-16,5.290965627420809,70,255,255,255
1023,20.46,77.31568770214011,25.676133849283595,-20.24000000000001,5.109091382563779,3.842046242407292,-0.49999999999999034,0.04305573168199661,0.33827359056238526,-5.551115123125783e-16,5.296201615176792,70,255,255,255
1024,20.48,77.41788626424596,25.753109214331687,-20.25000000000001,5.109928105292952,3.8487682524045543,-0.49999999999999034,0.041836136458631046,0.33610049986311585,-5.551115123125783e-16,5.301437602932775,70,255,255,255
1025,20.5,77.52010107546347,25.8302179873933,-20.260000000000012,5.110740560875559,3.855438653080675,-0.49999999999999006,0.040622779130360165,0.33352003380601447,1.3655743202889425e-14,5.306673590688757,70,255,255,255
1026,20.52,77.6223316535717,25.90745898476038,-20.270000000000014,5.111528905411463,3.8620498683538393,-0.4999999999999895,0.039417226795176674,0.3305607636582386,2.7033930649622562e-14,5.31190957844474,70,255,255,255
1027,20.54,77.72457752005595,25.984830882188454,-20.280000000000012,5.112293324212207,3.868594871403789,-0.499999999999989,0.0382209400372,0.3272501524974909,2.5368596112684827e-14,5.317145566200723,70,255,255,255
1028,20.56,77.82683820065098,26.062332225447634,-20.29000000000001,5.11303402975182,3.875067162959037,-0.49999999999998884,0.03703527698068054,0.3236145777623922,9.658940314238862e-15,5.322381553956706,70,255,255,255
1029,20.580000000000002,77.92911322584493,26.139961440448488,-20.300000000000008,5.113751259697109,3.881460750042778,-0.4999999999999887,0.035861497264413345,0.31967935418703197,9.159339953157541e-15,5.32761754171269,70,255,255,255
1030,20.6,78.03140213134525,26.217716842952168,-20.310000000000006,5.114445275015817,3.887770125183967,-0.4999999999999888,0.0347007659354297,0.31546875705944677,-5.551115123125783e-15,5.3328535294686725,70,255,255,255
1031,20.62,78.13370445850846,26.295596647874145,-20.320000000000004,5.115116358161031,3.893990246098931,-0.4999999999999892,0.03355415726070721,0.31100604574821444,-1.942890293094024e-14,5.338089517224655,70,255,255,255
1032,20.64,78.23601975473507,26.3735989781911,-20.330000000000005,5.115764811330129,3.9001165158477806,-0.49999999999998956,0.03242265845487058,0.30631348744246756,-1.8263168755083825e-14,5.343325504980639,70,255,255,255
1033,20.66,78.338347573831,26.451721873460478,-20.340000000000007,5.116390954796605,3.9061447634688835,-0.4999999999999896,0.03130717332382016,0.3014123810551368,-2.886579864025407e-15,5.348561492736621,70,255,255,255
1034,20.68,78.44068747633726,26.529963297962354,-20.35000000000001,5.116995125313072,3.912071225093711,-0.4999999999999897,0.03020852582332534,0.29632308124137374,-2.7200464103316335e-15,5.353797480492604,70,255,255,255
1035,20.7,78.54303902982893,26.608321148473223,-20.36000000000001,5.117577674583703,3.9178925255434396,-0.49999999999998973,0.02912746353155704,0.29106502248644395,-2.55351295663786e-15,5.359033468248587,70,255,255,255
1036,20.72,78.64540180918502,26.68679326168138,-20.37000000000001,5.118138967804416,3.923605660407856,-0.4999999999999895,0.028064661035640093,0.28565674322083545,1.1823875212257917e-14,5.36426945600457,70,255,255,255
1037,20.740000000000002,78.74777539683039,26.765377421253508,-20.38000000000001,5.118679382269054,3.9292079786062972,-0.4999999999999893,0.027020723231888866,0.28011590992205715,1.1157741397482823e-14,5.369505443760554,70,255,255,255
1038,20.76,78.85015938295119,26.8440713645621,-20.390000000000008,5.119199306039837,3.934697165429603,-0.49999999999998934,0.025996188539146203,0.2744593411652798,-3.7192471324942744e-15,5.3747414315165365,70,255,255,255
1039,20.78,78.95255336568479,26.92287278908333,-20.40000000000001,5.119699136680363,3.9400712260613635,-0.4999999999999894,0.024991532026271024,0.26870303158804454,-3.552713678800501e-15,5.379977419272519,70,255,255,255
1040,20.8,79.05495695128577,27.00177935847485,-20.410000000000007,5.120179280049422,3.9453284695760615,-0.4999999999999892,0.024007168452952143,0.26286217573490767,1.0824674490095276e-14,5.385213407028503,70,255,255,255
1041,20.82,79.15736975426886,27.08078870834307,-20.420000000000005,5.120640149153912,3.950467493411097,-0.49999999999998923,0.023043455224514453,0.2569511917517735,-4.052314039881821e-15,5.390449394784485,70,255,255,255
1042,20.84,79.25979139753004,27.159898451709253,-20.430000000000007,5.12108216305914,3.9554871683091135,-0.4999999999999896,0.022100695261383585,0.25098374490083186,-1.8096635301390052e-14,5.395685382540468,70,255,255,255
1043,20.86,79.36222151244714,27.239106184183782,-20.44000000000001,5.1215057458548126,3.9603866237264955,-0.4999999999999897,0.02117913978364694,0.24497277086911007,-2.7200464103316335e-15,5.400921370296451,70,255,255,255
1044,20.88,79.46465973896063,27.31840948885785,-20.45000000000001,5.121911325675031,3.965165233703414,-0.49999999999998945,0.020278991010903802,0.23893049884590178,1.1657341758564144e-14,5.406157358052434,70,255,255,255
1045,20.900000000000002,79.56710572563604,27.397805940921657,-20.46000000000001,5.12229933377061,3.9698226031903334,-0.4999999999999895,0.01940040477897753,0.23286847434598013,-3.219646771412954e-15,5.411393345808418,70,255,255,255
1046,20.92,79.66955912970869,27.477293112018167,-20.47000000000001,5.122670203632076,3.9743585548254745,-0.4999999999999893,0.0185434930732864,0.22679758175704512,1.1157741397482823e-14,5.4166293335644005,70,255,255,255
1047,20.94,79.77201961711192,27.556868574341312,-20.480000000000008,5.123024370161695,3.978773116157327,-0.49999999999998906,0.017708326480964764,0.22072806659263788,1.049160758270773e-14,5.421865321320383,70,255,255,255
1048,20.96,79.87448686248977,27.636529904487432,-20.490000000000006,5.123362268892932,3.983066507305958,-0.4999999999999892,0.01689493656183494,0.21466955743155358,-4.385380947269368e-15,5.427101309076367,70,255,255,255
1049,20.98,79.97696054919489,27.716274687068562,-20.500000000000007,5.12368433525572,3.9872391290565226,-0.49999999999998956,0.01610331813938526,0.20863108752822157,-1.8263168755083825e-14,5.432337296832349,70,255,255,255
1050,21.0,80.0794403692726,27.796100518096125,-20.51000000000001,5.123991003885985,3.991291551378104,-0.4999999999999896,0.015333431513247398,0.20262111607906164,-2.886579864025407e-15,5.437573284588332,70,255,255,255
1051,21.02,80.18192422746226,27.876014260269788,-20.52000000000001,5.124192909482893,3.9956871086831773,-0.4999999999999894,0.010095279845428351,0.21977786525366794,1.149080830487037e-14,5.442809272344315,70,255,255,255
1052,21.04,80.28441014775785,27.956022223869407,-20.53000000000001,5.124296014779492,4.000398179981046,-0.4999999999999892,0.0051552648299209025,0.23555356489339996,1.0824674490095276e-14,5.448045260100297,70,255,255,255
1053,21.06,80.38689626941436,28.036130189803767,-20.540000000000006,5.124306082825323,4.005398296718065,-0.49999999999998923,0.0005034022916063918,0.2500058368509315,-4.052314039881821e-15,5.453281247856281,70,255,255,255
1054,21.080000000000002,80.4893808430093,28.11634343212339,-20.550000000000004,5.124228679746563,4.0106621159811064,-0.4999999999999893,-0.0038701539380276984,0.26319096315209567,-3.885780586188048e-15,5.458517235612264,70,255,255,255
1055,21.1,80.59186222656241,28.196666739993546,-20.560000000000006,5.12406917765561,4.016165393507788,-0.4999999999999896,-0.007975104547640832,0.2751638763340818,-1.7930101847696278e-14,5.463753223368247,70,255,255,255
1056,21.12,80.69433888171635,28.27710443912471,-20.570000000000007,5.123832757696542,4.021884956558249,-0.49999999999998995,-0.011820997953380541,0.28597815252302894,-1.6930901125533637e-14,5.46898921112423,70,255,255,255
1057,21.14,80.79680936998062,28.357660412658714,-20.58000000000001,5.123524413213381,4.02779867670018,-0.49999999999999,-0.015417224158071008,0.2956860070965952,-1.7208456881689926e-15,5.474225198880213,70,255,255,255
1058,21.16,80.8992723490412,28.43833812150983,-20.59000000000001,5.1231489530287435,4.033885442555868,-0.49999999999998973,-0.018773009231834337,0.3043382927843865,1.2656542480726785e-14,5.479461186636196,70,255,255,255
1059,21.18,81.00172656913762,28.519140624160972,-20.600000000000012,5.122711004821016,4.040125132557117,-0.4999999999999895,-0.021897410386376492,0.3119845000624597,1.1823875212257917e-14,5.484697174392179,70,255,255,255
1060,21.2,81.10417086950939,28.600070595915994,-20.61000000000001,5.122215018588716,4.046498587751192,-0.4999999999999893,-0.02479931161502158,0.31867275970375974,1.1157741397482823e-14,5.489933162148161,70,255,255,255
1061,21.22,81.20660417491321,28.681130347609958,-20.620000000000008,5.121665270191289,4.052987584698213,-0.49999999999998906,-0.02748741987135972,0.32444984735104576,1.049160758270773e-14,5.495169149904145,70,255,255,255
1062,21.240000000000002,81.30902549221233,28.762321843779915,-20.630000000000006,5.12106586495608,4.0595748084978895,-0.4999999999999892,-0.02997026176045825,0.3293611899837918,-4.385380947269368e-15,5.500405137660128,70,255,255,255
1063,21.26,81.41143390703917,28.843646720299535,-20.640000000000008,5.12042074134173,4.0662438259809806,-0.49999999999998956,-0.03225618071745373,0.33345087415453634,-1.8263168755083825e-14,5.505641125416111,70,255,255,255
1064,21.28,81.51382858053215,28.925106301481506,-20.65000000000001,5.1197336746487725,4.072979059098508,-0.4999999999999896,-0.034353334647918565,0.3367616558763995,-2.886579864025407e-15,5.510877113172094,70,255,255,255
1065,21.3,81.61620874614752,29.006701616652293,-20.66000000000001,5.119008280768631,4.079765758539419,-0.4999999999999894,-0.036269694007118325,0.33933497204553476,1.149080830487037e-14,5.516113100928077,70,255,255,255
1066,21.32,81.71857370654678,29.088433416204396,-20.67000000000001,5.118248019962744,4.086589977605204,-0.4999999999999892,-0.038013040294331724,0.34121095328925577,1.0824674490095276e-14,5.52134908868406,70,255,255,255
1067,21.34,81.82092283056005,29.170302187131753,-20.680000000000007,5.117456200663947,4.0934385463678655,-0.49999999999998923,-0.03959096493984848,0.3424284381330933,-4.052314039881821e-15,5.526585076440043,70,255,255,255
1068,21.36,81.9232555502259,29.252308168054466,-20.690000000000005,5.116635983292692,4.1002990461355715,-0.4999999999999893,-0.041010868562700864,0.34302498838529427,-3.885780586188048e-15,5.531821064196025,70,255,255,255
1069,21.38,82.02557135790752,29.334451363739433,-20.700000000000003,5.115790384081122,4.10715978424839,-0.49999999999998934,-0.04227996057849914,0.34303690564092815,-3.7192471324942744e-15,5.537057051952009,70,255,255,255
1070,21.400000000000002,82.1278698034855,29.416731559123924,-20.710000000000004,5.114922278898395,4.114009769224635,-0.49999999999999,-0.04340525913636295,0.3424992488122651,-3.197442310920451e-14,5.542293039707992,70,255,255,255
1071,21.42,82.23015049162692,29.499148332849455,-20.720000000000006,5.11403440707107,4.120838686276539,-0.49999999999999034,-0.044393591366223006,0.34144585259516447,-1.5765166949677223e-14,5.547529027463975,70,255,255,255
1072,21.44,82.33241307913077,29.5817010703137,-20.730000000000008,5.113129375192749,4.1276368732122775,-0.49999999999999034,-0.04525159391607847,0.33990934678694984,-5.551115123125783e-16,5.552765015219958,70,255,255,255
1073,21.46,82.43465727234913,29.664388976248492,-20.74000000000001,5.112209660917495,4.134395296739725,-0.49999999999999034,-0.04598571376269778,0.3379211763723591,-5.551115123125783e-16,5.558001002975941,70,255,255,255
1074,21.48,82.53688282468377,29.747211086832205,-20.75000000000001,5.1112776167319645,4.141105529185734,-0.49999999999999034,-0.04660220927650549,0.3355116223004435,-5.551115123125783e-16,5.563236990731924,70,255,255,255
1075,21.5,82.6390895341578,29.830166281345072,-20.760000000000012,5.110335473701472,4.147759725643278,-0.49999999999999006,-0.04710715152464218,0.3327098228771801,1.3655743202889425e-14,5.568472978487907,70,255,255,255
1076,21.52,82.74127724106151,29.91325329337622,-20.770000000000014,5.109385345185563,4.154350601557331,-0.4999999999999895,-0.04750642579544362,0.3295437957026852,2.7033930649622562e-14,5.573708966243889,70,255,255,255
1077,21.54,82.84344582567189,29.9964707215914,-20.780000000000012,5.10842923051899,4.160871410759042,-0.499999999999989,-0.04780573332869498,0.3260404600855402,2.5368596112684827e-14,5.578944953999872,70,255,255,255
1078,21.56,82.94559520604498,30.07981704007053,-20.79000000000001,5.107469018654257,4.167315923956428,-0.49999999999998884,-0.04801059323665324,0.3222256598692814,9.658940314238862e-15,5.584180941755855,70,255,255,255
1079,21.580000000000002,83.04772533588023,30.163290608224305,-20.800000000000008,5.1065064917622385,4.173678407688634,-0.4999999999999887,-0.048126344600915694,0.3181241866102793,9.159339953157541e-15,5.589416929511839,70,255,255,255
1080,21.6,83.14983620245599,30.246889680299297,-20.810000000000006,5.105543328787599,4.179953603749597,-0.4999999999999888,-0.04815814873199553,0.31375980304816675,-5.551115123125783e-15,5.594652917267822,70,255,255,255
1081,21.62,83.2519278246351,30.330612414481013,-20.820000000000004,5.1045811089560535,4.186136709085895,-0.4999999999999892,-0.048110991577253515,0.30915526681490757,-1.942890293094024e-14,5.599888905023804,70,255,255,255
1082,21.64,83.35400025093972,30.414456881604462,-20.830000000000005,5.103621315230749,4.19222335617247,-0.49999999999998956,-0.04798968626523514,0.30433235432875083,-1.8263168755083825e-14,5.605124892779788,70,255,255,255
1083,21.66,83.45605355769402,30.49842107348184,-20.840000000000007,5.10266533771527,4.198209593868968,-0.4999999999999896,-0.04779887577393804,0.2993118848248475,-2.886579864025407e-15,5.6103608805357705,70,255,255,255
1084,21.68,83.55808784723403,30.58250291085701,-20.85000000000001,5.101714477001053,4.204091868758477,-0.4999999999999897,-0.047543035710852166,0.294113744475446,-2.7200464103316335e-15,5.615596868291753,70,255,255,255
1085,21.7,83.66010324618318,30.666700250996403,-20.86000000000001,5.100769947457165,4.209867006969594,-0.49999999999998973,-0.04722647719441131,0.2887569105558425,-2.55351295663786e-15,5.620832856047736,70,255,255,255
1086,21.72,83.7620999037924,30.75101089492604,-20.87000000000001,5.099832880460655,4.215532196481885,-0.4999999999999895,-0.04685334982549261,0.2832594756145186,1.1823875212257917e-14,5.626068843803719,70,255,255,255
1087,21.740000000000002,83.86407799034372,30.83543259432432,-20.88000000000001,5.098904327565876,4.2210849699140605,-0.4999999999999893,-0.04642764473893912,0.2776386716087762,1.1157741397482823e-14,5.631304831559703,70,255,255,255
1088,21.76,83.96603769561594,30.91996305808019,-20.890000000000008,5.097985263611355,4.226523187793435,-0.49999999999998934,-0.04595319772600348,0.2719108939687285,-3.7192471324942744e-15,5.636540819315686,70,255,255,255
1089,21.78,84.0679792274112,31.00459995852628,-20.90000000000001,5.097076589763006,4.23184502230457,-0.4999999999999894,-0.04543369241748252,0.26609172555673233,-3.552713678800501e-15,5.641776807071668,70,255,255,255
1090,21.8,84.16990281014105,31.089340937356567,-20.910000000000007,5.096179136492613,4.237048941514341,-0.4999999999999892,-0.044872663519632816,0.2601959604885611,1.0824674490095276e-14,5.647012794827652,70,255,255,255
1091,21.82,84.27180868347087,31.174183611237968,-20.920000000000005,5.095293666490733,4.2421336940700956,-0.49999999999998923,-0.04427350009401643,0.2542376277877185,-4.052314039881821e-15,5.6522487825836345,70,255,255,255
1092,21.84,84.37369710102114,31.259125577125307,-20.930000000000007,5.094420877513257,4.247098294366984,-0.4999999999999896,-0.043639448873775244,0.24823001484445406,-1.8096635301390052e-14,5.657484770339617,70,255,255,255
1093,21.86,84.47556832912436,31.34416441728891,-20.94000000000001,5.093561405161085,4.251942008180065,-0.4999999999999897,-0.04297361760858376,0.2421856906540345,-2.7200464103316335e-15,5.6627207580956,70,255,255,255
1094,21.88,84.5774226456362,31.429297704064034,-20.95000000000001,5.092715825592463,4.256664338756265,-0.49999999999998945,-0.042278978431101955,0.2361165288099869,1.1657341758564144e-14,5.667956745851583,70,255,255,255
1095,21.900000000000002,84.67926033879955,31.514523004331252,-20.96000000000001,5.091884658167689,4.261265013360876,-0.4999999999999895,-0.04155837123871731,0.23003373023056284,-3.219646771412954e-15,5.673192733607567,70,255,255,255
1096,21.92,84.78108170616007,31.599837883736708,-20.97000000000001,5.09106836802601,4.265743970272825,-0.4999999999999893,-0.04081450708393497,0.22394784559745684,1.1157741397482823e-14,5.67842872136355,70,255,255,255
1097,21.94,84.88288705353196,31.68523991066116,-20.980000000000008,5.0902673685946676,4.270101346222613,-0.49999999999998906,-0.040049971567106546,0.21786879748938848,1.049160758270773e-14,5.683664709119532,70,255,255,255
1098,21.96,84.98467669401256,31.77072665994649,-20.990000000000006,5.089482024030131,4.274337464266449,-0.4999999999999892,-0.03926722822680517,0.21180590219183326,-4.385380947269368e-15,5.688900696875516,70,255,255,255
1099,21.98,85.0864509470444,31.856295716388285,-21.000000000000007,5.088712651591695,4.278452822089822,-0.49999999999998956,-0.03846862192176381,0.2057678911686045,-1.8263168755083825e-14,5.6941366846314985,70,255,255,255
1100,22.0,85.18821013752336,31.941944678002955,-21.01000000000001,5.0879595239476965,4.28244808073344,-0.4999999999999896,-0.037656382199944716,0.19976293218091,-2.886579864025407e-15,5.699372672387481,70,255,255,255
1101,22.02,85.28995046555141,32.02767963111431,-21.02000000000001,5.087016401402603,4.286747655567798,-0.4999999999999894,-0.047156127254696756,0.2149787417179212,1.149080830487037e-14,5.704608660143464,70,255,255,255
1102,22.04,85.39166838940434,32.11350615928034,-21.03000000000001,5.085896192646553,4.2913264083017175,-0.4999999999999892,-0.05601043780250503,0.22893763669596545,1.0824674490095276e-14,5.709844647899447,70,255,255,255
1103,22.06,85.49336061570807,32.19942936452548,-21.040000000000006,5.084611315186213,4.2961602622568495,-0.49999999999998923,-0.06424387301699408,0.24169269775661473,-4.052314039881821e-15,5.71508063565543,70,255,255,255
1104,22.080000000000002,85.59502408980703,32.28545388806935,-21.050000000000004,5.08317370494778,4.301226177193596,-0.4999999999999893,-0.07188051192167944,0.25329574683728673,-3.885780586188048e-15,5.720316623411414,70,255,255,255
1105,22.1,85.69665598632851,32.37158393054913,-21.060000000000006,5.081594826074317,4.306502123989158,-0.4999999999999896,-0.07894394367311897,0.26379733977810016,-1.7930101847696278e-14,5.725552611167396,70,255,255,255
1106,22.12,85.79825369994632,32.457823271733474,-21.070000000000007,5.079885680890127,4.311967059217134,-0.49999999999998995,-0.08545725920951952,0.2732467613988483,-1.6930901125533637e-14,5.73078859892338,70,255,255,255
1107,22.14,85.89981483634644,32.54417528972698,-21.08000000000001,5.078056820006146,4.317600899675216,-0.49999999999999,-0.09144304419909144,0.2816920229040658,-1.7208456881689926e-15,5.736024586679362,70,255,255,255
1108,22.16,86.00133720339727,32.630642979665076,-21.09000000000001,5.076118352541776,4.323384496904862,-0.49999999999998973,-0.09692337321849198,0.28917986148233155,1.2656542480726785e-14,5.741260574435345,70,255,255,255
1109,22.18,86.10281880252606,32.717228971899964,-21.100000000000012,5.074079956439784,4.329299611744213,-0.4999999999999895,-0.10191980509963283,0.2957557419675618,1.1823875212257917e-14,5.746496562191328,70,255,255,255
1110,22.2,86.2042578203031,32.803935549679025,-21.11000000000001,5.07195088885219,4.335328888952943,-0.4999999999999893,-0.10645337937966914,0.3014638604364883,1.1157741397482823e-14,5.751732549947311,70,255,255,255
1111,22.22,86.30565262023462,32.890764666317935,-21.120000000000008,5.069739996576271,4.341455831945355,-0.49999999999998906,-0.11054461379595981,0.3063471496206125,1.049160758270773e-14,5.756968537703294,70,255,255,255
1112,22.240000000000002,86.40700173476505,32.97771796187125,-21.130000000000006,5.0674557265209685,4.347664777665642,-0.4999999999999892,-0.11421350276511077,0.3104472860143259,-4.385380947269368e-15,5.7622045254592775,70,255,255,255
1113,22.26,86.50830385748876,33.06479677930399,-21.140000000000008,5.065106136185133,4.353940871636977,-0.49999999999998956,-0.11747951679180613,0.31380469856676285,-1.8263168755083825e-14,5.76744051321526,70,255,255,255
1114,22.28,86.60955783557135,33.15200218016827,-21.15000000000001,5.062698904130133,4.360270043213944,-0.4999999999999896,-0.12036160274999297,0.3164585788483265,-2.886579864025407e-15,5.772676500971244,70,255,255,255
1115,22.3,86.71076266237996,33.23933495978958,-21.16000000000001,5.060241340430407,4.366638981065681,-0.4999999999999894,-0.12287818498629033,0.3184468925868451,1.149080830487037e-14,5.777912488727226,70,255,255,255
1116,22.32,86.81191747032169,33.326795661967886,-21.17000000000001,5.057740397086557,4.37303510891514,-0.4999999999999892,-0.12504716719247622,0.3198063924729402,1.0824674490095276e-14,5.783148476483209,70,255,255,255
1117,22.34,86.91302152388943,33.414384593199046,-21.180000000000007,5.055202678386584,4.379446561557897,-0.49999999999998923,-0.12688593499868706,0.3205726321378721,-4.052314039881821e-15,5.788384464239192,70,255,255,255
1118,22.36,87.01407421291346,33.50210183642269,-21.190000000000005,5.052634451201771,4.385862161182128,-0.4999999999999893,-0.1284113592406344,0.32077998121151996,-3.885780586188048e-15,5.793620451995175,70,255,255,255
1119,22.38,87.11507504601755,33.58994726430288,-21.200000000000003,5.050041655204708,4.392271394009543,-0.49999999999998934,-0.12963979985317575,0.3204616413707839,-3.7192471324942744e-15,5.798856439751158,70,255,255,255
1120,22.400000000000002,87.21602364427751,33.677920552048384,-21.210000000000004,5.047429912997723,4.398664387275431,-0.49999999999999,-0.13058711034922332,0.3196496632943937,-3.197442310920451e-14,5.8040924275071415,70,255,255,255
1121,22.42,87.31691973508033,33.76602118977967,-21.220000000000006,5.044804540140944,4.405031886564256,-0.49999999999999034,-0.13126864283897355,0.3183749644412375,-1.5765166949677223e-14,5.809328415263124,70,255,255,255
1122,22.44,87.41776314618173,33.85424849444999,-21.230000000000008,5.042170555069927,4.411365233515779,-0.49999999999999034,-0.13169925355083123,0.31666734757614545,-5.551115123125783e-16,5.814564403019108,70,255,255,255
1123,22.46,87.5185537999596,33.94260162132829,-21.24000000000001,5.039532688893643,4.417656343915116,-0.49999999999999034,-0.13189330881421757,0.3145555199668584,-5.551115123125783e-16,5.81980039077509,70,255,255,255
1124,22.48,87.6192917078609,34.03107957505187,-21.25000000000001,5.036895395064287,4.423897686178759,-0.49999999999999034,-0.13186469146779167,0.31206711318216307,-5.551115123125783e-16,5.825036378531073,70,255,255,255
1125,22.5,87.71997696503912,34.119681220256815,-21.260000000000012,5.034262858911172,4.430082260247229,-0.49999999999999006,-0.13162680765574652,0.30922870342346,1.3655743202889425e-14,5.830272366287056,70,255,255,255
1126,22.52,87.82060974517975,34.20840529179469,-21.270000000000014,5.0316390070315675,4.436203576893726,-0.4999999999999895,-0.1311925939802272,0.3060658323248262,2.7033930649622562e-14,5.835508354043039,70,255,255,255
1127,22.54,87.9211902955104,34.29725040454383,-21.280000000000012,5.029027516532071,4.442255637456933,-0.499999999999989,-0.13057452497484245,0.30260302816036244,2.5368596112684827e-14,5.840744341799022,70,255,255,255
1128,22.56,88.0217189319927,34.38621506282393,-21.29000000000001,5.026431824114675,4.448232914004947,-0.49999999999998884,-0.1297846208698008,0.29886382740073625,9.658940314238862e-15,5.845980329555005,70,255,255,255
1129,22.580000000000002,88.12219603469273,34.47529766942265,-21.300000000000008,5.0238551350023215,4.454130329936205,-0.4999999999999887,-0.1288344556176524,0.2948707965628916,9.159339953157541e-15,5.851216317310988,70,255,255,255
1130,22.6,88.22262204332672,34.5644965342431,-21.310000000000006,5.021300431699289,4.459943241022221,-0.4999999999999888,-0.12773516515161187,0.2906455543007871,-5.551115123125783e-15,5.856452305066972,70,255,255,255
1131,22.62,88.32299745297837,34.653809882581015,-21.320000000000004,5.018770482582301,4.465667416895971,-0.4999999999999892,-0.12649745584938277,0.2862087936874822,-1.942890293094024e-14,5.861688292822954,70,255,255,255
1132,22.64,88.42332280998474,34.74323586304079,-21.330000000000005,5.016267850318783,4.471299022988793,-0.49999999999998956,-0.12513161317586796,0.28158030464112116,-1.8263168755083825e-14,5.866924280578937,70,255,255,255
1133,22.66,88.52359870798692,34.83277255509914,-21.340000000000007,5.013794900109149,4.476834602917795,-0.4999999999999896,-0.12364751048170675,0.27677899645009507,-2.886579864025407e-15,5.8721602683349206,70,255,255,255
1134,22.68,88.62382578414193,34.92241797632564,-21.35000000000001,5.011353807750501,4.482271061324919,-0.4999999999999897,-0.12205461793238559,0.2718229203562066,-2.7200464103316335e-15,5.877396256090903,70,255,255,255
1135,22.7,88.72400471549231,35.012170089269,-21.36000000000001,5.008946567519553,4.487605647168027,-0.49999999999998973,-0.1203620115473889,0.266729292155393,-2.55351295663786e-15,5.882632243846886,70,255,255,255
1136,22.72,88.82413621548977,35.10202680801827,-21.37000000000001,5.006574999873013,4.49283593746361,-0.4999999999999895,-0.11857838232699791,0.261514514779166,1.1823875212257917e-14,5.8878682316028685,70,255,255,255
1137,22.740000000000002,88.92422103066906,35.19198600444788,-21.38000000000001,5.004240758964053,4.497959821480049,-0.4999999999999893,-0.11671204544802194,0.25619420082193667,1.1157741397482823e-14,5.893104219358852,70,255,255,255
1138,22.76,89.02425993746854,35.28204551415547,-21.390000000000008,5.00194533997387,4.502975485379664,-0.49999999999998934,-0.11477094950914513,0.2507831949807331,-3.7192471324942744e-15,5.898340207114836,70,255,255,255
1139,22.78,89.12425373919369,35.37220314210162,-21.40000000000001,4.99969008625772,4.507881397307225,-0.4999999999999894,-0.11276268580744375,0.2452955963780452,-3.552713678800501e-15,5.903576194870818,70,255,255,255
1140,22.8,89.22420326311979,35.462456667960055,-21.410000000000007,4.997476196305111,4.512676292921971,-0.4999999999999892,-0.11069449763050088,0.23974478073732897,1.0824674490095276e-14,5.908812182626801,70,255,255,255
1141,22.82,89.32410935773008,35.55280385118745,-21.420000000000005,4.995304730514152,4.517359161369688,-0.49999999999998923,-0.10857328954792855,0.23414342238587427,-4.052314039881821e-15,5.9140481703827845,70,255,255,255
1142,22.84,89.4239728900857,35.643242435821264,-21.430000000000007,4.99317661778041,4.521929231690883,-0.4999999999999896,-0.10640563668712932,0.2285035160597042,-1.8096635301390052e-14,5.919284158138767,70,255,255,255
1143,22.86,89.5237947433237,35.733770155014476,-21.44000000000001,4.991092661900826,4.52638595966063,-0.4999999999999897,-0.10419779397921314,0.222836398487388,-2.7200464103316335e-15,5.92452014589475,70,255,255,255
1144,22.88,89.62357581427958,35.82438473531558,-21.45000000000001,4.989053547793557,4.530729015055267,-0.49999999999998945,-0.1019557053634248,0.21715276973182895,1.1657341758564144e-14,5.9297561336507325,70,255,255,255
1145,22.900000000000002,89.72331701123028,35.9150839007024,-21.46000000000001,4.987059847534839,4.534958269340669,-0.4999999999999895,-0.09968501293590393,0.21146271427010532,-3.219646771412954e-15,5.934992121406716,70,255,255,255
1146,22.92,89.82301925175456,36.005865376377926,-21.47000000000001,4.9851120262141695,4.539073783776533,-0.4999999999999893,-0.09739106603347558,0.20577572179316483,1.1157741397482823e-14,5.9402281091627,70,255,255,255
1147,22.94,89.92268346070675,36.09672689233654,-21.480000000000008,4.98321044760938,4.543075797930733,-0.49999999999998906,-0.09507893023944636,0.20010070771002475,1.049160758270773e-14,5.945464096918682,70,255,255,255
1148,22.96,90.02231056830041,36.18766618670849,-21.490000000000006,4.9813553796832855,4.546964718597523,-0.4999999999999892,-0.09275339630475976,0.19444603333949484,-4.385380947269368e-15,5.950700084674666,70,255,255,255
1149,22.98,90.12190150829849,36.27868100889075,-21.500000000000007,4.979546999903846,4.550741109113081,-0.49999999999998956,-0.0904189889719813,0.18881952577788308,-1.8263168755083825e-14,5.9559360724306485,70,255,255,255
1150,23.0,90.22145721630629,36.369769122471986,-21.51000000000001,4.977785400389908,4.554405679061655,-0.4999999999999896,-0.08807997569689974,0.1832284974287015,-2.886579864025407e-15,5.961172060186631,70,255,255,255
1151,23.02,90.3209724467452,36.46093542255089,-21.52000000000001,4.9757615219456675,4.558315003945053,-0.4999999999999894,-0.10119392221202617,0.19546624416987335,1.149080830487037e-14,5.966408047942614,70,255,255,255
1152,23.04,90.42044233353545,36.55218438542184,-21.53000000000001,4.973494339512455,4.56244814354737,-0.4999999999999892,-0.113359121660638,0.20665698011587974,1.0824674490095276e-14,5.9716440356985965,70,255,255,255
1153,23.06,90.51986237511188,36.64352008654108,-21.540000000000006,4.971002078821501,4.56678505596211,-0.49999999999998923,-0.12461303454773276,0.21684562073696778,-4.052314039881821e-15,5.97688002345458,70,255,255,255
1154,23.080000000000002,90.61922841975559,36.734946218056294,-21.550000000000004,4.968302232185376,4.571306575760663,-0.4999999999999893,-0.1349923318062496,0.22607598992765165,-3.885780586188048e-15,5.982116011210564,70,255,255,255
1155,23.1,90.7185366512459,36.82646610589766,-21.560000000000006,4.965411574515407,4.575994392068322,-0.4999999999999896,-0.14453288349843252,0.234390815382981,-1.7930101847696278e-14,5.987351998966546,70,255,255,255
1156,23.12,90.81778357483641,36.918082726429425,-21.570000000000007,4.9623461795258965,4.58083102658845,-0.49999999999998995,-0.15326974947551975,0.24183172600638247,-1.6930901125533637e-14,5.992587986722529,70,255,255,255
1157,23.14,90.91696600355817,37.009798722661685,-21.58000000000001,4.959121436088002,4.585799811613065,-0.49999999999999,-0.1612371718947303,0.2484392512307423,-1.7208456881689926e-15,5.9978239744785125,70,255,255,255
1158,23.16,91.01608104485213,37.1016164200228,-21.59000000000001,4.9557520646981255,4.590884868055859,-0.49999999999998973,-0.16846856949383682,0.2542528221396987,1.2656542480726785e-14,6.003059962234495,70,255,255,255
1159,23.18,91.11512608753269,37.193537841693626,-21.600000000000012,4.95225213402761,4.596071083541433,-0.4999999999999895,-0.17499653352577837,0.2593107742786662,1.1823875212257917e-14,6.008295949990478,70,255,255,255
1160,23.2,91.21409878908314,37.285564723505274,-21.61000000000001,4.948635077522367,4.601344090582442,-0.4999999999999893,-0.18085282526215352,0.26365035205048226,1.1157741397482823e-14,6.01353193774646,70,255,255,255
1161,23.22,91.31299706328359,37.37769852840276,-21.620000000000008,4.944913710022887,4.6066902448742955,-0.49999999999998906,-0.18606837497397777,0.26730771459267366,1.049160758270773e-14,6.018767925502444,70,255,255,255
1162,23.240000000000002,91.41181906817113,37.46994046047746,-21.630000000000006,4.941100244376828,4.612096603735077,-0.4999999999999892,-0.19067328230297864,0.27031794303906764,-4.385380947269368e-15,6.0240039132584275,70,255,255,255
1163,23.26,91.51056319433148,37.56229147857179,-21.640000000000008,4.9372063080180135,4.617550904716473,-0.49999999999998956,-0.19469681794069693,0.2727150490697623,-1.8263168755083825e-14,6.02923990101441,70,255,255,255
1164,23.28,91.60922805352124,37.65475230945998,-21.65000000000001,4.9332429594873854,4.623041544409674,-0.4999999999999896,-0.1981674265314206,0.2745319846600811,-2.886579864025407e-15,6.034475888770393,70,255,255,255
1165,23.3,91.7078124676187,37.74732346060935,-21.66000000000001,4.9292207048729,4.628557557468465,-0.4999999999999894,-0.20111273072423952,0.2758006529395436,1.149080830487037e-14,6.039711876526376,70,255,255,255
1166,23.32,91.80631545790163,37.84000523252675,-21.67000000000001,4.925149514146973,4.634088595870015,-0.4999999999999892,-0.20355953629636758,0.2765519200774955,1.0824674490095276e-14,6.044947864282359,70,255,255,255
1167,23.34,91.90473623464926,37.9327977306954,-21.680000000000007,4.9210388373814515,4.6396249084323165,-0.49999999999998923,-0.20553383827608496,0.2768156281150942,-4.052314039881821e-15,6.050183852038342,70,255,255,255
1168,23.36,92.00307418706569,38.02570087710751,-21.690000000000005,4.916897620821537,4.645157320605625,-0.4999999999999893,-0.20706082799573444,0.2766206086654046,-3.885780586188048e-15,6.055419839794324,70,255,255,255
1169,23.38,92.10132887352172,38.118714421398586,-21.700000000000003,4.912734322801388,4.650677214553802,-0.49999999999998934,-0.20816490100745355,0.2759946974088683,-3.7192471324942744e-15,6.060655827550308,70,255,255,255
1170,23.400000000000002,92.19950001211143,38.21183795158939,-21.710000000000004,4.908556929485452,4.656176509540041,-0.49999999999999,-0.20886966579676347,0.2749647493119358,-3.197442310920451e-14,6.0658918153062915,70,255,255,255
1171,23.42,92.29758747151985,38.30507090444199,-21.720000000000006,4.9043729704207815,4.6616476426300775,-0.49999999999999034,-0.20919795323352552,0.27355665450182354,-1.5765166949677223e-14,6.071127803062274,70,255,255,255
1172,23.44,92.39559126219758,38.39841257543649,-21.730000000000008,4.9001895338868025,4.66708354972474,-0.49999999999999034,-0.20917182669893375,0.27179535473314154,-5.551115123125783e-16,6.076363790818257,70,255,255,255
1173,23.46,92.49351152783818,38.49186212837514,-21.74000000000001,4.89601328203013,4.6724776469324,-0.49999999999999034,-0.20881259283363374,0.2697048603829746,-5.551115123125783e-16,6.08159977857424,70,255,255,255
1174,23.48,92.59134853715364,38.585418604620955,-21.75000000000001,4.891850465773095,4.677823812290744,-0.49999999999999034,-0.20814081285174613,0.2673082679172305,-5.551115123125783e-16,6.086835766330223,70,255,255,255
1175,23.5,92.68910267594335,38.67908093197788,-21.760000000000012,4.8877069394857315,4.683116367846159,-0.49999999999999006,-0.2071763143681533,0.26462777777074553,1.3655743202889425e-14,6.092071754086206,70,255,255,255
1176,23.52,92.78677443945159,38.772847933219836,-21.770000000000014,4.883588175411918,4.688350062097932,-0.4999999999999895,-0.20593820369065252,0.26168471258864656,2.7033930649622562e-14,6.097307741842188,70,255,255,255
1177,23.54,92.88436442500841,38.86671833427611,-21.780000000000012,4.87949927784136,4.693520052813478,-0.499999999999989,-0.2044448785279398,0.25849953577733675,2.5368596112684827e-14,6.102543729598171,70,255,255,255
1178,23.56,92.98187332494881,38.960690772080504,-21.79000000000001,4.875444997019975,4.698621890219827,-0.49999999999998884,-0.20271404106924518,0.25509187031742364,9.658940314238862e-15,6.107779717354155,70,255,255,255
1179,23.580000000000002,93.07930191980465,39.05476380209202,-21.800000000000008,4.871429742792127,4.703651500575681,-0.4999999999999887,-0.20076271139235757,0.2514805177926913,9.159339953157541e-15,6.113015705110138,70,255,255,255
1180,23.6,93.17665107176403,39.14893590549457,-21.810000000000006,4.8674575979689685,4.708605170127499,-0.4999999999999888,-0.19860724115792827,0.24768347759090759,-5.551115123125783e-15,6.118251692866121,70,255,255,255
1181,23.62,93.27392171839239,39.24320549608361,-21.820000000000004,4.863532331417935,4.713479529452241,-0.4999999999999892,-0.19626332755165254,0.2437179662370701,-1.942890293094024e-14,6.1234876806221035,70,255,255,255
1182,23.64,93.37111486660977,39.337570926847384,-21.830000000000005,4.85965741086918,4.718271538188611,-0.49999999999998956,-0.1937460274377374,0.2396004368185114,-1.8263168755083825e-14,6.128723668378087,70,255,255,255
1183,23.66,93.46823158691848,39.43203049625054,-21.840000000000007,4.855836015435446,4.722978470157933,-0.4999999999999896,-0.19106977168670713,0.23534659846612005,-2.886579864025407e-15,6.13395965613407,70,255,255,255
1184,23.68,93.56527300787533,39.52658245422804,-21.85000000000001,4.852071047842524,4.72759789887508,-0.4999999999999897,-0.18824837964607077,0.23097143585736823,-2.7200464103316335e-15,6.139195643890052,70,255,255,255
1185,23.7,93.6622403108027,39.621225007897024,-21.86000000000001,4.848365146368114,4.732127683449235,-0.49999999999998973,-0.18529507372047593,0.22648922870773358,-2.55351295663786e-15,6.144431631646035,70,255,255,255
1186,23.72,93.75913472473245,39.715956326994494,-21.87000000000001,4.8447206964874665,4.736565954873659,-0.4999999999999895,-0.1822224940324073,0.22191357122117594,1.1823875212257917e-14,6.149667619402019,70,255,255,255
1187,23.740000000000002,93.85595752157694,39.81077454904855,-21.88000000000001,4.841139842224764,4.740911102703057,-0.4999999999999893,-0.17904271313514108,0.21725739146992673,1.1157741397482823e-14,6.154903607158002,70,255,255,255
1188,23.76,93.95271001152113,39.90567778429089,-21.890000000000008,4.83762449720975,4.745161762116603,-0.49999999999998934,-0.17576725075069088,0.21253297067730692,-3.7192471324942744e-15,6.160139594913985,70,255,255,255
1189,23.78,94.04939353862993,40.00066412031817,-21.90000000000001,4.8341763554395865,4.749316801364187,-0.4999999999999894,-0.1724070885081712,0.20775196237917015,-3.552713678800501e-15,6.165375582669967,70,255,255,255
1190,23.8,94.14600947666486,40.09573162651003,-21.910000000000007,4.830796901746414,4.753375309592969,-0.4999999999999892,-0.16897268465860815,0.20292541143910015,1.0824674490095276e-14,6.170611570425951,70,255,255,255
1191,23.82,94.24255922510429,40.19087835821105,-21.920000000000005,4.827487421971524,4.757336585050912,-0.49999999999998923,-0.16547398874449826,0.19806377289715105,-4.052314039881821e-15,6.175847558181934,70,255,255,255
1192,23.84,94.33904420536123,40.286102360684325,-21.930000000000007,4.824249012847458,4.761200123663533,-0.4999999999999896,-0.16192045620329143,0.19317693063104713,-1.8096635301390052e-14,6.181083545937916,70,255,255,255
1193,23.86,94.43546585719302,40.38140167284392,-21.94000000000001,4.821082591589766,4.7649656079797715,-0.4999999999999897,-0.15832106288462455,0.1882742158119326,-2.7200464103316335e-15,6.186319533693899,70,255,255,255
1194,23.88,94.53182563529704,40.47677433077357,-21.95000000000001,4.817988905200478,4.768632896482504,-0.49999999999998945,-0.15468431946439676,0.18336442513664153,1.1657341758564144e-14,6.1915555214498825,70,255,255,255
1195,23.900000000000002,94.62812500608675,40.57221837103875,-21.96000000000001,4.8149685394857125,4.772202013258939,-0.4999999999999895,-0.15101828573828957,0.1784558388217352,-3.219646771412954e-15,6.196791509205866,70,255,255,255
1196,23.92,94.72436544464254,40.667731833799266,-21.97000000000001,4.812021927790142,4.77567313802581,-0.4999999999999893,-0.14733058477851646,0.1735562383435596,1.1157741397482823e-14,6.202027496961849,70,255,255,255
1197,23.94,94.82054843183157,40.763312765729346,-21.980000000000008,4.809149359451327,4.779046596504064,-0.49999999999998906,-0.1436284169407358,0.16867292391269828,1.049160758270773e-14,6.207263484717831,70,255,255,255
1198,23.96,94.91667545159112,40.8589592227521,-21.990000000000006,4.806350987977204,4.782322851137453,-0.4999999999999892,-0.13991857370613747,0.16381273166945487,-4.385380947269368e-15,6.212499472473815,70,255,255,255
1199,23.98,95.01274798837012,40.95466927259508,-22.000000000000007,4.803626838950251,4.785502492149255,-0.49999999999998956,-0.13620745134765677,0.15898205059009207,-1.8263168755083825e-14,6.217735460229798,70,255,255,255
1200,24.0,95.10876752472336,41.05044099717371,-22.01000000000001,4.80097681766208,4.7885862289311465,-0.4999999999999896,-0.13250106440856246,0.1541868390945833,-2.886579864025407e-15,6.22297144798578,70,255,255,255
1201,24.02,95.20472772686917,41.146277767107726,-22.02000000000001,4.798010107290063,4.791838496700958,-0.4999999999999894,-0.1483355186008728,0.1626133884905805,1.149080830487037e-14,6.228207435741763,70,255,255,255
1202,24.04,95.30062273598749,41.24218264670714,-22.03000000000001,4.794750455915825,4.795243979970983,-0.4999999999999892,-0.1629825687119073,0.17027416350122326,1.0824674490095276e-14,6.233443423497746,70,255,255,255
1203,24.060000000000002,95.39644714909632,41.3381584074479,-22.040000000000006,4.791220655441699,4.798788037037978,-0.49999999999998923,-0.17649002370629674,0.17720285334974584,-4.052314039881821e-15,6.238679411253729,70,255,255,255
1204,24.080000000000002,95.49219600034621,41.434207541107554,-22.050000000000004,4.787442562494436,4.8024566829828155,-0.4999999999999893,-0.18890464736316126,0.18343229724187893,-3.885780586188048e-15,6.243915399009713,70,255,255,255
1205,24.1,95.58786474273764,41.530332272560344,-22.060000000000006,4.78343711957114,4.806236572639314,-0.4999999999999896,-0.20027214616481892,0.18899448282492504,-1.7930101847696278e-14,6.249151386765695,70,255,255,255
1206,24.12,95.68344923026521,41.62653457223157,-22.070000000000007,4.77922437637905,4.810114983561323,-0.49999999999998995,-0.21063715960449514,0.19392054610044607,-1.6930901125533637e-14,6.254387374521678,70,255,255,255
1207,24.14,95.77894570049168,41.72281616821188,-22.08000000000001,4.774823511323402,4.8140797990154365,-0.49999999999999,-0.22004325278239012,0.19824077270568896,-1.7208456881689926e-15,6.259623362277662,70,255,255,255
1208,24.16,95.87435075755367,41.81917855803238,-22.09000000000001,4.770252853100097,4.818119491025001,-0.49999999999998973,-0.22853291116523167,0.20198460047826128,1.2656542480726785e-14,6.264859350033644,70,255,255,255
1209,24.18,95.96966135560072,41.91562302010217,-22.100000000000012,4.765529902352354,4.822223103489477,-0.4999999999999895,-0.23614753738716754,0.20518062322374675,1.1823875212257917e-14,6.270095337789627,70,255,255,255
1210,24.2,96.06487478266777,42.0121506248102,-22.11000000000001,4.7606713533528335,4.826380235401623,-0.4999999999999893,-0.24292744997600213,0.20785659560733372,1.1157741397482823e-14,6.27533132554561,70,255,255,255
1211,24.22,96.15998864498127,42.10876224529387,-22.120000000000008,4.755693115675043,4.830581024183521,-0.49999999999998906,-0.2489118838895168,0.21003943909492584,1.049160758270773e-14,6.280567313301593,70,255,255,255
1212,24.240000000000002,96.25500085169767,42.20545856787709,-22.130000000000006,4.750610335819964,4.834816129160938,-0.4999999999999892,-0.25413899275394414,0.21175524887080943,-4.385380947269368e-15,6.285803301057577,70,255,255,255
1213,24.26,96.34990960007299,42.302240102180974,-22.140000000000008,4.745437418765999,4.8390767151941745,-0.49999999999998956,-0.25864585269824936,0.213029301661825,-1.8263168755083825e-14,6.291039288813559,70,255,255,255
1214,24.28,96.44471336106123,42.39910719091062,-22.15000000000001,4.740188049412369,4.84335443648223,-0.4999999999999896,-0.2624684676814937,0.21388606440274405,-2.886579864025407e-15,6.296275276569542,70,255,255,255
1215,24.3,96.539410865339,42.49606001932173,-22.16000000000001,4.734875213888021,4.847641420555753,-0.4999999999999894,-0.2656417762174401,0.21434920367617138,1.149080830487037e-14,6.3015112643255256,70,255,255,255
1216,24.32,96.634001089753,42.593098624371194,-22.17000000000001,4.729511220700035,4.8519302524731,-0.4999999999999892,-0.2681996593993059,0.2144415958672985,1.0824674490095276e-14,6.306747252081508,70,255,255,255
1217,24.34,96.72848324418695,42.69022290355585,-22.180000000000007,4.7241077216973295,4.856213959232571,-0.49999999999998923,-0.2701749501352406,0.21418533797358386,-4.052314039881821e-15,6.311983239837491,70,255,255,255
1218,24.36,96.82285675884349,42.787432623444104,-22.190000000000005,4.718675732827193,4.860485994412826,-0.4999999999999893,-0.2715994435068394,0.21360175901272704,-3.885780586188048e-15,6.3172192275934735,70,255,255,255
1219,24.38,96.91712127193676,42.88472742790515,-22.200000000000003,4.713225654663864,4.864740223052328,-0.49999999999998934,-0.27250390816645176,0.21271143197511755,-3.7192471324942744e-15,6.322455215349457,70,255,255,255
1220,24.400000000000002,97.01127661779057,42.9821068460407,-22.210000000000004,4.707767292689996,4.868970906777702,-0.49999999999999,-0.27291809869339634,0.21153418626867104,-3.197442310920451e-14,6.327691203105441,70,255,255,255
1221,24.42,97.10532281533683,43.079570299824496,-22.220000000000006,4.702309877313379,4.873172689189832,-0.49999999999999034,-0.2728707688308871,0.2100891206065123,-1.5765166949677223e-14,6.332927190861423,70,255,255,255
1222,24.44,97.19926005700889,43.17711711145481,-22.230000000000008,4.69686208360278,4.877340581515654,-0.49999999999999034,-0.27238968552995235,0.2083946162910859,-5.551115123125783e-16,6.338163178617406,70,255,255,255
1223,24.46,97.29308869802345,43.274746510425466,-22.24000000000001,4.691432050728174,4.881469948532624,-0.49999999999999034,-0.2715016437302893,0.20646835084852988,-5.551115123125783e-16,6.3433991663733895,70,255,255,255
1224,24.48,97.38680924604529,43.37245764032091,-22.25000000000001,4.686027401092002,4.885556494772048,-0.49999999999999034,-0.2702324818086108,0.2043273119711797,-5.551115123125783e-16,6.348635154129372,70,255,255,255
1225,24.5,97.48042235122807,43.47024956534104,-22.260000000000012,4.680655259139376,4.889596251006593,-0.49999999999999006,-0.26860709763130597,0.2019878117273075,1.3655743202889425e-14,6.353871141885355,70,255,255,255
1226,24.52,97.5739287966248,43.56812127656158,-22.270000000000014,4.675322269836408,4.893585561026579,-0.4999999999999895,-0.2666494651484266,0.19946550099928917,2.7033930649622562e-14,6.3591071296413375,70,255,255,255
1227,24.54,97.66732948896095,43.666071697935756,-22.280000000000012,4.670034616807002,4.897521068708846,-0.499999999999989,-0.2643826514702967,0.19677538411336926,2.5368596112684827e-14,6.36434311739732,70,255,255,255
1228,24.560000000000002,97.76062544976334,43.76409969204338,-22.29000000000001,4.664798040119591,4.901399705381368,-0.49999999999998884,-0.2618288343705357,0.19393183362608557,9.658940314238862e-15,6.369579105153304,70,255,255,255
1229,24.580000000000002,97.85381780683767,43.862204065593104,-22.300000000000008,4.659617853716356,4.905218677486052,-0.4999999999999887,-0.2590093201617476,0.19094860523419488,9.159339953157541e-15,6.374815092909287,70,255,255,255
1230,24.6,97.94690778608724,43.96038357468394,-22.310000000000006,4.654498962478492,4.908975454541601,-0.4999999999999888,-0.25594456189322656,0.18783885277742307,-5.551115123125783e-15,6.38005108066527,70,255,255,255
1231,24.62,98.03989670366568,44.05863692983209,-22.320000000000004,4.649445878922056,4.9126677574076725,-0.4999999999999892,-0.25265417782177835,0.18461514330358852,-1.942890293094024e-14,6.385287068421253,70,255,255,255
1232,24.64,98.13278595845607,44.15696280076911,-22.330000000000005,4.644462739519854,4.916293546851051,-0.49999999999998956,-0.24915697011009375,0.1812894721689382,-1.8263168755083825e-14,6.390523056177236,70,255,255,255
1233,24.66,98.22557702486898,44.255359821017386,-22.340000000000007,4.639553320645675,4.919851012413989,-0.4999999999999896,-0.24547094370898304,0.177873278146909,-2.886579864025407e-15,6.395759043933219,70,255,255,255
1234,24.68,98.31827144595174,44.35382659224907,-22.35000000000001,4.634721054138035,4.923338561584412,-0.4999999999999897,-0.2416133253819721,0.1743774585211284,-2.7200464103316335e-15,6.4009950316892015,70,255,255,255
1235,24.7,98.41087082680136,44.452361688434415,-22.36000000000001,4.629969042481356,4.926754809267198,-0.49999999999998973,-0.23760058283393803,0.17081238413929523,-2.55351295663786e-15,6.406231019445184,70,255,255,255
1236,24.72,98.50337682827342,44.55096365978552,-22.37000000000001,4.625300073603231,4.930098567555313,-0.4999999999999895,-0.23344844390624875,0.16718791440573533,1.1823875212257917e-14,6.411467007201168,70,255,255,255
1237,24.740000000000002,98.59579116097916,44.6496310365015,-22.38000000000001,4.6207166352871525,4.933368835799177,-0.4999999999999893,-0.2291719158039296,0.1635134121931907,1.1157741397482823e-14,6.416702994957151,70,255,255,255
1238,24.76,98.68811557956317,44.74836233232095,-22.390000000000008,4.616220929200701,4.9365647909722545,-0.49999999999998934,-0.2247853043225918,0.15979775865385282,-3.7192471324942744e-15,6.421938982713134,70,255,255,255
1239,24.78,98.78035187725398,44.84715604788756,-22.40000000000001,4.611814884539838,4.939685778330515,-0.4999999999999894,-0.22030223304315655,0.1560493679130035,-3.552713678800501e-15,6.427174970469117,70,255,255,255
1240,24.8,98.87250188067979,44.94601067393482,-22.410000000000007,4.607500171290485,4.9427313023630735,-0.4999999999999892,-0.21573566246765097,0.15227620162794242,1.0824674490095276e-14,6.4324109582251,70,255,255,255
1241,24.82,98.96456744494198,45.04492469429544,-22.420000000000005,4.60327821310915,4.945701018031021,-0.49999999999998923,-0.21109790906671755,0.14848578339738783,-4.052314039881821e-15,6.437646945981083,70,255,255,255
1242,24.84,99.05655044893848,45.14389658874126,-22.430000000000007,4.599150199824844,4.9485947222911655,-0.4999999999999896,-0.20640066421532222,0.14468521300725268,-1.8096635301390052e-14,6.442882933737065,70,255,255,255
1243,24.86,99.14845279092978,45.24292483565929,-22.44000000000001,4.595117099564996,4.95141234590116,-0.4999999999999897,-0.2016550129923429,0.14088118049969456,-2.7200464103316335e-15,6.448118921493048,70,255,255,255
1244,24.88,99.24027638433995,45.34200791456933,-22.45000000000001,4.591179670508559,4.9541539455022345,-0.49999999999998945,-0.19687145282186957,0.13707998005376076,1.1657341758564144e-14,6.453354909249032,70,255,255,255
1245,24.900000000000002,99.33202315378534,45.44114430848884,-22.46000000000001,4.587338472269819,4.956819695975566,-0.4999999999999895,-0.1920599119370463,0.13328752366660446,-3.219646771412954e-15,6.458590897005015,70,255,255,255
1246,24.92,99.42369503132367,45.5403325061502,-22.47000000000001,4.583593876916893,4.959409883068061,-0.4999999999999893,-0.18722976764626775,0.12950935462475055,1.1157741397482823e-14,6.463826884760998,70,255,255,255
1247,24.94,99.51529395291625,45.63957100407586,-22.480000000000008,4.5799460796292,4.961924896283221,-0.49999999999998906,-0.1823898643846853,0.12575066075798969,1.049160758270773e-14,6.4690628725169805,70,255,255,255
1248,24.96,99.60682185509623,45.73885830851651,-22.490000000000006,4.576395108998483,4.964365222032542,-0.4999999999999892,-0.17754853153583916,0.12201628746604332,-4.385380947269368e-15,6.474298860272964,70,255,255,255
1249,24.98,99.69828067183579,45.83819293725737,-22.500000000000007,4.572940836978334,4.966731437042774,-0.49999999999998956,-0.17271360100746325,0.11831075051162365,-1.8263168755083825e-14,6.479534848028947,70,255,255,255
1250,25.0,99.78967233160553,45.93757342129765,-22.51000000000001,4.569582988487351,4.969024202014247,-0.4999999999999896,-0.16789242454912578,0.11463824857367921,-2.886579864025407e-15,6.484770835784929,70,255,255,255
1251,25.02,99.88098984405747,46.03700137711582,-22.52000000000001,4.565875622596688,4.9713977909086875,-0.4999999999999894,-0.18536829453313963,0.11867944472202296,1.149080830487037e-14,6.490006823540912,70,255,255,255
1252,25.04,99.97222675690018,46.13647824824679,-22.53000000000001,4.56184564213575,4.973843556548486,-0.4999999999999892,-0.20149902304689427,0.12228828198990627,1.0824674490095276e-14,6.495242811296896,70,255,255,255
1253,25.060000000000002,100.06337713393913,46.23600531334887,-22.540000000000006,4.557518851947493,4.976353255103898,-0.49999999999998923,-0.21633950941283597,0.1254849277705885,-4.052314039881821e-15,6.500478799052879,70,255,255,255
1254,25.080000000000002,100.15443553360872,46.33558369405051,-22.550000000000004,4.552919983479856,4.978919035082296,-0.4999999999999893,-0.22994342338183582,0.12828899891992318,-3.885780586188048e-15,6.505714786808862,70,255,255,255
1255,25.1,100.2453969880011,46.43521436257752,-22.560000000000006,4.54807271961915,4.981533426350336,-0.4999999999999896,-0.2423631930352883,0.13071956340204505,-1.7930101847696278e-14,6.5109507745648445,70,255,255,255
1256,25.12,100.33625698239533,46.53489814916161,-22.570000000000007,4.542999719711136,4.984189329204612,-0.49999999999998995,-0.25364999540071054,0.13279514271379167,-1.6930901125533637e-14,6.516186762320828,70,255,255,255
1257,25.14,100.4270114352897,46.63463574923172,-22.58000000000001,4.537722644718505,4.986880003505381,-0.49999999999999,-0.2638537496315516,0.13453371503847755,-1.7208456881689926e-15,6.521422750076811,70,255,255,255
1258,25.16,100.51765667893902,46.734427730389456,-22.59000000000001,4.532262182466323,4.9895990578869736,-0.49999999999998973,-0.27302311260909207,0.13595271907960527,1.2656542480726785e-14,6.526658737832793,70,255,255,255
1259,25.18,100.60818944039761,46.83427453917061,-22.600000000000012,4.526638072929766,4.9923404390575294,-0.4999999999999895,-0.28120547682782426,0.13706905852777407,1.1823875212257917e-14,6.531894725588776,70,255,255,255
1260,25.2,100.69860682306803,46.93417650759461,-22.61000000000001,4.520869133521156,4.995098421199837,-0.4999999999999893,-0.2884469704305097,0.13789910711539033,1.1157741397482823e-14,6.53713071334476,70,255,255,255
1261,25.22,100.78890628875475,47.03413385950429,-22.620000000000008,4.514973284335869,4.9978675954841645,-0.49999999999998906,-0.2947924592643725,0.13845871421635625,1.049160758270773e-14,6.542366701100742,70,255,255,255
1262,25.240000000000002,100.87908564022113,47.134146716698346,-22.630000000000006,4.508967573319203,5.000642859703136,-0.4999999999999892,-0.300285550833304,0.13876321094860522,-4.385380947269368e-15,6.547602688856726,70,255,255,255
1263,25.26,100.96914300424751,47.2342151048591,-22.640000000000008,4.502868201318667,5.0034194080379235,-0.49999999999998956,-0.30496860002680215,0.1388274167393435,-1.8263168755083825e-14,6.5528386766127085,70,255,255,255
1264,25.28,101.05907681518728,47.33433895927839,-22.65000000000001,4.496690546988493,5.006192720964241,-0.4999999999999896,-0.30888271650870713,0.138665646315844,-2.886579864025407e-15,6.558074664368692,70,255,255,255
1265,25.3,101.14888579901759,47.43451813038451,-22.66000000000001,4.4904491915153875,5.008958555305913,-0.4999999999999894,-0.31206777365525884,0.1382917170836313,1.149080830487037e-14,6.563310652124675,70,255,255,255
1266,25.32,101.23856895788033,47.534752389073375,-22.67000000000001,4.484157943136684,5.011712934443073,-0.4999999999999892,-0.3145624189351759,0.13771895685802438,1.0824674490095276e-14,6.568546639880657,70,255,255,255
1267,25.34,101.32812555510881,47.635041431847,-22.680000000000007,4.477829861424124,5.0144521386813725,-0.49999999999998923,-0.3164040856280268,0.13696021191497643,-4.052314039881821e-15,6.57378262763664,70,255,255,255
1268,25.36,101.41755510073499,47.73538488576276,-22.690000000000005,4.47147728130848,5.017172695787961,-0.4999999999999893,-0.31762900578220776,0.13602785532944228,-3.885780586188048e-15,6.579018615392624,70,255,255,255
1269,25.38,101.50685733747143,47.83578231319675,-22.700000000000003,4.46511183682212,5.019871371699371,-0.49999999999998934,-0.318272224317969,0.1349337955705181,-3.7192471324942744e-15,6.584254603148606,70,255,255,255
1270,25.400000000000002,101.5960322271622,47.93623321642487,-22.710000000000004,4.458744484538468,5.022545161405857,-0.49999999999999,-0.31836761418260995,0.13368948532430558,-3.197442310920451e-14,6.58949059090459,70,255,255,255
1271,25.42,101.68507993769597,48.03673704202519,-22.720000000000006,4.452385526689014,5.025191280016182,-0.49999999999999034,-0.31794789247271815,0.1323059305162797,-1.5765166949677223e-14,6.594726578660572,70,255,255,255
1272,25.44,101.77400083037477,48.137293185105314,-22.730000000000008,4.446044633940264,5.02780715400634,-0.49999999999999034,-0.31704463743745936,0.13079369950788422,-5.551115123125783e-16,6.599962566416556,70,255,255,255
1273,25.46,101.86279544773106,48.237900993358416,-22.74000000000001,4.4397308678145775,5.030390412655156,-0.49999999999999034,-0.3156883062843532,0.1291629324407948,-5.551115123125783e-16,6.605198554172539,70,255,255,255
1274,25.48,101.95146450178586,48.338559770951804,-22.75000000000001,4.433452702740369,5.032938879669272,-0.49999999999999034,-0.3139082537104292,0.12742335070583088,-5.551115123125783e-16,6.610434541928521,70,255,255,255
1275,25.5,102.04000886274024,48.439268782251794,-22.760000000000012,4.427218047718669,5.0354505649995485,-0.49999999999999006,-0.3117327510850201,0.1255842665138207,1.3655743202889425e-14,6.615670529684505,70,255,255,255
1276,25.52,102.12842954809213,48.54002725538881,-22.770000000000014,4.421034267594361,5.037923656850487,-0.4999999999999895,-0.30918900621540946,0.12365459254692102,2.7033930649622562e-14,6.6209065174404875,70,255,255,255
1277,25.54,102.21672771217057,48.64083438566649,-22.780000000000012,4.4149082039218,5.040356513883886,-0.499999999999989,-0.30630318362804765,0.12164285166994393,2.5368596112684827e-14,6.62614250519647,70,255,255,255
1278,25.560000000000002,102.30490463607889,48.74168933881884,-22.79000000000001,4.40884619541576,5.042747657617546,-0.49999999999998884,-0.30310042530200487,0.1195571866829761,9.658940314238862e-15,6.631378492952454,70,255,255,255
1279,25.580000000000002,102.39296171803848,48.84259125411923,-22.800000000000008,4.402854097979857,5.045095765019475,-0.4999999999999887,-0.29960487179516715,0.11740537009648744,9.159339953157541e-15,6.636614480708437,70,255,255,255
1280,25.6,102.48090046412459,48.943539247345186,-22.810000000000006,4.39693730430578,5.047399661297736,-0.4999999999999888,-0.2958396837038153,0.11519481391302744,-5.551115123125783e-15,6.64185046846442,70,255,255,255
1281,25.62,102.56872247938534,49.0445324136029,-22.820000000000004,4.3911007630376995,5.049658312885702,-0.4999999999999892,-0.2918270634040221,0.11293257939830337,-1.942890293094024e-14,6.647086456220403,70,255,255,255
1282,25.64,102.65642945933529,49.14556983001535,-22.830000000000005,4.3853489974972835,5.05187082062225,-0.49999999999998956,-0.2875882770207978,0.11062538682740364,-1.8263168755083825e-14,6.652322443976385,70,255,255,255
1283,25.66,102.7440231818146,49.24665055827787,-22.840000000000007,4.3796861239657385,5.054036413126088,-0.4999999999999896,-0.2831436765772608,0.10827962519186762,-2.886579864025407e-15,6.657558431732369,70,255,255,255
1284,25.68,102.83150549920501,49.347773647085134,-22.85000000000001,4.374115869520181,5.056154440363171,-0.4999999999999897,-0.27851272227787227,0.10590136185415044,-2.7200464103316335e-15,6.6627944194883515,70,255,255,255
1285,25.7,102.91887833099346,49.448938134433256,-22.86000000000001,4.368641589422564,5.058224367405926,-0.49999999999998973,-0.2737140048808371,0.10349635213773922,-2.55351295663786e-15,6.668030407244334,70,255,255,255
1286,25.72,103.00614365667467,49.55014304980091,-22.87000000000001,4.363266284060168,5.060245768382743,-0.4999999999999895,-0.2687652681198136,0.10107004884087534,1.1823875212257917e-14,6.673266395000317,70,255,255,255
1287,25.740000000000002,103.09330350898341,49.651387416213225,-22.88000000000001,4.35799261543746,5.062218320616019,-0.4999999999999893,-0.26368343113537396,0.09862761166376277,1.1157741397482823e-14,6.6785023827563,70,255,255,255
1288,25.76,103.18035996744781,49.75267025219216,-22.890000000000008,4.352822923219857,5.06414179894679,-0.49999999999998934,-0.25848461088016794,0.09617391653856,-3.7192471324942744e-15,6.683738370512284,70,255,255,255
1289,25.78,103.26731515225443,49.85399057359704,-22.90000000000001,4.347759240330597,5.066016070243878,-0.4999999999999894,-0.253184144462967,0.0937135648543963,-3.552713678800501e-15,6.688974358268267,70,255,255,255
1290,25.8,103.35417121841648,49.95534739535894,-22.910000000000007,4.342803308102605,5.067841088095228,-0.4999999999999892,-0.24779661139963594,0.09125089256751195,1.0824674490095276e-14,6.694210346024249,70,255,255,255
1291,25.82,103.44093035023624,50.05673973311252,-22.920000000000005,4.337956590987767,5.069616887679023,-0.49999999999998923,-0.24233585574187977,0.08878997918973752,-4.052314039881821e-15,6.699446333780233,70,255,255,255
1292,25.84,103.52759475605278,50.15816660472876,-22.930000000000007,4.333220290826679,5.071343580811981,-0.4999999999999896,-0.23681500805441047,0.08633465664792173,-1.8096635301390052e-14,6.7046823215362155,70,255,255,255
1293,25.86,103.61416666326643,50.2596270317522,-22.94000000000001,4.328595360682375,5.07302135117214,-0.4999999999999897,-0.23124650721522677,0.08388851800794583,-2.7200464103316335e-15,6.709918309292198,70,255,255,255
1294,25.88,103.70064831363128,50.361120040746066,-22.95000000000001,4.324082518242077,5.0746504496932925,-0.49999999999998945,-0.2256421220149205,0.0814549260576003,1.1657341758564144e-14,6.715154297048181,70,255,255,255
1295,25.900000000000002,103.78704195880711,50.46264466454863,-22.96000000000001,4.31968225879145,5.076231190128146,-0.4999999999999895,-0.22001297253135288,0.0790370217426668,-3.219646771412954e-15,6.720390284804164,70,255,255,255
1296,25.92,103.87334985616243,50.56419994344417,-22.97000000000001,4.3153948677662335,5.077763944777181,-0.4999999999999893,-0.2143695512607966,0.07663773245175243,1.1157741397482823e-14,6.725626272560148,70,255,255,255
1297,25.94,103.95957426482016,50.665784926251774,-22.980000000000008,4.311220432886545,5.079249140380107,-0.49999999999998906,-0.20872174398444887,0.07425978014632584,1.049160758270773e-14,6.7308622603161306,70,255,255,255
1298,25.96,104.04571744193775,50.76739867133511,-22.990000000000006,4.30715885587946,5.080687254166728,-0.4999999999999892,-0.20307885035423556,0.07190568933103147,-4.385380947269368e-15,6.736098248072113,70,255,255,255
1299,25.98,104.13178163921367,50.86904024753639,-23.000000000000007,4.303209863795833,5.082078810063963,-0.49999999999998956,-0.19744960418134294,0.06957779486172466,-1.8263168755083825e-14,6.741334235828097,70,255,255,255
1300,26.0,104.21776909961223,50.970708735037505,-23.01000000000001,4.29937301992759,5.083424375055738,-0.4999999999999896,-0.1918421934121275,0.06727824958878603,-2.886579864025407e-15,6.746570223584079,70,255,255,255
1301,26.02,104.30367265259977,51.072403886004174,-23.02000000000001,4.295177649377017,5.084757548333572,-0.4999999999999894,-0.20976852752869224,0.06665866389166553,1.149080830487037e-14,6.751806211340062,70,255,255,255
1302,26.04,104.38948569212653,51.17412542481063,-23.03000000000001,4.290651976337933,5.086076940323055,-0.4999999999999892,-0.22628365195422262,0.0659695994741556,1.0824674490095276e-14,6.757042199096045,70,255,255,255
1303,26.060000000000002,104.47520215332726,51.27587305014812,-23.040000000000006,4.285823060036512,5.087381266874307,-0.49999999999998923,-0.24144581507100504,0.0652163275625961,-4.052314039881821e-15,6.762278186852028,70,255,255,255
1304,26.080000000000002,104.56081648975395,51.37764643704794,-23.050000000000004,4.280716821334577,5.088669344991138,-0.4999999999999893,-0.25531193509674477,0.06440390584155509,-3.885780586188048e-15,6.767514174608012,70,255,255,255
1305,26.1,104.64632365114511,51.479445238821036,-23.060000000000006,4.275358069558082,5.089940088654627,-0.4999999999999896,-0.26793758882475593,0.06353718317444379,-1.7930101847696278e-14,6.7727501623639945,70,255,255,255
1306,26.12,104.73171906173499,51.58126908891588,-23.070000000000007,4.269770529494342,5.0911925047421125,-0.49999999999998995,-0.2793770031869913,0.06262080437427286,-1.6930901125533637e-14,6.777986150119977,70,255,255,255
1307,26.14,104.81699859910509,51.68311760269673,-23.08000000000001,4.263976868504694,5.092425689042415,-0.49999999999999,-0.28968304948236945,0.06165921501510141,-1.7208456881689926e-15,6.783222137875961,70,255,255,255
1308,26.16,104.90215857357914,51.78499037914409,-23.09000000000001,4.2579987237022765,5.0936388223678835,-0.49999999999998973,-0.2989072401208892,0.060656666273460225,1.2656542480726785e-14,6.788458125631943,70,255,255,255
1309,26.18,104.98719570816209,51.88688700247936,-23.100000000000012,4.25185672914754,5.094831166763689,-0.4999999999999895,-0.30709972773685745,0.059617219790288445,1.1823875212257917e-14,6.793694113387926,70,255,255,255
1310,26.2,105.07210711902243,51.98880704371565,-23.11000000000001,4.2455705430169095,5.096002061814578,-0.4999999999999893,-0.3143093065315048,0.058544752544452905,1.1157741397482823e-14,6.798930101143909,70,255,255,255
1311,26.22,105.1568902965165,52.090750062136635,-23.120000000000008,4.239158874702748,5.097150921049163,-0.49999999999998906,-0.3205834157080547,0.05744296172929175,1.049160758270773e-14,6.804166088899892,70,255,255,255
1312,26.240000000000002,105.2415430867526,52.19271560670547,-23.130000000000006,4.232639511805371,5.09827722844165,-0.4999999999999892,-0.3259681448688285,0.05631536962433259,-4.385380947269368e-15,6.809402076655876,70,255,255,255
1313,26.26,105.3260636736922,52.29470321740568,-23.140000000000008,4.2260293469804076,5.099380535010734,-0.49999999999998956,-0.33050824124819034,0.05516532845420219,-1.8263168755083825e-14,6.8146380644118585,70,255,255,255
1314,26.28,105.41045056178434,52.39671242651599,-23.15000000000001,4.219344404607232,5.10046045551531,-0.4999999999999896,-0.33424711865878365,0.053996025228765454,-2.886579864025407e-15,6.819874052167841,70,255,255,255
1315,26.3,105.49470255912928,52.49874275982092,-23.16000000000001,4.212599867246534,5.101516665246439,-0.4999999999999894,-0.3372268680348869,0.052810486556479574,1.149080830487037e-14,6.825110039923825,70,255,255,255
1316,26.32,105.57881876116643,52.60079373775922,-23.17000000000001,4.205810101857342,5.10254889691496,-0.4999999999999892,-0.3394882694596051,0.051611583426033114,1.0824674490095276e-14,6.830346027679807,70,255,255,255
1317,26.34,105.66279853488135,52.702864876511896,-23.180000000000007,4.198988685745988,5.103556937633959,-0.49999999999998923,-0.34107080556770164,0.050402035949948853,-4.052314039881821e-15,6.83558201543579,70,255,255,255
1318,26.36,105.74664150352578,52.8049556890318,-23.190000000000005,4.192148432221581,5.1045406259952575,-0.4999999999999893,-0.3420126762203708,0.04918441806491103,-3.885780586188048e-15,6.840818003191773,70,255,255,255
1319,26.38,105.83034753184447,52.90706568601658,-23.200000000000003,4.185301415934542,5.105499849238938,-0.49999999999998934,-0.34235081435194914,0.047961162184037676,-3.7192471324942744e-15,6.846053990947756,70,255,255,255
1320,26.400000000000002,105.913916711802,53.009194376826876,-23.210000000000004,4.17845899787669,5.10643454051487,-0.49999999999999,-0.3421209028925958,0.046734563796630546,-3.197442310920451e-14,6.85128997870374,70,255,255,255
1321,26.42,105.99734934880247,53.11134127035158,-23.220000000000006,4.171631850023164,5.107344676235076,-0.49999999999999034,-0.34135739267625365,0.04550678601031688,-1.5765166949677223e-14,6.8565259664597225,70,255,255,255
1322,26.44,106.08064594839443,53.213505875821895,-23.230000000000008,4.164829979598272,5.108230273515748,-0.49999999999999034,-0.34009352124462744,0.04427986403354911,-5.551115123125783e-16,6.861761954215705,70,255,255,255
1323,26.46,106.16380720345342,53.315687703576046,-23.24000000000001,4.158062752948974,5.109091387707607,-0.49999999999999034,-0.3383613324648618,0.04305570959294602,-5.551115123125783e-16,6.866997941971689,70,255,255,255
1324,26.48,106.24683398183365,53.41788626577631,-23.25000000000001,4.151338919011375,5.109928110013275,-0.49999999999999034,-0.3361916968799674,0.04183611528343345,-5.551115123125783e-16,6.872233929727671,70,255,255,255
1325,26.5,106.32972731448079,53.52010107708011,-23.260000000000012,4.1446666323570724,5.110740565190235,-0.49999999999999006,-0.3336143327151584,0.040622758848009255,1.3655743202889425e-14,6.877469917483654,70,255,255,255
1326,26.52,106.41248838399694,53.62233165526687,-23.270000000000014,4.138053475807715,5.111528909337927,-0.4999999999999895,-0.330657827467844,0.03941720738458532,2.7033930649622562e-14,6.882705905239637,70,255,255,255
1327,26.54,106.49511851364909,53.72457752182222,-23.280000000000012,4.131506482607486,5.112293327767469,-0.499999999999989,-0.3273496600114507,0.03822092147715672,2.5368596112684827e-14,6.887941892995619,70,255,255,255
1328,26.560000000000002,106.57761915681198,53.82683820248127,-23.29000000000001,4.125032158144559,5.113034032952467,-0.49999999999998884,-0.3237162231463584,0.0370352592498806,9.658940314238862e-15,6.893177880751603,70,255,255,255
1329,26.580000000000002,106.65999188683625,53.92911322773246,-23.300000000000008,4.118636501213835,5.113751262559294,-0.4999999999999887,-0.3197828465361985,0.03586148034135306,9.159339953157541e-15,6.898413868507586,70,255,255,255
1330,26.6,106.74223838733255,54.031402133283564,-23.310000000000006,4.112325024814472,5.11444527755527,-0.4999999999999888,-0.315573819968197,0.03470074979878923,-5.551115123125783e-15,6.903649856263569,70,255,255,255
1331,26.62,106.82436044286209,54.13370446049142,-23.320000000000004,4.106102776476824,5.115116360393053,-0.4999999999999892,-0.31111241688236024,0.03355414188910455,-1.942890293094024e-14,6.908885844019552,70,255,255,255
1332,26.64,106.90635993002438,54.23601975675682,-23.330000000000005,4.099974358114531,5.115764813269592,-0.49999999999998956,-0.30642091811463956,0.03242264382696014,-1.8263168755083825e-14,6.914121831775535,70,255,255,255
1333,26.66,106.98823880893235,54.338347575885976,-23.340000000000007,4.093943945398451,5.11639095645796,-0.4999999999999896,-0.3015206358039997,0.03130715941843221,-2.886579864025407e-15,6.919357819531518,70,255,255,255
1334,26.68,107.06999911506536,54.44068747842018,-23.35000000000001,4.088015306650157,5.116995126710347,-0.4999999999999897,-0.29643193741471574,0.030208512619362082,-2.7200464103316335e-15,6.924593807287501,70,255,255,255
1335,26.7,107.15164295149043,54.54303903193479,-23.36000000000001,4.082191821253579,5.117577675730509,-0.49999999999998973,-0.29117426982892614,0.029127451008049476,-2.55351295663786e-15,6.929829795043483,70,255,255,255
1336,26.72,107.23317248144211,54.64540181130907,-23.37000000000001,4.076476497584248,5.118138968713945,-0.4999999999999895,-0.285766183466551,0.02806464917179685,1.1823875212257917e-14,6.935065782799467,70,255,255,255
1337,26.740000000000002,107.31458992125124,54.74777539896815,-23.38000000000001,4.070871990456402,5.118679382954087,-0.4999999999999893,-0.2802253563922976,0.027020712007116643,1.1157741397482823e-14,6.94030177055545,70,255,255,255
1338,26.76,107.39589753361302,54.85015938509841,-23.390000000000008,4.0653806180889545,5.119199306512748,-0.49999999999998934,-0.2745686183723457,0.02599617793300535,-3.7192471324942744e-15,6.945537758311433,70,255,255,255
1339,26.78,107.47709762118487,54.95255336783747,-23.40000000000001,4.060004378592071,5.1196991369531215,-0.4999999999999894,-0.2688119748442057,0.024991522018669166,-3.552713678800501e-15,6.950773746067416,70,255,255,255
1340,26.8,107.5581925205044,55.05495695344014,-23.410000000000007,4.0547449659767105,5.120179280133601,-0.4999999999999892,-0.26297063076799887,0.024007159023978097,1.0824674490095276e-14,6.956009733823399,70,255,255,255
1341,26.82,107.63918459621821,55.15736975642135,-23.420000000000005,4.049603785690167,5.120640149060692,-0.49999999999998923,-0.2570590143271394,0.023043446354515495,-4.052314039881821e-15,6.961245721579382,70,255,255,255
1342,26.84,107.72007623561184,55.25979139967734,-23.430000000000007,4.044581969681173,5.121082162799313,-0.4999999999999896,-0.25109080044975673,0.022100686931057822,-1.8096635301390052e-14,6.966481709335365,70,255,255,255
1343,26.86,107.80086984343181,55.36222151458612,-23.44000000000001,4.039680390998686,5.121505745438792,-0.4999999999999897,-0.24507893412434978,0.0211791319739163,-2.7200464103316335e-15,6.971717697091347,70,255,255,255
1344,26.88,107.8815678369904,55.464659741088376,-23.45000000000001,4.034899677929009,5.121911325112852,-0.49999999999998945,-0.23903565348383804,0.02027898370303749,1.1657341758564144e-14,6.976953684847331,70,255,255,255
1345,26.900000000000002,107.96217264154393,55.56710572774981,-23.46000000000001,4.030240227676286,5.122299333071943,-0.4999999999999895,-0.23297251263617458,0.01940039795454762,-3.219646771412954e-15,6.982189672603314,70,255,255,255
1346,26.92,108.04268668593576,55.66955913180594,-23.47000000000001,4.025702219591902,5.122670202806227,-0.4999999999999893,-0.22690040421919555,0.018543486714198032,1.1157741397482823e-14,6.987425660359297,70,255,255,255
1347,26.94,108.12311239849494,55.772019619190296,-23.480000000000008,4.021285627958693,5.123024369217617,-0.49999999999998906,-0.2208295816604453,0.017708320569502334,1.049160758270773e-14,6.99266164811528,70,255,255,255
1348,26.96,108.20345220318167,55.87448686454708,-23.490000000000006,4.016990234336201,5.123362267839229,-0.4999999999999892,-0.21476968112459094,0.016894931080575937,-4.385380947269368e-15,6.997897635871263,70,255,255,255
1349,26.98,108.28370851597114,55.97696055122909,-23.500000000000007,4.012815639473579,5.123684334100655,-0.49999999999998956,-0.20872974313110415,0.01610331307127222,-1.8263168755083825e-14,7.003133623627246,70,255,255,255
1350,27.0,108.36388374146708,56.07944037128184,-23.51000000000001,4.008761274797015,5.123991002637487,-0.4999999999999896,-0.20271823382819765,0.015333426841620756,-2.886579864025407e-15,7.008369611383229,70,255,255,255
1351,27.02,108.44397101761021,56.18192422944481,-23.52000000000001,4.004363807156378,5.124192908148566,-0.4999999999999894,-0.21987338203186368,0.010095275553974048,1.149080830487037e-14,7.013605599139211,70,255,255,255
1352,27.04,108.52396403478376,56.284410149712144,-23.53000000000001,3.999650858677736,5.12429601336662,-0.4999999999999892,-0.2356474239320958,0.005155260902705905,1.0824674490095276e-14,7.018841586895194,70,255,255,255
1353,27.060000000000002,108.60385701276233,56.38689627133896,-23.540000000000006,3.9946488989289373,5.124306081340882,-0.49999999999998923,-0.2500979874399314,0.0005033987131142226,-4.052314039881821e-15,7.024077574651177,70,255,255,255
1354,27.080000000000002,108.68364467819677,56.489380844902904,-23.550000000000004,3.9893832717217883,5.124228678197221,-0.4999999999999893,-0.26328136035744576,-0.003870157183094136,-3.885780586188048e-15,7.029313562407161,70,255,255,255
1355,27.1,108.76332224263892,56.59186222842386,-23.560000000000006,3.983878222107321,5.12406917604774,-0.4999999999999896,-0.2752524807233656,-0.007975107474028853,-1.7930101847696278e-14,7.034549550163144,70,255,255,255
1356,27.12,108.84288538110911,56.69433888354458,-23.570000000000007,3.9781569235093572,5.123832756036229,-0.49999999999998995,-0.28606492989818033,-0.01182100057554969,-1.6930901125533637e-14,7.039785537919126,70,255,255,255
1357,27.14,108.922330211208,56.79680937177471,-23.58000000000001,3.9722415049446638,5.123524411506428,-0.49999999999999,-0.2957709282346732,-0.015417226490066938,-1.7208456881689926e-15,7.04502152567511,70,255,255,255
1358,27.16,109.00165327277362,56.899272350800324,-23.59000000000001,3.966153078280948,5.123148951280681,-0.49999999999998973,-0.30442133318578124,-0.018773011287315455,1.2656542480726785e-14,7.0502575134310925,70,255,255,255
1359,27.18,109.08085150808336,57.00172657086107,-23.600000000000012,3.9599117654868126,5.122711003037107,-0.4999999999999895,-0.31206563970677514,-0.021897412178694786,1.1823875212257917e-14,7.055493501187075,70,255,255,255
1360,27.2,109.15992224259996,57.104170871196544,-23.61000000000001,3.9535367258305545,5.122215016773965,-0.4999999999999893,-0.3187519828129135,-0.024799313157093827,1.1157741397482823e-14,7.060729488943058,70,255,255,255
1361,27.22,109.2388631662597,57.20660417656355,-23.620000000000008,3.947046182987351,5.12166526835045,-0.49999999999998906,-0.3245271421601781,-0.02748742117572789,1.049160758270773e-14,7.065965476699041,70,255,255,255
1362,27.240000000000002,109.31767231530004,57.30902549382542,-23.630000000000006,3.9404574520169686,5.121065863093665,-0.4999999999999892,-0.32943654851910287,-0.02997026283928239,-4.385380947269368e-15,7.071201464455025,70,255,255,255
1363,27.26,109.39634805462357,57.41143390861466,-23.640000000000008,3.9337869661765903,5.120420739462013,-0.49999999999998956,-0.33352429201892697,-0.03225618158259014,-1.8263168755083825e-14,7.076437452211008,70,255,255,255
1364,27.28,109.4748890606943,57.51382858206978,-23.65000000000001,3.92705030353576,5.119733672755798,-0.4999999999999896,-0.3368331320415239,-0.034353335310739475,-2.886579864025407e-15,7.08167343996699,70,255,255,255
1365,27.3,109.55329430496155,57.6162087476471,-23.66000000000001,3.9202622133627294,5.1190082788662234,-0.4999999999999894,-0.33940450865153826,-0.03626969447870909,1.149080830487037e-14,7.086909427722974,70,255,255,255
1366,27.32,109.63156303780663,57.71857370800819,-23.67000000000001,3.9134366422537075,5.118248018054515,-0.4999999999999892,-0.34127855545109753,-0.03801304058542687,1.0824674490095276e-14,7.0921454154789565,70,255,255,255
1367,27.34,109.7096947730062,57.82092283198326,-23.680000000000007,3.9065867599786284,5.117456198753298,-0.49999999999998923,-0.34249411375394656,-0.0395909650608246,-4.052314039881821e-15,7.097381403234939,70,255,255,255
1368,27.36,109.78768927270659,57.923255551610914,-23.690000000000005,3.8997249850190956,5.116635981382826,-0.4999999999999893,-0.3430887479766316,-0.041010868523595256,-3.885780586188048e-15,7.102617390990922,70,255,255,255
1369,27.38,109.86554653290212,58.025571359254414,-23.700000000000003,3.892863009776112,5.115790382175048,-0.49999999999998934,-0.34309876214917256,-0.04227996038894588,-3.7192471324942744e-15,7.107853378746905,70,255,255,255
1370,27.400000000000002,109.94326676941066,58.12786980479439,-23.710000000000004,3.886011825427074,5.114922276998934,-0.49999999999999,-0.34255921745190054,-0.0434052588056737,-3.197442310920451e-14,7.113089366502889,70,255,255,255
1371,27.42,110.02085040433892,58.23015049289801,-23.720000000000006,3.8791817464133027,5.114034405180866,-0.49999999999999034,-0.34150395068856243,-0.044393590903403,-1.5765166949677223e-14,7.118325354258872,70,255,255,255
1372,27.44,110.09829805302974,58.3324130803643,-23.730000000000008,3.8723824345411044,5.113129373314269,-0.49999999999999034,-0.3399655936099033,-0.04525159332982476,-5.551115123125783e-16,7.123561342014854,70,255,255,255
1373,27.46,110.17561051148336,58.434657273545355,-23.74000000000001,3.86562292268098,5.112209659053042,-0.49999999999999034,-0.3379755930062105,-0.045985713061324596,-5.551115123125783e-16,7.128797329770838,70,255,255,255
1374,27.48,110.25278874424438,58.53688282584303,-23.75000000000001,3.8589116380511816,5.111277614883682,-0.49999999999999034,-0.33556423148992964,-0.04660220846802776,-5.551115123125783e-16,7.1340333175268205,70,255,255,255
1375,27.5,110.32983387274585,58.639089535280455,-23.760000000000012,3.8522564250732954,5.110335471871346,-0.49999999999999006,-0.3327606488943191,-0.047107150616825244,1.3655743202889425e-14,7.139269305282803,70,255,255,255
1376,27.52,110.40674716410163,58.741277242147966,-23.770000000000014,3.8456645677889725,5.109385343375433,-0.4999999999999895,-0.32959286421614475,-0.04750642479566647,2.7033930649622562e-14,7.144505293038786,70,255,255,255
1377,27.54,110.4835300203382,58.84344582672258,-23.780000000000012,3.8391428118282542,5.10842922873055,-0.499999999999989,-0.3260877980359105,-0.04780573224412432,2.5368596112684827e-14,7.1497412807947684,70,255,255,255
1378,27.560000000000002,110.56018396805662,58.94559520706036,-23.79000000000001,3.832697385921263,5.107469016889071,-0.49999999999998884,-0.3222712953495672,-0.04801059207399572,9.658940314238862e-15,7.154977268550752,70,255,255,255
1379,27.580000000000002,110.63671064851555,59.04772533686079,-23.800000000000008,3.8263340229462246,5.106506490021734,-0.4999999999999887,-0.3181681487519157,-0.04812634336681931,9.159339953157541e-15,7.1602132563067356,70,255,255,255
1380,27.6,110.7131118081257,59.14983620340225,-23.810000000000006,3.820057980507982,5.10554332707308,-0.4999999999999888,-0.31380212191211987,-0.04815814743270597,-5.551115123125783e-15,7.165449244062718,70,255,255,255
1381,27.62,110.78938928934654,59.251927825547625,-23.820000000000004,3.8138740610422293,5.1045811072687055,-0.4999999999999892,-0.3091959732876366,-0.048110990218728666,-1.942890293094024e-14,7.170685231818701,70,255,255,255
1382,27.64,110.86554502197538,59.35400025181906,-23.830000000000005,3.807786631441762,5.10362131357164,-0.49999999999998956,-0.30437148002336123,-0.04798968485324906,-1.8263168755083825e-14,7.175921219574684,70,255,255,255
1383,27.66,110.94158101481942,59.456053558540766,-23.840000000000007,3.801799642202024,5.102665336085361,-0.4999999999999896,-0.29934946198691126,-0.047798874313941475,-2.886579864025407e-15,7.181157207330667,70,255,255,255
1384,27.68,111.01749934774111,59.55808784804879,-23.85000000000001,3.7959166460841542,5.1017144754012,-0.4999999999999897,-0.2941498058934755,-0.04754303420808448,-2.7200464103316335e-15,7.18639319508665,70,255,255,255
1385,27.7,111.093302164067,59.66010324696656,-23.86000000000001,3.7901408162946297,5.100769945888122,-0.49999999999998973,-0.28879148947623445,-0.047226475653854294,-2.55351295663786e-15,7.191629182842632,70,255,255,255
1386,27.72,111.16899166335062,59.76209990454502,-23.87000000000001,3.784474964181413,5.099832878923086,-0.4999999999999895,-0.28329260566083736,-0.04685334825182963,1.1823875212257917e-14,7.196865170598616,70,255,255,255
1387,27.740000000000002,111.24457009447957,59.864077991066225,-23.88000000000001,3.7789215564473078,5.098904326060352,-0.4999999999999893,-0.2776703867052541,-0.046427643136659036,1.1157741397482823e-14,7.2021011583545995,70,255,255,255
1388,27.76,111.32003974911721,59.966037696308994,-23.890000000000008,3.773482731881941,5.097985262138363,-0.49999999999998934,-0.27194122826833844,-0.045953196099437044,-3.7192471324942744e-15,7.207337146110582,70,255,255,255
1389,27.78,111.3954029554695,60.06797922807545,-23.90000000000001,3.7681603176144924,5.097076588322949,-0.4999999999999894,-0.2661207133724277,-0.04543369077070203,-3.552713678800501e-15,7.212573133866565,70,255,255,255
1390,27.8,111.4706620723673,60.16990281077717,-23.910000000000007,3.762955844889915,5.09617913508582,-0.4999999999999892,-0.2602236362288708,-0.04487266185643701,1.0824674490095276e-14,7.217809121622548,70,255,255,255
1391,27.82,111.54581948365474,60.27180868407952,-23.920000000000005,3.7578705643719963,5.095293665117459,-0.49999999999998923,-0.2542640258959432,-0.04427349841806283,-4.052314039881821e-15,7.223045109378531,70,255,255,255
1392,27.84,111.62087759287428,60.37369710160299,-23.930000000000007,3.752905460977164,5.094420876173688,-0.4999999999999896,-0.24825516974159934,-0.043639447188528635,-1.8096635301390052e-14,7.228281097134514,70,255,255,255
1393,27.86,111.69583881823915,60.4755683296801,-23.94000000000001,3.7480612682434664,5.093561403855342,-0.4999999999999897,-0.24220963668487983,-0.04297361591727267,-2.7200464103316335e-15,7.233517084890496,70,255,255,255
1394,27.88,111.77070558788394,60.57742264616651,-23.95000000000001,3.7433384822396083,5.092715824320606,-0.49999999999998945,-0.23613930019289597,-0.04227897673681991,1.1657341758564144e-14,7.23875307264648,70,255,255,255
1395,27.900000000000002,111.84548033538432,60.6792603393051,-23.96000000000001,3.738737375019408,5.091884656929719,-0.4999999999999895,-0.23005536101002555,-0.04155836954434289,-3.219646771412954e-15,7.2439890604024635,70,255,255,255
1396,27.92,111.92016549553688,60.78108170664154,-23.97000000000001,3.7342580076273966,5.091068366821875,-0.4999999999999893,-0.2239683696005792,-0.040814505392201994,1.1157741397482823e-14,7.249225048158446,70,255,255,255
1397,27.94,111.9947635003901,60.882887053990025,-23.980000000000008,3.729900242661709,5.090267367424264,-0.49999999999998906,-0.21788824828438003,-0.04004996988055787,1.049160758270773e-14,7.254461035914429,70,255,255,255
1398,27.96,112.06927677551812,60.98467669444789,-23.990000000000006,3.7256637564007122,5.089482022893308,-0.4999999999999892,-0.21182431304985005,-0.039267226547829104,-4.385380947269368e-15,7.259697023670412,70,255,255,255
1399,27.98,112.14370773652813,61.08645094745766,-24.000000000000007,3.7215480505001417,5.088712650488256,-0.49999999999998956,-0.20578529502852438,-0.03846862025257902,-1.8263168755083825e-14,7.264933011426395,70,255,255,255
1400,28.0,112.21805878579349,61.188210137915206,-24.01000000000001,3.7175524632678125,5.087959522877403,-0.4999999999999896,-0.1997793616164638,-0.03765638054263398,-2.886579864025407e-15,7.270168999182378,70,255,255,255
1401,28.02,112.29232383736728,61.28995046592251,-24.02000000000001,3.7132525786896635,5.08701640036518,-0.4999999999999894,-0.21499422890745823,-0.04715612561116078,1.149080830487037e-14,7.27540498693836,70,255,255,255
1402,28.04,112.36649730805571,61.391668389755345,-24.03000000000001,3.708673534421769,5.085896191641688,-0.4999999999999892,-0.22895221339471217,-0.05601043617458945,1.0824674490095276e-14,7.280640974694344,70,255,255,255
1403,28.060000000000002,112.44057409618604,61.49336061603962,-24.040000000000006,3.7038394065163427,5.0846113142135625,-0.49999999999998923,-0.24170639527131765,-0.06424387140629051,-4.052314039881821e-15,7.2858769624503275,70,255,255,255
1404,28.080000000000002,112.51454956087797,61.59502409011976,-24.050000000000004,3.6987732345962847,5.083173704006965,-0.4999999999999893,-0.2533085960028889,-0.07188051032988518,-3.885780586188048e-15,7.29111295020631,70,255,255,255
1405,28.1,112.58841950182152,61.69665598662306,-24.060000000000006,3.6934970471775452,5.0815948251649345,-0.4999999999999896,-0.263809370936964,-0.07894394210154321,-1.7930101847696278e-14,7.296348937962293,70,255,255,255
1406,28.12,112.66218013956332,61.79825370022329,-24.070000000000007,3.6880318870899154,5.079885680011744,-0.49999999999998995,-0.27325800438149983,-0.08545725765953627,-1.6930901125533637e-14,7.301584925718276,70,255,255,255
1407,28.14,112.73582809630231,61.89981483660646,-24.08000000000001,3.6823978369496686,5.0780568191583075,-0.49999999999999,-0.28170250701234867,-0.09144304267181891,-1.7208456881689926e-15,7.306820913474259,70,255,255,255
1408,28.16,112.80936037719512,62.00133720364094,-24.09000000000001,3.6766140446401847,5.0761183517240065,-0.49999999999998973,-0.28918961547418753,-0.0969233717150697,1.2656542480726785e-14,7.312056901230242,70,255,255,255
1409,28.18,112.8827743521703,62.102818802753966,-24.100000000000012,3.670698748759315,5.074079955651587,-0.4999999999999895,-0.295764794043504,-0.10191980362096054,1.1823875212257917e-14,7.317292888986224,70,255,255,255
1410,28.2,112.9560677382502,62.20425782051583,-24.11000000000001,3.6646693039947515,5.0719508880930535,-0.4999999999999893,-0.30147223822816427,-0.10645337792670695,1.1157741397482823e-14,7.322528876742208,70,255,255,255
1411,28.22,113.02923858237801,62.30565262043274,-24.120000000000008,3.6585422063911395,5.069739995845665,-0.49999999999998906,-0.3063548801806033,-0.11054461236943869,1.049160758270773e-14,7.3277648644981905,70,255,255,255
1412,28.240000000000002,113.10228524474752,62.407001734949105,-24.130000000000006,3.652333118474989,5.06745572581835,-0.4999999999999892,-0.31045439580751877,-0.11421350136574748,-4.385380947269368e-15,7.333000852254174,70,255,255,255
1413,28.26,113.17520638263163,62.50830385765931,-24.140000000000008,3.646056894205715,5.065106135509947,-0.49999999999998956,-0.3138112134636941,-0.11747951542015844,-1.8263168755083825e-14,7.338236840010157,70,255,255,255
1414,28.28,113.2480009347061,62.60955783572894,-24.15000000000001,3.639727603723338,5.062698903481815,-0.4999999999999896,-0.31646452411884907,-0.12036160140664354,-2.886579864025407e-15,7.34347282776614,70,255,255,255
1415,28.3,113.3206681058634,62.71076266252511,-24.16000000000001,3.6333585578654155,5.060241339808381,-0.4999999999999894,-0.31845229289613997,-0.12287818367167347,1.149080830487037e-14,7.348708815522123,70,255,255,255
1416,28.32,113.39320735251196,62.811917470454915,-24.17000000000001,3.6269623324278526,5.057740396490241,-0.4999999999999892,-0.3198112718781392,-0.12504716590696852,1.0824674490095276e-14,7.353944803278106,70,255,255,255
1417,28.34,113.46561836835488,62.91302152401122,-24.180000000000007,3.620550792146128,5.055202677815388,-0.49999999999998923,-0.32057701408623496,-0.12688593374264645,-4.052314039881821e-15,7.359180791034088,70,255,255,255
1418,28.36,113.53790107064239,63.01407421302432,-24.190000000000005,3.6141351143753413,5.052634450655105,-0.4999999999999893,-0.3207838885393284,-0.1284113580141959,-3.885780586188048e-15,7.364416778790072,70,255,255,255
1419,28.38,113.61005558689138,63.115075046117965,-24.200000000000003,3.6077258124492704,5.050041654681972,-0.49999999999998934,-0.3204650963035487,-0.12963979865663955,-3.7192471324942744e-15,7.3696527665460545,70,255,255,255
1420,28.400000000000002,113.68208224206538,63.21602364436793,-24.210000000000004,3.6013327587003148,5.047429912498319,-0.49999999999999,-0.31965268744776987,-0.1305871091826436,-3.197442310920451e-14,7.374888754302038,70,255,255,255
1421,28.42,113.75398154620785,63.316919735161214,-24.220000000000006,3.594965207123846,5.044804539664271,-0.49999999999999034,-0.3183775788234442,-0.13126864170242758,-1.5765166949677223e-14,7.380124742058021,70,255,255,255
1422,28.44,113.8257541825213,63.41776314625352,-24.230000000000008,3.588631815672036,5.042170554615384,-0.49999999999999034,-0.31666957259048667,-0.13169925244430836,-5.551115123125783e-16,7.385360729814004,70,255,255,255
1423,28.46,113.89740099588457,63.51855380002273,-24.24000000000001,3.5823406681637278,5.039532688460629,-0.49999999999999034,-0.31455737541541806,-0.1318933077377613,-5.551115123125783e-16,7.390596717569987,70,255,255,255
1424,28.48,113.96892298180053,63.61929170791577,-24.25000000000001,3.576099295798325,5.036895394652205,-0.49999999999999034,-0.3120686182701293,-0.13186469042122084,-5.551115123125783e-16,7.39583270532597,70,255,255,255
1425,28.5,114.04032127576579,63.71997696508616,-24.260000000000012,3.5699146982630388,5.0342628585194245,-0.49999999999999006,-0.30922987676432223,-0.13162680663899895,1.3655743202889425e-14,7.401068693081952,70,255,255,255
1426,28.52,114.11159714305427,63.82060974521935,-24.270000000000014,3.563793364424118,5.031639006659562,-0.4999999999999895,-0.30606669194604397,-0.13119259299313502,2.7033930649622562e-14,7.406304680837936,70,255,255,255
1427,28.54,114.18275196890615,63.921190295542935,-24.280000000000012,3.5577412925939234,5.029027516179218,-0.499999999999989,-0.30260359150973537,-0.1305745240171916,2.5368596112684827e-14,7.4115406685939185,70,255,255,255
1428,28.560000000000002,114.25378724911349,64.02171893201854,-24.29000000000001,3.5517640103668593,5.026431823780391,-0.49999999999998884,-0.2988641113532067,-0.1297846199413284,9.658940314238862e-15,7.416776656349902,70,255,255,255
1429,28.580000000000002,114.32470458099385,64.12219603471226,-24.300000000000008,3.545866594018301,5.023855134686028,-0.4999999999999887,-0.29487081742791776,-0.1288344547181426,9.159339953157541e-15,7.422012644105886,70,255,255,255
1430,28.6,114.39550565474309,64.22262204334027,-24.310000000000006,3.540053687461696,5.0213004314004115,-0.4999999999999888,-0.290645327830251,-0.12773516428083376,-5.551115123125783e-15,7.427248631861868,70,255,255,255
1431,28.62,114.4661922451583,64.32299745298627,-24.320000000000004,3.5343295207600174,5.018770482300274,-0.4999999999999892,-0.28620833508392884,-0.1264974550068656,-1.942890293094024e-14,7.432484619617851,70,255,255,255
1432,28.64,114.53676620372207,64.42332280998733,-24.330000000000005,3.5286979281886923,5.016267850053047,-0.49999999999998956,-0.28157962856626284,-0.12513161236139236,-1.8263168755083825e-14,7.437720607373834,70,255,255,255
1433,28.66,114.60722945103903,64.5235987079845,-24.340000000000007,3.523162365848013,5.01379489985915,-0.4999999999999896,-0.2767781170339676,-0.12364750969484195,-2.886579864025407e-15,7.442956595129817,70,255,255,255
1434,28.68,114.67758396961551,64.62382578413482,-24.35000000000001,3.5177259288238862,5.011353807515695,-0.4999999999999897,-0.2718218512063344,-0.12205461717272481,-2.7200464103316335e-15,7.4481925828858,70,255,255,255
1435,28.7,114.74783179697344,64.72400471548082,-24.36000000000001,3.512391367896558,5.008946567299404,-0.49999999999998973,-0.26672804636641523,-0.12036201081454934,-2.55351295663786e-15,7.453428570641782,70,255,255,255
1436,28.72,114.8179750190894,64.82413621547416,-24.37000000000001,3.5071611057977043,5.006574999666993,-0.4999999999999895,-0.2615131049427002,-0.11857838162050705,1.1823875212257917e-14,7.458664558397765,70,255,255,255
1437,28.740000000000002,114.88801576414974,64.92422103064959,-24.38000000000001,3.502037253016975,5.004240758771643,-0.4999999999999893,-0.25619263903646416,-0.11671204476749075,1.1157741397482823e-14,7.463900546153749,70,255,255,255
1438,28.76,114.95795619661294,65.02425993744548,-24.390000000000008,3.49702162315973,5.001945339794562,-0.49999999999998934,-0.25078149286223406,-0.11477094885404071,-3.7192471324942744e-15,7.469136533909732,70,255,255,255
1439,28.78,115.02779851157011,65.1242537391673,-24.40000000000001,3.4921157478583336,4.999690086091017,-0.4999999999999894,-0.24529376506983613,-0.11276268517726518,-3.552713678800501e-15,7.474372521665715,70,255,255,255
1440,28.8,115.09754492939491,65.22420326309032,-24.410000000000007,3.487320891239916,4.997476196150521,-0.4999999999999892,-0.23974283092087267,-0.11069449702477652,1.0824674490095276e-14,7.4796085094216975,70,255,255,255
1441,28.82,115.167197690674,65.32410935769774,-24.420000000000005,3.482638063954089,4.995304730371196,-0.49999999999998923,-0.23414136429137322,-0.10857328896626761,-4.052314039881821e-15,7.484844497177681,70,255,255,255
1442,28.84,115.2367590514093,65.4239728900507,-24.430000000000007,3.478068036764553,4.9931766176486185,-0.4999999999999896,-0.22850135947678485,-0.1064056361288861,-1.8096635301390052e-14,7.490080484933664,70,255,255,255
1443,28.86,115.30623127848348,65.5237947432863,-24.44000000000001,3.473611353709034,4.99109266177974,-0.4999999999999897,-0.2228341527759472,-0.10419779344389024,-2.7200464103316335e-15,7.495316472689646,70,255,255,255
1444,28.88,115.37561664538013,65.62357581423996,-24.45000000000001,3.4692683448323804,4.98905354768273,-0.49999999999998945,-0.2171504438326779,-0.10195570485055683,1.1657341758564144e-14,7.500552460445629,70,255,255,255
1445,28.900000000000002,115.44491742815009,65.72331701118863,-24.46000000000001,3.465039138498064,4.987059847433831,-0.4999999999999895,-0.21146031671582266,-0.0996850124449411,-3.219646771412954e-15,7.505788448201613,70,255,255,255
1446,28.92,115.51413590161576,65.82301925171107,-24.47000000000001,3.4609236732836792,4.985112026122554,-0.4999999999999893,-0.20577326071924595,-0.09739106556384325,1.1157741397482823e-14,7.511024435957596,70,255,255,255
1447,28.94,115.58327433580509,65.9226834606616,-24.480000000000008,3.456921709466373,4.983210447526741,-0.49999999999998906,-0.200098190865305,-0.09507892979065868,1.049160758270773e-14,7.516260423713579,70,255,255,255
1448,28.96,115.65233499260718,66.02231056825379,-24.490000000000006,3.4530328401044272,4.981355379609216,-0.4999999999999892,-0.19444346809729485,-0.0927533958762492,-4.385380947269368e-15,7.521496411469562,70,255,255,255
1449,28.98,115.72132012264161,66.12190150825055,-24.500000000000007,3.4492565017214996,4.97954699983795,-0.49999999999998956,-0.18881691914637555,-0.09041898856326913,-1.8263168755083825e-14,7.526732399225545,70,255,255,255
1450,29.0,115.79023196233362,66.22145721625718,-24.51000000000001,3.445591984600262,4.977785400331801,-0.4999999999999896,-0.1832258560618727,-0.08807997530742284,-2.886579864025407e-15,7.531968386981528,70,255,255,255
1451,29.02,115.85906806993638,66.32097490003558,-24.52000000000001,3.4418053801380606,4.975884188920336,-0.4999999999999894,-0.1893302231100713,-0.09506057057329009,1.149080830487037e-14,7.53720437473751,70,255,255,255
1452,29.04,115.92782627137923,66.4204519957207,-24.53000000000001,3.4379100721424924,4.973854784256131,-0.4999999999999892,-0.19476539977840623,-0.10147023321022086,1.0824674490095276e-14,7.542440362493493,70,255,255,255
1453,29.060000000000002,115.9965046476856,66.51988615822033,-24.540000000000006,3.433918815318354,4.971708124981816,-0.49999999999998923,-0.19956284120691992,-0.10733296371579826,-4.052314039881821e-15,7.547676350249477,70,255,255,255
1454,29.080000000000002,116.06510152273772,66.6192752518409,-24.550000000000004,3.429843752606278,4.969454681028833,-0.4999999999999893,-0.20375313560379738,-0.1126721976491094,-3.885780586188048e-15,7.55291233800546,70,255,255,255
1455,29.1,116.13361545138692,66.71861734114067,-24.560000000000006,3.4256964324598793,4.967104464988228,-0.4999999999999896,-0.20736600731994548,-0.11751080203023179,-1.7930101847696278e-14,7.558148325761443,70,255,255,255
1456,29.12,116.20204520790766,66.81791068201129,-24.570000000000007,3.421487826037451,4.964667043530923,-0.49999999999998995,-0.21043032112141935,-0.1218710728652681,-1.6930901125533637e-14,7.5633843135174255,70,255,255,255
1457,29.14,116.27038977479337,66.91715371298841,-24.58000000000001,3.417228344285831,4.962151548856252,-0.49999999999999,-0.2129740875809909,-0.1257747337335422,-1.7208456881689926e-15,7.568620301273409,70,255,255,255
1458,29.16,116.33864833189128,67.01634504679139,-24.59000000000001,3.412927854895575,4.959566690148737,-0.49999999999998973,-0.21502446951281406,-0.12924293537579068,1.2656542480726785e-14,7.573856289029392,70,255,255,255
1459,29.18,116.40682024587343,67.11548346209187,-24.600000000000012,3.408595699108024,4.956920765024278,-0.4999999999999895,-0.21660778937755376,-0.13229625622293462,1.1823875212257917e-14,7.579092276785374,70,255,255,255
1460,29.2,116.47490506004056,67.21456789551084,-24.61000000000001,3.404240708356276,4.954221670948093,-0.4999999999999893,-0.2177495375874079,-0.13495470380922736,1.1157741397482823e-14,7.584328264541357,70,255,255,255
1461,29.22,116.54290248445503,67.313597433843,-24.620000000000008,3.3998712207233854,4.951476916607807,-0.49999999999998906,-0.21847438164453692,-0.13723771701431708,1.049160758270773e-14,7.5895642522973406,70,255,255,255
1462,29.240000000000002,116.61081238639908,67.41257130650753,-24.630000000000006,3.3954950972024336,4.9486936332262115,-0.4999999999999892,-0.21880617604758257,-0.13916416907976892,-4.385380947269368e-15,7.594800240053324,70,255,255,255
1463,29.26,116.67863478115396,67.51148887822352,-24.640000000000008,3.3911197377443387,4.945878585799194,-0.49999999999998956,-0.21876797290474936,-0.1407523713508798,-1.8263168755083825e-14,7.600036227809307,70,255,255,255
1464,29.28,116.74636982309556,67.61034964190843,-24.65000000000001,3.386752097080461,4.943038184245363,-0.4999999999999896,-0.2183820331938886,-0.14202007769155323,-2.886579864025407e-15,7.605272215565289,70,255,255,255
1465,29.3,116.81401779710173,67.70915321179753,-24.66000000000001,3.38239870030821,4.940178494454814,-0.4999999999999894,-0.21766983861255218,-0.1429844895274277,1.149080830487037e-14,7.610508203321273,70,255,255,255
1466,29.32,116.8815791102663,67.80789931678204,-24.67000000000001,3.3780656582289232,4.937305249225415,-0.4999999999999892,-0.2166521039643401,-0.14366226146995942,1.0824674490095276e-14,7.615744191077256,70,255,255,255
1467,29.34,116.94905428391486,67.90658779396355,-24.680000000000007,3.37375868242835,4.934423859075863,-0.49999999999998923,-0.21534879002866392,-0.14406950747759595,-4.052314039881821e-15,7.620980178833238,70,255,255,255
1468,29.36,117.01644394591668,68.00521858242206,-24.690000000000005,3.3694831000910495,4.931539422925608,-0.4999999999999893,-0.21377911686501472,-0.14422180751270552,-3.885780586188048e-15,7.626216166589221,70,255,255,255
1469,29.38,117.0837488232875,68.10379171719471,-24.700000000000003,3.365243868540964,4.928656738632533,-0.49999999999998934,-0.21196157750426048,-0.14413421465375187,-3.7192471324942744e-15,7.6314521543452045,70,255,255,255
1470,29.400000000000002,117.15096973507752,68.2023073234623,-24.710000000000004,3.3610455895013422,4.925780313380077,-0.49999999999999,-0.20991395198109908,-0.14382126262279282,-3.197442310920451e-14,7.636688142101188,70,255,255,255
1471,29.42,117.21810758553889,68.30076561094043,-24.720000000000006,3.3568925230680176,4.922914373906205,-0.49999999999999034,-0.20765332166624217,-0.14329697369359273,-1.5765166949677223e-14,7.641924129857171,70,255,255,255
1472,29.44,117.2851633575667,68.39916686847178,-24.730000000000008,3.3527886013909054,4.92006287656736,-0.49999999999999034,-0.20519608385561128,-0.1425748669422502,-5.551115123125783e-16,7.647160117613153,70,255,255,255
1473,29.46,117.35213810640789,68.4975114588164,-24.74000000000001,3.3487374420593183,4.917229517231183,-0.49999999999999034,-0.20255796657935887,-0.14166796680883742,-5.551115123125783e-16,7.652396105369137,70,255,255,255
1474,29.48,117.41903295363164,68.59579981363625,-24.75000000000001,3.3447423611874534,4.914417740992452,-0.49999999999999034,-0.1997540435932441,-0.14058881193658035,-5.551115123125783e-16,7.65763209312512,70,255,255,255
1475,29.5,117.48584908135558,68.6940324286704,-24.760000000000012,3.340806386197123,4.911630751707302,-0.49999999999999006,-0.1967987495165353,-0.13934946425748151,1.3655743202889425e-14,7.662868080881102,70,255,255,255
1476,29.52,117.55258772672148,68.79220985909723,-24.770000000000014,3.3369322682954192,4.908871521341374,-0.4999999999999895,-0.19370589508518554,-0.1379615182964109,2.7033930649622562e-14,7.668104068637085,70,255,255,255
1477,29.54,117.6192501766144,68.8903327150798,-24.780000000000012,3.333122494645668,4.9061427991281,-0.499999999999989,-0.1904886824875689,-0.1364361106637233,2.5368596112684827e-14,7.673340056393068,70,255,255,255
1478,29.560000000000002,117.68583776261902,68.98840165749047,-24.79000000000001,3.329379300230592,4.903447120533863,-0.49999999999998884,-0.18715972075381115,-0.1347839297118334,9.658940314238862e-15,7.678576044149051,70,255,255,255
1479,29.580000000000002,117.75235185620716,69.08641739381102,-24.800000000000008,3.3257046794071745,4.900786816027271,-0.4999999999999887,-0.18373104117087502,-0.1330152253296113,9.159339953157541e-15,7.683812031905035,70,255,255,255
1480,29.6,117.81879386415022,69.18438067420402,-24.810000000000006,3.3221003971532332,4.898164019650275,-0.4999999999999888,-0.18021411269706666,-0.13113981884980408,-5.551115123125783e-15,7.689048019661017,70,255,255,255
1481,29.62,117.88516522415034,69.2822922877518,-24.820000000000004,3.318568000006205,4.895580677389304,-0.4999999999999892,-0.17661985735139707,-0.12916711304855166,-1.942890293094024e-14,7.694284007417,70,255,255,255
1482,29.64,117.95146740068424,69.3801530588587,-24.830000000000005,3.315108826695112,4.893038555345012,-0.49999999999998956,-0.1729586655546731,-0.12710610221453678,-1.8263168755083825e-14,7.699519995172984,70,255,255,255
1483,29.66,118.01770188105358,69.47796384381269,-24.840000000000007,3.3117240184670957,4.890539247699673,-0.4999999999999896,-0.16924041140080393,-0.12496538226696252,-2.886579864025407e-15,7.704755982928966,70,255,255,255
1484,29.68,118.0838701716358,69.57572552750231,-24.85000000000001,3.308414529110335,4.8880841844815786,-0.4999999999999897,-0.16547446783802355,-0.12275316090469346,-2.7200464103316335e-15,7.709991970684949,70,255,255,255
1485,29.7,118.1499737943293,69.67343902028485,-24.86000000000001,3.3051811346755255,4.885674639126245,-0.49999999999998973,-0.16166972174047523,-0.12047726776669254,-2.55351295663786e-15,7.715227958440932,70,255,255,255
1486,29.72,118.21601428318726,69.77110525500153,-24.87000000000001,3.3020244428984467,4.883311735834474,-0.4999999999999895,-0.1578345888539472,-0.11814516458854296,1.1823875212257917e-14,7.720463946196915,70,255,255,255
1487,29.740000000000002,118.28199318123379,69.86872518413608,-24.88000000000001,3.2989449023264785,4.88099645672772,-0.4999999999999893,-0.1539770285984008,-0.11576395533768835,1.1157741397482823e-14,7.725699933952899,70,255,255,255
1488,29.76,118.34791203745684,69.96629977711211,-24.890000000000008,3.29594281115223,4.878729648801453,-0.49999999999998934,-0.15010455871241923,-0.11334039631335635,-3.7192471324942744e-15,7.730935921708881,70,255,255,255
1489,29.78,118.41377240397199,70.06383001772566,-24.90000000000001,3.293018325757715,4.8765120306775245,-0.4999999999999894,-0.14622426972575875,-0.11088090619645907,-3.552713678800501e-15,7.736171909464864,70,255,255,255
1490,29.8,118.47957583335145,70.1613169017088,-24.910000000000007,3.290171468972781,4.874344199156791,-0.4999999999999892,-0.14234283924671143,-0.10839157603665761,1.0824674490095276e-14,7.7414078972208475,70,255,255,255
1491,29.82,118.54532387611248,70.25876143442026,-24.920000000000005,3.2874021380517084,4.8722266355734964,-0.49999999999998923,-0.1384665460536243,-0.10587817916472808,-4.052314039881821e-15,7.74664388497683,70,255,255,255
1492,29.84,118.61101807835992,70.35616462865933,-24.930000000000007,3.28471011237214,4.870159711953127,-0.4999999999999896,-0.13460128397840965,-0.10334618101847859,-1.8096635301390052e-14,7.751879872732813,70,255,255,255
1493,29.86,118.67665997957714,70.45352750259885,-24.94000000000001,3.282095060860674,4.868143696975698,-0.4999999999999897,-0.1307525755733039,-0.10080074887140267,-2.7200464103316335e-15,7.7571158604887955,70,255,255,255
1494,29.88,118.74225111056013,70.55085107783378,-24.95000000000001,3.2795565491496403,4.866178761746601,-0.49999999999998945,-0.12692558555166755,-0.09824676145490763,1.1657341758564144e-14,7.762351848244779,70,255,255,255
1495,29.900000000000002,118.80779299148953,70.64813637754133,-24.96000000000001,3.277094046469753,4.864264985377298,-0.4999999999999895,-0.12312513399437641,-0.09568881846509036,-3.219646771412954e-15,7.767587836000763,70,255,255,255
1496,29.92,118.87328713013521,70.7453844247489,-24.97000000000001,3.274706932283429,4.862402360378396,-0.4999999999999893,-0.11935570931620676,-0.09313124994510957,1.1157741397482823e-14,7.772823823756745,70,255,255,255
1497,29.94,118.93873502018849,70.84259624070626,-24.980000000000008,3.272394502663752,4.860590797867666,-0.49999999999998906,-0.11562148098382297,-0.09057812553646638,1.049160758270773e-14,7.778059811512728,70,255,255,255
1498,29.96,119.00413813971697,70.93977284335817,-24.990000000000006,3.2701559764241175,4.858830132595837,-0.4999999999999892,-0.1119263119817333,-0.08803326359146268,-4.385380947269368e-15,7.7832957992687115,70,255,255,255
1499,29.98,119.06949794973704,71.03691524591403,-25.000000000000007,3.2679905010037045,4.85712012779301,-0.49999999999998956,-0.10827377102064739,-0.08550024014134827,-1.8263168755083825e-14,7.788531787024694,70,255,255,255
1500,30.0,119.13481589289933,71.13402445551081,-25.01000000000001,3.2658971581140332,4.855460479838729,-0.4999999999999896,-0.10466714448357184,-0.08298239771409044,-2.886579864025407e-15,7.793767774780677,70,255,255,255
